candidate_id,side,family,feature_set,params_json,status,validation_rows,validation_mae,validation_poisson,baseline_mae,baseline_poisson,mae_ratio,poisson_ratio,elapsed_seconds,error
8af4f8bde1cba4c5d703,home,hist_gradient_boosting,all,"{""l2_regularization"":0.0,""learning_rate"":0.025,""loss"":""poisson"",""max_iter"":300,""max_leaf_nodes"":15,""min_samples_leaf"":10}",ok,757,2.5907246793785648,2.5187144761587166,2.5402906208718625,2.412931191958497,1.0198536569368557,1.043840157793459,2.6616405001841486,
680ba648673a866759ac,home,hist_gradient_boosting,all,"{""l2_regularization"":5.0,""learning_rate"":0.025,""loss"":""poisson"",""max_iter"":300,""max_leaf_nodes"":15,""min_samples_leaf"":10}",ok,757,2.5645844471416606,2.4892863905822193,2.5402906208718625,2.412931191958497,1.0095634043090156,1.0316441674251586,2.524031799752265,
9f3aa3592ad79f1c6693,home,hist_gradient_boosting,all,"{""l2_regularization"":0.0,""learning_rate"":0.025,""loss"":""poisson"",""max_iter"":300,""max_leaf_nodes"":15,""min_samples_leaf"":30}",ok,757,2.567879105401327,2.5292105584780176,2.5402906208718625,2.412931191958497,1.010860365464797,1.0481900880170314,2.3694033003412187,
e798d8cf4b545345ee62,home,hist_gradient_boosting,all,"{""l2_regularization"":5.0,""learning_rate"":0.025,""loss"":""poisson"",""max_iter"":300,""max_leaf_nodes"":15,""min_samples_leaf"":30}",ok,757,2.5699465239927792,2.5262537875211213,2.5402906208718625,2.412931191958497,1.0116742166731847,1.0469647024914308,6.967765999957919,
6dd6fbca80fdb085bae1,home,hist_gradient_boosting,all,"{""l2_regularization"":0.0,""learning_rate"":0.025,""loss"":""poisson"",""max_iter"":300,""max_leaf_nodes"":31,""min_samples_leaf"":10}",ok,757,2.553790034495629,2.622632333272827,2.5402906208718625,2.412931191958497,1.0053141217437291,1.086907219738878,21.986691100057214,
f4adf687ea17cdf096dd,home,hist_gradient_boosting,all,"{""l2_regularization"":5.0,""learning_rate"":0.025,""loss"":""poisson"",""max_iter"":300,""max_leaf_nodes"":31,""min_samples_leaf"":10}",ok,757,2.5716515208058,2.596613769696714,2.5402906208718625,2.412931191958497,1.0123453984659339,1.0761242501859856,23.23062220029533,
6c299eb330bae7987ea7,home,hist_gradient_boosting,all,"{""l2_regularization"":0.0,""learning_rate"":0.025,""loss"":""poisson"",""max_iter"":300,""max_leaf_nodes"":31,""min_samples_leaf"":30}",ok,757,2.5652054742615613,2.6066586095089965,2.5402906208718625,2.412931191958497,1.0098078752033293,1.0802871703081003,7.344427399802953,
bf2aec672d04baa8a70b,home,hist_gradient_boosting,all,"{""l2_regularization"":5.0,""learning_rate"":0.025,""loss"":""poisson"",""max_iter"":300,""max_leaf_nodes"":31,""min_samples_leaf"":30}",ok,757,2.5571275058167355,2.594097879468797,2.5402906208718625,2.412931191958497,1.0066279365071602,1.0750815804918386,3.4346635001711547,
f70b598e03ce8b1bf03d,home,hist_gradient_boosting,all,"{""l2_regularization"":0.0,""learning_rate"":0.05,""loss"":""poisson"",""max_iter"":300,""max_leaf_nodes"":15,""min_samples_leaf"":10}",ok,757,2.5813790162958132,2.6297638708672166,2.5402906208718625,2.412931191958497,1.0161746829620024,1.0898627692457006,2.4048431999981403,
5184c412e9703a2c6cd8,home,hist_gradient_boosting,all,"{""l2_regularization"":5.0,""learning_rate"":0.05,""loss"":""poisson"",""max_iter"":300,""max_leaf_nodes"":15,""min_samples_leaf"":10}",ok,757,2.599141528366599,2.6066471922798637,2.5402906208718625,2.412931191958497,1.0231669979061442,1.0802824386235954,6.373451099731028,
da8aa73f54f6669e3b13,home,hist_gradient_boosting,all,"{""l2_regularization"":0.0,""learning_rate"":0.05,""loss"":""poisson"",""max_iter"":300,""max_leaf_nodes"":15,""min_samples_leaf"":30}",ok,757,2.594172181028057,2.6473894831232903,2.5402906208718625,2.412931191958497,1.0212107857713153,1.0971674169351224,10.694019800052047,
22ce8edf854aa9f9a4d9,home,hist_gradient_boosting,all,"{""l2_regularization"":5.0,""learning_rate"":0.05,""loss"":""poisson"",""max_iter"":300,""max_leaf_nodes"":15,""min_samples_leaf"":30}",ok,757,2.5985021067965457,2.6306492755602333,2.5402906208718625,2.412931191958497,1.0229152859308295,1.0902297107879904,6.875294199679047,
6c089d8bab5a479a48a3,home,hist_gradient_boosting,all,"{""l2_regularization"":0.0,""learning_rate"":0.05,""loss"":""poisson"",""max_iter"":300,""max_leaf_nodes"":31,""min_samples_leaf"":10}",ok,757,2.6133971364207342,2.862354210462265,2.5402906208718625,2.412931191958497,1.0287787999326552,1.186256044101691,4.438621900044382,
9ced7ff7fa5c2ed9b271,home,hist_gradient_boosting,all,"{""l2_regularization"":5.0,""learning_rate"":0.05,""loss"":""poisson"",""max_iter"":300,""max_leaf_nodes"":31,""min_samples_leaf"":10}",ok,757,2.605430587661381,2.8053018736695736,2.5402906208718625,2.412931191958497,1.0256427222359155,1.1626116331119256,14.865255000069737,
f938cbb07074df5cf04a,home,hist_gradient_boosting,all,"{""l2_regularization"":0.0,""learning_rate"":0.05,""loss"":""poisson"",""max_iter"":300,""max_leaf_nodes"":31,""min_samples_leaf"":30}",ok,757,2.5734130366386956,2.7381634559620354,2.5402906208718625,2.412931191958497,1.013038829295628,1.134787210297347,7.3740342003293335,
60b56888c22fbda00278,home,hist_gradient_boosting,all,"{""l2_regularization"":5.0,""learning_rate"":0.05,""loss"":""poisson"",""max_iter"":300,""max_leaf_nodes"":31,""min_samples_leaf"":30}",ok,757,2.5628704767883237,2.714569308230266,2.5402906208718625,2.412931191958497,1.008888690030557,1.1250090003714277,7.71010380005464,
2e3617182b919b94cf82,home,hist_gradient_boosting,all,"{""l2_regularization"":0.0,""learning_rate"":0.1,""loss"":""poisson"",""max_iter"":300,""max_leaf_nodes"":15,""min_samples_leaf"":10}",ok,757,2.6265107685985294,2.831726963810422,2.5402906208718625,2.412931191958497,1.0339410565933889,1.1735630809728983,5.862229399848729,
227a12896e38eaab60ea,home,hist_gradient_boosting,all,"{""l2_regularization"":5.0,""learning_rate"":0.1,""loss"":""poisson"",""max_iter"":300,""max_leaf_nodes"":15,""min_samples_leaf"":10}",ok,757,2.56594990392173,2.72516944113793,2.5402906208718625,2.412931191958497,1.0101009242167185,1.129402052665248,2.514310899656266,
e8c7d7e181c0bd19222f,home,hist_gradient_boosting,all,"{""l2_regularization"":0.0,""learning_rate"":0.1,""loss"":""poisson"",""max_iter"":300,""max_leaf_nodes"":15,""min_samples_leaf"":30}",ok,757,2.6261129655060818,2.8123910596186246,2.5402906208718625,2.412931191958497,1.0337844591201788,1.1655496306696997,3.373121399898082,
5dafbefa80e1f65fb19d,home,hist_gradient_boosting,all,"{""l2_regularization"":5.0,""learning_rate"":0.1,""loss"":""poisson"",""max_iter"":300,""max_leaf_nodes"":15,""min_samples_leaf"":30}",ok,757,2.6054865653585346,2.776011393624099,2.5402906208718625,2.412931191958497,1.0256647581780607,1.150472671112889,5.293827200308442,
e667b8916522c4331cc2,home,hist_gradient_boosting,all,"{""l2_regularization"":0.0,""learning_rate"":0.1,""loss"":""poisson"",""max_iter"":300,""max_leaf_nodes"":31,""min_samples_leaf"":10}",ok,757,2.6565172789727556,3.130620032523936,2.5402906208718625,2.412931191958497,1.0457532918265087,1.2974344411300491,4.38655410008505,
48cfed680243ea300560,home,hist_gradient_boosting,all,"{""l2_regularization"":5.0,""learning_rate"":0.1,""loss"":""poisson"",""max_iter"":300,""max_leaf_nodes"":31,""min_samples_leaf"":10}",ok,757,2.6403638769222475,2.993199122853174,2.5402906208718625,2.412931191958497,1.039394412288165,1.2404825851762862,8.297494200058281,
c705b15b85aed6dd6f92,home,hist_gradient_boosting,all,"{""l2_regularization"":0.0,""learning_rate"":0.1,""loss"":""poisson"",""max_iter"":300,""max_leaf_nodes"":31,""min_samples_leaf"":30}",ok,757,2.6162399120645814,2.9163158644708065,2.5402906208718625,2.412931191958497,1.0298978749000978,1.2086195719919095,18.822276800405234,
d9b4faea708fc6d37857,home,hist_gradient_boosting,all,"{""l2_regularization"":5.0,""learning_rate"":0.1,""loss"":""poisson"",""max_iter"":300,""max_leaf_nodes"":31,""min_samples_leaf"":30}",ok,757,2.6040565209638893,2.879634567537111,2.5402906208718625,2.412931191958497,1.025101812984745,1.19341760640916,6.180401499848813,
4890b522a047a789d39f,home,hist_gradient_boosting,all,"{""l2_regularization"":0.0,""learning_rate"":0.025,""loss"":""squared_error"",""max_iter"":300,""max_leaf_nodes"":15,""min_samples_leaf"":10}",ok,757,2.669779891795219,2.5285004034383065,2.5402906208718625,2.412931191958497,1.050974195574093,1.0478957758368592,2.758314299862832,
7da56152ab6c0d9ad51e,home,hist_gradient_boosting,all,"{""l2_regularization"":5.0,""learning_rate"":0.025,""loss"":""squared_error"",""max_iter"":300,""max_leaf_nodes"":15,""min_samples_leaf"":10}",ok,757,2.610898763470147,2.487803302293524,2.5402906208718625,2.412931191958497,1.0277953010644312,1.0310295256593105,4.793289199937135,
383305a8939692068818,home,hist_gradient_boosting,all,"{""l2_regularization"":0.0,""learning_rate"":0.025,""loss"":""squared_error"",""max_iter"":300,""max_leaf_nodes"":15,""min_samples_leaf"":30}",ok,757,2.6015391893439705,2.4997806321168183,2.5402906208718625,2.412931191958497,1.0241108509273977,1.0359933347655175,10.946904700249434,
e470c9f8eaf549dc5465,home,hist_gradient_boosting,all,"{""l2_regularization"":5.0,""learning_rate"":0.025,""loss"":""squared_error"",""max_iter"":300,""max_leaf_nodes"":15,""min_samples_leaf"":30}",ok,757,2.6032072892129205,2.4922354487039367,2.5402906208718625,2.412931191958497,1.0247675080260952,1.032866356491944,3.156877000350505,
012bcad4c01561ed3ab0,home,hist_gradient_boosting,all,"{""l2_regularization"":0.0,""learning_rate"":0.025,""loss"":""squared_error"",""max_iter"":300,""max_leaf_nodes"":31,""min_samples_leaf"":10}",ok,757,2.6842924713745653,2.563877857528064,2.5402906208718625,2.412931191958497,1.0566871559181206,1.0625573850065109,22.081809000112116,
509f61d2ec2a3cac488d,home,hist_gradient_boosting,all,"{""l2_regularization"":5.0,""learning_rate"":0.025,""loss"":""squared_error"",""max_iter"":300,""max_leaf_nodes"":31,""min_samples_leaf"":10}",ok,757,2.649805238088915,2.565024935609698,2.5402906208718625,2.412931191958497,1.0431110583636551,1.0630327728192495,21.290289199911058,
4c616b77fc9d4f3d2f85,home,hist_gradient_boosting,all,"{""l2_regularization"":0.0,""learning_rate"":0.025,""loss"":""squared_error"",""max_iter"":300,""max_leaf_nodes"":31,""min_samples_leaf"":30}",ok,757,2.6309044525965635,2.567476464448143,2.5402906208718625,2.412931191958497,1.035670655546333,1.0640487689846667,4.140807600226253,
dc1a3c4ddd9960c649af,home,hist_gradient_boosting,all,"{""l2_regularization"":5.0,""learning_rate"":0.025,""loss"":""squared_error"",""max_iter"":300,""max_leaf_nodes"":31,""min_samples_leaf"":30}",ok,757,2.6092036825222236,2.526499418594249,2.5402906208718625,2.412931191958497,1.0271280227089565,1.047066500285726,3.3888128004036844,
9a24beea7bb3dfb41b33,home,hist_gradient_boosting,all,"{""l2_regularization"":0.0,""learning_rate"":0.05,""loss"":""squared_error"",""max_iter"":300,""max_leaf_nodes"":15,""min_samples_leaf"":10}",ok,757,2.6788867098413784,2.5569256403741734,2.5402906208718625,2.412931191958497,1.0545591468278335,1.0596761519332014,2.395620900206268,
d5c25a3ac7c1b82f38b0,home,hist_gradient_boosting,all,"{""l2_regularization"":5.0,""learning_rate"":0.05,""loss"":""squared_error"",""max_iter"":300,""max_leaf_nodes"":15,""min_samples_leaf"":10}",ok,757,2.671082686185846,2.5640720964608104,2.5402906208718625,2.412931191958497,1.0514870480721195,1.0626378841659538,2.6002866998314857,
50e056fb2a4d6d66af92,home,hist_gradient_boosting,all,"{""l2_regularization"":0.0,""learning_rate"":0.05,""loss"":""squared_error"",""max_iter"":300,""max_leaf_nodes"":15,""min_samples_leaf"":30}",ok,757,2.6454987021780028,2.5631916671217096,2.5402906208718625,2.412931191958497,1.0414157657559793,1.0622730045779927,2.362037300132215,
554a010df6b08a9e86a9,home,hist_gradient_boosting,all,"{""l2_regularization"":5.0,""learning_rate"":0.05,""loss"":""squared_error"",""max_iter"":300,""max_leaf_nodes"":15,""min_samples_leaf"":30}",ok,757,2.6335031786632936,2.556189967431034,2.5402906208718625,2.412931191958497,1.0366936589953788,1.0593712642739135,2.3717845999635756,
650fec790a8b39de545d,home,hist_gradient_boosting,all,"{""l2_regularization"":0.0,""learning_rate"":0.05,""loss"":""squared_error"",""max_iter"":300,""max_leaf_nodes"":31,""min_samples_leaf"":10}",ok,757,2.721282520968741,2.6507418146222927,2.5402906208718625,2.412931191958497,1.071248501494195,1.0985567360794788,10.452478799968958,
ddc981e4db6ca260f783,home,hist_gradient_boosting,all,"{""l2_regularization"":5.0,""learning_rate"":0.05,""loss"":""squared_error"",""max_iter"":300,""max_leaf_nodes"":31,""min_samples_leaf"":10}",ok,757,2.668529383654778,2.5874454795594044,2.5402906208718625,2.412931191958497,1.0504819258589013,1.0723246017882755,8.81162240030244,
e141012c8a881dedd490,home,hist_gradient_boosting,all,"{""l2_regularization"":0.0,""learning_rate"":0.05,""loss"":""squared_error"",""max_iter"":300,""max_leaf_nodes"":31,""min_samples_leaf"":30}",ok,757,2.650722543737442,2.6097362209736903,2.5402906208718625,2.412931191958497,1.043472161003247,1.081562636212371,14.323611800093204,
c88ece5ca35bfec03a69,home,hist_gradient_boosting,all,"{""l2_regularization"":5.0,""learning_rate"":0.05,""loss"":""squared_error"",""max_iter"":300,""max_leaf_nodes"":31,""min_samples_leaf"":30}",ok,757,2.656878835599867,2.623883364124868,2.5402906208718625,2.412931191958497,1.0458956206703585,1.0874256890828071,18.481832100078464,
16215ffb6f4148126848,home,hist_gradient_boosting,all,"{""l2_regularization"":0.0,""learning_rate"":0.1,""loss"":""squared_error"",""max_iter"":300,""max_leaf_nodes"":15,""min_samples_leaf"":10}",ok,757,2.7655092275549427,2.69458433800287,2.5402906208718625,2.412931191958497,1.0886585986786748,1.1167265552300165,4.354522300418466,
8faf73baf8a8cb97d843,home,hist_gradient_boosting,all,"{""l2_regularization"":5.0,""learning_rate"":0.1,""loss"":""squared_error"",""max_iter"":300,""max_leaf_nodes"":15,""min_samples_leaf"":10}",ok,757,2.684852724489945,2.640511164415864,2.5402906208718625,2.412931191958497,1.0569077027763332,1.0943168098683527,2.764215999748558,
3d10c60db27004e1275c,home,hist_gradient_boosting,all,"{""l2_regularization"":0.0,""learning_rate"":0.1,""loss"":""squared_error"",""max_iter"":300,""max_leaf_nodes"":15,""min_samples_leaf"":30}",ok,757,2.7344030232961503,2.7515623335327297,2.5402906208718625,2.412931191958497,1.0764134626288018,1.1403401566952172,7.6131119998171926,
b982779cd61d87fb6ab4,home,hist_gradient_boosting,all,"{""l2_regularization"":5.0,""learning_rate"":0.1,""loss"":""squared_error"",""max_iter"":300,""max_leaf_nodes"":15,""min_samples_leaf"":30}",ok,757,2.6664728645422806,2.6388164895975206,2.5402906208718625,2.412931191958497,1.049672365293035,1.093614479514304,10.709067599847913,
563d675aa41c21e642c9,home,hist_gradient_boosting,all,"{""l2_regularization"":0.0,""learning_rate"":0.1,""loss"":""squared_error"",""max_iter"":300,""max_leaf_nodes"":31,""min_samples_leaf"":10}",ok,757,2.7065004497215117,2.6243292778758884,2.5402906208718625,2.412931191958497,1.0654294542065441,1.087610490768204,10.663923900108784,
0c7e08e7471a17385a82,home,hist_gradient_boosting,all,"{""l2_regularization"":5.0,""learning_rate"":0.1,""loss"":""squared_error"",""max_iter"":300,""max_leaf_nodes"":31,""min_samples_leaf"":10}",ok,757,2.6610987110669844,2.588825235719402,2.5402906208718625,2.412931191958497,1.0475567988963637,1.0728964192377726,4.334349100012332,
cca06a328d4733e50cba,home,hist_gradient_boosting,all,"{""l2_regularization"":0.0,""learning_rate"":0.1,""loss"":""squared_error"",""max_iter"":300,""max_leaf_nodes"":31,""min_samples_leaf"":30}",ok,757,2.6990359181819166,2.724806234678525,2.5402906208718625,2.412931191958497,1.0624909984730686,1.1292515276686732,3.637933500111103,
81bee41a361651149ae0,home,hist_gradient_boosting,all,"{""l2_regularization"":5.0,""learning_rate"":0.1,""loss"":""squared_error"",""max_iter"":300,""max_leaf_nodes"":31,""min_samples_leaf"":30}",ok,757,2.676695074331724,2.655853616517568,2.5402906208718625,2.412931191958497,1.0536963969158164,1.1006752390489423,14.73223019996658,
7c7fadd0530ea9bd01a2,home,random_forest,all,"{""criterion"":""poisson"",""max_depth"":null,""max_features"":0.6,""max_samples"":null,""min_samples_leaf"":2,""n_estimators"":400}",ok,757,2.5961416461429576,2.454817325579515,2.5402906208718625,2.412931191958497,1.0219860770307951,1.0173590253052431,8.302464799955487,
a75e3b16e2e074f4f537,home,random_forest,all,"{""criterion"":""poisson"",""max_depth"":null,""max_features"":1.0,""max_samples"":null,""min_samples_leaf"":2,""n_estimators"":400}",ok,757,2.599961826680156,2.465015113957179,2.5402906208718625,2.412931191958497,1.0234899130508985,1.0215853324671091,24.34577829996124,
da15ab660683a07e5adc,home,random_forest,all,"{""criterion"":""poisson"",""max_depth"":null,""max_features"":0.6,""max_samples"":null,""min_samples_leaf"":8,""n_estimators"":400}",ok,757,2.5447671503788136,2.3976681342660737,2.5402906208718625,2.412931191958497,1.0017622115635787,0.9936744745381509,9.638374600093812,
cf9ba434246f5bf6f9c8,home,random_forest,all,"{""criterion"":""poisson"",""max_depth"":null,""max_features"":1.0,""max_samples"":null,""min_samples_leaf"":8,""n_estimators"":400}",ok,757,2.5537271808947124,2.4045169390411187,2.5402906208718625,2.412931191958497,1.0052893790625572,0.9965128500367436,16.2186536998488,
cad22b569f2a75ebb706,home,random_forest,all,"{""criterion"":""poisson"",""max_depth"":14,""max_features"":0.6,""max_samples"":null,""min_samples_leaf"":2,""n_estimators"":400}",ok,757,2.5902459145323977,2.4413963199078186,2.5402906208718625,2.412931191958497,1.0196651884040693,1.0117969082766165,15.41121149994433,
b414ac19f4e78fc31d3e,home,random_forest,all,"{""criterion"":""poisson"",""max_depth"":14,""max_features"":1.0,""max_samples"":null,""min_samples_leaf"":2,""n_estimators"":400}",ok,757,2.5953692159844666,2.4559332436570585,2.5402906208718625,2.412931191958497,1.021682005460344,1.0178214993622168,15.289121500216424,
ad95b11cb2936d57a320,home,random_forest,all,"{""criterion"":""poisson"",""max_depth"":14,""max_features"":0.6,""max_samples"":null,""min_samples_leaf"":8,""n_estimators"":400}",ok,757,2.546889905585654,2.404749404820081,2.5402906208718625,2.412931191958497,1.002597846348591,0.9966091916894757,6.616672300267965,
f9d4457eee46b8fad73f,home,random_forest,all,"{""criterion"":""poisson"",""max_depth"":14,""max_features"":1.0,""max_samples"":null,""min_samples_leaf"":8,""n_estimators"":400}",ok,757,2.5532393893269725,2.403841402172419,2.5402906208718625,2.412931191958497,1.0050973571089539,0.9962328847932459,8.94609950017184,
517a3f451fd4916ff2fe,home,random_forest,all,"{""criterion"":""squared_error"",""max_depth"":null,""max_features"":0.6,""max_samples"":null,""min_samples_leaf"":2,""n_estimators"":400}",ok,757,2.71909432666079,2.574869909891753,2.5402906208718625,2.412931191958497,1.0703871062310026,1.067112861930313,6.253779400140047,
c2fcc304efbe53cbbeae,home,random_forest,all,"{""criterion"":""squared_error"",""max_depth"":null,""max_features"":1.0,""max_samples"":null,""min_samples_leaf"":2,""n_estimators"":400}",ok,757,2.736942245318897,2.5889141033602967,2.5402906208718625,2.412931191958497,1.0774130419690096,1.0729332489829353,9.960951100103557,
434306d19a406d8dff76,home,random_forest,all,"{""criterion"":""squared_error"",""max_depth"":null,""max_features"":0.6,""max_samples"":null,""min_samples_leaf"":8,""n_estimators"":400}",ok,757,2.5616868456520834,2.4009704955247386,2.5402906208718625,2.412931191958497,1.0084227468323594,0.99504308433095,6.766324100084603,
48193851f0b5b487b8c0,home,random_forest,all,"{""criterion"":""squared_error"",""max_depth"":null,""max_features"":1.0,""max_samples"":null,""min_samples_leaf"":8,""n_estimators"":400}",ok,757,2.5763544526213744,2.4197218128750317,2.5402906208718625,2.412931191958497,1.0141967345992617,1.0028142621468716,7.9929649997502565,
ef017f0190e4d4c9939f,home,random_forest,all,"{""criterion"":""squared_error"",""max_depth"":14,""max_features"":0.6,""max_samples"":null,""min_samples_leaf"":2,""n_estimators"":400}",ok,757,2.7122695918493536,2.5597157909183865,2.5402906208718625,2.412931191958497,1.0677005101559858,1.0608324843447978,5.971984900068492,
c4486028c309affadb21,home,random_forest,all,"{""criterion"":""squared_error"",""max_depth"":14,""max_features"":1.0,""max_samples"":null,""min_samples_leaf"":2,""n_estimators"":400}",ok,757,2.732860920367356,2.584901462786964,2.5402906208718625,2.412931191958497,1.0758064049496041,1.0712702755062338,9.488790300209075,
032ef7f1fbb1bbbc6528,home,random_forest,all,"{""criterion"":""squared_error"",""max_depth"":14,""max_features"":0.6,""max_samples"":null,""min_samples_leaf"":8,""n_estimators"":400}",ok,757,2.565926358243184,2.408280629189577,2.5402906208718625,2.412931191958497,1.01009165532506,0.9980726500679261,4.830171199981123,
393762cbd86d7d4dee45,home,random_forest,all,"{""criterion"":""squared_error"",""max_depth"":14,""max_features"":1.0,""max_samples"":null,""min_samples_leaf"":8,""n_estimators"":400}",ok,757,2.5754086581842133,2.4184353786044386,2.5402906208718625,2.412931191958497,1.0138244171843211,1.0022811204332247,7.427993999794126,
49dbf0c97e895713b0de,home,extra_trees,all,"{""criterion"":""poisson"",""max_depth"":null,""max_features"":0.6,""max_samples"":null,""min_samples_leaf"":2,""n_estimators"":400}",ok,757,2.553997310813361,2.4023065647562887,2.5402906208718625,2.412931191958497,1.0053957172572618,0.9955967964450803,3.347873799968511,
7e35e7a6c0c4ad27063e,home,extra_trees,all,"{""criterion"":""poisson"",""max_depth"":null,""max_features"":1.0,""max_samples"":null,""min_samples_leaf"":2,""n_estimators"":400}",ok,757,2.552775074175421,2.41585094405969,2.5402906208718625,2.412931191958497,1.004914576781484,1.0012100436642881,4.673049700446427,
9c74638659ae5b08b724,home,extra_trees,all,"{""criterion"":""poisson"",""max_depth"":null,""max_features"":0.6,""max_samples"":null,""min_samples_leaf"":8,""n_estimators"":400}",ok,757,2.549253061353863,2.4051672749876216,2.5402906208718625,2.412931191958497,1.0035281161959826,0.9967823711688298,2.251052400097251,
a2ef50b1b3c132838e32,home,extra_trees,all,"{""criterion"":""poisson"",""max_depth"":null,""max_features"":1.0,""max_samples"":null,""min_samples_leaf"":8,""n_estimators"":400}",ok,757,2.5480647351123102,2.408918510753477,2.5402906208718625,2.412931191958497,1.0030603247425995,0.9983370096841581,2.928909400012344,
1e682d3318c0fb588fdf,home,extra_trees,all,"{""criterion"":""poisson"",""max_depth"":14,""max_features"":0.6,""max_samples"":null,""min_samples_leaf"":2,""n_estimators"":400}",ok,757,2.5545862175190175,2.4124105307805404,2.5402906208718625,2.412931191958497,1.0056275437659368,0.999784220461946,2.7727109999395907,
0a9609f3228bd0056688,home,extra_trees,all,"{""criterion"":""poisson"",""max_depth"":14,""max_features"":1.0,""max_samples"":null,""min_samples_leaf"":2,""n_estimators"":400}",ok,757,2.5552937103311297,2.4171183135177166,2.5402906208718625,2.412931191958497,1.005906052376841,1.0017352842771372,3.7757092001847923,
9e16f216a804d28207b6,home,extra_trees,all,"{""criterion"":""poisson"",""max_depth"":14,""max_features"":0.6,""max_samples"":null,""min_samples_leaf"":8,""n_estimators"":400}",ok,757,2.548183217803131,2.4005176672347015,2.5402906208718625,2.412931191958497,1.0031069661346699,0.9948554170275697,2.2567100999876857,
aad6224d114d0d5384c0,home,extra_trees,all,"{""criterion"":""poisson"",""max_depth"":14,""max_features"":1.0,""max_samples"":null,""min_samples_leaf"":8,""n_estimators"":400}",ok,757,2.548310244035633,2.4041917633495857,2.5402906208718625,2.412931191958497,1.0031569707410162,0.9963780862719845,2.8371620001271367,
6330cbe617099faee8c0,home,extra_trees,all,"{""criterion"":""squared_error"",""max_depth"":null,""max_features"":0.6,""max_samples"":null,""min_samples_leaf"":2,""n_estimators"":400}",ok,757,2.582585739447694,2.43815608178578,2.5402906208718625,2.412931191958497,1.016649716464849,1.0104540444051406,3.2248585000634193,
7bfdf4bee865ecd4b8c1,home,extra_trees,all,"{""criterion"":""squared_error"",""max_depth"":null,""max_features"":1.0,""max_samples"":null,""min_samples_leaf"":2,""n_estimators"":400}",ok,757,2.6060061646851604,2.4523358984055283,2.5402906208718625,2.412931191958497,1.0258693014387241,1.0163306382620252,4.374249699991196,
a0f53d16f34c9bd8763c,home,extra_trees,all,"{""criterion"":""squared_error"",""max_depth"":null,""max_features"":0.6,""max_samples"":null,""min_samples_leaf"":8,""n_estimators"":400}",ok,757,2.554021182028623,2.4047609153280893,2.5402906208718625,2.412931191958497,1.0054051142983191,0.9966139620318902,2.154894500039518,
4c8b028bdf7004a7e442,home,extra_trees,all,"{""criterion"":""squared_error"",""max_depth"":null,""max_features"":1.0,""max_samples"":null,""min_samples_leaf"":8,""n_estimators"":400}",ok,757,2.560523805670034,2.410992458797572,2.5402906208718625,2.412931191958497,1.0079649094603307,0.9991965236441942,2.7942825998179615,
75d4ccbd66eb95fee107,home,extra_trees,all,"{""criterion"":""squared_error"",""max_depth"":14,""max_features"":0.6,""max_samples"":null,""min_samples_leaf"":2,""n_estimators"":400}",ok,757,2.5775536269023402,2.4259550580688596,2.5402906208718625,2.412931191958497,1.014668796445695,1.005397529011091,2.5549889001995325,
62aefedf31208c5144cf,home,extra_trees,all,"{""criterion"":""squared_error"",""max_depth"":14,""max_features"":1.0,""max_samples"":null,""min_samples_leaf"":2,""n_estimators"":400}",ok,757,2.6015751226538533,2.4385985711703695,2.5402906208718625,2.412931191958497,1.0241249962813141,1.0106374269176897,3.561625699978322,
5de4f07fce65f4966f3b,home,extra_trees,all,"{""criterion"":""squared_error"",""max_depth"":14,""max_features"":0.6,""max_samples"":null,""min_samples_leaf"":8,""n_estimators"":400}",ok,757,2.5520006220586198,2.4043218710184844,2.5402906208718625,2.412931191958497,1.0046097092555253,0.9964320072745113,2.074220299720764,
b6b2ba69870e49571bea,home,extra_trees,all,"{""criterion"":""squared_error"",""max_depth"":14,""max_features"":1.0,""max_samples"":null,""min_samples_leaf"":8,""n_estimators"":400}",ok,757,2.5602370439457904,2.4083920747340963,2.5402906208718625,2.412931191958497,1.0078520240597835,0.99811883685721,2.7684196000918746,
176ee28b42cb16fae86b,home,poisson_glm,all,"{""alpha"":0.0,""solver"":""lbfgs""}",ok,757,22.387492099576885,42.24352223128411,2.5402906208718625,2.412931191958497,8.812964908673793,17.50713918907751,2.105836400296539,
77be0ae64be12ea63d38,home,poisson_glm,all,"{""alpha"":0.01,""solver"":""lbfgs""}",ok,757,2.5853016789005814,2.5284143928690717,2.5402906208718625,2.412931191958497,1.0177188616368904,1.0478601301584736,0.6586550995707512,
8d459dacb1402e6e60f8,home,poisson_glm,all,"{""alpha"":0.1,""solver"":""lbfgs""}",ok,757,2.5702665996662737,2.498779627641536,2.5402906208718625,2.412931191958497,1.011800216301284,1.0355784847778269,0.40588679956272244,
4568726853cff31a442c,home,poisson_glm,all,"{""alpha"":1.0,""solver"":""lbfgs""}",ok,757,2.5457323446096276,2.4357464907177557,2.5402906208718625,2.412931191958497,1.0021421658187666,1.0094554286650588,0.24945769971236587,
c603520619d59a4de69e,home,poisson_glm,all,"{""alpha"":10.0,""solver"":""lbfgs""}",ok,757,2.545358280775692,2.403645824161323,2.5402906208718625,2.412931191958497,1.001994913441081,0.996151830674609,0.1917008999735117,
fafa28605d5617ad1a95,home,tweedie_glm,all,"{""alpha"":0.01,""power"":1.2,""solver"":""lbfgs""}",ok,757,2.5837460693374315,2.526273899604234,2.5402906208718625,2.412931191958497,1.0171064869934663,1.0469730376164355,0.5908333999104798,
30097b2d6fc04d3568b3,home,tweedie_glm,all,"{""alpha"":0.1,""power"":1.2,""solver"":""lbfgs""}",ok,757,2.567102085299048,2.4928077845860686,2.5402906208718625,2.412931191958497,1.0105544870365988,1.0331035517688087,0.34967090003192425,
c41a080b4f1a79ba6f9c,home,tweedie_glm,all,"{""alpha"":1.0,""power"":1.2,""solver"":""lbfgs""}",ok,757,2.5422668827590837,2.428516633118649,2.5402906208718625,2.412931191958497,1.0007779668479597,1.0064591320349678,0.21982820006087422,
e9b7911481f379e03c34,home,tweedie_glm,all,"{""alpha"":0.01,""power"":1.5,""solver"":""lbfgs""}",ok,757,2.5817655825355055,2.5241446802237966,2.5402906208718625,2.412931191958497,1.0163268569835557,1.0460906173520146,0.5050172996707261,
8109d56f5229e443c138,home,tweedie_glm,all,"{""alpha"":0.1,""power"":1.5,""solver"":""lbfgs""}",ok,757,2.5623026177115427,2.4836845251778317,2.5402906208718625,2.412931191958497,1.0086651490419334,1.0293225656227298,0.30553629994392395,
f387d9ab5636f6670deb,home,tweedie_glm,all,"{""alpha"":1.0,""power"":1.5,""solver"":""lbfgs""}",ok,757,2.5382664862313637,2.419063809229234,2.5402906208718625,2.412931191958497,0.9992031877676247,1.0025415632618015,0.20325460005551577,
8d71357d0b4e5a6ded40,home,tweedie_glm,all,"{""alpha"":0.01,""power"":1.8,""solver"":""lbfgs""}",ok,757,2.5802317131632497,2.5230461713008023,2.5402906208718625,2.412931191958497,1.0157230404912012,1.0456353582353621,0.4613505997695029,
4c9b99c76cfa5b7cfdca,home,tweedie_glm,all,"{""alpha"":0.1,""power"":1.8,""solver"":""lbfgs""}",ok,757,2.557086365259027,2.4740594141756618,2.5402906208718625,2.412931191958497,1.0066117412902151,1.0253335952640859,0.28041400015354156,
40b59ba8b8067c9bc63c,home,tweedie_glm,all,"{""alpha"":1.0,""power"":1.8,""solver"":""lbfgs""}",ok,757,2.535667700578598,2.411561925171036,2.5402906208718625,2.412931191958497,0.9981801608621939,0.9994325296999664,0.19635120034217834,
a6f015d1f9f94ffa12ea,home,lightgbm,all,"{""colsample_bytree"":0.9,""learning_rate"":0.025,""min_child_samples"":10,""n_estimators"":500,""num_leaves"":15,""objective"":""poisson"",""reg_lambda"":1.0,""subsample"":0.9,""tweedie_variance_power"":null}",ok,757,2.577939369997632,2.461714203032606,2.5402906208718625,2.412931191958497,1.014820646431725,1.0202173237416328,3.5304024000652134,
3cd620451fda512136ce,home,lightgbm,all,"{""colsample_bytree"":0.9,""learning_rate"":0.025,""min_child_samples"":30,""n_estimators"":500,""num_leaves"":15,""objective"":""poisson"",""reg_lambda"":1.0,""subsample"":0.9,""tweedie_variance_power"":null}",ok,757,2.577222066887593,2.52085421000415,2.5402906208718625,2.412931191958497,1.0145382759406698,1.044726935606504,3.1930733998306096,
ecd9700037e7fc186eba,home,lightgbm,all,"{""colsample_bytree"":0.9,""learning_rate"":0.025,""min_child_samples"":10,""n_estimators"":500,""num_leaves"":31,""objective"":""poisson"",""reg_lambda"":1.0,""subsample"":0.9,""tweedie_variance_power"":null}",ok,757,2.550964143405494,2.5636959399903114,2.5402906208718625,2.412931191958497,1.004201693477878,1.0624819922483755,6.570282199885696,
51d5e0a18a3d655d05cd,home,lightgbm,all,"{""colsample_bytree"":0.9,""learning_rate"":0.025,""min_child_samples"":30,""n_estimators"":500,""num_leaves"":31,""objective"":""poisson"",""reg_lambda"":1.0,""subsample"":0.9,""tweedie_variance_power"":null}",ok,757,2.5425110961871633,2.534005289277781,2.5402906208718625,2.412931191958497,1.0008741028672297,1.050177186039446,3.940147299785167,
033245f95298c4599d73,home,lightgbm,all,"{""colsample_bytree"":0.9,""learning_rate"":0.05,""min_child_samples"":10,""n_estimators"":500,""num_leaves"":15,""objective"":""poisson"",""reg_lambda"":1.0,""subsample"":0.9,""tweedie_variance_power"":null}",ok,757,2.589989410027939,2.5367122089911014,2.5402906208718625,2.412931191958497,1.0195642139319552,1.051299024789901,2.034395100083202,
465bcd6bd9a00cd9b9ad,home,lightgbm,all,"{""colsample_bytree"":0.9,""learning_rate"":0.05,""min_child_samples"":30,""n_estimators"":500,""num_leaves"":15,""objective"":""poisson"",""reg_lambda"":1.0,""subsample"":0.9,""tweedie_variance_power"":null}",ok,757,2.5701253829791146,2.593295528717043,2.5402906208718625,2.412931191958497,1.0117446255409204,1.0747490593016662,2.099373500328511,
38a46ba26e19e550ffe7,home,lightgbm,all,"{""colsample_bytree"":0.9,""learning_rate"":0.05,""min_child_samples"":10,""n_estimators"":500,""num_leaves"":31,""objective"":""poisson"",""reg_lambda"":1.0,""subsample"":0.9,""tweedie_variance_power"":null}",ok,757,2.5667823002784287,2.7092856072161773,2.5402906208718625,2.412931191958497,1.0104286018256736,1.1228192566142505,4.205130499787629,
9b7dd61e96d0027f8e4f,home,lightgbm,all,"{""colsample_bytree"":0.9,""learning_rate"":0.05,""min_child_samples"":30,""n_estimators"":500,""num_leaves"":31,""objective"":""poisson"",""reg_lambda"":1.0,""subsample"":0.9,""tweedie_variance_power"":null}",ok,757,2.5427727719665136,2.6422518603774843,2.5402906208718625,2.412931191958497,1.0009771130414202,1.0950382129350549,3.133929899893701,
cb23c645560e70d1ec58,home,lightgbm,all,"{""colsample_bytree"":0.9,""learning_rate"":0.1,""min_child_samples"":10,""n_estimators"":500,""num_leaves"":15,""objective"":""poisson"",""reg_lambda"":1.0,""subsample"":0.9,""tweedie_variance_power"":null}",ok,757,2.5908203951451103,2.727182857854757,2.5402906208718625,2.412931191958497,1.0198913359983612,1.130236480403402,1.8845080002211034,
25990efd694f01fb2f61,home,lightgbm,all,"{""colsample_bytree"":0.9,""learning_rate"":0.1,""min_child_samples"":30,""n_estimators"":500,""num_leaves"":15,""objective"":""poisson"",""reg_lambda"":1.0,""subsample"":0.9,""tweedie_variance_power"":null}",ok,757,2.598606761500687,2.7170061041851516,2.5402906208718625,2.412931191958497,1.0229564838564849,1.12601889073341,1.9735914999619126,
fd3eb48006762c7c8f3a,home,lightgbm,all,"{""colsample_bytree"":0.9,""learning_rate"":0.1,""min_child_samples"":10,""n_estimators"":500,""num_leaves"":31,""objective"":""poisson"",""reg_lambda"":1.0,""subsample"":0.9,""tweedie_variance_power"":null}",ok,757,2.6086390932138994,2.8925042686712574,2.5402906208718625,2.412931191958497,1.0269057688834748,1.198751244258858,3.2597254998981953,
4e65a7736785211c1145,home,lightgbm,all,"{""colsample_bytree"":0.9,""learning_rate"":0.1,""min_child_samples"":30,""n_estimators"":500,""num_leaves"":31,""objective"":""poisson"",""reg_lambda"":1.0,""subsample"":0.9,""tweedie_variance_power"":null}",ok,757,2.5434844362271942,2.751416780898483,2.5402906208718625,2.412931191958497,1.0012572637670234,1.1402798347785659,2.4446539003401995,
a881a29213603cea631d,home,lightgbm,all,"{""colsample_bytree"":0.9,""learning_rate"":0.025,""min_child_samples"":10,""n_estimators"":500,""num_leaves"":15,""objective"":""tweedie"",""reg_lambda"":1.0,""subsample"":0.9,""tweedie_variance_power"":1.5}",ok,757,2.559732743660421,2.6438057261566135,2.5402906208718625,2.412931191958497,1.0076535033546223,1.0956821872780895,1.6071736998856068,
0e0c50a8f0e9d441b919,home,lightgbm,all,"{""colsample_bytree"":0.9,""learning_rate"":0.025,""min_child_samples"":30,""n_estimators"":500,""num_leaves"":15,""objective"":""tweedie"",""reg_lambda"":1.0,""subsample"":0.9,""tweedie_variance_power"":1.5}",ok,757,2.555645992729702,2.677746892005236,2.5402906208718625,2.412931191958497,1.0060447303673348,1.10974855019873,1.5541046997532248,
e03cccc32b12c384f121,home,lightgbm,all,"{""colsample_bytree"":0.9,""learning_rate"":0.025,""min_child_samples"":10,""n_estimators"":500,""num_leaves"":31,""objective"":""tweedie"",""reg_lambda"":1.0,""subsample"":0.9,""tweedie_variance_power"":1.5}",ok,757,2.598339675267958,2.8725146602484006,2.5402906208718625,2.412931191958497,1.022851343826232,1.190466876892944,3.305490500293672,
2f1c0c4f3d2571913299,home,lightgbm,all,"{""colsample_bytree"":0.9,""learning_rate"":0.025,""min_child_samples"":30,""n_estimators"":500,""num_leaves"":31,""objective"":""tweedie"",""reg_lambda"":1.0,""subsample"":0.9,""tweedie_variance_power"":1.5}",ok,757,2.5651153047852957,2.824609110994205,2.5402906208718625,2.412931191958497,1.0097723794708626,1.170613202899318,2.6075015999376774,
994f5c571eb995e16346,home,lightgbm,all,"{""colsample_bytree"":0.9,""learning_rate"":0.05,""min_child_samples"":10,""n_estimators"":500,""num_leaves"":15,""objective"":""tweedie"",""reg_lambda"":1.0,""subsample"":0.9,""tweedie_variance_power"":1.5}",ok,757,2.6178430146719887,2.9083833474397953,2.5402906208718625,2.412931191958497,1.0305289454532998,1.2053320696141179,1.6584861995652318,
4af58ede5d092b281518,home,lightgbm,all,"{""colsample_bytree"":0.9,""learning_rate"":0.05,""min_child_samples"":30,""n_estimators"":500,""num_leaves"":15,""objective"":""tweedie"",""reg_lambda"":1.0,""subsample"":0.9,""tweedie_variance_power"":1.5}",ok,757,2.611911788120301,2.8769610052544716,2.5402906208718625,2.412931191958497,1.028194084039037,1.192309592102101,1.515362599864602,
b72de1f4d499c7a138e0,home,lightgbm,all,"{""colsample_bytree"":0.9,""learning_rate"":0.05,""min_child_samples"":10,""n_estimators"":500,""num_leaves"":31,""objective"":""tweedie"",""reg_lambda"":1.0,""subsample"":0.9,""tweedie_variance_power"":1.5}",ok,757,2.6583465081697986,3.2207338408858277,2.5402906208718625,2.412931191958497,1.046473378411096,1.3347806400859958,3.1782460999675095,
3f3a0d624e25e13a4536,home,lightgbm,all,"{""colsample_bytree"":0.9,""learning_rate"":0.05,""min_child_samples"":30,""n_estimators"":500,""num_leaves"":31,""objective"":""tweedie"",""reg_lambda"":1.0,""subsample"":0.9,""tweedie_variance_power"":1.5}",ok,757,2.63671141140197,3.057223846847452,2.5402906208718625,2.412931191958497,1.0379565982482013,1.2670165883868425,3.237762900069356,
92714ee322a8b3c59840,home,lightgbm,all,"{""colsample_bytree"":0.9,""learning_rate"":0.1,""min_child_samples"":10,""n_estimators"":500,""num_leaves"":15,""objective"":""tweedie"",""reg_lambda"":1.0,""subsample"":0.9,""tweedie_variance_power"":1.5}",ok,757,2.7001110528119057,3.283775861626982,2.5402906208718625,2.412931191958497,1.0629142313981346,1.3609073779520622,1.8565265997312963,
f66d66ecf4c79f12ffdf,home,lightgbm,all,"{""colsample_bytree"":0.9,""learning_rate"":0.1,""min_child_samples"":30,""n_estimators"":500,""num_leaves"":15,""objective"":""tweedie"",""reg_lambda"":1.0,""subsample"":0.9,""tweedie_variance_power"":1.5}",ok,757,2.6782522453003215,3.160757320068862,2.5402906208718625,2.412931191958497,1.054309386215467,1.3099243486936645,1.8052980001084507,
a2c6abc2ea34d617e96e,home,lightgbm,all,"{""colsample_bytree"":0.9,""learning_rate"":0.1,""min_child_samples"":10,""n_estimators"":500,""num_leaves"":31,""objective"":""tweedie"",""reg_lambda"":1.0,""subsample"":0.9,""tweedie_variance_power"":1.5}",ok,757,2.7261231954395715,3.6104130790734494,2.5402906208718625,2.412931191958497,1.0731540608152657,1.4962768483020834,3.658583300188184,
5537a8c0e902a7c79345,home,lightgbm,all,"{""colsample_bytree"":0.9,""learning_rate"":0.1,""min_child_samples"":30,""n_estimators"":500,""num_leaves"":31,""objective"":""tweedie"",""reg_lambda"":1.0,""subsample"":0.9,""tweedie_variance_power"":1.5}",ok,757,2.714343231447866,3.369475364657213,2.5402906208718625,2.412931191958497,1.0685168102995501,1.3964241400196415,2.694914699997753,
e093ad1b657b8f166bf9,home,lightgbm,all,"{""colsample_bytree"":0.9,""learning_rate"":0.025,""min_child_samples"":10,""n_estimators"":500,""num_leaves"":15,""objective"":""regression"",""reg_lambda"":1.0,""subsample"":0.9,""tweedie_variance_power"":null}",ok,757,2.7256046161048118,2.599982319132741,2.5402906208718625,2.412931191958497,1.0729499190802614,1.0775202905899777,1.7682432997971773,
c0fba85754267d969266,home,lightgbm,all,"{""colsample_bytree"":0.9,""learning_rate"":0.025,""min_child_samples"":30,""n_estimators"":500,""num_leaves"":15,""objective"":""regression"",""reg_lambda"":1.0,""subsample"":0.9,""tweedie_variance_power"":null}",ok,757,2.6317713930662623,2.532358594041361,2.5402906208718625,2.412931191958497,1.0360119316438692,1.049494740041024,1.6998598999343812,
1f1c48f885ea9500605f,home,lightgbm,all,"{""colsample_bytree"":0.9,""learning_rate"":0.025,""min_child_samples"":10,""n_estimators"":500,""num_leaves"":31,""objective"":""regression"",""reg_lambda"":1.0,""subsample"":0.9,""tweedie_variance_power"":null}",ok,757,2.6797433478263013,2.580284396598356,2.5402906208718625,2.412931191958497,1.054896367293037,1.069356807685852,4.249095499981195,
0a7b2a942d2ed67d15f0,home,lightgbm,all,"{""colsample_bytree"":0.9,""learning_rate"":0.025,""min_child_samples"":30,""n_estimators"":500,""num_leaves"":31,""objective"":""regression"",""reg_lambda"":1.0,""subsample"":0.9,""tweedie_variance_power"":null}",ok,757,2.6429507770925356,2.5646289481094073,2.5402906208718625,2.412931191958497,1.0404127604051219,1.062868662254634,5.567539299838245,
ca71b6bd87d5186bbe5c,home,lightgbm,all,"{""colsample_bytree"":0.9,""learning_rate"":0.05,""min_child_samples"":10,""n_estimators"":500,""num_leaves"":15,""objective"":""regression"",""reg_lambda"":1.0,""subsample"":0.9,""tweedie_variance_power"":null}",ok,757,2.730282950616931,2.676147899208804,2.5402906208718625,2.412931191958497,1.0747915723437425,1.1090858736989773,3.3619579998776317,
53fef56f7d42dacf9745,home,lightgbm,all,"{""colsample_bytree"":0.9,""learning_rate"":0.05,""min_child_samples"":30,""n_estimators"":500,""num_leaves"":15,""objective"":""regression"",""reg_lambda"":1.0,""subsample"":0.9,""tweedie_variance_power"":null}",ok,757,2.646150130162448,2.5721935732157175,2.5402906208718625,2.412931191958497,1.041672204125311,1.0660036978211354,1.7615694999694824,
e8b20d8b977aaf4ad480,home,lightgbm,all,"{""colsample_bytree"":0.9,""learning_rate"":0.05,""min_child_samples"":10,""n_estimators"":500,""num_leaves"":31,""objective"":""regression"",""reg_lambda"":1.0,""subsample"":0.9,""tweedie_variance_power"":null}",ok,757,2.6891458857476325,2.570672752426919,2.5402906208718625,2.412931191958497,1.058597730374913,1.0653734184356862,3.655094699934125,
14f7f7c084e9bd1fef9a,home,lightgbm,all,"{""colsample_bytree"":0.9,""learning_rate"":0.05,""min_child_samples"":30,""n_estimators"":500,""num_leaves"":31,""objective"":""regression"",""reg_lambda"":1.0,""subsample"":0.9,""tweedie_variance_power"":null}",ok,757,2.647347725014746,2.5884796425669605,2.5402906208718625,2.412931191958497,1.0421436442205734,1.0727531937891592,5.360342199914157,
1b5b490feed9aa5bd36a,home,lightgbm,all,"{""colsample_bytree"":0.9,""learning_rate"":0.1,""min_child_samples"":10,""n_estimators"":500,""num_leaves"":15,""objective"":""regression"",""reg_lambda"":1.0,""subsample"":0.9,""tweedie_variance_power"":null}",ok,757,2.778779700301225,2.7171550706958163,2.5402906208718625,2.412931191958497,1.0938825965304355,1.1260806274754942,3.306569500360638,
d2662dc21789d7b66ffa,home,lightgbm,all,"{""colsample_bytree"":0.9,""learning_rate"":0.1,""min_child_samples"":30,""n_estimators"":500,""num_leaves"":15,""objective"":""regression"",""reg_lambda"":1.0,""subsample"":0.9,""tweedie_variance_power"":null}",ok,757,2.6888764688471483,2.6774765099713096,2.5402906208718625,2.412931191958497,1.058491672863906,1.1096364947721902,3.0881268000230193,
7c11082ddff8960f4c0f,home,lightgbm,all,"{""colsample_bytree"":0.9,""learning_rate"":0.1,""min_child_samples"":10,""n_estimators"":500,""num_leaves"":31,""objective"":""regression"",""reg_lambda"":1.0,""subsample"":0.9,""tweedie_variance_power"":null}",ok,757,2.774944613787713,2.7199519962897463,2.5402906208718625,2.412931191958497,1.092372892687103,1.1272397676960073,6.793577800039202,
d8cb97c6b79cc99aaa2c,home,lightgbm,all,"{""colsample_bytree"":0.9,""learning_rate"":0.1,""min_child_samples"":30,""n_estimators"":500,""num_leaves"":31,""objective"":""regression"",""reg_lambda"":1.0,""subsample"":0.9,""tweedie_variance_power"":null}",ok,757,2.712202507718665,2.7280129098538692,2.5402906208718625,2.412931191958497,1.0676741021024594,1.1305804819239917,5.596451399847865,
997f5f94f5dc1245a2a4,home,xgboost,all,"{""colsample_bytree"":0.9,""learning_rate"":0.025,""max_depth"":3,""min_child_weight"":1.0,""n_estimators"":500,""objective"":""count:poisson"",""reg_lambda"":1.0,""subsample"":0.9,""tweedie_variance_power"":null}",ok,757,2.5517928893216535,2.4086256287126786,2.5402906208718625,2.412931191958497,1.0045279340699385,0.9982156294965362,7.081549399998039,
5bc84dc9518c30b1294c,home,xgboost,all,"{""colsample_bytree"":0.9,""learning_rate"":0.025,""max_depth"":3,""min_child_weight"":5.0,""n_estimators"":500,""objective"":""count:poisson"",""reg_lambda"":1.0,""subsample"":0.9,""tweedie_variance_power"":null}",ok,757,2.5519221770716154,2.408779541848498,2.5402906208718625,2.412931191958497,1.004578828935628,0.9982794162867822,4.991080200299621,
ff3382bd02d6c7e26253,home,xgboost,all,"{""colsample_bytree"":0.9,""learning_rate"":0.025,""max_depth"":6,""min_child_weight"":1.0,""n_estimators"":500,""objective"":""count:poisson"",""reg_lambda"":1.0,""subsample"":0.9,""tweedie_variance_power"":null}",ok,757,2.529269312457963,2.5133081173374734,2.5402906208718625,2.412931191958497,0.995661398611897,1.0415995805075169,9.239835999906063,
72f6fd3599bddd9bd75c,home,xgboost,all,"{""colsample_bytree"":0.9,""learning_rate"":0.025,""max_depth"":6,""min_child_weight"":5.0,""n_estimators"":500,""objective"":""count:poisson"",""reg_lambda"":1.0,""subsample"":0.9,""tweedie_variance_power"":null}",ok,757,2.52815270896317,2.514383006981087,2.5402906208718625,2.412931191958497,0.9952218412299114,1.0420450509988413,8.9192910999991,
28ee9930ed85a0c74f7b,home,xgboost,all,"{""colsample_bytree"":0.9,""learning_rate"":0.05,""max_depth"":3,""min_child_weight"":1.0,""n_estimators"":500,""objective"":""count:poisson"",""reg_lambda"":1.0,""subsample"":0.9,""tweedie_variance_power"":null}",ok,757,2.558560870282716,2.4577104223548165,2.5402906208718625,2.412931191958497,1.007192188665635,1.0185580221042165,3.7530483002774417,
138b7eb300b38de6e749,home,xgboost,all,"{""colsample_bytree"":0.9,""learning_rate"":0.05,""max_depth"":3,""min_child_weight"":5.0,""n_estimators"":500,""objective"":""count:poisson"",""reg_lambda"":1.0,""subsample"":0.9,""tweedie_variance_power"":null}",ok,757,2.556005902145466,2.456516156818394,2.5402906208718625,2.412931191958497,1.0061864107769725,1.0180630782200302,3.6204173997975886,
0590b87ffbfb43548274,home,xgboost,all,"{""colsample_bytree"":0.9,""learning_rate"":0.05,""max_depth"":6,""min_child_weight"":1.0,""n_estimators"":500,""objective"":""count:poisson"",""reg_lambda"":1.0,""subsample"":0.9,""tweedie_variance_power"":null}",ok,757,2.5516754925014795,2.7630637857034546,2.5402906208718625,2.412931191958497,1.004481720137088,1.1451067460654634,10.65373450005427,
055d79f66e5d68fdddb0,home,xgboost,all,"{""colsample_bytree"":0.9,""learning_rate"":0.05,""max_depth"":6,""min_child_weight"":5.0,""n_estimators"":500,""objective"":""count:poisson"",""reg_lambda"":1.0,""subsample"":0.9,""tweedie_variance_power"":null}",ok,757,2.5447238934087313,2.7160942868921265,2.5402906208718625,2.412931191958497,1.0017451832087414,1.125641002919591,12.394073800183833,
06460bb1c3960e281d45,home,xgboost,all,"{""colsample_bytree"":0.9,""learning_rate"":0.1,""max_depth"":3,""min_child_weight"":1.0,""n_estimators"":500,""objective"":""count:poisson"",""reg_lambda"":1.0,""subsample"":0.9,""tweedie_variance_power"":null}",ok,757,2.5959282398538828,2.5796997598651377,2.5402906208718625,2.412931191958497,1.0219020684188191,1.0691145145217673,4.742423799820244,
292df4e20d17c5c322c2,home,xgboost,all,"{""colsample_bytree"":0.9,""learning_rate"":0.1,""max_depth"":3,""min_child_weight"":5.0,""n_estimators"":500,""objective"":""count:poisson"",""reg_lambda"":1.0,""subsample"":0.9,""tweedie_variance_power"":null}",ok,757,2.595666605856176,2.5781854168813094,2.5402906208718625,2.412931191958497,1.0217990746922128,1.0684869197569953,5.666073600295931,
4140022d87d57116dca2,home,xgboost,all,"{""colsample_bytree"":0.9,""learning_rate"":0.1,""max_depth"":6,""min_child_weight"":1.0,""n_estimators"":500,""objective"":""count:poisson"",""reg_lambda"":1.0,""subsample"":0.9,""tweedie_variance_power"":null}",ok,757,2.660950849597961,3.206280938229199,2.5402906208718625,2.412931191958497,1.0474985923794367,1.3287908701726243,15.67688040016219,
78252ee78731462db098,home,xgboost,all,"{""colsample_bytree"":0.9,""learning_rate"":0.1,""max_depth"":6,""min_child_weight"":5.0,""n_estimators"":500,""objective"":""count:poisson"",""reg_lambda"":1.0,""subsample"":0.9,""tweedie_variance_power"":null}",ok,757,2.6313845981379953,3.1216006774908585,2.5402906208718625,2.412931191958497,1.0358596675977445,1.2936965164585392,15.63930010003969,
80174a41503f50f03692,home,xgboost,all,"{""colsample_bytree"":0.9,""learning_rate"":0.025,""max_depth"":3,""min_child_weight"":1.0,""n_estimators"":500,""objective"":""reg:tweedie"",""reg_lambda"":1.0,""subsample"":0.9,""tweedie_variance_power"":1.5}",ok,757,2.5281117406515023,2.5239320983688294,2.5402906208718625,2.412931191958497,0.9952057138186101,1.04600251626746,6.996588000096381,
5de4e0c0bb46d5cdb2d7,home,xgboost,all,"{""colsample_bytree"":0.9,""learning_rate"":0.025,""max_depth"":3,""min_child_weight"":5.0,""n_estimators"":500,""objective"":""reg:tweedie"",""reg_lambda"":1.0,""subsample"":0.9,""tweedie_variance_power"":1.5}",ok,757,2.53755802049977,2.4998935997749654,2.5402906208718625,2.412931191958497,0.998924296161376,1.0360401523699827,6.328850600402802,
0b4b3a6372ab6fcd482b,home,xgboost,all,"{""colsample_bytree"":0.9,""learning_rate"":0.025,""max_depth"":6,""min_child_weight"":1.0,""n_estimators"":500,""objective"":""reg:tweedie"",""reg_lambda"":1.0,""subsample"":0.9,""tweedie_variance_power"":1.5}",ok,757,2.6090276639716627,3.0438774843852006,2.5402906208718625,2.412931191958497,1.0270587319950852,1.2614854060196325,10.124832100234926,
f7e498d4dfb3bb36fa9a,home,xgboost,all,"{""colsample_bytree"":0.9,""learning_rate"":0.025,""max_depth"":6,""min_child_weight"":5.0,""n_estimators"":500,""objective"":""reg:tweedie"",""reg_lambda"":1.0,""subsample"":0.9,""tweedie_variance_power"":1.5}",ok,757,2.5755536256252225,2.8782799445442566,2.5402906208718625,2.412931191958497,1.0138814844504906,1.192856204991097,9.401127300225198,
551ebe6b0b9f76c73f62,home,xgboost,all,"{""colsample_bytree"":0.9,""learning_rate"":0.05,""max_depth"":3,""min_child_weight"":1.0,""n_estimators"":500,""objective"":""reg:tweedie"",""reg_lambda"":1.0,""subsample"":0.9,""tweedie_variance_power"":1.5}",ok,757,2.5668883724445712,2.7099879480621842,2.5402906208718625,2.412931191958497,1.010470357743391,1.1231103303292191,4.50631899992004,
798ed9db550662a563a8,home,xgboost,all,"{""colsample_bytree"":0.9,""learning_rate"":0.05,""max_depth"":3,""min_child_weight"":5.0,""n_estimators"":500,""objective"":""reg:tweedie"",""reg_lambda"":1.0,""subsample"":0.9,""tweedie_variance_power"":1.5}",ok,757,2.5818957795870037,2.7158297754202563,2.5402906208718625,2.412931191958497,1.0163781098010203,1.1255313804518008,5.505329899955541,
23c0ccc5f4ea9e7f556f,home,xgboost,all,"{""colsample_bytree"":0.9,""learning_rate"":0.05,""max_depth"":6,""min_child_weight"":1.0,""n_estimators"":500,""objective"":""reg:tweedie"",""reg_lambda"":1.0,""subsample"":0.9,""tweedie_variance_power"":1.5}",ok,757,2.7445620816481475,3.7009861108688438,2.5402906208718625,2.412931191958497,1.08041263432535,1.5338133649243744,12.312038599979132,
442e43902fdebf5d4928,home,xgboost,all,"{""colsample_bytree"":0.9,""learning_rate"":0.05,""max_depth"":6,""min_child_weight"":5.0,""n_estimators"":500,""objective"":""reg:tweedie"",""reg_lambda"":1.0,""subsample"":0.9,""tweedie_variance_power"":1.5}",ok,757,2.6803307434841694,3.2891165595467613,2.5402906208718625,2.412931191958497,1.0551275989690672,1.3631207431477121,13.124692699871957,
47254c84ac3b836d3f67,home,xgboost,all,"{""colsample_bytree"":0.9,""learning_rate"":0.1,""max_depth"":3,""min_child_weight"":1.0,""n_estimators"":500,""objective"":""reg:tweedie"",""reg_lambda"":1.0,""subsample"":0.9,""tweedie_variance_power"":1.5}",ok,757,2.681000379700327,3.113660476385372,2.5402906208718625,2.412931191958497,1.0553912051134413,1.2904058295413372,4.103797599673271,
b927b50948a08438874a,home,xgboost,all,"{""colsample_bytree"":0.9,""learning_rate"":0.1,""max_depth"":3,""min_child_weight"":5.0,""n_estimators"":500,""objective"":""reg:tweedie"",""reg_lambda"":1.0,""subsample"":0.9,""tweedie_variance_power"":1.5}",ok,757,2.644894569049266,2.992206379043364,2.5402906208718625,2.412931191958497,1.041177945278364,1.240071158686746,3.5943526001647115,
f5533b3eb1e81d5ecd88,home,xgboost,all,"{""colsample_bytree"":0.9,""learning_rate"":0.1,""max_depth"":6,""min_child_weight"":1.0,""n_estimators"":500,""objective"":""reg:tweedie"",""reg_lambda"":1.0,""subsample"":0.9,""tweedie_variance_power"":1.5}",ok,757,2.834182134589557,4.237080792481014,2.5402906208718625,2.412931191958497,1.115692083143159,1.7559890669911373,7.471117899753153,
5e57e01477424dbc41d8,home,xgboost,all,"{""colsample_bytree"":0.9,""learning_rate"":0.1,""max_depth"":6,""min_child_weight"":5.0,""n_estimators"":500,""objective"":""reg:tweedie"",""reg_lambda"":1.0,""subsample"":0.9,""tweedie_variance_power"":1.5}",ok,757,2.8000665663727995,3.904248863156414,2.5402906208718625,2.412931191958497,1.102262293678736,1.6180522992814657,6.813895000144839,
530183b872ea2d09a359,home,xgboost,all,"{""colsample_bytree"":0.9,""learning_rate"":0.025,""max_depth"":3,""min_child_weight"":1.0,""n_estimators"":500,""objective"":""reg:squarederror"",""reg_lambda"":1.0,""subsample"":0.9,""tweedie_variance_power"":null}",ok,757,2.644536150966327,2.4877067907098778,2.5402906208718625,2.412931191958497,1.0410368519404627,1.0309895280066763,3.470525400247425,
fe1fbc103232bc112306,home,xgboost,all,"{""colsample_bytree"":0.9,""learning_rate"":0.025,""max_depth"":3,""min_child_weight"":5.0,""n_estimators"":500,""objective"":""reg:squarederror"",""reg_lambda"":1.0,""subsample"":0.9,""tweedie_variance_power"":null}",ok,757,2.648140885555917,2.4904371558398464,2.5402906208718625,2.412931191958497,1.0424558764252883,1.032121083327884,3.60677279997617,
1a11fee70771eed01b02,home,xgboost,all,"{""colsample_bytree"":0.9,""learning_rate"":0.025,""max_depth"":6,""min_child_weight"":1.0,""n_estimators"":500,""objective"":""reg:squarederror"",""reg_lambda"":1.0,""subsample"":0.9,""tweedie_variance_power"":null}",ok,757,2.667042621060753,2.535423338833524,2.5402906208718625,2.412931191958497,1.0498966532204836,1.0507648735626,8.357674799859524,
daabd77eb7c75dcf9fe1,home,xgboost,all,"{""colsample_bytree"":0.9,""learning_rate"":0.025,""max_depth"":6,""min_child_weight"":5.0,""n_estimators"":500,""objective"":""reg:squarederror"",""reg_lambda"":1.0,""subsample"":0.9,""tweedie_variance_power"":null}",ok,757,2.646932956249585,2.531016852575214,2.5402906208718625,2.412931191958497,1.0419803681128113,1.0489386771617266,13.852527599781752,
d26d3ba0df9c86eaf8e4,home,xgboost,all,"{""colsample_bytree"":0.9,""learning_rate"":0.05,""max_depth"":3,""min_child_weight"":1.0,""n_estimators"":500,""objective"":""reg:squarederror"",""reg_lambda"":1.0,""subsample"":0.9,""tweedie_variance_power"":null}",ok,757,2.697194910112429,2.5881028852076886,2.5402906208718625,2.412931191958497,1.0617662750676593,1.0725970528430238,6.855144999921322,
6f3f936804f49976766c,home,xgboost,all,"{""colsample_bytree"":0.9,""learning_rate"":0.05,""max_depth"":3,""min_child_weight"":5.0,""n_estimators"":500,""objective"":""reg:squarederror"",""reg_lambda"":1.0,""subsample"":0.9,""tweedie_variance_power"":null}",ok,757,2.690469334588498,2.590712831782353,2.5402906208718625,2.412931191958497,1.059118713615961,1.0736787026568946,6.90866980003193,
e7a30b7527c470ccc28d,home,xgboost,all,"{""colsample_bytree"":0.9,""learning_rate"":0.05,""max_depth"":6,""min_child_weight"":1.0,""n_estimators"":500,""objective"":""reg:squarederror"",""reg_lambda"":1.0,""subsample"":0.9,""tweedie_variance_power"":null}",ok,757,2.7042077672686258,2.608989342717663,2.5402906208718625,2.412931191958497,1.0645269265846853,1.081253104693811,16.66601199982688,
55aab991b4e10098c9d8,home,xgboost,all,"{""colsample_bytree"":0.9,""learning_rate"":0.05,""max_depth"":6,""min_child_weight"":5.0,""n_estimators"":500,""objective"":""reg:squarederror"",""reg_lambda"":1.0,""subsample"":0.9,""tweedie_variance_power"":null}",ok,757,2.672414496206387,2.5406581391069847,2.5402906208718625,2.412931191958497,1.0520113227395917,1.052934351204941,11.35398539993912,
184156050a02cd96956b,home,xgboost,all,"{""colsample_bytree"":0.9,""learning_rate"":0.1,""max_depth"":3,""min_child_weight"":1.0,""n_estimators"":500,""objective"":""reg:squarederror"",""reg_lambda"":1.0,""subsample"":0.9,""tweedie_variance_power"":null}",ok,757,2.8054365204693936,2.745828584764353,2.5402906208718625,2.412931191958497,1.1043762069658507,1.1379638979823763,3.9072165000252426,
527d7ca6ff8bd6033de9,home,xgboost,all,"{""colsample_bytree"":0.9,""learning_rate"":0.1,""max_depth"":3,""min_child_weight"":5.0,""n_estimators"":500,""objective"":""reg:squarederror"",""reg_lambda"":1.0,""subsample"":0.9,""tweedie_variance_power"":null}",ok,757,2.7841875628719555,2.7399516899207823,2.5402906208718625,2.412931191958497,1.096011432706225,1.135528314712055,3.6888021999038756,
7c12ba9b390f52564038,home,xgboost,all,"{""colsample_bytree"":0.9,""learning_rate"":0.1,""max_depth"":6,""min_child_weight"":1.0,""n_estimators"":500,""objective"":""reg:squarederror"",""reg_lambda"":1.0,""subsample"":0.9,""tweedie_variance_power"":null}",ok,757,2.6803590473442127,2.6254036504879927,2.5402906208718625,2.412931191958497,1.0551387409462138,1.0880557469842473,15.118032599799335,
002ff4c4e76404f212c0,home,xgboost,all,"{""colsample_bytree"":0.9,""learning_rate"":0.1,""max_depth"":6,""min_child_weight"":5.0,""n_estimators"":500,""objective"":""reg:squarederror"",""reg_lambda"":1.0,""subsample"":0.9,""tweedie_variance_power"":null}",ok,757,2.7367357984086795,2.6446474303125074,2.5402906208718625,2.412931191958497,1.0773317729565108,1.096031017845119,14.559105099644512,
68249cf3e26e041df510,home,hist_gradient_boosting,dratings_only,"{""l2_regularization"":0.0,""learning_rate"":0.025,""loss"":""poisson"",""max_iter"":300,""max_leaf_nodes"":15,""min_samples_leaf"":10}",ok,757,2.661201790251959,2.598610602251073,2.5402906208718625,2.412931191958497,1.0475973766098456,1.0769518048883382,8.168361200019717,
aa963b08eaf3ab59c173,home,hist_gradient_boosting,dratings_only,"{""l2_regularization"":5.0,""learning_rate"":0.025,""loss"":""poisson"",""max_iter"":300,""max_leaf_nodes"":15,""min_samples_leaf"":10}",ok,757,2.6590587692373893,2.5864374790380964,2.5402906208718625,2.412931191958497,1.0467537640731688,1.0719068524033502,8.099362400360405,
3e45f19c4924352ae8f8,home,hist_gradient_boosting,dratings_only,"{""l2_regularization"":0.0,""learning_rate"":0.025,""loss"":""poisson"",""max_iter"":300,""max_leaf_nodes"":15,""min_samples_leaf"":30}",ok,757,2.659900742526278,2.5952474334269775,2.5402906208718625,2.412931191958497,1.0470852116965121,1.0755579943912534,10.055630499962717,
ec9d2c42625cacf4a308,home,hist_gradient_boosting,dratings_only,"{""l2_regularization"":5.0,""learning_rate"":0.025,""loss"":""poisson"",""max_iter"":300,""max_leaf_nodes"":15,""min_samples_leaf"":30}",ok,757,2.6581655279120744,2.5854513260064134,2.5402906208718625,2.412931191958497,1.0464021344926886,1.07149815735437,13.725794400088489,
4df231d1f8911acf57ea,home,hist_gradient_boosting,dratings_only,"{""l2_regularization"":0.0,""learning_rate"":0.025,""loss"":""poisson"",""max_iter"":300,""max_leaf_nodes"":31,""min_samples_leaf"":10}",ok,757,2.709992025839808,2.7212589760124164,2.5402906208718625,2.412931191958497,1.0668039332089103,1.127781424137362,17.43416089983657,
926f1408483d3367bd47,home,hist_gradient_boosting,dratings_only,"{""l2_regularization"":5.0,""learning_rate"":0.025,""loss"":""poisson"",""max_iter"":300,""max_leaf_nodes"":31,""min_samples_leaf"":10}",ok,757,2.7047656320046087,2.699645353648898,2.5402906208718625,2.412931191958497,1.064746533243624,1.1188240106663316,17.194175699725747,
9d6b8cd7400e56d37fc4,home,hist_gradient_boosting,dratings_only,"{""l2_regularization"":0.0,""learning_rate"":0.025,""loss"":""poisson"",""max_iter"":300,""max_leaf_nodes"":31,""min_samples_leaf"":30}",ok,757,2.71587244084594,2.71050754040828,2.5402906208718625,2.412931191958497,1.0691187923662904,1.123325666907331,14.846760299988091,
d65baca416dbe5eed16c,home,hist_gradient_boosting,dratings_only,"{""l2_regularization"":5.0,""learning_rate"":0.025,""loss"":""poisson"",""max_iter"":300,""max_leaf_nodes"":31,""min_samples_leaf"":30}",ok,757,2.719860226264343,2.710481194471977,2.5402906208718625,2.412931191958497,1.0706886070109765,1.123314748263488,15.094738400075585,
c8b926a9a1994a3db2e3,home,hist_gradient_boosting,dratings_only,"{""l2_regularization"":0.0,""learning_rate"":0.05,""loss"":""poisson"",""max_iter"":300,""max_leaf_nodes"":15,""min_samples_leaf"":10}",ok,757,2.7334704956136933,2.7401968621883657,2.5402906208718625,2.412931191958497,1.0760463677480843,1.1356299223618713,8.454283899627626,
d1366e93365419b6538a,home,hist_gradient_boosting,dratings_only,"{""l2_regularization"":5.0,""learning_rate"":0.05,""loss"":""poisson"",""max_iter"":300,""max_leaf_nodes"":15,""min_samples_leaf"":10}",ok,757,2.714420901139553,2.7043972947752857,2.5402906208718625,2.412931191958497,1.0685473854199905,1.120793375206118,8.648809500038624,
2f2c2bb46d57c6074377,home,hist_gradient_boosting,dratings_only,"{""l2_regularization"":0.0,""learning_rate"":0.05,""loss"":""poisson"",""max_iter"":300,""max_leaf_nodes"":15,""min_samples_leaf"":30}",ok,757,2.71256767955081,2.702170516672732,2.5402906208718625,2.412931191958497,1.0678178540925445,1.1198705233195931,8.550728400237858,
ba47dc067094430ee345,home,hist_gradient_boosting,dratings_only,"{""l2_regularization"":5.0,""learning_rate"":0.05,""loss"":""poisson"",""max_iter"":300,""max_leaf_nodes"":15,""min_samples_leaf"":30}",ok,757,2.7108000431072474,2.7011748386140857,2.5402906208718625,2.412931191958497,1.067122013849291,1.119457880778453,8.40725320018828,
8a8d8613658a8fbc63bd,home,hist_gradient_boosting,dratings_only,"{""l2_regularization"":0.0,""learning_rate"":0.05,""loss"":""poisson"",""max_iter"":300,""max_leaf_nodes"":31,""min_samples_leaf"":10}",ok,757,2.7851073160578115,2.928931458912607,2.5402906208718625,2.412931191958497,1.0963734988329503,1.2138478994650856,17.823803899809718,
776489a7a5847b494172,home,hist_gradient_boosting,dratings_only,"{""l2_regularization"":5.0,""learning_rate"":0.05,""loss"":""poisson"",""max_iter"":300,""max_leaf_nodes"":31,""min_samples_leaf"":10}",ok,757,2.7822914029235455,2.895628348015369,2.5402906208718625,2.412931191958497,1.0952649984467624,1.2000459680182933,19.35633260011673,
f7567cfefc4f85230c2e,home,hist_gradient_boosting,dratings_only,"{""l2_regularization"":0.0,""learning_rate"":0.05,""loss"":""poisson"",""max_iter"":300,""max_leaf_nodes"":31,""min_samples_leaf"":30}",ok,757,2.775858040033805,2.8413127344024427,2.5402906208718625,2.412931191958497,1.0927324681776343,1.177535747339833,21.841909299604595,
5a7ca2d28e4517094e79,home,hist_gradient_boosting,dratings_only,"{""l2_regularization"":5.0,""learning_rate"":0.05,""loss"":""poisson"",""max_iter"":300,""max_leaf_nodes"":31,""min_samples_leaf"":30}",ok,757,2.769984782672109,2.8424272171594125,2.5402906208718625,2.412931191958497,1.0904204266681157,1.1779976265515917,16.5465806000866,
7be3de808240ddc65208,home,hist_gradient_boosting,dratings_only,"{""l2_regularization"":0.0,""learning_rate"":0.1,""loss"":""poisson"",""max_iter"":300,""max_leaf_nodes"":15,""min_samples_leaf"":10}",ok,757,2.7996094776817175,2.9313370925151414,2.5402906208718625,2.412931191958497,1.102082358088955,1.2148448750981047,9.265765900257975,
77e0491c41c7ce9d324d,home,hist_gradient_boosting,dratings_only,"{""l2_regularization"":5.0,""learning_rate"":0.1,""loss"":""poisson"",""max_iter"":300,""max_leaf_nodes"":15,""min_samples_leaf"":10}",ok,757,2.797691871747794,2.8997009529045417,2.5402906208718625,2.412931191958497,1.1013274814940615,1.2017337927282334,9.418109799735248,
67de4c928c89d1df280d,home,hist_gradient_boosting,dratings_only,"{""l2_regularization"":0.0,""learning_rate"":0.1,""loss"":""poisson"",""max_iter"":300,""max_leaf_nodes"":15,""min_samples_leaf"":30}",ok,757,2.755376736965268,2.8115059180826907,2.5402906208718625,2.412931191958497,1.0846698855344294,1.1651827981885732,8.930529800243676,
cfdaf131d4f11077f638,home,hist_gradient_boosting,dratings_only,"{""l2_regularization"":5.0,""learning_rate"":0.1,""loss"":""poisson"",""max_iter"":300,""max_leaf_nodes"":15,""min_samples_leaf"":30}",ok,757,2.7563432482715338,2.8245796043373823,2.5402906208718625,2.412931191958497,1.0850503582639373,1.1706009743463774,8.991973599884659,
e7088baf28c2e52c0d81,home,hist_gradient_boosting,dratings_only,"{""l2_regularization"":0.0,""learning_rate"":0.1,""loss"":""poisson"",""max_iter"":300,""max_leaf_nodes"":31,""min_samples_leaf"":10}",ok,757,2.8635173102974787,3.1712806990101154,2.5402906208718625,2.412931191958497,1.1272400436272447,1.3142855915572507,18.19153039995581,
0fbe44f5e74222d64f2d,home,hist_gradient_boosting,dratings_only,"{""l2_regularization"":5.0,""learning_rate"":0.1,""loss"":""poisson"",""max_iter"":300,""max_leaf_nodes"":31,""min_samples_leaf"":10}",ok,757,2.85302609346594,3.132392827376555,2.5402906208718625,2.412931191958497,1.1231101158365662,1.298169147058891,18.033492899965495,
9947813980fc0481b082,home,hist_gradient_boosting,dratings_only,"{""l2_regularization"":0.0,""learning_rate"":0.1,""loss"":""poisson"",""max_iter"":300,""max_leaf_nodes"":31,""min_samples_leaf"":30}",ok,757,2.8550210912246987,3.037164799541704,2.5402906208718625,2.412931191958497,1.1238954581680172,1.2587034432078177,16.47980189975351,
77bbde05d0e2a3fc32d7,home,hist_gradient_boosting,dratings_only,"{""l2_regularization"":5.0,""learning_rate"":0.1,""loss"":""poisson"",""max_iter"":300,""max_leaf_nodes"":31,""min_samples_leaf"":30}",ok,757,2.8403229491158837,3.0357186083782812,2.5402906208718625,2.412931191958497,1.1181094500679791,1.2581040928540892,16.470059600193053,
d5b2362b413ee6458cf5,home,hist_gradient_boosting,dratings_only,"{""l2_regularization"":0.0,""learning_rate"":0.025,""loss"":""squared_error"",""max_iter"":300,""max_leaf_nodes"":15,""min_samples_leaf"":10}",ok,757,2.6550727713107,2.59714051360731,2.5402906208718625,2.412931191958497,1.0451846530848674,1.076342550613429,9.3258450999856,
6d8752cfec244f163e34,home,hist_gradient_boosting,dratings_only,"{""l2_regularization"":5.0,""learning_rate"":0.025,""loss"":""squared_error"",""max_iter"":300,""max_leaf_nodes"":15,""min_samples_leaf"":10}",ok,757,2.647860684701598,2.562945131539112,2.5402906208718625,2.412931191958497,1.0423455737488871,1.0621708319244916,9.720813900232315,
9c97c079335b71b47244,home,hist_gradient_boosting,dratings_only,"{""l2_regularization"":0.0,""learning_rate"":0.025,""loss"":""squared_error"",""max_iter"":300,""max_leaf_nodes"":15,""min_samples_leaf"":30}",ok,757,2.6698301935138296,2.604475263077677,2.5402906208718625,2.412931191958497,1.0509939971346693,1.079382317969751,9.131038499996066,
e751baf2d7bd3e1b8548,home,hist_gradient_boosting,dratings_only,"{""l2_regularization"":5.0,""learning_rate"":0.025,""loss"":""squared_error"",""max_iter"":300,""max_leaf_nodes"":15,""min_samples_leaf"":30}",ok,757,2.662461508293194,2.588889746307775,2.5402906208718625,2.412931191958497,1.0480932718554072,1.072923154599555,9.128300500102341,
1b57470fdddf5be8b00a,home,hist_gradient_boosting,dratings_only,"{""l2_regularization"":0.0,""learning_rate"":0.025,""loss"":""squared_error"",""max_iter"":300,""max_leaf_nodes"":31,""min_samples_leaf"":10}",ok,757,2.7279687377541104,2.750385816667335,2.5402906208718625,2.412931191958497,1.0738805691522941,1.1398525684584222,18.44865670008585,
a0446fd4d6ec121667ff,home,hist_gradient_boosting,dratings_only,"{""l2_regularization"":5.0,""learning_rate"":0.025,""loss"":""squared_error"",""max_iter"":300,""max_leaf_nodes"":31,""min_samples_leaf"":10}",ok,757,2.714532125251737,2.7186240000613306,2.5402906208718625,2.412931191958497,1.0685911694308712,1.1266894013064304,18.862825199961662,
38c8a5e56e955fd3d918,home,hist_gradient_boosting,dratings_only,"{""l2_regularization"":0.0,""learning_rate"":0.025,""loss"":""squared_error"",""max_iter"":300,""max_leaf_nodes"":31,""min_samples_leaf"":30}",ok,757,2.7228168628419476,2.733849954324766,2.5402906208718625,2.412931191958497,1.071852503989264,1.132999549856948,16.135669199749827,
5177ded35ac1b077d955,home,hist_gradient_boosting,dratings_only,"{""l2_regularization"":5.0,""learning_rate"":0.025,""loss"":""squared_error"",""max_iter"":300,""max_leaf_nodes"":31,""min_samples_leaf"":30}",ok,757,2.7060857819761086,2.7067125442271154,2.5402906208718625,2.412931191958497,1.0652662178657901,1.1217528926012041,16.091514099854976,
0f9ea84647220123c27a,home,hist_gradient_boosting,dratings_only,"{""l2_regularization"":0.0,""learning_rate"":0.05,""loss"":""squared_error"",""max_iter"":300,""max_leaf_nodes"":15,""min_samples_leaf"":10}",ok,757,2.731718090742876,2.7797030887179384,2.5402906208718625,2.412931191958497,1.0753565235009659,1.1520026339672556,9.024566300213337,
eab454806e84d80efe24,home,hist_gradient_boosting,dratings_only,"{""l2_regularization"":5.0,""learning_rate"":0.05,""loss"":""squared_error"",""max_iter"":300,""max_leaf_nodes"":15,""min_samples_leaf"":10}",ok,757,2.694036743268142,2.676395495835488,2.5402906208718625,2.412931191958497,1.060523044541853,1.109188486084904,9.292036099825054,
9c11e4541bedc3bdd289,home,hist_gradient_boosting,dratings_only,"{""l2_regularization"":0.0,""learning_rate"":0.05,""loss"":""squared_error"",""max_iter"":300,""max_leaf_nodes"":15,""min_samples_leaf"":30}",ok,757,2.7153831899935748,2.7195782882769617,2.5402906208718625,2.412931191958497,1.0689261959569092,1.1270848905018171,9.02401589974761,
39ec6d5ac726fcff5fcf,home,hist_gradient_boosting,dratings_only,"{""l2_regularization"":5.0,""learning_rate"":0.05,""loss"":""squared_error"",""max_iter"":300,""max_leaf_nodes"":15,""min_samples_leaf"":30}",ok,757,2.706072058704257,2.712443602021079,2.5402906208718625,2.412931191958497,1.0652608156209686,1.1241280360835644,9.252108799759299,
01324c3bc1c84d34fb31,home,hist_gradient_boosting,dratings_only,"{""l2_regularization"":0.0,""learning_rate"":0.05,""loss"":""squared_error"",""max_iter"":300,""max_leaf_nodes"":31,""min_samples_leaf"":10}",failed,757,,,2.5402906208718625,2.412931191958497,,,6.567766199819744,RuntimeError: hist_gradient_boosting emitted invalid predictions: nonfinite=0 nonpositive=1
9c5a18a85cf4dd58a2dd,home,hist_gradient_boosting,dratings_only,"{""l2_regularization"":5.0,""learning_rate"":0.05,""loss"":""squared_error"",""max_iter"":300,""max_leaf_nodes"":31,""min_samples_leaf"":10}",ok,757,2.806193721395943,2.956763753028613,2.5402906208718625,2.412931191958497,1.1046742834616374,1.2253825400751295,8.535726699978113,
d1a2d2f2a02ef9921e26,home,hist_gradient_boosting,dratings_only,"{""l2_regularization"":0.0,""learning_rate"":0.05,""loss"":""squared_error"",""max_iter"":300,""max_leaf_nodes"":31,""min_samples_leaf"":30}",ok,757,2.7925974135215164,2.902329515047748,2.5402906208718625,2.412931191958497,1.0993220187393593,1.202823157461039,16.46578700002283,
a02322227d1188333d65,home,hist_gradient_boosting,dratings_only,"{""l2_regularization"":5.0,""learning_rate"":0.05,""loss"":""squared_error"",""max_iter"":300,""max_leaf_nodes"":31,""min_samples_leaf"":30}",ok,757,2.7766174245081174,2.8876983414896857,2.5402906208718625,2.412931191958497,1.093031404239545,1.196759506078512,4.989696300122887,
e814ce2efbe7a912cb2d,home,hist_gradient_boosting,dratings_only,"{""l2_regularization"":0.0,""learning_rate"":0.1,""loss"":""squared_error"",""max_iter"":300,""max_leaf_nodes"":15,""min_samples_leaf"":10}",failed,757,,,2.5402906208718625,2.412931191958497,,,0.6435341001488268,RuntimeError: hist_gradient_boosting emitted invalid predictions: nonfinite=0 nonpositive=1
7bcd4a011d30f35feaf2,home,hist_gradient_boosting,dratings_only,"{""l2_regularization"":5.0,""learning_rate"":0.1,""loss"":""squared_error"",""max_iter"":300,""max_leaf_nodes"":15,""min_samples_leaf"":10}",failed,757,,,2.5402906208718625,2.412931191958497,,,0.6039460003376007,RuntimeError: hist_gradient_boosting emitted invalid predictions: nonfinite=0 nonpositive=1
5febbcd8c13af03486e2,home,hist_gradient_boosting,dratings_only,"{""l2_regularization"":0.0,""learning_rate"":0.1,""loss"":""squared_error"",""max_iter"":300,""max_leaf_nodes"":15,""min_samples_leaf"":30}",ok,757,2.7717356811964633,2.8758874204309732,2.5402906208718625,2.412931191958497,1.0911096779332932,1.1918646623722038,1.554877799935639,
c14b0c4dae580a42c002,home,hist_gradient_boosting,dratings_only,"{""l2_regularization"":5.0,""learning_rate"":0.1,""loss"":""squared_error"",""max_iter"":300,""max_leaf_nodes"":15,""min_samples_leaf"":30}",ok,757,2.7863374612122245,2.9095617146479826,2.5402906208718625,2.412931191958497,1.0968577525416818,1.2058204246953212,1.6081880000419915,
97e49ec94687e37d28e0,home,hist_gradient_boosting,dratings_only,"{""l2_regularization"":0.0,""learning_rate"":0.1,""loss"":""squared_error"",""max_iter"":300,""max_leaf_nodes"":31,""min_samples_leaf"":10}",failed,757,,,2.5402906208718625,2.412931191958497,,,0.715608200058341,RuntimeError: hist_gradient_boosting emitted invalid predictions: nonfinite=0 nonpositive=2
467957f171848226ebae,home,hist_gradient_boosting,dratings_only,"{""l2_regularization"":5.0,""learning_rate"":0.1,""loss"":""squared_error"",""max_iter"":300,""max_leaf_nodes"":31,""min_samples_leaf"":10}",failed,757,,,2.5402906208718625,2.412931191958497,,,0.7404567999765277,RuntimeError: hist_gradient_boosting emitted invalid predictions: nonfinite=0 nonpositive=2
2786cb9a3d4d97fcf8db,home,hist_gradient_boosting,dratings_only,"{""l2_regularization"":0.0,""learning_rate"":0.1,""loss"":""squared_error"",""max_iter"":300,""max_leaf_nodes"":31,""min_samples_leaf"":30}",failed,757,,,2.5402906208718625,2.412931191958497,,,1.2045960002578795,RuntimeError: hist_gradient_boosting emitted invalid predictions: nonfinite=0 nonpositive=1
c4c8d65fd8cdc56bfd99,home,hist_gradient_boosting,dratings_only,"{""l2_regularization"":5.0,""learning_rate"":0.1,""loss"":""squared_error"",""max_iter"":300,""max_leaf_nodes"":31,""min_samples_leaf"":30}",ok,757,2.8698103416353224,3.1279041573130932,2.5402906208718625,2.412931191958497,1.1297173315745914,1.2963088909196272,3.088675200007856,
b73abd6923544fd3d855,home,random_forest,dratings_only,"{""criterion"":""poisson"",""max_depth"":null,""max_features"":0.6,""max_samples"":null,""min_samples_leaf"":2,""n_estimators"":400}",ok,757,2.722520980588104,2.6942856026873065,2.5402906208718625,2.412931191958497,1.071736028239831,1.1166027492480808,2.705810900311917,
87667d077369a039167f,home,random_forest,dratings_only,"{""criterion"":""poisson"",""max_depth"":null,""max_features"":1.0,""max_samples"":null,""min_samples_leaf"":2,""n_estimators"":400}",ok,757,2.716275023385905,2.6915794667607607,2.5402906208718625,2.412931191958497,1.0692772712964795,1.1154812353252783,3.0979412999004126,
c2208691e0caad225221,home,random_forest,dratings_only,"{""criterion"":""poisson"",""max_depth"":null,""max_features"":0.6,""max_samples"":null,""min_samples_leaf"":8,""n_estimators"":400}",ok,757,2.6348473445424143,2.5287538561990823,2.5402906208718625,2.412931191958497,1.0372227976175807,1.048000815202101,4.817791000008583,
c17897fd28780b020450,home,random_forest,dratings_only,"{""criterion"":""poisson"",""max_depth"":null,""max_features"":1.0,""max_samples"":null,""min_samples_leaf"":8,""n_estimators"":400}",ok,757,2.6462337930237423,2.5462920362723738,2.5402906208718625,2.412931191958497,1.0417051384914056,1.055269228048576,4.870215400122106,
99da9ad7c3b6e3b7f909,home,random_forest,dratings_only,"{""criterion"":""poisson"",""max_depth"":14,""max_features"":0.6,""max_samples"":null,""min_samples_leaf"":2,""n_estimators"":400}",ok,757,2.662707131645398,2.593346082351311,2.5402906208718625,2.412931191958497,1.0481899628994105,1.0747700104313282,4.832776499912143,
e43878b621984e7f0c58,home,random_forest,dratings_only,"{""criterion"":""poisson"",""max_depth"":14,""max_features"":1.0,""max_samples"":null,""min_samples_leaf"":2,""n_estimators"":400}",ok,757,2.6603715220390765,2.587544381875718,2.5402906208718625,2.412931191958497,1.0472705367569324,1.0723655902410931,5.071818500291556,
dfd9af79b13631cbae01,home,random_forest,dratings_only,"{""criterion"":""poisson"",""max_depth"":14,""max_features"":0.6,""max_samples"":null,""min_samples_leaf"":8,""n_estimators"":400}",ok,757,2.6304929035091704,2.5219267806369037,2.5402906208718625,2.412931191958497,1.0355086468832253,1.0451714450215792,4.644992499612272,
f56e8b82eeb931f654f2,home,random_forest,dratings_only,"{""criterion"":""poisson"",""max_depth"":14,""max_features"":1.0,""max_samples"":null,""min_samples_leaf"":8,""n_estimators"":400}",ok,757,2.6427562451553768,2.538332924078547,2.5402906208718625,2.412931191958497,1.0403361817902341,1.0519707037390758,4.679760300088674,
bd3ff846074dc3288b00,home,random_forest,dratings_only,"{""criterion"":""squared_error"",""max_depth"":null,""max_features"":0.6,""max_samples"":null,""min_samples_leaf"":2,""n_estimators"":400}",ok,757,2.7183106374764234,2.693046290757074,2.5402906208718625,2.412931191958497,1.0700786024803186,1.1160891366202683,4.7241528001613915,
8f4e23f8da4e5a92f12c,home,random_forest,dratings_only,"{""criterion"":""squared_error"",""max_depth"":null,""max_features"":1.0,""max_samples"":null,""min_samples_leaf"":2,""n_estimators"":400}",ok,757,2.717100239524529,2.690156388740537,2.5402906208718625,2.412931191958497,1.0696021223713306,1.114891463836988,4.864805699791759,
2774c0fbc2ae3c38e202,home,random_forest,dratings_only,"{""criterion"":""squared_error"",""max_depth"":null,""max_features"":0.6,""max_samples"":null,""min_samples_leaf"":8,""n_estimators"":400}",ok,757,2.6340522019667887,2.524169247203161,2.5402906208718625,2.412931191958497,1.0369097851736138,1.0461007987361528,4.792077700141817,
efa760b245405f1d800d,home,random_forest,dratings_only,"{""criterion"":""squared_error"",""max_depth"":null,""max_features"":1.0,""max_samples"":null,""min_samples_leaf"":8,""n_estimators"":400}",ok,757,2.6429090934324133,2.542340854781781,2.5402906208718625,2.412931191958497,1.040396351392791,1.0536317252868892,4.533023399766535,
fb377b9b99981950f0b0,home,random_forest,dratings_only,"{""criterion"":""squared_error"",""max_depth"":14,""max_features"":0.6,""max_samples"":null,""min_samples_leaf"":2,""n_estimators"":400}",ok,757,2.665258115254801,2.5934889135371506,2.5402906208718625,2.412931191958497,1.04919417225579,1.0748292044880488,4.726150299888104,
1b94a45e784ecf6496e6,home,random_forest,dratings_only,"{""criterion"":""squared_error"",""max_depth"":14,""max_features"":1.0,""max_samples"":null,""min_samples_leaf"":2,""n_estimators"":400}",ok,757,2.664658237222284,2.592347448717732,2.5402906208718625,2.412931191958497,1.0489580268212526,1.074356143000335,4.626733399927616,
0d949d0e2ef5a59589bd,home,random_forest,dratings_only,"{""criterion"":""squared_error"",""max_depth"":14,""max_features"":0.6,""max_samples"":null,""min_samples_leaf"":8,""n_estimators"":400}",ok,757,2.6315551900735357,2.52059475761651,2.5402906208718625,2.412931191958497,1.0359268220934303,1.0446194097937065,4.518351099919528,
8f50fcec2a204145356f,home,random_forest,dratings_only,"{""criterion"":""squared_error"",""max_depth"":14,""max_features"":1.0,""max_samples"":null,""min_samples_leaf"":8,""n_estimators"":400}",ok,757,2.6368221638540192,2.5328336372908358,2.5402906208718625,2.412931191958497,1.0380001965873598,1.0496916139722234,4.544594999868423,
05d4cd699c85cc948cb1,home,extra_trees,dratings_only,"{""criterion"":""poisson"",""max_depth"":null,""max_features"":0.6,""max_samples"":null,""min_samples_leaf"":2,""n_estimators"":400}",ok,757,2.7236214184768337,2.6919939626270963,2.5402906208718625,2.412931191958497,1.0721692219380983,1.1156530163805016,3.0662221000529826,
79227832c11210d9f83f,home,extra_trees,dratings_only,"{""criterion"":""poisson"",""max_depth"":null,""max_features"":1.0,""max_samples"":null,""min_samples_leaf"":2,""n_estimators"":400}",ok,757,2.7580826315194487,2.7577790900065184,2.5402906208718625,2.412931191958497,1.0857350764743747,1.1429165900781943,3.2117830999195576,
74ddbe92b0e0abcec963,home,extra_trees,dratings_only,"{""criterion"":""poisson"",""max_depth"":null,""max_features"":0.6,""max_samples"":null,""min_samples_leaf"":8,""n_estimators"":400}",ok,757,2.5915931704591944,2.454627141955731,2.5402906208718625,2.412931191958497,1.020195543441295,1.017280206802495,3.034816099796444,
8cf97a0c871b00b19079,home,extra_trees,dratings_only,"{""criterion"":""poisson"",""max_depth"":null,""max_features"":1.0,""max_samples"":null,""min_samples_leaf"":8,""n_estimators"":400}",ok,757,2.611481522406017,2.484585761680329,2.5402906208718625,2.412931191958497,1.0280247074682034,1.029696068400389,2.946626600343734,
8126eaa5597b7ad41692,home,extra_trees,dratings_only,"{""criterion"":""poisson"",""max_depth"":14,""max_features"":0.6,""max_samples"":null,""min_samples_leaf"":2,""n_estimators"":400}",ok,757,2.672241349787882,2.6003734545273827,2.5402906208718625,2.412931191958497,1.0519431626570082,1.0776823902784998,2.9497887999750674,
61f190e7e8b545b90f8e,home,extra_trees,dratings_only,"{""criterion"":""poisson"",""max_depth"":14,""max_features"":1.0,""max_samples"":null,""min_samples_leaf"":2,""n_estimators"":400}",ok,757,2.695544013391877,2.6398903236313904,2.5402906208718625,2.412931191958497,1.0611163900871818,1.0940595125253771,3.035885399673134,
b88657753fb20ca31be4,home,extra_trees,dratings_only,"{""criterion"":""poisson"",""max_depth"":14,""max_features"":0.6,""max_samples"":null,""min_samples_leaf"":8,""n_estimators"":400}",ok,757,2.5905301315748837,2.4529904062796013,2.5402906208718625,2.412931191958497,1.0197770720760202,1.0166018883814874,3.054350200109184,
24fe793d89849fbcdf56,home,extra_trees,dratings_only,"{""criterion"":""poisson"",""max_depth"":14,""max_features"":1.0,""max_samples"":null,""min_samples_leaf"":8,""n_estimators"":400}",ok,757,2.6096415322575974,2.4814746569505908,2.5402906208718625,2.412931191958497,1.0273003847732716,1.0284067217583852,2.9719962999224663,
f45e90ffded2bffc5aae,home,extra_trees,dratings_only,"{""criterion"":""squared_error"",""max_depth"":null,""max_features"":0.6,""max_samples"":null,""min_samples_leaf"":2,""n_estimators"":400}",ok,757,2.7257662691617712,2.6977547909015236,2.5402906208718625,2.412931191958497,1.073013554735029,1.1180404977532097,3.0408386001363397,
1d028feee68af9628504,home,extra_trees,dratings_only,"{""criterion"":""squared_error"",""max_depth"":null,""max_features"":1.0,""max_samples"":null,""min_samples_leaf"":2,""n_estimators"":400}",ok,757,2.7549047821296497,2.7602161598272374,2.5402906208718625,2.412931191958497,1.0844840978014274,1.1439265939394072,3.15296610025689,
413f3e3f93ca482c4b5b,home,extra_trees,dratings_only,"{""criterion"":""squared_error"",""max_depth"":null,""max_features"":0.6,""max_samples"":null,""min_samples_leaf"":8,""n_estimators"":400}",ok,757,2.5910730951135097,2.4540126717633326,2.5402906208718625,2.412931191958497,1.0199908127929938,1.01702554964756,2.8443909003399312,
58c6d5e72460bc222b08,home,extra_trees,dratings_only,"{""criterion"":""squared_error"",""max_depth"":null,""max_features"":1.0,""max_samples"":null,""min_samples_leaf"":8,""n_estimators"":400}",ok,757,2.611051268071799,2.484870834496896,2.5402906208718625,2.412931191958497,1.0278553353771982,1.0298142121823242,2.863435300067067,
8b58dda60a292ba6f616,home,extra_trees,dratings_only,"{""criterion"":""squared_error"",""max_depth"":14,""max_features"":0.6,""max_samples"":null,""min_samples_leaf"":2,""n_estimators"":400}",ok,757,2.670675496673896,2.60352544862908,2.5402906208718625,2.412931191958497,1.0513267555809356,1.0789886828541861,2.877493599895388,
29754f66b90a6543c35a,home,extra_trees,dratings_only,"{""criterion"":""squared_error"",""max_depth"":14,""max_features"":1.0,""max_samples"":null,""min_samples_leaf"":2,""n_estimators"":400}",ok,757,2.6946779422136364,2.639774305133396,2.5402906208718625,2.412931191958497,1.0607754561912235,1.0940114305500679,3.072756899986416,
706567d8b913efc6fc17,home,extra_trees,dratings_only,"{""criterion"":""squared_error"",""max_depth"":14,""max_features"":0.6,""max_samples"":null,""min_samples_leaf"":8,""n_estimators"":400}",ok,757,2.5898434038834988,2.452195906945107,2.5402906208718625,2.412931191958497,1.0195067377742115,1.0162726210832147,2.927069699857384,
f4b71d7bd2b92200a826,home,extra_trees,dratings_only,"{""criterion"":""squared_error"",""max_depth"":14,""max_features"":1.0,""max_samples"":null,""min_samples_leaf"":8,""n_estimators"":400}",ok,757,2.6090232533097906,2.482108873915431,2.5402906208718625,2.412931191958497,1.0270569957126945,1.0286695626412723,3.0642460002563894,
1e53437cd717224c3e7d,home,poisson_glm,dratings_only,"{""alpha"":0.0,""solver"":""lbfgs""}",ok,757,2.552815427401009,2.408055593920444,2.5402906208718625,2.412931191958497,1.0049304620606156,0.9979793878688701,0.19427690003067255,
5c393da612cece2cb690,home,poisson_glm,dratings_only,"{""alpha"":0.01,""solver"":""lbfgs""}",ok,757,2.5534085144203127,2.4083520397079123,2.5402906208718625,2.412931191958497,1.0051639341737788,0.9981022449932077,0.15105640003457665,
22258e316805787e4734,home,poisson_glm,dratings_only,"{""alpha"":0.1,""solver"":""lbfgs""}",ok,757,2.5539041439836367,2.408708095424015,2.5402906208718625,2.412931191958497,1.0053590415993827,0.9982498064807832,0.13618249958381057,
711dcecdbd0f265e3316,home,poisson_glm,dratings_only,"{""alpha"":1.0,""solver"":""lbfgs""}",ok,757,2.5547217133504136,2.408399701859047,2.5402906208718625,2.412931191958497,1.005680882478556,0.9981219977948182,0.120573699939996,
8e6c1181e70bbb41d48d,home,poisson_glm,dratings_only,"{""alpha"":10.0,""solver"":""lbfgs""}",ok,757,2.5611837066172747,2.4112340097608387,2.5402906208718625,2.412931191958497,1.0082246832601545,0.9992966305034663,0.12116850027814507,
d09d77bc75af60c5f499,home,tweedie_glm,dratings_only,"{""alpha"":0.01,""power"":1.2,""solver"":""lbfgs""}",ok,757,2.55336052938047,2.4084262406537795,2.5402906208718625,2.412931191958497,1.0051450445871117,0.9981329963656937,0.15240000002086163,
2ea48b5d1a231aac80d1,home,tweedie_glm,dratings_only,"{""alpha"":0.1,""power"":1.2,""solver"":""lbfgs""}",ok,757,2.5538403232327913,2.4087501174163775,2.5402906208718625,2.412931191958497,1.0053339181940837,0.9982672218105292,0.12123419996351004,
1d137cbfedbd687e2ef6,home,tweedie_glm,dratings_only,"{""alpha"":1.0,""power"":1.2,""solver"":""lbfgs""}",ok,757,2.554751846377166,2.4083513645856933,2.5402906208718625,2.412931191958497,1.0056927445176884,0.998101965199809,0.11660399986431003,
5663cde844ba173bd7e9,home,tweedie_glm,dratings_only,"{""alpha"":0.01,""power"":1.5,""solver"":""lbfgs""}",ok,757,2.5533000643899686,2.4085632754396724,2.5402906208718625,2.412931191958497,1.005121242196155,0.9981897881989419,0.14600079972296953,
d154332f1fc193924086,home,tweedie_glm,dratings_only,"{""alpha"":0.1,""power"":1.5,""solver"":""lbfgs""}",ok,757,2.553748904736549,2.408793122136359,2.5402906208718625,2.412931191958497,1.0052979307777263,0.9982850444157177,0.1186281000263989,
f9f89eb091b322666fe2,home,tweedie_glm,dratings_only,"{""alpha"":1.0,""power"":1.5,""solver"":""lbfgs""}",ok,757,2.5548038739233667,2.408344106306547,2.5402906208718625,2.412931191958497,1.0057132254602126,0.9980989571243319,0.10940549988299608,
36689364e2f675f10f4f,home,tweedie_glm,dratings_only,"{""alpha"":0.01,""power"":1.8,""solver"":""lbfgs""}",ok,757,2.5532500348440066,2.408716997780095,2.5402906208718625,2.412931191958497,1.005101547777906,0.9982534959171457,0.1365470001474023,
9ceda0a01a2e92855d3b,home,tweedie_glm,dratings_only,"{""alpha"":0.1,""power"":1.8,""solver"":""lbfgs""}",ok,757,2.553655496726517,2.4088042848097095,2.5402906208718625,2.412931191958497,1.0052611601778332,0.9982896706037283,0.12540500005707145,
3642401dbd0b996e010e,home,tweedie_glm,dratings_only,"{""alpha"":1.0,""power"":1.8,""solver"":""lbfgs""}",ok,757,2.5550710307355873,2.4085535905928785,2.5402906208718625,2.412931191958497,1.0058183932744875,0.998185774472058,0.11644160002470016,
8a95ef054d429dc46088,home,lightgbm,dratings_only,"{""colsample_bytree"":0.9,""learning_rate"":0.025,""min_child_samples"":10,""n_estimators"":500,""num_leaves"":15,""objective"":""poisson"",""reg_lambda"":1.0,""subsample"":0.9,""tweedie_variance_power"":null}",ok,757,2.6447915432033056,2.5543140746395174,2.5402906208718625,2.412931191958497,1.0411373885620918,1.058593831084866,0.8949184003286064,
721f93aad760e565a769,home,lightgbm,dratings_only,"{""colsample_bytree"":0.9,""learning_rate"":0.025,""min_child_samples"":30,""n_estimators"":500,""num_leaves"":15,""objective"":""poisson"",""reg_lambda"":1.0,""subsample"":0.9,""tweedie_variance_power"":null}",ok,757,2.6610622111022457,2.5851840247365665,2.5402906208718625,2.412931191958497,1.047542430475507,1.0713873787002843,0.8853743998333812,
9a805a4495bced2b71bd,home,lightgbm,dratings_only,"{""colsample_bytree"":0.9,""learning_rate"":0.025,""min_child_samples"":10,""n_estimators"":500,""num_leaves"":31,""objective"":""poisson"",""reg_lambda"":1.0,""subsample"":0.9,""tweedie_variance_power"":null}",ok,757,2.6787979075001114,2.660799105587415,2.5402906208718625,2.412931191958497,1.054524189275915,1.1027248163789254,1.6510036000981927,
86fe3e5d4466f8f0e8cd,home,lightgbm,dratings_only,"{""colsample_bytree"":0.9,""learning_rate"":0.025,""min_child_samples"":30,""n_estimators"":500,""num_leaves"":31,""objective"":""poisson"",""reg_lambda"":1.0,""subsample"":0.9,""tweedie_variance_power"":null}",ok,757,2.71107209250347,2.6975961980112375,2.5402906208718625,2.412931191958497,1.0672291076573723,1.1179747715150083,1.7281829002313316,
8de69ed938984162bb96,home,lightgbm,dratings_only,"{""colsample_bytree"":0.9,""learning_rate"":0.05,""min_child_samples"":10,""n_estimators"":500,""num_leaves"":15,""objective"":""poisson"",""reg_lambda"":1.0,""subsample"":0.9,""tweedie_variance_power"":null}",ok,757,2.6963831704502357,2.663102352238446,2.5402906208718625,2.412931191958497,1.061446729085194,1.1036793594088745,0.8703955998644233,
32947f8cc82a5eeb1565,home,lightgbm,dratings_only,"{""colsample_bytree"":0.9,""learning_rate"":0.05,""min_child_samples"":30,""n_estimators"":500,""num_leaves"":15,""objective"":""poisson"",""reg_lambda"":1.0,""subsample"":0.9,""tweedie_variance_power"":null}",ok,757,2.6985570869700273,2.6859433757584172,2.5402906208718625,2.412931191958497,1.0623025038150342,1.1131454492816786,0.8912921999581158,
6f8a07bb64ebef8a7696,home,lightgbm,dratings_only,"{""colsample_bytree"":0.9,""learning_rate"":0.05,""min_child_samples"":10,""n_estimators"":500,""num_leaves"":31,""objective"":""poisson"",""reg_lambda"":1.0,""subsample"":0.9,""tweedie_variance_power"":null}",ok,757,2.7473545775019326,2.846637664339276,2.5402906208718625,2.412931191958497,1.0815119163645153,1.1797425777519803,1.9173832000233233,
a8b76d92cb0262ad30ed,home,lightgbm,dratings_only,"{""colsample_bytree"":0.9,""learning_rate"":0.05,""min_child_samples"":30,""n_estimators"":500,""num_leaves"":31,""objective"":""poisson"",""reg_lambda"":1.0,""subsample"":0.9,""tweedie_variance_power"":null}",ok,757,2.7704312746830153,2.820988095801556,2.5402906208718625,2.412931191958497,1.0905961908138548,1.1691125321778664,1.5688408999703825,
0b153ccbe9f2c4cf9c3a,home,lightgbm,dratings_only,"{""colsample_bytree"":0.9,""learning_rate"":0.1,""min_child_samples"":10,""n_estimators"":500,""num_leaves"":15,""objective"":""poisson"",""reg_lambda"":1.0,""subsample"":0.9,""tweedie_variance_power"":null}",ok,757,2.7662898549081545,2.819217307407956,2.5402906208718625,2.412931191958497,1.088965897121931,1.1683786577932584,1.0400160998106003,
303b8d62894caa2f3761,home,lightgbm,dratings_only,"{""colsample_bytree"":0.9,""learning_rate"":0.1,""min_child_samples"":30,""n_estimators"":500,""num_leaves"":15,""objective"":""poisson"",""reg_lambda"":1.0,""subsample"":0.9,""tweedie_variance_power"":null}",ok,757,2.75266537072785,2.792572006647997,2.5402906208718625,2.412931191958497,1.0836025406349363,1.1573359472307863,0.9058035998605192,
fdf526b49f828000a3d4,home,lightgbm,dratings_only,"{""colsample_bytree"":0.9,""learning_rate"":0.1,""min_child_samples"":10,""n_estimators"":500,""num_leaves"":31,""objective"":""poisson"",""reg_lambda"":1.0,""subsample"":0.9,""tweedie_variance_power"":null}",ok,757,2.8111880507970692,3.018945504942209,2.5402906208718625,2.412931191958497,1.1066403299289556,1.2511527535486124,1.6558611001819372,
cd612e5e2a1f934e15bf,home,lightgbm,dratings_only,"{""colsample_bytree"":0.9,""learning_rate"":0.1,""min_child_samples"":30,""n_estimators"":500,""num_leaves"":31,""objective"":""poisson"",""reg_lambda"":1.0,""subsample"":0.9,""tweedie_variance_power"":null}",ok,757,2.835199716379648,2.9895197790433268,2.5402906208718625,2.412931191958497,1.116092660062087,1.2389577411102353,1.6205728999339044,
58ff15d07d6055028d79,home,lightgbm,dratings_only,"{""colsample_bytree"":0.9,""learning_rate"":0.025,""min_child_samples"":10,""n_estimators"":500,""num_leaves"":15,""objective"":""tweedie"",""reg_lambda"":1.0,""subsample"":0.9,""tweedie_variance_power"":1.5}",ok,757,2.674587256371898,2.7216136000757083,2.5402906208718625,2.412931191958497,1.0528666422639246,1.1279283922997672,0.9025563998147845,
23c2132841e72bd45eea,home,lightgbm,dratings_only,"{""colsample_bytree"":0.9,""learning_rate"":0.025,""min_child_samples"":30,""n_estimators"":500,""num_leaves"":15,""objective"":""tweedie"",""reg_lambda"":1.0,""subsample"":0.9,""tweedie_variance_power"":1.5}",ok,757,2.6897651417420523,2.7054698054173594,2.5402906208718625,2.412931191958497,1.0588415040555037,1.1212378597590338,0.8887761002406478,
386021ab63a17fa55c90,home,lightgbm,dratings_only,"{""colsample_bytree"":0.9,""learning_rate"":0.025,""min_child_samples"":10,""n_estimators"":500,""num_leaves"":31,""objective"":""tweedie"",""reg_lambda"":1.0,""subsample"":0.9,""tweedie_variance_power"":1.5}",ok,757,2.732656136789377,2.9149775662824657,2.5402906208718625,2.412931191958497,1.0757257907173992,1.208064936122971,1.7074374998919666,
90eea5509284c869dabc,home,lightgbm,dratings_only,"{""colsample_bytree"":0.9,""learning_rate"":0.025,""min_child_samples"":30,""n_estimators"":500,""num_leaves"":31,""objective"":""tweedie"",""reg_lambda"":1.0,""subsample"":0.9,""tweedie_variance_power"":1.5}",ok,757,2.7322294221648016,2.820207479477326,2.5402906208718625,2.412931191958497,1.0755578120534346,1.1687890184668948,1.5836738999933004,
6940a9f87984c04961e3,home,lightgbm,dratings_only,"{""colsample_bytree"":0.9,""learning_rate"":0.05,""min_child_samples"":10,""n_estimators"":500,""num_leaves"":15,""objective"":""tweedie"",""reg_lambda"":1.0,""subsample"":0.9,""tweedie_variance_power"":1.5}",ok,757,2.7282761600693157,2.8552578159785877,2.5402906208718625,2.412931191958497,1.074001587713194,1.1833150590842454,0.8934519002214074,
0c27d524b2f823e9c3cb,home,lightgbm,dratings_only,"{""colsample_bytree"":0.9,""learning_rate"":0.05,""min_child_samples"":30,""n_estimators"":500,""num_leaves"":15,""objective"":""tweedie"",""reg_lambda"":1.0,""subsample"":0.9,""tweedie_variance_power"":1.5}",ok,757,2.731671499606511,2.818453506377879,2.5402906208718625,2.412931191958497,1.0753381826324122,1.1680621129068471,0.8634650995954871,
c038a010c72cdce4ef08,home,lightgbm,dratings_only,"{""colsample_bytree"":0.9,""learning_rate"":0.05,""min_child_samples"":10,""n_estimators"":500,""num_leaves"":31,""objective"":""tweedie"",""reg_lambda"":1.0,""subsample"":0.9,""tweedie_variance_power"":1.5}",ok,757,2.796673486880896,3.129991707334907,2.5402906208718625,2.412931191958497,1.1009265884393333,1.2971740419976068,1.6312246001325548,
1449979a5adc0ea7e745,home,lightgbm,dratings_only,"{""colsample_bytree"":0.9,""learning_rate"":0.05,""min_child_samples"":30,""n_estimators"":500,""num_leaves"":31,""objective"":""tweedie"",""reg_lambda"":1.0,""subsample"":0.9,""tweedie_variance_power"":1.5}",ok,757,2.8086736331216504,3.0366559170436127,2.5402906208718625,2.412931191958497,1.105650514962605,1.2584925451516331,1.5641308999620378,
8d8af40f057525d00e1b,home,lightgbm,dratings_only,"{""colsample_bytree"":0.9,""learning_rate"":0.1,""min_child_samples"":10,""n_estimators"":500,""num_leaves"":15,""objective"":""tweedie"",""reg_lambda"":1.0,""subsample"":0.9,""tweedie_variance_power"":1.5}",ok,757,2.829730039062411,3.1387456837999634,2.5402906208718625,2.412931191958497,1.113939490156134,1.3008019848474612,0.8548552002757788,
a0896b67d749a43ee9c9,home,lightgbm,dratings_only,"{""colsample_bytree"":0.9,""learning_rate"":0.1,""min_child_samples"":30,""n_estimators"":500,""num_leaves"":15,""objective"":""tweedie"",""reg_lambda"":1.0,""subsample"":0.9,""tweedie_variance_power"":1.5}",ok,757,2.8022430690275173,3.0313646405582353,2.5402906208718625,2.412931191958497,1.10311908645545,1.2562996618638662,0.8929882999509573,
af13a7eefe6629791309,home,lightgbm,dratings_only,"{""colsample_bytree"":0.9,""learning_rate"":0.1,""min_child_samples"":10,""n_estimators"":500,""num_leaves"":31,""objective"":""tweedie"",""reg_lambda"":1.0,""subsample"":0.9,""tweedie_variance_power"":1.5}",ok,757,2.9272591317023227,3.545773857998134,2.5402906208718625,2.412931191958497,1.1523323778984182,1.469488176793034,1.6442598002031446,
6c8f29738100106533bf,home,lightgbm,dratings_only,"{""colsample_bytree"":0.9,""learning_rate"":0.1,""min_child_samples"":30,""n_estimators"":500,""num_leaves"":31,""objective"":""tweedie"",""reg_lambda"":1.0,""subsample"":0.9,""tweedie_variance_power"":1.5}",ok,757,2.9085429936026386,3.3365597744537023,2.5402906208718625,2.412931191958497,1.1449646625882461,1.3827828102074997,1.566977399867028,
eb35af1e36d465ef1126,home,lightgbm,dratings_only,"{""colsample_bytree"":0.9,""learning_rate"":0.025,""min_child_samples"":10,""n_estimators"":500,""num_leaves"":15,""objective"":""regression"",""reg_lambda"":1.0,""subsample"":0.9,""tweedie_variance_power"":null}",ok,757,2.7040229983847874,2.6972001732817374,2.5402906208718625,2.412931191958497,1.064454191251838,1.117810645521354,0.9117490001954138,
7ffff22ac4018328f68a,home,lightgbm,dratings_only,"{""colsample_bytree"":0.9,""learning_rate"":0.025,""min_child_samples"":30,""n_estimators"":500,""num_leaves"":15,""objective"":""regression"",""reg_lambda"":1.0,""subsample"":0.9,""tweedie_variance_power"":null}",ok,757,2.712223441233539,2.727001678152846,2.5402906208718625,2.412931191958497,1.0676823427008784,1.1301613934293038,0.9584671999327838,
81c4cd1b0c63f39d1644,home,lightgbm,dratings_only,"{""colsample_bytree"":0.9,""learning_rate"":0.025,""min_child_samples"":10,""n_estimators"":500,""num_leaves"":31,""objective"":""regression"",""reg_lambda"":1.0,""subsample"":0.9,""tweedie_variance_power"":null}",ok,757,2.806059059899443,2.9499923031615953,2.5402906208718625,2.412931191958497,1.1046212731897445,1.2225762230572284,1.6951642003841698,
bbdafab6ccaee89bddd4,home,lightgbm,dratings_only,"{""colsample_bytree"":0.9,""learning_rate"":0.025,""min_child_samples"":30,""n_estimators"":500,""num_leaves"":31,""objective"":""regression"",""reg_lambda"":1.0,""subsample"":0.9,""tweedie_variance_power"":null}",ok,757,2.777370644183089,2.883617774413259,2.5402906208718625,2.412931191958497,1.093327913492771,1.1950683815698537,1.6263779001310468,
77860bf4fef5a6ecfecc,home,lightgbm,dratings_only,"{""colsample_bytree"":0.9,""learning_rate"":0.05,""min_child_samples"":10,""n_estimators"":500,""num_leaves"":15,""objective"":""regression"",""reg_lambda"":1.0,""subsample"":0.9,""tweedie_variance_power"":null}",ok,757,2.7764478611134114,2.8642386975156464,2.5402906208718625,2.412931191958497,1.0929646546348686,1.1870370390424758,0.9577963002957404,
7232f5a0785beebce540,home,lightgbm,dratings_only,"{""colsample_bytree"":0.9,""learning_rate"":0.05,""min_child_samples"":30,""n_estimators"":500,""num_leaves"":15,""objective"":""regression"",""reg_lambda"":1.0,""subsample"":0.9,""tweedie_variance_power"":null}",ok,757,2.7733562884108856,2.8958229497162944,2.5402906208718625,2.412931191958497,1.091747639275632,1.2001266175210947,0.95315430033952,
9d7c9a1e3a6e7fece605,home,lightgbm,dratings_only,"{""colsample_bytree"":0.9,""learning_rate"":0.05,""min_child_samples"":10,""n_estimators"":500,""num_leaves"":31,""objective"":""regression"",""reg_lambda"":1.0,""subsample"":0.9,""tweedie_variance_power"":null}",ok,757,2.902148656435019,3.3741524833564323,2.5402906208718625,2.412931191958497,1.1424474950188817,1.3983624956241472,1.6704366998746991,
c4cca368183950ef6295,home,lightgbm,dratings_only,"{""colsample_bytree"":0.9,""learning_rate"":0.05,""min_child_samples"":30,""n_estimators"":500,""num_leaves"":31,""objective"":""regression"",""reg_lambda"":1.0,""subsample"":0.9,""tweedie_variance_power"":null}",ok,757,2.8663793066762553,3.108344050371561,2.5402906208718625,2.412931191958497,1.128366684947439,1.2882025234414662,1.5631424998864532,
d79cd2982789e96dcb99,home,lightgbm,dratings_only,"{""colsample_bytree"":0.9,""learning_rate"":0.1,""min_child_samples"":10,""n_estimators"":500,""num_leaves"":15,""objective"":""regression"",""reg_lambda"":1.0,""subsample"":0.9,""tweedie_variance_power"":null}",failed,757,,,2.5402906208718625,2.412931191958497,,,0.20614650007337332,RuntimeError: lightgbm emitted invalid predictions: nonfinite=0 nonpositive=2
f2d2d6156bbb5a038a17,home,lightgbm,dratings_only,"{""colsample_bytree"":0.9,""learning_rate"":0.1,""min_child_samples"":30,""n_estimators"":500,""num_leaves"":15,""objective"":""regression"",""reg_lambda"":1.0,""subsample"":0.9,""tweedie_variance_power"":null}",failed,757,,,2.5402906208718625,2.412931191958497,,,0.43201160011813045,RuntimeError: lightgbm emitted invalid predictions: nonfinite=0 nonpositive=1
c980e07ae218775eebd8,home,lightgbm,dratings_only,"{""colsample_bytree"":0.9,""learning_rate"":0.1,""min_child_samples"":10,""n_estimators"":500,""num_leaves"":31,""objective"":""regression"",""reg_lambda"":1.0,""subsample"":0.9,""tweedie_variance_power"":null}",failed,757,,,2.5402906208718625,2.412931191958497,,,0.39071250008419156,RuntimeError: lightgbm emitted invalid predictions: nonfinite=0 nonpositive=2
5947c00911c1102bf817,home,lightgbm,dratings_only,"{""colsample_bytree"":0.9,""learning_rate"":0.1,""min_child_samples"":30,""n_estimators"":500,""num_leaves"":31,""objective"":""regression"",""reg_lambda"":1.0,""subsample"":0.9,""tweedie_variance_power"":null}",failed,757,,,2.5402906208718625,2.412931191958497,,,0.6788437999784946,RuntimeError: lightgbm emitted invalid predictions: nonfinite=0 nonpositive=1
bbd647ec9d7f7e980a6b,home,xgboost,dratings_only,"{""colsample_bytree"":0.9,""learning_rate"":0.025,""max_depth"":3,""min_child_weight"":1.0,""n_estimators"":500,""objective"":""count:poisson"",""reg_lambda"":1.0,""subsample"":0.9,""tweedie_variance_power"":null}",ok,757,2.5930016484884164,2.451314747528597,2.5402906208718625,2.412931191958497,1.0207499989109368,1.0159074389265716,3.9573458996601403,
ba784751d710ce179ff6,home,xgboost,dratings_only,"{""colsample_bytree"":0.9,""learning_rate"":0.025,""max_depth"":3,""min_child_weight"":5.0,""n_estimators"":500,""objective"":""count:poisson"",""reg_lambda"":1.0,""subsample"":0.9,""tweedie_variance_power"":null}",ok,757,2.5930166395683742,2.451390626901618,2.5402906208718625,2.412931191958497,1.0207559002357043,1.0159388858958323,3.877138600219041,
4204217acde5e8fb829f,home,xgboost,dratings_only,"{""colsample_bytree"":0.9,""learning_rate"":0.025,""max_depth"":6,""min_child_weight"":1.0,""n_estimators"":500,""objective"":""count:poisson"",""reg_lambda"":1.0,""subsample"":0.9,""tweedie_variance_power"":null}",ok,757,2.644835007552899,2.5888458096053,2.5402906208718625,2.412931191958497,1.0411544985530652,1.072904945749414,4.980379099957645,
2797ef6f667216ab8e9b,home,xgboost,dratings_only,"{""colsample_bytree"":0.9,""learning_rate"":0.025,""max_depth"":6,""min_child_weight"":5.0,""n_estimators"":500,""objective"":""count:poisson"",""reg_lambda"":1.0,""subsample"":0.9,""tweedie_variance_power"":null}",ok,757,2.6413643147545414,2.5854465366836568,2.5402906208718625,2.412931191958497,1.0397882403895933,1.071496172497623,4.999120699707419,
bc1c388c602e0c899209,home,xgboost,dratings_only,"{""colsample_bytree"":0.9,""learning_rate"":0.05,""max_depth"":3,""min_child_weight"":1.0,""n_estimators"":500,""objective"":""count:poisson"",""reg_lambda"":1.0,""subsample"":0.9,""tweedie_variance_power"":null}",ok,757,2.6362128138069747,2.520326056433812,2.5402906208718625,2.412931191958497,1.0377603224398753,1.0445080509685591,3.8668213998898864,
719ccf97d29d09614174,home,xgboost,dratings_only,"{""colsample_bytree"":0.9,""learning_rate"":0.05,""max_depth"":3,""min_child_weight"":5.0,""n_estimators"":500,""objective"":""count:poisson"",""reg_lambda"":1.0,""subsample"":0.9,""tweedie_variance_power"":null}",ok,757,2.6356752706172446,2.5177460489838897,2.5402906208718625,2.412931191958497,1.0375487154743912,1.0434388089369087,3.898310899734497,
6bcd68158038a59c9aae,home,xgboost,dratings_only,"{""colsample_bytree"":0.9,""learning_rate"":0.05,""max_depth"":6,""min_child_weight"":1.0,""n_estimators"":500,""objective"":""count:poisson"",""reg_lambda"":1.0,""subsample"":0.9,""tweedie_variance_power"":null}",ok,757,2.7203302203900277,2.7865711899917236,2.5402906208718625,2.412931191958497,1.0708736228992466,1.1548490065852044,5.032849499955773,
8d5a506dc92e2e98456d,home,xgboost,dratings_only,"{""colsample_bytree"":0.9,""learning_rate"":0.05,""max_depth"":6,""min_child_weight"":5.0,""n_estimators"":500,""objective"":""count:poisson"",""reg_lambda"":1.0,""subsample"":0.9,""tweedie_variance_power"":null}",ok,757,2.723299071369902,2.7914592998888716,2.5402906208718625,2.412931191958497,1.072042328147174,1.156874804052384,5.044320399872959,
444aa602ba05d4bee255,home,xgboost,dratings_only,"{""colsample_bytree"":0.9,""learning_rate"":0.1,""max_depth"":3,""min_child_weight"":1.0,""n_estimators"":500,""objective"":""count:poisson"",""reg_lambda"":1.0,""subsample"":0.9,""tweedie_variance_power"":null}",ok,757,2.698759823053327,2.6559683890003445,2.5402906208718625,2.412931191958497,1.0623823120391933,1.1007228046335553,3.9615426999516785,
a349af5b8a534a51311a,home,xgboost,dratings_only,"{""colsample_bytree"":0.9,""learning_rate"":0.1,""max_depth"":3,""min_child_weight"":5.0,""n_estimators"":500,""objective"":""count:poisson"",""reg_lambda"":1.0,""subsample"":0.9,""tweedie_variance_power"":null}",ok,757,2.6988653977607013,2.6567926225773104,2.5402906208718625,2.412931191958497,1.0624238721294077,1.101064394803931,3.9236305002123117,
9016dddbb999af6ed19f,home,xgboost,dratings_only,"{""colsample_bytree"":0.9,""learning_rate"":0.1,""max_depth"":6,""min_child_weight"":1.0,""n_estimators"":500,""objective"":""count:poisson"",""reg_lambda"":1.0,""subsample"":0.9,""tweedie_variance_power"":null}",ok,757,2.826448394175092,3.158139937854681,2.5402906208718625,2.412931191958497,1.1126476517891548,1.3088396173002026,5.031669999938458,
cefa223c756f14ce7b5a,home,xgboost,dratings_only,"{""colsample_bytree"":0.9,""learning_rate"":0.1,""max_depth"":6,""min_child_weight"":5.0,""n_estimators"":500,""objective"":""count:poisson"",""reg_lambda"":1.0,""subsample"":0.9,""tweedie_variance_power"":null}",ok,757,2.800619730073836,3.081564222387105,2.5402906208718625,2.412931191958497,1.1024800497482548,1.2771040602636914,5.119426500052214,
77927a87411d33eb6e56,home,xgboost,dratings_only,"{""colsample_bytree"":0.9,""learning_rate"":0.025,""max_depth"":3,""min_child_weight"":1.0,""n_estimators"":500,""objective"":""reg:tweedie"",""reg_lambda"":1.0,""subsample"":0.9,""tweedie_variance_power"":1.5}",ok,757,2.6106853677228075,2.5242156909458044,2.5402906208718625,2.412931191958497,1.0277112966022701,1.046120046588225,3.877839499618858,
8287e9eeb813ae9e5923,home,xgboost,dratings_only,"{""colsample_bytree"":0.9,""learning_rate"":0.025,""max_depth"":3,""min_child_weight"":5.0,""n_estimators"":500,""objective"":""reg:tweedie"",""reg_lambda"":1.0,""subsample"":0.9,""tweedie_variance_power"":1.5}",ok,757,2.6047997625847317,2.5093888112167764,2.5402906208718625,2.412931191958497,1.0253943943196266,1.039975287973292,3.946143299806863,
abb5563c95914a93f19a,home,xgboost,dratings_only,"{""colsample_bytree"":0.9,""learning_rate"":0.025,""max_depth"":6,""min_child_weight"":1.0,""n_estimators"":500,""objective"":""reg:tweedie"",""reg_lambda"":1.0,""subsample"":0.9,""tweedie_variance_power"":1.5}",ok,757,2.681045992135057,2.8558391392097726,2.5402906208718625,2.412931191958497,1.0554091607104723,1.183555979021425,5.0675694001838565,
b28d9af01d44279f6e93,home,xgboost,dratings_only,"{""colsample_bytree"":0.9,""learning_rate"":0.025,""max_depth"":6,""min_child_weight"":5.0,""n_estimators"":500,""objective"":""reg:tweedie"",""reg_lambda"":1.0,""subsample"":0.9,""tweedie_variance_power"":1.5}",ok,757,2.675659682350713,2.7705752066447307,2.5402906208718625,2.412931191958497,1.0532888089128911,1.1482197320330323,4.950291799847037,
686e71fe6e6c5a675462,home,xgboost,dratings_only,"{""colsample_bytree"":0.9,""learning_rate"":0.05,""max_depth"":3,""min_child_weight"":1.0,""n_estimators"":500,""objective"":""reg:tweedie"",""reg_lambda"":1.0,""subsample"":0.9,""tweedie_variance_power"":1.5}",ok,757,2.674308491981486,2.683800975930725,2.5402906208718625,2.412931191958497,1.0527569050597947,1.1122575665957435,3.847517100162804,
2a8e8cf6c8eb153be66d,home,xgboost,dratings_only,"{""colsample_bytree"":0.9,""learning_rate"":0.05,""max_depth"":3,""min_child_weight"":5.0,""n_estimators"":500,""objective"":""reg:tweedie"",""reg_lambda"":1.0,""subsample"":0.9,""tweedie_variance_power"":1.5}",ok,757,2.66203115370661,2.651997279497001,2.5402906208718625,2.412931191958497,1.047923860299482,1.0990770430318246,2.5425832998007536,
1bca6465735d735e43bf,home,xgboost,dratings_only,"{""colsample_bytree"":0.9,""learning_rate"":0.05,""max_depth"":6,""min_child_weight"":1.0,""n_estimators"":500,""objective"":""reg:tweedie"",""reg_lambda"":1.0,""subsample"":0.9,""tweedie_variance_power"":1.5}",ok,757,2.7991255149343686,3.238540844738126,2.5402906208718625,2.412931191958497,1.1018918433724998,1.3421604625656602,3.0854362002573907,
ab6f106123b987df27d9,home,xgboost,dratings_only,"{""colsample_bytree"":0.9,""learning_rate"":0.05,""max_depth"":6,""min_child_weight"":5.0,""n_estimators"":500,""objective"":""reg:tweedie"",""reg_lambda"":1.0,""subsample"":0.9,""tweedie_variance_power"":1.5}",ok,757,2.775876516710027,3.1068400735909343,2.5402906208718625,2.412931191958497,1.0927397416274,1.2875792247806346,2.6514347000047565,
6663efb921a4d6a39081,home,xgboost,dratings_only,"{""colsample_bytree"":0.9,""learning_rate"":0.1,""max_depth"":3,""min_child_weight"":1.0,""n_estimators"":500,""objective"":""reg:tweedie"",""reg_lambda"":1.0,""subsample"":0.9,""tweedie_variance_power"":1.5}",ok,757,2.7769514154569004,2.973727905701054,2.5402906208718625,2.412931191958497,1.0931628816957222,1.2324130566223799,2.076864399947226,
b2f72025e91e43f2dab4,home,xgboost,dratings_only,"{""colsample_bytree"":0.9,""learning_rate"":0.1,""max_depth"":3,""min_child_weight"":5.0,""n_estimators"":500,""objective"":""reg:tweedie"",""reg_lambda"":1.0,""subsample"":0.9,""tweedie_variance_power"":1.5}",ok,757,2.7450942618371315,2.8722813226228223,2.5402906208718625,2.412931191958497,1.0806221301147731,1.1903701739175936,2.05696879979223,
12cd33dcefeb47a27aaa,home,xgboost,dratings_only,"{""colsample_bytree"":0.9,""learning_rate"":0.1,""max_depth"":6,""min_child_weight"":1.0,""n_estimators"":500,""objective"":""reg:tweedie"",""reg_lambda"":1.0,""subsample"":0.9,""tweedie_variance_power"":1.5}",ok,757,2.8863270752811054,3.6904623692747753,2.5402906208718625,2.412931191958497,1.1362192386832017,1.5294519717652406,2.7368025998584926,
6dde449ff5a5f26d1b13,home,xgboost,dratings_only,"{""colsample_bytree"":0.9,""learning_rate"":0.1,""max_depth"":6,""min_child_weight"":5.0,""n_estimators"":500,""objective"":""reg:tweedie"",""reg_lambda"":1.0,""subsample"":0.9,""tweedie_variance_power"":1.5}",ok,757,2.9108711757464643,3.5204944564963436,2.5402906208718625,2.412931191958497,1.145881164867433,1.4590115409129731,2.661128600127995,
3129fff826e8a917d7c5,home,xgboost,dratings_only,"{""colsample_bytree"":0.9,""learning_rate"":0.025,""max_depth"":3,""min_child_weight"":1.0,""n_estimators"":500,""objective"":""reg:squarederror"",""reg_lambda"":1.0,""subsample"":0.9,""tweedie_variance_power"":null}",ok,757,2.63771265627056,2.515495666304448,2.5402906208718625,2.412931191958497,1.038350744044105,1.0425061745182642,2.253838200122118,
4dd0afa8252ff8b9d75b,home,xgboost,dratings_only,"{""colsample_bytree"":0.9,""learning_rate"":0.025,""max_depth"":3,""min_child_weight"":5.0,""n_estimators"":500,""objective"":""reg:squarederror"",""reg_lambda"":1.0,""subsample"":0.9,""tweedie_variance_power"":null}",ok,757,2.624990260742772,2.500411168802419,2.5402906208718625,2.412931191958497,1.0333424999387824,1.036254650416665,2.0772195998579264,
75b71b5265076aba8026,home,xgboost,dratings_only,"{""colsample_bytree"":0.9,""learning_rate"":0.025,""max_depth"":6,""min_child_weight"":1.0,""n_estimators"":500,""objective"":""reg:squarederror"",""reg_lambda"":1.0,""subsample"":0.9,""tweedie_variance_power"":null}",ok,757,2.762000019043251,2.7687846681384074,2.5402906208718625,2.412931191958497,1.0872771785833286,1.147477672536147,2.6955683999694884,
f8057bafa6e3e5cdf743,home,xgboost,dratings_only,"{""colsample_bytree"":0.9,""learning_rate"":0.025,""max_depth"":6,""min_child_weight"":5.0,""n_estimators"":500,""objective"":""reg:squarederror"",""reg_lambda"":1.0,""subsample"":0.9,""tweedie_variance_power"":null}",ok,757,2.7130517299770522,2.7086250728722474,2.5402906208718625,2.412931191958497,1.0680084033242998,1.122545508922592,2.6316541000269353,
db7ea72e99347b6aabf2,home,xgboost,dratings_only,"{""colsample_bytree"":0.9,""learning_rate"":0.05,""max_depth"":3,""min_child_weight"":1.0,""n_estimators"":500,""objective"":""reg:squarederror"",""reg_lambda"":1.0,""subsample"":0.9,""tweedie_variance_power"":null}",ok,757,2.7095799102808398,2.6572287268659207,2.5402906208718625,2.412931191958497,1.066641701551012,1.101245131117533,2.002773500047624,
30ee2956fe5bf2797d2b,home,xgboost,dratings_only,"{""colsample_bytree"":0.9,""learning_rate"":0.05,""max_depth"":3,""min_child_weight"":5.0,""n_estimators"":500,""objective"":""reg:squarederror"",""reg_lambda"":1.0,""subsample"":0.9,""tweedie_variance_power"":null}",ok,757,2.6874651645889687,2.6316772892427056,2.5402906208718625,2.412931191958497,1.057936104832995,1.0906557543013315,2.069831400178373,
01deca6e6bdb3a2a1c81,home,xgboost,dratings_only,"{""colsample_bytree"":0.9,""learning_rate"":0.05,""max_depth"":6,""min_child_weight"":1.0,""n_estimators"":500,""objective"":""reg:squarederror"",""reg_lambda"":1.0,""subsample"":0.9,""tweedie_variance_power"":null}",ok,757,2.8906454930532246,3.0880978924887055,2.5402906208718625,2.412931191958497,1.1379192086538175,1.279811833333796,2.864300400018692,
703cac20f90e3eb8de03,home,xgboost,dratings_only,"{""colsample_bytree"":0.9,""learning_rate"":0.05,""max_depth"":6,""min_child_weight"":5.0,""n_estimators"":500,""objective"":""reg:squarederror"",""reg_lambda"":1.0,""subsample"":0.9,""tweedie_variance_power"":null}",ok,757,2.836833222125764,3.0491468753623603,2.5402906208718625,2.412931191958497,1.1167356989855453,1.263669219215268,3.751042699906975,
7b7133416a47558b852a,home,xgboost,dratings_only,"{""colsample_bytree"":0.9,""learning_rate"":0.1,""max_depth"":3,""min_child_weight"":1.0,""n_estimators"":500,""objective"":""reg:squarederror"",""reg_lambda"":1.0,""subsample"":0.9,""tweedie_variance_power"":null}",ok,757,2.8210300796885472,2.935840337065446,2.5402906208718625,2.412931191958497,1.110514701156646,1.216711171395866,3.915401800069958,
a27faa44cb47b32eca39,home,xgboost,dratings_only,"{""colsample_bytree"":0.9,""learning_rate"":0.1,""max_depth"":3,""min_child_weight"":5.0,""n_estimators"":500,""objective"":""reg:squarederror"",""reg_lambda"":1.0,""subsample"":0.9,""tweedie_variance_power"":null}",ok,757,2.76018954846944,2.8622104013373946,2.5402906208718625,2.412931191958497,1.086564476438568,1.1861964447540803,3.8938211002387106,
f2d2b599afbd4fdd34bc,home,xgboost,dratings_only,"{""colsample_bytree"":0.9,""learning_rate"":0.1,""max_depth"":6,""min_child_weight"":1.0,""n_estimators"":500,""objective"":""reg:squarederror"",""reg_lambda"":1.0,""subsample"":0.9,""tweedie_variance_power"":null}",ok,757,3.001947483178253,3.434784706833868,2.5402906208718625,2.412931191958497,1.181733876633353,1.4234905322956872,5.046589200384915,
11e6b37da160bee464b6,home,xgboost,dratings_only,"{""colsample_bytree"":0.9,""learning_rate"":0.1,""max_depth"":6,""min_child_weight"":5.0,""n_estimators"":500,""objective"":""reg:squarederror"",""reg_lambda"":1.0,""subsample"":0.9,""tweedie_variance_power"":null}",failed,757,,,2.5402906208718625,2.412931191958497,,,1.2194101996719837,RuntimeError: xgboost emitted invalid predictions: nonfinite=0 nonpositive=2
a3c1e3f89192d43dff5a,home,hist_gradient_boosting,no_dratings,"{""l2_regularization"":0.0,""learning_rate"":0.025,""loss"":""poisson"",""max_iter"":300,""max_leaf_nodes"":15,""min_samples_leaf"":10}",ok,757,2.5971268220857,2.548290806615126,2.5402906208718625,2.412931191958497,1.022373897201703,1.056097585835741,11.148308599833399,
b65761290ae6fc356ed4,home,hist_gradient_boosting,no_dratings,"{""l2_regularization"":5.0,""learning_rate"":0.025,""loss"":""poisson"",""max_iter"":300,""max_leaf_nodes"":15,""min_samples_leaf"":10}",ok,757,2.5983847937951485,2.5277539368904702,2.5402906208718625,2.412931191958497,1.022869104993722,1.047586414944048,11.62686949968338,
2b059f80bee9d6e9d1bc,home,hist_gradient_boosting,no_dratings,"{""l2_regularization"":0.0,""learning_rate"":0.025,""loss"":""poisson"",""max_iter"":300,""max_leaf_nodes"":15,""min_samples_leaf"":30}",ok,757,2.5712061303366482,2.5698444388618165,2.5402906208718625,2.412931191958497,1.0121700679484362,1.065030137380734,10.668223800137639,
8d1171b939af84cea95d,home,hist_gradient_boosting,no_dratings,"{""l2_regularization"":5.0,""learning_rate"":0.025,""loss"":""poisson"",""max_iter"":300,""max_leaf_nodes"":15,""min_samples_leaf"":30}",ok,757,2.5748272293986076,2.5750658619055624,2.5402906208718625,2.412931191958497,1.013595534401844,1.067194071048278,8.906484500039369,
9095a8577328a2c2b67e,home,hist_gradient_boosting,no_dratings,"{""l2_regularization"":0.0,""learning_rate"":0.025,""loss"":""poisson"",""max_iter"":300,""max_leaf_nodes"":31,""min_samples_leaf"":10}",ok,757,2.589978624849964,2.69461431299527,2.5402906208718625,2.412931191958497,1.0195599682846712,1.116738977877003,13.018011500127614,
9a9ed6f9256b67d16524,home,hist_gradient_boosting,no_dratings,"{""l2_regularization"":5.0,""learning_rate"":0.025,""loss"":""poisson"",""max_iter"":300,""max_leaf_nodes"":31,""min_samples_leaf"":10}",ok,757,2.597133149647164,2.667761645151153,2.5402906208718625,2.412931191958497,1.0223763880826329,1.1056103274067333,19.704663900192827,
6740db08a727c9ca682d,home,hist_gradient_boosting,no_dratings,"{""l2_regularization"":0.0,""learning_rate"":0.025,""loss"":""poisson"",""max_iter"":300,""max_leaf_nodes"":31,""min_samples_leaf"":30}",ok,757,2.536172336762506,2.5503946233297894,2.5402906208718625,2.412931191958497,0.9983788137957447,1.0569694783794137,17.95888189971447,
a67f532e1673201b124b,home,hist_gradient_boosting,no_dratings,"{""l2_regularization"":5.0,""learning_rate"":0.025,""loss"":""poisson"",""max_iter"":300,""max_leaf_nodes"":31,""min_samples_leaf"":30}",ok,757,2.54518171734135,2.593727417542752,2.5402906208718625,2.412931191958497,1.0019254082305782,1.074928048585384,10.297990300226957,
59193ca44bf159ad2072,home,hist_gradient_boosting,no_dratings,"{""l2_regularization"":0.0,""learning_rate"":0.05,""loss"":""poisson"",""max_iter"":300,""max_leaf_nodes"":15,""min_samples_leaf"":10}",ok,757,2.6062635945409833,2.66318934322928,2.5402906208718625,2.412931191958497,1.02597064018072,1.1037154114070102,6.647705500014126,
2c23e28a7104c3a1e0fd,home,hist_gradient_boosting,no_dratings,"{""l2_regularization"":5.0,""learning_rate"":0.05,""loss"":""poisson"",""max_iter"":300,""max_leaf_nodes"":15,""min_samples_leaf"":10}",ok,757,2.6007255894432104,2.6833836159007043,2.5402906208718625,2.412931191958497,1.0237905726513314,1.112084598534569,3.4270540000870824,
2534d00543f1efa58811,home,hist_gradient_boosting,no_dratings,"{""l2_regularization"":0.0,""learning_rate"":0.05,""loss"":""poisson"",""max_iter"":300,""max_leaf_nodes"":15,""min_samples_leaf"":30}",ok,757,2.5781953282973955,2.6366173225237763,2.5402906208718625,2.412931191958497,1.0149214058872222,1.0927030705685894,2.85466150008142,
fbcf6e5cdabe274f1267,home,hist_gradient_boosting,no_dratings,"{""l2_regularization"":5.0,""learning_rate"":0.05,""loss"":""poisson"",""max_iter"":300,""max_leaf_nodes"":15,""min_samples_leaf"":30}",ok,757,2.56685900130312,2.6817339017973243,2.5402906208718625,2.412931191958497,1.010458795624785,1.111400901415945,2.6136850002221763,
094f60c9fa37cf764a44,home,hist_gradient_boosting,no_dratings,"{""l2_regularization"":0.0,""learning_rate"":0.05,""loss"":""poisson"",""max_iter"":300,""max_leaf_nodes"":31,""min_samples_leaf"":10}",ok,757,2.602551261200896,2.846773345354232,2.5402906208718625,2.412931191958497,1.024509258829474,1.1797988085369313,5.190361499786377,
ff660185e0c498023bbd,home,hist_gradient_boosting,no_dratings,"{""l2_regularization"":5.0,""learning_rate"":0.05,""loss"":""poisson"",""max_iter"":300,""max_leaf_nodes"":31,""min_samples_leaf"":10}",ok,757,2.5849495270818372,2.786154730234555,2.5402906208718625,2.412931191958497,1.0175802350498964,1.1546764116274384,6.572701700031757,
d222a2e70ca4bc1b47e2,home,hist_gradient_boosting,no_dratings,"{""l2_regularization"":0.0,""learning_rate"":0.05,""loss"":""poisson"",""max_iter"":300,""max_leaf_nodes"":31,""min_samples_leaf"":30}",ok,757,2.5635244311991254,2.7087682711855927,2.5402906208718625,2.412931191958497,1.0091461229421415,1.1226048551293228,9.003204099833965,
5126f163a500551b11ad,home,hist_gradient_boosting,no_dratings,"{""l2_regularization"":5.0,""learning_rate"":0.05,""loss"":""poisson"",""max_iter"":300,""max_leaf_nodes"":31,""min_samples_leaf"":30}",ok,757,2.553806484050246,2.6798367448172478,2.5402906208718625,2.412931191958497,1.005320597205427,1.1106146556305703,8.114794800058007,
cee7663bc9f6d529c6cc,home,hist_gradient_boosting,no_dratings,"{""l2_regularization"":0.0,""learning_rate"":0.1,""loss"":""poisson"",""max_iter"":300,""max_leaf_nodes"":15,""min_samples_leaf"":10}",ok,757,2.5758001097103898,2.7659651160935073,2.5402906208718625,2.412931191958497,1.0139785143269708,1.1463091551518567,4.948944099713117,
6e657ce849746c3dd755,home,hist_gradient_boosting,no_dratings,"{""l2_regularization"":5.0,""learning_rate"":0.1,""loss"":""poisson"",""max_iter"":300,""max_leaf_nodes"":15,""min_samples_leaf"":10}",ok,757,2.626484740996331,2.866210456050198,2.5402906208718625,2.412931191958497,1.033930810678223,1.187854202226044,4.812582399696112,
70506ee73b16d9c79725,home,hist_gradient_boosting,no_dratings,"{""l2_regularization"":0.0,""learning_rate"":0.1,""loss"":""poisson"",""max_iter"":300,""max_leaf_nodes"":15,""min_samples_leaf"":30}",ok,757,2.6120166686638093,2.8412725412465054,2.5402906208718625,2.412931191958497,1.0282353708676566,1.177519089941532,4.813324699643999,
8b36b175c710a1403d0f,home,hist_gradient_boosting,no_dratings,"{""l2_regularization"":5.0,""learning_rate"":0.1,""loss"":""poisson"",""max_iter"":300,""max_leaf_nodes"":15,""min_samples_leaf"":30}",ok,757,2.6242001936333756,2.8172546115592034,2.5402906208718625,2.412931191958497,1.0330314854812612,1.1675652504920915,4.693794700317085,
bc29f23099baee67c6e2,home,hist_gradient_boosting,no_dratings,"{""l2_regularization"":0.0,""learning_rate"":0.1,""loss"":""poisson"",""max_iter"":300,""max_leaf_nodes"":31,""min_samples_leaf"":10}",ok,757,2.6560740125474607,3.11588779162336,2.5402906208718625,2.412931191958497,1.0455787974510804,1.2913289040348872,9.284728799946606,
2758b7b441897f65e2c8,home,hist_gradient_boosting,no_dratings,"{""l2_regularization"":5.0,""learning_rate"":0.1,""loss"":""poisson"",""max_iter"":300,""max_leaf_nodes"":31,""min_samples_leaf"":10}",ok,757,2.630693155436268,3.006362843854677,2.5402906208718625,2.412931191958497,1.0355874772050206,1.2459380747672755,10.26731039956212,
1c90cc4e706e94d666e1,home,hist_gradient_boosting,no_dratings,"{""l2_regularization"":0.0,""learning_rate"":0.1,""loss"":""poisson"",""max_iter"":300,""max_leaf_nodes"":31,""min_samples_leaf"":30}",ok,757,2.5886239908745057,2.8539992497495223,2.5402906208718625,2.412931191958497,1.019026708836194,1.1827934668261406,7.85949489986524,
201a77203962f8ac2689,home,hist_gradient_boosting,no_dratings,"{""l2_regularization"":5.0,""learning_rate"":0.1,""loss"":""poisson"",""max_iter"":300,""max_leaf_nodes"":31,""min_samples_leaf"":30}",ok,757,2.5996441031056223,2.866586917871355,2.5402906208718625,2.412931191958497,1.0233648393400707,1.188010220691225,4.232175000011921,
23e1190a860e465098d3,home,hist_gradient_boosting,no_dratings,"{""l2_regularization"":0.0,""learning_rate"":0.025,""loss"":""squared_error"",""max_iter"":300,""max_leaf_nodes"":15,""min_samples_leaf"":10}",ok,757,2.7036074113217103,2.5848950326833555,2.5402906208718625,2.412931191958497,1.0642905930163988,1.0712676106546084,4.621538599953055,
299ca219fa90ea29276e,home,hist_gradient_boosting,no_dratings,"{""l2_regularization"":5.0,""learning_rate"":0.025,""loss"":""squared_error"",""max_iter"":300,""max_leaf_nodes"":15,""min_samples_leaf"":10}",ok,757,2.6550024825022165,2.545786137540859,2.5402906208718625,2.412931191958497,1.0451569834915122,1.0550595665658116,5.596211600117385,
063c0e7a456bec8b0327,home,hist_gradient_boosting,no_dratings,"{""l2_regularization"":0.0,""learning_rate"":0.025,""loss"":""squared_error"",""max_iter"":300,""max_leaf_nodes"":15,""min_samples_leaf"":30}",ok,757,2.6023908223306136,2.533262947644272,2.5402906208718625,2.412931191958497,1.0244461011462687,1.0498695346501388,5.144817099906504,
548d9b869a8c446c75c1,home,hist_gradient_boosting,no_dratings,"{""l2_regularization"":5.0,""learning_rate"":0.025,""loss"":""squared_error"",""max_iter"":300,""max_leaf_nodes"":15,""min_samples_leaf"":30}",ok,757,2.592951687862909,2.507340722858707,2.5402906208718625,2.412931191958497,1.0207303316236205,1.0391264911385976,5.239252100232989,
795e9c991567d47f49d7,home,hist_gradient_boosting,no_dratings,"{""l2_regularization"":0.0,""learning_rate"":0.025,""loss"":""squared_error"",""max_iter"":300,""max_leaf_nodes"":31,""min_samples_leaf"":10}",ok,757,2.720219857399173,2.621479671680835,2.5402906208718625,2.412931191958497,1.0708301778737255,1.0864295179312866,10.56118640024215,
f4febf43c82d0cb6ea2c,home,hist_gradient_boosting,no_dratings,"{""l2_regularization"":5.0,""learning_rate"":0.025,""loss"":""squared_error"",""max_iter"":300,""max_leaf_nodes"":31,""min_samples_leaf"":10}",ok,757,2.64545108920523,2.5551205176926897,2.5402906208718625,2.412931191958497,1.0413970226356521,1.0589280482626535,8.240434700157493,
4e2d7cd01af435e54f83,home,hist_gradient_boosting,no_dratings,"{""l2_regularization"":0.0,""learning_rate"":0.025,""loss"":""squared_error"",""max_iter"":300,""max_leaf_nodes"":31,""min_samples_leaf"":30}",ok,757,2.6196960164286174,2.551720217562871,2.5402906208718625,2.412931191958497,1.0312583902425707,1.0575188493011785,6.628412100020796,
8bac60987da74e32b37b,home,hist_gradient_boosting,no_dratings,"{""l2_regularization"":5.0,""learning_rate"":0.025,""loss"":""squared_error"",""max_iter"":300,""max_leaf_nodes"":31,""min_samples_leaf"":30}",ok,757,2.6107646042150274,2.52671902021335,2.5402906208718625,2.412931191958497,1.0277424885027435,1.0471575105970987,4.646795599721372,
02a8d672ef84358a4236,home,hist_gradient_boosting,no_dratings,"{""l2_regularization"":0.0,""learning_rate"":0.05,""loss"":""squared_error"",""max_iter"":300,""max_leaf_nodes"":15,""min_samples_leaf"":10}",ok,757,2.7314642617860847,2.653148603090085,2.5402906208718625,2.412931191958497,1.0752566022735655,1.0995541903275787,3.381174899637699,
59d9c8827f68cd4fa4ba,home,hist_gradient_boosting,no_dratings,"{""l2_regularization"":5.0,""learning_rate"":0.05,""loss"":""squared_error"",""max_iter"":300,""max_leaf_nodes"":15,""min_samples_leaf"":10}",ok,757,2.7080941898894553,2.6228918552988874,2.5402906208718625,2.412931191958497,1.0660568391816525,1.0870147744121839,3.331268500071019,
1489be68ac7747b2f488,home,hist_gradient_boosting,no_dratings,"{""l2_regularization"":0.0,""learning_rate"":0.05,""loss"":""squared_error"",""max_iter"":300,""max_leaf_nodes"":15,""min_samples_leaf"":30}",ok,757,2.6357861755136662,2.60786850301867,2.5402906208718625,2.412931191958497,1.0375923738241526,1.0807885909510535,2.9151093997061253,
5259cbf667e6b91ece5b,home,hist_gradient_boosting,no_dratings,"{""l2_regularization"":5.0,""learning_rate"":0.05,""loss"":""squared_error"",""max_iter"":300,""max_leaf_nodes"":15,""min_samples_leaf"":30}",ok,757,2.637277551193633,2.5854424160434624,2.5402906208718625,2.412931191958497,1.0381794624303589,1.0714944647654638,3.1956104999408126,
db5e0a6a198bad830ebc,home,hist_gradient_boosting,no_dratings,"{""l2_regularization"":0.0,""learning_rate"":0.05,""loss"":""squared_error"",""max_iter"":300,""max_leaf_nodes"":31,""min_samples_leaf"":10}",ok,757,2.718652266643621,2.6566352648280582,2.5402906208718625,2.412931191958497,1.0702130867650657,1.1009991804497974,6.418997200205922,
75bcf6f4690a9edb7bb4,home,hist_gradient_boosting,no_dratings,"{""l2_regularization"":5.0,""learning_rate"":0.05,""loss"":""squared_error"",""max_iter"":300,""max_leaf_nodes"":31,""min_samples_leaf"":10}",ok,757,2.6542087328917887,2.5956838841326517,2.5402906208718625,2.412931191958497,1.0448445193962996,1.0757388742717608,7.75340160029009,
5a9f32ebafe781f49429,home,hist_gradient_boosting,no_dratings,"{""l2_regularization"":0.0,""learning_rate"":0.05,""loss"":""squared_error"",""max_iter"":300,""max_leaf_nodes"":31,""min_samples_leaf"":30}",ok,757,2.6488058852228376,2.6335825336662286,2.5402906208718625,2.412931191958497,1.0427176573654124,1.0914453517958116,4.868838499765843,
6a816b6d88d9716bee8e,home,hist_gradient_boosting,no_dratings,"{""l2_regularization"":5.0,""learning_rate"":0.05,""loss"":""squared_error"",""max_iter"":300,""max_leaf_nodes"":31,""min_samples_leaf"":30}",ok,757,2.6439487481584827,2.592268858724285,2.5402906208718625,2.412931191958497,1.040805617449803,1.074323572658624,4.484378000255674,
46ae95b2491ecf80592a,home,hist_gradient_boosting,no_dratings,"{""l2_regularization"":0.0,""learning_rate"":0.1,""loss"":""squared_error"",""max_iter"":300,""max_leaf_nodes"":15,""min_samples_leaf"":10}",ok,757,2.796021626134855,2.7386560270982727,2.5402906208718625,2.412931191958497,1.100669979710913,1.1349913483754983,2.9125667000189424,
260af9f84d38471c70a3,home,hist_gradient_boosting,no_dratings,"{""l2_regularization"":5.0,""learning_rate"":0.1,""loss"":""squared_error"",""max_iter"":300,""max_leaf_nodes"":15,""min_samples_leaf"":10}",ok,757,2.734209022717988,2.7033182759161836,2.5402906208718625,2.412931191958497,1.0763370931864362,1.1203461934287438,3.276317900046706,
fea6ece7ec33a8afab35,home,hist_gradient_boosting,no_dratings,"{""l2_regularization"":0.0,""learning_rate"":0.1,""loss"":""squared_error"",""max_iter"":300,""max_leaf_nodes"":15,""min_samples_leaf"":30}",ok,757,2.7159021110262507,2.731596201792978,2.5402906208718625,2.412931191958497,1.0691304722032615,1.1320655188579294,2.9909175001084805,
5bb43cfd4911ec3a8a2f,home,hist_gradient_boosting,no_dratings,"{""l2_regularization"":5.0,""learning_rate"":0.1,""loss"":""squared_error"",""max_iter"":300,""max_leaf_nodes"":15,""min_samples_leaf"":30}",ok,757,2.6871651974472286,2.7081828619923147,2.5402906208718625,2.412931191958497,1.057818021043969,1.122362241831758,2.937737800180912,
e7406cacc0e39cee9078,home,hist_gradient_boosting,no_dratings,"{""l2_regularization"":0.0,""learning_rate"":0.1,""loss"":""squared_error"",""max_iter"":300,""max_leaf_nodes"":31,""min_samples_leaf"":10}",ok,757,2.7338764498865764,2.684660790640371,2.5402906208718625,2.412931191958497,1.0762061739803113,1.1126139027865607,6.020262900274247,
14c8b1359dfc631ae044,home,hist_gradient_boosting,no_dratings,"{""l2_regularization"":5.0,""learning_rate"":0.1,""loss"":""squared_error"",""max_iter"":300,""max_leaf_nodes"":31,""min_samples_leaf"":10}",ok,757,2.7266654178311884,2.6890954998038894,2.5402906208718625,2.412931191958497,1.07336750977546,1.114451795710444,6.134767099749297,
cd5ce3a535d6570f608f,home,hist_gradient_boosting,no_dratings,"{""l2_regularization"":0.0,""learning_rate"":0.1,""loss"":""squared_error"",""max_iter"":300,""max_leaf_nodes"":31,""min_samples_leaf"":30}",ok,757,2.711419541130203,2.752538970946664,2.5402906208718625,2.412931191958497,1.0673658828058055,1.1407449081515326,5.478707799687982,
2c77ecdaff2f896b2878,home,hist_gradient_boosting,no_dratings,"{""l2_regularization"":5.0,""learning_rate"":0.1,""loss"":""squared_error"",""max_iter"":300,""max_leaf_nodes"":31,""min_samples_leaf"":30}",ok,757,2.6388868943644765,2.6172946489445588,2.5402906208718625,2.412931191958497,1.0388129896172174,1.084695103477106,5.157454300206155,
8dcc4b2ebd5eeaea044c,home,random_forest,no_dratings,"{""criterion"":""poisson"",""max_depth"":null,""max_features"":0.6,""max_samples"":null,""min_samples_leaf"":2,""n_estimators"":400}",ok,757,2.5966255800475584,2.4477630898572094,2.5402906208718625,2.412931191958497,1.0221765803931366,1.01443551229923,8.775273100007325,
740cd30ef080f6863509,home,random_forest,no_dratings,"{""criterion"":""poisson"",""max_depth"":null,""max_features"":1.0,""max_samples"":null,""min_samples_leaf"":2,""n_estimators"":400}",ok,757,2.6118315248084576,2.4640987137385277,2.5402906208718625,2.412931191958497,1.0281624879251183,1.0212055453344693,14.99992370000109,
7ade741e35a516af985f,home,random_forest,no_dratings,"{""criterion"":""poisson"",""max_depth"":null,""max_features"":0.6,""max_samples"":null,""min_samples_leaf"":8,""n_estimators"":400}",ok,757,2.5589118341184838,2.411347966688511,2.5402906208718625,2.412931191958497,1.0073303475963038,0.9993438580945606,6.08292659977451,
4a9e7f83e396205c1d35,home,random_forest,no_dratings,"{""criterion"":""poisson"",""max_depth"":null,""max_features"":1.0,""max_samples"":null,""min_samples_leaf"":8,""n_estimators"":400}",ok,757,2.548034390619326,2.4001687619074232,2.5402906208718625,2.412931191958497,1.0030483794585698,0.9947108189020861,9.61040459992364,
46aa38bdbdaa68f60460,home,random_forest,no_dratings,"{""criterion"":""poisson"",""max_depth"":14,""max_features"":0.6,""max_samples"":null,""min_samples_leaf"":2,""n_estimators"":400}",ok,757,2.5991656542010007,2.442841403018273,2.5402906208718625,2.412931191958497,1.023176495179489,1.0123957994158543,8.327639500144869,
626b53804b5de97656ff,home,random_forest,no_dratings,"{""criterion"":""poisson"",""max_depth"":14,""max_features"":1.0,""max_samples"":null,""min_samples_leaf"":2,""n_estimators"":400}",ok,757,2.6109307159003223,2.460915578836496,2.5402906208718625,2.412931191958497,1.0278078793221759,1.0198863469617017,14.784136400092393,
3ee86ec18c3fed0a329f,home,random_forest,no_dratings,"{""criterion"":""poisson"",""max_depth"":14,""max_features"":0.6,""max_samples"":null,""min_samples_leaf"":8,""n_estimators"":400}",ok,757,2.553729367006693,2.403911688252491,2.5402906208718625,2.412931191958497,1.0052902396381003,0.9962620137134183,6.646212099585682,
fccdc3db21ac7411d14e,home,random_forest,no_dratings,"{""criterion"":""poisson"",""max_depth"":14,""max_features"":1.0,""max_samples"":null,""min_samples_leaf"":8,""n_estimators"":400}",ok,757,2.5482288007457883,2.401031229937598,2.5402906208718625,2.412931191958497,1.003124910121977,0.9950682547183451,11.516160199884325,
bf9c7ba1da4648e2c3a4,home,random_forest,no_dratings,"{""criterion"":""squared_error"",""max_depth"":null,""max_features"":0.6,""max_samples"":null,""min_samples_leaf"":2,""n_estimators"":400}",ok,757,2.752820699590528,2.610767733190677,2.5402906208718625,2.412931191958497,1.0836636867342848,1.0819901296363128,7.229358599986881,
39c1d48d44750fafdea5,home,random_forest,no_dratings,"{""criterion"":""squared_error"",""max_depth"":null,""max_features"":1.0,""max_samples"":null,""min_samples_leaf"":2,""n_estimators"":400}",ok,757,2.7764265018754384,2.6346829491105717,2.5402906208718625,2.412931191958497,1.0929562464481055,1.0919014010391594,11.559173100162297,
1e3f95114ed0685f87eb,home,random_forest,no_dratings,"{""criterion"":""squared_error"",""max_depth"":null,""max_features"":0.6,""max_samples"":null,""min_samples_leaf"":8,""n_estimators"":400}",ok,757,2.568930306451444,2.412070217380444,2.5402906208718625,2.412931191958497,1.0112741767986184,0.9996431831206283,5.49488880019635,
bd8884d7c36afc4ef558,home,random_forest,no_dratings,"{""criterion"":""squared_error"",""max_depth"":null,""max_features"":1.0,""max_samples"":null,""min_samples_leaf"":8,""n_estimators"":400}",ok,757,2.5747126397441593,2.4121786238697736,2.5402906208718625,2.412931191958497,1.013550425525912,0.9996881104230276,9.456153499893844,
b6c6b9b4b58d4b4b3823,home,random_forest,no_dratings,"{""criterion"":""squared_error"",""max_depth"":14,""max_features"":0.6,""max_samples"":null,""min_samples_leaf"":2,""n_estimators"":400}",ok,757,2.759520569825315,2.62070031309183,2.5402906208718625,2.412931191958497,1.086301129151203,1.086106525468177,7.376950300298631,
3f1bc3e476e42bffe86c,home,random_forest,no_dratings,"{""criterion"":""squared_error"",""max_depth"":14,""max_features"":1.0,""max_samples"":null,""min_samples_leaf"":2,""n_estimators"":400}",ok,757,2.767335677318151,2.6248392011603836,2.5402906208718625,2.412931191958497,1.089377591123162,1.087821820161348,11.016121699940413,
7d1931c39e9805cef33d,home,random_forest,no_dratings,"{""criterion"":""squared_error"",""max_depth"":14,""max_features"":0.6,""max_samples"":null,""min_samples_leaf"":8,""n_estimators"":400}",ok,757,2.57024507260745,2.4092882041354575,2.5402906208718625,2.412931191958497,1.0117917420508789,0.9984902230800529,6.387532200198621,
e86736c57592e5c7703e,home,random_forest,no_dratings,"{""criterion"":""squared_error"",""max_depth"":14,""max_features"":1.0,""max_samples"":null,""min_samples_leaf"":8,""n_estimators"":400}",ok,757,2.5757575284952114,2.4141823282599026,2.5402906208718625,2.412931191958497,1.0139617519869346,1.0005185130456995,11.02265840023756,
417985feac6b874a721a,home,extra_trees,no_dratings,"{""criterion"":""poisson"",""max_depth"":null,""max_features"":0.6,""max_samples"":null,""min_samples_leaf"":2,""n_estimators"":400}",ok,757,2.5602444034251746,2.400262211412615,2.5402906208718625,2.412931191958497,1.0078549211611323,0.9947495475262189,3.8296181997284293,
2e2b18a157f7cdd34430,home,extra_trees,no_dratings,"{""criterion"":""poisson"",""max_depth"":null,""max_features"":1.0,""max_samples"":null,""min_samples_leaf"":2,""n_estimators"":400}",ok,757,2.5756786500597593,2.4159804761063626,2.5402906208718625,2.412931191958497,1.013930701037565,1.0012637261095665,5.030744000338018,
5a42f9e3e1e61614f4da,home,extra_trees,no_dratings,"{""criterion"":""poisson"",""max_depth"":null,""max_features"":0.6,""max_samples"":null,""min_samples_leaf"":8,""n_estimators"":400}",ok,757,2.546620759259307,2.4071919108177617,2.5402906208718625,2.412931191958497,1.0024918953506476,0.9976214484856168,2.025332000106573,
3802cf3b726db2828d8c,home,extra_trees,no_dratings,"{""criterion"":""poisson"",""max_depth"":null,""max_features"":1.0,""max_samples"":null,""min_samples_leaf"":8,""n_estimators"":400}",ok,757,2.5399659503869114,2.4000536047545125,2.5402906208718625,2.412931191958497,0.9998721915979678,0.9946630938972063,3.040770099963993,
a5fe38e34c2634114e6e,home,extra_trees,no_dratings,"{""criterion"":""poisson"",""max_depth"":14,""max_features"":0.6,""max_samples"":null,""min_samples_leaf"":2,""n_estimators"":400}",ok,757,2.5604834103415786,2.402933443616397,2.5402906208718625,2.412931191958497,1.0079490076071633,0.9958565961700776,3.5314082000404596,
bfd1b5f9ba544eacf06a,home,extra_trees,no_dratings,"{""criterion"":""poisson"",""max_depth"":14,""max_features"":1.0,""max_samples"":null,""min_samples_leaf"":2,""n_estimators"":400}",ok,757,2.5807899312552953,2.4270944507411945,2.5402906208718625,2.412931191958497,1.0159427862507846,1.0058697317312233,6.680037599988282,
a0bb8d7f6d467f5b2346,home,extra_trees,no_dratings,"{""criterion"":""poisson"",""max_depth"":14,""max_features"":0.6,""max_samples"":null,""min_samples_leaf"":8,""n_estimators"":400}",ok,757,2.547631113087296,2.4059117392460894,2.5402906208718625,2.412931191958497,1.0028896269407608,0.997090902245451,2.4885132000781596,
64ea37ebbccc37a07899,home,extra_trees,no_dratings,"{""criterion"":""poisson"",""max_depth"":14,""max_features"":1.0,""max_samples"":null,""min_samples_leaf"":8,""n_estimators"":400}",ok,757,2.5382585385735505,2.395518660778608,2.5402906208718625,2.412931191958497,0.9992000591264575,0.9927836602892286,3.363944100216031,
e430239be42a6bb63492,home,extra_trees,no_dratings,"{""criterion"":""squared_error"",""max_depth"":null,""max_features"":0.6,""max_samples"":null,""min_samples_leaf"":2,""n_estimators"":400}",ok,757,2.583144539850286,2.418187957033939,2.5402906208718625,2.412931191958497,1.016869691454325,1.0021785805964798,3.7337679001502693,
af230da2793212e91dfa,home,extra_trees,no_dratings,"{""criterion"":""squared_error"",""max_depth"":null,""max_features"":1.0,""max_samples"":null,""min_samples_leaf"":2,""n_estimators"":400}",ok,757,2.636761889035667,2.4824584419968616,2.5402906208718625,2.412931191958497,1.0379764690587625,1.028814435434411,4.663910000119358,
582a19f9132ded08e73d,home,extra_trees,no_dratings,"{""criterion"":""squared_error"",""max_depth"":null,""max_features"":0.6,""max_samples"":null,""min_samples_leaf"":8,""n_estimators"":400}",ok,757,2.551060841071563,2.4058233285957424,2.5402906208718625,2.412931191958497,1.004239759069773,0.9970542618925716,2.0795625997707248,
0787d1a4e2d557162591,home,extra_trees,no_dratings,"{""criterion"":""squared_error"",""max_depth"":null,""max_features"":1.0,""max_samples"":null,""min_samples_leaf"":8,""n_estimators"":400}",ok,757,2.5486074769261005,2.4011021232070777,2.5402906208718625,2.412931191958497,1.0032739781763174,0.99509763527827,2.8346118996851146,
bb334a4647f07672cf0a,home,extra_trees,no_dratings,"{""criterion"":""squared_error"",""max_depth"":14,""max_features"":0.6,""max_samples"":null,""min_samples_leaf"":2,""n_estimators"":400}",ok,757,2.5841785544150473,2.415705080343277,2.5402906208718625,2.412931191958497,1.0172767372294285,1.001149592824704,2.6171856997534633,
8b14e86c82f827480fa6,home,extra_trees,no_dratings,"{""criterion"":""squared_error"",""max_depth"":14,""max_features"":1.0,""max_samples"":null,""min_samples_leaf"":2,""n_estimators"":400}",ok,757,2.618992108108372,2.4582312432770004,2.5402906208718625,2.412931191958497,1.030981292687487,1.0187738678456615,3.411023600026965,
98564c49002a31c4fe1a,home,extra_trees,no_dratings,"{""criterion"":""squared_error"",""max_depth"":14,""max_features"":0.6,""max_samples"":null,""min_samples_leaf"":8,""n_estimators"":400}",ok,757,2.5489409227582374,2.4073579786471995,2.5402906208718625,2.412931191958497,1.0034052410441943,0.9976902725905027,2.006640600040555,
ddf6c95a10da475ed3c7,home,extra_trees,no_dratings,"{""criterion"":""squared_error"",""max_depth"":14,""max_features"":1.0,""max_samples"":null,""min_samples_leaf"":8,""n_estimators"":400}",ok,757,2.5464983079490406,2.3959611011514106,2.5402906208718625,2.412931191958497,1.002443691688728,0.9929670224896415,2.9041627002879977,
5ecda903393733c7c7d8,home,poisson_glm,no_dratings,"{""alpha"":0.0,""solver"":""lbfgs""}",ok,757,361.13716831148184,719.7807429451171,2.5402906208718625,2.412931191958497,142.16372148299104,298.30139597179925,2.6298948996700346,
48db5f78ae1d200f551c,home,poisson_glm,no_dratings,"{""alpha"":0.01,""solver"":""lbfgs""}",ok,757,2.5998363968954616,2.548201494964198,2.5402906208718625,2.412931191958497,1.0234405368954054,1.0560605720778578,0.8807434001937509,
af2654421383e2aac538,home,poisson_glm,no_dratings,"{""alpha"":0.1,""solver"":""lbfgs""}",ok,757,2.5843089422750833,2.5169054206636416,2.5402906208718625,2.412931191958497,1.0173280651597703,1.043090424232426,0.5094118001870811,
a19b4552bb4d323f2b33,home,poisson_glm,no_dratings,"{""alpha"":1.0,""solver"":""lbfgs""}",ok,757,2.5548820231582354,2.451236850369286,2.5402906208718625,2.412931191958497,1.005743989355582,1.015875155718675,0.3021120000630617,
6bbdf89669ac89ffe56b,home,poisson_glm,no_dratings,"{""alpha"":10.0,""solver"":""lbfgs""}",ok,757,2.551773467926412,2.414536583719109,2.5402906208718625,2.412931191958497,1.004520288726102,1.0006653284461497,0.228734300006181,
f0f15af7859816234c27,home,tweedie_glm,no_dratings,"{""alpha"":0.01,""power"":1.2,""solver"":""lbfgs""}",ok,757,2.59719698979177,2.544498540902581,2.5402906208718625,2.412931191958497,1.0224015191223974,1.0545259431278249,0.6288816002197564,
a3e93757a93b73cfa170,home,tweedie_glm,no_dratings,"{""alpha"":0.1,""power"":1.2,""solver"":""lbfgs""}",ok,757,2.580279985712118,2.5096127133280723,2.5402906208718625,2.412931191958497,1.0157420432574484,1.0400680805535536,0.3589375000447035,
11930e7cf9eda5545e16,home,tweedie_glm,no_dratings,"{""alpha"":1.0,""power"":1.2,""solver"":""lbfgs""}",ok,757,2.551213101152785,2.443276004714256,2.5402906208718625,2.412931191958497,1.0042996971256672,1.0125759130044356,0.23500760039314628,
1a5c733f4f2ced98cc53,home,tweedie_glm,no_dratings,"{""alpha"":0.01,""power"":1.5,""solver"":""lbfgs""}",ok,757,2.5935332759428373,2.5395489675078857,2.5402906208718625,2.412931191958497,1.020959277113223,1.052474673115986,0.5137280998751521,
ec2d40ed1d71a5115eb3,home,tweedie_glm,no_dratings,"{""alpha"":0.1,""power"":1.5,""solver"":""lbfgs""}",ok,757,2.573713620405511,2.4984380967131283,2.5402906208718625,2.412931191958497,1.0131571558226584,1.0354369428517471,0.2948123002424836,
3deefffdff37f6c3609e,home,tweedie_glm,no_dratings,"{""alpha"":1.0,""power"":1.5,""solver"":""lbfgs""}",ok,757,2.5469080724441295,2.432743761826407,2.5402906208718625,2.412931191958497,1.0026049978368206,1.0082109966226716,0.21795579977333546,
40d4ce84f251490999c1,home,tweedie_glm,no_dratings,"{""alpha"":0.01,""power"":1.8,""solver"":""lbfgs""}",ok,757,2.5898802960879777,2.5350156028056494,2.5402906208718625,2.412931191958497,1.0195212606024957,1.0505958940122369,0.424626300111413,
33abb3f1cb0b7ec5f5fc,home,tweedie_glm,no_dratings,"{""alpha"":0.1,""power"":1.8,""solver"":""lbfgs""}",ok,757,2.5665583319094973,2.4868418939316377,2.5402906208718625,2.412931191958497,1.01034043539027,1.030631085635372,0.26626780023798347,
cdae56518c792357e352,home,tweedie_glm,no_dratings,"{""alpha"":1.0,""power"":1.8,""solver"":""lbfgs""}",ok,757,2.5438342710288384,2.4242346824679286,2.5402906208718625,2.412931191958497,1.0013949782469218,1.0046845473866401,0.21508600004017353,
be00269ea9e514f56feb,home,lightgbm,no_dratings,"{""colsample_bytree"":0.9,""learning_rate"":0.025,""min_child_samples"":10,""n_estimators"":500,""num_leaves"":15,""objective"":""poisson"",""reg_lambda"":1.0,""subsample"":0.9,""tweedie_variance_power"":null}",ok,757,2.6064451070033336,2.5294713970555196,2.5402906208718625,2.412931191958497,1.0260420936045365,1.0482981883136215,2.701528700068593,
1f37db47146ddcff8169,home,lightgbm,no_dratings,"{""colsample_bytree"":0.9,""learning_rate"":0.025,""min_child_samples"":30,""n_estimators"":500,""num_leaves"":15,""objective"":""poisson"",""reg_lambda"":1.0,""subsample"":0.9,""tweedie_variance_power"":null}",ok,757,2.5587722394781656,2.522695383994187,2.5402906208718625,2.412931191958497,1.0072753953639997,1.0454899801542197,1.936348400078714,
eb3ef2143f251384a9b2,home,lightgbm,no_dratings,"{""colsample_bytree"":0.9,""learning_rate"":0.025,""min_child_samples"":10,""n_estimators"":500,""num_leaves"":31,""objective"":""poisson"",""reg_lambda"":1.0,""subsample"":0.9,""tweedie_variance_power"":null}",ok,757,2.57249532434082,2.595601354274975,2.5402906208718625,2.412931191958497,1.0126775665761834,1.0757046711175426,4.242314199917018,
f69d60ed69f41e3d96aa,home,lightgbm,no_dratings,"{""colsample_bytree"":0.9,""learning_rate"":0.025,""min_child_samples"":30,""n_estimators"":500,""num_leaves"":31,""objective"":""poisson"",""reg_lambda"":1.0,""subsample"":0.9,""tweedie_variance_power"":null}",ok,757,2.5402607932049412,2.548957444323253,2.5402906208718625,2.412931191958497,0.9999882581675198,1.0563738629672021,3.7301610000431538,
ce128318d30f750b66aa,home,lightgbm,no_dratings,"{""colsample_bytree"":0.9,""learning_rate"":0.05,""min_child_samples"":10,""n_estimators"":500,""num_leaves"":15,""objective"":""poisson"",""reg_lambda"":1.0,""subsample"":0.9,""tweedie_variance_power"":null}",ok,757,2.6115797009950326,2.630249380892025,2.5402906208718625,2.412931191958497,1.028063356033926,1.090063980961321,2.2655210997909307,
f074970d17e6cc0a96ac,home,lightgbm,no_dratings,"{""colsample_bytree"":0.9,""learning_rate"":0.05,""min_child_samples"":30,""n_estimators"":500,""num_leaves"":15,""objective"":""poisson"",""reg_lambda"":1.0,""subsample"":0.9,""tweedie_variance_power"":null}",ok,757,2.574557781764519,2.6108000997767467,2.5402906208718625,2.412931191958497,1.013489464792377,1.0820035434403108,1.8644469999708235,
8516b4b70883ec8c9342,home,lightgbm,no_dratings,"{""colsample_bytree"":0.9,""learning_rate"":0.05,""min_child_samples"":10,""n_estimators"":500,""num_leaves"":31,""objective"":""poisson"",""reg_lambda"":1.0,""subsample"":0.9,""tweedie_variance_power"":null}",ok,757,2.5845244299214976,2.744066880057512,2.5402906208718625,2.412931191958497,1.0174128931100228,1.137233788183675,3.804721700027585,
d7242b33d658ba200d9d,home,lightgbm,no_dratings,"{""colsample_bytree"":0.9,""learning_rate"":0.05,""min_child_samples"":30,""n_estimators"":500,""num_leaves"":31,""objective"":""poisson"",""reg_lambda"":1.0,""subsample"":0.9,""tweedie_variance_power"":null}",ok,757,2.5640469676677444,2.668773609876796,2.5402906208718625,2.412931191958497,1.009351822425628,1.1060297196915259,2.9770257002674043,
91d9ac16c2ca30bd2b11,home,lightgbm,no_dratings,"{""colsample_bytree"":0.9,""learning_rate"":0.1,""min_child_samples"":10,""n_estimators"":500,""num_leaves"":15,""objective"":""poisson"",""reg_lambda"":1.0,""subsample"":0.9,""tweedie_variance_power"":null}",ok,757,2.6103242389721197,2.75786573093676,2.5402906208718625,2.412931191958497,1.027569136194433,1.1429524969994236,1.8115517999976873,
d0600b9c81c4a6b1783b,home,lightgbm,no_dratings,"{""colsample_bytree"":0.9,""learning_rate"":0.1,""min_child_samples"":30,""n_estimators"":500,""num_leaves"":15,""objective"":""poisson"",""reg_lambda"":1.0,""subsample"":0.9,""tweedie_variance_power"":null}",ok,757,2.6049019086686513,2.7623217189891087,2.5402906208718625,2.412931191958497,1.0254346047125165,1.1447992086119219,1.6976594999432564,
5b60edab74f0f8cee48a,home,lightgbm,no_dratings,"{""colsample_bytree"":0.9,""learning_rate"":0.1,""min_child_samples"":10,""n_estimators"":500,""num_leaves"":31,""objective"":""poisson"",""reg_lambda"":1.0,""subsample"":0.9,""tweedie_variance_power"":null}",ok,757,2.6147355808034973,2.9577375787817366,2.5402906208718625,2.412931191958497,1.029305686254939,1.225786126284454,3.647487099748105,
3fa87a4c14dcc206cc01,home,lightgbm,no_dratings,"{""colsample_bytree"":0.9,""learning_rate"":0.1,""min_child_samples"":30,""n_estimators"":500,""num_leaves"":31,""objective"":""poisson"",""reg_lambda"":1.0,""subsample"":0.9,""tweedie_variance_power"":null}",ok,757,2.582193587833544,2.8215698814521515,2.5402906208718625,2.412931191958497,1.0164953437285453,1.1693536437572327,3.2242074999958277,
b5b291eceef3ebbc67b4,home,lightgbm,no_dratings,"{""colsample_bytree"":0.9,""learning_rate"":0.025,""min_child_samples"":10,""n_estimators"":500,""num_leaves"":15,""objective"":""tweedie"",""reg_lambda"":1.0,""subsample"":0.9,""tweedie_variance_power"":1.5}",ok,757,2.587277761642321,2.700333994990416,2.5402906208718625,2.412931191958497,1.0184967579632018,1.1191094068449765,2.2089296001940966,
88473cc00585032b9d37,home,lightgbm,no_dratings,"{""colsample_bytree"":0.9,""learning_rate"":0.025,""min_child_samples"":30,""n_estimators"":500,""num_leaves"":15,""objective"":""tweedie"",""reg_lambda"":1.0,""subsample"":0.9,""tweedie_variance_power"":1.5}",ok,757,2.577087822095949,2.7138578068785812,2.5402906208718625,2.412931191958497,1.0144854297070378,1.1247141302342036,2.0019950000569224,
294bd2257f059ebf36a2,home,lightgbm,no_dratings,"{""colsample_bytree"":0.9,""learning_rate"":0.025,""min_child_samples"":10,""n_estimators"":500,""num_leaves"":31,""objective"":""tweedie"",""reg_lambda"":1.0,""subsample"":0.9,""tweedie_variance_power"":1.5}",ok,757,2.6057254758033497,2.967855527259281,2.5402906208718625,2.412931191958497,1.0257588066474965,1.229979345101163,4.3153471001423895,
73b4e1bb2148689b16db,home,lightgbm,no_dratings,"{""colsample_bytree"":0.9,""learning_rate"":0.025,""min_child_samples"":30,""n_estimators"":500,""num_leaves"":31,""objective"":""tweedie"",""reg_lambda"":1.0,""subsample"":0.9,""tweedie_variance_power"":1.5}",ok,757,2.5868764113461986,2.852247940907188,2.5402906208718625,2.412931191958497,1.0183387641128823,1.1820676654240239,3.3550925999879837,
1d4b184a3a17c267c01b,home,lightgbm,no_dratings,"{""colsample_bytree"":0.9,""learning_rate"":0.05,""min_child_samples"":10,""n_estimators"":500,""num_leaves"":15,""objective"":""tweedie"",""reg_lambda"":1.0,""subsample"":0.9,""tweedie_variance_power"":1.5}",ok,757,2.6042041169267462,2.9308090676405536,2.5402906208718625,2.412931191958497,1.0251599149836437,1.2146260437960157,2.346220300067216,
72ebca3425e2894d0742,home,lightgbm,no_dratings,"{""colsample_bytree"":0.9,""learning_rate"":0.05,""min_child_samples"":30,""n_estimators"":500,""num_leaves"":15,""objective"":""tweedie"",""reg_lambda"":1.0,""subsample"":0.9,""tweedie_variance_power"":1.5}",ok,757,2.632732663435096,2.9727861613002156,2.5402906208718625,2.412931191958497,1.0363903412482411,1.232022766006561,1.9294227003119886,
6a77181a5da8dc6bb4c5,home,lightgbm,no_dratings,"{""colsample_bytree"":0.9,""learning_rate"":0.05,""min_child_samples"":10,""n_estimators"":500,""num_leaves"":31,""objective"":""tweedie"",""reg_lambda"":1.0,""subsample"":0.9,""tweedie_variance_power"":1.5}",ok,757,2.6873837055659227,3.355020295631677,2.5402906208718625,2.412931191958497,1.0579040380204907,1.3904334722899898,2.880482899956405,
fcbba35f1b50706e92ad,home,lightgbm,no_dratings,"{""colsample_bytree"":0.9,""learning_rate"":0.05,""min_child_samples"":30,""n_estimators"":500,""num_leaves"":31,""objective"":""tweedie"",""reg_lambda"":1.0,""subsample"":0.9,""tweedie_variance_power"":1.5}",ok,757,2.631467340614125,3.038506354183176,2.5402906208718625,2.412931191958497,1.0358922396489303,1.259259428660674,2.123908399604261,
1885039cf7768a39e81a,home,lightgbm,no_dratings,"{""colsample_bytree"":0.9,""learning_rate"":0.1,""min_child_samples"":10,""n_estimators"":500,""num_leaves"":15,""objective"":""tweedie"",""reg_lambda"":1.0,""subsample"":0.9,""tweedie_variance_power"":1.5}",ok,757,2.731097285847707,3.3227481254222204,2.5402906208718625,2.412931191958497,1.075112140086695,1.3770587974061768,1.3787243999540806,
d3865e3c96e6f8a62d55,home,lightgbm,no_dratings,"{""colsample_bytree"":0.9,""learning_rate"":0.1,""min_child_samples"":30,""n_estimators"":500,""num_leaves"":15,""objective"":""tweedie"",""reg_lambda"":1.0,""subsample"":0.9,""tweedie_variance_power"":1.5}",ok,757,2.689989218662442,3.220215107971027,2.5402906208718625,2.412931191958497,1.0589297132228126,1.334565659685175,1.3539225002750754,
a50ad6052273ec60114c,home,lightgbm,no_dratings,"{""colsample_bytree"":0.9,""learning_rate"":0.1,""min_child_samples"":10,""n_estimators"":500,""num_leaves"":31,""objective"":""tweedie"",""reg_lambda"":1.0,""subsample"":0.9,""tweedie_variance_power"":1.5}",ok,757,2.7731960588880855,3.771407867466217,2.5402906208718625,2.412931191958497,1.0916845640032662,1.5629985140210687,2.697817000094801,
7ade38840a3220093a3d,home,lightgbm,no_dratings,"{""colsample_bytree"":0.9,""learning_rate"":0.1,""min_child_samples"":30,""n_estimators"":500,""num_leaves"":31,""objective"":""tweedie"",""reg_lambda"":1.0,""subsample"":0.9,""tweedie_variance_power"":1.5}",ok,757,2.7145940625282186,3.350732805222958,2.5402906208718625,2.412931191958497,1.0686155513956639,1.3886565917792617,2.333819900173694,
1c43853e7cc6658152ec,home,lightgbm,no_dratings,"{""colsample_bytree"":0.9,""learning_rate"":0.025,""min_child_samples"":10,""n_estimators"":500,""num_leaves"":15,""objective"":""regression"",""reg_lambda"":1.0,""subsample"":0.9,""tweedie_variance_power"":null}",ok,757,2.735376997516468,2.6168927282117,2.5402906208718625,2.412931191958497,1.0767968731773097,1.0845285339809685,1.7190804001875222,
ae55093787455065d802,home,lightgbm,no_dratings,"{""colsample_bytree"":0.9,""learning_rate"":0.025,""min_child_samples"":30,""n_estimators"":500,""num_leaves"":15,""objective"":""regression"",""reg_lambda"":1.0,""subsample"":0.9,""tweedie_variance_power"":null}",ok,757,2.618881316520042,2.5540091935935014,2.5402906208718625,2.412931191958497,1.0309376789421072,1.058467478105124,1.6629269002005458,
97d5e408d522bd830a40,home,lightgbm,no_dratings,"{""colsample_bytree"":0.9,""learning_rate"":0.025,""min_child_samples"":10,""n_estimators"":500,""num_leaves"":31,""objective"":""regression"",""reg_lambda"":1.0,""subsample"":0.9,""tweedie_variance_power"":null}",ok,757,2.699176067390917,2.607042734626933,2.5402906208718625,2.412931191958497,1.062546169014521,1.0804463647017144,3.4992148000746965,
f084ad65640dd755dd5a,home,lightgbm,no_dratings,"{""colsample_bytree"":0.9,""learning_rate"":0.025,""min_child_samples"":30,""n_estimators"":500,""num_leaves"":31,""objective"":""regression"",""reg_lambda"":1.0,""subsample"":0.9,""tweedie_variance_power"":null}",ok,757,2.6190770193111828,2.54957960489814,2.5402906208718625,2.412931191958497,1.0310147184703928,1.056631707275801,2.734144799876958,
eff307cbc3c7c3320d02,home,lightgbm,no_dratings,"{""colsample_bytree"":0.9,""learning_rate"":0.05,""min_child_samples"":10,""n_estimators"":500,""num_leaves"":15,""objective"":""regression"",""reg_lambda"":1.0,""subsample"":0.9,""tweedie_variance_power"":null}",ok,757,2.741412269779549,2.690701098408611,2.5402906208718625,2.412931191958497,1.079172692783733,1.1151172098797633,1.7357650003395975,
04443eda6927fa06276d,home,lightgbm,no_dratings,"{""colsample_bytree"":0.9,""learning_rate"":0.05,""min_child_samples"":30,""n_estimators"":500,""num_leaves"":15,""objective"":""regression"",""reg_lambda"":1.0,""subsample"":0.9,""tweedie_variance_power"":null}",ok,757,2.6611554735333316,2.6253120313179346,2.5402906208718625,2.412931191958497,1.0475791437674113,1.0880177769126749,1.5536571997217834,
4124cdc4cb3ed7a3b3af,home,lightgbm,no_dratings,"{""colsample_bytree"":0.9,""learning_rate"":0.05,""min_child_samples"":10,""n_estimators"":500,""num_leaves"":31,""objective"":""regression"",""reg_lambda"":1.0,""subsample"":0.9,""tweedie_variance_power"":null}",ok,757,2.706582910810002,2.6164160334213475,2.5402906208718625,2.412931191958497,1.0654619154878688,1.0843309755955737,3.3493698998354375,
aa288b52e1e16f6b0a46,home,lightgbm,no_dratings,"{""colsample_bytree"":0.9,""learning_rate"":0.05,""min_child_samples"":30,""n_estimators"":500,""num_leaves"":31,""objective"":""regression"",""reg_lambda"":1.0,""subsample"":0.9,""tweedie_variance_power"":null}",ok,757,2.6385146301939115,2.5954622461810497,2.5402906208718625,2.412931191958497,1.0386664456873589,1.0756470200355768,2.757766999769956,
88819581ae884ec7dfbf,home,lightgbm,no_dratings,"{""colsample_bytree"":0.9,""learning_rate"":0.1,""min_child_samples"":10,""n_estimators"":500,""num_leaves"":15,""objective"":""regression"",""reg_lambda"":1.0,""subsample"":0.9,""tweedie_variance_power"":null}",ok,757,2.78807026042692,2.771510027324585,2.5402906208718625,2.412931191958497,1.0975398789096091,1.148607153225551,1.677524599712342,
048da34dece15114cb54,home,lightgbm,no_dratings,"{""colsample_bytree"":0.9,""learning_rate"":0.1,""min_child_samples"":30,""n_estimators"":500,""num_leaves"":15,""objective"":""regression"",""reg_lambda"":1.0,""subsample"":0.9,""tweedie_variance_power"":null}",ok,757,2.6829943807291796,2.7339520427059183,2.5402906208718625,2.412931191958497,1.0561761550764373,1.1330418587224027,1.557894999627024,
d8165dd785caaf9102de,home,lightgbm,no_dratings,"{""colsample_bytree"":0.9,""learning_rate"":0.1,""min_child_samples"":10,""n_estimators"":500,""num_leaves"":31,""objective"":""regression"",""reg_lambda"":1.0,""subsample"":0.9,""tweedie_variance_power"":null}",ok,757,2.6846151371149043,2.62644732410359,2.5402906208718625,2.412931191958497,1.0568141751409166,1.0884882805016038,3.341810599900782,
16307d585d19faf0726e,home,lightgbm,no_dratings,"{""colsample_bytree"":0.9,""learning_rate"":0.1,""min_child_samples"":30,""n_estimators"":500,""num_leaves"":31,""objective"":""regression"",""reg_lambda"":1.0,""subsample"":0.9,""tweedie_variance_power"":null}",ok,757,2.6663245448860984,2.668584377485759,2.5402906208718625,2.412931191958497,1.0496139784081002,1.1059512954116844,2.808028200175613,
536b2c338a6f5e885575,home,xgboost,no_dratings,"{""colsample_bytree"":0.9,""learning_rate"":0.025,""max_depth"":3,""min_child_weight"":1.0,""n_estimators"":500,""objective"":""count:poisson"",""reg_lambda"":1.0,""subsample"":0.9,""tweedie_variance_power"":null}",ok,757,2.5737784718270347,2.4264251204450815,2.5402906208718625,2.412931191958497,1.0131826849573922,1.0055923387005627,3.2693469002842903,
70d32582e9f956ce604b,home,xgboost,no_dratings,"{""colsample_bytree"":0.9,""learning_rate"":0.025,""max_depth"":3,""min_child_weight"":5.0,""n_estimators"":500,""objective"":""count:poisson"",""reg_lambda"":1.0,""subsample"":0.9,""tweedie_variance_power"":null}",ok,757,2.573779391486547,2.426425434047235,2.5402906208718625,2.412931191958497,1.0131830469866439,1.0055924686678634,3.233423499856144,
901c929e803eeba8a0fb,home,xgboost,no_dratings,"{""colsample_bytree"":0.9,""learning_rate"":0.025,""max_depth"":6,""min_child_weight"":1.0,""n_estimators"":500,""objective"":""count:poisson"",""reg_lambda"":1.0,""subsample"":0.9,""tweedie_variance_power"":null}",ok,757,2.5207552177587935,2.4856790000048994,2.5402906208718625,2.412931191958497,0.9923097763096239,1.0301491432034393,8.014351699966937,
4b70962f8237307c1e54,home,xgboost,no_dratings,"{""colsample_bytree"":0.9,""learning_rate"":0.025,""max_depth"":6,""min_child_weight"":5.0,""n_estimators"":500,""objective"":""count:poisson"",""reg_lambda"":1.0,""subsample"":0.9,""tweedie_variance_power"":null}",ok,757,2.519869100937283,2.49499242486235,2.5402906208718625,2.412931191958497,0.9919609513310053,1.0340089403201118,8.021761800162494,
024196db3eaf2e65228e,home,xgboost,no_dratings,"{""colsample_bytree"":0.9,""learning_rate"":0.05,""max_depth"":3,""min_child_weight"":1.0,""n_estimators"":500,""objective"":""count:poisson"",""reg_lambda"":1.0,""subsample"":0.9,""tweedie_variance_power"":null}",ok,757,2.575219582377526,2.4645839224171664,2.5402906208718625,2.412931191958497,1.0137499864065456,1.0214066321620818,3.31990069989115,
4c092f4580efdd428596,home,xgboost,no_dratings,"{""colsample_bytree"":0.9,""learning_rate"":0.05,""max_depth"":3,""min_child_weight"":5.0,""n_estimators"":500,""objective"":""count:poisson"",""reg_lambda"":1.0,""subsample"":0.9,""tweedie_variance_power"":null}",ok,757,2.575099445869617,2.460813105847824,2.5402906208718625,2.412931191958497,1.0137026939798752,1.0198438787019297,3.1615706998854876,
382d468499f9ee0a1745,home,xgboost,no_dratings,"{""colsample_bytree"":0.9,""learning_rate"":0.05,""max_depth"":6,""min_child_weight"":1.0,""n_estimators"":500,""objective"":""count:poisson"",""reg_lambda"":1.0,""subsample"":0.9,""tweedie_variance_power"":null}",ok,757,2.5520522173991136,2.7381915795556395,2.5402906208718625,2.412931191958497,1.0046300200577893,1.1347988656622816,7.288490499835461,
709b24fc51439ee9ffcb,home,xgboost,no_dratings,"{""colsample_bytree"":0.9,""learning_rate"":0.05,""max_depth"":6,""min_child_weight"":5.0,""n_estimators"":500,""objective"":""count:poisson"",""reg_lambda"":1.0,""subsample"":0.9,""tweedie_variance_power"":null}",ok,757,2.573229354155426,2.765803171606667,2.5402906208718625,2.412931191958497,1.0129665216306072,1.146242039899097,7.743550000246614,
3253183edd57577ae962,home,xgboost,no_dratings,"{""colsample_bytree"":0.9,""learning_rate"":0.1,""max_depth"":3,""min_child_weight"":1.0,""n_estimators"":500,""objective"":""count:poisson"",""reg_lambda"":1.0,""subsample"":0.9,""tweedie_variance_power"":null}",ok,757,2.594890580782015,2.5489806162173814,2.5402906208718625,2.412931191958497,1.0214935879625509,1.0563834661810052,3.3492760001681745,
db0bbeecdb909b91f491,home,xgboost,no_dratings,"{""colsample_bytree"":0.9,""learning_rate"":0.1,""max_depth"":3,""min_child_weight"":5.0,""n_estimators"":500,""objective"":""count:poisson"",""reg_lambda"":1.0,""subsample"":0.9,""tweedie_variance_power"":null}",ok,757,2.606128744279063,2.5739172275459925,2.5402906208718625,2.412931191958497,1.0259175556002342,1.0667180382615173,3.312441200017929,
4885ce725fa6e9804b16,home,xgboost,no_dratings,"{""colsample_bytree"":0.9,""learning_rate"":0.1,""max_depth"":6,""min_child_weight"":1.0,""n_estimators"":500,""objective"":""count:poisson"",""reg_lambda"":1.0,""subsample"":0.9,""tweedie_variance_power"":null}",ok,757,2.6469872325383217,3.2693346291861545,2.5402906208718625,2.412931191958497,1.0420017342857564,1.3549224445693966,7.20263160020113,
646d30b6ce6e0f600bf6,home,xgboost,no_dratings,"{""colsample_bytree"":0.9,""learning_rate"":0.1,""max_depth"":6,""min_child_weight"":5.0,""n_estimators"":500,""objective"":""count:poisson"",""reg_lambda"":1.0,""subsample"":0.9,""tweedie_variance_power"":null}",ok,757,2.626426920865612,3.0816516180612736,2.5402906208718625,2.412931191958497,1.0339080494515176,1.2771402799762384,7.093431199900806,
17b6d26123b8b502db2e,home,xgboost,no_dratings,"{""colsample_bytree"":0.9,""learning_rate"":0.025,""max_depth"":3,""min_child_weight"":1.0,""n_estimators"":500,""objective"":""reg:tweedie"",""reg_lambda"":1.0,""subsample"":0.9,""tweedie_variance_power"":1.5}",ok,757,2.5401884222912505,2.5097490555709445,2.5402906208718625,2.412931191958497,0.9999597689414855,1.0401245853736358,3.3053262000903487,
be405fea2aa594059b1a,home,xgboost,no_dratings,"{""colsample_bytree"":0.9,""learning_rate"":0.025,""max_depth"":3,""min_child_weight"":5.0,""n_estimators"":500,""objective"":""reg:tweedie"",""reg_lambda"":1.0,""subsample"":0.9,""tweedie_variance_power"":1.5}",ok,757,2.5293424705848038,2.4823111140704333,2.5402906208718625,2.412931191958497,0.9956901977289113,1.0287533777768536,3.272928799968213,
df61854c90ca89aac25d,home,xgboost,no_dratings,"{""colsample_bytree"":0.9,""learning_rate"":0.025,""max_depth"":6,""min_child_weight"":1.0,""n_estimators"":500,""objective"":""reg:tweedie"",""reg_lambda"":1.0,""subsample"":0.9,""tweedie_variance_power"":1.5}",ok,757,2.6110772776320244,3.02955943157945,2.5402906208718625,2.412931191958497,1.0278655741900378,1.2555515224288083,7.311677800025791,
af9a7b31415f623b6ce1,home,xgboost,no_dratings,"{""colsample_bytree"":0.9,""learning_rate"":0.025,""max_depth"":6,""min_child_weight"":5.0,""n_estimators"":500,""objective"":""reg:tweedie"",""reg_lambda"":1.0,""subsample"":0.9,""tweedie_variance_power"":1.5}",ok,757,2.5806426635821555,2.923513705967947,2.5402906208718625,2.412931191958497,1.0158848134850191,1.2116026000704259,6.681975899729878,
f4448b92e23459ae9911,home,xgboost,no_dratings,"{""colsample_bytree"":0.9,""learning_rate"":0.05,""max_depth"":3,""min_child_weight"":1.0,""n_estimators"":500,""objective"":""reg:tweedie"",""reg_lambda"":1.0,""subsample"":0.9,""tweedie_variance_power"":1.5}",ok,757,2.5663315375855924,2.6989149836735247,2.5402906208718625,2.412931191958497,1.0102511565014527,1.1185213207355922,3.177449299953878,
a05ff41fa3dc1860f515,home,xgboost,no_dratings,"{""colsample_bytree"":0.9,""learning_rate"":0.05,""max_depth"":3,""min_child_weight"":5.0,""n_estimators"":500,""objective"":""reg:tweedie"",""reg_lambda"":1.0,""subsample"":0.9,""tweedie_variance_power"":1.5}",ok,757,2.5665170155869137,2.6817939946473466,2.5402906208718625,2.412931191958497,1.010324170982472,1.1114258059180802,3.152813300024718,
cf9f33246bb511fe71d6,home,xgboost,no_dratings,"{""colsample_bytree"":0.9,""learning_rate"":0.05,""max_depth"":6,""min_child_weight"":1.0,""n_estimators"":500,""objective"":""reg:tweedie"",""reg_lambda"":1.0,""subsample"":0.9,""tweedie_variance_power"":1.5}",ok,757,2.736921725492024,3.5931673119381293,2.5402906208718625,2.412931191958497,1.077404964221249,1.4891296212312102,6.775824600365013,
628dd93279ea7df9a234,home,xgboost,no_dratings,"{""colsample_bytree"":0.9,""learning_rate"":0.05,""max_depth"":6,""min_child_weight"":5.0,""n_estimators"":500,""objective"":""reg:tweedie"",""reg_lambda"":1.0,""subsample"":0.9,""tweedie_variance_power"":1.5}",ok,757,2.658579125705137,3.264273648319198,2.5402906208718625,2.412931191958497,1.0465649496405558,1.3528250035467004,6.446469199843705,
1c68d061af4f7c0b2d97,home,xgboost,no_dratings,"{""colsample_bytree"":0.9,""learning_rate"":0.1,""max_depth"":3,""min_child_weight"":1.0,""n_estimators"":500,""objective"":""reg:tweedie"",""reg_lambda"":1.0,""subsample"":0.9,""tweedie_variance_power"":1.5}",ok,757,2.678169357650661,3.138667228576567,2.5402906208718625,2.412931191958497,1.0542767570158869,1.300769470359001,3.2490775999613106,
4b44aeb4de952b02f8d4,home,xgboost,no_dratings,"{""colsample_bytree"":0.9,""learning_rate"":0.1,""max_depth"":3,""min_child_weight"":5.0,""n_estimators"":500,""objective"":""reg:tweedie"",""reg_lambda"":1.0,""subsample"":0.9,""tweedie_variance_power"":1.5}",ok,757,2.687868051122643,3.087717222175988,2.5402906208718625,2.412931191958497,1.0580947034320545,1.279654070727889,3.2914690002799034,
f55b9bc5798fbae1976a,home,xgboost,no_dratings,"{""colsample_bytree"":0.9,""learning_rate"":0.1,""max_depth"":6,""min_child_weight"":1.0,""n_estimators"":500,""objective"":""reg:tweedie"",""reg_lambda"":1.0,""subsample"":0.9,""tweedie_variance_power"":1.5}",ok,757,2.885684138127016,4.358815861617986,2.5402906208718625,2.412931191958497,1.1359661427780297,1.80644018202611,6.544472299981862,
ffd1d7a460956b30a04e,home,xgboost,no_dratings,"{""colsample_bytree"":0.9,""learning_rate"":0.1,""max_depth"":6,""min_child_weight"":5.0,""n_estimators"":500,""objective"":""reg:tweedie"",""reg_lambda"":1.0,""subsample"":0.9,""tweedie_variance_power"":1.5}",ok,757,2.792228605347234,3.737305762410677,2.5402906208718625,2.412931191958497,1.0991768352822964,1.5488654524695453,5.984898800030351,
2deabe3db6a30ff20475,home,xgboost,no_dratings,"{""colsample_bytree"":0.9,""learning_rate"":0.025,""max_depth"":3,""min_child_weight"":1.0,""n_estimators"":500,""objective"":""reg:squarederror"",""reg_lambda"":1.0,""subsample"":0.9,""tweedie_variance_power"":null}",ok,757,2.70285209607889,2.547447244695377,2.5402906208718625,2.412931191958497,1.0639932588308476,1.0557479853487648,2.998706900049001,
60674ed1e942a9a44aca,home,xgboost,no_dratings,"{""colsample_bytree"":0.9,""learning_rate"":0.025,""max_depth"":3,""min_child_weight"":5.0,""n_estimators"":500,""objective"":""reg:squarederror"",""reg_lambda"":1.0,""subsample"":0.9,""tweedie_variance_power"":null}",ok,757,2.6885613314856625,2.5334187868519615,2.5402906208718625,2.412931191958497,1.0583676172307055,1.049934119669475,2.8932950999587774,
b5c00fa1a1a39235e4f0,home,xgboost,no_dratings,"{""colsample_bytree"":0.9,""learning_rate"":0.025,""max_depth"":6,""min_child_weight"":1.0,""n_estimators"":500,""objective"":""reg:squarederror"",""reg_lambda"":1.0,""subsample"":0.9,""tweedie_variance_power"":null}",ok,757,2.7032114231129776,2.587186090334344,2.5402906208718625,2.412931191958497,1.0641347099825917,1.0722171021521796,7.100287300068885,
e5c84f06ddfa78d761b4,home,xgboost,no_dratings,"{""colsample_bytree"":0.9,""learning_rate"":0.025,""max_depth"":6,""min_child_weight"":5.0,""n_estimators"":500,""objective"":""reg:squarederror"",""reg_lambda"":1.0,""subsample"":0.9,""tweedie_variance_power"":null}",ok,757,2.70405219221682,2.5797055792514767,2.5402906208718625,2.412931191958497,1.064465683571572,1.0691169262715752,6.21904579969123,
4b03f59b8222b92d82e0,home,xgboost,no_dratings,"{""colsample_bytree"":0.9,""learning_rate"":0.05,""max_depth"":3,""min_child_weight"":1.0,""n_estimators"":500,""objective"":""reg:squarederror"",""reg_lambda"":1.0,""subsample"":0.9,""tweedie_variance_power"":null}",ok,757,2.7345725973499655,2.635647042496852,2.5402906208718625,2.412931191958497,1.0764802164294975,1.0923009538276902,3.096092199906707,
727428e676fd1569cb83,home,xgboost,no_dratings,"{""colsample_bytree"":0.9,""learning_rate"":0.05,""max_depth"":3,""min_child_weight"":5.0,""n_estimators"":500,""objective"":""reg:squarederror"",""reg_lambda"":1.0,""subsample"":0.9,""tweedie_variance_power"":null}",ok,757,2.7436985127047158,2.64692758862916,2.5402906208718625,2.412931191958497,1.0800726854485023,1.0969759922912412,3.002531799953431,
8dab90bb29608ac7e3fa,home,xgboost,no_dratings,"{""colsample_bytree"":0.9,""learning_rate"":0.05,""max_depth"":6,""min_child_weight"":1.0,""n_estimators"":500,""objective"":""reg:squarederror"",""reg_lambda"":1.0,""subsample"":0.9,""tweedie_variance_power"":null}",ok,757,2.755908162622187,2.6785460034385316,2.5402906208718625,2.412931191958497,1.0848790842979696,1.1100797289061706,6.725901499856263,
92f9e2b6adc78bd6a4d2,home,xgboost,no_dratings,"{""colsample_bytree"":0.9,""learning_rate"":0.05,""max_depth"":6,""min_child_weight"":5.0,""n_estimators"":500,""objective"":""reg:squarederror"",""reg_lambda"":1.0,""subsample"":0.9,""tweedie_variance_power"":null}",ok,757,2.7609854719282927,2.6496140931051313,2.5402906208718625,2.412931191958497,1.0868777962817044,1.09808937027936,5.8828296000137925,
14e9fc274d24f348cbcb,home,xgboost,no_dratings,"{""colsample_bytree"":0.9,""learning_rate"":0.1,""max_depth"":3,""min_child_weight"":1.0,""n_estimators"":500,""objective"":""reg:squarederror"",""reg_lambda"":1.0,""subsample"":0.9,""tweedie_variance_power"":null}",failed,757,,,2.5402906208718625,2.412931191958497,,,2.0595611999742687,RuntimeError: xgboost emitted invalid predictions: nonfinite=0 nonpositive=1
ecc81e44502cca35ced3,home,xgboost,no_dratings,"{""colsample_bytree"":0.9,""learning_rate"":0.1,""max_depth"":3,""min_child_weight"":5.0,""n_estimators"":500,""objective"":""reg:squarederror"",""reg_lambda"":1.0,""subsample"":0.9,""tweedie_variance_power"":null}",failed,757,,,2.5402906208718625,2.412931191958497,,,2.0920561999082565,RuntimeError: xgboost emitted invalid predictions: nonfinite=0 nonpositive=1
3bf007354a54e8bf93ff,home,xgboost,no_dratings,"{""colsample_bytree"":0.9,""learning_rate"":0.1,""max_depth"":6,""min_child_weight"":1.0,""n_estimators"":500,""objective"":""reg:squarederror"",""reg_lambda"":1.0,""subsample"":0.9,""tweedie_variance_power"":null}",ok,757,2.7762265975440665,2.680576354218278,2.5402906208718625,2.412931191958497,1.0928775529593648,1.1109211746906642,6.370908600278199,
db2c2c8cad4e02f769fe,home,xgboost,no_dratings,"{""colsample_bytree"":0.9,""learning_rate"":0.1,""max_depth"":6,""min_child_weight"":5.0,""n_estimators"":500,""objective"":""reg:squarederror"",""reg_lambda"":1.0,""subsample"":0.9,""tweedie_variance_power"":null}",ok,757,2.7654137491707442,2.6933270881660825,2.5402906208718625,2.412931191958497,1.0886210130640943,1.116205508529233,6.347953100223094,
a4ae1011e23eeb92d0dd,home,hist_gradient_boosting,no_dratings_prob,"{""l2_regularization"":0.0,""learning_rate"":0.025,""loss"":""poisson"",""max_iter"":300,""max_leaf_nodes"":15,""min_samples_leaf"":10}",ok,757,2.5913192545134116,2.5153084980231566,2.5402906208718625,2.412931191958497,1.0200877148552536,1.04242860567506,3.181350799743086,
29852e66134fb8055ba0,home,hist_gradient_boosting,no_dratings_prob,"{""l2_regularization"":5.0,""learning_rate"":0.025,""loss"":""poisson"",""max_iter"":300,""max_leaf_nodes"":15,""min_samples_leaf"":10}",ok,757,2.558547389756778,2.4970151506911313,2.5402906208718625,2.412931191958497,1.0071868819791372,1.0348472260679702,2.847882700152695,
1c375ab42dd7e0f19ffd,home,hist_gradient_boosting,no_dratings_prob,"{""l2_regularization"":0.0,""learning_rate"":0.025,""loss"":""poisson"",""max_iter"":300,""max_leaf_nodes"":15,""min_samples_leaf"":30}",ok,757,2.5603311300292084,2.5298445082086958,2.5402906208718625,2.412931191958497,1.0078890615871612,1.0484528181490762,2.5947646000422537,
da9ae30663d64514eb2e,home,hist_gradient_boosting,no_dratings_prob,"{""l2_regularization"":5.0,""learning_rate"":0.025,""loss"":""poisson"",""max_iter"":300,""max_leaf_nodes"":15,""min_samples_leaf"":30}",ok,757,2.555103041480473,2.517185675900225,2.5402906208718625,2.412931191958497,1.005830994488153,1.0432065714468668,2.945536599960178,
1f735ba9a2ca8cf31819,home,hist_gradient_boosting,no_dratings_prob,"{""l2_regularization"":0.0,""learning_rate"":0.025,""loss"":""poisson"",""max_iter"":300,""max_leaf_nodes"":31,""min_samples_leaf"":10}",ok,757,2.5759028675152655,2.642865733916691,2.5402906208718625,2.412931191958497,1.0140189655273302,1.0952926228168005,5.7019980000332,
400f57fed0ed2164aa4e,home,hist_gradient_boosting,no_dratings_prob,"{""l2_regularization"":5.0,""learning_rate"":0.025,""loss"":""poisson"",""max_iter"":300,""max_leaf_nodes"":31,""min_samples_leaf"":10}",ok,757,2.559269210131505,2.588320161767608,2.5402906208718625,2.412931191958497,1.0074710307173944,1.072687099571519,6.943003400228918,
c153fb5f9aef56ff7078,home,hist_gradient_boosting,no_dratings_prob,"{""l2_regularization"":0.0,""learning_rate"":0.025,""loss"":""poisson"",""max_iter"":300,""max_leaf_nodes"":31,""min_samples_leaf"":30}",ok,757,2.5693656191185337,2.6216331051651145,2.5402906208718625,2.412931191958497,1.0114455401314248,1.0864931059377707,4.088976100087166,
93cd03723535830b0d4d,home,hist_gradient_boosting,no_dratings_prob,"{""l2_regularization"":5.0,""learning_rate"":0.025,""loss"":""poisson"",""max_iter"":300,""max_leaf_nodes"":31,""min_samples_leaf"":30}",ok,757,2.5425786519321165,2.5876258895563016,2.5402906208718625,2.412931191958497,1.0009006965744214,1.0723993697706773,3.891156000085175,
89a72c266a9ed93d5b8c,home,hist_gradient_boosting,no_dratings_prob,"{""l2_regularization"":0.0,""learning_rate"":0.05,""loss"":""poisson"",""max_iter"":300,""max_leaf_nodes"":15,""min_samples_leaf"":10}",ok,757,2.574508143702765,2.593666677991539,2.5402906208718625,2.412931191958497,1.0134699244841359,1.074902876068482,2.52892699977383,
f87c37e67c68d4a36fe4,home,hist_gradient_boosting,no_dratings_prob,"{""l2_regularization"":5.0,""learning_rate"":0.05,""loss"":""poisson"",""max_iter"":300,""max_leaf_nodes"":15,""min_samples_leaf"":10}",ok,757,2.578838315207081,2.5957878282752027,2.5402906208718625,2.412931191958497,1.0151745213789707,1.0757819522272771,2.834272699896246,
dac0c855574975cfc770,home,hist_gradient_boosting,no_dratings_prob,"{""l2_regularization"":0.0,""learning_rate"":0.05,""loss"":""poisson"",""max_iter"":300,""max_leaf_nodes"":15,""min_samples_leaf"":30}",ok,757,2.579451874598066,2.6209295881963715,2.5402906208718625,2.412931191958497,1.0154160525588851,1.0862015447979056,3.9379492001608014,
fbd1152356c21a838920,home,hist_gradient_boosting,no_dratings_prob,"{""l2_regularization"":5.0,""learning_rate"":0.05,""loss"":""poisson"",""max_iter"":300,""max_leaf_nodes"":15,""min_samples_leaf"":30}",ok,757,2.5649949581910914,2.6061269641696416,2.5402906208718625,2.412931191958497,1.009725004342515,1.0800668385634047,3.00568709988147,
f73724f9002799e36206,home,hist_gradient_boosting,no_dratings_prob,"{""l2_regularization"":0.0,""learning_rate"":0.05,""loss"":""poisson"",""max_iter"":300,""max_leaf_nodes"":31,""min_samples_leaf"":10}",ok,757,2.5998050098115764,2.827477647692657,2.5402906208718625,2.412931191958497,1.0234281811894765,1.171802021174788,5.5916905999183655,
9675177d95aa552306d5,home,hist_gradient_boosting,no_dratings_prob,"{""l2_regularization"":5.0,""learning_rate"":0.05,""loss"":""poisson"",""max_iter"":300,""max_leaf_nodes"":31,""min_samples_leaf"":10}",ok,757,2.565270502639856,2.7379736275935116,2.5402906208718625,2.412931191958497,1.0098334739981127,1.1347085390243508,8.81086859991774,
01a1dec1aa4701a8c7d9,home,hist_gradient_boosting,no_dratings_prob,"{""l2_regularization"":0.0,""learning_rate"":0.05,""loss"":""poisson"",""max_iter"":300,""max_leaf_nodes"":31,""min_samples_leaf"":30}",ok,757,2.556060502211558,2.7432286095800773,2.5402906208718625,2.412931191958497,1.006207904406734,1.1368863806487117,10.839120800141245,
38e2c1f13b0bc22d9dd7,home,hist_gradient_boosting,no_dratings_prob,"{""l2_regularization"":5.0,""learning_rate"":0.05,""loss"":""poisson"",""max_iter"":300,""max_leaf_nodes"":31,""min_samples_leaf"":30}",ok,757,2.5547222521721737,2.696484841619809,2.5402906208718625,2.412931191958497,1.0056810945888381,1.117514187974486,7.59412410017103,
9664c81c8b08d1deb6d4,home,hist_gradient_boosting,no_dratings_prob,"{""l2_regularization"":0.0,""learning_rate"":0.1,""loss"":""poisson"",""max_iter"":300,""max_leaf_nodes"":15,""min_samples_leaf"":10}",ok,757,2.6060677512891064,2.786732139881713,2.5402906208718625,2.412931191958497,1.0258935453592581,1.154915709643512,4.22861190000549,
a3dc05a6d21e33266412,home,hist_gradient_boosting,no_dratings_prob,"{""l2_regularization"":5.0,""learning_rate"":0.1,""loss"":""poisson"",""max_iter"":300,""max_leaf_nodes"":15,""min_samples_leaf"":10}",ok,757,2.613280688297872,2.7787648904067934,2.5402906208718625,2.412931191958497,1.0287329594599528,1.1516138129705062,3.1000179001130164,
8d82bbb2fb6fd7ae43e3,home,hist_gradient_boosting,no_dratings_prob,"{""l2_regularization"":0.0,""learning_rate"":0.1,""loss"":""poisson"",""max_iter"":300,""max_leaf_nodes"":15,""min_samples_leaf"":30}",ok,757,2.6390230299350543,2.8816006848596887,2.5402906208718625,2.412931191958497,1.0388665801668415,1.1942324316843813,3.019889000337571,
38246c53f51b6546058d,home,hist_gradient_boosting,no_dratings_prob,"{""l2_regularization"":5.0,""learning_rate"":0.1,""loss"":""poisson"",""max_iter"":300,""max_leaf_nodes"":15,""min_samples_leaf"":30}",ok,757,2.6129662815824632,2.783693768400244,2.5402906208718625,2.412931191958497,1.0286091914497788,1.1536565061106492,2.735773100052029,
a779d898e70ec3c85b76,home,hist_gradient_boosting,no_dratings_prob,"{""l2_regularization"":0.0,""learning_rate"":0.1,""loss"":""poisson"",""max_iter"":300,""max_leaf_nodes"":31,""min_samples_leaf"":10}",ok,757,2.649800702601872,3.09654088788073,2.5402906208718625,2.412931191958497,1.0431092729431186,1.2833108951471464,5.41044839983806,
f0f13d98a44bd5e1c39c,home,hist_gradient_boosting,no_dratings_prob,"{""l2_regularization"":5.0,""learning_rate"":0.1,""loss"":""poisson"",""max_iter"":300,""max_leaf_nodes"":31,""min_samples_leaf"":10}",ok,757,2.621714736485387,2.917200756537795,2.5402906208718625,2.412931191958497,1.0320530709929476,1.208986301084698,4.708869600202888,
68b599b6c0d5f73405db,home,hist_gradient_boosting,no_dratings_prob,"{""l2_regularization"":0.0,""learning_rate"":0.1,""loss"":""poisson"",""max_iter"":300,""max_leaf_nodes"":31,""min_samples_leaf"":30}",ok,757,2.6307494780054097,2.918028154693937,2.5402906208718625,2.412931191958497,1.0356096489080058,1.2093292027633284,7.407683699857444,
5a02e58009f45ddbf3d4,home,hist_gradient_boosting,no_dratings_prob,"{""l2_regularization"":5.0,""learning_rate"":0.1,""loss"":""poisson"",""max_iter"":300,""max_leaf_nodes"":31,""min_samples_leaf"":30}",ok,757,2.6067633119272378,2.9355597939393503,2.5402906208718625,2.412931191958497,1.0261673568013099,1.2165949048703095,5.528492399957031,
f43f515493c68418f867,home,hist_gradient_boosting,no_dratings_prob,"{""l2_regularization"":0.0,""learning_rate"":0.025,""loss"":""squared_error"",""max_iter"":300,""max_leaf_nodes"":15,""min_samples_leaf"":10}",ok,757,2.685332129639322,2.566190501406607,2.5402906208718625,2.412931191958497,1.0570964233681575,1.063515822564221,4.469033599831164,
9dce154d413e57e12d7d,home,hist_gradient_boosting,no_dratings_prob,"{""l2_regularization"":5.0,""learning_rate"":0.025,""loss"":""squared_error"",""max_iter"":300,""max_leaf_nodes"":15,""min_samples_leaf"":10}",ok,757,2.5868117299440225,2.4495672911760873,2.5402906208718625,2.412931191958497,1.0183133019072415,1.0151832341260647,3.6504290997982025,
e3ddfd92c5f23e965b16,home,hist_gradient_boosting,no_dratings_prob,"{""l2_regularization"":0.0,""learning_rate"":0.025,""loss"":""squared_error"",""max_iter"":300,""max_leaf_nodes"":15,""min_samples_leaf"":30}",ok,757,2.595984625695327,2.486386350470838,2.5402906208718625,2.412931191958497,1.0219242650293099,1.0304422930737283,4.17582180025056,
a690b5900679405e1ede,home,hist_gradient_boosting,no_dratings_prob,"{""l2_regularization"":5.0,""learning_rate"":0.025,""loss"":""squared_error"",""max_iter"":300,""max_leaf_nodes"":15,""min_samples_leaf"":30}",ok,757,2.5809199530871787,2.489804265868901,2.5402906208718625,2.412931191958497,1.0159939700920408,1.0318587923959857,3.969509500078857,
69e9816f65e144d13db5,home,hist_gradient_boosting,no_dratings_prob,"{""l2_regularization"":0.0,""learning_rate"":0.025,""loss"":""squared_error"",""max_iter"":300,""max_leaf_nodes"":31,""min_samples_leaf"":10}",ok,757,2.688369025106474,2.5795438337572065,2.5402906208718625,2.412931191958497,1.0582919147195013,1.0690498934880424,5.122962999623269,
ae49dbfe938af2375f83,home,hist_gradient_boosting,no_dratings_prob,"{""l2_regularization"":5.0,""learning_rate"":0.025,""loss"":""squared_error"",""max_iter"":300,""max_leaf_nodes"":31,""min_samples_leaf"":10}",ok,757,2.6122406840364194,2.518519838799197,2.5402906208718625,2.412931191958497,1.0283235558063284,1.0437594935125345,5.118955499958247,
21f4d7b791a941a03a53,home,hist_gradient_boosting,no_dratings_prob,"{""l2_regularization"":0.0,""learning_rate"":0.025,""loss"":""squared_error"",""max_iter"":300,""max_leaf_nodes"":31,""min_samples_leaf"":30}",ok,757,2.6070178312761447,2.535520452515282,2.5402906208718625,2.412931191958497,1.0262675498055338,1.0508051207449822,4.064127599820495,
2794b6253b8b9dad33dd,home,hist_gradient_boosting,no_dratings_prob,"{""l2_regularization"":5.0,""learning_rate"":0.025,""loss"":""squared_error"",""max_iter"":300,""max_leaf_nodes"":31,""min_samples_leaf"":30}",ok,757,2.6151200980113254,2.5337933188311754,2.5402906208718625,2.412931191958497,1.0294570536633247,1.0500893383431207,4.195363900158554,
64a3236c63e6b4102e5c,home,hist_gradient_boosting,no_dratings_prob,"{""l2_regularization"":0.0,""learning_rate"":0.05,""loss"":""squared_error"",""max_iter"":300,""max_leaf_nodes"":15,""min_samples_leaf"":10}",ok,757,2.697484643221658,2.600042773913764,2.5402906208718625,2.412931191958497,1.0618803301709803,1.0775453450885164,2.6780332000926137,
1e0f124e957b1e13c120,home,hist_gradient_boosting,no_dratings_prob,"{""l2_regularization"":5.0,""learning_rate"":0.05,""loss"":""squared_error"",""max_iter"":300,""max_leaf_nodes"":15,""min_samples_leaf"":10}",ok,757,2.615299706559623,2.5224741119101,2.5402906208718625,2.412931191958497,1.029527757600434,1.0453982775458635,3.04729579994455,
71f176ff82c98657f3c6,home,hist_gradient_boosting,no_dratings_prob,"{""l2_regularization"":0.0,""learning_rate"":0.05,""loss"":""squared_error"",""max_iter"":300,""max_leaf_nodes"":15,""min_samples_leaf"":30}",ok,757,2.61149048403386,2.538699960919252,2.5402906208718625,2.412931191958497,1.0280282352644992,1.0521228161747425,2.5168232996948063,
73fe26446bb2a08c0555,home,hist_gradient_boosting,no_dratings_prob,"{""l2_regularization"":5.0,""learning_rate"":0.05,""loss"":""squared_error"",""max_iter"":300,""max_leaf_nodes"":15,""min_samples_leaf"":30}",ok,757,2.6155123757888545,2.514030978656872,2.5402906208718625,2.412931191958497,1.0296114760645674,1.0418991585981843,2.4598011998459697,
5accc06fdf4bcc942216,home,hist_gradient_boosting,no_dratings_prob,"{""l2_regularization"":0.0,""learning_rate"":0.05,""loss"":""squared_error"",""max_iter"":300,""max_leaf_nodes"":31,""min_samples_leaf"":10}",ok,757,2.7163681855507975,2.63697494137078,2.5402906208718625,2.412931191958497,1.0693139451180207,1.0928512798702867,4.918865700252354,
3904e26469887a4e118e,home,hist_gradient_boosting,no_dratings_prob,"{""l2_regularization"":5.0,""learning_rate"":0.05,""loss"":""squared_error"",""max_iter"":300,""max_leaf_nodes"":31,""min_samples_leaf"":10}",ok,757,2.644307633953828,2.578152946717191,2.5402906208718625,2.412931191958497,1.040946894905381,1.0684734630267634,5.367480900138617,
322037386d16eb4e842d,home,hist_gradient_boosting,no_dratings_prob,"{""l2_regularization"":0.0,""learning_rate"":0.05,""loss"":""squared_error"",""max_iter"":300,""max_leaf_nodes"":31,""min_samples_leaf"":30}",ok,757,2.634022587415325,2.5914505207232517,2.5402906208718625,2.412931191958497,1.036898127235258,1.0739844258135915,4.063016900327057,
be2099608ef3a38e4493,home,hist_gradient_boosting,no_dratings_prob,"{""l2_regularization"":5.0,""learning_rate"":0.05,""loss"":""squared_error"",""max_iter"":300,""max_leaf_nodes"":31,""min_samples_leaf"":30}",ok,757,2.6331311442397975,2.564101301620636,2.5402906208718625,2.412931191958497,1.0365472055067741,1.0626499877683786,4.101974799763411,
eab63e8bfe8d9ede4d1b,home,hist_gradient_boosting,no_dratings_prob,"{""l2_regularization"":0.0,""learning_rate"":0.1,""loss"":""squared_error"",""max_iter"":300,""max_leaf_nodes"":15,""min_samples_leaf"":10}",ok,757,2.703700781209438,2.6428180008241617,2.5402906208718625,2.412931191958497,1.0643273486092275,1.0952728406146854,2.726078599691391,
c02c7c87b11f3537338f,home,hist_gradient_boosting,no_dratings_prob,"{""l2_regularization"":5.0,""learning_rate"":0.1,""loss"":""squared_error"",""max_iter"":300,""max_leaf_nodes"":15,""min_samples_leaf"":10}",ok,757,2.677140501382067,2.623675095642056,2.5402906208718625,2.412931191958497,1.0538717418337102,1.0873393756050314,2.857583499979228,
9323ff31c0f776c2b76b,home,hist_gradient_boosting,no_dratings_prob,"{""l2_regularization"":0.0,""learning_rate"":0.1,""loss"":""squared_error"",""max_iter"":300,""max_leaf_nodes"":15,""min_samples_leaf"":30}",ok,757,2.6874887199417183,2.6546315901778232,2.5402906208718625,2.412931191958497,1.0579453775329593,1.10016879015234,2.5914871003478765,
03745a59a79e6e0ac73f,home,hist_gradient_boosting,no_dratings_prob,"{""l2_regularization"":5.0,""learning_rate"":0.1,""loss"":""squared_error"",""max_iter"":300,""max_leaf_nodes"":15,""min_samples_leaf"":30}",ok,757,2.7098374214599747,2.705634768796851,2.5402906208718625,2.412931191958497,1.0667430723063966,1.1213062261426427,2.9841864998452365,
857b4549a71f0766aa05,home,hist_gradient_boosting,no_dratings_prob,"{""l2_regularization"":0.0,""learning_rate"":0.1,""loss"":""squared_error"",""max_iter"":300,""max_leaf_nodes"":31,""min_samples_leaf"":10}",ok,757,2.7231792525131375,2.647220840284473,2.5402906208718625,2.412931191958497,1.0719951607657021,1.0970975256595736,5.230077899992466,
9d6468c140b86605fdb8,home,hist_gradient_boosting,no_dratings_prob,"{""l2_regularization"":5.0,""learning_rate"":0.1,""loss"":""squared_error"",""max_iter"":300,""max_leaf_nodes"":31,""min_samples_leaf"":10}",ok,757,2.6472492881100465,2.57615695121883,2.5402906208718625,2.412931191958497,1.0421048939673974,1.0676462552286243,5.353055099956691,
80393ea9f74f99844a35,home,hist_gradient_boosting,no_dratings_prob,"{""l2_regularization"":0.0,""learning_rate"":0.1,""loss"":""squared_error"",""max_iter"":300,""max_leaf_nodes"":31,""min_samples_leaf"":30}",ok,757,2.6409933789967472,2.5932797247678367,2.5402906208718625,2.412931191958497,1.0396422193970556,1.0747425096125334,3.9486165000125766,
9cbec56a415eba6257a6,home,hist_gradient_boosting,no_dratings_prob,"{""l2_regularization"":5.0,""learning_rate"":0.1,""loss"":""squared_error"",""max_iter"":300,""max_leaf_nodes"":31,""min_samples_leaf"":30}",ok,757,2.6407182325031253,2.630433928281299,2.5402906208718625,2.412931191958497,1.0395339063987863,1.090140463618551,4.272227900102735,
549b74b2b9a392baddf8,home,random_forest,no_dratings_prob,"{""criterion"":""poisson"",""max_depth"":null,""max_features"":0.6,""max_samples"":null,""min_samples_leaf"":2,""n_estimators"":400}",ok,757,2.5939926576788177,2.4525390255844135,2.5402906208718625,2.412931191958497,1.0211401153733048,1.0164148210101955,7.52345239976421,
0def61732ed30d037038,home,random_forest,no_dratings_prob,"{""criterion"":""poisson"",""max_depth"":null,""max_features"":1.0,""max_samples"":null,""min_samples_leaf"":2,""n_estimators"":400}",ok,757,2.587645549886835,2.446268605828895,2.5402906208718625,2.412931191958497,1.0186415399190505,1.0138161477548553,11.339455500245094,
303cdd273944b31442f9,home,random_forest,no_dratings_prob,"{""criterion"":""poisson"",""max_depth"":null,""max_features"":0.6,""max_samples"":null,""min_samples_leaf"":8,""n_estimators"":400}",ok,757,2.5543366076028646,2.4065921068806486,2.5402906208718625,2.412931191958497,1.005529283388127,0.9973728695211141,5.131970799993724,
390ed21decb4436efe10,home,random_forest,no_dratings_prob,"{""criterion"":""poisson"",""max_depth"":null,""max_features"":1.0,""max_samples"":null,""min_samples_leaf"":8,""n_estimators"":400}",ok,757,2.549657133892325,2.3995419766721007,2.5402906208718625,2.412931191958497,1.0036871816726418,0.9944510579783551,8.262756600044668,
5d36d05b4cf890837218,home,random_forest,no_dratings_prob,"{""criterion"":""poisson"",""max_depth"":14,""max_features"":0.6,""max_samples"":null,""min_samples_leaf"":2,""n_estimators"":400}",ok,757,2.5833799454011315,2.438927749682159,2.5402906208718625,2.412931191958497,1.0169623602021096,1.0107738495860554,6.478619200177491,
3cc1ff6e237bddfc9416,home,random_forest,no_dratings_prob,"{""criterion"":""poisson"",""max_depth"":14,""max_features"":1.0,""max_samples"":null,""min_samples_leaf"":2,""n_estimators"":400}",ok,757,2.58985878669343,2.4462325825384332,2.5402906208718625,2.412931191958497,1.019512793305734,1.013801218489329,10.889717299956828,
fbd34ae5ebe39bd33553,home,random_forest,no_dratings_prob,"{""criterion"":""poisson"",""max_depth"":14,""max_features"":0.6,""max_samples"":null,""min_samples_leaf"":8,""n_estimators"":400}",ok,757,2.5497058232262724,2.404749104373878,2.5402906208718625,2.412931191958497,1.0037063485087303,0.9966090671744443,5.048127099871635,
42a350bcbdb677736491,home,random_forest,no_dratings_prob,"{""criterion"":""poisson"",""max_depth"":14,""max_features"":1.0,""max_samples"":null,""min_samples_leaf"":8,""n_estimators"":400}",ok,757,2.5487601149830743,2.3980640711371306,2.5402906208718625,2.412931191958497,1.0033340650245384,0.9938385641203058,8.468888100236654,
77701edd65071483a8cd,home,random_forest,no_dratings_prob,"{""criterion"":""squared_error"",""max_depth"":null,""max_features"":0.6,""max_samples"":null,""min_samples_leaf"":2,""n_estimators"":400}",ok,757,2.7207529494118834,2.5713701212491875,2.5402906208718625,2.412931191958497,1.0710400326077982,1.065662431576464,5.467145300004631,
e6a0aced052fe5645134,home,random_forest,no_dratings_prob,"{""criterion"":""squared_error"",""max_depth"":null,""max_features"":1.0,""max_samples"":null,""min_samples_leaf"":2,""n_estimators"":400}",ok,757,2.739205946226092,2.5984062586739807,2.5402906208718625,2.412931191958497,1.0783041608388724,1.0768671180237592,8.527574799954891,
d277dcf05d49a9f6d098,home,random_forest,no_dratings_prob,"{""criterion"":""squared_error"",""max_depth"":null,""max_features"":0.6,""max_samples"":null,""min_samples_leaf"":8,""n_estimators"":400}",ok,757,2.572039996644685,2.418378238166488,2.5402906208718625,2.412931191958497,1.0124983242121823,1.002257439510146,4.072667500004172,
67f80c4adcfe9b690e89,home,random_forest,no_dratings_prob,"{""criterion"":""squared_error"",""max_depth"":null,""max_features"":1.0,""max_samples"":null,""min_samples_leaf"":8,""n_estimators"":400}",ok,757,2.5646251481306273,2.407913942720959,2.5402906208718625,2.412931191958497,1.0095794264871996,0.9979206828382595,6.654915099963546,
45f0980a4fd7db6e5ba0,home,random_forest,no_dratings_prob,"{""criterion"":""squared_error"",""max_depth"":14,""max_features"":0.6,""max_samples"":null,""min_samples_leaf"":2,""n_estimators"":400}",ok,757,2.7125865929270216,2.5622788155932996,2.5402906208718625,2.412931191958497,1.067825299451771,1.061894688142177,5.139531000051647,
4abf492d8fe952f09c84,home,random_forest,no_dratings_prob,"{""criterion"":""squared_error"",""max_depth"":14,""max_features"":1.0,""max_samples"":null,""min_samples_leaf"":2,""n_estimators"":400}",ok,757,2.7316811464489867,2.5936975506183235,2.5402906208718625,2.412931191958497,1.0753419801673858,1.074915670725407,7.9702424998395145,
786fbbc824bbefe9dafa,home,random_forest,no_dratings_prob,"{""criterion"":""squared_error"",""max_depth"":14,""max_features"":0.6,""max_samples"":null,""min_samples_leaf"":8,""n_estimators"":400}",ok,757,2.5697321969406124,2.415535797050921,2.5402906208718625,2.412931191958497,1.0115898455975265,1.001079436123626,4.056049599777907,
9800310c4aad27cb72f0,home,random_forest,no_dratings_prob,"{""criterion"":""squared_error"",""max_depth"":14,""max_features"":1.0,""max_samples"":null,""min_samples_leaf"":8,""n_estimators"":400}",ok,757,2.565140199558286,2.4080919147708904,2.5402906208718625,2.412931191958497,1.0097821794413013,0.9979944404532817,6.671107300091535,
f4efdb4a9a71980855ed,home,extra_trees,no_dratings_prob,"{""criterion"":""poisson"",""max_depth"":null,""max_features"":0.6,""max_samples"":null,""min_samples_leaf"":2,""n_estimators"":400}",ok,757,2.5526726774253197,2.412081580210023,2.5402906208718625,2.412931191958497,1.0048742677124114,0.9996478922601251,2.628499699756503,
27f4f2849e39664f87a7,home,extra_trees,no_dratings_prob,"{""criterion"":""poisson"",""max_depth"":null,""max_features"":1.0,""max_samples"":null,""min_samples_leaf"":2,""n_estimators"":400}",ok,757,2.5655998288461137,2.418096236154609,2.5402906208718625,2.412931191958497,1.0099631151515902,1.0021405683731577,3.795223600231111,
6ac7ca2f4d41b1fe2737,home,extra_trees,no_dratings_prob,"{""criterion"":""poisson"",""max_depth"":null,""max_features"":0.6,""max_samples"":null,""min_samples_leaf"":8,""n_estimators"":400}",ok,757,2.5430080225415415,2.403349447599544,2.5402906208718625,2.412931191958497,1.0010697207820838,0.9960290022397299,1.711368900258094,
27781647daa3f8a96e13,home,extra_trees,no_dratings_prob,"{""criterion"":""poisson"",""max_depth"":null,""max_features"":1.0,""max_samples"":null,""min_samples_leaf"":8,""n_estimators"":400}",ok,757,2.5516157075377186,2.4125683150412027,2.5402906208718625,2.412931191958497,1.0044581854425654,0.9998496115767811,2.2070488003082573,
4de8c9ba780f74ff8820,home,extra_trees,no_dratings_prob,"{""criterion"":""poisson"",""max_depth"":14,""max_features"":0.6,""max_samples"":null,""min_samples_leaf"":2,""n_estimators"":400}",ok,757,2.5477930934571087,2.4035993107644575,2.5402906208718625,2.412931191958497,1.002953391444114,0.9961325539554797,2.1165805999189615,
4c2106568d15200ea021,home,extra_trees,no_dratings_prob,"{""criterion"":""poisson"",""max_depth"":14,""max_features"":1.0,""max_samples"":null,""min_samples_leaf"":2,""n_estimators"":400}",ok,757,2.581838592038255,2.44120595937121,2.5402906208718625,2.412931191958497,1.0163555975938425,1.0117180164552324,2.878569600172341,
fa049bbf338005964c98,home,extra_trees,no_dratings_prob,"{""criterion"":""poisson"",""max_depth"":14,""max_features"":0.6,""max_samples"":null,""min_samples_leaf"":8,""n_estimators"":400}",ok,757,2.543197227297269,2.4010876238363807,2.5402906208718625,2.412931191958497,1.00114420232139,0.9950916262504348,1.6560573000460863,
3b38bd14a5cbd03fb5a9,home,extra_trees,no_dratings_prob,"{""criterion"":""poisson"",""max_depth"":14,""max_features"":1.0,""max_samples"":null,""min_samples_leaf"":8,""n_estimators"":400}",ok,757,2.548808606426023,2.407447505642848,2.5402906208718625,2.412931191958497,1.003353153959698,0.997727375594495,2.215880300384015,
b3348790ee3b8fdbc300,home,extra_trees,no_dratings_prob,"{""criterion"":""squared_error"",""max_depth"":null,""max_features"":0.6,""max_samples"":null,""min_samples_leaf"":2,""n_estimators"":400}",ok,757,2.5766134737400423,2.428286687271565,2.5402906208718625,2.412931191958497,1.0142986997510204,1.0063638347269257,2.4406014000996947,
23cd791c807b08079d0d,home,extra_trees,no_dratings_prob,"{""criterion"":""squared_error"",""max_depth"":null,""max_features"":1.0,""max_samples"":null,""min_samples_leaf"":2,""n_estimators"":400}",ok,757,2.6137619257302216,2.460432464562002,2.5402906208718625,2.412931191958497,1.028922401340498,1.0196861281257465,3.50986050022766,
dc95726d2b9bdc10b90f,home,extra_trees,no_dratings_prob,"{""criterion"":""squared_error"",""max_depth"":null,""max_features"":0.6,""max_samples"":null,""min_samples_leaf"":8,""n_estimators"":400}",ok,757,2.5519038638202733,2.4084934932761817,2.5402906208718625,2.412931191958497,1.0045716198190051,0.9981608681187824,1.6468315999954939,
174197e1acf846815223,home,extra_trees,no_dratings_prob,"{""criterion"":""squared_error"",""max_depth"":null,""max_features"":1.0,""max_samples"":null,""min_samples_leaf"":8,""n_estimators"":400}",ok,757,2.5528230432334458,2.40759376345977,2.5402906208718625,2.412931191958497,1.0049334600768167,0.9977879897626112,2.218872800003737,
ee25cf08b50443690831,home,extra_trees,no_dratings_prob,"{""criterion"":""squared_error"",""max_depth"":14,""max_features"":0.6,""max_samples"":null,""min_samples_leaf"":2,""n_estimators"":400}",ok,757,2.571304162042791,2.417745431833626,2.5402906208718625,2.412931191958497,1.012208658692872,1.001995183240688,2.058198200073093,
6dec3445a348b0143ca8,home,extra_trees,no_dratings_prob,"{""criterion"":""squared_error"",""max_depth"":14,""max_features"":1.0,""max_samples"":null,""min_samples_leaf"":2,""n_estimators"":400}",ok,757,2.6053420061196775,2.4401223482383005,2.5402906208718625,2.412931191958497,1.025607851603014,1.0112689314848358,3.7379415002651513,
e7658159ddb82c1e9013,home,extra_trees,no_dratings_prob,"{""criterion"":""squared_error"",""max_depth"":14,""max_features"":0.6,""max_samples"":null,""min_samples_leaf"":8,""n_estimators"":400}",ok,757,2.5541351939669212,2.41389258790772,2.5402906208718625,2.412931191958497,1.005449995752969,1.0003984348797126,1.8012093999423087,
4d2a0993a13d1793a0d4,home,extra_trees,no_dratings_prob,"{""criterion"":""squared_error"",""max_depth"":14,""max_features"":1.0,""max_samples"":null,""min_samples_leaf"":8,""n_estimators"":400}",ok,757,2.5574200822727864,2.4131551822357875,2.5402906208718625,2.412931191958497,1.006743110910296,1.000092829119221,2.367550500202924,
f02f6c97b806c2d3fe12,home,poisson_glm,no_dratings_prob,"{""alpha"":0.0,""solver"":""lbfgs""}",ok,757,48.967011017367476,95.41684021087384,2.5402906208718625,2.412931191958497,19.27614526268704,39.543954062538816,1.8456476000137627,
0ad11f74018db8f1e96f,home,poisson_glm,no_dratings_prob,"{""alpha"":0.01,""solver"":""lbfgs""}",ok,757,2.5851534098377966,2.5288561962251785,2.5402906208718625,2.412931191958497,1.017660494668337,1.0480432283577008,0.3362533003091812,
e5e77d0a2c65890e139a,home,poisson_glm,no_dratings_prob,"{""alpha"":0.1,""solver"":""lbfgs""}",ok,757,2.5702442687836453,2.4986926129148626,2.5402906208718625,2.412931191958497,1.011791425621019,1.0355424229427594,0.20813919976353645,
275f0525d4e22ae5c4f7,home,poisson_glm,no_dratings_prob,"{""alpha"":1.0,""solver"":""lbfgs""}",ok,757,2.545630043799661,2.433572652404816,2.5402906208718625,2.412931191958497,1.0021018945170792,1.0085545168113828,0.1322461999952793,
ba96fbe3ef16b8523610,home,poisson_glm,no_dratings_prob,"{""alpha"":10.0,""solver"":""lbfgs""}",ok,757,2.5472876856651414,2.4031865913251234,2.5402906208718625,2.412931191958497,1.0027544347626167,0.9959615091114702,0.09970000013709068,
b79c62b0d33ee1a78de8,home,tweedie_glm,no_dratings_prob,"{""alpha"":0.01,""power"":1.2,""solver"":""lbfgs""}",ok,757,2.583652254910948,2.526811154207441,2.5402906208718625,2.412931191958497,1.017069556405402,1.0471956940290996,0.2976568001322448,
cf6659287c35371ceb21,home,tweedie_glm,no_dratings_prob,"{""alpha"":0.1,""power"":1.2,""solver"":""lbfgs""}",ok,757,2.567063227350122,2.4925022594059607,2.5402906208718625,2.412931191958497,1.0105391903817174,1.0329769318381923,0.18226989964023232,
dfdda3ed10c319c915f4,home,tweedie_glm,no_dratings_prob,"{""alpha"":1.0,""power"":1.2,""solver"":""lbfgs""}",ok,757,2.5421429526596246,2.4260579037969268,2.5402906208718625,2.412931191958497,1.0007291810521768,1.0054401517466294,0.1250015003606677,
1029330944d7e99299c1,home,tweedie_glm,no_dratings_prob,"{""alpha"":0.01,""power"":1.5,""solver"":""lbfgs""}",ok,757,2.5817990041179324,2.524719935202457,2.5402906208718625,2.412931191958497,1.0163400135815261,1.0463290224008521,0.27219519997015595,
e9a713dca6bd409b1e19,home,tweedie_glm,no_dratings_prob,"{""alpha"":0.1,""power"":1.5,""solver"":""lbfgs""}",ok,757,2.5621979412810165,2.4828989436155218,2.5402906208718625,2.412931191958497,1.008623942563562,1.0289969941497727,0.17543250042945147,
b9730926b930c714020b,home,tweedie_glm,no_dratings_prob,"{""alpha"":1.0,""power"":1.5,""solver"":""lbfgs""}",ok,757,2.538079644064035,2.4163972567675263,2.5402906208718625,2.412931191958497,0.9991296362748179,1.0014364540607625,0.11898020002990961,
30504458904487a72e06,home,tweedie_glm,no_dratings_prob,"{""alpha"":0.01,""power"":1.8,""solver"":""lbfgs""}",ok,757,2.5803103542655292,2.5234997049741006,2.5402906208718625,2.412931191958497,1.0157539980130035,1.0458233178733367,0.2544080000370741,
fec53c510dd4367e54a1,home,tweedie_glm,no_dratings_prob,"{""alpha"":0.1,""power"":1.8,""solver"":""lbfgs""}",ok,757,2.5567866571728537,2.4726159221879396,2.5402906208718625,2.412931191958497,1.0064937594799013,1.024735363539728,0.1686307997442782,
600c5127e57b885a35a7,home,tweedie_glm,no_dratings_prob,"{""alpha"":1.0,""power"":1.8,""solver"":""lbfgs""}",ok,757,2.5360732999669233,2.4090510082234142,2.5402906208718625,2.412931191958497,0.9983398273920754,0.9983919211007698,0.1221535000950098,
304d95604eb3e44a7e2b,home,lightgbm,no_dratings_prob,"{""colsample_bytree"":0.9,""learning_rate"":0.025,""min_child_samples"":10,""n_estimators"":500,""num_leaves"":15,""objective"":""poisson"",""reg_lambda"":1.0,""subsample"":0.9,""tweedie_variance_power"":null}",ok,757,2.583483984351297,2.482371456724082,2.5402906208718625,2.412931191958497,1.0170033157326739,1.02877838580603,1.8231106996536255,
785c85c880b0b02ecd97,home,lightgbm,no_dratings_prob,"{""colsample_bytree"":0.9,""learning_rate"":0.025,""min_child_samples"":30,""n_estimators"":500,""num_leaves"":15,""objective"":""poisson"",""reg_lambda"":1.0,""subsample"":0.9,""tweedie_variance_power"":null}",ok,757,2.539219068728689,2.47827838270236,2.5402906208718625,2.412931191958497,0.9995781773414548,1.0270820779977663,1.6185982003808022,
8e70effe4b1ee8861d82,home,lightgbm,no_dratings_prob,"{""colsample_bytree"":0.9,""learning_rate"":0.025,""min_child_samples"":10,""n_estimators"":500,""num_leaves"":31,""objective"":""poisson"",""reg_lambda"":1.0,""subsample"":0.9,""tweedie_variance_power"":null}",ok,757,2.5445288241113886,2.5357782862678686,2.5402906208718625,2.412931191958497,1.0016683930589294,1.0509119757408667,3.4832800002768636,
2810ce0622cff231eaac,home,lightgbm,no_dratings_prob,"{""colsample_bytree"":0.9,""learning_rate"":0.025,""min_child_samples"":30,""n_estimators"":500,""num_leaves"":31,""objective"":""poisson"",""reg_lambda"":1.0,""subsample"":0.9,""tweedie_variance_power"":null}",ok,757,2.5282468741869035,2.536506722081293,2.5402906208718625,2.412931191958497,0.9952589099113291,1.0512138640897148,2.642677899915725,
41619a16587553240583,home,lightgbm,no_dratings_prob,"{""colsample_bytree"":0.9,""learning_rate"":0.05,""min_child_samples"":10,""n_estimators"":500,""num_leaves"":15,""objective"":""poisson"",""reg_lambda"":1.0,""subsample"":0.9,""tweedie_variance_power"":null}",ok,757,2.5894306977319803,2.5872309739624697,2.5402906208718625,2.412931191958497,1.0193442736261618,1.0722357034402208,1.6083558998070657,
fe9a2707faf7f5cb5fca,home,lightgbm,no_dratings_prob,"{""colsample_bytree"":0.9,""learning_rate"":0.05,""min_child_samples"":30,""n_estimators"":500,""num_leaves"":15,""objective"":""poisson"",""reg_lambda"":1.0,""subsample"":0.9,""tweedie_variance_power"":null}",ok,757,2.5351373619449036,2.539289350968308,2.5402906208718625,2.412931191958497,0.9979713900115923,1.0523670792730937,1.5760734002105892,
6f8666265394bdd0d279,home,lightgbm,no_dratings_prob,"{""colsample_bytree"":0.9,""learning_rate"":0.05,""min_child_samples"":10,""n_estimators"":500,""num_leaves"":31,""objective"":""poisson"",""reg_lambda"":1.0,""subsample"":0.9,""tweedie_variance_power"":null}",ok,757,2.550092068660454,2.6774253606193525,2.5402906208718625,2.412931191958497,1.003858396243351,1.1096152967570427,3.141973300371319,
6c3df63a93e9910696ad,home,lightgbm,no_dratings_prob,"{""colsample_bytree"":0.9,""learning_rate"":0.05,""min_child_samples"":30,""n_estimators"":500,""num_leaves"":31,""objective"":""poisson"",""reg_lambda"":1.0,""subsample"":0.9,""tweedie_variance_power"":null}",ok,757,2.5418472398085274,2.6447265865991816,2.5402906208718625,2.412931191958497,1.0006127719891083,1.0960638228778268,2.567232800181955,
d0959ff940b54c9ff20a,home,lightgbm,no_dratings_prob,"{""colsample_bytree"":0.9,""learning_rate"":0.1,""min_child_samples"":10,""n_estimators"":500,""num_leaves"":15,""objective"":""poisson"",""reg_lambda"":1.0,""subsample"":0.9,""tweedie_variance_power"":null}",ok,757,2.583285090631321,2.6818015061839784,2.5402906208718625,2.412931191958497,1.0169250200769164,1.111428918951994,1.5935236997902393,
86a021de73007f03978d,home,lightgbm,no_dratings_prob,"{""colsample_bytree"":0.9,""learning_rate"":0.1,""min_child_samples"":30,""n_estimators"":500,""num_leaves"":15,""objective"":""poisson"",""reg_lambda"":1.0,""subsample"":0.9,""tweedie_variance_power"":null}",ok,757,2.5615478776959937,2.6981704069690813,2.5402906208718625,2.412931191958497,1.0083680412979028,1.1182127430575692,1.5095021999441087,
4cfe197ec7818ff769e9,home,lightgbm,no_dratings_prob,"{""colsample_bytree"":0.9,""learning_rate"":0.1,""min_child_samples"":10,""n_estimators"":500,""num_leaves"":31,""objective"":""poisson"",""reg_lambda"":1.0,""subsample"":0.9,""tweedie_variance_power"":null}",ok,757,2.601566284169621,2.908507529632812,2.5402906208718625,2.412931191958497,1.0241215169612081,1.2053835348997548,3.168925100006163,
45f18d94a8ffca3f922f,home,lightgbm,no_dratings_prob,"{""colsample_bytree"":0.9,""learning_rate"":0.1,""min_child_samples"":30,""n_estimators"":500,""num_leaves"":31,""objective"":""poisson"",""reg_lambda"":1.0,""subsample"":0.9,""tweedie_variance_power"":null}",ok,757,2.561415295129838,2.758104477775428,2.5402906208718625,2.412931191958497,1.008315849408886,1.143051441734965,2.605980900116265,
7230ad5d4506b78dd1eb,home,lightgbm,no_dratings_prob,"{""colsample_bytree"":0.9,""learning_rate"":0.025,""min_child_samples"":10,""n_estimators"":500,""num_leaves"":15,""objective"":""tweedie"",""reg_lambda"":1.0,""subsample"":0.9,""tweedie_variance_power"":1.5}",ok,757,2.5868118755962084,2.6648029493453134,2.5402906208718625,2.412931191958497,1.0183133592440612,1.1043841441588644,1.8335645999759436,
4bc7f9f75c5c67547a2e,home,lightgbm,no_dratings_prob,"{""colsample_bytree"":0.9,""learning_rate"":0.025,""min_child_samples"":30,""n_estimators"":500,""num_leaves"":15,""objective"":""tweedie"",""reg_lambda"":1.0,""subsample"":0.9,""tweedie_variance_power"":1.5}",ok,757,2.5342356492532008,2.639157565615431,2.5402906208718625,2.412931191958497,0.9976164256290552,1.0937558329101433,1.7026676000095904,
1205d109b5e698254237,home,lightgbm,no_dratings_prob,"{""colsample_bytree"":0.9,""learning_rate"":0.025,""min_child_samples"":10,""n_estimators"":500,""num_leaves"":31,""objective"":""tweedie"",""reg_lambda"":1.0,""subsample"":0.9,""tweedie_variance_power"":1.5}",ok,757,2.5840714442992163,2.9006351036940625,2.5402906208718625,2.412931191958497,1.0172345727168521,1.202120936295623,3.572564600035548,
6d0fcf1c3adf768e37bf,home,lightgbm,no_dratings_prob,"{""colsample_bytree"":0.9,""learning_rate"":0.025,""min_child_samples"":30,""n_estimators"":500,""num_leaves"":31,""objective"":""tweedie"",""reg_lambda"":1.0,""subsample"":0.9,""tweedie_variance_power"":1.5}",ok,757,2.5812715345444714,2.8217162236907116,2.5402906208718625,2.412931191958497,1.0161323721529718,1.1694142929125206,2.898614500183612,
a5ffa515bfddc79ff91b,home,lightgbm,no_dratings_prob,"{""colsample_bytree"":0.9,""learning_rate"":0.05,""min_child_samples"":10,""n_estimators"":500,""num_leaves"":15,""objective"":""tweedie"",""reg_lambda"":1.0,""subsample"":0.9,""tweedie_variance_power"":1.5}",ok,757,2.6405056434718253,2.974288430713074,2.5402906208718625,2.412931191958497,1.0394502195050295,1.2326453570766525,1.825490000192076,
45fd27cee1ec39aa35ef,home,lightgbm,no_dratings_prob,"{""colsample_bytree"":0.9,""learning_rate"":0.05,""min_child_samples"":30,""n_estimators"":500,""num_leaves"":15,""objective"":""tweedie"",""reg_lambda"":1.0,""subsample"":0.9,""tweedie_variance_power"":1.5}",ok,757,2.5867872099078326,2.847817320065025,2.5402906208718625,2.412931191958497,1.0183036494540973,1.1802314668382836,1.708674100227654,
c4ce461c1082bf567b7e,home,lightgbm,no_dratings_prob,"{""colsample_bytree"":0.9,""learning_rate"":0.05,""min_child_samples"":10,""n_estimators"":500,""num_leaves"":31,""objective"":""tweedie"",""reg_lambda"":1.0,""subsample"":0.9,""tweedie_variance_power"":1.5}",ok,757,2.662685117860165,3.1587072499042415,2.5402906208718625,2.412931191958497,1.0481812970463573,1.30907473053155,3.567984700202942,
105bf1e8d2696b425a51,home,lightgbm,no_dratings_prob,"{""colsample_bytree"":0.9,""learning_rate"":0.05,""min_child_samples"":30,""n_estimators"":500,""num_leaves"":31,""objective"":""tweedie"",""reg_lambda"":1.0,""subsample"":0.9,""tweedie_variance_power"":1.5}",ok,757,2.61642221714364,2.9760164937393907,2.5402906208718625,2.412931191958497,1.0299696403420362,1.233361524629244,2.8493619998916984,
912f8abec532c88fad3f,home,lightgbm,no_dratings_prob,"{""colsample_bytree"":0.9,""learning_rate"":0.1,""min_child_samples"":10,""n_estimators"":500,""num_leaves"":15,""objective"":""tweedie"",""reg_lambda"":1.0,""subsample"":0.9,""tweedie_variance_power"":1.5}",ok,757,2.6569355568807658,3.209438168044028,2.5402906208718625,2.412931191958497,1.0459179493285178,1.3300993326042723,1.620514300186187,
f326a9cc1cc6e5daa195,home,lightgbm,no_dratings_prob,"{""colsample_bytree"":0.9,""learning_rate"":0.1,""min_child_samples"":30,""n_estimators"":500,""num_leaves"":15,""objective"":""tweedie"",""reg_lambda"":1.0,""subsample"":0.9,""tweedie_variance_power"":1.5}",ok,757,2.6718537151120767,3.159127860827883,2.5402906208718625,2.412931191958497,1.0517905680394395,1.3092490458725938,1.5020969002507627,
cd7ec5222dc8dc4d4ed9,home,lightgbm,no_dratings_prob,"{""colsample_bytree"":0.9,""learning_rate"":0.1,""min_child_samples"":10,""n_estimators"":500,""num_leaves"":31,""objective"":""tweedie"",""reg_lambda"":1.0,""subsample"":0.9,""tweedie_variance_power"":1.5}",ok,757,2.766842396933891,3.6267532174820545,2.5402906208718625,2.412931191958497,1.0891834084653955,1.5030487523095666,3.38996750023216,
32c0fb5e366aa256deaf,home,lightgbm,no_dratings_prob,"{""colsample_bytree"":0.9,""learning_rate"":0.1,""min_child_samples"":30,""n_estimators"":500,""num_leaves"":31,""objective"":""tweedie"",""reg_lambda"":1.0,""subsample"":0.9,""tweedie_variance_power"":1.5}",ok,757,2.6867268776599196,3.319556038335972,2.5402906208718625,2.412931191958497,1.0576454739410084,1.3757358889465876,2.593735800124705,
adc832efcb2de9697f61,home,lightgbm,no_dratings_prob,"{""colsample_bytree"":0.9,""learning_rate"":0.025,""min_child_samples"":10,""n_estimators"":500,""num_leaves"":15,""objective"":""regression"",""reg_lambda"":1.0,""subsample"":0.9,""tweedie_variance_power"":null}",ok,757,2.684188958811321,2.582991449114084,2.5402906208718625,2.412931191958497,1.0566464076027924,1.0704787014741,2.1513680000789464,
f984473070165feb1300,home,lightgbm,no_dratings_prob,"{""colsample_bytree"":0.9,""learning_rate"":0.025,""min_child_samples"":30,""n_estimators"":500,""num_leaves"":15,""objective"":""regression"",""reg_lambda"":1.0,""subsample"":0.9,""tweedie_variance_power"":null}",ok,757,2.594584942603438,2.505849482177507,2.5402906208718625,2.412931191958497,1.021373271737287,1.0385084707465657,1.9853725000284612,
8243cf68997d3a073253,home,lightgbm,no_dratings_prob,"{""colsample_bytree"":0.9,""learning_rate"":0.025,""min_child_samples"":10,""n_estimators"":500,""num_leaves"":31,""objective"":""regression"",""reg_lambda"":1.0,""subsample"":0.9,""tweedie_variance_power"":null}",ok,757,2.6645256468973066,2.543682198157478,2.5402906208718625,2.412931191958497,1.048905831877931,1.0541876231840888,4.604611699935049,
0dd254617c95dc294b4b,home,lightgbm,no_dratings_prob,"{""colsample_bytree"":0.9,""learning_rate"":0.025,""min_child_samples"":30,""n_estimators"":500,""num_leaves"":31,""objective"":""regression"",""reg_lambda"":1.0,""subsample"":0.9,""tweedie_variance_power"":null}",ok,757,2.6337445726211306,2.5645273135819484,2.5402906208718625,2.412931191958497,1.0367886851139865,1.0628265414814444,3.596806399989873,
2097edd509b58a8e999e,home,lightgbm,no_dratings_prob,"{""colsample_bytree"":0.9,""learning_rate"":0.05,""min_child_samples"":10,""n_estimators"":500,""num_leaves"":15,""objective"":""regression"",""reg_lambda"":1.0,""subsample"":0.9,""tweedie_variance_power"":null}",ok,757,2.737407162286648,2.686417250902243,2.5402906208718625,2.412931191958497,1.0775960592048843,1.1133418391105327,2.283242800273001,
ee1918a62df9ad8f01d2,home,lightgbm,no_dratings_prob,"{""colsample_bytree"":0.9,""learning_rate"":0.05,""min_child_samples"":30,""n_estimators"":500,""num_leaves"":15,""objective"":""regression"",""reg_lambda"":1.0,""subsample"":0.9,""tweedie_variance_power"":null}",ok,757,2.642466131904046,2.5786419512424135,2.5402906208718625,2.412931191958497,1.0402219770417904,1.0686761229811177,2.103884699754417,
87e80c7b9e3bb8efa30b,home,lightgbm,no_dratings_prob,"{""colsample_bytree"":0.9,""learning_rate"":0.05,""min_child_samples"":10,""n_estimators"":500,""num_leaves"":31,""objective"":""regression"",""reg_lambda"":1.0,""subsample"":0.9,""tweedie_variance_power"":null}",ok,757,2.7013168528486053,2.617417801050997,2.5402906208718625,2.412931191958497,1.0633889015113855,1.0847461418601518,4.2508510001935065,
4b9f1b91f99eaa09302f,home,lightgbm,no_dratings_prob,"{""colsample_bytree"":0.9,""learning_rate"":0.05,""min_child_samples"":30,""n_estimators"":500,""num_leaves"":31,""objective"":""regression"",""reg_lambda"":1.0,""subsample"":0.9,""tweedie_variance_power"":null}",ok,757,2.6654178604593586,2.6235678328235363,2.5402906208718625,2.412931191958497,1.049257056873497,1.0872949222783566,3.4764857003465295,
2ba33842b75cea24a8e8,home,lightgbm,no_dratings_prob,"{""colsample_bytree"":0.9,""learning_rate"":0.1,""min_child_samples"":10,""n_estimators"":500,""num_leaves"":15,""objective"":""regression"",""reg_lambda"":1.0,""subsample"":0.9,""tweedie_variance_power"":null}",ok,757,2.7516266530963125,2.7040159036124667,2.5402906208718625,2.412931191958497,1.0831936434705713,1.120635313855637,2.0577456997707486,
71e47e1c94c88d501817,home,lightgbm,no_dratings_prob,"{""colsample_bytree"":0.9,""learning_rate"":0.1,""min_child_samples"":30,""n_estimators"":500,""num_leaves"":15,""objective"":""regression"",""reg_lambda"":1.0,""subsample"":0.9,""tweedie_variance_power"":null}",ok,757,2.6894833844810373,2.689589709056275,2.5402906208718625,2.412931191958497,1.0587305886906633,1.1146566126791304,1.9897886998951435,
f84a0f5c7d2b3b0f2db2,home,lightgbm,no_dratings_prob,"{""colsample_bytree"":0.9,""learning_rate"":0.1,""min_child_samples"":10,""n_estimators"":500,""num_leaves"":31,""objective"":""regression"",""reg_lambda"":1.0,""subsample"":0.9,""tweedie_variance_power"":null}",ok,757,2.687559857810897,2.6605115249617026,2.5402906208718625,2.412931191958497,1.057973381363936,1.102605633276369,4.09841850027442,
37e439fa69fdc21ecf14,home,lightgbm,no_dratings_prob,"{""colsample_bytree"":0.9,""learning_rate"":0.1,""min_child_samples"":30,""n_estimators"":500,""num_leaves"":31,""objective"":""regression"",""reg_lambda"":1.0,""subsample"":0.9,""tweedie_variance_power"":null}",ok,757,2.6903274790361245,2.675586260175373,2.5402906208718625,2.412931191958497,1.0590628713626347,1.1088531115566902,3.0560353002510965,
3a74b8d5d2df64072347,home,xgboost,no_dratings_prob,"{""colsample_bytree"":0.9,""learning_rate"":0.025,""max_depth"":3,""min_child_weight"":1.0,""n_estimators"":500,""objective"":""count:poisson"",""reg_lambda"":1.0,""subsample"":0.9,""tweedie_variance_power"":null}",ok,757,2.5462705307939095,2.4104376336989564,2.5402906208718625,2.412931191958497,1.0023540259027508,0.9989665854261195,4.029822899959981,
8a718bcdfd1d6c016ec7,home,xgboost,no_dratings_prob,"{""colsample_bytree"":0.9,""learning_rate"":0.025,""max_depth"":3,""min_child_weight"":5.0,""n_estimators"":500,""objective"":""count:poisson"",""reg_lambda"":1.0,""subsample"":0.9,""tweedie_variance_power"":null}",ok,757,2.5462668149915366,2.4104228620121946,2.5402906208718625,2.412931191958497,1.0023525631557948,0.9989604635413302,3.3595639001578093,
ca8319e7cc35f1c9a6a3,home,xgboost,no_dratings_prob,"{""colsample_bytree"":0.9,""learning_rate"":0.025,""max_depth"":6,""min_child_weight"":1.0,""n_estimators"":500,""objective"":""count:poisson"",""reg_lambda"":1.0,""subsample"":0.9,""tweedie_variance_power"":null}",ok,757,2.5038097303168776,2.4801351326277103,2.5402906208718625,2.412931191958497,0.985639087805448,1.0278515777379735,8.00018210010603,
7b178a7e5a0aa14c0822,home,xgboost,no_dratings_prob,"{""colsample_bytree"":0.9,""learning_rate"":0.025,""max_depth"":6,""min_child_weight"":5.0,""n_estimators"":500,""objective"":""count:poisson"",""reg_lambda"":1.0,""subsample"":0.9,""tweedie_variance_power"":null}",ok,757,2.510427070577362,2.4801086376610546,2.5402906208718625,2.412931191958497,0.9882440418237458,1.0278405973309301,7.999338999856263,
e3bcabf7d89f8048cb15,home,xgboost,no_dratings_prob,"{""colsample_bytree"":0.9,""learning_rate"":0.05,""max_depth"":3,""min_child_weight"":1.0,""n_estimators"":500,""objective"":""count:poisson"",""reg_lambda"":1.0,""subsample"":0.9,""tweedie_variance_power"":null}",ok,757,2.5547290994752507,2.446657230501363,2.5402906208718625,2.412931191958497,1.0056837900690405,1.013977206915499,3.1785559002310038,
9eb4b854dfa0448b53cc,home,xgboost,no_dratings_prob,"{""colsample_bytree"":0.9,""learning_rate"":0.05,""max_depth"":3,""min_child_weight"":5.0,""n_estimators"":500,""objective"":""count:poisson"",""reg_lambda"":1.0,""subsample"":0.9,""tweedie_variance_power"":null}",ok,757,2.554922974408854,2.448420710951678,2.5402906208718625,2.412931191958497,1.0057601100507034,1.0147080526421375,3.038046100176871,
5b67bed933ade6d86751,home,xgboost,no_dratings_prob,"{""colsample_bytree"":0.9,""learning_rate"":0.05,""max_depth"":6,""min_child_weight"":1.0,""n_estimators"":500,""objective"":""count:poisson"",""reg_lambda"":1.0,""subsample"":0.9,""tweedie_variance_power"":null}",ok,757,2.5491958039282494,2.7602434283168096,2.5402906208718625,2.412931191958497,1.0035055764813754,1.1439378949204144,7.206277400255203,
d5d7695e57fadbb858df,home,xgboost,no_dratings_prob,"{""colsample_bytree"":0.9,""learning_rate"":0.05,""max_depth"":6,""min_child_weight"":5.0,""n_estimators"":500,""objective"":""count:poisson"",""reg_lambda"":1.0,""subsample"":0.9,""tweedie_variance_power"":null}",ok,757,2.54960772588042,2.75450690253627,2.5402906208718625,2.412931191958497,1.0036677319248457,1.14156048532015,7.770068799611181,
081270798cb974df8147,home,xgboost,no_dratings_prob,"{""colsample_bytree"":0.9,""learning_rate"":0.1,""max_depth"":3,""min_child_weight"":1.0,""n_estimators"":500,""objective"":""count:poisson"",""reg_lambda"":1.0,""subsample"":0.9,""tweedie_variance_power"":null}",ok,757,2.5695896956533235,2.558531910514813,2.5402906208718625,2.412931191958497,1.0115337491469403,1.0603418444096355,3.5125716999173164,
e14a91067b77c822fd3a,home,xgboost,no_dratings_prob,"{""colsample_bytree"":0.9,""learning_rate"":0.1,""max_depth"":3,""min_child_weight"":5.0,""n_estimators"":500,""objective"":""count:poisson"",""reg_lambda"":1.0,""subsample"":0.9,""tweedie_variance_power"":null}",ok,757,2.568596951870181,2.5555072133820396,2.5402906208718625,2.412931191958497,1.0111429498521722,1.0590883079876878,3.157045600004494,
a1ef1756421404366b90,home,xgboost,no_dratings_prob,"{""colsample_bytree"":0.9,""learning_rate"":0.1,""max_depth"":6,""min_child_weight"":1.0,""n_estimators"":500,""objective"":""count:poisson"",""reg_lambda"":1.0,""subsample"":0.9,""tweedie_variance_power"":null}",ok,757,2.6602366820194288,3.280573101240923,2.5402906208718625,2.412931191958497,1.0472174562083763,1.3595800461173488,7.955726600252092,
a272873e79f303c8ffa5,home,xgboost,no_dratings_prob,"{""colsample_bytree"":0.9,""learning_rate"":0.1,""max_depth"":6,""min_child_weight"":5.0,""n_estimators"":500,""objective"":""count:poisson"",""reg_lambda"":1.0,""subsample"":0.9,""tweedie_variance_power"":null}",ok,757,2.6329416573598805,3.1648121976080277,2.5402906208718625,2.412931191958497,1.0364726129076598,1.3116048265923628,7.838830600026995,
