candidate_id,side,family,feature_set,params_json,status,validation_rows,validation_mae,validation_poisson,baseline_mae,baseline_poisson,mae_ratio,poisson_ratio,elapsed_seconds,error
671c8f6c42c7bf84430c,home,random_forest,no_dratings_prob,"{""criterion"":""poisson"",""max_depth"":14,""max_features"":1.0,""max_samples"":0.7,""min_samples_leaf"":8,""n_estimators"":400}",ok,757,2.533052353549377,2.385339607764216,2.5402906208718625,2.412931191958497,0.9971506144757558,0.9885651176932708,13.914522199891508,
bdefe3c9c267be57378f,home,random_forest,no_dratings_prob,"{""criterion"":""poisson"",""max_depth"":null,""max_features"":1.0,""max_samples"":0.7,""min_samples_leaf"":8,""n_estimators"":400}",ok,757,2.5335852395040384,2.385813977890049,2.5402906208718625,2.412931191958497,0.9973603880938936,0.9887617126593496,6.620573100168258,
1be36ef9254d235849a0,home,random_forest,no_dratings_prob,"{""criterion"":""poisson"",""max_depth"":8,""max_features"":0.8,""max_samples"":null,""min_samples_leaf"":8,""n_estimators"":400}",ok,757,2.536305449429558,2.388064918423076,2.5402906208718625,2.412931191958497,0.9984312143620258,0.9896945782713192,12.597822499927132,
2b5f0d2b5f4a7d12ea82,home,random_forest,all,"{""criterion"":""poisson"",""max_depth"":10,""max_features"":0.4,""max_samples"":null,""min_samples_leaf"":4,""n_estimators"":400}",ok,757,2.540733829815823,2.388320211024449,2.5402906208718625,2.412931191958497,1.0001744717475705,0.9898003801285056,8.938795499969274,
b64fef6c2ef14a6ec65e,home,extra_trees,no_dratings,"{""criterion"":""poisson"",""max_depth"":null,""max_features"":0.4,""max_samples"":null,""min_samples_leaf"":2,""n_estimators"":400}",ok,757,2.551345497578159,2.388979951578266,2.5402906208718625,2.412931191958497,1.004351815739296,0.9900737988467916,3.4510702998377383,
85f20aaed7db3771ecca,home,random_forest,no_dratings_prob,"{""criterion"":""poisson"",""max_depth"":14,""max_features"":0.6,""max_samples"":null,""min_samples_leaf"":4,""n_estimators"":400}",ok,757,2.5406213459695355,2.3891743081237538,2.5402906208718625,2.412931191958497,1.0001301918351213,0.990154346748918,13.408561800140887,
f58e6509b35765f24e04,home,random_forest,no_dratings_prob,"{""criterion"":""poisson"",""max_depth"":8,""max_features"":0.8,""max_samples"":null,""min_samples_leaf"":4,""n_estimators"":400}",ok,757,2.542340596219113,2.389276552615402,2.5402906208718625,2.412931191958497,1.0008069845750749,0.9901967203118232,13.206118500325829,
6414c3fda5973b8e44a6,home,extra_trees,no_dratings,"{""criterion"":""poisson"",""max_depth"":8,""max_features"":0.8,""max_samples"":null,""min_samples_leaf"":4,""n_estimators"":400}",ok,757,2.546616816238809,2.3896597111154514,2.5402906208718625,2.412931191958497,1.0024903431579713,0.9903555141064104,3.693127200007439,
68fe8cfeba3310d16749,home,random_forest,all,"{""criterion"":""poisson"",""max_depth"":10,""max_features"":0.4,""max_samples"":null,""min_samples_leaf"":8,""n_estimators"":400}",ok,757,2.5428435525213224,2.39124124053483,2.5402906208718625,2.412931191958497,1.001004976213542,0.9910109531942092,8.205618199892342,
d20424a8527507c95e85,home,extra_trees,no_dratings,"{""criterion"":""poisson"",""max_depth"":null,""max_features"":0.6,""max_samples"":null,""min_samples_leaf"":2,""n_estimators"":250}",ok,757,2.548504302698623,2.3922066892143583,2.5402906208718625,2.412931191958497,1.003233363048808,0.9914110676619348,2.812218999955803,
47f3724d385b8c6ce64a,home,random_forest,all,"{""criterion"":""poisson"",""max_depth"":10,""max_features"":0.8,""max_samples"":null,""min_samples_leaf"":8,""n_estimators"":400}",ok,757,2.542884309262225,2.392450623575677,2.5402906208718625,2.412931191958497,1.001021020338796,0.9915121622816784,14.142669799737632,
7d55eb2cb8f616ef8093,home,xgboost,all,"{""colsample_bytree"":1.0,""learning_rate"":0.025,""max_depth"":3,""min_child_weight"":1.0,""n_estimators"":500,""objective"":""count:poisson"",""reg_lambda"":1.0,""subsample"":0.9,""tweedie_variance_power"":null}",ok,757,2.548921318003807,2.3929870886729323,2.5402906208718625,2.412931191958497,1.0033975235199593,0.9917344914964704,6.360152000095695,
ec18452b459627fd7251,home,random_forest,all,"{""criterion"":""poisson"",""max_depth"":18,""max_features"":0.4,""max_samples"":null,""min_samples_leaf"":4,""n_estimators"":400}",ok,757,2.542489829074384,2.3934230207377665,2.5402906208718625,2.412931191958497,1.0008657309460784,0.991915156434736,10.174446299672129,
0e79014a27a6cfed6250,home,random_forest,all,"{""criterion"":""poisson"",""max_depth"":null,""max_features"":0.4,""max_samples"":null,""min_samples_leaf"":4,""n_estimators"":400}",ok,757,2.54264356501985,2.393721871875878,2.5402906208718625,2.412931191958497,1.0009262499844132,0.9920390104174386,10.18890090007335,
004dc0fc881c6729cd2e,home,random_forest,no_dratings_prob,"{""criterion"":""poisson"",""max_depth"":8,""max_features"":1.0,""max_samples"":null,""min_samples_leaf"":4,""n_estimators"":400}",ok,757,2.5468211261682674,2.3942214343359414,2.5402906208718625,2.412931191958497,1.0025707709357143,0.9922460459357858,16.23042909987271,
6865c8ed96072360bc9d,home,random_forest,no_dratings_prob,"{""criterion"":""poisson"",""max_depth"":null,""max_features"":0.4,""max_samples"":null,""min_samples_leaf"":8,""n_estimators"":400}",ok,757,2.538958840091796,2.394817738885489,2.5402906208718625,2.412931191958497,0.9994757368432085,0.9924931746361548,4.237810099963099,
7c96241cee4bfa8af1dc,home,random_forest,no_dratings,"{""criterion"":""poisson"",""max_depth"":null,""max_features"":0.4,""max_samples"":null,""min_samples_leaf"":8,""n_estimators"":400}",ok,757,2.543260384214332,2.395305611805268,2.5402906208718625,2.412931191958497,1.0011690644047058,0.9926953656150788,5.984506200067699,
64ea37ebbccc37a07899,home,extra_trees,no_dratings,"{""criterion"":""poisson"",""max_depth"":14,""max_features"":1.0,""max_samples"":null,""min_samples_leaf"":8,""n_estimators"":400}",ok,757,2.5382585385735505,2.395518660778608,2.5402906208718625,2.412931191958497,0.9992000591264576,0.9927836602892286,3.363944100216031,
af64e5919320496a7a5c,home,random_forest,no_dratings_prob,"{""criterion"":""poisson"",""max_depth"":8,""max_features"":0.6,""max_samples"":null,""min_samples_leaf"":4,""n_estimators"":400}",ok,757,2.546466703448869,2.395545463487364,2.5402906208718625,2.412931191958497,1.0024312503956287,0.9927947682349691,10.511859899852425,
44ce036e8a668c6533e8,home,random_forest,all,"{""criterion"":""poisson"",""max_depth"":18,""max_features"":0.6,""max_samples"":null,""min_samples_leaf"":4,""n_estimators"":400}",ok,757,2.544345926829497,2.395803148904347,2.5402906208718625,2.412931191958497,1.001596394492943,0.9929015617555808,13.956867800094187,
c8d29874d9afd40e491f,home,random_forest,all,"{""criterion"":""poisson"",""max_depth"":null,""max_features"":0.8,""max_samples"":null,""min_samples_leaf"":8,""n_estimators"":400}",ok,757,2.544014079875605,2.395850063101257,2.5402906208718625,2.412931191958497,1.0014657610326747,0.9929210045797552,14.84217630000785,
78c1a3ea0331856bef8c,home,extra_trees,no_dratings,"{""criterion"":""squared_error"",""max_depth"":8,""max_features"":0.8,""max_samples"":null,""min_samples_leaf"":4,""n_estimators"":400}",ok,757,2.556744973345853,2.3959231063965247,2.5402906208718625,2.412931191958497,1.0064773504018776,0.9929512761828208,2.0503223999403417,
ddf6c95a10da475ed3c7,home,extra_trees,no_dratings,"{""criterion"":""squared_error"",""max_depth"":14,""max_features"":1.0,""max_samples"":null,""min_samples_leaf"":8,""n_estimators"":400}",ok,757,2.5464983079490406,2.3959611011514106,2.5402906208718625,2.412931191958497,1.002443691688728,0.9929670224896416,2.9041627002879977,
a82c68eb92b352f3f4e7,home,random_forest,all,"{""criterion"":""poisson"",""max_depth"":10,""max_features"":0.6,""max_samples"":null,""min_samples_leaf"":4,""n_estimators"":400}",ok,757,2.5454791517391184,2.39629732252906,2.5402906208718625,2.412931191958497,1.0020424949903863,0.993106363958959,12.19513690005988,
56e7045423d063260f49,home,extra_trees,no_dratings,"{""criterion"":""squared_error"",""max_depth"":14,""max_features"":0.6,""max_samples"":null,""min_samples_leaf"":4,""n_estimators"":400}",ok,757,2.5523497978360687,2.3964047441094585,2.5402906208718625,2.412931191958497,1.0047471643067625,0.9931508830819064,2.2501379000023007,
afcf9162453911989b72,home,random_forest,no_dratings_prob,"{""criterion"":""poisson"",""max_depth"":null,""max_features"":1.0,""max_samples"":null,""min_samples_leaf"":4,""n_estimators"":400}",ok,757,2.549203227058088,2.3964684135967405,2.5402906208718625,2.412931191958497,1.0035084986390914,0.9931772698630522,10.318307199981064,
34b821037cd5c0dcd31e,home,random_forest,all,"{""criterion"":""poisson"",""max_depth"":18,""max_features"":0.8,""max_samples"":null,""min_samples_leaf"":8,""n_estimators"":400}",ok,757,2.544535601496048,2.396588148727392,2.5402906208718625,2.412931191958497,1.001671061015345,0.9932268921361822,15.274456200189888,
6c15acec019c90bf9985,home,random_forest,no_dratings_prob,"{""criterion"":""poisson"",""max_depth"":14,""max_features"":0.4,""max_samples"":null,""min_samples_leaf"":8,""n_estimators"":400}",ok,757,2.54120800365208,2.396605986254427,2.5402906208718625,2.412931191958497,1.0003611330029247,0.9932342846084976,8.598088100086898,
0f2daefeb3e340f4c71b,home,extra_trees,no_dratings,"{""criterion"":""squared_error"",""max_depth"":14,""max_features"":1.0,""max_samples"":null,""min_samples_leaf"":8,""n_estimators"":500}",ok,757,2.545787755453143,2.396723440166822,2.5402906208718625,2.412931191958497,1.00216397861572,0.9932829614679066,3.134210399817676,
da75697ebb6ce907a2ca,home,extra_trees,no_dratings,"{""criterion"":""squared_error"",""max_depth"":14,""max_features"":1.0,""max_samples"":null,""min_samples_leaf"":8,""n_estimators"":800}",ok,757,2.5448552303450613,2.396825258389484,2.5402906208718625,2.412931191958497,1.00179688474842,0.9933251583705788,4.700314799789339,
bbede31bf6e944dee014,home,extra_trees,no_dratings,"{""criterion"":""poisson"",""max_depth"":null,""max_features"":0.6,""max_samples"":null,""min_samples_leaf"":4,""n_estimators"":400}",ok,757,2.5490430798069617,2.3970086203875463,2.5402906208718625,2.412931191958497,1.0034454557534425,0.993401149761744,3.375091299880296,
5422be5431e34df27429,home,random_forest,no_dratings_prob,"{""criterion"":""poisson"",""max_depth"":22,""max_features"":1.0,""max_samples"":null,""min_samples_leaf"":4,""n_estimators"":400}",ok,757,2.5496849375762927,2.3970884287921,2.5402906208718625,2.412931191958497,1.003698126752602,0.993434225054077,22.03433699999005,
84ea4014711847b431f0,home,extra_trees,all,"{""criterion"":""poisson"",""max_depth"":8,""max_features"":0.6,""max_samples"":null,""min_samples_leaf"":8,""n_estimators"":400}",ok,757,2.547073735865752,2.397155998208784,2.5402906208718625,2.412931191958497,1.0026702121946822,0.9934622280973916,2.47003520000726,
d681f38fd7882e46cbbf,home,extra_trees,no_dratings,"{""criterion"":""poisson"",""max_depth"":8,""max_features"":1.0,""max_samples"":null,""min_samples_leaf"":8,""n_estimators"":400}",ok,757,2.5449751660701425,2.397268045292989,2.5402906208718625,2.412931191958497,1.0018440981357764,0.9935086641849928,2.172309100162238,
6a169b7dfc0ad44c4eb8,home,random_forest,no_dratings_prob,"{""criterion"":""absolute_error"",""max_depth"":null,""max_features"":1.0,""max_samples"":null,""min_samples_leaf"":8,""n_estimators"":400}",ok,757,2.5185419418758257,2.3973509413106737,2.5402906208718625,2.412931191958497,0.9914385075403016,0.9935430190882578,46.60575270000845,
7ce9fe597669c4ef5b4e,home,extra_trees,no_dratings,"{""criterion"":""poisson"",""max_depth"":8,""max_features"":0.6,""max_samples"":null,""min_samples_leaf"":8,""n_estimators"":400}",ok,757,2.5435290276534803,2.397398684073986,2.5402906208718625,2.412931191958497,1.0012748174382136,0.9935628052982712,3.191009500063956,
e43c992bbb7ed5bc9205,home,random_forest,all,"{""criterion"":""poisson"",""max_depth"":22,""max_features"":0.6,""max_samples"":null,""min_samples_leaf"":8,""n_estimators"":400}",ok,757,2.5444196927494493,2.397428505538371,2.5402906208718625,2.412931191958497,1.0016254328712082,0.9935751643180744,11.725403500255196,
1826e856665570f33932,home,extra_trees,no_dratings,"{""criterion"":""poisson"",""max_depth"":14,""max_features"":1.0,""max_samples"":null,""min_samples_leaf"":8,""n_estimators"":800}",ok,757,2.5382204377100344,2.397505291484893,2.5402906208718625,2.412931191958497,0.999185060502598,0.9936069870019444,7.606212799903005,
f199281acc5265e68d5e,home,random_forest,all,"{""criterion"":""poisson"",""max_depth"":18,""max_features"":0.6,""max_samples"":null,""min_samples_leaf"":8,""n_estimators"":400}",ok,757,2.5444641329670667,2.3975118396853845,2.5402906208718625,2.412931191958497,1.001642927018237,0.993609700796898,11.627963399980215,
e315160c7ea30db2d766,home,extra_trees,no_dratings,"{""criterion"":""poisson"",""max_depth"":14,""max_features"":1.0,""max_samples"":null,""min_samples_leaf"":8,""n_estimators"":500}",ok,757,2.5367162006462385,2.3976658473722288,2.5402906208718625,2.412931191958497,0.9985929089387428,0.9936735267722748,3.241350600030273,
da15ab660683a07e5adc,home,random_forest,all,"{""criterion"":""poisson"",""max_depth"":null,""max_features"":0.6,""max_samples"":null,""min_samples_leaf"":8,""n_estimators"":400}",ok,757,2.5447671503788136,2.3976681342660737,2.5402906208718625,2.412931191958497,1.0017622115635787,0.9936744745381508,9.638374600093812,
f8fc194e208a4cd31b36,home,random_forest,all,"{""criterion"":""poisson"",""max_depth"":32,""max_features"":0.6,""max_samples"":null,""min_samples_leaf"":8,""n_estimators"":400}",ok,757,2.5447671503788136,2.3976681342660737,2.5402906208718625,2.412931191958497,1.0017622115635787,0.9936744745381508,11.89328350033611,
6f369bd2944a82d0e79a,home,extra_trees,no_dratings,"{""criterion"":""squared_error"",""max_depth"":8,""max_features"":1.0,""max_samples"":null,""min_samples_leaf"":8,""n_estimators"":400}",ok,757,2.54544880279882,2.3977184350722047,2.5402906208718625,2.412931191958497,1.0020305479556455,0.9936953208873128,2.175878099631518,
cfa981eafb84f1f6248e,home,extra_trees,no_dratings,"{""criterion"":""squared_error"",""max_depth"":8,""max_features"":0.8,""max_samples"":null,""min_samples_leaf"":8,""n_estimators"":400}",ok,757,2.551693623553981,2.397986895216416,2.5402906208718625,2.412931191958497,1.0044888575300903,0.9938065798179884,2.0546880001202226,
9e5fe2aa06636dd58056,home,random_forest,no_dratings,"{""criterion"":""poisson"",""max_depth"":null,""max_features"":1.0,""max_samples"":null,""min_samples_leaf"":8,""n_estimators"":250}",ok,757,2.543426076943759,2.39802622093232,2.5402906208718625,2.412931191958497,1.0012342902997533,0.9938228777199076,5.51399700017646,
42a350bcbdb677736491,home,random_forest,no_dratings_prob,"{""criterion"":""poisson"",""max_depth"":14,""max_features"":1.0,""max_samples"":null,""min_samples_leaf"":8,""n_estimators"":400}",ok,757,2.5487601149830743,2.3980640711371306,2.5402906208718625,2.412931191958497,1.0033340650245384,0.9938385641203058,8.468888100236654,
6f199a3e7a0b1e5d06ee,home,random_forest,no_dratings_prob,"{""criterion"":""poisson"",""max_depth"":14,""max_features"":1.0,""max_samples"":null,""min_samples_leaf"":8,""n_estimators"":500}",ok,757,2.549728565156536,2.398312894010612,2.5402906208718625,2.412931191958497,1.003715301000259,0.9939416847042292,22.148872499819845,
9d63d52cd2e9ada3f25f,home,random_forest,no_dratings_prob,"{""criterion"":""poisson"",""max_depth"":14,""max_features"":1.0,""max_samples"":null,""min_samples_leaf"":8,""n_estimators"":800}",ok,757,2.545568965812558,2.3984235677784107,2.5402906208718625,2.412931191958497,1.0020778508164885,0.9939875516432316,34.52353170001879,
ab2d2e0816288eee8575,home,random_forest,no_dratings,"{""criterion"":""poisson"",""max_depth"":8,""max_features"":1.0,""max_samples"":null,""min_samples_leaf"":8,""n_estimators"":400}",ok,757,2.5450257895352983,2.398493201307234,2.5402906208718625,2.412931191958497,1.001864026353729,0.994016410124176,7.014590399805456,
79cccde5719ec68430c9,home,random_forest,all,"{""criterion"":""poisson"",""max_depth"":10,""max_features"":0.8,""max_samples"":null,""min_samples_leaf"":4,""n_estimators"":400}",ok,757,2.553715997445268,2.398586071895576,2.5402906208718625,2.412931191958497,1.0052849766334206,0.9940548988256572,15.57125909999013,
19d804ee2101e1096554,home,random_forest,no_dratings,"{""criterion"":""poisson"",""max_depth"":null,""max_features"":1.0,""max_samples"":null,""min_samples_leaf"":8,""n_estimators"":800}",ok,757,2.54479680552305,2.398674786177901,2.5402906208718625,2.412931191958497,1.0017738854815126,0.9940916650138604,16.010855000000447,
bcec573b76fc46570725,home,random_forest,no_dratings_prob,"{""criterion"":""poisson"",""max_depth"":14,""max_features"":1.0,""max_samples"":null,""min_samples_leaf"":8,""n_estimators"":250}",ok,757,2.5504202262788063,2.3986850405634064,2.5402906208718625,2.412931191958497,1.0039875773754845,0.9940959147767792,11.500017799902707,
da778d449bd420468d54,home,extra_trees,no_dratings,"{""criterion"":""poisson"",""max_depth"":14,""max_features"":1.0,""max_samples"":null,""min_samples_leaf"":8,""n_estimators"":250}",ok,757,2.5387263597155227,2.3987724335495235,2.5402906208718625,2.412931191958497,0.9993842196072028,0.9941321333753071,1.8397874999791384,
d20fec9f073b5d83fa36,home,poisson_glm,dratings_plus_pitcher,"{""alpha"":10.0,""solver"":""newton-cholesky""}",ok,757,2.546835486733243,2.398942864831389,2.5402906208718625,2.412931191958497,1.002576424054636,0.9942027658419244,0.0796711002476513,
5ff2328b669b5cf770a1,home,poisson_glm,dratings_plus_pitcher,"{""alpha"":10.0,""solver"":""lbfgs""}",ok,757,2.5468354865195675,2.398942865752092,2.5402906208718625,2.412931191958497,1.0025764239705215,0.9942027662234946,0.073040799703449,
15513b5a7e339c6897ac,home,extra_trees,no_dratings,"{""criterion"":""poisson"",""max_depth"":32,""max_features"":0.6,""max_samples"":null,""min_samples_leaf"":2,""n_estimators"":400}",ok,757,2.5579322568903446,2.398967007193576,2.5402906208718625,2.412931191958497,1.006944731391571,0.9942127712503948,4.238035399932414,
98bd77192d71932db4d2,home,tweedie_glm,dratings_plus_pitcher,"{""alpha"":3.0,""power"":1.8,""solver"":""lbfgs""}",ok,757,2.543259648427009,2.398991588539256,2.5402906208718625,2.412931191958497,1.0011687747577982,0.9942229585884184,0.1344510000199079,
10504f0019eaa1f8f536,home,random_forest,all,"{""criterion"":""poisson"",""max_depth"":null,""max_features"":0.6,""max_samples"":0.7,""min_samples_leaf"":8,""n_estimators"":400}",ok,757,2.546257966492916,2.3990207443951124,2.5402906208718625,2.412931191958497,1.002349079893467,0.9942350417576168,9.158803900238128,
6560589bcf0e6790d33f,home,random_forest,all,"{""criterion"":""poisson"",""max_depth"":10,""max_features"":0.6,""max_samples"":null,""min_samples_leaf"":8,""n_estimators"":400}",ok,757,2.546043166005664,2.399024256966346,2.5402906208718625,2.412931191958497,1.0022645224473674,0.994236497485507,10.979773300234228,
a54b69b0d5ddaf8013a8,home,random_forest,no_dratings_prob,"{""criterion"":""poisson"",""max_depth"":14,""max_features"":1.0,""max_samples"":null,""min_samples_leaf"":4,""n_estimators"":400}",ok,757,2.5496056668877407,2.3990248114827626,2.5402906208718625,2.412931191958497,1.0036669213905458,0.994236727295797,22.503378400113437,
5db18ca937762e2b7c8d,home,random_forest,no_dratings_prob,"{""criterion"":""poisson"",""max_depth"":8,""max_features"":1.0,""max_samples"":null,""min_samples_leaf"":8,""n_estimators"":400}",ok,757,2.547059449885208,2.399175738419507,2.5402906208718625,2.412931191958497,1.0026645884363508,0.9942992765045134,15.28201359976083,
d868b9199666df290550,home,random_forest,no_dratings_prob,"{""criterion"":""poisson"",""max_depth"":null,""max_features"":1.0,""max_samples"":null,""min_samples_leaf"":8,""n_estimators"":500}",ok,757,2.550436893778452,2.3991931559958486,2.5402906208718625,2.412931191958497,1.003994138632495,0.9943064949351093,23.43936919979751,
491b7c007667dd75e04c,home,random_forest,no_dratings,"{""criterion"":""poisson"",""max_depth"":null,""max_features"":1.0,""max_samples"":0.7,""min_samples_leaf"":8,""n_estimators"":400}",ok,757,2.539990645967443,2.399374222446603,2.5402906208718625,2.412931191958497,0.9998819131551504,0.9943815349741116,9.454535600263624,
22684f6e9583b4569322,home,extra_trees,no_dratings,"{""criterion"":""poisson"",""max_depth"":22,""max_features"":1.0,""max_samples"":null,""min_samples_leaf"":8,""n_estimators"":400}",ok,757,2.539328305131197,2.399380362350257,2.5402906208718625,2.412931191958497,0.9996211788789994,0.9943840795570964,2.763313400093466,
613abe4ac232144180b9,home,extra_trees,no_dratings,"{""criterion"":""poisson"",""max_depth"":8,""max_features"":0.6,""max_samples"":null,""min_samples_leaf"":4,""n_estimators"":400}",ok,757,2.5500554574034497,2.399391859971116,2.5402906208718625,2.412931191958497,1.0038439840116544,0.9943888445586416,2.990936699789017,
4545b90d642a17bad8f7,home,random_forest,no_dratings_prob,"{""criterion"":""poisson"",""max_depth"":22,""max_features"":0.6,""max_samples"":null,""min_samples_leaf"":4,""n_estimators"":400}",ok,757,2.5453280148378403,2.3994134380014622,2.5402906208718625,2.412931191958497,1.0019829990807307,0.9943977872215812,13.60666439961642,
ab4c30b821084f155b1b,home,extra_trees,no_dratings,"{""criterion"":""poisson"",""max_depth"":14,""max_features"":0.8,""max_samples"":null,""min_samples_leaf"":4,""n_estimators"":400}",ok,757,2.553144620552229,2.399436013370166,2.5402906208718625,2.412931191958497,1.005060050836213,0.994407143215146,4.93209039978683,
9882fc12c24effccaa8a,home,random_forest,no_dratings_prob,"{""criterion"":""poisson"",""max_depth"":null,""max_features"":1.0,""max_samples"":null,""min_samples_leaf"":8,""n_estimators"":800}",ok,757,2.546349725787753,2.399462206826508,2.5402906208718625,2.412931191958497,1.00238520146715,0.9944179986661548,23.10533840022981,
1ac40c8dbeddd317b2ca,home,extra_trees,no_dratings,"{""criterion"":""poisson"",""max_depth"":null,""max_features"":1.0,""max_samples"":null,""min_samples_leaf"":8,""n_estimators"":500}",ok,757,2.5390445315151684,2.399491307266887,2.5402906208718625,2.412931191958497,0.9995094697644216,0.9944300588693118,3.262276300229132,
390ed21decb4436efe10,home,random_forest,no_dratings_prob,"{""criterion"":""poisson"",""max_depth"":null,""max_features"":1.0,""max_samples"":null,""min_samples_leaf"":8,""n_estimators"":400}",ok,757,2.549657133892325,2.3995419766721007,2.5402906208718625,2.412931191958497,1.0036871816726418,0.9944510579783552,8.262756600044668,
46047a62def9d9d9e723,home,random_forest,no_dratings_prob,"{""criterion"":""poisson"",""max_depth"":32,""max_features"":1.0,""max_samples"":null,""min_samples_leaf"":8,""n_estimators"":400}",ok,757,2.549657133892325,2.3995419766721007,2.5402906208718625,2.412931191958497,1.0036871816726418,0.9944510579783552,18.21779609983787,
45c4dc5dc50e0b701f34,home,random_forest,no_dratings_prob,"{""criterion"":""poisson"",""max_depth"":22,""max_features"":1.0,""max_samples"":null,""min_samples_leaf"":8,""n_estimators"":400}",ok,757,2.5496694474554773,2.3995724883575784,2.5402906208718625,2.412931191958497,1.0036920289775333,0.994463703049039,18.516024300362915,
f5b46f22c031261477bd,home,extra_trees,no_dratings,"{""criterion"":""squared_error"",""max_depth"":14,""max_features"":1.0,""max_samples"":null,""min_samples_leaf"":8,""n_estimators"":250}",ok,757,2.5460796910434214,2.399576878207667,2.5402906208718625,2.412931191958497,1.002278900738362,0.9944655223508504,1.7764314003288746,
ab19f2577009860d2bcd,home,random_forest,no_dratings_prob,"{""criterion"":""poisson"",""max_depth"":null,""max_features"":1.0,""max_samples"":null,""min_samples_leaf"":8,""n_estimators"":250}",ok,757,2.551221272764018,2.399703937327995,2.5402906208718625,2.412931191958497,1.0043029139273851,0.9945181799321156,12.08973729982972,
1f42fac09c6e6cc93016,home,random_forest,all,"{""criterion"":""poisson"",""max_depth"":null,""max_features"":0.6,""max_samples"":null,""min_samples_leaf"":8,""n_estimators"":800}",ok,757,2.5489065348729816,2.399735814491631,2.5402906208718625,2.412931191958497,1.0033917040555629,0.9945313909029642,22.022962799761444,
1ddbf5a9f0235782815b,home,random_forest,no_dratings_prob,"{""criterion"":""poisson"",""max_depth"":14,""max_features"":0.8,""max_samples"":null,""min_samples_leaf"":4,""n_estimators"":400}",ok,757,2.548026463893161,2.399855257096484,2.5402906208718625,2.412931191958497,1.0030452590572665,0.9945808919435452,17.90549849998206,
c1b57e04c2615dae91e5,home,random_forest,all,"{""criterion"":""poisson"",""max_depth"":null,""max_features"":0.6,""max_samples"":null,""min_samples_leaf"":8,""n_estimators"":500}",ok,757,2.547668745093087,2.399864191400031,2.5402906208718625,2.412931191958497,1.0029044409960826,0.9945845946200148,14.270750500261784,
c6de295c4454a5fbc758,home,extra_trees,all,"{""criterion"":""poisson"",""max_depth"":14,""max_features"":0.6,""max_samples"":null,""min_samples_leaf"":8,""n_estimators"":250}",ok,757,2.55025334111104,2.399980098216327,2.5402906208718625,2.412931191958497,1.0039218820702327,0.9946326303106644,1.8599262000061567,
3802cf3b726db2828d8c,home,extra_trees,no_dratings,"{""criterion"":""poisson"",""max_depth"":null,""max_features"":1.0,""max_samples"":null,""min_samples_leaf"":8,""n_estimators"":400}",ok,757,2.5399659503869114,2.4000536047545125,2.5402906208718625,2.412931191958497,0.9998721915979678,0.9946630938972064,3.040770099963993,
6d54eeabb9b9d8d01a33,home,extra_trees,no_dratings,"{""criterion"":""poisson"",""max_depth"":32,""max_features"":1.0,""max_samples"":null,""min_samples_leaf"":8,""n_estimators"":400}",ok,757,2.539965950386912,2.4000536047545125,2.5402906208718625,2.412931191958497,0.999872191597968,0.9946630938972064,4.914693700149655,
456c2f83ff4597dfa42c,home,extra_trees,no_dratings,"{""criterion"":""squared_error"",""max_depth"":22,""max_features"":0.6,""max_samples"":null,""min_samples_leaf"":4,""n_estimators"":400}",ok,757,2.5539897615656373,2.4001019618167283,2.5402906208718625,2.412931191958497,1.0053927454525156,0.9946831346933868,4.454669599886984,
4a9e7f83e396205c1d35,home,random_forest,no_dratings,"{""criterion"":""poisson"",""max_depth"":null,""max_features"":1.0,""max_samples"":null,""min_samples_leaf"":8,""n_estimators"":400}",ok,757,2.548034390619326,2.4001687619074232,2.5402906208718625,2.412931191958497,1.0030483794585698,0.994710818902086,9.61040459992364,
67bb6cb5fe0d24e224d1,home,random_forest,no_dratings,"{""criterion"":""poisson"",""max_depth"":32,""max_features"":1.0,""max_samples"":null,""min_samples_leaf"":8,""n_estimators"":400}",ok,757,2.548034390619326,2.4001687619074232,2.5402906208718625,2.412931191958497,1.0030483794585698,0.994710818902086,8.647684399969876,
7a490fa043115881fd66,home,random_forest,all,"{""criterion"":""poisson"",""max_depth"":null,""max_features"":0.6,""max_samples"":null,""min_samples_leaf"":4,""n_estimators"":400}",ok,757,2.548323743777483,2.400179331604101,2.5402906208718625,2.412931191958497,1.003162284991968,0.9947151993405806,13.883416399825364,
5f654a64f07ab3fd87c6,home,random_forest,no_dratings,"{""criterion"":""poisson"",""max_depth"":22,""max_features"":1.0,""max_samples"":null,""min_samples_leaf"":8,""n_estimators"":400}",ok,757,2.5480784982661406,2.4001906573006178,2.5402906208718625,2.412931191958497,1.0030657426871912,0.9947198930908848,8.722746199928224,
417985feac6b874a721a,home,extra_trees,no_dratings,"{""criterion"":""poisson"",""max_depth"":null,""max_features"":0.6,""max_samples"":null,""min_samples_leaf"":2,""n_estimators"":400}",ok,757,2.5602444034251746,2.400262211412615,2.5402906208718625,2.412931191958497,1.0078549211611325,0.9947495475262188,3.829618199728429,
30c6d935005d1d03381d,home,extra_trees,no_dratings,"{""criterion"":""squared_error"",""max_depth"":22,""max_features"":0.8,""max_samples"":null,""min_samples_leaf"":4,""n_estimators"":400}",ok,757,2.562064313375791,2.4003054462460063,2.5402906208718625,2.412931191958497,1.008571339170813,0.9947674654981592,5.197916000150144,
abf0d2dd8d3ce7b368a4,home,random_forest,no_dratings_prob,"{""criterion"":""poisson"",""max_depth"":14,""max_features"":0.8,""max_samples"":null,""min_samples_leaf"":8,""n_estimators"":400}",ok,757,2.550176730893925,2.4003556098599685,2.5402906208718625,2.412931191958497,1.0038917240180454,0.994788254990263,14.7967015998438,
284448abebff34d6ffe3,home,extra_trees,no_dratings,"{""criterion"":""poisson"",""max_depth"":null,""max_features"":1.0,""max_samples"":null,""min_samples_leaf"":8,""n_estimators"":250}",ok,757,2.5390204761132424,2.40041057169526,2.5402906208718625,2.412931191958497,0.9995000002172256,0.9948110330269824,1.815445499960333,
9e16f216a804d28207b6,home,extra_trees,all,"{""criterion"":""poisson"",""max_depth"":14,""max_features"":0.6,""max_samples"":null,""min_samples_leaf"":8,""n_estimators"":400}",ok,757,2.548183217803131,2.400517667234701,2.5402906208718625,2.412931191958497,1.00310696613467,0.9948554170275696,2.2567100999876857,
0c4ec1e34484d515a8e2,home,random_forest,no_dratings,"{""criterion"":""poisson"",""max_depth"":null,""max_features"":1.0,""max_samples"":null,""min_samples_leaf"":8,""n_estimators"":500}",ok,757,2.5473941342008475,2.400546626706499,2.5402906208718625,2.412931191958497,1.0027963388403751,0.994867418808596,9.983327700290827,
06519d252fe9d5d5c793,home,random_forest,all,"{""criterion"":""poisson"",""max_depth"":null,""max_features"":0.6,""max_samples"":null,""min_samples_leaf"":8,""n_estimators"":250}",ok,757,2.5466082432100627,2.4006142570681663,2.5402906208718625,2.412931191958497,1.0024869683359423,0.9948954471095658,7.594593499787152,
0a12f0d852388d3c0866,home,extra_trees,no_dratings,"{""criterion"":""squared_error"",""max_depth"":22,""max_features"":1.0,""max_samples"":null,""min_samples_leaf"":8,""n_estimators"":400}",ok,757,2.548608032437148,2.400751999109308,2.5402906208718625,2.412931191958497,1.0032741968564332,0.9949525320532228,2.71182919992134,
19a2b88ca453d1560e41,home,random_forest,all,"{""criterion"":""poisson"",""max_depth"":null,""max_features"":0.4,""max_samples"":null,""min_samples_leaf"":8,""n_estimators"":400}",ok,757,2.549157339302166,2.400769484863269,2.5402906208718625,2.412931191958497,1.003490434660291,0.9949597787389218,8.72880579996854,
ad7d5b01e25f1a761591,home,random_forest,no_dratings_prob,"{""criterion"":""poisson"",""max_depth"":14,""max_features"":1.0,""max_samples"":0.85,""min_samples_leaf"":8,""n_estimators"":400}",ok,757,2.5423785250120865,2.400860875520306,2.5402906208718625,2.412931191958497,1.0008219154623763,0.9949976541069976,16.67357090022415,
76b7918c64d731fd0e1c,home,random_forest,no_dratings_prob,"{""criterion"":""poisson"",""max_depth"":22,""max_features"":0.8,""max_samples"":null,""min_samples_leaf"":4,""n_estimators"":400}",ok,757,2.5489369979253,2.40088648491206,2.5402906208718625,2.412931191958497,1.0034036960111554,0.9950082675019586,17.50634129997343,
434306d19a406d8dff76,home,random_forest,all,"{""criterion"":""squared_error"",""max_depth"":null,""max_features"":0.6,""max_samples"":null,""min_samples_leaf"":8,""n_estimators"":400}",ok,757,2.561686845652084,2.400970495524738,2.5402906208718625,2.412931191958497,1.0084227468323594,0.99504308433095,6.766324100084603,
5936f01c35c4ab46243c,home,extra_trees,no_dratings,"{""criterion"":""poisson"",""max_depth"":8,""max_features"":1.0,""max_samples"":null,""min_samples_leaf"":4,""n_estimators"":400}",ok,757,2.554172508243221,2.400982432858284,2.5402906208718625,2.412931191958497,1.0054646847322508,0.9950480315642508,4.106315100099891,
fccdc3db21ac7411d14e,home,random_forest,no_dratings,"{""criterion"":""poisson"",""max_depth"":14,""max_features"":1.0,""max_samples"":null,""min_samples_leaf"":8,""n_estimators"":400}",ok,757,2.5482288007457883,2.401031229937598,2.5402906208718625,2.412931191958497,1.003124910121977,0.9950682547183451,11.516160199884323,
59b51a81541ff7a02226,home,random_forest,all,"{""criterion"":""poisson"",""max_depth"":18,""max_features"":0.4,""max_samples"":null,""min_samples_leaf"":8,""n_estimators"":400}",ok,757,2.549893646890457,2.401077032918268,2.5402906208718625,2.412931191958497,1.0037802863734144,0.9950872370170624,8.656992500182241,
fa049bbf338005964c98,home,extra_trees,no_dratings_prob,"{""criterion"":""poisson"",""max_depth"":14,""max_features"":0.6,""max_samples"":null,""min_samples_leaf"":8,""n_estimators"":400}",ok,757,2.543197227297269,2.4010876238363807,2.5402906208718625,2.412931191958497,1.00114420232139,0.9950916262504348,1.6560573000460863,
0787d1a4e2d557162591,home,extra_trees,no_dratings,"{""criterion"":""squared_error"",""max_depth"":null,""max_features"":1.0,""max_samples"":null,""min_samples_leaf"":8,""n_estimators"":400}",ok,757,2.5486074769261005,2.4011021232070777,2.5402906208718625,2.412931191958497,1.0032739781763174,0.99509763527827,2.834611899685114,
b785a0f1d37d751a31fe,home,extra_trees,no_dratings,"{""criterion"":""squared_error"",""max_depth"":32,""max_features"":1.0,""max_samples"":null,""min_samples_leaf"":8,""n_estimators"":400}",ok,757,2.5486074769261005,2.4011021232070777,2.5402906208718625,2.412931191958497,1.0032739781763174,0.99509763527827,3.237571499776095,
c262673a45710c2adb49,home,extra_trees,no_dratings,"{""criterion"":""poisson"",""max_depth"":null,""max_features"":0.6,""max_samples"":null,""min_samples_leaf"":2,""n_estimators"":500}",ok,757,2.55814077027112,2.4013985612918867,2.5402906208718625,2.412931191958497,1.007026813882079,0.995220489210366,5.333101500291377,
d08af27b496ee1a77bb6,home,random_forest,no_dratings,"{""criterion"":""absolute_error"",""max_depth"":null,""max_features"":1.0,""max_samples"":null,""min_samples_leaf"":8,""n_estimators"":400}",ok,757,2.519466644649934,2.4014658069110166,2.5402906208718625,2.412931191958497,0.991802522100884,0.9952483580610624,22.591096200048923,
200245eb9fa46d2268f1,home,extra_trees,no_dratings,"{""criterion"":""poisson"",""max_depth"":14,""max_features"":0.6,""max_samples"":null,""min_samples_leaf"":4,""n_estimators"":400}",ok,757,2.551501856211204,2.4014953542325297,2.5402906208718625,2.412931191958497,1.004413367213667,0.9952606034668212,4.1299362001009285,
65524115dd03151b1386,home,xgboost,all,"{""colsample_bytree"":0.9,""learning_rate"":0.025,""max_depth"":3,""min_child_weight"":1.0,""n_estimators"":500,""objective"":""count:poisson"",""reg_lambda"":5.0,""subsample"":0.9,""tweedie_variance_power"":null}",ok,757,2.546358766769953,2.4015264048032274,2.5402906208718625,2.412931191958497,1.0023887605017443,0.9952734718697004,5.059321200009435,
86a18f33f45addcbbb49,home,random_forest,no_dratings,"{""criterion"":""poisson"",""max_depth"":null,""max_features"":0.8,""max_samples"":null,""min_samples_leaf"":8,""n_estimators"":400}",ok,757,2.547101505560259,2.401739845749525,2.5402906208718625,2.412931191958497,1.0026811438944965,0.995361928990653,10.069547000341116,
112a812c17b9ef7fb7b1,home,extra_trees,no_dratings,"{""criterion"":""poisson"",""max_depth"":null,""max_features"":1.0,""max_samples"":null,""min_samples_leaf"":8,""n_estimators"":800}",ok,757,2.5415429379850565,2.401774845008591,2.5402906208718625,2.412931191958497,1.0004929818277108,0.99537643386306,4.995532100088894,
4e32397ede7f028a769e,home,xgboost,all,"{""colsample_bytree"":0.9,""learning_rate"":0.01625,""max_depth"":3,""min_child_weight"":1.0,""n_estimators"":500,""objective"":""count:poisson"",""reg_lambda"":1.0,""subsample"":0.9,""tweedie_variance_power"":null}",ok,757,2.557956464067003,2.4018908924517643,2.5402906208718625,2.412931191958497,1.0069542606857624,0.9954245278342264,4.378899400122464,
736816a5ccca71e59e14,home,extra_trees,no_dratings,"{""criterion"":""poisson"",""max_depth"":22,""max_features"":0.8,""max_samples"":null,""min_samples_leaf"":4,""n_estimators"":400}",ok,757,2.553434706802957,2.402000861761512,2.5402906208718625,2.412931191958497,1.0051742449557142,0.9954701028220728,2.776397100184113,
6dfc2cc88e3f2a6d8252,home,random_forest,no_dratings_prob,"{""criterion"":""poisson"",""max_depth"":null,""max_features"":1.0,""max_samples"":0.85,""min_samples_leaf"":8,""n_estimators"":400}",ok,757,2.5428030246673536,2.402275756480441,2.5402906208718625,2.412931191958497,1.0009890221909448,0.9955840284573522,7.639317700173706,
546c2b565c123cf862ec,home,xgboost,all,"{""colsample_bytree"":0.9,""learning_rate"":0.025,""max_depth"":3,""min_child_weight"":1.0,""n_estimators"":250,""objective"":""count:poisson"",""reg_lambda"":1.0,""subsample"":0.9,""tweedie_variance_power"":null}",ok,757,2.561346059116379,2.402275843021678,2.5402906208718625,2.412931191958497,1.0082885942543416,0.9955840643229574,2.30651029990986,
49dbf0c97e895713b0de,home,extra_trees,all,"{""criterion"":""poisson"",""max_depth"":null,""max_features"":0.6,""max_samples"":null,""min_samples_leaf"":2,""n_estimators"":400}",ok,757,2.553997310813361,2.4023065647562887,2.5402906208718625,2.412931191958497,1.0053957172572618,0.9955967964450804,3.347873799968511,
80fed040d8ee293e73fc,home,tweedie_glm,dratings_plus_pitcher,"{""alpha"":1.0,""power"":1.95,""solver"":""lbfgs""}",ok,757,2.5380548084085666,2.4023639055909647,2.5402906208718625,2.412931191958497,0.9991198595763312,0.995620560419315,0.1372957997955382,
b9cfe8fc2b53dc59cc47,home,random_forest,no_dratings_prob,"{""criterion"":""absolute_error"",""max_depth"":14,""max_features"":1.0,""max_samples"":null,""min_samples_leaf"":8,""n_estimators"":400}",ok,757,2.517504953764861,2.4024744792633648,2.5402906208718625,2.412931191958497,0.9910302912116484,0.9956663858754112,43.955952499993145,
4b88e7cc7dc7e8aa6da5,home,extra_trees,no_dratings,"{""criterion"":""poisson"",""max_depth"":22,""max_features"":0.8,""max_samples"":null,""min_samples_leaf"":8,""n_estimators"":400}",ok,757,2.5488987354536587,2.4024791116804822,2.5402906208718625,2.412931191958497,1.003388633769329,0.9956683057051738,2.380228899884969,
f3bc3f490f336f9b354d,home,random_forest,all,"{""criterion"":""poisson"",""max_depth"":8,""max_features"":0.6,""max_samples"":null,""min_samples_leaf"":8,""n_estimators"":400}",ok,757,2.5480793219440585,2.4025022340038285,2.5402906208718625,2.412931191958497,1.0030660669327365,0.9956778883751742,10.091557200066744,
47ecc20c4354f647183f,home,extra_trees,all,"{""criterion"":""poisson"",""max_depth"":14,""max_features"":0.6,""max_samples"":null,""min_samples_leaf"":8,""n_estimators"":500}",ok,757,2.5482061955419866,2.402593749639643,2.5402906208718625,2.412931191958497,1.0031160114536055,0.9957158155386672,3.393512099981308,
05c4dd0d1343c944d0cd,home,extra_trees,no_dratings,"{""criterion"":""squared_error"",""max_depth"":14,""max_features"":0.8,""max_samples"":null,""min_samples_leaf"":8,""n_estimators"":400}",ok,757,2.550739562895747,2.40277568318278,2.5402906208718625,2.412931191958497,1.0041132860697246,0.9957912149299732,4.156231500208378,
d6ea7e7e3ce7ee320c31,home,extra_trees,no_dratings,"{""criterion"":""poisson"",""max_depth"":null,""max_features"":0.8,""max_samples"":null,""min_samples_leaf"":8,""n_estimators"":400}",ok,757,2.5481776998567764,2.402806869923823,2.5402906208718625,2.412931191958497,1.00310479396338,0.9958041397664322,2.391347599681467,
a5fe38e34c2634114e6e,home,extra_trees,no_dratings,"{""criterion"":""poisson"",""max_depth"":14,""max_features"":0.6,""max_samples"":null,""min_samples_leaf"":2,""n_estimators"":400}",ok,757,2.5604834103415786,2.402933443616397,2.5402906208718625,2.412931191958497,1.007949007607163,0.9958565961700776,3.53140820004046,
d6742d27ee3fda858d8d,home,random_forest,no_dratings,"{""criterion"":""poisson"",""max_depth"":null,""max_features"":1.0,""max_samples"":0.85,""min_samples_leaf"":8,""n_estimators"":400}",ok,757,2.549924612723731,2.402985672672729,2.5402906208718625,2.412931191958497,1.0037924762516195,0.9958782416511032,10.924082699697465,
605bb556734b67e7f332,home,tweedie_glm,dratings_plus_pitcher,"{""alpha"":1.0,""power"":1.9,""solver"":""lbfgs""}",ok,757,2.5382689041071105,2.4030042856488274,2.5402906208718625,2.412931191958497,0.999204139578306,0.9958859554956424,0.1401657001115381,
9d72cd04386f4517ca3c,home,extra_trees,no_dratings,"{""criterion"":""poisson"",""max_depth"":22,""max_features"":0.6,""max_samples"":null,""min_samples_leaf"":4,""n_estimators"":400}",ok,757,2.5507643921447136,2.403021661528866,2.5402906208718625,2.412931191958497,1.004123060246255,0.9958931566458852,2.401254499796778,
36adee7feaf660635b10,home,poisson_glm,dratings_plus_pitcher,"{""alpha"":3.3333333333333335,""solver"":""lbfgs""}",ok,757,2.542380882112533,2.4031078409433246,2.5402906208718625,2.412931191958497,1.0008228433485111,0.9959288722994214,0.0956513001583516,
09100136d8d351926002,home,extra_trees,all,"{""criterion"":""poisson"",""max_depth"":14,""max_features"":0.4,""max_samples"":null,""min_samples_leaf"":8,""n_estimators"":400}",ok,757,2.5498256112251543,2.4031287016123466,2.5402906208718625,2.412931191958497,1.0037535037428196,0.9959375176636536,2.4701771000400186,
ba96fbe3ef16b8523610,home,poisson_glm,no_dratings_prob,"{""alpha"":10.0,""solver"":""lbfgs""}",ok,757,2.5472876856651414,2.403186591325124,2.5402906208718625,2.412931191958497,1.0027544347626167,0.9959615091114702,0.0997000001370906,
e01cae95358d2bad54e2,home,random_forest,no_dratings_prob,"{""criterion"":""poisson"",""max_depth"":8,""max_features"":0.6,""max_samples"":null,""min_samples_leaf"":8,""n_estimators"":400}",ok,757,2.5440079599235323,2.403262690290064,2.5402906208718625,2.412931191958497,1.0014633518783744,0.995993047087022,9.985824699979275,
6550613cc638a94f31ab,home,extra_trees,all,"{""criterion"":""poisson"",""max_depth"":14,""max_features"":0.6,""max_samples"":null,""min_samples_leaf"":15,""n_estimators"":400}",ok,757,2.549794186539141,2.403308763779186,2.5402906208718625,2.412931191958497,1.003741133234597,0.996012141493558,2.551798400003463,
6ac7ca2f4d41b1fe2737,home,extra_trees,no_dratings_prob,"{""criterion"":""poisson"",""max_depth"":null,""max_features"":0.6,""max_samples"":null,""min_samples_leaf"":8,""n_estimators"":400}",ok,757,2.543008022541541,2.403349447599544,2.5402906208718625,2.412931191958497,1.0010697207820838,0.99602900223973,1.711368900258094,
354209a5178091c4616e,home,extra_trees,no_dratings,"{""criterion"":""squared_error"",""max_depth"":14,""max_features"":1.0,""max_samples"":null,""min_samples_leaf"":4,""n_estimators"":400}",ok,757,2.5676584962320854,2.4033832503138424,2.5402906208718625,2.412931191958497,1.010773521397654,0.9960430112236623,5.341677600052208,
6fa173f46cc0c393d691,home,extra_trees,no_dratings,"{""criterion"":""poisson"",""max_depth"":8,""max_features"":0.6,""max_samples"":null,""min_samples_leaf"":2,""n_estimators"":400}",ok,757,2.559151195465239,2.4034127702582286,2.5402906208718625,2.412931191958497,1.0074245735658791,0.996055245283417,1.9790447000414133,
4de8c9ba780f74ff8820,home,extra_trees,no_dratings_prob,"{""criterion"":""poisson"",""max_depth"":14,""max_features"":0.6,""max_samples"":null,""min_samples_leaf"":2,""n_estimators"":400}",ok,757,2.5477930934571087,2.403599310764457,2.5402906208718625,2.412931191958497,1.002953391444114,0.9961325539554796,2.116580599918961,
c603520619d59a4de69e,home,poisson_glm,all,"{""alpha"":10.0,""solver"":""lbfgs""}",ok,757,2.545358280775692,2.403645824161323,2.5402906208718625,2.412931191958497,1.001994913441081,0.996151830674609,0.1917008999735117,
7df4d931bb97c0ae5329,home,extra_trees,no_dratings,"{""criterion"":""poisson"",""max_depth"":null,""max_features"":0.4,""max_samples"":null,""min_samples_leaf"":8,""n_estimators"":400}",ok,757,2.5469619905526995,2.403677226486449,2.5402906208718625,2.412931191958497,1.002626223010085,0.9961648448563772,1.9709693999029696,
a940db063d7194e7c235,home,extra_trees,no_dratings,"{""criterion"":""poisson"",""max_depth"":8,""max_features"":0.8,""max_samples"":null,""min_samples_leaf"":8,""n_estimators"":400}",ok,757,2.547921734897495,2.4036939352064097,2.5402906208718625,2.412931191958497,1.0030040318863254,0.9961717695130006,3.434669999871403,
f73ac722a0bc0a195907,home,extra_trees,no_dratings,"{""criterion"":""poisson"",""max_depth"":14,""max_features"":0.4,""max_samples"":null,""min_samples_leaf"":8,""n_estimators"":400}",ok,757,2.5461431485701187,2.403714009637065,2.5402906208718625,2.412931191958497,1.002303881158388,0.996180089033558,3.3494604998268187,
a2a4bcff20b89f3c0a60,home,extra_trees,all,"{""criterion"":""poisson"",""max_depth"":14,""max_features"":0.6,""max_samples"":null,""min_samples_leaf"":8,""n_estimators"":800}",ok,757,2.548501120990223,2.4037281598122044,2.5402906208718625,2.412931191958497,1.0032321105510136,0.9961859533429868,5.286813199985772,
ba73995a11c7663982db,home,extra_trees,all,"{""criterion"":""poisson"",""max_depth"":14,""max_features"":0.6,""max_samples"":null,""min_samples_leaf"":4,""n_estimators"":400}",ok,757,2.5462068143540164,2.403803848525054,2.5402906208718625,2.412931191958497,1.0023289435600575,0.996217321296247,3.275850699748844,
7bdb4f58f306b84cb2d2,home,extra_trees,no_dratings,"{""criterion"":""squared_error"",""max_depth"":14,""max_features"":0.8,""max_samples"":null,""min_samples_leaf"":4,""n_estimators"":400}",ok,757,2.5593666734084755,2.403816018512491,2.5402906208718625,2.412931191958497,1.0075093976964202,0.9962223649491606,3.866983600426465,
f9d4457eee46b8fad73f,home,random_forest,all,"{""criterion"":""poisson"",""max_depth"":14,""max_features"":1.0,""max_samples"":null,""min_samples_leaf"":8,""n_estimators"":400}",ok,757,2.5532393893269725,2.403841402172419,2.5402906208718625,2.412931191958497,1.005097357108954,0.996232884793246,8.94609950017184,
3ee86ec18c3fed0a329f,home,random_forest,no_dratings,"{""criterion"":""poisson"",""max_depth"":14,""max_features"":0.6,""max_samples"":null,""min_samples_leaf"":8,""n_estimators"":400}",ok,757,2.553729367006693,2.403911688252491,2.5402906208718625,2.412931191958497,1.0052902396381005,0.9962620137134184,6.646212099585682,
9ded9d6f3bc2b743cd15,home,extra_trees,no_dratings,"{""criterion"":""squared_error"",""max_depth"":14,""max_features"":0.4,""max_samples"":null,""min_samples_leaf"":8,""n_estimators"":400}",ok,757,2.5503199661073124,2.404066360609243,2.5402906208718625,2.412931191958497,1.0039481093828575,0.996326115150404,3.3048390997573733,
73dbd027eca6e5ae345d,home,random_forest,all,"{""criterion"":""poisson"",""max_depth"":null,""max_features"":0.6,""max_samples"":null,""min_samples_leaf"":15,""n_estimators"":400}",ok,757,2.549967053770523,2.404171860817296,2.5402906208718625,2.412931191958497,1.0038091834135652,0.9963698379919024,9.57838060008362,
dbfaeaa2f56ccf98c825,home,extra_trees,no_dratings,"{""criterion"":""poisson"",""max_depth"":14,""max_features"":1.0,""max_samples"":null,""min_samples_leaf"":4,""n_estimators"":400}",ok,757,2.558605122467671,2.4041733097813176,2.5402906208718625,2.412931191958497,1.0072096087925255,0.9963704384914222,5.416713899932802,
aad6224d114d0d5384c0,home,extra_trees,all,"{""criterion"":""poisson"",""max_depth"":14,""max_features"":1.0,""max_samples"":null,""min_samples_leaf"":8,""n_estimators"":400}",ok,757,2.548310244035633,2.4041917633495857,2.5402906208718625,2.412931191958497,1.0031569707410162,0.9963780862719844,2.8371620001271367,
46c026d9670e704c2921,home,extra_trees,no_dratings,"{""criterion"":""squared_error"",""max_depth"":8,""max_features"":0.6,""max_samples"":null,""min_samples_leaf"":8,""n_estimators"":400}",ok,757,2.551328692324409,2.4042866432010865,2.5402906208718625,2.412931191958497,1.0043452002545907,0.9964174076798294,1.9420225000940263,
5de4f07fce65f4966f3b,home,extra_trees,all,"{""criterion"":""squared_error"",""max_depth"":14,""max_features"":0.6,""max_samples"":null,""min_samples_leaf"":8,""n_estimators"":400}",ok,757,2.55200062205862,2.4043218710184844,2.5402906208718625,2.412931191958497,1.0046097092555253,0.9964320072745112,2.074220299720764,
2d122cf8e55c9847e8c7,home,extra_trees,no_dratings,"{""criterion"":""poisson"",""max_depth"":22,""max_features"":0.6,""max_samples"":null,""min_samples_leaf"":2,""n_estimators"":400}",ok,757,2.5642198775292413,2.404380161390066,2.5402906208718625,2.412931191958497,1.009419889386186,0.9964561647688384,2.883358399849385,
b43cc850bacbf9ab67b3,home,tweedie_glm,dratings_plus_pitcher,"{""alpha"":1.0,""power"":1.8,""solver"":""newton-cholesky""}",ok,757,2.538793856993699,2.40443561991097,2.5402906208718625,2.412931191958497,0.9994107902986116,0.9964791486488136,0.1248588999733328,
e2abaad26685a89d9064,home,tweedie_glm,dratings_plus_pitcher,"{""alpha"":1.0,""power"":1.8,""solver"":""lbfgs""}",ok,757,2.5387938891590287,2.404435644086957,2.5402906208718625,2.412931191958497,0.9994108029606784,0.9964791586681574,0.1887242002412676,
cf9ba434246f5bf6f9c8,home,random_forest,all,"{""criterion"":""poisson"",""max_depth"":null,""max_features"":1.0,""max_samples"":null,""min_samples_leaf"":8,""n_estimators"":400}",ok,757,2.553727180894712,2.4045169390411187,2.5402906208718625,2.412931191958497,1.005289379062557,0.9965128500367436,18.54192809993401,
cc8ae8c653aa79535712,home,extra_trees,no_dratings,"{""criterion"":""poisson"",""max_depth"":14,""max_features"":0.8,""max_samples"":null,""min_samples_leaf"":8,""n_estimators"":400}",ok,757,2.542839893287993,2.4047030282740147,2.5402906208718625,2.412931191958497,1.001003535735315,0.9965899716859296,4.219805999659002,
fbd34ae5ebe39bd33553,home,random_forest,no_dratings_prob,"{""criterion"":""poisson"",""max_depth"":14,""max_features"":0.6,""max_samples"":null,""min_samples_leaf"":8,""n_estimators"":400}",ok,757,2.5497058232262724,2.404749104373878,2.5402906208718625,2.412931191958497,1.0037063485087303,0.9966090671744444,5.048127099871635,
ad95b11cb2936d57a320,home,random_forest,all,"{""criterion"":""poisson"",""max_depth"":14,""max_features"":0.6,""max_samples"":null,""min_samples_leaf"":8,""n_estimators"":400}",ok,757,2.546889905585654,2.404749404820081,2.5402906208718625,2.412931191958497,1.002597846348591,0.9966091916894756,6.616672300267965,
a0f53d16f34c9bd8763c,home,extra_trees,all,"{""criterion"":""squared_error"",""max_depth"":null,""max_features"":0.6,""max_samples"":null,""min_samples_leaf"":8,""n_estimators"":400}",ok,757,2.554021182028623,2.4047609153280893,2.5402906208718625,2.412931191958497,1.0054051142983191,0.9966139620318902,2.154894500039518,
76df877928a2ba9e7c81,home,extra_trees,no_dratings,"{""criterion"":""poisson"",""max_depth"":14,""max_features"":1.0,""max_samples"":null,""min_samples_leaf"":15,""n_estimators"":400}",ok,757,2.5426814646428357,2.4048332624206137,2.5402906208718625,2.412931191958497,1.0009411693887813,0.9966439451050776,4.205395799595863,
be65d9e088b4e7cecd48,home,extra_trees,no_dratings,"{""criterion"":""squared_error"",""max_depth"":14,""max_features"":1.0,""max_samples"":null,""min_samples_leaf"":15,""n_estimators"":400}",ok,757,2.546906860055312,2.405111835663206,2.5402906208718625,2.412931191958497,1.002604520572996,0.9967593952445264,4.063533499836922,
00bd20aff88bea4b35d2,home,extra_trees,no_dratings,"{""criterion"":""squared_error"",""max_depth"":22,""max_features"":0.8,""max_samples"":null,""min_samples_leaf"":8,""n_estimators"":400}",ok,757,2.553249154449837,2.4051160516254075,2.5402906208718625,2.412931191958497,1.005101201205682,0.9967611424813376,4.256785999983549,
6c8851597d15a67b410d,home,random_forest,all,"{""criterion"":""poisson"",""max_depth"":null,""max_features"":0.8,""max_samples"":null,""min_samples_leaf"":4,""n_estimators"":400}",ok,757,2.55663440187342,2.4051499516325374,2.5402906208718625,2.412931191958497,1.0064338233063854,0.9967751917866984,17.68568990007043,
9c74638659ae5b08b724,home,extra_trees,all,"{""criterion"":""poisson"",""max_depth"":null,""max_features"":0.6,""max_samples"":null,""min_samples_leaf"":8,""n_estimators"":400}",ok,757,2.549253061353863,2.4051672749876216,2.5402906208718625,2.412931191958497,1.0035281161959826,0.9967823711688298,2.251052400097251,
51fed9fa6b026cbea825,home,extra_trees,all,"{""criterion"":""poisson"",""max_depth"":32,""max_features"":0.6,""max_samples"":null,""min_samples_leaf"":8,""n_estimators"":400}",ok,757,2.549253061353863,2.4051672749876216,2.5402906208718625,2.412931191958497,1.0035281161959826,0.9967823711688298,2.932429499924183,
1a94fa79c20bffab44cc,home,random_forest,no_dratings_prob,"{""criterion"":""poisson"",""max_depth"":22,""max_features"":0.8,""max_samples"":null,""min_samples_leaf"":8,""n_estimators"":400}",ok,757,2.5510321764536563,2.4051861415998754,2.5402906208718625,2.412931191958497,1.0042284750782204,0.9967901901287392,14.41133529972285,
b9e367e02654cd38a378,home,extra_trees,no_dratings,"{""criterion"":""poisson"",""max_depth"":null,""max_features"":0.6,""max_samples"":null,""min_samples_leaf"":2,""n_estimators"":800}",ok,757,2.5560647845251045,2.40551080642444,2.5402906208718625,2.412931191958497,1.0062095901640689,0.9969247421730107,8.27911560004577,
f7da8791d3068f79818c,home,extra_trees,no_dratings,"{""criterion"":""squared_error"",""max_depth"":22,""max_features"":0.6,""max_samples"":null,""min_samples_leaf"":8,""n_estimators"":400}",ok,757,2.551000322943106,2.405559527099984,2.5402906208718625,2.412931191958497,1.0042159357607547,0.996944933662808,3.726191299967468,
22e48c2b8c4b84186f10,home,random_forest,no_dratings_prob,"{""criterion"":""poisson"",""max_depth"":null,""max_features"":0.8,""max_samples"":null,""min_samples_leaf"":8,""n_estimators"":400}",ok,757,2.551335440825859,2.4055993966602203,2.5402906208718625,2.412931191958497,1.0043478568409647,0.9969614569521456,7.002434999682009,
3042407e21a21bf19de7,home,random_forest,no_dratings_prob,"{""criterion"":""poisson"",""max_depth"":22,""max_features"":0.6,""max_samples"":null,""min_samples_leaf"":8,""n_estimators"":400}",ok,757,2.553642547174684,2.405746746571916,2.5402906208718625,2.412931191958497,1.0052560625123432,0.9970225237211386,11.740801400039343,
811f0aa2a3fce4c2024d,home,extra_trees,no_dratings,"{""criterion"":""poisson"",""max_depth"":null,""max_features"":1.0,""max_samples"":null,""min_samples_leaf"":15,""n_estimators"":400}",ok,757,2.54352713550499,2.40581370578633,2.5402906208718625,2.412931191958497,1.0012740725830875,0.9970502738760694,2.321646000258625,
985a9de1780bcded9033,home,extra_trees,all,"{""criterion"":""poisson"",""max_depth"":22,""max_features"":0.6,""max_samples"":null,""min_samples_leaf"":8,""n_estimators"":400}",ok,757,2.549481949478389,2.405816614260647,2.5402906208718625,2.412931191958497,1.0036182193214458,0.9970514792458398,2.8957617999985814,
582a19f9132ded08e73d,home,extra_trees,no_dratings,"{""criterion"":""squared_error"",""max_depth"":null,""max_features"":0.6,""max_samples"":null,""min_samples_leaf"":8,""n_estimators"":400}",ok,757,2.551060841071563,2.4058233285957424,2.5402906208718625,2.412931191958497,1.004239759069773,0.9970542618925716,2.0795625997707248,
ab574e3fe3cc56bf96cd,home,random_forest,all,"{""criterion"":""absolute_error"",""max_depth"":null,""max_features"":0.6,""max_samples"":null,""min_samples_leaf"":8,""n_estimators"":400}",ok,757,2.52351717305152,2.405908699715277,2.5402906208718625,2.412931191958497,0.9933970358814354,0.9970896425614524,29.318733300082386,
a0bb8d7f6d467f5b2346,home,extra_trees,no_dratings,"{""criterion"":""poisson"",""max_depth"":14,""max_features"":0.6,""max_samples"":null,""min_samples_leaf"":8,""n_estimators"":400}",ok,757,2.547631113087296,2.4059117392460894,2.5402906208718625,2.412931191958497,1.0028896269407608,0.997090902245451,2.48851320007816,
6c002ec16f10e8f05ead,home,tweedie_glm,dratings_plus_pitcher,"{""alpha"":1.0,""power"":1.7,""solver"":""lbfgs""}",ok,757,2.53956303245925,2.406051383650276,2.5402906208718625,2.412931191958497,0.9997135806404848,0.9971487755924624,0.1542195002548396,
d62b592dec3afb672a6b,home,extra_trees,no_dratings,"{""criterion"":""poisson"",""max_depth"":null,""max_features"":1.0,""max_samples"":null,""min_samples_leaf"":4,""n_estimators"":400}",ok,757,2.5545681427351465,2.4061817377753205,2.5402906208718625,2.412931191958497,1.005620428523404,0.9972027987347214,3.345275199972093,
794e4a392fe06434c99d,home,extra_trees,no_dratings,"{""criterion"":""squared_error"",""max_depth"":8,""max_features"":0.6,""max_samples"":null,""min_samples_leaf"":4,""n_estimators"":400}",ok,757,2.5598472069612948,2.40655477679112,2.5402906208718625,2.412931191958497,1.0076985624907435,0.9973573986740164,1.993963999673724,
303cdd273944b31442f9,home,random_forest,no_dratings_prob,"{""criterion"":""poisson"",""max_depth"":null,""max_features"":0.6,""max_samples"":null,""min_samples_leaf"":8,""n_estimators"":400}",ok,757,2.5543366076028646,2.4065921068806486,2.5402906208718625,2.412931191958497,1.005529283388127,0.997372869521114,5.131970799993724,
c752461e76007d0d2daa,home,poisson_glm,dratings_plus_pitcher,"{""alpha"":30.0,""solver"":""lbfgs""}",ok,757,2.5584845149514712,2.4066863561653578,2.5402906208718625,2.412931191958497,1.0071621309507353,0.997411929600831,0.0793138998560607,
5a42f9e3e1e61614f4da,home,extra_trees,no_dratings,"{""criterion"":""poisson"",""max_depth"":null,""max_features"":0.6,""max_samples"":null,""min_samples_leaf"":8,""n_estimators"":400}",ok,757,2.546620759259307,2.4071919108177617,2.5402906208718625,2.412931191958497,1.0024918953506476,0.9976214484856168,2.025332000106573,
3d5043ebd259af62028e,home,random_forest,no_dratings,"{""criterion"":""poisson"",""max_depth"":null,""max_features"":1.0,""max_samples"":null,""min_samples_leaf"":15,""n_estimators"":400}",ok,757,2.5469943424142896,2.4073463660420966,2.5402906208718625,2.412931191958497,1.0026389585063011,0.9976854599356116,10.393013299908487,
98564c49002a31c4fe1a,home,extra_trees,no_dratings,"{""criterion"":""squared_error"",""max_depth"":14,""max_features"":0.6,""max_samples"":null,""min_samples_leaf"":8,""n_estimators"":400}",ok,757,2.5489409227582374,2.4073579786471995,2.5402906208718625,2.412931191958497,1.0034052410441945,0.9976902725905028,2.006640600040555,
3b38bd14a5cbd03fb5a9,home,extra_trees,no_dratings_prob,"{""criterion"":""poisson"",""max_depth"":14,""max_features"":1.0,""max_samples"":null,""min_samples_leaf"":8,""n_estimators"":400}",ok,757,2.548808606426023,2.407447505642848,2.5402906208718625,2.412931191958497,1.003353153959698,0.997727375594495,2.215880300384015,
174197e1acf846815223,home,extra_trees,no_dratings_prob,"{""criterion"":""squared_error"",""max_depth"":null,""max_features"":1.0,""max_samples"":null,""min_samples_leaf"":8,""n_estimators"":400}",ok,757,2.5528230432334458,2.40759376345977,2.5402906208718625,2.412931191958497,1.0049334600768167,0.9977879897626112,2.218872800003737,
810ea7d8e0147f7a165d,home,extra_trees,no_dratings,"{""criterion"":""squared_error"",""max_depth"":8,""max_features"":1.0,""max_samples"":null,""min_samples_leaf"":4,""n_estimators"":400}",ok,757,2.5661380100512496,2.4075986235949824,2.5402906208718625,2.412931191958497,1.010174973275505,0.9977900039664264,2.2696142997592688,
a2aa291067577ad6af22,home,tweedie_glm,dratings_plus_pitcher,"{""alpha"":10.0,""power"":1.8,""solver"":""lbfgs""}",ok,757,2.5573729751319303,2.407617538992477,2.5402906208718625,2.412931191958497,1.0067245669136096,0.9977978431445836,0.1304195998236537,
bd7c27a38f231ad37ee3,home,extra_trees,no_dratings,"{""criterion"":""poisson"",""max_depth"":14,""max_features"":0.8,""max_samples"":null,""min_samples_leaf"":2,""n_estimators"":400}",ok,757,2.5623641781035573,2.407908953806034,2.5402906208718625,2.412931191958497,1.00868938264399,0.997918615263792,5.440802699886262,
67f80c4adcfe9b690e89,home,random_forest,no_dratings_prob,"{""criterion"":""squared_error"",""max_depth"":null,""max_features"":1.0,""max_samples"":null,""min_samples_leaf"":8,""n_estimators"":400}",ok,757,2.5646251481306277,2.4079139427209584,2.5402906208718625,2.412931191958497,1.0095794264871996,0.9979206828382592,7.635668399743736,
457e548a85950fb7d5f6,home,poisson_glm,pitcher_only,"{""alpha"":10.0,""solver"":""newton-cholesky""}",ok,757,2.553998540472893,2.408052247178625,2.5402906208718625,2.412931191958497,1.0053962013198026,0.9979780008662776,0.1135403998196125,
112dbb196a7b87a1d0f9,home,poisson_glm,pitcher_only,"{""alpha"":10.0,""solver"":""lbfgs""}",ok,757,2.553998541888242,2.4080522490984038,2.5402906208718625,2.412931191958497,1.0053962018769629,0.9979780016618984,0.0788339003920555,
1e53437cd717224c3e7d,home,poisson_glm,dratings_only,"{""alpha"":0.0,""solver"":""lbfgs""}",ok,757,2.552815427401009,2.408055593920444,2.5402906208718625,2.412931191958497,1.0049304620606156,0.99797938786887,0.1942769000306725,
466238c60efe9af19bdf,home,poisson_glm,dratings_only,"{""alpha"":0.0,""solver"":""newton-cholesky""}",ok,757,2.552815427401009,2.408055593920444,2.5402906208718625,2.412931191958497,1.0049304620606156,0.99797938786887,0.1554363002069294,
6d6f9bce708607d7a56b,home,poisson_glm,dratings_only,"{""alpha"":1e-06,""solver"":""lbfgs""}",ok,757,2.5529615921173505,2.4080751655640165,2.5402906208718625,2.412931191958497,1.0049880006410996,0.9979874990175168,0.1500943000428378,
9800310c4aad27cb72f0,home,random_forest,no_dratings_prob,"{""criterion"":""squared_error"",""max_depth"":14,""max_features"":1.0,""max_samples"":null,""min_samples_leaf"":8,""n_estimators"":400}",ok,757,2.565140199558286,2.4080919147708904,2.5402906208718625,2.412931191958497,1.009782179441301,0.9979944404532816,6.671107300091535,
08e00cf1814f466f3eeb,home,extra_trees,no_dratings,"{""criterion"":""poisson"",""max_depth"":22,""max_features"":0.6,""max_samples"":null,""min_samples_leaf"":8,""n_estimators"":400}",ok,757,2.546797784581317,2.4081725049778133,2.5402906208718625,2.412931191958497,1.002561582385885,0.9980278397508628,2.176088499836624,
032ef7f1fbb1bbbc6528,home,random_forest,all,"{""criterion"":""squared_error"",""max_depth"":14,""max_features"":0.6,""max_samples"":null,""min_samples_leaf"":8,""n_estimators"":400}",ok,757,2.565926358243184,2.408280629189577,2.5402906208718625,2.412931191958497,1.01009165532506,0.998072650067926,4.830171199981123,
f9f89eb091b322666fe2,home,tweedie_glm,dratings_only,"{""alpha"":1.0,""power"":1.5,""solver"":""lbfgs""}",ok,757,2.5548038739233667,2.408344106306547,2.5402906208718625,2.412931191958497,1.0057132254602126,0.998098957124332,0.109405499882996,
1d137cbfedbd687e2ef6,home,tweedie_glm,dratings_only,"{""alpha"":1.0,""power"":1.2,""solver"":""lbfgs""}",ok,757,2.554751846377166,2.4083513645856933,2.5402906208718625,2.412931191958497,1.0056927445176884,0.998101965199809,0.11660399986431,
5c393da612cece2cb690,home,poisson_glm,dratings_only,"{""alpha"":0.01,""solver"":""lbfgs""}",ok,757,2.5534085144203127,2.4083520397079123,2.5402906208718625,2.412931191958497,1.0051639341737788,0.9981022449932077,0.1510564000345766,
b6b2ba69870e49571bea,home,extra_trees,all,"{""criterion"":""squared_error"",""max_depth"":14,""max_features"":1.0,""max_samples"":null,""min_samples_leaf"":8,""n_estimators"":400}",ok,757,2.5602370439457904,2.4083920747340963,2.5402906208718625,2.412931191958497,1.0078520240597837,0.99811883685721,2.7684196000918746,
711dcecdbd0f265e3316,home,poisson_glm,dratings_only,"{""alpha"":1.0,""solver"":""lbfgs""}",ok,757,2.5547217133504136,2.408399701859047,2.5402906208718625,2.412931191958497,1.005680882478556,0.9981219977948182,0.120573699939996,
d09d77bc75af60c5f499,home,tweedie_glm,dratings_only,"{""alpha"":0.01,""power"":1.2,""solver"":""lbfgs""}",ok,757,2.55336052938047,2.4084262406537795,2.5402906208718625,2.412931191958497,1.0051450445871115,0.9981329963656936,0.1524000000208616,
dc95726d2b9bdc10b90f,home,extra_trees,no_dratings_prob,"{""criterion"":""squared_error"",""max_depth"":null,""max_features"":0.6,""max_samples"":null,""min_samples_leaf"":8,""n_estimators"":400}",ok,757,2.5519038638202733,2.4084934932761817,2.5402906208718625,2.412931191958497,1.0045716198190051,0.9981608681187824,1.646831599995494,
3642401dbd0b996e010e,home,tweedie_glm,dratings_only,"{""alpha"":1.0,""power"":1.8,""solver"":""lbfgs""}",ok,757,2.5550710307355877,2.4085535905928785,2.5402906208718625,2.412931191958497,1.0058183932744875,0.998185774472058,0.1164416000247001,
5663cde844ba173bd7e9,home,tweedie_glm,dratings_only,"{""alpha"":0.01,""power"":1.5,""solver"":""lbfgs""}",ok,757,2.5533000643899686,2.4085632754396724,2.5402906208718625,2.412931191958497,1.005121242196155,0.998189788198942,0.1460007997229695,
6ede558dd6c54157ad30,home,random_forest,no_dratings_prob,"{""criterion"":""poisson"",""max_depth"":null,""max_features"":1.0,""max_samples"":null,""min_samples_leaf"":15,""n_estimators"":400}",ok,757,2.5497845492875184,2.4085987781050044,2.5402906208718625,2.412931191958497,1.003737339475118,0.99820450169987,7.254408500157297,
997f5f94f5dc1245a2a4,home,xgboost,all,"{""colsample_bytree"":0.9,""learning_rate"":0.025,""max_depth"":3,""min_child_weight"":1.0,""n_estimators"":500,""objective"":""count:poisson"",""reg_lambda"":1.0,""subsample"":0.9,""tweedie_variance_power"":null}",ok,757,2.551792889321653,2.4086256287126786,2.5402906208718625,2.412931191958497,1.0045279340699385,0.9982156294965362,7.081549399998039,
3e61113bd640c6e602eb,home,xgboost,all,"{""colsample_bytree"":0.9,""learning_rate"":0.025,""max_depth"":3,""min_child_weight"":0.5,""n_estimators"":500,""objective"":""count:poisson"",""reg_lambda"":1.0,""subsample"":0.9,""tweedie_variance_power"":null}",ok,757,2.551792889321653,2.4086256287126786,2.5402906208718625,2.412931191958497,1.0045279340699385,0.9982156294965362,3.388249999843538,
69becdeaa63d3e98c560,home,xgboost,all,"{""colsample_bytree"":0.9,""learning_rate"":0.025,""max_depth"":3,""min_child_weight"":3.0,""n_estimators"":500,""objective"":""count:poisson"",""reg_lambda"":1.0,""subsample"":0.9,""tweedie_variance_power"":null}",ok,757,2.551792889321653,2.4086256287126786,2.5402906208718625,2.412931191958497,1.0045279340699385,0.9982156294965362,3.5242611002177,
22258e316805787e4734,home,poisson_glm,dratings_only,"{""alpha"":0.1,""solver"":""lbfgs""}",ok,757,2.5539041439836367,2.408708095424015,2.5402906208718625,2.412931191958497,1.0053590415993827,0.9982498064807832,0.1361824995838105,
36689364e2f675f10f4f,home,tweedie_glm,dratings_only,"{""alpha"":0.01,""power"":1.8,""solver"":""lbfgs""}",ok,757,2.5532500348440066,2.408716997780095,2.5402906208718625,2.412931191958497,1.005101547777906,0.9982534959171456,0.1365470001474023,
2ea48b5d1a231aac80d1,home,tweedie_glm,dratings_only,"{""alpha"":0.1,""power"":1.2,""solver"":""lbfgs""}",ok,757,2.5538403232327918,2.408750117416377,2.5402906208718625,2.412931191958497,1.0053339181940837,0.9982672218105292,0.12123419996351,
cdeda475f15cf5a82c0f,home,tweedie_glm,dratings_plus_pitcher,"{""alpha"":1.0,""power"":1.55,""solver"":""lbfgs""}",ok,757,2.540965581015401,2.408777756928571,2.5402906208718625,2.412931191958497,1.0002657019389802,0.998278676555814,0.1488567003980279,
5bc84dc9518c30b1294c,home,xgboost,all,"{""colsample_bytree"":0.9,""learning_rate"":0.025,""max_depth"":3,""min_child_weight"":5.0,""n_estimators"":500,""objective"":""count:poisson"",""reg_lambda"":1.0,""subsample"":0.9,""tweedie_variance_power"":null}",ok,757,2.5519221770716154,2.408779541848498,2.5402906208718625,2.412931191958497,1.004578828935628,0.9982794162867822,4.991080200299621,
d154332f1fc193924086,home,tweedie_glm,dratings_only,"{""alpha"":0.1,""power"":1.5,""solver"":""lbfgs""}",ok,757,2.553748904736549,2.408793122136359,2.5402906208718625,2.412931191958497,1.0052979307777263,0.9982850444157176,0.1186281000263989,
9ceda0a01a2e92855d3b,home,tweedie_glm,dratings_only,"{""alpha"":0.1,""power"":1.8,""solver"":""lbfgs""}",ok,757,2.553655496726517,2.408804284809709,2.5402906208718625,2.412931191958497,1.0052611601778332,0.9982896706037284,0.1254050000570714,
ece91f79078e21628422,home,random_forest,no_dratings_prob,"{""criterion"":""poisson"",""max_depth"":14,""max_features"":1.0,""max_samples"":null,""min_samples_leaf"":15,""n_estimators"":400}",ok,757,2.5498096893769486,2.408886626810481,2.5402906208718625,2.412931191958497,1.0037472360157826,0.9983237959037145,14.841836400330068,
a2ef50b1b3c132838e32,home,extra_trees,all,"{""criterion"":""poisson"",""max_depth"":null,""max_features"":1.0,""max_samples"":null,""min_samples_leaf"":8,""n_estimators"":400}",ok,757,2.5480647351123102,2.408918510753477,2.5402906208718625,2.412931191958497,1.0030603247425995,0.998337009684158,2.928909400012344,
600c5127e57b885a35a7,home,tweedie_glm,no_dratings_prob,"{""alpha"":1.0,""power"":1.8,""solver"":""lbfgs""}",ok,757,2.5360732999669238,2.4090510082234142,2.5402906208718625,2.412931191958497,0.9983398273920754,0.9983919211007698,0.1221535000950098,
7d1931c39e9805cef33d,home,random_forest,no_dratings,"{""criterion"":""squared_error"",""max_depth"":14,""max_features"":0.6,""max_samples"":null,""min_samples_leaf"":8,""n_estimators"":400}",ok,757,2.57024507260745,2.409288204135457,2.5402906208718625,2.412931191958497,1.0117917420508789,0.9984902230800528,6.387532200198621,
e7bc908df5ea7f926814,home,extra_trees,no_dratings,"{""criterion"":""poisson"",""max_depth"":8,""max_features"":0.8,""max_samples"":null,""min_samples_leaf"":2,""n_estimators"":400}",ok,757,2.567129907778344,2.4093774577401827,2.5402906208718625,2.412931191958497,1.010565439515448,0.9985272127816336,2.13952219998464,
5ca30cac98666e27fe9a,home,random_forest,no_dratings,"{""criterion"":""poisson"",""max_depth"":null,""max_features"":1.0,""max_samples"":null,""min_samples_leaf"":4,""n_estimators"":400}",ok,757,2.557178951843325,2.409533722664289,2.5402906208718625,2.412931191958497,1.006648188531148,0.9985919742321988,15.00210819998756,
13d81220929176acfcbf,home,tweedie_glm,dratings_plus_pitcher,"{""alpha"":1.0,""power"":1.5,""solver"":""lbfgs""}",ok,757,2.541464268524652,2.409758037254917,2.5402906208718625,2.412931191958497,1.0004620131425697,0.9986849377577964,0.1925482996739447,
6f96ae6c3157590ab12e,home,xgboost,all,"{""colsample_bytree"":0.9,""learning_rate"":0.02,""max_depth"":3,""min_child_weight"":1.0,""n_estimators"":500,""objective"":""count:poisson"",""reg_lambda"":1.0,""subsample"":0.9,""tweedie_variance_power"":null}",ok,757,2.559292160850535,2.4098615640682155,2.5402906208718625,2.412931191958497,1.0074800653998206,0.9987278427580067,6.904473700094968,
3ab6183a7ad838ec0e7e,home,random_forest,all,"{""criterion"":""poisson"",""max_depth"":18,""max_features"":0.8,""max_samples"":null,""min_samples_leaf"":4,""n_estimators"":400}",ok,757,2.559824178049197,2.4100437593105166,2.5402906208718625,2.412931191958497,1.0076894970271673,0.9988033506062656,18.422080900054425,
d589762ef0af6b7d4899,home,extra_trees,all,"{""criterion"":""poisson"",""max_depth"":14,""max_features"":0.8,""max_samples"":null,""min_samples_leaf"":8,""n_estimators"":400}",ok,757,2.553749385300651,2.4103727006578963,2.5402906208718625,2.412931191958497,1.0052981199545463,0.9989396749857072,3.285929699894041,
8a718bcdfd1d6c016ec7,home,xgboost,no_dratings_prob,"{""colsample_bytree"":0.9,""learning_rate"":0.025,""max_depth"":3,""min_child_weight"":5.0,""n_estimators"":500,""objective"":""count:poisson"",""reg_lambda"":1.0,""subsample"":0.9,""tweedie_variance_power"":null}",ok,757,2.5462668149915366,2.4104228620121946,2.5402906208718625,2.412931191958497,1.0023525631557948,0.9989604635413302,3.3595639001578093,
3a74b8d5d2df64072347,home,xgboost,no_dratings_prob,"{""colsample_bytree"":0.9,""learning_rate"":0.025,""max_depth"":3,""min_child_weight"":1.0,""n_estimators"":500,""objective"":""count:poisson"",""reg_lambda"":1.0,""subsample"":0.9,""tweedie_variance_power"":null}",ok,757,2.546270530793909,2.4104376336989564,2.5402906208718625,2.412931191958497,1.0023540259027508,0.9989665854261196,4.029822899959981,
5a0dc23e416a60b8eee1,home,extra_trees,no_dratings,"{""criterion"":""squared_error"",""max_depth"":22,""max_features"":1.0,""max_samples"":null,""min_samples_leaf"":4,""n_estimators"":400}",ok,757,2.5678437638208766,2.4107164792957394,2.5402906208718625,2.412931191958497,1.010846453048572,0.9990821484383232,5.801594699732959,
716d32c20f126ecd1d71,home,xgboost,all,"{""colsample_bytree"":0.85,""learning_rate"":0.025,""max_depth"":3,""min_child_weight"":1.0,""n_estimators"":500,""objective"":""count:poisson"",""reg_lambda"":1.0,""subsample"":0.9,""tweedie_variance_power"":null}",ok,757,2.554566167619773,2.410848652004866,2.5402906208718625,2.412931191958497,1.005619651007888,0.999136925263111,4.601966499816626,
d8fd90d4e6665bbaa032,home,extra_trees,no_dratings,"{""criterion"":""poisson"",""max_depth"":null,""max_features"":0.6,""max_samples"":null,""min_samples_leaf"":15,""n_estimators"":400}",ok,757,2.547030320421205,2.4109280856184947,2.5402906208718625,2.412931191958497,1.0026531214554617,0.9991698452294544,2.417178399860859,
4c8b028bdf7004a7e442,home,extra_trees,all,"{""criterion"":""squared_error"",""max_depth"":null,""max_features"":1.0,""max_samples"":null,""min_samples_leaf"":8,""n_estimators"":400}",ok,757,2.560523805670034,2.410992458797572,2.5402906208718625,2.412931191958497,1.007964909460331,0.9991965236441942,2.794282599817961,
c2d2636083f363710f40,home,random_forest,all,"{""criterion"":""poisson"",""max_depth"":null,""max_features"":0.6,""max_samples"":0.85,""min_samples_leaf"":8,""n_estimators"":400}",ok,757,2.5548737614295853,2.411081106904412,2.5402906208718625,2.412931191958497,1.005740737078625,0.999233262407046,10.242152000311762,
8e6c1181e70bbb41d48d,home,poisson_glm,dratings_only,"{""alpha"":10.0,""solver"":""lbfgs""}",ok,757,2.5611837066172747,2.4112340097608387,2.5402906208718625,2.412931191958497,1.0082246832601545,0.9992966305034664,0.121168500278145,
7ade741e35a516af985f,home,random_forest,no_dratings,"{""criterion"":""poisson"",""max_depth"":null,""max_features"":0.6,""max_samples"":null,""min_samples_leaf"":8,""n_estimators"":400}",ok,757,2.558911834118484,2.411347966688511,2.5402906208718625,2.412931191958497,1.0073303475963038,0.9993438580945606,6.08292659977451,
40b59ba8b8067c9bc63c,home,tweedie_glm,all,"{""alpha"":1.0,""power"":1.8,""solver"":""lbfgs""}",ok,757,2.535667700578598,2.411561925171036,2.5402906208718625,2.412931191958497,0.998180160862194,0.9994325296999664,0.1963512003421783,
d81bf1fb531effa7a747,home,extra_trees,no_dratings,"{""criterion"":""poisson"",""max_depth"":22,""max_features"":1.0,""max_samples"":null,""min_samples_leaf"":4,""n_estimators"":400}",ok,757,2.558626979212117,2.4116983019273905,2.5402906208718625,2.412931191958497,1.007218212825571,0.9994890488235988,3.180164199788124,
51b0b3007369b133c21e,home,xgboost,all,"{""colsample_bytree"":0.9,""learning_rate"":0.025,""max_depth"":2,""min_child_weight"":1.0,""n_estimators"":500,""objective"":""count:poisson"",""reg_lambda"":1.0,""subsample"":0.9,""tweedie_variance_power"":null}",ok,757,2.561262694816136,2.411942812034992,2.5402906208718625,2.412931191958497,1.0082557774185206,0.9995903820520042,5.6261191996745765,
1e3f95114ed0685f87eb,home,random_forest,no_dratings,"{""criterion"":""squared_error"",""max_depth"":null,""max_features"":0.6,""max_samples"":null,""min_samples_leaf"":8,""n_estimators"":400}",ok,757,2.568930306451444,2.412070217380444,2.5402906208718625,2.412931191958497,1.0112741767986184,0.9996431831206284,5.49488880019635,
f4efdb4a9a71980855ed,home,extra_trees,no_dratings_prob,"{""criterion"":""poisson"",""max_depth"":null,""max_features"":0.6,""max_samples"":null,""min_samples_leaf"":2,""n_estimators"":400}",ok,757,2.55267267742532,2.412081580210023,2.5402906208718625,2.412931191958497,1.0048742677124114,0.9996478922601252,2.628499699756503,
bd8884d7c36afc4ef558,home,random_forest,no_dratings,"{""criterion"":""squared_error"",""max_depth"":null,""max_features"":1.0,""max_samples"":null,""min_samples_leaf"":8,""n_estimators"":400}",ok,757,2.5747126397441598,2.4121786238697736,2.5402906208718625,2.412931191958497,1.013550425525912,0.9996881104230276,9.456153499893844,
6589682efdee79c82ca8,home,poisson_glm,pitcher_only,"{""alpha"":3.3333333333333335,""solver"":""lbfgs""}",ok,757,2.548986476282992,2.4122437852470773,2.5402906208718625,2.412931191958497,1.003423173450975,0.999715115493674,0.1371829998679459,
a66c6ccbdf7e79c57325,home,xgboost,all,"{""colsample_bytree"":0.9,""learning_rate"":0.025,""max_depth"":3,""min_child_weight"":1.0,""n_estimators"":500,""objective"":""count:poisson"",""reg_lambda"":0.5,""subsample"":0.9,""tweedie_variance_power"":null}",ok,757,2.5532270384905678,2.412255170164804,2.5402906208718625,2.412931191958497,1.005092495131232,0.9997198337872434,6.957136999815702,
2c7aa597520eac5d5389,home,extra_trees,no_dratings,"{""criterion"":""squared_error"",""max_depth"":8,""max_features"":0.8,""max_samples"":null,""min_samples_leaf"":2,""n_estimators"":400}",ok,757,2.5762254928539163,2.412347909126904,2.5402906208718625,2.412931191958497,1.0141459688457697,0.9997582679383742,3.701247700024396,
1e682d3318c0fb588fdf,home,extra_trees,all,"{""criterion"":""poisson"",""max_depth"":14,""max_features"":0.6,""max_samples"":null,""min_samples_leaf"":2,""n_estimators"":400}",ok,757,2.554586217519017,2.4124105307805404,2.5402906208718625,2.412931191958497,1.0056275437659368,0.999784220461946,2.7727109999395907,
27781647daa3f8a96e13,home,extra_trees,no_dratings_prob,"{""criterion"":""poisson"",""max_depth"":null,""max_features"":1.0,""max_samples"":null,""min_samples_leaf"":8,""n_estimators"":400}",ok,757,2.5516157075377186,2.4125683150412027,2.5402906208718625,2.412931191958497,1.0044581854425654,0.9998496115767812,2.2070488003082573,
717eadb6ee95d374ba96,home,tweedie_glm,pitcher_only,"{""alpha"":1.0,""power"":1.8,""solver"":""lbfgs""}",ok,757,2.5453529394259764,2.412696839229951,2.5402906208718625,2.412931191958497,1.001992810788073,0.9999028763317714,0.0752811999991536,
4d2a0993a13d1793a0d4,home,extra_trees,no_dratings_prob,"{""criterion"":""squared_error"",""max_depth"":14,""max_features"":1.0,""max_samples"":null,""min_samples_leaf"":8,""n_estimators"":400}",ok,757,2.5574200822727864,2.4131551822357875,2.5402906208718625,2.412931191958497,1.006743110910296,1.000092829119221,2.367550500202924,
9d9e0c329fffda2e2d48,home,random_forest,all,"{""criterion"":""poisson"",""max_depth"":10,""max_features"":0.4,""max_samples"":null,""min_samples_leaf"":2,""n_estimators"":400}",ok,757,2.5692458991576927,2.4138167399343526,2.5402906208718625,2.412931191958497,1.0113984116809014,1.0003670009235268,9.438383299857378,
e7658159ddb82c1e9013,home,extra_trees,no_dratings_prob,"{""criterion"":""squared_error"",""max_depth"":14,""max_features"":0.6,""max_samples"":null,""min_samples_leaf"":8,""n_estimators"":400}",ok,757,2.554135193966921,2.41389258790772,2.5402906208718625,2.412931191958497,1.005449995752969,1.0003984348797126,1.8012093999423089,
e86736c57592e5c7703e,home,random_forest,no_dratings,"{""criterion"":""squared_error"",""max_depth"":14,""max_features"":1.0,""max_samples"":null,""min_samples_leaf"":8,""n_estimators"":400}",ok,757,2.5757575284952114,2.414182328259902,2.5402906208718625,2.412931191958497,1.0139617519869346,1.0005185130456995,11.02265840023756,
f89ecc6e390ae74adfa9,home,poisson_glm,pitcher_only,"{""alpha"":30.0,""solver"":""lbfgs""}",ok,757,2.564408516244615,2.414197475933446,2.5402906208718625,2.412931191958497,1.0094941481004542,1.0005247907520816,0.127365699969232,
9a88b1b51b41611b6900,home,xgboost,all,"{""colsample_bytree"":0.7,""learning_rate"":0.025,""max_depth"":3,""min_child_weight"":1.0,""n_estimators"":500,""objective"":""count:poisson"",""reg_lambda"":1.0,""subsample"":0.9,""tweedie_variance_power"":null}",ok,757,2.5581634958007693,2.414498188439393,2.5402906208718625,2.412931191958497,1.0070357599174116,1.000649416148342,3.7932432000525296,
6bbdf89669ac89ffe56b,home,poisson_glm,no_dratings,"{""alpha"":10.0,""solver"":""lbfgs""}",ok,757,2.551773467926412,2.414536583719109,2.5402906208718625,2.412931191958497,1.004520288726102,1.0006653284461495,0.228734300006181,
90787d832c1dba38ca61,home,tweedie_glm,dratings_plus_bullpen,"{""alpha"":1.0,""power"":1.95,""solver"":""lbfgs""}",ok,757,2.5499384978036037,2.415137779862341,2.5402906208718625,2.412931191958497,1.0037979421930985,1.0009144843877846,0.0913673001341521,
12cd32904fabaab676fb,home,tweedie_glm,dratings_plus_bullpen,"{""alpha"":1.0,""power"":1.9,""solver"":""lbfgs""}",ok,757,2.549717675539682,2.4152391844087155,2.5402906208718625,2.412931191958497,1.00371101424001,1.0009565098490625,0.0900408998131752,
29d511655edfa748a9f3,home,tweedie_glm,dratings_plus_bullpen,"{""alpha"":1.0,""power"":1.8,""solver"":""newton-cholesky""}",ok,757,2.5493082774646254,2.415521629324834,2.5402906208718625,2.412931191958497,1.0035498523352686,1.0010735645404931,0.0762986000627279,
2ff4d2a9e3f56f34a458,home,tweedie_glm,dratings_plus_bullpen,"{""alpha"":1.0,""power"":1.8,""solver"":""lbfgs""}",ok,757,2.549308312504217,2.41552165045178,2.5402906208718625,2.412931191958497,1.0035498661288051,1.0010735732962115,0.2243355996906757,
786fbbc824bbefe9dafa,home,random_forest,no_dratings_prob,"{""criterion"":""squared_error"",""max_depth"":14,""max_features"":0.6,""max_samples"":null,""min_samples_leaf"":8,""n_estimators"":400}",ok,757,2.5697321969406124,2.415535797050921,2.5402906208718625,2.412931191958497,1.0115898455975263,1.001079436123626,4.056049599777907,
bb334a4647f07672cf0a,home,extra_trees,no_dratings,"{""criterion"":""squared_error"",""max_depth"":14,""max_features"":0.6,""max_samples"":null,""min_samples_leaf"":2,""n_estimators"":400}",ok,757,2.5841785544150477,2.415705080343277,2.5402906208718625,2.412931191958497,1.0172767372294285,1.001149592824704,2.6171856997534637,
1d803e3408c23ac2caa9,home,extra_trees,no_dratings,"{""criterion"":""poisson"",""max_depth"":null,""max_features"":0.8,""max_samples"":null,""min_samples_leaf"":2,""n_estimators"":400}",ok,757,2.567331176217735,2.4157709683885127,2.5402906208718625,2.412931191958497,1.0106446699931488,1.0011768990510297,5.097966999746859,
7e35e7a6c0c4ad27063e,home,extra_trees,all,"{""criterion"":""poisson"",""max_depth"":null,""max_features"":1.0,""max_samples"":null,""min_samples_leaf"":2,""n_estimators"":400}",ok,757,2.552775074175421,2.41585094405969,2.5402906208718625,2.412931191958497,1.004914576781484,1.001210043664288,4.673049700446427,
31c5c00ef4ff8b959565,home,tweedie_glm,dratings_plus_bullpen,"{""alpha"":1.0,""power"":1.7,""solver"":""lbfgs""}",ok,757,2.54897570060709,2.415908011252863,2.5402906208718625,2.412931191958497,1.0034189315442368,1.0012336942322626,0.0957514997571706,
2e2b18a157f7cdd34430,home,extra_trees,no_dratings,"{""criterion"":""poisson"",""max_depth"":null,""max_features"":1.0,""max_samples"":null,""min_samples_leaf"":2,""n_estimators"":400}",ok,757,2.5756786500597597,2.4159804761063626,2.5402906208718625,2.412931191958497,1.013930701037565,1.0012637261095665,5.030744000338018,
8e72fcba8d98d221e13c,home,tweedie_glm,dratings_plus_bullpen,"{""alpha"":3.0,""power"":1.8,""solver"":""lbfgs""}",ok,757,2.5560584461216846,2.416006149288425,2.5402906208718625,2.412931191958497,1.0062070950151405,1.0012743659413812,0.0925885001197457,
6bc01cbd681f20bfef23,home,xgboost,dratings_plus_bullpen,"{""colsample_bytree"":0.9,""learning_rate"":0.025,""max_depth"":3,""min_child_weight"":1.0,""n_estimators"":500,""objective"":""count:poisson"",""reg_lambda"":1.0,""subsample"":0.9,""tweedie_variance_power"":null}",ok,757,2.531623328850165,2.416087532140133,2.5402906208718625,2.412931191958497,0.9965880706914068,1.0013080937376726,4.150566899683327,
50ad45d37c23864ca8f1,home,poisson_glm,dratings_plus_bullpen,"{""alpha"":10.0,""solver"":""lbfgs""}",ok,757,2.5581417010715346,2.4162124454850638,2.5402906208718625,2.412931191958497,1.0070271802970108,1.001359862037302,0.0742700998671352,
c2e8e863b3f54ce1f42b,home,tweedie_glm,dratings_plus_pitcher,"{""alpha"":1.0,""power"":1.2,""solver"":""lbfgs""}",ok,757,2.544881037447051,2.416254474813334,2.5402906208718625,2.412931191958497,1.0018070438624116,1.0013772804072956,0.1082238997332751,
b9730926b930c714020b,home,tweedie_glm,no_dratings_prob,"{""alpha"":1.0,""power"":1.5,""solver"":""lbfgs""}",ok,757,2.538079644064035,2.4163972567675263,2.5402906208718625,2.412931191958497,0.999129636274818,1.0014364540607623,0.1189802000299096,
ea114439dfb38a7f64aa,home,lightgbm,all,"{""colsample_bytree"":0.9,""learning_rate"":0.025,""min_child_samples"":10,""n_estimators"":500,""num_leaves"":7,""objective"":""poisson"",""reg_lambda"":1.0,""subsample"":0.9,""tweedie_variance_power"":null}",ok,757,2.56709311644742,2.416503629191472,2.5402906208718625,2.412931191958497,1.0105509563966182,1.00148053837792,0.8247062000446022,
9b1b59a5608d80543404,home,tweedie_glm,dratings_plus_bullpen,"{""alpha"":1.0,""power"":1.55,""solver"":""lbfgs""}",ok,757,2.548513655574374,2.41667531096547,2.5402906208718625,2.412931191958497,1.003237044862091,1.0015516890906175,0.0991009999997913,
2b9444a26c312a99a90a,home,tweedie_glm,dratings_plus_bullpen,"{""alpha"":1.0,""power"":1.5,""solver"":""lbfgs""}",ok,757,2.5483889424758224,2.4169792611496197,2.5402906208718625,2.412931191958497,1.003187950834216,1.0016776562898324,1.542403199709952,
0a9609f3228bd0056688,home,extra_trees,all,"{""criterion"":""poisson"",""max_depth"":14,""max_features"":1.0,""max_samples"":null,""min_samples_leaf"":2,""n_estimators"":400}",ok,757,2.5552937103311297,2.417118313517717,2.5402906208718625,2.412931191958497,1.005906052376841,1.0017352842771372,3.775709200184792,
b2189bf3664babdbd96d,home,xgboost,dratings_plus_bullpen,"{""colsample_bytree"":0.9,""learning_rate"":0.025,""max_depth"":3,""min_child_weight"":5.0,""n_estimators"":500,""objective"":""count:poisson"",""reg_lambda"":1.0,""subsample"":0.9,""tweedie_variance_power"":null}",ok,757,2.531857929897434,2.4172095629589285,2.5402906208718625,2.412931191958497,0.9966804227417356,1.0017731011206163,3.05784219969064,
35f64e061a746d1be902,home,xgboost,all,"{""colsample_bytree"":0.9,""learning_rate"":0.03,""max_depth"":3,""min_child_weight"":1.0,""n_estimators"":500,""objective"":""count:poisson"",""reg_lambda"":1.0,""subsample"":0.9,""tweedie_variance_power"":null}",ok,757,2.55792835083159,2.4175454934978884,2.5402906208718625,2.412931191958497,1.0069431937490971,1.0019123220565798,7.001110699959099,
ee25cf08b50443690831,home,extra_trees,no_dratings_prob,"{""criterion"":""squared_error"",""max_depth"":14,""max_features"":0.6,""max_samples"":null,""min_samples_leaf"":2,""n_estimators"":400}",ok,757,2.571304162042791,2.417745431833626,2.5402906208718625,2.412931191958497,1.012208658692872,1.001995183240688,2.058198200073093,
27f4f2849e39664f87a7,home,extra_trees,no_dratings_prob,"{""criterion"":""poisson"",""max_depth"":null,""max_features"":1.0,""max_samples"":null,""min_samples_leaf"":2,""n_estimators"":400}",ok,757,2.5655998288461137,2.418096236154609,2.5402906208718625,2.412931191958497,1.0099631151515902,1.0021405683731577,3.795223600231111,
471da71031b8a9e30518,home,extra_trees,dratings_plus_pitcher,"{""criterion"":""squared_error"",""max_depth"":14,""max_features"":0.6,""max_samples"":null,""min_samples_leaf"":8,""n_estimators"":400}",ok,757,2.557265069038264,2.418127583950003,2.5402906208718625,2.412931191958497,1.0066820890597843,1.0021535599559672,1.4694651998579502,
e430239be42a6bb63492,home,extra_trees,no_dratings,"{""criterion"":""squared_error"",""max_depth"":null,""max_features"":0.6,""max_samples"":null,""min_samples_leaf"":2,""n_estimators"":400}",ok,757,2.5831445398502866,2.4181879570339384,2.5402906208718625,2.412931191958497,1.016869691454325,1.0021785805964796,4.165530699770898,
7da2ebd0b347f14c7866,home,extra_trees,no_dratings,"{""criterion"":""poisson"",""max_depth"":8,""max_features"":1.0,""max_samples"":null,""min_samples_leaf"":2,""n_estimators"":400}",ok,757,2.577758570250793,2.418213879341074,2.5402906208718625,2.412931191958497,1.0147494735724654,1.0021893236741195,2.305583000183105,
0dea1409e7cca90283f3,home,poisson_glm,dratings_plus_pitcher,"{""alpha"":100.0,""solver"":""lbfgs""}",ok,757,2.569245436908173,2.418254726605692,2.5402906208718625,2.412931191958497,1.0113982297137218,1.002206252157101,0.0774142001755535,
4ef3ec42d8bea3a6e8b5,home,extra_trees,dratings_plus_bullpen,"{""criterion"":""poisson"",""max_depth"":14,""max_features"":0.6,""max_samples"":null,""min_samples_leaf"":8,""n_estimators"":400}",ok,757,2.5485416898171773,2.4182552357266536,2.5402906208718625,2.412931191958497,1.003248080702862,1.0022064631539849,1.5393995000049472,
d277dcf05d49a9f6d098,home,random_forest,no_dratings_prob,"{""criterion"":""squared_error"",""max_depth"":null,""max_features"":0.6,""max_samples"":null,""min_samples_leaf"":8,""n_estimators"":400}",ok,757,2.572039996644685,2.418378238166488,2.5402906208718625,2.412931191958497,1.0124983242121823,1.002257439510146,4.072667500004172,
393762cbd86d7d4dee45,home,random_forest,all,"{""criterion"":""squared_error"",""max_depth"":14,""max_features"":1.0,""max_samples"":null,""min_samples_leaf"":8,""n_estimators"":400}",ok,757,2.5754086581842133,2.4184353786044386,2.5402906208718625,2.412931191958497,1.0138244171843211,1.0022811204332247,7.427993999794126,
54c932863e2f760e51c3,home,tweedie_glm,pitcher_only,"{""alpha"":1.0,""power"":1.5,""solver"":""lbfgs""}",ok,757,2.5476477306363057,2.418465838162122,2.5402906208718625,2.412931191958497,1.0028961685344169,1.0022937439003938,0.07888950034976,
d1c8f6e5bfda8081c7ed,home,extra_trees,dratings_plus_bullpen,"{""criterion"":""poisson"",""max_depth"":null,""max_features"":0.6,""max_samples"":null,""min_samples_leaf"":8,""n_estimators"":400}",ok,757,2.54866907667414,2.418469633723048,2.5402906208718625,2.412931191958497,1.0032982272710993,1.0022953169087492,1.5350850000977516,
220a69e13409caeade11,home,xgboost,all,"{""colsample_bytree"":0.9,""learning_rate"":0.025,""max_depth"":3,""min_child_weight"":1.0,""n_estimators"":500,""objective"":""count:poisson"",""reg_lambda"":1.0,""subsample"":0.75,""tweedie_variance_power"":null}",ok,757,2.553956184865934,2.418650343891676,2.5402906208718625,2.412931191958497,1.005379527791738,1.002370209292432,4.211247300263494,
f387d9ab5636f6670deb,home,tweedie_glm,all,"{""alpha"":1.0,""power"":1.5,""solver"":""lbfgs""}",ok,757,2.538266486231364,2.419063809229234,2.5402906208718625,2.412931191958497,0.9992031877676248,1.0025415632618015,0.2032546000555157,
fba461e3c57e41f6e618,home,tweedie_glm,dratings_plus_bullpen,"{""alpha"":1.0,""power"":1.2,""solver"":""lbfgs""}",ok,757,2.5480607824081964,2.4192694266601507,2.5402906208718625,2.412931191958497,1.003058768737912,1.0026267780543336,0.0943566001951694,
48193851f0b5b487b8c0,home,random_forest,all,"{""criterion"":""squared_error"",""max_depth"":null,""max_features"":1.0,""max_samples"":null,""min_samples_leaf"":8,""n_estimators"":400}",ok,757,2.5763544526213744,2.419721812875032,2.5402906208718625,2.412931191958497,1.0141967345992615,1.0028142621468716,7.992964999750256,
feac8281988750db232b,home,xgboost,all,"{""colsample_bytree"":0.9,""learning_rate"":0.025,""max_depth"":3,""min_child_weight"":1.0,""n_estimators"":500,""objective"":""count:poisson"",""reg_lambda"":0.0,""subsample"":0.9,""tweedie_variance_power"":null}",ok,757,2.56512596144229,2.4204567026605903,2.5402906208718625,2.412931191958497,1.009776574525124,1.0031188252392664,7.41021510027349,
e20902329ce939afe3d6,home,extra_trees,dratings_plus_pitcher,"{""criterion"":""squared_error"",""max_depth"":null,""max_features"":0.6,""max_samples"":null,""min_samples_leaf"":8,""n_estimators"":400}",ok,757,2.561810002953177,2.420722081361563,2.5402906208718625,2.412931191958497,1.008471228411625,1.0032288071160216,1.484025999903679,
652197d8f19faab4cf80,home,tweedie_glm,dratings_plus_bullpen,"{""alpha"":10.0,""power"":1.8,""solver"":""lbfgs""}",ok,757,2.5661468250735444,2.420753742116148,2.5402906208718625,2.412931191958497,1.0101784433596843,1.003241928399666,0.0897873002104461,
7076e8e66695a68560ef,home,extra_trees,dratings_plus_pitcher,"{""criterion"":""poisson"",""max_depth"":null,""max_features"":0.6,""max_samples"":null,""min_samples_leaf"":8,""n_estimators"":400}",ok,757,2.557706342188319,2.420816803131044,2.5402906208718625,2.412931191958497,1.0068557987709608,1.0032680630093502,1.6914834999479351,
9b7dd568d766bdd9b0cb,home,extra_trees,bullpen_only,"{""criterion"":""poisson"",""max_depth"":14,""max_features"":0.6,""max_samples"":null,""min_samples_leaf"":8,""n_estimators"":250}",ok,757,2.5461151354872342,2.420836916038379,2.5402906208718625,2.412931191958497,1.0022928536473408,1.0032763984759403,1.471777900122106,
e0856774cd861d7f9bc5,home,tweedie_glm,dratings_plus_bullpen,"{""alpha"":0.3333333333333333,""power"":1.8,""solver"":""lbfgs""}",ok,757,2.546516857931857,2.4209402654358376,2.5402906208718625,2.412931191958497,1.0024509939960562,1.003319229949048,0.1058312002569437,
e06439dee94fe4e12a3a,home,poisson_glm,dratings_plus_pitcher,"{""alpha"":1.0,""solver"":""lbfgs""}",ok,757,2.5474331920463684,2.421082401370799,2.5402906208718625,2.412931191958497,1.0028117141857,1.003378135870375,0.0906541999429464,
64a6f98d74578422fb8a,home,poisson_glm,dratings_plus_bullpen,"{""alpha"":1.0,""solver"":""lbfgs""}",ok,757,2.5482505654482472,2.421190322946365,2.5402906208718625,2.412931191958497,1.003133477922165,1.0034228622081691,0.0964635000564158,
601af36e21f33a87d080,home,extra_trees,no_dratings,"{""criterion"":""squared_error"",""max_depth"":8,""max_features"":0.6,""max_samples"":null,""min_samples_leaf"":2,""n_estimators"":400}",ok,757,2.578131108818337,2.4216889609807155,2.5402906208718625,2.412931191958497,1.014896125520271,1.0036295146133487,3.3495280002243817,
9feac8fc879903609a87,home,poisson_glm,pitcher_only,"{""alpha"":100.0,""solver"":""lbfgs""}",ok,757,2.571825970999855,2.422178359184654,2.5402906208718625,2.412931191958497,1.0124140717872545,1.0038323377214298,0.1340318997390568,
b6064795776a136ae0c1,home,tweedie_glm,dratings_plus_pitcher,"{""alpha"":0.3333333333333333,""power"":1.8,""solver"":""lbfgs""}",ok,757,2.543694863069901,2.422347715446925,2.5402906208718625,2.412931191958497,1.001340099502816,1.0039025246636997,0.1628006002865731,
73d419635d743b3ecef4,home,extra_trees,dratings_plus_bullpen,"{""criterion"":""squared_error"",""max_depth"":14,""max_features"":0.6,""max_samples"":null,""min_samples_leaf"":8,""n_estimators"":400}",ok,757,2.5529457512433744,2.422900714878636,2.5402906208718625,2.412931191958497,1.0049817647900336,1.0041317062638853,1.48771410016343,
cdae56518c792357e352,home,tweedie_glm,no_dratings,"{""alpha"":1.0,""power"":1.8,""solver"":""lbfgs""}",ok,757,2.5438342710288384,2.4242346824679286,2.5402906208718625,2.412931191958497,1.0013949782469218,1.00468454738664,0.2150860000401735,
b8c9ed0bafe96325a77c,home,random_forest,dratings_plus_bullpen,"{""criterion"":""poisson"",""max_depth"":14,""max_features"":0.6,""max_samples"":null,""min_samples_leaf"":8,""n_estimators"":400}",ok,757,2.551907395281208,2.4244251015958485,2.5402906208718625,2.412931191958497,1.0045730099988943,1.0047634634902385,3.433670799713582,
85d2fc25ea23cb6568a2,home,extra_trees,dratings_plus_bullpen,"{""criterion"":""squared_error"",""max_depth"":null,""max_features"":0.6,""max_samples"":null,""min_samples_leaf"":8,""n_estimators"":400}",ok,757,2.5549049672400197,2.4248377911396912,2.5402906208718625,2.412931191958497,1.0057530214252182,1.0049344959445488,1.4550518998876214,
e78e4072948587c5f1e6,home,hist_gradient_boosting,no_dratings_prob,"{""l2_regularization"":5.0,""learning_rate"":0.025,""loss"":""squared_error"",""max_iter"":300,""max_leaf_nodes"":7,""min_samples_leaf"":10}",ok,757,2.5729666843723678,2.425101047199249,2.5402906208718625,2.412931191958497,1.012863120161145,1.00504359812717,2.8559290999546647,
9c2d28dd5a16f0c67c6f,home,extra_trees,all,"{""criterion"":""poisson"",""max_depth"":14,""max_features"":0.6,""max_samples"":null,""min_samples_leaf"":1,""n_estimators"":400}",ok,757,2.582780602496657,2.425822547220564,2.5402906208718625,2.412931191958497,1.016726425423801,1.0053426120500366,3.985932799987495,
6076b9864c22fbcc7e2c,home,extra_trees,bullpen_only,"{""criterion"":""poisson"",""max_depth"":14,""max_features"":0.6,""max_samples"":null,""min_samples_leaf"":8,""n_estimators"":400}",ok,757,2.5462739528773684,2.425849538194823,2.5402906208718625,2.412931191958497,1.0023553730255683,1.005353798019346,1.5802547000348568,
75d4ccbd66eb95fee107,home,extra_trees,all,"{""criterion"":""squared_error"",""max_depth"":14,""max_features"":0.6,""max_samples"":null,""min_samples_leaf"":2,""n_estimators"":400}",ok,757,2.57755362690234,2.42595505806886,2.5402906208718625,2.412931191958497,1.014668796445695,1.005397529011091,2.5549889001995325,
b922c755423b9ed0c8af,home,tweedie_glm,pitcher_only,"{""alpha"":1.0,""power"":1.2,""solver"":""lbfgs""}",ok,757,2.551534748469285,2.425965244607072,2.5402906208718625,2.412931191958497,1.004426315440067,1.0054017506558053,0.0846577999182045,
dfdda3ed10c319c915f4,home,tweedie_glm,no_dratings_prob,"{""alpha"":1.0,""power"":1.2,""solver"":""lbfgs""}",ok,757,2.5421429526596246,2.4260579037969268,2.5402906208718625,2.412931191958497,1.0007291810521768,1.0054401517466294,0.1250015003606677,
3e288b0aaf31b3cda9a6,home,extra_trees,dratings_plus_bullpen,"{""criterion"":""poisson"",""max_depth"":14,""max_features"":1.0,""max_samples"":null,""min_samples_leaf"":8,""n_estimators"":400}",ok,757,2.5560488841709508,2.426401739822881,2.5402906208718625,2.412931191958497,1.006203330898289,1.0055826489828128,1.6910542999394238,
e50a97cd3f75a45fd1df,home,hist_gradient_boosting,no_dratings_prob,"{""l2_regularization"":5.0,""learning_rate"":0.025,""loss"":""squared_error"",""max_iter"":300,""max_leaf_nodes"":15,""min_samples_leaf"":5}",ok,757,2.567231448148427,2.4264040934739497,2.5402906208718625,2.412931191958497,1.0106054114656051,1.005583624415132,2.8165874001570046,
536b2c338a6f5e885575,home,xgboost,no_dratings,"{""colsample_bytree"":0.9,""learning_rate"":0.025,""max_depth"":3,""min_child_weight"":1.0,""n_estimators"":500,""objective"":""count:poisson"",""reg_lambda"":1.0,""subsample"":0.9,""tweedie_variance_power"":null}",ok,757,2.5737784718270347,2.426425120445081,2.5402906208718625,2.412931191958497,1.0131826849573922,1.0055923387005627,3.2693469002842903,
70d32582e9f956ce604b,home,xgboost,no_dratings,"{""colsample_bytree"":0.9,""learning_rate"":0.025,""max_depth"":3,""min_child_weight"":5.0,""n_estimators"":500,""objective"":""count:poisson"",""reg_lambda"":1.0,""subsample"":0.9,""tweedie_variance_power"":null}",ok,757,2.573779391486547,2.426425434047235,2.5402906208718625,2.412931191958497,1.013183046986644,1.0055924686678634,3.233423499856144,
4c627cc2d7deda21711e,home,random_forest,dratings_plus_bullpen,"{""criterion"":""poisson"",""max_depth"":null,""max_features"":0.6,""max_samples"":null,""min_samples_leaf"":8,""n_estimators"":400}",ok,757,2.5525799425638662,2.4266863146793884,2.5402906208718625,2.412931191958497,1.0048377621013245,1.0057005863933182,3.4662067000754178,
d118eed8386c2a654200,home,extra_trees,dratings_plus_pitcher,"{""criterion"":""poisson"",""max_depth"":14,""max_features"":0.6,""max_samples"":null,""min_samples_leaf"":8,""n_estimators"":400}",ok,757,2.5636574071875025,2.426720143126172,2.5402906208718625,2.412931191958497,1.0091984697040766,1.0057146060416595,1.584403600078076,
9181657af2dbdc43099b,home,extra_trees,no_dratings,"{""criterion"":""poisson"",""max_depth"":22,""max_features"":0.8,""max_samples"":null,""min_samples_leaf"":2,""n_estimators"":400}",ok,757,2.571004151155953,2.426776000416001,2.5402906208718625,2.412931191958497,1.0120905576833368,1.0057377551849154,3.2814913000911474,
bfd1b5f9ba544eacf06a,home,extra_trees,no_dratings,"{""criterion"":""poisson"",""max_depth"":14,""max_features"":1.0,""max_samples"":null,""min_samples_leaf"":2,""n_estimators"":400}",ok,757,2.5807899312552958,2.4270944507411945,2.5402906208718625,2.412931191958497,1.0159427862507846,1.0058697317312233,6.680037599988282,
cb2205ccc8b99ac9858f,home,extra_trees,dratings_plus_bullpen,"{""criterion"":""poisson"",""max_depth"":14,""max_features"":0.6,""max_samples"":null,""min_samples_leaf"":2,""n_estimators"":400}",ok,757,2.541700148248033,2.427273731229175,2.5402906208718625,2.412931191958497,1.000554868551098,1.0059440316070665,1.6904058000072837,
c09180f229f5370f757b,home,random_forest,no_dratings_prob,"{""criterion"":""poisson"",""max_depth"":8,""max_features"":0.6,""max_samples"":null,""min_samples_leaf"":2,""n_estimators"":400}",ok,757,2.584726710960644,2.4272812606544854,2.5402906208718625,2.412931191958497,1.017492522203436,1.0059471520546517,11.086928999982774,
f9ee94d5c4ac46c8e524,home,extra_trees,dratings_plus_bullpen,"{""criterion"":""squared_error"",""max_depth"":null,""max_features"":1.0,""max_samples"":null,""min_samples_leaf"":8,""n_estimators"":400}",ok,757,2.5575447248523147,2.42728285464444,2.5402906208718625,2.412931191958497,1.0067921771779522,1.005947812657805,1.6921584997326136,
84e7742d23f97b2dccf9,home,extra_trees,bullpen_only,"{""criterion"":""poisson"",""max_depth"":8,""max_features"":0.6,""max_samples"":null,""min_samples_leaf"":8,""n_estimators"":400}",ok,757,2.5544656593895527,2.4274553429522743,2.5402906208718625,2.412931191958497,1.005580085365518,1.0060192976253035,2.012031000107527,
04ba5d36f2520d0fbce1,home,extra_trees,no_dratings,"{""criterion"":""absolute_error"",""max_depth"":null,""max_features"":1.0,""max_samples"":null,""min_samples_leaf"":8,""n_estimators"":400}",ok,757,2.5149009247027743,2.427560661563058,2.5402906208718625,2.412931191958497,0.9900052002080084,1.0060629452067742,27.99263780005276,
7ae81cdbd39e2703f7d8,home,xgboost,all,"{""colsample_bytree"":0.9,""learning_rate"":0.0375,""max_depth"":3,""min_child_weight"":1.0,""n_estimators"":500,""objective"":""count:poisson"",""reg_lambda"":1.0,""subsample"":0.9,""tweedie_variance_power"":null}",ok,757,2.5582341042346024,2.4281442096046173,2.5402906208718625,2.412931191958497,1.0070635553331222,1.0063047871803474,6.966933300253004,
b3348790ee3b8fdbc300,home,extra_trees,no_dratings_prob,"{""criterion"":""squared_error"",""max_depth"":null,""max_features"":0.6,""max_samples"":null,""min_samples_leaf"":2,""n_estimators"":400}",ok,757,2.5766134737400423,2.428286687271565,2.5402906208718625,2.412931191958497,1.0142986997510204,1.0063638347269257,2.4406014000996947,
c41a080b4f1a79ba6f9c,home,tweedie_glm,all,"{""alpha"":1.0,""power"":1.2,""solver"":""lbfgs""}",ok,757,2.542266882759084,2.428516633118649,2.5402906208718625,2.412931191958497,1.0007779668479595,1.0064591320349678,0.2198282000608742,
8c5b70a485d819a0da4f,home,extra_trees,pitcher_only,"{""criterion"":""poisson"",""max_depth"":null,""max_features"":0.6,""max_samples"":null,""min_samples_leaf"":8,""n_estimators"":400}",ok,757,2.555979847643741,2.4288164785882,2.5402906208718625,2.412931191958497,1.0061761542726533,1.006583398102127,1.6530573000200093,
b1f6ca4233b3497b522a,home,extra_trees,bullpen_only,"{""criterion"":""poisson"",""max_depth"":14,""max_features"":0.6,""max_samples"":null,""min_samples_leaf"":8,""n_estimators"":500}",ok,757,2.547846910697151,2.4288187510525643,2.5402906208718625,2.412931191958497,1.002974576909903,1.0065843398879402,2.7105979002080858,
cfcd1c374fd1676eef70,home,random_forest,all,"{""criterion"":""poisson"",""max_depth"":null,""max_features"":0.4,""max_samples"":null,""min_samples_leaf"":2,""n_estimators"":400}",ok,757,2.576319694636802,2.429124666396632,2.5402906208718625,2.412931191958497,1.0141830519189077,1.0067111215156497,11.904117200057954,
6c44a71378da347a7efa,home,extra_trees,dratings_plus_bullpen,"{""criterion"":""squared_error"",""max_depth"":14,""max_features"":1.0,""max_samples"":null,""min_samples_leaf"":8,""n_estimators"":400}",ok,757,2.5558177621707645,2.429216028655829,2.5402906208718625,2.412931191958497,1.0061123483948355,1.0067489851147036,1.6969186998903751,
a76ef2e01aaca2bae464,home,extra_trees,no_dratings,"{""criterion"":""absolute_error"",""max_depth"":14,""max_features"":1.0,""max_samples"":null,""min_samples_leaf"":8,""n_estimators"":400}",ok,757,2.5100511889035664,2.429505024958216,2.5402906208718625,2.412931191958497,0.9880960738429536,1.006868754921381,40.28060869965702,
9bbcc70a8e00615b84bf,home,extra_trees,dratings_plus_bullpen,"{""criterion"":""poisson"",""max_depth"":null,""max_features"":1.0,""max_samples"":null,""min_samples_leaf"":8,""n_estimators"":400}",ok,757,2.5579001269664183,2.429714516259648,2.5402906208718625,2.412931191958497,1.0069320832623914,1.0069555751764014,1.9008695003576577,
21bbb64348fd07d20ce4,home,extra_trees,bullpen_only,"{""criterion"":""poisson"",""max_depth"":14,""max_features"":0.4,""max_samples"":null,""min_samples_leaf"":8,""n_estimators"":400}",ok,757,2.553078424773173,2.429948215352716,2.5402906208718625,2.412931191958497,1.0050339924874112,1.0070524279560606,1.6000191001221538,
537432c1aa15bc46bc82,home,extra_trees,dratings_plus_pitcher,"{""criterion"":""poisson"",""max_depth"":null,""max_features"":1.0,""max_samples"":null,""min_samples_leaf"":8,""n_estimators"":400}",ok,757,2.562188991528151,2.430167518618481,2.5402906208718625,2.412931191958497,1.008620419441919,1.0071433146197564,2.099026800133288,
fd572495aa7447ae20ba,home,random_forest,dratings_plus_pitcher,"{""criterion"":""poisson"",""max_depth"":14,""max_features"":0.6,""max_samples"":null,""min_samples_leaf"":8,""n_estimators"":400}",ok,757,2.565861270790854,2.430581066443452,2.5402906208718625,2.412931191958497,1.010066033275443,1.00731470277469,3.5142276999540627,
e0d19dc6932c89e85559,home,extra_trees,no_dratings,"{""criterion"":""squared_error"",""max_depth"":22,""max_features"":0.6,""max_samples"":null,""min_samples_leaf"":2,""n_estimators"":400}",ok,757,2.5883378899286584,2.4307279360886254,2.5402906208718625,2.412931191958497,1.0189140835548594,1.0073755705050518,5.25698160007596,
b9a619663997e994a719,home,extra_trees,bullpen_only,"{""criterion"":""squared_error"",""max_depth"":14,""max_features"":0.6,""max_samples"":null,""min_samples_leaf"":8,""n_estimators"":400}",ok,757,2.549807819143721,2.430757816841221,2.5402906208718625,2.412931191958497,1.003746499787726,1.0073879540958874,1.564893200062215,
7eedff49a084f9bbea26,home,extra_trees,bullpen_only,"{""criterion"":""poisson"",""max_depth"":14,""max_features"":0.6,""max_samples"":null,""min_samples_leaf"":8,""n_estimators"":800}",ok,757,2.5489816021107017,2.430850283641241,2.5402906208718625,2.412931191958497,1.003421254705045,1.0074262754538803,4.169359699822962,
239d5c81a2b787d6d3f8,home,extra_trees,pitcher_only,"{""criterion"":""squared_error"",""max_depth"":null,""max_features"":1.0,""max_samples"":null,""min_samples_leaf"":8,""n_estimators"":400}",ok,757,2.5631635154005425,2.431146660027274,2.5402906208718625,2.412931191958497,1.009004046364124,1.0075491038159246,1.861722500063479,
6a432baf7a8b76c65f51,home,extra_trees,bullpen_only,"{""criterion"":""poisson"",""max_depth"":22,""max_features"":0.6,""max_samples"":null,""min_samples_leaf"":8,""n_estimators"":400}",ok,757,2.54716096606024,2.4312741141012246,2.5402906208718625,2.412931191958497,1.0027045508619874,1.0076019250792805,2.2460167999379337,
33b60b81c4bdc3d05bcf,home,extra_trees,pitcher_only,"{""criterion"":""squared_error"",""max_depth"":null,""max_features"":0.6,""max_samples"":null,""min_samples_leaf"":8,""n_estimators"":400}",ok,757,2.56035590998183,2.431353159042577,2.5402906208718625,2.412931191958497,1.007898816357902,1.007634683966735,1.720697599928826,
feba790929a3310cf5f1,home,poisson_glm,pitcher_only,"{""alpha"":1.0,""solver"":""lbfgs""}",ok,757,2.554780692313416,2.431740177957368,2.5402906208718625,2.412931191958497,1.0057040998862483,1.0077950776472844,0.09176109964028,
06143f7d525188a7a200,home,tweedie_glm,dratings_plus_bullpen,"{""alpha"":0.1,""power"":1.8,""solver"":""lbfgs""}",ok,757,2.5484849389940893,2.4318255731778686,2.5402906208718625,2.412931191958497,1.00322574041525,1.0078304683044177,0.2693755999207496,
b68362a88c4671622184,home,lightgbm,all,"{""colsample_bytree"":0.9,""learning_rate"":0.025,""min_child_samples"":10,""n_estimators"":250,""num_leaves"":15,""objective"":""poisson"",""reg_lambda"":1.0,""subsample"":0.9,""tweedie_variance_power"":null}",ok,757,2.5796359231535053,2.4318724317617963,2.5402906208718625,2.412931191958497,1.015488504330319,1.007849888080698,1.6493576997891068,
8836dc8abc684b19f1d7,home,extra_trees,pitcher_only,"{""criterion"":""poisson"",""max_depth"":14,""max_features"":1.0,""max_samples"":null,""min_samples_leaf"":8,""n_estimators"":400}",ok,757,2.5593935970917823,2.4318751664499416,2.5402906208718625,2.412931191958497,1.0075199963590635,1.0078510214276224,1.8366821999661624,
234d582258b4fd54feab,home,xgboost,all,"{""colsample_bytree"":0.9,""learning_rate"":0.025,""max_depth"":4,""min_child_weight"":1.0,""n_estimators"":500,""objective"":""count:poisson"",""reg_lambda"":1.0,""subsample"":0.9,""tweedie_variance_power"":null}",ok,757,2.5509650080490616,2.432041878866928,2.5402906208718625,2.412931191958497,1.0042020338497866,1.0079201126713104,4.421087500173599,
a9557d818107003d609e,home,extra_trees,pitcher_only,"{""criterion"":""poisson"",""max_depth"":null,""max_features"":1.0,""max_samples"":null,""min_samples_leaf"":8,""n_estimators"":400}",ok,757,2.5578619017393622,2.432199717630866,2.5402906208718625,2.412931191958497,1.0069170356821098,1.0079855263741395,5.100111300125718,
0ad526b877977975ee24,home,extra_trees,bullpen_only,"{""criterion"":""poisson"",""max_depth"":null,""max_features"":0.6,""max_samples"":null,""min_samples_leaf"":8,""n_estimators"":400}",ok,757,2.547840293622601,2.432334871741841,2.5402906208718625,2.412931191958497,1.0029719720604833,1.0080415387923245,2.174188600387424,
ef8601fa6c62e5229551,home,extra_trees,bullpen_only,"{""criterion"":""poisson"",""max_depth"":32,""max_features"":0.6,""max_samples"":null,""min_samples_leaf"":8,""n_estimators"":400}",ok,757,2.547840293622601,2.4323348717418414,2.5402906208718625,2.412931191958497,1.0029719720604833,1.0080415387923247,2.2015836997888982,
305a49a5f1fcf095c0e7,home,random_forest,all,"{""criterion"":""poisson"",""max_depth"":10,""max_features"":0.6,""max_samples"":null,""min_samples_leaf"":2,""n_estimators"":400}",ok,757,2.5823944211065943,2.4324362315601955,2.5402906208718625,2.412931191958497,1.016574402900516,1.0080835457168038,13.079151399899274,
3deefffdff37f6c3609e,home,tweedie_glm,no_dratings,"{""alpha"":1.0,""power"":1.5,""solver"":""lbfgs""}",ok,757,2.546908072444129,2.432743761826407,2.5402906208718625,2.412931191958497,1.0026049978368206,1.0082109966226716,0.2179557997733354,
6f4b5d79fb7265bc7406,home,random_forest,dratings_plus_pitcher,"{""criterion"":""squared_error"",""max_depth"":14,""max_features"":1.0,""max_samples"":null,""min_samples_leaf"":8,""n_estimators"":400}",ok,757,2.587826447461521,2.4330724680022504,2.5402906208718625,2.412931191958497,1.0187127512888048,1.0083472235391036,4.611990899778903,
162ab2fdff5a77bbb8b1,home,extra_trees,bullpen_only,"{""criterion"":""squared_error"",""max_depth"":null,""max_features"":0.6,""max_samples"":null,""min_samples_leaf"":8,""n_estimators"":400}",ok,757,2.5517846775952657,2.433378094487431,2.5402906208718625,2.412931191958497,1.0045247014766594,1.008473885453956,1.5013419003225863,
275f0525d4e22ae5c4f7,home,poisson_glm,no_dratings_prob,"{""alpha"":1.0,""solver"":""lbfgs""}",ok,757,2.545630043799661,2.433572652404816,2.5402906208718625,2.412931191958497,1.0021018945170792,1.0085545168113828,0.1322461999952793,
7170af2c769be8d1159e,home,extra_trees,bullpen_only,"{""criterion"":""poisson"",""max_depth"":14,""max_features"":0.8,""max_samples"":null,""min_samples_leaf"":8,""n_estimators"":400}",ok,757,2.5480818693919822,2.4335766178184635,2.5402906208718625,2.412931191958497,1.00306706975025,1.00855616021243,1.823711100034416,
c3c8183fd3f5e4ffe1e5,home,extra_trees,dratings_plus_pitcher,"{""criterion"":""poisson"",""max_depth"":14,""max_features"":1.0,""max_samples"":null,""min_samples_leaf"":8,""n_estimators"":400}",ok,757,2.5622452582208117,2.4335887295616523,2.5402906208718625,2.412931191958497,1.008642569148806,1.0085611797269645,1.8209274001419544,
7b33bcb42b89bdc066bb,home,random_forest,dratings_plus_pitcher,"{""criterion"":""squared_error"",""max_depth"":null,""max_features"":1.0,""max_samples"":null,""min_samples_leaf"":8,""n_estimators"":400}",ok,757,2.587461329407056,2.433905221834696,2.5402906208718625,2.412931191958497,1.0185690204686124,1.0086923447904763,4.138397099915892,
63663dc15bb3c440f090,home,extra_trees,dratings_plus_pitcher,"{""criterion"":""squared_error"",""max_depth"":null,""max_features"":1.0,""max_samples"":null,""min_samples_leaf"":8,""n_estimators"":400}",ok,757,2.5699699348881566,2.433955227030508,2.5402906208718625,2.412931191958497,1.0116834325066744,1.0087130686287602,1.9013116997666657,
654fdec417c4b288b625,home,extra_trees,pitcher_only,"{""criterion"":""poisson"",""max_depth"":14,""max_features"":0.6,""max_samples"":null,""min_samples_leaf"":8,""n_estimators"":400}",ok,757,2.560863280028126,2.4342795777331827,2.5402906208718625,2.412931191958497,1.0080985454920912,1.008847490490335,1.6226889002136886,
a1db4f76dcc5c462a9bd,home,extra_trees,pitcher_only,"{""criterion"":""squared_error"",""max_depth"":14,""max_features"":0.6,""max_samples"":null,""min_samples_leaf"":8,""n_estimators"":400}",ok,757,2.559094529022849,2.434370712800761,2.5402906208718625,2.412931191958497,1.0074022664952142,1.0088852599335263,1.6022215001285076,
04df008d2238922c4801,home,poisson_glm,bullpen_only,"{""alpha"":10.0,""solver"":""lbfgs""}",ok,757,2.57196218391297,2.434651375949241,2.5402906208718625,2.412931191958497,1.0124676927832128,1.0090015762004032,0.0756504000164568,
518e2600ea6d6516b462,home,xgboost,bullpen_only,"{""colsample_bytree"":0.9,""learning_rate"":0.025,""max_depth"":3,""min_child_weight"":5.0,""n_estimators"":500,""objective"":""count:poisson"",""reg_lambda"":1.0,""subsample"":0.9,""tweedie_variance_power"":null}",ok,757,2.5341440623471096,2.434681147680834,2.5402906208718625,2.412931191958497,0.997580371917193,1.0090139146092614,2.954937499947846,
872089e9ab76ea59d225,home,random_forest,all,"{""criterion"":""poisson"",""max_depth"":18,""max_features"":0.4,""max_samples"":null,""min_samples_leaf"":2,""n_estimators"":400}",ok,757,2.5808595807898542,2.4348688207858125,2.5402906208718625,2.412931191958497,1.0159702041902858,1.0090916926684137,12.035842400044205,
a72a855957fb4d380e49,home,random_forest,dratings_plus_pitcher,"{""criterion"":""poisson"",""max_depth"":null,""max_features"":0.6,""max_samples"":null,""min_samples_leaf"":8,""n_estimators"":400}",ok,757,2.567229633279931,2.435100054853612,2.5402906208718625,2.412931191958497,1.0106046970321934,1.0091875238585322,3.4891352001577616,
e4b0eb445fdfad55b7ee,home,tweedie_glm,dratings_plus_bullpen,"{""alpha"":0.1,""power"":1.5,""solver"":""lbfgs""}",ok,757,2.550101859355128,2.435152048399401,2.5402906208718625,2.412931191958497,1.0038622504065688,1.0092090717360522,0.0975988996215164,
629b0402afa687fec0c9,home,xgboost,bullpen_only,"{""colsample_bytree"":0.9,""learning_rate"":0.025,""max_depth"":3,""min_child_weight"":1.0,""n_estimators"":500,""objective"":""count:poisson"",""reg_lambda"":1.0,""subsample"":0.9,""tweedie_variance_power"":null}",ok,757,2.5339783488365586,2.4352979664509813,2.5402906208718625,2.412931191958497,0.9975151378415368,1.009269545093961,3.009471900295466,
9cd6a9e0ac9390ac2bcf,home,extra_trees,dratings_plus_pitcher,"{""criterion"":""squared_error"",""max_depth"":14,""max_features"":1.0,""max_samples"":null,""min_samples_leaf"":8,""n_estimators"":400}",ok,757,2.5686785740913725,2.4355466196481235,2.5402906208718625,2.412931191958497,1.0111750809085642,1.0093725953582913,1.635553800035268,
0759c3a9f6a69e394e71,home,xgboost,dratings_plus_bullpen,"{""colsample_bytree"":0.9,""learning_rate"":0.025,""max_depth"":3,""min_child_weight"":1.0,""n_estimators"":500,""objective"":""reg:squarederror"",""reg_lambda"":1.0,""subsample"":0.9,""tweedie_variance_power"":null}",ok,757,2.537839957555975,2.435611427719361,2.5402906208718625,2.412931191958497,0.999035282303626,1.009399454006998,2.678748999722302,
4568726853cff31a442c,home,poisson_glm,all,"{""alpha"":1.0,""solver"":""lbfgs""}",ok,757,2.545732344609628,2.435746490717756,2.5402906208718625,2.412931191958497,1.0021421658187666,1.0094554286650588,0.2494576997123658,
11a08b00b91b7fa8aebe,home,random_forest,dratings_plus_bullpen,"{""criterion"":""squared_error"",""max_depth"":14,""max_features"":0.6,""max_samples"":null,""min_samples_leaf"":8,""n_estimators"":400}",ok,757,2.5635338711191777,2.435797806494214,2.5402906208718625,2.412931191958497,1.009149839020914,1.009476695652128,2.9917310997843742,
b1f95d975cc4b6d9bb36,home,xgboost,all,"{""colsample_bytree"":0.9,""learning_rate"":0.025,""max_depth"":3,""min_child_weight"":1.0,""n_estimators"":800,""objective"":""count:poisson"",""reg_lambda"":1.0,""subsample"":0.9,""tweedie_variance_power"":null}",ok,757,2.55918972904805,2.435799055003252,2.5402906208718625,2.412931191958497,1.0074397425321755,1.009477213076347,7.325967200100422,
cda8ec6789b20b235b20,home,extra_trees,bullpen_only,"{""criterion"":""poisson"",""max_depth"":14,""max_features"":0.6,""max_samples"":null,""min_samples_leaf"":2,""n_estimators"":400}",ok,757,2.546061207796848,2.43610248745582,2.5402906208718625,2.412931191958497,1.0022716247021393,1.0096029657101475,1.6771126999519763,
81dd5366d1019ef7e18d,home,hist_gradient_boosting,no_dratings_prob,"{""l2_regularization"":5.0,""learning_rate"":0.01625,""loss"":""squared_error"",""max_iter"":300,""max_leaf_nodes"":15,""min_samples_leaf"":10}",ok,757,2.572506696137008,2.4361434610710395,2.5402906208718625,2.412931191958497,1.0126820431490977,1.009619946557076,3.842321800068021,
b5489e4ef3624439772c,home,extra_trees,bullpen_only,"{""criterion"":""poisson"",""max_depth"":14,""max_features"":0.6,""max_samples"":null,""min_samples_leaf"":15,""n_estimators"":400}",ok,757,2.558971485464301,2.43667259211923,2.5402906208718625,2.412931191958497,1.0073538296913551,1.0098392362947832,1.624485599808395,
26c292298febef8f569b,home,random_forest,no_dratings_prob,"{""criterion"":""poisson"",""max_depth"":22,""max_features"":0.8,""max_samples"":null,""min_samples_leaf"":2,""n_estimators"":400}",ok,757,2.58564980344058,2.436746357160617,2.5402906208718625,2.412931191958497,1.0178559028624643,1.0098698070137633,21.129569600336254,
c8091071dbfacd1de250,home,extra_trees,pitcher_only,"{""criterion"":""squared_error"",""max_depth"":14,""max_features"":1.0,""max_samples"":null,""min_samples_leaf"":8,""n_estimators"":400}",ok,757,2.5640347160914247,2.436988928418068,2.5402906208718625,2.412931191958497,1.0093469995222093,1.0099703367173285,1.6278845998458564,
926613511c4aee3b86f1,home,extra_trees,dratings_plus_bullpen,"{""criterion"":""squared_error"",""max_depth"":14,""max_features"":0.6,""max_samples"":null,""min_samples_leaf"":2,""n_estimators"":400}",ok,757,2.553707802973193,2.437079098928524,2.5402906208718625,2.412931191958497,1.005281750832401,1.0100077064155428,1.645876799710095,
a0668953c076bb45b643,home,hist_gradient_boosting,no_dratings_prob,"{""l2_regularization"":5.0,""learning_rate"":0.025,""loss"":""squared_error"",""max_iter"":200,""max_leaf_nodes"":15,""min_samples_leaf"":10}",ok,757,2.5805359715071727,2.437654506116312,2.5402906208718625,2.412931191958497,1.0158428135366249,1.0102461745449725,1.873170300386846,
c722323c5c5d773308a0,home,random_forest,dratings_plus_pitcher,"{""criterion"":""poisson"",""max_depth"":14,""max_features"":1.0,""max_samples"":null,""min_samples_leaf"":8,""n_estimators"":400}",ok,757,2.563625306660881,2.437733652342892,2.5402906208718625,2.412931191958497,1.0091858331473151,1.0102789754084385,5.252704699989408,
9e139d216bcd610c9b37,home,tweedie_glm,dratings_plus_bullpen,"{""alpha"":0.1,""power"":1.2,""solver"":""lbfgs""}",ok,757,2.551505229198109,2.437866583842986,2.5402906208718625,2.412931191958497,1.004414695009344,1.0103340667017735,0.1174829001538455,
3489f9bd7e374580ecc5,home,extra_trees,all,"{""criterion"":""absolute_error"",""max_depth"":14,""max_features"":0.6,""max_samples"":null,""min_samples_leaf"":8,""n_estimators"":400}",ok,757,2.5034709379128137,2.4380661932895697,2.5402906208718625,2.412931191958497,0.9855057202288092,1.0104167915831332,23.19605899974704,
6330cbe617099faee8c0,home,extra_trees,all,"{""criterion"":""squared_error"",""max_depth"":null,""max_features"":0.6,""max_samples"":null,""min_samples_leaf"":2,""n_estimators"":400}",ok,757,2.582585739447694,2.43815608178578,2.5402906208718625,2.412931191958497,1.016649716464849,1.0104540444051406,3.22485850006342,
ade67bacea19326aba74,home,extra_trees,no_dratings,"{""criterion"":""absolute_error"",""max_depth"":null,""max_features"":0.6,""max_samples"":null,""min_samples_leaf"":2,""n_estimators"":400}",ok,757,2.586208718626156,2.438344303655452,2.5402906208718625,2.412931191958497,1.0180759230369216,1.010532049890875,53.92051710002124,
62aefedf31208c5144cf,home,extra_trees,all,"{""criterion"":""squared_error"",""max_depth"":14,""max_features"":1.0,""max_samples"":null,""min_samples_leaf"":2,""n_estimators"":400}",ok,757,2.6015751226538533,2.438598571170369,2.5402906208718625,2.412931191958497,1.024124996281314,1.0106374269176897,3.561625699978322,
54f4b8a3a2de306f1324,home,random_forest,no_dratings_prob,"{""criterion"":""poisson"",""max_depth"":8,""max_features"":1.0,""max_samples"":null,""min_samples_leaf"":2,""n_estimators"":400}",ok,757,2.588395970967799,2.4387607920705565,2.5402906208718625,2.412931191958497,1.018936947489664,1.0107046567254554,17.123559300322086,
5d36d05b4cf890837218,home,random_forest,no_dratings_prob,"{""criterion"":""poisson"",""max_depth"":14,""max_features"":0.6,""max_samples"":null,""min_samples_leaf"":2,""n_estimators"":400}",ok,757,2.5833799454011315,2.438927749682159,2.5402906208718625,2.412931191958497,1.0169623602021096,1.0107738495860554,6.478619200177491,
59666828e4eb462f4664,home,random_forest,pitcher_only,"{""criterion"":""poisson"",""max_depth"":null,""max_features"":1.0,""max_samples"":null,""min_samples_leaf"":8,""n_estimators"":400}",ok,757,2.568615828525275,2.439268934970924,2.5402906208718625,2.412931191958497,1.0111503807559197,1.0109152482674193,4.848124099895358,
84f16d16ed16b1263ea9,home,poisson_glm,dratings_plus_bullpen,"{""alpha"":0.1,""solver"":""lbfgs""}",ok,757,2.5523054126292983,2.4393123947600763,2.5402906208718625,2.412931191958497,1.0047296918150697,1.0109332594686078,0.1275105001404881,
91c232141ced25a6be9b,home,random_forest,dratings_plus_bullpen,"{""criterion"":""squared_error"",""max_depth"":null,""max_features"":0.6,""max_samples"":null,""min_samples_leaf"":8,""n_estimators"":400}",ok,757,2.566697591813308,2.439450123241385,2.5402906208718625,2.412931191958497,1.0103952558516245,1.0109903387926134,2.8443632000125945,
dd1c4b2bd19f5ba64dd4,home,random_forest,pitcher_only,"{""criterion"":""squared_error"",""max_depth"":null,""max_features"":0.6,""max_samples"":null,""min_samples_leaf"":8,""n_estimators"":400}",ok,757,2.580300832966959,2.43945262301323,2.5402906208718625,2.412931191958497,1.0157502498991096,1.0109913747823065,2.8043410000391304,
90db3c7e60a5127c1a6e,home,random_forest,pitcher_only,"{""criterion"":""poisson"",""max_depth"":14,""max_features"":1.0,""max_samples"":null,""min_samples_leaf"":8,""n_estimators"":400}",ok,757,2.569175662316192,2.439715315915017,2.5402906208718625,2.412931191958497,1.0113707625446478,1.0111002435733694,4.828512799926102,
a8826946cb6c0643e73b,home,random_forest,pitcher_only,"{""criterion"":""squared_error"",""max_depth"":14,""max_features"":0.6,""max_samples"":null,""min_samples_leaf"":8,""n_estimators"":400}",ok,757,2.58520311461066,2.4398384028651856,2.5402906208718625,2.412931191958497,1.0176800612377896,1.0111512549534614,2.780181000009179,
657fe0264bdd26d01da1,home,tweedie_glm,bullpen_only,"{""alpha"":1.0,""power"":1.8,""solver"":""lbfgs""}",ok,757,2.568875555796595,2.439856760266049,2.5402906208718625,2.412931191958497,1.0112526238887274,1.0111588628790105,0.0777273001149296,
9777351441a0cb4d4aee,home,extra_trees,no_dratings,"{""criterion"":""poisson"",""max_depth"":22,""max_features"":1.0,""max_samples"":null,""min_samples_leaf"":2,""n_estimators"":400}",ok,757,2.580021827581067,2.4399005524513027,2.5402906208718625,2.412931191958497,1.0156404178257243,1.0111770118363448,4.024297600146383,
6dec3445a348b0143ca8,home,extra_trees,no_dratings_prob,"{""criterion"":""squared_error"",""max_depth"":14,""max_features"":1.0,""max_samples"":null,""min_samples_leaf"":2,""n_estimators"":400}",ok,757,2.605342006119677,2.4401223482383005,2.5402906208718625,2.412931191958497,1.025607851603014,1.0112689314848358,3.7379415002651513,
603f3b8ca330d85d7319,home,random_forest,dratings_plus_pitcher,"{""criterion"":""poisson"",""max_depth"":null,""max_features"":1.0,""max_samples"":null,""min_samples_leaf"":8,""n_estimators"":400}",ok,757,2.563799326757988,2.4401292091460167,2.5402906208718625,2.412931191958497,1.0092543371585008,1.011271774876201,5.285135299898684,
b003b46d196952b76f07,home,extra_trees,dratings_plus_bullpen,"{""criterion"":""poisson"",""max_depth"":null,""max_features"":0.6,""max_samples"":null,""min_samples_leaf"":2,""n_estimators"":400}",ok,757,2.552320555765238,2.4401386155551816,2.5402906208718625,2.412931191958497,1.0047356529975484,1.0112756732091484,2.077958000358194,
93377e2474984f505183,home,extra_trees,bullpen_only,"{""criterion"":""poisson"",""max_depth"":14,""max_features"":0.6,""max_samples"":null,""min_samples_leaf"":1,""n_estimators"":400}",ok,757,2.5538652754770825,2.4402164102865247,2.5402906208718625,2.412931191958497,1.0053437407884305,1.0113079139674437,2.16862180037424,
b027ecf9f4325ae407b2,home,extra_trees,no_dratings,"{""criterion"":""squared_error"",""max_depth"":14,""max_features"":0.8,""max_samples"":null,""min_samples_leaf"":2,""n_estimators"":400}",ok,757,2.5997731204273613,2.4402828373688776,2.5402906208718625,2.412931191958497,1.0234156277501365,1.0113354435889157,2.8742550001479685,
525bd47ff9fe9e404bc0,home,extra_trees,bullpen_only,"{""criterion"":""squared_error"",""max_depth"":14,""max_features"":1.0,""max_samples"":null,""min_samples_leaf"":8,""n_estimators"":400}",ok,757,2.5494648130592634,2.4403633324157554,2.5402906208718625,2.412931191958497,1.0036114734715873,1.0113688034489672,1.605285500176251,
05d5cf5f1465181ff84d,home,random_forest,pitcher_only,"{""criterion"":""squared_error"",""max_depth"":14,""max_features"":1.0,""max_samples"":null,""min_samples_leaf"":8,""n_estimators"":400}",ok,757,2.586555089988708,2.4406431224035723,2.5402906208718625,2.412931191958497,1.0182122741141195,1.0114847578486408,3.683418999891728,
7ef53077c65ec257e740,home,extra_trees,bullpen_only,"{""criterion"":""poisson"",""max_depth"":14,""max_features"":0.6,""max_samples"":null,""min_samples_leaf"":4,""n_estimators"":400}",ok,757,2.5491366872876,2.4411623990123883,2.5402906208718625,2.412931191958497,1.003482304876086,1.0116999635745838,1.8082262999378145,
2ad82c21cce493e00ed2,home,extra_trees,bullpen_only,"{""criterion"":""poisson"",""max_depth"":14,""max_features"":1.0,""max_samples"":null,""min_samples_leaf"":2,""n_estimators"":400}",ok,757,2.542085055674034,2.441191414459257,2.5402906208718625,2.412931191958497,1.0007063895711097,1.011711988553566,1.9259949000552297,
4c2106568d15200ea021,home,extra_trees,no_dratings_prob,"{""criterion"":""poisson"",""max_depth"":14,""max_features"":1.0,""max_samples"":null,""min_samples_leaf"":2,""n_estimators"":400}",ok,757,2.581838592038255,2.44120595937121,2.5402906208718625,2.412931191958497,1.0163555975938423,1.0117180164552324,2.878569600172341,
65225efe7b7a932cfcbb,home,random_forest,pitcher_only,"{""criterion"":""squared_error"",""max_depth"":null,""max_features"":1.0,""max_samples"":null,""min_samples_leaf"":8,""n_estimators"":400}",ok,757,2.587646494508512,2.441227352981464,2.5402906208718625,2.412931191958497,1.0186419117748016,1.011726882688271,3.6864585001021615,
cad22b569f2a75ebb706,home,random_forest,all,"{""criterion"":""poisson"",""max_depth"":14,""max_features"":0.6,""max_samples"":null,""min_samples_leaf"":2,""n_estimators"":400}",ok,757,2.5902459145323977,2.4413963199078186,2.5402906208718625,2.412931191958497,1.0196651884040693,1.0117969082766165,15.41121149994433,
da19b17b7e3789bda492,home,random_forest,dratings_plus_bullpen,"{""criterion"":""poisson"",""max_depth"":14,""max_features"":0.6,""max_samples"":null,""min_samples_leaf"":2,""n_estimators"":400}",ok,757,2.550898742040383,2.44168232168476,2.5402906208718625,2.412931191958497,1.0041759478546906,1.011915437051036,4.16517599998042,
29fd75c02a4c3a425d67,home,extra_trees,no_dratings,"{""criterion"":""squared_error"",""max_depth"":8,""max_features"":1.0,""max_samples"":null,""min_samples_leaf"":2,""n_estimators"":400}",ok,757,2.6078547185969185,2.441687197640771,2.5402906208718625,2.412931191958497,1.0265969953083034,1.011917457811523,3.9277762002311647,
203805575a990fc6fc59,home,extra_trees,bullpen_only,"{""criterion"":""poisson"",""max_depth"":null,""max_features"":1.0,""max_samples"":null,""min_samples_leaf"":8,""n_estimators"":400}",ok,757,2.5499328651290623,2.441901988512085,2.5402906208718625,2.412931191958497,1.0037957248583984,1.0120064743868944,1.7089984002523124,
2d2e91f89e2dd75df3c7,home,extra_trees,dratings_plus_bullpen,"{""criterion"":""poisson"",""max_depth"":14,""max_features"":1.0,""max_samples"":null,""min_samples_leaf"":2,""n_estimators"":400}",ok,757,2.550171290746122,2.441948888232913,2.5402906208718625,2.412931191958497,1.0038895824726024,1.0120259112116925,2.314132399857044,
d751fc0b30c49ded4deb,home,tweedie_glm,bullpen_only,"{""alpha"":1.0,""power"":1.5,""solver"":""lbfgs""}",ok,757,2.568562810367481,2.442677013642187,2.5402906208718625,2.412931191958497,1.0111295098534494,1.0123276709186002,0.080596400424838,
1b382f2e13173078dd0a,home,random_forest,pitcher_only,"{""criterion"":""poisson"",""max_depth"":null,""max_features"":0.6,""max_samples"":null,""min_samples_leaf"":8,""n_estimators"":400}",ok,757,2.570115515708058,2.4428176463553952,2.5402906208718625,2.412931191958497,1.0117407412329693,1.0123859538541753,3.26157240010798,
46aa38bdbdaa68f60460,home,random_forest,no_dratings,"{""criterion"":""poisson"",""max_depth"":14,""max_features"":0.6,""max_samples"":null,""min_samples_leaf"":2,""n_estimators"":400}",ok,757,2.5991656542010007,2.442841403018273,2.5402906208718625,2.412931191958497,1.023176495179489,1.0123957994158543,8.327639500144869,
80c663a8bbfabef0315a,home,random_forest,all,"{""criterion"":""poisson"",""max_depth"":null,""max_features"":0.8,""max_samples"":null,""min_samples_leaf"":2,""n_estimators"":400}",ok,757,2.5941025660249477,2.4428634055671914,2.5402906208718625,2.412931191958497,1.0211833814253173,1.0124049180135963,21.36340419994667,
d9672c293ee1e1e43783,home,random_forest,pitcher_only,"{""criterion"":""poisson"",""max_depth"":14,""max_features"":0.6,""max_samples"":null,""min_samples_leaf"":8,""n_estimators"":400}",ok,757,2.57239234417931,2.4429672036943204,2.5402906208718625,2.412931191958497,1.0126370278438577,1.012447935455401,3.179844600148499,
6975e0eba101c6a54ae1,home,random_forest,all,"{""criterion"":""poisson"",""max_depth"":10,""max_features"":0.8,""max_samples"":null,""min_samples_leaf"":2,""n_estimators"":400}",ok,757,2.5919949356401264,2.443004875371807,2.5402906208718625,2.412931191958497,1.020353700613404,1.01246354786806,16.74778539966792,
11930e7cf9eda5545e16,home,tweedie_glm,no_dratings,"{""alpha"":1.0,""power"":1.2,""solver"":""lbfgs""}",ok,757,2.551213101152785,2.443276004714256,2.5402906208718625,2.412931191958497,1.0042996971256672,1.0125759130044356,0.2350076003931462,
472a8d101e5315d0968b,home,random_forest,all,"{""criterion"":""poisson"",""max_depth"":18,""max_features"":0.6,""max_samples"":null,""min_samples_leaf"":2,""n_estimators"":400}",ok,757,2.584814367851578,2.4436757589224647,2.5402906208718625,2.412931191958497,1.0175270288422489,1.0127415846197476,15.97360850032419,
be142a957f15f4b8b680,home,random_forest,dratings_plus_bullpen,"{""criterion"":""poisson"",""max_depth"":14,""max_features"":1.0,""max_samples"":null,""min_samples_leaf"":8,""n_estimators"":400}",ok,757,2.5611433856048107,2.4438681092908223,2.5402906208718625,2.412931191958497,1.0082088106619045,1.0128213010944649,4.879983200225979,
cb3f5cf25a51f58042ff,home,extra_trees,bullpen_only,"{""criterion"":""poisson"",""max_depth"":14,""max_features"":1.0,""max_samples"":null,""min_samples_leaf"":8,""n_estimators"":400}",ok,757,2.551780648865016,2.444343263010444,2.5402906208718625,2.412931191958497,1.0045231155438463,1.0130182208082157,1.624946199823171,
c35d223aa49396873de6,home,extra_trees,dratings_plus_bullpen,"{""criterion"":""squared_error"",""max_depth"":14,""max_features"":1.0,""max_samples"":null,""min_samples_leaf"":2,""n_estimators"":400}",ok,757,2.558923622734587,2.444516604233946,2.5402906208718625,2.412931191958497,1.007334988252773,1.01309005925271,2.1754868999123573,
3c09b7fe13655aae889c,home,xgboost,all,"{""colsample_bytree"":0.9,""learning_rate"":0.025,""max_depth"":3,""min_child_weight"":1.0,""n_estimators"":500,""objective"":""count:poisson"",""reg_lambda"":1.0,""subsample"":1.0,""tweedie_variance_power"":null}",ok,757,2.5930584124246394,2.444556447318169,2.5402906208718625,2.412931191958497,1.0207723443606096,1.0131065715694956,4.117804800160229,
edd66a97e124c638dc71,home,extra_trees,bullpen_only,"{""criterion"":""squared_error"",""max_depth"":14,""max_features"":0.6,""max_samples"":null,""min_samples_leaf"":2,""n_estimators"":400}",ok,757,2.552241546116873,2.4446762029291653,2.5402906208718625,2.412931191958497,1.004704550395462,1.0131562023303706,1.5968215996399522,
9f9fe5f8fe8dc61c1c12,home,random_forest,no_dratings_prob,"{""criterion"":""poisson"",""max_depth"":14,""max_features"":1.0,""max_samples"":null,""min_samples_leaf"":1,""n_estimators"":400}",ok,757,2.588834098267803,2.445139273468657,2.5402906208718625,2.412931191958497,1.0191094188188907,1.0133481143670813,25.632312799803916,
2a06c136eaf7bf2b7eb1,home,random_forest,dratings_plus_bullpen,"{""criterion"":""poisson"",""max_depth"":null,""max_features"":1.0,""max_samples"":null,""min_samples_leaf"":8,""n_estimators"":400}",ok,757,2.561873186848368,2.445198365747334,2.5402906208718625,2.412931191958497,1.0084961011150362,1.0133726041987328,4.854662700090557,
ed78a0183650be9f6e4c,home,hist_gradient_boosting,no_dratings_prob,"{""l2_regularization"":5.0,""learning_rate"":0.02,""loss"":""squared_error"",""max_iter"":300,""max_leaf_nodes"":15,""min_samples_leaf"":10}",ok,757,2.5709275203470017,2.445217578800818,2.5402906208718625,2.412931191958497,1.0120603915250548,1.0133805667355624,8.203997400123626,
bb1227a5ebe9308090fe,home,lightgbm,all,"{""colsample_bytree"":0.9,""learning_rate"":0.025,""min_child_samples"":10,""n_estimators"":500,""num_leaves"":15,""objective"":""regression_l1"",""reg_lambda"":1.0,""subsample"":0.9,""tweedie_variance_power"":null}",ok,757,2.5190820259878675,2.445278052933494,2.5402906208718625,2.412931191958497,0.9916511147544544,1.0134056292540785,2.326939099933952,
0a207caaa6630d62f17c,home,poisson_glm,dratings_plus_bullpen,"{""alpha"":0.01,""solver"":""lbfgs""}",ok,757,2.554675425281854,2.4455655554801377,2.5402906208718625,2.412931191958497,1.0056626609143855,1.0135247799980374,0.1697329999879002,
38e9d3194308d79750d0,home,tweedie_glm,bullpen_only,"{""alpha"":1.0,""power"":1.2,""solver"":""lbfgs""}",ok,757,2.568701704554023,2.4458226478450134,2.5402906208718625,2.412931191958497,1.0111841863480997,1.0136313277378703,0.086600000038743,
593df13a72f14dc3c118,home,tweedie_glm,dratings_plus_bullpen,"{""alpha"":0.01,""power"":1.2,""solver"":""lbfgs""}",ok,757,2.5546490116291776,2.4458444676003914,2.5402906208718625,2.412931191958497,1.0056522630282303,1.0136403705798092,0.1676824996247887,
73a390b58f7c8515d24b,home,random_forest,bullpen_only,"{""criterion"":""poisson"",""max_depth"":14,""max_features"":0.6,""max_samples"":null,""min_samples_leaf"":8,""n_estimators"":400}",ok,757,2.553971291866054,2.445939018113492,2.5402906208718625,2.412931191958497,1.0053854747491435,1.0136795554987224,3.208099799696356,
393706d39fa4aa805f73,home,random_forest,no_dratings_prob,"{""criterion"":""poisson"",""max_depth"":22,""max_features"":0.6,""max_samples"":null,""min_samples_leaf"":2,""n_estimators"":400}",ok,757,2.5889174453054893,2.445967259701759,2.5402906208718625,2.412931191958497,1.0191422288592071,1.0136912597646217,7.543169199954718,
0a92e6ad7e926d08f79a,home,xgboost,dratings_plus_bullpen,"{""colsample_bytree"":0.9,""learning_rate"":0.025,""max_depth"":3,""min_child_weight"":5.0,""n_estimators"":500,""objective"":""reg:squarederror"",""reg_lambda"":1.0,""subsample"":0.9,""tweedie_variance_power"":null}",ok,757,2.540087976732846,2.4460462212726486,2.5402906208718625,2.412931191958497,0.9999202279702364,1.0137239841005468,2.512881100177765,
b583edde11d25ec2747e,home,poisson_glm,dratings_plus_bullpen,"{""alpha"":0.0,""solver"":""lbfgs""}",ok,757,2.554754618323702,2.4462022237489878,2.5402906208718625,2.412931191958497,1.0056938357103704,1.013788636783913,0.3235538001172244,
3cc1ff6e237bddfc9416,home,random_forest,no_dratings_prob,"{""criterion"":""poisson"",""max_depth"":14,""max_features"":1.0,""max_samples"":null,""min_samples_leaf"":2,""n_estimators"":400}",ok,757,2.58985878669343,2.446232582538433,2.5402906208718625,2.412931191958497,1.019512793305734,1.013801218489329,10.889717299956828,
a1276b5a53bb7bc493ca,home,random_forest,dratings_plus_pitcher,"{""criterion"":""squared_error"",""max_depth"":14,""max_features"":0.6,""max_samples"":null,""min_samples_leaf"":8,""n_estimators"":400}",ok,757,2.589453386474079,2.446268375821435,2.5402906208718625,2.412931191958497,1.0193532051798635,1.013816052432013,3.0838045002892613,
0def61732ed30d037038,home,random_forest,no_dratings_prob,"{""criterion"":""poisson"",""max_depth"":null,""max_features"":1.0,""max_samples"":null,""min_samples_leaf"":2,""n_estimators"":400}",ok,757,2.587645549886835,2.4462686058288945,2.5402906208718625,2.412931191958497,1.0186415399190505,1.0138161477548553,12.43572389986366,
52d51915f98c2ecadc24,home,tweedie_glm,dratings_plus_bullpen,"{""alpha"":0.01,""power"":1.5,""solver"":""lbfgs""}",ok,757,2.554547851920681,2.446306489540302,2.5402906208718625,2.412931191958497,1.005612440927694,1.0138318480415165,0.1345384996384382,
903c561d906a6f534538,home,tweedie_glm,dratings_plus_pitcher,"{""alpha"":0.1,""power"":1.8,""solver"":""lbfgs""}",ok,757,2.553251863444673,2.446372633871256,2.5402906208718625,2.412931191958497,1.0051022676170658,1.0138592604812804,0.2749650999903679,
9e6f0adb25a3d05af6ae,home,extra_trees,dratings_plus_bullpen,"{""criterion"":""squared_error"",""max_depth"":null,""max_features"":0.6,""max_samples"":null,""min_samples_leaf"":2,""n_estimators"":400}",ok,757,2.5596398639156237,2.4463775313884826,2.5402906208718625,2.412931191958497,1.0076169407093742,1.0138612901774615,1.8658254998736084,
7ddbad2417391ef8a295,home,lightgbm,all,"{""colsample_bytree"":0.9,""learning_rate"":0.01625,""min_child_samples"":10,""n_estimators"":500,""num_leaves"":15,""objective"":""poisson"",""reg_lambda"":1.0,""subsample"":0.9,""tweedie_variance_power"":null}",ok,757,2.584397084949805,2.4464941951976087,2.5402906208718625,2.412931191958497,1.0173627630301627,1.0139096395914504,2.8708663997240365,
b2fb2c5a7677606fc043,home,random_forest,no_dratings_prob,"{""criterion"":""poisson"",""max_depth"":22,""max_features"":1.0,""max_samples"":null,""min_samples_leaf"":2,""n_estimators"":400}",ok,757,2.5870700140191074,2.4465159514150363,2.5402906208718625,2.412931191958497,1.018414976917558,1.0139186561011213,2648.7244913000613,
89a5238589a5d2ff0703,home,random_forest,bullpen_only,"{""criterion"":""poisson"",""max_depth"":null,""max_features"":0.6,""max_samples"":null,""min_samples_leaf"":8,""n_estimators"":400}",ok,757,2.554459299606672,2.446598491415501,2.5402906208718625,2.412931191958497,1.0055775818004424,1.0139528634588526,3.358116799965501,
e3bcabf7d89f8048cb15,home,xgboost,no_dratings_prob,"{""colsample_bytree"":0.9,""learning_rate"":0.05,""max_depth"":3,""min_child_weight"":1.0,""n_estimators"":500,""objective"":""count:poisson"",""reg_lambda"":1.0,""subsample"":0.9,""tweedie_variance_power"":null}",ok,757,2.5547290994752507,2.446657230501363,2.5402906208718625,2.412931191958497,1.0056837900690403,1.013977206915499,3.178555900231004,
3281e6422c022d715095,home,tweedie_glm,dratings_plus_bullpen,"{""alpha"":0.01,""power"":1.8,""solver"":""lbfgs""}",ok,757,2.55430356574161,2.4467011160101277,2.5402906208718625,2.412931191958497,1.0055162762695782,1.0139953945492413,0.4496557000093162,
08d34029425cced43905,home,extra_trees,dratings_plus_pitcher,"{""criterion"":""squared_error"",""max_depth"":14,""max_features"":0.6,""max_samples"":null,""min_samples_leaf"":2,""n_estimators"":400}",ok,757,2.5942812245330598,2.446931890334559,2.5402906208718625,2.412931191958497,1.0212537113736484,1.0140910352062154,1.6749045997858047,
592bb020337c69cfd580,home,random_forest,no_dratings_prob,"{""criterion"":""poisson"",""max_depth"":8,""max_features"":0.8,""max_samples"":null,""min_samples_leaf"":2,""n_estimators"":400}",ok,757,2.5910830309505624,2.446973287039358,2.5402906208718625,2.412931191958497,1.019994724092343,1.014108191395723,13.59270180016756,
a3c742c0ed0a82562c84,home,extra_trees,bullpen_only,"{""criterion"":""squared_error"",""max_depth"":14,""max_features"":1.0,""max_samples"":null,""min_samples_leaf"":2,""n_estimators"":400}",ok,757,2.55165560062524,2.447746110908883,2.5402906208718625,2.412931191958497,1.0044738895857028,1.014428475650865,1.8791726999916136,
8dcc4b2ebd5eeaea044c,home,random_forest,no_dratings,"{""criterion"":""poisson"",""max_depth"":null,""max_features"":0.6,""max_samples"":null,""min_samples_leaf"":2,""n_estimators"":400}",ok,757,2.5966255800475584,2.4477630898572094,2.5402906208718625,2.412931191958497,1.0221765803931366,1.01443551229923,8.775273100007325,
8076e12dd5aa3a848958,home,poisson_glm,bullpen_only,"{""alpha"":1.0,""solver"":""lbfgs""}",ok,757,2.569088641231576,2.448086631786193,2.5402906208718625,2.412931191958497,1.0113365061946455,1.014569598977732,0.0892721000127494,
9eb4b854dfa0448b53cc,home,xgboost,no_dratings_prob,"{""colsample_bytree"":0.9,""learning_rate"":0.05,""max_depth"":3,""min_child_weight"":5.0,""n_estimators"":500,""objective"":""count:poisson"",""reg_lambda"":1.0,""subsample"":0.9,""tweedie_variance_power"":null}",ok,757,2.554922974408854,2.448420710951678,2.5402906208718625,2.412931191958497,1.0057601100507034,1.0147080526421377,3.038046100176871,
9e56e86461db1f15fb12,home,extra_trees,no_dratings,"{""criterion"":""squared_error"",""max_depth"":22,""max_features"":0.8,""max_samples"":null,""min_samples_leaf"":2,""n_estimators"":400}",ok,757,2.605730422240353,2.44857554037964,2.5402906208718625,2.412931191958497,1.0257607538408464,1.0147722191747257,6.430143800098449,
9dce154d413e57e12d7d,home,hist_gradient_boosting,no_dratings_prob,"{""l2_regularization"":5.0,""learning_rate"":0.025,""loss"":""squared_error"",""max_iter"":300,""max_leaf_nodes"":15,""min_samples_leaf"":10}",ok,757,2.5868117299440225,2.4495672911760877,2.5402906208718625,2.412931191958497,1.0183133019072417,1.0151832341260647,3.6504290997982025,
a76d481fea710ab76fc4,home,random_forest,dratings_plus_pitcher,"{""criterion"":""squared_error"",""max_depth"":null,""max_features"":0.6,""max_samples"":null,""min_samples_leaf"":8,""n_estimators"":400}",ok,757,2.5892087199404368,2.4495776398373468,2.5402906208718625,2.412931191958497,1.019256890792985,1.0151875229600331,2.939118000213057,
ce4fe446932699f2a6dd,home,random_forest,no_dratings_prob,"{""criterion"":""poisson"",""max_depth"":14,""max_features"":0.8,""max_samples"":null,""min_samples_leaf"":2,""n_estimators"":400}",ok,757,2.600674334015029,2.450501786158674,2.5402906208718625,2.412931191958497,1.0237703956575024,1.0155705203386602,19.18118209997192,
e4e04205f4a9b3a0a9a1,home,random_forest,bullpen_only,"{""criterion"":""poisson"",""max_depth"":14,""max_features"":1.0,""max_samples"":null,""min_samples_leaf"":8,""n_estimators"":400}",ok,757,2.562082151534207,2.450828348243532,2.5402906208718625,2.412931191958497,1.008578361264376,1.0157058586715333,4.808085999917239,
827975294960156b674c,home,random_forest,dratings_plus_bullpen,"{""criterion"":""squared_error"",""max_depth"":14,""max_features"":1.0,""max_samples"":null,""min_samples_leaf"":8,""n_estimators"":400}",ok,757,2.5700994217388966,2.4512367354219884,2.5402906208718625,2.412931191958497,1.0117344057495292,1.0158751080806412,3.7686421000398695,
a19b4552bb4d323f2b33,home,poisson_glm,no_dratings,"{""alpha"":1.0,""solver"":""lbfgs""}",ok,757,2.5548820231582354,2.451236850369286,2.5402906208718625,2.412931191958497,1.005743989355582,1.015875155718675,0.3021120000630617,
bbd647ec9d7f7e980a6b,home,xgboost,dratings_only,"{""colsample_bytree"":0.9,""learning_rate"":0.025,""max_depth"":3,""min_child_weight"":1.0,""n_estimators"":500,""objective"":""count:poisson"",""reg_lambda"":1.0,""subsample"":0.9,""tweedie_variance_power"":null}",ok,757,2.5930016484884164,2.451314747528597,2.5402906208718625,2.412931191958497,1.0207499989109368,1.0159074389265716,3.95734589966014,
ba784751d710ce179ff6,home,xgboost,dratings_only,"{""colsample_bytree"":0.9,""learning_rate"":0.025,""max_depth"":3,""min_child_weight"":5.0,""n_estimators"":500,""objective"":""count:poisson"",""reg_lambda"":1.0,""subsample"":0.9,""tweedie_variance_power"":null}",ok,757,2.5930166395683742,2.451390626901618,2.5402906208718625,2.412931191958497,1.0207559002357045,1.0159388858958325,3.877138600219041,
745a66f5e2e506ffcda3,home,extra_trees,bullpen_only,"{""criterion"":""squared_error"",""max_depth"":null,""max_features"":1.0,""max_samples"":null,""min_samples_leaf"":8,""n_estimators"":400}",ok,757,2.553907515480396,2.45140400054476,2.5402906208718625,2.412931191958497,1.0053603688084554,1.0159444283842325,1.678287100046873,
4788dcfe3272c5abc8aa,home,extra_trees,no_dratings,"{""criterion"":""poisson"",""max_depth"":null,""max_features"":0.6,""max_samples"":null,""min_samples_leaf"":1,""n_estimators"":400}",ok,757,2.615263198244952,2.451758895895585,2.5402906208718625,2.412931191958497,1.029513385892579,1.0160915089773337,5.507436399813741,
680c1c6e55c9af45814e,home,random_forest,all,"{""criterion"":""poisson"",""max_depth"":null,""max_features"":0.6,""max_samples"":null,""min_samples_leaf"":1,""n_estimators"":400}",ok,757,2.6000561740639583,2.4518194199420877,2.5402906208718625,2.412931191958497,1.0235270534406742,1.016116592181821,18.239943499676883,
706567d8b913efc6fc17,home,extra_trees,dratings_only,"{""criterion"":""squared_error"",""max_depth"":14,""max_features"":0.6,""max_samples"":null,""min_samples_leaf"":8,""n_estimators"":400}",ok,757,2.5898434038834988,2.452195906945107,2.5402906208718625,2.412931191958497,1.0195067377742115,1.0162726210832147,2.927069699857384,
7bfdf4bee865ecd4b8c1,home,extra_trees,all,"{""criterion"":""squared_error"",""max_depth"":null,""max_features"":1.0,""max_samples"":null,""min_samples_leaf"":2,""n_estimators"":400}",ok,757,2.6060061646851604,2.4523358984055283,2.5402906208718625,2.412931191958497,1.025869301438724,1.0163306382620252,4.374249699991196,
3b2e810a3154210eb477,home,random_forest,dratings_plus_bullpen,"{""criterion"":""poisson"",""max_depth"":14,""max_features"":1.0,""max_samples"":null,""min_samples_leaf"":2,""n_estimators"":400}",ok,757,2.562555015859849,2.452442513449633,2.5402906208718625,2.412931191958497,1.008764507023352,1.0163748231291527,6.242517699953169,
63834c4fa342799a0399,home,random_forest,bullpen_only,"{""criterion"":""poisson"",""max_depth"":null,""max_features"":1.0,""max_samples"":null,""min_samples_leaf"":8,""n_estimators"":400}",ok,757,2.5633994418121557,2.452455888681113,2.5402906208718625,2.412931191958497,1.009096920151743,1.0163803662758135,4.557923600077629,
793238b75a7fbaedf01b,home,random_forest,dratings_plus_bullpen,"{""criterion"":""squared_error"",""max_depth"":null,""max_features"":1.0,""max_samples"":null,""min_samples_leaf"":8,""n_estimators"":400}",ok,757,2.5710952651282306,2.4525378149413664,2.5402906208718625,2.412931191958497,1.0121264252220856,1.016414319278919,3.9349565003067255,
549b74b2b9a392baddf8,home,random_forest,no_dratings_prob,"{""criterion"":""poisson"",""max_depth"":null,""max_features"":0.6,""max_samples"":null,""min_samples_leaf"":2,""n_estimators"":400}",ok,757,2.5939926576788177,2.452539025584413,2.5402906208718625,2.412931191958497,1.0211401153733048,1.0164148210101955,7.52345239976421,
b88657753fb20ca31be4,home,extra_trees,dratings_only,"{""criterion"":""poisson"",""max_depth"":14,""max_features"":0.6,""max_samples"":null,""min_samples_leaf"":8,""n_estimators"":400}",ok,757,2.590530131574884,2.4529904062796013,2.5402906208718625,2.412931191958497,1.0197770720760202,1.0166018883814874,3.054350200109184,
cbab841de0b778c4dfe9,home,tweedie_glm,dratings_plus_pitcher,"{""alpha"":0.1,""power"":1.5,""solver"":""lbfgs""}",ok,757,2.557886380067182,2.4529947147516937,2.5402906208718625,2.412931191958497,1.0069266717165142,1.0166036739575148,0.2376844999380409,
e778e7a72493e308a4d0,home,random_forest,bullpen_only,"{""criterion"":""poisson"",""max_depth"":14,""max_features"":0.6,""max_samples"":null,""min_samples_leaf"":2,""n_estimators"":400}",ok,757,2.557444976224009,2.4530906076545023,2.5402906208718625,2.412931191958497,1.0067529105572413,1.0166434152079609,3.89626679988578,
08478aad5a723f9a0da3,home,extra_trees,bullpen_only,"{""criterion"":""poisson"",""max_depth"":null,""max_features"":0.6,""max_samples"":null,""min_samples_leaf"":2,""n_estimators"":400}",ok,757,2.5522262691073787,2.4537811546690707,2.5402906208718625,2.412931191958497,1.004698536512889,1.0169296011617377,1.8740368001163008,
413f3e3f93ca482c4b5b,home,extra_trees,dratings_only,"{""criterion"":""squared_error"",""max_depth"":null,""max_features"":0.6,""max_samples"":null,""min_samples_leaf"":8,""n_estimators"":400}",ok,757,2.5910730951135097,2.4540126717633326,2.5402906208718625,2.412931191958497,1.0199908127929938,1.01702554964756,2.8443909003399312,
07f9d8f380613dbbcad4,home,xgboost,all,"{""colsample_bytree"":0.9,""learning_rate"":0.025,""max_depth"":3,""min_child_weight"":1.0,""n_estimators"":500,""objective"":""reg:tweedie"",""reg_lambda"":1.0,""subsample"":0.9,""tweedie_variance_power"":1.2}",ok,757,2.535867671827974,2.45435672577151,2.5402906208718625,2.412931191958497,0.9982588806935914,1.0171681372229229,7.428918200079352,
74ddbe92b0e0abcec963,home,extra_trees,dratings_only,"{""criterion"":""poisson"",""max_depth"":null,""max_features"":0.6,""max_samples"":null,""min_samples_leaf"":8,""n_estimators"":400}",ok,757,2.5915931704591944,2.454627141955731,2.5402906208718625,2.412931191958497,1.020195543441295,1.017280206802495,3.034816099796444,
00adbd5a610eb9e8ac00,home,random_forest,dratings_plus_bullpen,"{""criterion"":""poisson"",""max_depth"":null,""max_features"":0.6,""max_samples"":null,""min_samples_leaf"":2,""n_estimators"":400}",ok,757,2.567384627577055,2.454652804454415,2.5402906208718625,2.412931191958497,1.010665711427889,1.0172908422067577,4.4674380999058485,
ee7e8f54aeb7c6814f0d,home,extra_trees,bullpen_only,"{""criterion"":""squared_error"",""max_depth"":null,""max_features"":0.6,""max_samples"":null,""min_samples_leaf"":2,""n_estimators"":400}",ok,757,2.559439880559225,2.4547746378223523,2.5402906208718625,2.412931191958497,1.0075382161119777,1.017341334060128,1.811125200241804,
7c7fadd0530ea9bd01a2,home,random_forest,all,"{""criterion"":""poisson"",""max_depth"":null,""max_features"":0.6,""max_samples"":null,""min_samples_leaf"":2,""n_estimators"":400}",ok,757,2.5961416461429576,2.454817325579515,2.5402906208718625,2.412931191958497,1.0219860770307951,1.0173590253052431,8.302464799955487,
9d3f17d46081bb302e9e,home,random_forest,dratings_plus_bullpen,"{""criterion"":""squared_error"",""max_depth"":14,""max_features"":0.6,""max_samples"":null,""min_samples_leaf"":2,""n_estimators"":400}",ok,757,2.5781306094348677,2.4551369638349305,2.5402906208718625,2.412931191958497,1.0148959289350985,1.0174914941698674,3.301931600086391,
b414ac19f4e78fc31d3e,home,random_forest,all,"{""criterion"":""poisson"",""max_depth"":14,""max_features"":1.0,""max_samples"":null,""min_samples_leaf"":2,""n_estimators"":400}",ok,757,2.5953692159844666,2.4559332436570585,2.5402906208718625,2.412931191958497,1.021682005460344,1.0178214993622168,15.289121500216424,
1fc52efdb45fbae7013c,home,extra_trees,dratings_plus_pitcher,"{""criterion"":""poisson"",""max_depth"":14,""max_features"":0.6,""max_samples"":null,""min_samples_leaf"":2,""n_estimators"":400}",ok,757,2.580260412129755,2.456290677661801,2.5402906208718625,2.412931191958497,1.0157343380042771,1.017969632059052,1.912314999848604,
682a205487fb4ededf39,home,tweedie_glm,pitcher_only,"{""alpha"":0.1,""power"":1.8,""solver"":""lbfgs""}",ok,757,2.56161706318623,2.4564559128957,2.5402906208718625,2.412931191958497,1.00839527656369,1.0180381111082888,0.0988435996696353,
138b7eb300b38de6e749,home,xgboost,all,"{""colsample_bytree"":0.9,""learning_rate"":0.05,""max_depth"":3,""min_child_weight"":5.0,""n_estimators"":500,""objective"":""count:poisson"",""reg_lambda"":1.0,""subsample"":0.9,""tweedie_variance_power"":null}",ok,757,2.556005902145466,2.456516156818394,2.5402906208718625,2.412931191958497,1.0061864107769725,1.0180630782200302,3.6204173997975886,
873e1bce93264b11d2be,home,random_forest,no_dratings_prob,"{""criterion"":""poisson"",""max_depth"":null,""max_features"":1.0,""max_samples"":null,""min_samples_leaf"":1,""n_estimators"":400}",ok,757,2.5971937139821466,2.457030875410777,2.5402906208718625,2.412931191958497,1.0224002295811154,1.0182763949503617,13.409570999909192,
b7afa943939c70c50ee4,home,random_forest,bullpen_only,"{""criterion"":""squared_error"",""max_depth"":null,""max_features"":0.6,""max_samples"":null,""min_samples_leaf"":8,""n_estimators"":400}",ok,757,2.5661476362722806,2.4571006116499747,2.5402906208718625,2.412931191958497,1.0101787626927283,1.0183052959979464,2.768045899923891,
118584bed3048798c50a,home,tweedie_glm,bullpen_only,"{""alpha"":0.1,""power"":1.8,""solver"":""lbfgs""}",ok,757,2.569329867910329,2.457139219420497,2.5402906208718625,2.412931191958497,1.0114314664628803,1.018321296359105,0.0984177002683281,
b3197feb6c92f449008d,home,random_forest,dratings_plus_bullpen,"{""criterion"":""poisson"",""max_depth"":null,""max_features"":1.0,""max_samples"":null,""min_samples_leaf"":2,""n_estimators"":400}",ok,757,2.5672625437009566,2.457316935490084,2.5402906208718625,2.412931191958497,1.0106176524085408,1.018394947887246,6.913487700279802,
67b0cb9a2428074ba300,home,random_forest,bullpen_only,"{""criterion"":""squared_error"",""max_depth"":14,""max_features"":1.0,""max_samples"":null,""min_samples_leaf"":8,""n_estimators"":400}",ok,757,2.5641916264395825,2.457352663014237,2.5402906208718625,2.412931191958497,1.0094087681824049,1.018409754577247,3.884675399865955,
36e36b8a1c9baf60488a,home,random_forest,bullpen_only,"{""criterion"":""squared_error"",""max_depth"":14,""max_features"":0.6,""max_samples"":null,""min_samples_leaf"":8,""n_estimators"":400}",ok,757,2.566506802178949,2.457568290502485,2.5402906208718625,2.412931191958497,1.010320150415738,1.0184991178748688,2.7920957999303937,
28ee9930ed85a0c74f7b,home,xgboost,all,"{""colsample_bytree"":0.9,""learning_rate"":0.05,""max_depth"":3,""min_child_weight"":1.0,""n_estimators"":500,""objective"":""count:poisson"",""reg_lambda"":1.0,""subsample"":0.9,""tweedie_variance_power"":null}",ok,757,2.558560870282716,2.4577104223548165,2.5402906208718625,2.412931191958497,1.007192188665635,1.0185580221042163,3.7530483002774417,
393bcf70eb9d29868f4a,home,random_forest,bullpen_only,"{""criterion"":""squared_error"",""max_depth"":null,""max_features"":1.0,""max_samples"":null,""min_samples_leaf"":8,""n_estimators"":400}",ok,757,2.5644212014650964,2.457772766198588,2.5402906208718625,2.412931191958497,1.0094991417103891,1.0185838594940184,3.969286199659109,
8b14e86c82f827480fa6,home,extra_trees,no_dratings,"{""criterion"":""squared_error"",""max_depth"":14,""max_features"":1.0,""max_samples"":null,""min_samples_leaf"":2,""n_estimators"":400}",ok,757,2.618992108108372,2.4582312432770004,2.5402906208718625,2.412931191958497,1.030981292687487,1.0187738678456617,3.411023600026965,
660ce53538017963e5c4,home,random_forest,all,"{""criterion"":""poisson"",""max_depth"":18,""max_features"":0.8,""max_samples"":null,""min_samples_leaf"":2,""n_estimators"":400}",ok,757,2.6013885977468862,2.458326629434389,2.5402906208718625,2.412931191958497,1.0240515696798715,1.0188133990837287,21.642146700061858,
2db6bc27dfdcedd6699c,home,xgboost,no_dratings_prob,"{""colsample_bytree"":0.9,""learning_rate"":0.025,""max_depth"":3,""min_child_weight"":5.0,""n_estimators"":500,""objective"":""reg:tweedie"",""reg_lambda"":1.0,""subsample"":0.9,""tweedie_variance_power"":1.5}",ok,757,2.500749209755478,2.458496946585673,2.5402906208718625,2.412931191958497,0.9844342962999983,1.0188839842507866,3.256804999895394,
94a43c41be1fa92710fc,home,random_forest,dratings_plus_bullpen,"{""criterion"":""squared_error"",""max_depth"":14,""max_features"":1.0,""max_samples"":null,""min_samples_leaf"":2,""n_estimators"":400}",ok,757,2.5723135130640347,2.458751963060332,2.5402906208718625,2.412931191958497,1.0126059955223474,1.0189896716717577,4.672958800103515,
2d24f10b72be5b14ae86,home,tweedie_glm,dratings_plus_pitcher,"{""alpha"":0.1,""power"":1.2,""solver"":""lbfgs""}",ok,757,2.562218324939643,2.4596416292356245,2.5402906208718625,2.412931191958497,1.0086319667079091,1.0193583793159116,0.1252970998175442,
58226944a22431fe64ed,home,lightgbm,all,"{""colsample_bytree"":0.9,""learning_rate"":0.025,""min_child_samples"":5,""n_estimators"":500,""num_leaves"":15,""objective"":""poisson"",""reg_lambda"":1.0,""subsample"":0.9,""tweedie_variance_power"":null}",ok,757,2.564006153229653,2.4597771327817086,2.5402906208718625,2.412931191958497,1.0093357555875442,1.0194145365517813,1.7881909003481269,
23cd791c807b08079d0d,home,extra_trees,no_dratings_prob,"{""criterion"":""squared_error"",""max_depth"":null,""max_features"":1.0,""max_samples"":null,""min_samples_leaf"":2,""n_estimators"":400}",ok,757,2.6137619257302216,2.460432464562002,2.5402906208718625,2.412931191958497,1.028922401340498,1.0196861281257463,3.50986050022766,
50efc1eebc098f054943,home,tweedie_glm,bullpen_only,"{""alpha"":0.1,""power"":1.5,""solver"":""lbfgs""}",ok,757,2.571159359031013,2.460477903519041,2.5402906208718625,2.412931191958497,1.0121516561552142,1.0197049595608036,0.0994985001161694,
4c092f4580efdd428596,home,xgboost,no_dratings,"{""colsample_bytree"":0.9,""learning_rate"":0.05,""max_depth"":3,""min_child_weight"":5.0,""n_estimators"":500,""objective"":""count:poisson"",""reg_lambda"":1.0,""subsample"":0.9,""tweedie_variance_power"":null}",ok,757,2.575099445869617,2.460813105847824,2.5402906208718625,2.412931191958497,1.0137026939798752,1.0198438787019295,3.161570699885488,
626b53804b5de97656ff,home,random_forest,no_dratings,"{""criterion"":""poisson"",""max_depth"":14,""max_features"":1.0,""max_samples"":null,""min_samples_leaf"":2,""n_estimators"":400}",ok,757,2.6109307159003223,2.460915578836496,2.5402906208718625,2.412931191958497,1.027807879322176,1.0198863469617017,14.784136400092391,
91bcb1faa10f045ca3a8,home,random_forest,dratings_plus_bullpen,"{""criterion"":""squared_error"",""max_depth"":null,""max_features"":0.6,""max_samples"":null,""min_samples_leaf"":2,""n_estimators"":400}",ok,757,2.583957856533236,2.4610789990161885,2.5402906208718625,2.412931191958497,1.017189858240073,1.019954073791309,3.4101681001484394,
a6f015d1f9f94ffa12ea,home,lightgbm,all,"{""colsample_bytree"":0.9,""learning_rate"":0.025,""min_child_samples"":10,""n_estimators"":500,""num_leaves"":15,""objective"":""poisson"",""reg_lambda"":1.0,""subsample"":0.9,""tweedie_variance_power"":null}",ok,757,2.577939369997632,2.461714203032606,2.5402906208718625,2.412931191958497,1.014820646431725,1.0202173237416328,3.530402400065213,
17ad16b7c84bf8122572,home,lightgbm,all,"{""colsample_bytree"":0.9,""learning_rate"":0.025,""min_child_samples"":10,""n_estimators"":500,""num_leaves"":15,""objective"":""poisson"",""reg_lambda"":1.0,""subsample"":0.75,""tweedie_variance_power"":null}",ok,757,2.577939369997632,2.461714203032606,2.5402906208718625,2.412931191958497,1.014820646431725,1.0202173237416328,3.1772007001563907,
532dd890abcc94efed1e,home,lightgbm,all,"{""colsample_bytree"":0.9,""learning_rate"":0.025,""min_child_samples"":10,""n_estimators"":500,""num_leaves"":15,""objective"":""poisson"",""reg_lambda"":1.0,""subsample"":1.0,""tweedie_variance_power"":null}",ok,757,2.577939369997632,2.461714203032606,2.5402906208718625,2.412931191958497,1.014820646431725,1.0202173237416328,1.78326869988814,
a0258e5c1102cd0ab054,home,lightgbm,all,"{""colsample_bytree"":0.85,""learning_rate"":0.025,""min_child_samples"":10,""n_estimators"":500,""num_leaves"":15,""objective"":""poisson"",""reg_lambda"":1.0,""subsample"":0.9,""tweedie_variance_power"":null}",ok,757,2.5777434624267337,2.46246447134853,2.5402906208718625,2.412931191958497,1.0147435262907112,1.0205282602152568,1.7106776000000536,
cc41c2978082dc07635a,home,hist_gradient_boosting,dratings_plus_bullpen,"{""l2_regularization"":0.0,""learning_rate"":0.025,""loss"":""squared_error"",""max_iter"":300,""max_leaf_nodes"":15,""min_samples_leaf"":10}",ok,757,2.556738630963469,2.462509728380734,2.5402906208718625,2.412931191958497,1.0064748536866075,1.0205470162545314,2.782378999982029,
7ecd229d27cc4fffacd7,home,lightgbm,all,"{""colsample_bytree"":0.9,""learning_rate"":0.025,""min_child_samples"":10,""n_estimators"":500,""num_leaves"":15,""objective"":""poisson"",""reg_lambda"":5.0,""subsample"":0.9,""tweedie_variance_power"":null}",ok,757,2.577107884246145,2.4628276541658027,2.5402906208718625,2.412931191958497,1.014493327287744,1.020678775413735,2.838329100050032,
bdc89573f97d9f73c005,home,tweedie_glm,bullpen_only,"{""alpha"":0.1,""power"":1.2,""solver"":""lbfgs""}",ok,757,2.5728873313317973,2.463459313309894,2.5402906208718625,2.412931191958497,1.0128318823807438,1.020940556249507,0.1037129000760614,
740cd30ef080f6863509,home,random_forest,no_dratings,"{""criterion"":""poisson"",""max_depth"":null,""max_features"":1.0,""max_samples"":null,""min_samples_leaf"":2,""n_estimators"":400}",ok,757,2.6118315248084576,2.464098713738528,2.5402906208718625,2.412931191958497,1.0281624879251183,1.0212055453344693,14.99992370000109,
662ee0564dd482bfc2a1,home,poisson_glm,dratings_plus_pitcher,"{""alpha"":0.1,""solver"":""lbfgs""}",ok,757,2.565146009433321,2.4641913442722587,2.5402906208718625,2.412931191958497,1.009784466531994,1.02124393454923,0.133755600079894,
024196db3eaf2e65228e,home,xgboost,no_dratings,"{""colsample_bytree"":0.9,""learning_rate"":0.05,""max_depth"":3,""min_child_weight"":1.0,""n_estimators"":500,""objective"":""count:poisson"",""reg_lambda"":1.0,""subsample"":0.9,""tweedie_variance_power"":null}",ok,757,2.575219582377526,2.4645839224171664,2.5402906208718625,2.412931191958497,1.0137499864065456,1.0214066321620818,3.31990069989115,
a75e3b16e2e074f4f537,home,random_forest,all,"{""criterion"":""poisson"",""max_depth"":null,""max_features"":1.0,""max_samples"":null,""min_samples_leaf"":2,""n_estimators"":400}",ok,757,2.599961826680156,2.465015113957179,2.5402906208718625,2.412931191958497,1.0234899130508983,1.0215853324671091,24.34577829996124,
df83b481d00b309ae568,home,poisson_glm,bullpen_only,"{""alpha"":0.1,""solver"":""lbfgs""}",ok,757,2.573918829086962,2.465225646288526,2.5402906208718625,2.412931191958497,1.0132379373992877,1.021672584160008,0.1056194002740085,
d020fabc841214534011,home,lightgbm,all,"{""colsample_bytree"":0.9,""learning_rate"":0.02,""min_child_samples"":10,""n_estimators"":500,""num_leaves"":15,""objective"":""poisson"",""reg_lambda"":1.0,""subsample"":0.9,""tweedie_variance_power"":null}",ok,757,2.58469162829339,2.4655066822549725,2.5402906208718625,2.412931191958497,1.0174787117098785,1.0217890549352142,1.6569548002444208,
ada04a036763f746a6fc,home,extra_trees,dratings_plus_bullpen,"{""criterion"":""squared_error"",""max_depth"":null,""max_features"":1.0,""max_samples"":null,""min_samples_leaf"":2,""n_estimators"":400}",ok,757,2.573272645782223,2.46554896921947,2.5402906208718625,2.412931191958497,1.0129835636282594,1.0218065800783425,2.4456524001434445,
fda30f69f7b8e4a69417,home,tweedie_glm,pitcher_only,"{""alpha"":0.1,""power"":1.5,""solver"":""lbfgs""}",ok,757,2.567745623506837,2.465573846143385,2.5402906208718625,2.412931191958497,1.0108078195500134,1.0218168899139473,0.1100524999201297,
2bc74884c6c3aaa8ccbf,home,random_forest,bullpen_only,"{""criterion"":""poisson"",""max_depth"":14,""max_features"":1.0,""max_samples"":null,""min_samples_leaf"":2,""n_estimators"":400}",ok,757,2.5619931349640765,2.4660187547529446,2.5402906208718625,2.412931191958497,1.0085433193800344,1.0220012750348502,5.757562700193375,
f526e08ae2b973ace3be,home,random_forest,dratings_plus_bullpen,"{""criterion"":""squared_error"",""max_depth"":null,""max_features"":1.0,""max_samples"":null,""min_samples_leaf"":2,""n_estimators"":400}",ok,757,2.581228793278496,2.466174927665292,2.5402906208718625,2.412931191958497,1.0161155468080196,1.022065998352642,5.012421200051904,
cba73bb7ff18a20a2630,home,lightgbm,all,"{""colsample_bytree"":0.9,""learning_rate"":0.025,""min_child_samples"":10,""n_estimators"":500,""num_leaves"":15,""objective"":""poisson"",""reg_lambda"":0.0,""subsample"":0.9,""tweedie_variance_power"":null}",ok,757,2.5774591526200954,2.466688156367933,2.5402906208718625,2.412931191958497,1.0146316061016185,1.022278697622456,1.5731402998790145,
e79d73ebe014d8f7f872,home,random_forest,no_dratings,"{""criterion"":""poisson"",""max_depth"":null,""max_features"":1.0,""max_samples"":null,""min_samples_leaf"":1,""n_estimators"":400}",ok,757,2.6164334714130084,2.466809315701058,2.5402906208718625,2.412931191958497,1.0299740706498426,1.022328910133086,19.586540800053623,
dccb05d13c812da72972,home,random_forest,bullpen_only,"{""criterion"":""squared_error"",""max_depth"":14,""max_features"":1.0,""max_samples"":null,""min_samples_leaf"":2,""n_estimators"":400}",ok,757,2.569484195080452,2.467477990339215,2.5402906208718625,2.412931191958497,1.0114922182401986,1.0226060314369945,4.633682300336659,
2ed874ba7d7dd9dcf256,home,lightgbm,all,"{""colsample_bytree"":0.9,""learning_rate"":0.025,""min_child_samples"":10,""n_estimators"":500,""num_leaves"":15,""objective"":""poisson"",""reg_lambda"":0.5,""subsample"":0.9,""tweedie_variance_power"":null}",ok,757,2.584023089243576,2.4687406063372395,2.5402906208718625,2.412931191958497,1.01721553747134,1.02312930205583,1.6546979998238385,
0532d218480dfa4ca233,home,extra_trees,dratings_plus_bullpen,"{""criterion"":""poisson"",""max_depth"":null,""max_features"":1.0,""max_samples"":null,""min_samples_leaf"":2,""n_estimators"":400}",ok,757,2.560606789016796,2.4689260522439493,2.5402906208718625,2.412931191958497,1.007997576331625,1.023206157088965,2.572815800085664,
3f1ddf92bc9b2ba37333,home,tweedie_glm,bullpen_only,"{""alpha"":0.01,""power"":1.8,""solver"":""lbfgs""}",ok,757,2.575163611081803,2.47005483591171,2.5402906208718625,2.412931191958497,1.0137279529843604,1.0236739630800855,0.1071062996052205,
74887914e0796e37dcc1,home,extra_trees,no_dratings,"{""criterion"":""squared_error"",""max_depth"":22,""max_features"":1.0,""max_samples"":null,""min_samples_leaf"":2,""n_estimators"":400}",ok,757,2.632556264898878,2.470126490340748,2.5402906208718625,2.412931191958497,1.0363209009508323,1.023703659090182,7.484804899897426,
33f72d808473623d3b5b,home,tweedie_glm,bullpen_only,"{""alpha"":0.01,""power"":1.5,""solver"":""lbfgs""}",ok,757,2.5758124830329967,2.470688423989576,2.5402906208718625,2.412931191958497,1.0139833851565152,1.0239365433310177,0.1070585004054009,
329d32e920c6da08f7b9,home,extra_trees,bullpen_only,"{""criterion"":""squared_error"",""max_depth"":null,""max_features"":1.0,""max_samples"":null,""min_samples_leaf"":2,""n_estimators"":400}",ok,757,2.564286217525319,2.4711518562822548,2.5402906208718625,2.412931191958497,1.009446004506847,1.02412860529044,2.3403872000053525,
15a915abdbc0df133cdc,home,tweedie_glm,bullpen_only,"{""alpha"":0.01,""power"":1.2,""solver"":""lbfgs""}",ok,757,2.576336018891174,2.471223847603647,2.5402906208718625,2.412931191958497,1.014189478055444,1.024158440920081,0.1144091999158263,
aabf3e8f45ce277e0f12,home,poisson_glm,bullpen_only,"{""alpha"":0.01,""solver"":""lbfgs""}",ok,757,2.576646290490209,2.471582152138497,2.5402906208718625,2.412931191958497,1.0143116182532963,1.024306934393929,0.1103343996219337,
aef385291181e0a67351,home,hist_gradient_boosting,no_dratings_prob,"{""l2_regularization"":5.0,""learning_rate"":0.025,""loss"":""squared_error"",""max_iter"":300,""max_leaf_nodes"":15,""min_samples_leaf"":20}",ok,757,2.56993302906969,2.472039628100719,2.5402906208718625,2.412931191958497,1.0116689043191656,1.024496527849286,2.505057699978352,
59c788aed2c87035f1b7,home,random_forest,bullpen_only,"{""criterion"":""squared_error"",""max_depth"":null,""max_features"":0.6,""max_samples"":null,""min_samples_leaf"":2,""n_estimators"":400}",ok,757,2.582843351846564,2.472367290867324,2.5402906208718625,2.412931191958497,1.0167511270659642,1.0246323223417677,3.4202411002479494,
8365ed74c8482e272413,home,poisson_glm,bullpen_only,"{""alpha"":0.0,""solver"":""lbfgs""}",ok,757,2.577080724242922,2.472525568816501,2.5402906208718625,2.412931191958497,1.0144826355964078,1.02469791805776,0.1283959001302719,
fec53c510dd4367e54a1,home,tweedie_glm,no_dratings_prob,"{""alpha"":0.1,""power"":1.8,""solver"":""lbfgs""}",ok,757,2.5567866571728537,2.47261592218794,2.5402906208718625,2.412931191958497,1.0064937594799013,1.024735363539728,0.1686307997442782,
388a411d614c0941bb90,home,random_forest,bullpen_only,"{""criterion"":""squared_error"",""max_depth"":14,""max_features"":0.6,""max_samples"":null,""min_samples_leaf"":2,""n_estimators"":400}",ok,757,2.574400476334848,2.4726396186242714,2.5402906208718625,2.412931191958497,1.0134275406060738,1.0247451841414967,3.1633514002896845,
64e92ba5d9741c0f8054,home,extra_trees,dratings_plus_pitcher,"{""criterion"":""poisson"",""max_depth"":14,""max_features"":1.0,""max_samples"":null,""min_samples_leaf"":2,""n_estimators"":400}",ok,757,2.5961450695062047,2.473501431171226,2.5402906208718625,2.412931191958497,1.0219874246574088,1.02510234830342,2.202430199831724,
4c9b99c76cfa5b7cfdca,home,tweedie_glm,all,"{""alpha"":0.1,""power"":1.8,""solver"":""lbfgs""}",ok,757,2.557086365259027,2.4740594141756618,2.5402906208718625,2.412931191958497,1.0066117412902151,1.025333595264086,0.2804140001535415,
170b84bc99120109584e,home,xgboost,no_dratings_prob,"{""colsample_bytree"":0.9,""learning_rate"":0.025,""max_depth"":3,""min_child_weight"":5.0,""n_estimators"":500,""objective"":""reg:squarederror"",""reg_lambda"":1.0,""subsample"":0.9,""tweedie_variance_power"":null}",ok,757,2.632137707076583,2.474239209431819,2.5402906208718625,2.412931191958497,1.0361561332589564,1.0254081084772086,4.2529144999571145,
bbfe3d2adb14fe6f9d14,home,tweedie_glm,pitcher_only,"{""alpha"":0.1,""power"":1.2,""solver"":""lbfgs""}",ok,757,2.57363239565752,2.474622326563141,2.5402906208718625,2.412931191958497,1.0131251812338755,1.0255668851272015,0.1194047997705638,
e01bf15b6704e242158a,home,random_forest,bullpen_only,"{""criterion"":""squared_error"",""max_depth"":null,""max_features"":1.0,""max_samples"":null,""min_samples_leaf"":2,""n_estimators"":400}",ok,757,2.5757100374969086,2.4748912962702803,2.5402906208718625,2.412931191958497,1.0139430568825585,1.0256783552379265,4.656659399624914,
878c7da061f7226ec3c0,home,lightgbm,all,"{""colsample_bytree"":0.7,""learning_rate"":0.025,""min_child_samples"":10,""n_estimators"":500,""num_leaves"":15,""objective"":""poisson"",""reg_lambda"":1.0,""subsample"":0.9,""tweedie_variance_power"":null}",ok,757,2.58107541492772,2.475584195605177,2.5402906208718625,2.412931191958497,1.0160551685388892,1.0259655160725187,1.5929388999938965,
e56a7e1c56b339fee510,home,lightgbm,all,"{""colsample_bytree"":0.9,""learning_rate"":0.025,""min_child_samples"":20,""n_estimators"":500,""num_leaves"":15,""objective"":""poisson"",""reg_lambda"":1.0,""subsample"":0.9,""tweedie_variance_power"":null}",ok,757,2.5537719697697123,2.4757712121863777,2.5402906208718625,2.412931191958497,1.005307010460568,1.026043022046093,1.721452800091356,
19c341354ff9867e2991,home,random_forest,bullpen_only,"{""criterion"":""poisson"",""max_depth"":null,""max_features"":1.0,""max_samples"":null,""min_samples_leaf"":2,""n_estimators"":400}",ok,757,2.568496264782253,2.476014828557704,2.5402906208718625,2.412931191958497,1.0111033138014385,1.0261439848800675,6.214212900027633,
bc594c9762e2e53b5d93,home,xgboost,dratings_plus_bullpen,"{""colsample_bytree"":0.9,""learning_rate"":0.05,""max_depth"":3,""min_child_weight"":5.0,""n_estimators"":500,""objective"":""count:poisson"",""reg_lambda"":1.0,""subsample"":0.9,""tweedie_variance_power"":null}",ok,757,2.54404741565019,2.476075142756443,2.5402906208718625,2.412931191958497,1.001478883851895,1.0261689811165704,2.8188896998763084,
621385bb9f157ecbda7b,home,extra_trees,pitcher_only,"{""criterion"":""poisson"",""max_depth"":14,""max_features"":0.6,""max_samples"":null,""min_samples_leaf"":2,""n_estimators"":400}",ok,757,2.601542041032803,2.47617290463829,2.5402906208718625,2.412931191958497,1.024111973511093,1.0262094969349134,4.9519112999551,
5b989c5dd2ed102e2c2e,home,xgboost,dratings_plus_bullpen,"{""colsample_bytree"":0.9,""learning_rate"":0.05,""max_depth"":3,""min_child_weight"":1.0,""n_estimators"":500,""objective"":""count:poisson"",""reg_lambda"":1.0,""subsample"":0.9,""tweedie_variance_power"":null}",ok,757,2.5459236975862614,2.476290978822592,2.5402906208718625,2.412931191958497,1.002217493017577,1.0262584308559035,2.6839914000593126,
009b6b48b872b546fb69,home,hist_gradient_boosting,no_dratings_prob,"{""l2_regularization"":5.0,""learning_rate"":0.03,""loss"":""squared_error"",""max_iter"":300,""max_leaf_nodes"":15,""min_samples_leaf"":10}",ok,757,2.587397429969679,2.476850363907962,2.5402906208718625,2.412931191958497,1.018543866087908,1.0264902588861575,6.802677699830383,
72d790095bc7311e0349,home,tweedie_glm,dratings_plus_pitcher,"{""alpha"":0.01,""power"":1.8,""solver"":""lbfgs""}",ok,757,2.56883987381202,2.478098244660072,2.5402906208718625,2.412931191958497,1.0112385774704622,1.027007422722519,0.5020532002672553,
785c85c880b0b02ecd97,home,lightgbm,no_dratings_prob,"{""colsample_bytree"":0.9,""learning_rate"":0.025,""min_child_samples"":30,""n_estimators"":500,""num_leaves"":15,""objective"":""poisson"",""reg_lambda"":1.0,""subsample"":0.9,""tweedie_variance_power"":null}",ok,757,2.539219068728689,2.47827838270236,2.5402906208718625,2.412931191958497,0.9995781773414548,1.0270820779977663,1.6185982003808022,
528a31b6795425930031,home,extra_trees,bullpen_only,"{""criterion"":""poisson"",""max_depth"":null,""max_features"":1.0,""max_samples"":null,""min_samples_leaf"":2,""n_estimators"":400}",ok,757,2.5614900924702773,2.4783265431921992,2.5402906208718625,2.412931191958497,1.0083452938117523,1.0271020373277295,2.275619499851018,
8a195797d3b8eb3844b6,home,xgboost,dratings_plus_pitcher,"{""colsample_bytree"":0.9,""learning_rate"":0.025,""max_depth"":3,""min_child_weight"":1.0,""n_estimators"":500,""objective"":""count:poisson"",""reg_lambda"":1.0,""subsample"":0.9,""tweedie_variance_power"":null}",ok,757,2.5775233469362147,2.479100668278193,2.5402906208718625,2.412931191958497,1.0146568765630342,1.0274228608508262,2.875816499814391,
49188b995888cb158830,home,xgboost,dratings_plus_pitcher,"{""colsample_bytree"":0.9,""learning_rate"":0.025,""max_depth"":3,""min_child_weight"":5.0,""n_estimators"":500,""objective"":""count:poisson"",""reg_lambda"":1.0,""subsample"":0.9,""tweedie_variance_power"":null}",ok,757,2.5775357872208327,2.4791132136182905,2.5402906208718625,2.412931191958497,1.0146617737525587,1.0274280600625316,3.35680769989267,
7b178a7e5a0aa14c0822,home,xgboost,no_dratings_prob,"{""colsample_bytree"":0.9,""learning_rate"":0.025,""max_depth"":6,""min_child_weight"":5.0,""n_estimators"":500,""objective"":""count:poisson"",""reg_lambda"":1.0,""subsample"":0.9,""tweedie_variance_power"":null}",ok,757,2.510427070577362,2.4801086376610546,2.5402906208718625,2.412931191958497,0.9882440418237458,1.02784059733093,7.999338999856263,
ca8319e7cc35f1c9a6a3,home,xgboost,no_dratings_prob,"{""colsample_bytree"":0.9,""learning_rate"":0.025,""max_depth"":6,""min_child_weight"":1.0,""n_estimators"":500,""objective"":""count:poisson"",""reg_lambda"":1.0,""subsample"":0.9,""tweedie_variance_power"":null}",ok,757,2.5038097303168776,2.4801351326277103,2.5402906208718625,2.412931191958497,0.985639087805448,1.0278515777379735,8.00018210010603,
643c15a21a38c3883603,home,poisson_glm,pitcher_only,"{""alpha"":0.1,""solver"":""lbfgs""}",ok,757,2.5772795505984063,2.480629095490351,2.5402906208718625,2.412931191958497,1.014560904733746,1.0280562925944463,0.1351717999204993,
ac2cc458051c1c575d31,home,tweedie_glm,dratings_plus_pitcher,"{""alpha"":0.01,""power"":1.5,""solver"":""lbfgs""}",ok,757,2.571546252948425,2.4809293290577923,2.5402906208718625,2.412931191958497,1.0123039591689849,1.0281807195024502,0.2541939998045563,
cf1609c8e098bb3b1805,home,extra_trees,dratings_plus_pitcher,"{""criterion"":""poisson"",""max_depth"":null,""max_features"":0.6,""max_samples"":null,""min_samples_leaf"":2,""n_estimators"":400}",ok,757,2.5894407495956417,2.4810640785997333,2.5402906208718625,2.412931191958497,1.0193482306000523,1.0282365642535936,2.1162506002001464,
24fe793d89849fbcdf56,home,extra_trees,dratings_only,"{""criterion"":""poisson"",""max_depth"":14,""max_features"":1.0,""max_samples"":null,""min_samples_leaf"":8,""n_estimators"":400}",ok,757,2.609641532257597,2.4814746569505908,2.5402906208718625,2.412931191958497,1.0273003847732716,1.0284067217583852,2.9719962999224663,
f4b71d7bd2b92200a826,home,extra_trees,dratings_only,"{""criterion"":""squared_error"",""max_depth"":14,""max_features"":1.0,""max_samples"":null,""min_samples_leaf"":8,""n_estimators"":400}",ok,757,2.6090232533097906,2.482108873915431,2.5402906208718625,2.412931191958497,1.0270569957126945,1.0286695626412723,3.0642460002563894,
be405fea2aa594059b1a,home,xgboost,no_dratings,"{""colsample_bytree"":0.9,""learning_rate"":0.025,""max_depth"":3,""min_child_weight"":5.0,""n_estimators"":500,""objective"":""reg:tweedie"",""reg_lambda"":1.0,""subsample"":0.9,""tweedie_variance_power"":1.5}",ok,757,2.529342470584804,2.4823111140704333,2.5402906208718625,2.412931191958497,0.9956901977289112,1.0287533777768536,3.272928799968213,
304d95604eb3e44a7e2b,home,lightgbm,no_dratings_prob,"{""colsample_bytree"":0.9,""learning_rate"":0.025,""min_child_samples"":10,""n_estimators"":500,""num_leaves"":15,""objective"":""poisson"",""reg_lambda"":1.0,""subsample"":0.9,""tweedie_variance_power"":null}",ok,757,2.583483984351297,2.482371456724082,2.5402906208718625,2.412931191958497,1.017003315732674,1.02877838580603,1.8231106996536253,
af230da2793212e91dfa,home,extra_trees,no_dratings,"{""criterion"":""squared_error"",""max_depth"":null,""max_features"":1.0,""max_samples"":null,""min_samples_leaf"":2,""n_estimators"":400}",ok,757,2.636761889035667,2.4824584419968616,2.5402906208718625,2.412931191958497,1.0379764690587625,1.028814435434411,4.663910000119358,
81755405b838a68ac651,home,lightgbm,dratings_plus_bullpen,"{""colsample_bytree"":0.9,""learning_rate"":0.025,""min_child_samples"":10,""n_estimators"":500,""num_leaves"":15,""objective"":""poisson"",""reg_lambda"":1.0,""subsample"":0.9,""tweedie_variance_power"":null}",ok,757,2.540703864694497,2.4826639208956864,2.5402906208718625,2.412931191958497,1.0001626758053743,1.0288995928145757,3.364431499969214,
e9a713dca6bd409b1e19,home,tweedie_glm,no_dratings_prob,"{""alpha"":0.1,""power"":1.5,""solver"":""lbfgs""}",ok,757,2.5621979412810165,2.4828989436155218,2.5402906208718625,2.412931191958497,1.008623942563562,1.0289969941497727,0.1754325004294514,
b42ae6b62bdfc4c09960,home,random_forest,dratings_plus_pitcher,"{""criterion"":""poisson"",""max_depth"":14,""max_features"":0.6,""max_samples"":null,""min_samples_leaf"":2,""n_estimators"":400}",ok,757,2.610353673028387,2.4834030735512784,2.5402906208718625,2.412931191958497,1.0275807230798175,1.029205922583968,4.754569000098854,
8109d56f5229e443c138,home,tweedie_glm,all,"{""alpha"":0.1,""power"":1.5,""solver"":""lbfgs""}",ok,757,2.5623026177115427,2.483684525177832,2.5402906208718625,2.412931191958497,1.0086651490419334,1.0293225656227298,0.3055362999439239,
205edad00ac45164ffa1,home,extra_trees,pitcher_only,"{""criterion"":""squared_error"",""max_depth"":14,""max_features"":0.6,""max_samples"":null,""min_samples_leaf"":2,""n_estimators"":400}",ok,757,2.617674922378878,2.484206970897352,2.5402906208718625,2.412931191958497,1.03046277495622,1.0295390847349453,1.68356079980731,
4527b1e94d3703f19cb4,home,tweedie_glm,dratings_plus_pitcher,"{""alpha"":0.01,""power"":1.2,""solver"":""lbfgs""}",ok,757,2.574759652812797,2.48436998783597,2.5402906208718625,2.412931191958497,1.013568932490529,1.0296066444478629,0.1954530999064445,
8cf97a0c871b00b19079,home,extra_trees,dratings_only,"{""criterion"":""poisson"",""max_depth"":null,""max_features"":1.0,""max_samples"":null,""min_samples_leaf"":8,""n_estimators"":400}",ok,757,2.611481522406017,2.484585761680329,2.5402906208718625,2.412931191958497,1.0280247074682034,1.029696068400389,2.946626600343734,
58c6d5e72460bc222b08,home,extra_trees,dratings_only,"{""criterion"":""squared_error"",""max_depth"":null,""max_features"":1.0,""max_samples"":null,""min_samples_leaf"":8,""n_estimators"":400}",ok,757,2.611051268071799,2.484870834496896,2.5402906208718625,2.412931191958497,1.0278553353771982,1.0298142121823242,2.863435300067067,
901c929e803eeba8a0fb,home,xgboost,no_dratings,"{""colsample_bytree"":0.9,""learning_rate"":0.025,""max_depth"":6,""min_child_weight"":1.0,""n_estimators"":500,""objective"":""count:poisson"",""reg_lambda"":1.0,""subsample"":0.9,""tweedie_variance_power"":null}",ok,757,2.520755217758793,2.4856790000048994,2.5402906208718625,2.412931191958497,0.992309776309624,1.0301491432034393,8.014351699966937,
a1e15ba22d5dbb24b879,home,xgboost,no_dratings_prob,"{""colsample_bytree"":0.9,""learning_rate"":0.025,""max_depth"":3,""min_child_weight"":1.0,""n_estimators"":500,""objective"":""reg:tweedie"",""reg_lambda"":1.0,""subsample"":0.9,""tweedie_variance_power"":1.5}",ok,757,2.504997603329516,2.485967734877665,2.5402906208718625,2.412931191958497,0.9861067008426644,1.030268804664872,3.6295990999788046,
b3c2ff41f5acdcc44ab2,home,lightgbm,all,"{""colsample_bytree"":1.0,""learning_rate"":0.025,""min_child_samples"":10,""n_estimators"":500,""num_leaves"":15,""objective"":""poisson"",""reg_lambda"":1.0,""subsample"":0.9,""tweedie_variance_power"":null}",ok,757,2.603576068352132,2.48602910144589,2.5402906208718625,2.412931191958497,1.0249126800533352,1.0302942370387538,1.805089599918574,
e3ddfd92c5f23e965b16,home,hist_gradient_boosting,no_dratings_prob,"{""l2_regularization"":0.0,""learning_rate"":0.025,""loss"":""squared_error"",""max_iter"":300,""max_leaf_nodes"":15,""min_samples_leaf"":30}",ok,757,2.595984625695327,2.486386350470838,2.5402906208718625,2.412931191958497,1.02192426502931,1.0304422930737285,4.17582180025056,
33abb3f1cb0b7ec5f5fc,home,tweedie_glm,no_dratings,"{""alpha"":0.1,""power"":1.8,""solver"":""lbfgs""}",ok,757,2.5665583319094973,2.4868418939316377,2.5402906208718625,2.412931191958497,1.01034043539027,1.030631085635372,0.2662678002379834,
ec44b009c6b5b6ef097c,home,poisson_glm,dratings_plus_pitcher,"{""alpha"":0.01,""solver"":""lbfgs""}",ok,757,2.577068813984545,2.4871439512840325,2.5402906208718625,2.412931191958497,1.014477947054759,1.0307562683813207,0.2289005001075565,
427731a38a461226de29,home,extra_trees,no_dratings,"{""criterion"":""poisson"",""max_depth"":14,""max_features"":1.0,""max_samples"":null,""min_samples_leaf"":1,""n_estimators"":400}",ok,757,2.6407845384740347,2.487374994166468,2.5402906208718625,2.412931191958497,1.039560008125244,1.0308520203377816,6.852767799980938,
530183b872ea2d09a359,home,xgboost,all,"{""colsample_bytree"":0.9,""learning_rate"":0.025,""max_depth"":3,""min_child_weight"":1.0,""n_estimators"":500,""objective"":""reg:squarederror"",""reg_lambda"":1.0,""subsample"":0.9,""tweedie_variance_power"":null}",ok,757,2.644536150966327,2.4877067907098778,2.5402906208718625,2.412931191958497,1.0410368519404627,1.0309895280066763,3.470525400247425,
7da56152ab6c0d9ad51e,home,hist_gradient_boosting,all,"{""l2_regularization"":5.0,""learning_rate"":0.025,""loss"":""squared_error"",""max_iter"":300,""max_leaf_nodes"":15,""min_samples_leaf"":10}",ok,757,2.610898763470147,2.487803302293524,2.5402906208718625,2.412931191958497,1.0277953010644312,1.0310295256593105,4.793289199937135,
680ba648673a866759ac,home,hist_gradient_boosting,all,"{""l2_regularization"":5.0,""learning_rate"":0.025,""loss"":""poisson"",""max_iter"":300,""max_leaf_nodes"":15,""min_samples_leaf"":10}",ok,757,2.564584447141661,2.48928639058222,2.5402906208718625,2.412931191958497,1.0095634043090156,1.0316441674251586,2.524031799752265,
336ec2fbda1ae2bffc77,home,xgboost,bullpen_only,"{""colsample_bytree"":0.9,""learning_rate"":0.025,""max_depth"":3,""min_child_weight"":1.0,""n_estimators"":500,""objective"":""reg:squarederror"",""reg_lambda"":1.0,""subsample"":0.9,""tweedie_variance_power"":null}",ok,757,2.5584082852266583,2.489365696564105,2.5402906208718625,2.412931191958497,1.007132122681529,1.0316770344966069,2.5010784999467432,
a690b5900679405e1ede,home,hist_gradient_boosting,no_dratings_prob,"{""l2_regularization"":5.0,""learning_rate"":0.025,""loss"":""squared_error"",""max_iter"":300,""max_leaf_nodes"":15,""min_samples_leaf"":30}",ok,757,2.5809199530871787,2.489804265868901,2.5402906208718625,2.412931191958497,1.0159939700920408,1.0318587923959857,3.969509500078857,
d267fee6bf795a9397fb,home,random_forest,bullpen_only,"{""criterion"":""poisson"",""max_depth"":null,""max_features"":0.6,""max_samples"":null,""min_samples_leaf"":2,""n_estimators"":400}",ok,757,2.5676246721316,2.4904118967900715,2.5402906208718625,2.412931191958497,1.0107602063461367,1.0321106151264454,4.220564699731767,
fe1fbc103232bc112306,home,xgboost,all,"{""colsample_bytree"":0.9,""learning_rate"":0.025,""max_depth"":3,""min_child_weight"":5.0,""n_estimators"":500,""objective"":""reg:squarederror"",""reg_lambda"":1.0,""subsample"":0.9,""tweedie_variance_power"":null}",ok,757,2.648140885555917,2.4904371558398464,2.5402906208718625,2.412931191958497,1.0424558764252885,1.032121083327884,3.60677279997617,
2a5f548fc1c6657c8d6f,home,xgboost,all,"{""colsample_bytree"":0.9,""learning_rate"":0.025,""max_depth"":3,""min_child_weight"":1.0,""n_estimators"":500,""objective"":""reg:absoluteerror"",""reg_lambda"":1.0,""subsample"":0.9,""tweedie_variance_power"":null}",ok,757,2.5999880136240425,2.491112226117896,2.5402906208718625,2.412931191958497,1.023500221691836,1.0324008552004926,4.563683700282127,
97c02da14f452bad6449,home,hist_gradient_boosting,dratings_plus_bullpen,"{""l2_regularization"":0.0,""learning_rate"":0.025,""loss"":""poisson"",""max_iter"":300,""max_leaf_nodes"":15,""min_samples_leaf"":10}",ok,757,2.5415274974194317,2.4912854221255216,2.5402906208718625,2.412931191958497,1.0004869035603274,1.032472633462634,2.961252000182867,
abc07fd4c7ebd112e503,home,tweedie_glm,pitcher_only,"{""alpha"":0.01,""power"":1.8,""solver"":""lbfgs""}",ok,757,2.579103428016792,2.491345417279432,2.5402906208718625,2.412931191958497,1.0152788845599126,1.032497497476208,0.1515866997651755,
e470c9f8eaf549dc5465,home,hist_gradient_boosting,all,"{""l2_regularization"":5.0,""learning_rate"":0.025,""loss"":""squared_error"",""max_iter"":300,""max_leaf_nodes"":15,""min_samples_leaf"":30}",ok,757,2.6032072892129205,2.4922354487039367,2.5402906208718625,2.412931191958497,1.0247675080260952,1.032866356491944,3.156877000350505,
cf6659287c35371ceb21,home,tweedie_glm,no_dratings_prob,"{""alpha"":0.1,""power"":1.2,""solver"":""lbfgs""}",ok,757,2.567063227350122,2.4925022594059607,2.5402906208718625,2.412931191958497,1.0105391903817174,1.0329769318381925,0.1822698996402323,
30097b2d6fc04d3568b3,home,tweedie_glm,all,"{""alpha"":0.1,""power"":1.2,""solver"":""lbfgs""}",ok,757,2.567102085299048,2.492807784586069,2.5402906208718625,2.412931191958497,1.0105544870365988,1.0331035517688087,0.3496709000319242,
b06b47c711b3c0f51491,home,extra_trees,dratings_plus_pitcher,"{""criterion"":""squared_error"",""max_depth"":null,""max_features"":0.6,""max_samples"":null,""min_samples_leaf"":2,""n_estimators"":400}",ok,757,2.6202534325369027,2.493849623126495,2.5402906208718625,2.412931191958497,1.0314778202966384,1.033535324769174,2.0440966999158263,
d220ec0967ac8d925ba1,home,extra_trees,pitcher_only,"{""criterion"":""poisson"",""max_depth"":null,""max_features"":0.6,""max_samples"":null,""min_samples_leaf"":2,""n_estimators"":400}",ok,757,2.615423549646698,2.4943014300087016,2.5402906208718625,2.412931191958497,1.029576509143292,1.0337225687667284,2.1201955997385085,
0e75b589a845dc3464da,home,hist_gradient_boosting,no_dratings_prob,"{""l2_regularization"":5.0,""learning_rate"":0.025,""loss"":""squared_error"",""max_iter"":500,""max_leaf_nodes"":15,""min_samples_leaf"":10}",ok,757,2.614119013051698,2.494328320603119,2.5402906208718625,2.412931191958497,1.029062970816503,1.0337337131352489,5.56373850023374,
e8e69fa6c0d3140e0096,home,extra_trees,dratings_plus_pitcher,"{""criterion"":""poisson"",""max_depth"":null,""max_features"":1.0,""max_samples"":null,""min_samples_leaf"":2,""n_estimators"":400}",ok,757,2.601712219024554,2.494611181415422,2.5402906208718625,2.412931191958497,1.0241789650554278,1.033850940188074,2.7792756999842823,
4b70962f8237307c1e54,home,xgboost,no_dratings,"{""colsample_bytree"":0.9,""learning_rate"":0.025,""max_depth"":6,""min_child_weight"":5.0,""n_estimators"":500,""objective"":""count:poisson"",""reg_lambda"":1.0,""subsample"":0.9,""tweedie_variance_power"":null}",ok,757,2.519869100937283,2.49499242486235,2.5402906208718625,2.412931191958497,0.9919609513310051,1.0340089403201118,8.021761800162494,
bcb17ffb34951dca0ab9,home,hist_gradient_boosting,dratings_plus_bullpen,"{""l2_regularization"":5.0,""learning_rate"":0.025,""loss"":""poisson"",""max_iter"":300,""max_leaf_nodes"":15,""min_samples_leaf"":10}",ok,757,2.5573325289474003,2.4961635514311493,2.5402906208718625,2.412931191958497,1.0067086450406564,1.034494294636349,3.511921199969948,
03f6a88b689bd751fabb,home,lightgbm,all,"{""colsample_bytree"":0.9,""learning_rate"":0.03,""min_child_samples"":10,""n_estimators"":500,""num_leaves"":15,""objective"":""poisson"",""reg_lambda"":1.0,""subsample"":0.9,""tweedie_variance_power"":null}",ok,757,2.59800282496168,2.496371555612155,2.5402906208718625,2.412931191958497,1.0227187407675462,1.0345804985785492,1.600532399956137,
29852e66134fb8055ba0,home,hist_gradient_boosting,no_dratings_prob,"{""l2_regularization"":5.0,""learning_rate"":0.025,""loss"":""poisson"",""max_iter"":300,""max_leaf_nodes"":15,""min_samples_leaf"":10}",ok,757,2.558547389756778,2.497015150691132,2.5402906208718625,2.412931191958497,1.0071868819791372,1.0348472260679702,2.847882700152695,
7681a83ad72cd77321ff,home,tweedie_glm,pitcher_only,"{""alpha"":0.01,""power"":1.5,""solver"":""lbfgs""}",ok,757,2.5832624105029667,2.4970783191681467,2.5402906208718625,2.412931191958497,1.0169160919140643,1.0348734052135775,0.1622604001313448,
ec2d40ed1d71a5115eb3,home,tweedie_glm,no_dratings,"{""alpha"":0.1,""power"":1.5,""solver"":""lbfgs""}",ok,757,2.573713620405511,2.4984380967131283,2.5402906208718625,2.412931191958497,1.0131571558226584,1.0354369428517471,0.2948123002424836,
e5e77d0a2c65890e139a,home,poisson_glm,no_dratings_prob,"{""alpha"":0.1,""solver"":""lbfgs""}",ok,757,2.5702442687836453,2.4986926129148626,2.5402906208718625,2.412931191958497,1.011791425621019,1.0355424229427594,0.2081391997635364,
8d459dacb1402e6e60f8,home,poisson_glm,all,"{""alpha"":0.1,""solver"":""lbfgs""}",ok,757,2.5702665996662737,2.498779627641536,2.5402906208718625,2.412931191958497,1.011800216301284,1.0355784847778269,0.4058867995627224,
217991c8aab33e279bd8,home,extra_trees,dratings_plus_pitcher,"{""criterion"":""squared_error"",""max_depth"":14,""max_features"":1.0,""max_samples"":null,""min_samples_leaf"":2,""n_estimators"":400}",ok,757,2.634005007326434,2.499090097016749,2.5402906208718625,2.412931191958497,1.0368912067322469,1.0357071537495106,2.0779408998787403,
dcc6c41afa8463361ebc,home,hist_gradient_boosting,dratings_plus_bullpen,"{""l2_regularization"":5.0,""learning_rate"":0.025,""loss"":""squared_error"",""max_iter"":300,""max_leaf_nodes"":15,""min_samples_leaf"":10}",ok,757,2.581599788618171,2.499709779336539,2.5402906208718625,2.412931191958497,1.016261591255307,1.0359639709856818,3.0465433998033404,
383305a8939692068818,home,hist_gradient_boosting,all,"{""l2_regularization"":0.0,""learning_rate"":0.025,""loss"":""squared_error"",""max_iter"":300,""max_leaf_nodes"":15,""min_samples_leaf"":30}",ok,757,2.6015391893439705,2.4997806321168183,2.5402906208718625,2.412931191958497,1.0241108509273975,1.0359933347655177,10.946904700249434,
5de4e0c0bb46d5cdb2d7,home,xgboost,all,"{""colsample_bytree"":0.9,""learning_rate"":0.025,""max_depth"":3,""min_child_weight"":5.0,""n_estimators"":500,""objective"":""reg:tweedie"",""reg_lambda"":1.0,""subsample"":0.9,""tweedie_variance_power"":1.5}",ok,757,2.53755802049977,2.4998935997749654,2.5402906208718625,2.412931191958497,0.998924296161376,1.0360401523699827,6.328850600402802,
4dd0afa8252ff8b9d75b,home,xgboost,dratings_only,"{""colsample_bytree"":0.9,""learning_rate"":0.025,""max_depth"":3,""min_child_weight"":5.0,""n_estimators"":500,""objective"":""reg:squarederror"",""reg_lambda"":1.0,""subsample"":0.9,""tweedie_variance_power"":null}",ok,757,2.624990260742772,2.500411168802419,2.5402906208718625,2.412931191958497,1.0333424999387824,1.036254650416665,2.0772195998579264,
9150f2e747a3118b367e,home,xgboost,bullpen_only,"{""colsample_bytree"":0.9,""learning_rate"":0.025,""max_depth"":3,""min_child_weight"":5.0,""n_estimators"":500,""objective"":""reg:squarederror"",""reg_lambda"":1.0,""subsample"":0.9,""tweedie_variance_power"":null}",ok,757,2.5612199813560577,2.501084255892617,2.5402906208718625,2.412931191958497,1.0082389630195194,1.0365336003893957,2.506371099967509,
8b19b88142506dfa7df1,home,lightgbm,all,"{""colsample_bytree"":0.9,""learning_rate"":0.025,""min_child_samples"":10,""n_estimators"":800,""num_leaves"":15,""objective"":""poisson"",""reg_lambda"":1.0,""subsample"":0.9,""tweedie_variance_power"":null}",ok,757,2.564945354954203,2.501145670385565,2.5402906208718625,2.412931191958497,1.0097054777432823,1.0365590526248976,4.833425300195813,
629b097e797b0b7cbd95,home,extra_trees,no_dratings,"{""criterion"":""poisson"",""max_depth"":null,""max_features"":1.0,""max_samples"":null,""min_samples_leaf"":1,""n_estimators"":400}",ok,757,2.6566794245769643,2.501291897943295,2.5402906208718625,2.412931191958497,1.0458171213753311,1.036619654252585,5.4286206997931,
373b387dfc5a5ef59e08,home,extra_trees,bullpen_only,"{""criterion"":""absolute_error"",""max_depth"":14,""max_features"":0.6,""max_samples"":null,""min_samples_leaf"":8,""n_estimators"":400}",ok,757,2.517253963011889,2.501865399586929,2.5402906208718625,2.412931191958497,0.9909314872594904,1.0368573326603014,11.47854660032317,
a418349a66df84dfa2cc,home,xgboost,no_dratings_prob,"{""colsample_bytree"":0.9,""learning_rate"":0.025,""max_depth"":3,""min_child_weight"":1.0,""n_estimators"":500,""objective"":""reg:squarederror"",""reg_lambda"":1.0,""subsample"":0.9,""tweedie_variance_power"":null}",ok,757,2.6571728172201463,2.502686747734693,2.5402906208718625,2.412931191958497,1.0460113482244675,1.037197727011579,3.768316200003028,
8ef6cad4bd23698bb865,home,random_forest,dratings_plus_pitcher,"{""criterion"":""poisson"",""max_depth"":null,""max_features"":0.6,""max_samples"":null,""min_samples_leaf"":2,""n_estimators"":400}",ok,757,2.6240899648728666,2.5028579907414885,2.5402906208718625,2.412931191958497,1.0329880932962872,1.0372686958843615,4.733608500100672,
fba3fc5243959b16f18e,home,tweedie_glm,pitcher_only,"{""alpha"":0.01,""power"":1.2,""solver"":""lbfgs""}",ok,757,2.587760442080811,2.503146855012408,2.5402906208718625,2.412931191958497,1.018686767891406,1.0373884109727496,0.1823642998933792,
adfa14daaa9a5cca8b46,home,xgboost,bullpen_only,"{""colsample_bytree"":0.9,""learning_rate"":0.05,""max_depth"":3,""min_child_weight"":1.0,""n_estimators"":500,""objective"":""count:poisson"",""reg_lambda"":1.0,""subsample"":0.9,""tweedie_variance_power"":null}",ok,757,2.554822014376541,2.503169335654217,2.5402906208718625,2.412931191958497,1.005720366553844,1.0373977277082969,2.624890500213951,
cb7883c3a6c87fa5e2ca,home,xgboost,bullpen_only,"{""colsample_bytree"":0.9,""learning_rate"":0.05,""max_depth"":3,""min_child_weight"":5.0,""n_estimators"":500,""objective"":""count:poisson"",""reg_lambda"":1.0,""subsample"":0.9,""tweedie_variance_power"":null}",ok,757,2.555355207450796,2.5057771335558,2.5402906208718625,2.412931191958497,1.0059302610713745,1.0384784870396335,3.0014979001134634,
f984473070165feb1300,home,lightgbm,no_dratings_prob,"{""colsample_bytree"":0.9,""learning_rate"":0.025,""min_child_samples"":30,""n_estimators"":500,""num_leaves"":15,""objective"":""regression"",""reg_lambda"":1.0,""subsample"":0.9,""tweedie_variance_power"":null}",ok,757,2.594584942603438,2.505849482177507,2.5402906208718625,2.412931191958497,1.021373271737287,1.0385084707465655,1.9853725000284608,
548d9b869a8c446c75c1,home,hist_gradient_boosting,no_dratings,"{""l2_regularization"":5.0,""learning_rate"":0.025,""loss"":""squared_error"",""max_iter"":300,""max_leaf_nodes"":15,""min_samples_leaf"":30}",ok,757,2.592951687862909,2.507340722858707,2.5402906208718625,2.412931191958497,1.0207303316236205,1.0391264911385976,5.239252100232989,
46fb52fbcb8737f54024,home,poisson_glm,pitcher_only,"{""alpha"":0.01,""solver"":""lbfgs""}",ok,757,2.5907929180793583,2.5074897954674182,2.5402906208718625,2.412931191958497,1.0198805194935383,1.0391882718512877,0.1997458003461361,
96a01cef81b586d264d6,home,extra_trees,dratings_plus_pitcher,"{""criterion"":""squared_error"",""max_depth"":null,""max_features"":1.0,""max_samples"":null,""min_samples_leaf"":2,""n_estimators"":400}",ok,757,2.636538374640917,2.5085270166470197,2.5402906208718625,2.412931191958497,1.037888481332904,1.039618131261725,2.568410499952733,
8287e9eeb813ae9e5923,home,xgboost,dratings_only,"{""colsample_bytree"":0.9,""learning_rate"":0.025,""max_depth"":3,""min_child_weight"":5.0,""n_estimators"":500,""objective"":""reg:tweedie"",""reg_lambda"":1.0,""subsample"":0.9,""tweedie_variance_power"":1.5}",ok,757,2.604799762584732,2.5093888112167764,2.5402906208718625,2.412931191958497,1.0253943943196266,1.039975287973292,3.946143299806863,
a3e93757a93b73cfa170,home,tweedie_glm,no_dratings,"{""alpha"":0.1,""power"":1.2,""solver"":""lbfgs""}",ok,757,2.580279985712118,2.5096127133280723,2.5402906208718625,2.412931191958497,1.0157420432574484,1.0400680805535536,0.3589375000447035,
17b6d26123b8b502db2e,home,xgboost,no_dratings,"{""colsample_bytree"":0.9,""learning_rate"":0.025,""max_depth"":3,""min_child_weight"":1.0,""n_estimators"":500,""objective"":""reg:tweedie"",""reg_lambda"":1.0,""subsample"":0.9,""tweedie_variance_power"":1.5}",ok,757,2.5401884222912505,2.5097490555709445,2.5402906208718625,2.412931191958497,0.9999597689414856,1.0401245853736358,3.3053262000903487,
ff3382bd02d6c7e26253,home,xgboost,all,"{""colsample_bytree"":0.9,""learning_rate"":0.025,""max_depth"":6,""min_child_weight"":1.0,""n_estimators"":500,""objective"":""count:poisson"",""reg_lambda"":1.0,""subsample"":0.9,""tweedie_variance_power"":null}",ok,757,2.529269312457963,2.5133081173374734,2.5402906208718625,2.412931191958497,0.995661398611897,1.0415995805075169,9.239835999906065,
50ffbd30d78fd63da224,home,random_forest,dratings_plus_pitcher,"{""criterion"":""poisson"",""max_depth"":14,""max_features"":1.0,""max_samples"":null,""min_samples_leaf"":2,""n_estimators"":400}",ok,757,2.6300123226919023,2.5137509680153305,2.5402906208718625,2.412931191958497,1.03531946348298,1.0417831127521715,6.984110000077635,
4d450135a9a582681893,home,random_forest,pitcher_only,"{""criterion"":""poisson"",""max_depth"":null,""max_features"":0.6,""max_samples"":null,""min_samples_leaf"":2,""n_estimators"":400}",ok,757,2.643414377781331,2.513998009379646,2.5402906208718625,2.412931191958497,1.0405952594802224,1.041885495018661,4.3316631000489,
73fe26446bb2a08c0555,home,hist_gradient_boosting,no_dratings_prob,"{""l2_regularization"":5.0,""learning_rate"":0.05,""loss"":""squared_error"",""max_iter"":300,""max_leaf_nodes"":15,""min_samples_leaf"":30}",ok,757,2.6155123757888545,2.514030978656872,2.5402906208718625,2.412931191958497,1.0296114760645674,1.0418991585981845,2.4598011998459697,
cf6787a3ce879b7c6969,home,lightgbm,bullpen_only,"{""colsample_bytree"":0.9,""learning_rate"":0.025,""min_child_samples"":10,""n_estimators"":500,""num_leaves"":15,""objective"":""poisson"",""reg_lambda"":1.0,""subsample"":0.9,""tweedie_variance_power"":null}",ok,757,2.544498248314212,2.5143296869973955,2.5402906208718625,2.412931191958497,1.001656356720675,1.0420229534007543,1.0545747000724075,
72f6fd3599bddd9bd75c,home,xgboost,all,"{""colsample_bytree"":0.9,""learning_rate"":0.025,""max_depth"":6,""min_child_weight"":5.0,""n_estimators"":500,""objective"":""count:poisson"",""reg_lambda"":1.0,""subsample"":0.9,""tweedie_variance_power"":null}",ok,757,2.52815270896317,2.514383006981087,2.5402906208718625,2.412931191958497,0.9952218412299114,1.0420450509988413,8.9192910999991,
0b46b45d0843320b796c,home,hist_gradient_boosting,bullpen_only,"{""l2_regularization"":0.0,""learning_rate"":0.025,""loss"":""squared_error"",""max_iter"":300,""max_leaf_nodes"":15,""min_samples_leaf"":10}",ok,757,2.573668563579711,2.515062927385259,2.5402906208718625,2.412931191958497,1.0131394189442753,1.0423268329271609,3.178658700082451,
76f65319ba0f15bda2f4,home,extra_trees,pitcher_only,"{""criterion"":""poisson"",""max_depth"":14,""max_features"":1.0,""max_samples"":null,""min_samples_leaf"":2,""n_estimators"":400}",ok,757,2.633181973361068,2.515167176407102,2.5402906208718625,2.412931191958497,1.036567214682438,1.0423700372349298,2.4493400999344885,
a4ae1011e23eeb92d0dd,home,hist_gradient_boosting,no_dratings_prob,"{""l2_regularization"":0.0,""learning_rate"":0.025,""loss"":""poisson"",""max_iter"":300,""max_leaf_nodes"":15,""min_samples_leaf"":10}",ok,757,2.591319254513412,2.5153084980231566,2.5402906208718625,2.412931191958497,1.0200877148552536,1.04242860567506,3.181350799743086,
3129fff826e8a917d7c5,home,xgboost,dratings_only,"{""colsample_bytree"":0.9,""learning_rate"":0.025,""max_depth"":3,""min_child_weight"":1.0,""n_estimators"":500,""objective"":""reg:squarederror"",""reg_lambda"":1.0,""subsample"":0.9,""tweedie_variance_power"":null}",ok,757,2.63771265627056,2.515495666304448,2.5402906208718625,2.412931191958497,1.038350744044105,1.0425061745182642,2.253838200122118,
af2654421383e2aac538,home,poisson_glm,no_dratings,"{""alpha"":0.1,""solver"":""lbfgs""}",ok,757,2.584308942275084,2.5169054206636416,2.5402906208718625,2.412931191958497,1.0173280651597705,1.043090424232426,0.5094118001870811,
da9ae30663d64514eb2e,home,hist_gradient_boosting,no_dratings_prob,"{""l2_regularization"":5.0,""learning_rate"":0.025,""loss"":""poisson"",""max_iter"":300,""max_leaf_nodes"":15,""min_samples_leaf"":30}",ok,757,2.555103041480473,2.517185675900225,2.5402906208718625,2.412931191958497,1.005830994488153,1.0432065714468668,2.945536599960178,
5d01f84017d878078ae9,home,xgboost,pitcher_only,"{""colsample_bytree"":0.9,""learning_rate"":0.025,""max_depth"":3,""min_child_weight"":5.0,""n_estimators"":500,""objective"":""count:poisson"",""reg_lambda"":1.0,""subsample"":0.9,""tweedie_variance_power"":null}",ok,757,2.612178508640123,2.517700979123677,2.5402906208718625,2.412931191958497,1.0282990801043022,1.0434201304680146,2.8752283002249897,
052e045459f261f6ecd9,home,xgboost,pitcher_only,"{""colsample_bytree"":0.9,""learning_rate"":0.025,""max_depth"":3,""min_child_weight"":1.0,""n_estimators"":500,""objective"":""count:poisson"",""reg_lambda"":1.0,""subsample"":0.9,""tweedie_variance_power"":null}",ok,757,2.612178501081278,2.517700995232771,2.5402906208718625,2.412931191958497,1.0282990771287197,1.043420137144166,2.7200532001443207,
719ccf97d29d09614174,home,xgboost,dratings_only,"{""colsample_bytree"":0.9,""learning_rate"":0.05,""max_depth"":3,""min_child_weight"":5.0,""n_estimators"":500,""objective"":""count:poisson"",""reg_lambda"":1.0,""subsample"":0.9,""tweedie_variance_power"":null}",ok,757,2.6356752706172446,2.5177460489838897,2.5402906208718625,2.412931191958497,1.0375487154743912,1.0434388089369089,3.898310899734497,
b13d3a2309daccd31897,home,random_forest,pitcher_only,"{""criterion"":""poisson"",""max_depth"":14,""max_features"":0.6,""max_samples"":null,""min_samples_leaf"":2,""n_estimators"":400}",ok,757,2.6414762418303765,2.518045388697111,2.5402906208718625,2.412931191958497,1.0398323011261543,1.0435628654016014,3.9763332000002265,
b6ffe79dabe6296f1610,home,hist_gradient_boosting,no_dratings_prob,"{""l2_regularization"":1.0,""learning_rate"":0.025,""loss"":""squared_error"",""max_iter"":300,""max_leaf_nodes"":15,""min_samples_leaf"":10}",ok,757,2.644874353026241,2.5181463874998053,2.5402906208718625,2.412931191958497,1.0411699871247344,1.0436047227090253,2.5176964001730084,
ae49dbfe938af2375f83,home,hist_gradient_boosting,no_dratings_prob,"{""l2_regularization"":5.0,""learning_rate"":0.025,""loss"":""squared_error"",""max_iter"":300,""max_leaf_nodes"":31,""min_samples_leaf"":10}",ok,757,2.6122406840364194,2.518519838799197,2.5402906208718625,2.412931191958497,1.0283235558063284,1.0437594935125345,5.118955499958247,
8af4f8bde1cba4c5d703,home,hist_gradient_boosting,all,"{""l2_regularization"":0.0,""learning_rate"":0.025,""loss"":""poisson"",""max_iter"":300,""max_leaf_nodes"":15,""min_samples_leaf"":10}",ok,757,2.5907246793785648,2.518714476158717,2.5402906208718625,2.412931191958497,1.0198536569368557,1.043840157793459,2.661640500184149,
c29fb3e4179a24c98339,home,hist_gradient_boosting,no_dratings_prob,"{""l2_regularization"":5.0,""learning_rate"":0.0375,""loss"":""squared_error"",""max_iter"":300,""max_leaf_nodes"":15,""min_samples_leaf"":10}",ok,757,2.62797556196004,2.5194239014024027,2.5402906208718625,2.412931191958497,1.0345176809171868,1.044134167521565,6.99273269996047,
bc1c388c602e0c899209,home,xgboost,dratings_only,"{""colsample_bytree"":0.9,""learning_rate"":0.05,""max_depth"":3,""min_child_weight"":1.0,""n_estimators"":500,""objective"":""count:poisson"",""reg_lambda"":1.0,""subsample"":0.9,""tweedie_variance_power"":null}",ok,757,2.6362128138069747,2.520326056433812,2.5402906208718625,2.412931191958497,1.0377603224398753,1.0445080509685591,3.8668213998898864,
0d949d0e2ef5a59589bd,home,random_forest,dratings_only,"{""criterion"":""squared_error"",""max_depth"":14,""max_features"":0.6,""max_samples"":null,""min_samples_leaf"":8,""n_estimators"":400}",ok,757,2.631555190073536,2.52059475761651,2.5402906208718625,2.412931191958497,1.0359268220934303,1.0446194097937065,4.518351099919528,
3cd620451fda512136ce,home,lightgbm,all,"{""colsample_bytree"":0.9,""learning_rate"":0.025,""min_child_samples"":30,""n_estimators"":500,""num_leaves"":15,""objective"":""poisson"",""reg_lambda"":1.0,""subsample"":0.9,""tweedie_variance_power"":null}",ok,757,2.577222066887593,2.52085421000415,2.5402906208718625,2.412931191958497,1.0145382759406698,1.044726935606504,3.1930733998306096,
0b5dd40a465288a3584e,home,extra_trees,pitcher_only,"{""criterion"":""squared_error"",""max_depth"":null,""max_features"":0.6,""max_samples"":null,""min_samples_leaf"":2,""n_estimators"":400}",ok,757,2.639629821522436,2.5211616322658017,2.5402906208718625,2.412931191958497,1.039105447161978,1.0448543417516425,1.8471412998624144,
dfd9af79b13631cbae01,home,random_forest,dratings_only,"{""criterion"":""poisson"",""max_depth"":14,""max_features"":0.6,""max_samples"":null,""min_samples_leaf"":8,""n_estimators"":400}",ok,757,2.6304929035091704,2.521926780636904,2.5402906208718625,2.412931191958497,1.0355086468832253,1.0451714450215792,4.644992499612272,
1e0f124e957b1e13c120,home,hist_gradient_boosting,no_dratings_prob,"{""l2_regularization"":5.0,""learning_rate"":0.05,""loss"":""squared_error"",""max_iter"":300,""max_leaf_nodes"":15,""min_samples_leaf"":10}",ok,757,2.615299706559623,2.5224741119101,2.5402906208718625,2.412931191958497,1.029527757600434,1.0453982775458637,3.04729579994455,
1f37db47146ddcff8169,home,lightgbm,no_dratings,"{""colsample_bytree"":0.9,""learning_rate"":0.025,""min_child_samples"":30,""n_estimators"":500,""num_leaves"":15,""objective"":""poisson"",""reg_lambda"":1.0,""subsample"":0.9,""tweedie_variance_power"":null}",ok,757,2.5587722394781656,2.522695383994187,2.5402906208718625,2.412931191958497,1.0072753953639997,1.0454899801542197,1.936348400078714,
8d71357d0b4e5a6ded40,home,tweedie_glm,all,"{""alpha"":0.01,""power"":1.8,""solver"":""lbfgs""}",ok,757,2.5802317131632497,2.5230461713008023,2.5402906208718625,2.412931191958497,1.0157230404912012,1.045635358235362,0.4613505997695029,
30504458904487a72e06,home,tweedie_glm,no_dratings_prob,"{""alpha"":0.01,""power"":1.8,""solver"":""lbfgs""}",ok,757,2.580310354265529,2.5234997049741006,2.5402906208718625,2.412931191958497,1.0157539980130037,1.0458233178733367,0.2544080000370741,
05ba483e685f50e8a08b,home,hist_gradient_boosting,bullpen_only,"{""l2_regularization"":5.0,""learning_rate"":0.025,""loss"":""squared_error"",""max_iter"":300,""max_leaf_nodes"":15,""min_samples_leaf"":10}",ok,757,2.5868182929399253,2.523764021401812,2.5402906208718625,2.412931191958497,1.018315885468291,1.0459328595082544,1.9125181999988852,
80174a41503f50f03692,home,xgboost,all,"{""colsample_bytree"":0.9,""learning_rate"":0.025,""max_depth"":3,""min_child_weight"":1.0,""n_estimators"":500,""objective"":""reg:tweedie"",""reg_lambda"":1.0,""subsample"":0.9,""tweedie_variance_power"":1.5}",ok,757,2.5281117406515023,2.5239320983688294,2.5402906208718625,2.412931191958497,0.99520571381861,1.04600251626746,6.996588000096381,
e9b7911481f379e03c34,home,tweedie_glm,all,"{""alpha"":0.01,""power"":1.5,""solver"":""lbfgs""}",ok,757,2.581765582535505,2.524144680223797,2.5402906208718625,2.412931191958497,1.0163268569835555,1.0460906173520146,0.5050172996707261,
2774c0fbc2ae3c38e202,home,random_forest,dratings_only,"{""criterion"":""squared_error"",""max_depth"":null,""max_features"":0.6,""max_samples"":null,""min_samples_leaf"":8,""n_estimators"":400}",ok,757,2.6340522019667887,2.524169247203161,2.5402906208718625,2.412931191958497,1.0369097851736138,1.0461007987361528,4.792077700141817,
77927a87411d33eb6e56,home,xgboost,dratings_only,"{""colsample_bytree"":0.9,""learning_rate"":0.025,""max_depth"":3,""min_child_weight"":1.0,""n_estimators"":500,""objective"":""reg:tweedie"",""reg_lambda"":1.0,""subsample"":0.9,""tweedie_variance_power"":1.5}",ok,757,2.6106853677228075,2.5242156909458044,2.5402906208718625,2.412931191958497,1.02771129660227,1.046120046588225,3.877839499618858,
1029330944d7e99299c1,home,tweedie_glm,no_dratings_prob,"{""alpha"":0.01,""power"":1.5,""solver"":""lbfgs""}",ok,757,2.5817990041179324,2.524719935202457,2.5402906208718625,2.412931191958497,1.016340013581526,1.046329022400852,0.2721951999701559,
98f2b22b572f5d6bb88d,home,xgboost,no_dratings_prob,"{""colsample_bytree"":0.9,""learning_rate"":0.025,""max_depth"":6,""min_child_weight"":1.0,""n_estimators"":500,""objective"":""reg:squarederror"",""reg_lambda"":1.0,""subsample"":0.9,""tweedie_variance_power"":null}",ok,757,2.6681752850546387,2.5255245416171657,2.5402906208718625,2.412931191958497,1.0503425329102245,1.046662478413767,11.57938630040735,
7c6c9cc44086bd87dc83,home,lightgbm,all,"{""colsample_bytree"":0.9,""learning_rate"":0.0375,""min_child_samples"":10,""n_estimators"":500,""num_leaves"":15,""objective"":""poisson"",""reg_lambda"":1.0,""subsample"":0.9,""tweedie_variance_power"":null}",ok,757,2.5914927148324365,2.526176998030245,2.5402906208718625,2.412931191958497,1.020155998506581,1.046932878338661,1.6000829003751278,
e798d8cf4b545345ee62,home,hist_gradient_boosting,all,"{""l2_regularization"":5.0,""learning_rate"":0.025,""loss"":""poisson"",""max_iter"":300,""max_leaf_nodes"":15,""min_samples_leaf"":30}",ok,757,2.5699465239927792,2.5262537875211213,2.5402906208718625,2.412931191958497,1.0116742166731847,1.0469647024914308,6.967765999957919,
fafa28605d5617ad1a95,home,tweedie_glm,all,"{""alpha"":0.01,""power"":1.2,""solver"":""lbfgs""}",ok,757,2.5837460693374315,2.526273899604234,2.5402906208718625,2.412931191958497,1.0171064869934665,1.0469730376164357,0.5908333999104798,
dc1a3c4ddd9960c649af,home,hist_gradient_boosting,all,"{""l2_regularization"":5.0,""learning_rate"":0.025,""loss"":""squared_error"",""max_iter"":300,""max_leaf_nodes"":31,""min_samples_leaf"":30}",ok,757,2.609203682522224,2.526499418594249,2.5402906208718625,2.412931191958497,1.0271280227089563,1.047066500285726,3.3888128004036844,
8bac60987da74e32b37b,home,hist_gradient_boosting,no_dratings,"{""l2_regularization"":5.0,""learning_rate"":0.025,""loss"":""squared_error"",""max_iter"":300,""max_leaf_nodes"":31,""min_samples_leaf"":30}",ok,757,2.6107646042150274,2.52671902021335,2.5402906208718625,2.412931191958497,1.0277424885027435,1.0471575105970987,4.646795599721372,
b79c62b0d33ee1a78de8,home,tweedie_glm,no_dratings_prob,"{""alpha"":0.01,""power"":1.2,""solver"":""lbfgs""}",ok,757,2.583652254910948,2.526811154207441,2.5402906208718625,2.412931191958497,1.017069556405402,1.0471956940290996,0.2976568001322448,
b65761290ae6fc356ed4,home,hist_gradient_boosting,no_dratings,"{""l2_regularization"":5.0,""learning_rate"":0.025,""loss"":""poisson"",""max_iter"":300,""max_leaf_nodes"":15,""min_samples_leaf"":10}",ok,757,2.5983847937951485,2.5277539368904702,2.5402906208718625,2.412931191958497,1.022869104993722,1.047586414944048,11.62686949968338,
77be0ae64be12ea63d38,home,poisson_glm,all,"{""alpha"":0.01,""solver"":""lbfgs""}",ok,757,2.5853016789005814,2.528414392869072,2.5402906208718625,2.412931191958497,1.0177188616368904,1.0478601301584736,0.6586550995707512,
4890b522a047a789d39f,home,hist_gradient_boosting,all,"{""l2_regularization"":0.0,""learning_rate"":0.025,""loss"":""squared_error"",""max_iter"":300,""max_leaf_nodes"":15,""min_samples_leaf"":10}",ok,757,2.669779891795219,2.5285004034383065,2.5402906208718625,2.412931191958497,1.050974195574093,1.0478957758368592,2.758314299862832,
c2208691e0caad225221,home,random_forest,dratings_only,"{""criterion"":""poisson"",""max_depth"":null,""max_features"":0.6,""max_samples"":null,""min_samples_leaf"":8,""n_estimators"":400}",ok,757,2.6348473445424143,2.5287538561990823,2.5402906208718625,2.412931191958497,1.0372227976175807,1.048000815202101,4.817791000008583,
0ad11f74018db8f1e96f,home,poisson_glm,no_dratings_prob,"{""alpha"":0.01,""solver"":""lbfgs""}",ok,757,2.5851534098377966,2.5288561962251785,2.5402906208718625,2.412931191958497,1.017660494668337,1.0480432283577008,0.3362533003091812,
9f3aa3592ad79f1c6693,home,hist_gradient_boosting,all,"{""l2_regularization"":0.0,""learning_rate"":0.025,""loss"":""poisson"",""max_iter"":300,""max_leaf_nodes"":15,""min_samples_leaf"":30}",ok,757,2.567879105401327,2.5292105584780176,2.5402906208718625,2.412931191958497,1.010860365464797,1.0481900880170314,2.3694033003412187,
be00269ea9e514f56feb,home,lightgbm,no_dratings,"{""colsample_bytree"":0.9,""learning_rate"":0.025,""min_child_samples"":10,""n_estimators"":500,""num_leaves"":15,""objective"":""poisson"",""reg_lambda"":1.0,""subsample"":0.9,""tweedie_variance_power"":null}",ok,757,2.6064451070033336,2.52947139705552,2.5402906208718625,2.412931191958497,1.0260420936045365,1.0482981883136215,2.701528700068593,
0ea30da1ff71e29d46b8,home,random_forest,dratings_plus_pitcher,"{""criterion"":""poisson"",""max_depth"":null,""max_features"":1.0,""max_samples"":null,""min_samples_leaf"":2,""n_estimators"":400}",ok,757,2.637991723051866,2.5296775004935723,2.5402906208718625,2.412931191958497,1.038460600286148,1.0483836045238888,7.524577599950135,
1c375ab42dd7e0f19ffd,home,hist_gradient_boosting,no_dratings_prob,"{""l2_regularization"":0.0,""learning_rate"":0.025,""loss"":""poisson"",""max_iter"":300,""max_leaf_nodes"":15,""min_samples_leaf"":30}",ok,757,2.5603311300292084,2.529844508208696,2.5402906208718625,2.412931191958497,1.0078890615871612,1.0484528181490762,2.5947646000422537,
daabd77eb7c75dcf9fe1,home,xgboost,all,"{""colsample_bytree"":0.9,""learning_rate"":0.025,""max_depth"":6,""min_child_weight"":5.0,""n_estimators"":500,""objective"":""reg:squarederror"",""reg_lambda"":1.0,""subsample"":0.9,""tweedie_variance_power"":null}",ok,757,2.646932956249585,2.531016852575214,2.5402906208718625,2.412931191958497,1.0419803681128113,1.0489386771617266,13.852527599781752,
c0fba85754267d969266,home,lightgbm,all,"{""colsample_bytree"":0.9,""learning_rate"":0.025,""min_child_samples"":30,""n_estimators"":500,""num_leaves"":15,""objective"":""regression"",""reg_lambda"":1.0,""subsample"":0.9,""tweedie_variance_power"":null}",ok,757,2.6317713930662623,2.532358594041361,2.5402906208718625,2.412931191958497,1.0360119316438692,1.049494740041024,1.6998598999343812,
8f50fcec2a204145356f,home,random_forest,dratings_only,"{""criterion"":""squared_error"",""max_depth"":14,""max_features"":1.0,""max_samples"":null,""min_samples_leaf"":8,""n_estimators"":400}",ok,757,2.6368221638540192,2.532833637290836,2.5402906208718625,2.412931191958497,1.0380001965873598,1.0496916139722234,4.544594999868423,
063c0e7a456bec8b0327,home,hist_gradient_boosting,no_dratings,"{""l2_regularization"":0.0,""learning_rate"":0.025,""loss"":""squared_error"",""max_iter"":300,""max_leaf_nodes"":15,""min_samples_leaf"":30}",ok,757,2.6023908223306136,2.533262947644272,2.5402906208718625,2.412931191958497,1.0244461011462689,1.0498695346501388,5.144817099906504,
60674ed1e942a9a44aca,home,xgboost,no_dratings,"{""colsample_bytree"":0.9,""learning_rate"":0.025,""max_depth"":3,""min_child_weight"":5.0,""n_estimators"":500,""objective"":""reg:squarederror"",""reg_lambda"":1.0,""subsample"":0.9,""tweedie_variance_power"":null}",ok,757,2.6885613314856625,2.533418786851961,2.5402906208718625,2.412931191958497,1.0583676172307055,1.049934119669475,2.893295099958777,
2794b6253b8b9dad33dd,home,hist_gradient_boosting,no_dratings_prob,"{""l2_regularization"":5.0,""learning_rate"":0.025,""loss"":""squared_error"",""max_iter"":300,""max_leaf_nodes"":31,""min_samples_leaf"":30}",ok,757,2.6151200980113254,2.5337933188311754,2.5402906208718625,2.412931191958497,1.0294570536633247,1.050089338343121,4.195363900158554,
51d5e0a18a3d655d05cd,home,lightgbm,all,"{""colsample_bytree"":0.9,""learning_rate"":0.025,""min_child_samples"":30,""n_estimators"":500,""num_leaves"":31,""objective"":""poisson"",""reg_lambda"":1.0,""subsample"":0.9,""tweedie_variance_power"":null}",ok,757,2.5425110961871638,2.534005289277781,2.5402906208718625,2.412931191958497,1.0008741028672297,1.050177186039446,3.940147299785167,
6297825f1345768611f4,home,extra_trees,pitcher_only,"{""criterion"":""poisson"",""max_depth"":null,""max_features"":1.0,""max_samples"":null,""min_samples_leaf"":2,""n_estimators"":400}",ok,757,2.6351617753906407,2.534399851550983,2.5402906208718625,2.412931191958497,1.0373465751277768,1.050340705941927,2.5949101001024246,
5804bca79111fba1dc58,home,hist_gradient_boosting,no_dratings_prob,"{""l2_regularization"":5.0,""learning_rate"":0.025,""loss"":""squared_error"",""max_iter"":300,""max_leaf_nodes"":63,""min_samples_leaf"":10}",ok,757,2.6514699408279467,2.534549102978179,2.5402906208718625,2.412931191958497,1.0437663781626394,1.0504025607630232,17.844598000403494,
40d4ce84f251490999c1,home,tweedie_glm,no_dratings,"{""alpha"":0.01,""power"":1.8,""solver"":""lbfgs""}",ok,757,2.5898802960879777,2.5350156028056494,2.5402906208718625,2.412931191958497,1.0195212606024957,1.0505958940122369,0.424626300111413,
adef531b8f8ba89a017c,home,hist_gradient_boosting,bullpen_only,"{""l2_regularization"":5.0,""learning_rate"":0.025,""loss"":""poisson"",""max_iter"":300,""max_leaf_nodes"":15,""min_samples_leaf"":10}",ok,757,2.547626336974443,2.535338126013981,2.5402906208718625,2.412931191958497,1.0028877467964916,1.0507295584985703,2.777153499890119,
1a11fee70771eed01b02,home,xgboost,all,"{""colsample_bytree"":0.9,""learning_rate"":0.025,""max_depth"":6,""min_child_weight"":1.0,""n_estimators"":500,""objective"":""reg:squarederror"",""reg_lambda"":1.0,""subsample"":0.9,""tweedie_variance_power"":null}",ok,757,2.667042621060753,2.535423338833524,2.5402906208718625,2.412931191958497,1.0498966532204836,1.0507648735626,8.357674799859524,
21f4d7b791a941a03a53,home,hist_gradient_boosting,no_dratings_prob,"{""l2_regularization"":0.0,""learning_rate"":0.025,""loss"":""squared_error"",""max_iter"":300,""max_leaf_nodes"":31,""min_samples_leaf"":30}",ok,757,2.6070178312761447,2.535520452515282,2.5402906208718625,2.412931191958497,1.0262675498055338,1.0508051207449822,4.064127599820495,
0281ba652069584ab9ea,home,extra_trees,pitcher_only,"{""criterion"":""squared_error"",""max_depth"":14,""max_features"":1.0,""max_samples"":null,""min_samples_leaf"":2,""n_estimators"":400}",ok,757,2.6713210252810744,2.535568040931348,2.5402906208718625,2.412931191958497,1.0515808716265072,1.0508248429882954,2.07745230011642,
8e70effe4b1ee8861d82,home,lightgbm,no_dratings_prob,"{""colsample_bytree"":0.9,""learning_rate"":0.025,""min_child_samples"":10,""n_estimators"":500,""num_leaves"":31,""objective"":""poisson"",""reg_lambda"":1.0,""subsample"":0.9,""tweedie_variance_power"":null}",ok,757,2.5445288241113886,2.5357782862678686,2.5402906208718625,2.412931191958497,1.0016683930589294,1.0509119757408667,3.483280000276864,
2810ce0622cff231eaac,home,lightgbm,no_dratings_prob,"{""colsample_bytree"":0.9,""learning_rate"":0.025,""min_child_samples"":30,""n_estimators"":500,""num_leaves"":31,""objective"":""poisson"",""reg_lambda"":1.0,""subsample"":0.9,""tweedie_variance_power"":null}",ok,757,2.5282468741869035,2.536506722081293,2.5402906208718625,2.412931191958497,0.9952589099113291,1.0512138640897148,2.642677899915725,
033245f95298c4599d73,home,lightgbm,all,"{""colsample_bytree"":0.9,""learning_rate"":0.05,""min_child_samples"":10,""n_estimators"":500,""num_leaves"":15,""objective"":""poisson"",""reg_lambda"":1.0,""subsample"":0.9,""tweedie_variance_power"":null}",ok,757,2.589989410027939,2.5367122089911014,2.5402906208718625,2.412931191958497,1.0195642139319552,1.051299024789901,2.034395100083202,
8c258a662ae2806eaa39,home,xgboost,no_dratings_prob,"{""colsample_bytree"":0.9,""learning_rate"":0.025,""max_depth"":6,""min_child_weight"":5.0,""n_estimators"":500,""objective"":""reg:squarederror"",""reg_lambda"":1.0,""subsample"":0.9,""tweedie_variance_power"":null}",ok,757,2.665273101830577,2.538004189959892,2.5402906208718625,2.412931191958497,1.0492000718074606,1.0518344652422007,9.083201400004327,
f56e8b82eeb931f654f2,home,random_forest,dratings_only,"{""criterion"":""poisson"",""max_depth"":14,""max_features"":1.0,""max_samples"":null,""min_samples_leaf"":8,""n_estimators"":400}",ok,757,2.6427562451553768,2.538332924078547,2.5402906208718625,2.412931191958497,1.040336181790234,1.0519707037390758,4.679760300088674,
65e389d2f21e4c94aaed,home,hist_gradient_boosting,no_dratings_prob,"{""l2_regularization"":0.5,""learning_rate"":0.025,""loss"":""squared_error"",""max_iter"":300,""max_leaf_nodes"":15,""min_samples_leaf"":10}",ok,757,2.652888779452593,2.538698005033944,2.5402906208718625,2.412931191958497,1.0443249121402045,1.052122005589959,2.510087700095028,
71f176ff82c98657f3c6,home,hist_gradient_boosting,no_dratings_prob,"{""l2_regularization"":0.0,""learning_rate"":0.05,""loss"":""squared_error"",""max_iter"":300,""max_leaf_nodes"":15,""min_samples_leaf"":30}",ok,757,2.61149048403386,2.538699960919252,2.5402906208718625,2.412931191958497,1.0280282352644992,1.0521228161747425,2.5168232996948063,
fe9a2707faf7f5cb5fca,home,lightgbm,no_dratings_prob,"{""colsample_bytree"":0.9,""learning_rate"":0.05,""min_child_samples"":30,""n_estimators"":500,""num_leaves"":15,""objective"":""poisson"",""reg_lambda"":1.0,""subsample"":0.9,""tweedie_variance_power"":null}",ok,757,2.535137361944904,2.539289350968308,2.5402906208718625,2.412931191958497,0.9979713900115924,1.0523670792730937,1.5760734002105892,
1a5c733f4f2ced98cc53,home,tweedie_glm,no_dratings,"{""alpha"":0.01,""power"":1.5,""solver"":""lbfgs""}",ok,757,2.5935332759428373,2.5395489675078857,2.5402906208718625,2.412931191958497,1.020959277113223,1.052474673115986,0.5137280998751521,
55aab991b4e10098c9d8,home,xgboost,all,"{""colsample_bytree"":0.9,""learning_rate"":0.05,""max_depth"":6,""min_child_weight"":5.0,""n_estimators"":500,""objective"":""reg:squarederror"",""reg_lambda"":1.0,""subsample"":0.9,""tweedie_variance_power"":null}",ok,757,2.672414496206387,2.5406581391069847,2.5402906208718625,2.412931191958497,1.0520113227395915,1.052934351204941,11.35398539993912,
26f603427fca87eb81ed,home,lightgbm,dratings_plus_pitcher,"{""colsample_bytree"":0.9,""learning_rate"":0.025,""min_child_samples"":10,""n_estimators"":500,""num_leaves"":15,""objective"":""poisson"",""reg_lambda"":1.0,""subsample"":0.9,""tweedie_variance_power"":null}",ok,757,2.5989666028186846,2.540978929661037,2.5402906208718625,2.412931191958497,1.023098137459045,1.053067297620952,1.6556685999967158,
efa760b245405f1d800d,home,random_forest,dratings_only,"{""criterion"":""squared_error"",""max_depth"":null,""max_features"":1.0,""max_samples"":null,""min_samples_leaf"":8,""n_estimators"":400}",ok,757,2.6429090934324133,2.542340854781781,2.5402906208718625,2.412931191958497,1.040396351392791,1.0536317252868892,4.533023399766535,
8243cf68997d3a073253,home,lightgbm,no_dratings_prob,"{""colsample_bytree"":0.9,""learning_rate"":0.025,""min_child_samples"":10,""n_estimators"":500,""num_leaves"":31,""objective"":""regression"",""reg_lambda"":1.0,""subsample"":0.9,""tweedie_variance_power"":null}",ok,757,2.664525646897306,2.543682198157478,2.5402906208718625,2.412931191958497,1.048905831877931,1.0541876231840888,4.604611699935049,
ffc9b80292fa09cdf825,home,hist_gradient_boosting,dratings_plus_bullpen,"{""l2_regularization"":5.0,""learning_rate"":0.025,""loss"":""squared_error"",""max_iter"":300,""max_leaf_nodes"":31,""min_samples_leaf"":10}",ok,757,2.593802560102666,2.544303830348903,2.5402906208718625,2.412931191958497,1.0210652823701083,1.0544452485127749,5.825983299873769,
f0f15af7859816234c27,home,tweedie_glm,no_dratings,"{""alpha"":0.01,""power"":1.2,""solver"":""lbfgs""}",ok,757,2.59719698979177,2.544498540902581,2.5402906208718625,2.412931191958497,1.0224015191223974,1.0545259431278249,0.6288816002197564,
3a1a9ba8dc13c9cddf70,home,xgboost,dratings_plus_bullpen,"{""colsample_bytree"":0.9,""learning_rate"":0.025,""max_depth"":3,""min_child_weight"":5.0,""n_estimators"":500,""objective"":""reg:tweedie"",""reg_lambda"":1.0,""subsample"":0.9,""tweedie_variance_power"":1.5}",ok,757,2.551110141185977,2.5457527287615,2.5402906208718625,2.412931191958497,1.0042591663431018,1.0550457208417932,2.6486384999006987,
299ca219fa90ea29276e,home,hist_gradient_boosting,no_dratings,"{""l2_regularization"":5.0,""learning_rate"":0.025,""loss"":""squared_error"",""max_iter"":300,""max_leaf_nodes"":15,""min_samples_leaf"":10}",ok,757,2.6550024825022165,2.545786137540859,2.5402906208718625,2.412931191958497,1.0451569834915122,1.0550595665658116,5.596211600117385,
c17897fd28780b020450,home,random_forest,dratings_only,"{""criterion"":""poisson"",""max_depth"":null,""max_features"":1.0,""max_samples"":null,""min_samples_leaf"":8,""n_estimators"":400}",ok,757,2.6462337930237423,2.5462920362723738,2.5402906208718625,2.412931191958497,1.0417051384914056,1.055269228048576,4.870215400122106,
2deabe3db6a30ff20475,home,xgboost,no_dratings,"{""colsample_bytree"":0.9,""learning_rate"":0.025,""max_depth"":3,""min_child_weight"":1.0,""n_estimators"":500,""objective"":""reg:squarederror"",""reg_lambda"":1.0,""subsample"":0.9,""tweedie_variance_power"":null}",ok,757,2.70285209607889,2.547447244695377,2.5402906208718625,2.412931191958497,1.0639932588308476,1.0557479853487648,2.998706900049001,
7eba919b42089b3efc60,home,xgboost,no_dratings_prob,"{""colsample_bytree"":0.9,""learning_rate"":0.05,""max_depth"":6,""min_child_weight"":1.0,""n_estimators"":500,""objective"":""reg:squarederror"",""reg_lambda"":1.0,""subsample"":0.9,""tweedie_variance_power"":null}",ok,757,2.6738299203832367,2.54754212046796,2.5402906208718625,2.412931191958497,1.0525685126001614,1.0557873050661688,21.69633139995858,
48db5f78ae1d200f551c,home,poisson_glm,no_dratings,"{""alpha"":0.01,""solver"":""lbfgs""}",ok,757,2.5998363968954616,2.548201494964198,2.5402906208718625,2.412931191958497,1.0234405368954054,1.0560605720778578,0.8807434001937509,
a3c1e3f89192d43dff5a,home,hist_gradient_boosting,no_dratings,"{""l2_regularization"":0.0,""learning_rate"":0.025,""loss"":""poisson"",""max_iter"":300,""max_leaf_nodes"":15,""min_samples_leaf"":10}",ok,757,2.5971268220857,2.548290806615126,2.5402906208718625,2.412931191958497,1.022373897201703,1.056097585835741,11.1483085998334,
f69d60ed69f41e3d96aa,home,lightgbm,no_dratings,"{""colsample_bytree"":0.9,""learning_rate"":0.025,""min_child_samples"":30,""n_estimators"":500,""num_leaves"":31,""objective"":""poisson"",""reg_lambda"":1.0,""subsample"":0.9,""tweedie_variance_power"":null}",ok,757,2.540260793204941,2.548957444323253,2.5402906208718625,2.412931191958497,0.9999882581675198,1.056373862967202,3.7301610000431538,
3253183edd57577ae962,home,xgboost,no_dratings,"{""colsample_bytree"":0.9,""learning_rate"":0.1,""max_depth"":3,""min_child_weight"":1.0,""n_estimators"":500,""objective"":""count:poisson"",""reg_lambda"":1.0,""subsample"":0.9,""tweedie_variance_power"":null}",ok,757,2.594890580782015,2.5489806162173814,2.5402906208718625,2.412931191958497,1.0214935879625509,1.0563834661810052,3.3492760001681745,
f084ad65640dd755dd5a,home,lightgbm,no_dratings,"{""colsample_bytree"":0.9,""learning_rate"":0.025,""min_child_samples"":30,""n_estimators"":500,""num_leaves"":31,""objective"":""regression"",""reg_lambda"":1.0,""subsample"":0.9,""tweedie_variance_power"":null}",ok,757,2.6190770193111828,2.54957960489814,2.5402906208718625,2.412931191958497,1.0310147184703928,1.056631707275801,2.734144799876958,
6740db08a727c9ca682d,home,hist_gradient_boosting,no_dratings,"{""l2_regularization"":0.0,""learning_rate"":0.025,""loss"":""poisson"",""max_iter"":300,""max_leaf_nodes"":31,""min_samples_leaf"":30}",ok,757,2.536172336762506,2.5503946233297894,2.5402906208718625,2.412931191958497,0.9983788137957448,1.0569694783794137,17.95888189971447,
75069670077d657e633d,home,lightgbm,dratings_plus_bullpen,"{""colsample_bytree"":0.9,""learning_rate"":0.025,""min_child_samples"":30,""n_estimators"":500,""num_leaves"":15,""objective"":""poisson"",""reg_lambda"":1.0,""subsample"":0.9,""tweedie_variance_power"":null}",ok,757,2.576342419507448,2.5504935271479026,2.5402906208718625,2.412931191958497,1.0141919976948195,1.0570104674546277,1.3337703999131918,
4e2d7cd01af435e54f83,home,hist_gradient_boosting,no_dratings,"{""l2_regularization"":0.0,""learning_rate"":0.025,""loss"":""squared_error"",""max_iter"":300,""max_leaf_nodes"":31,""min_samples_leaf"":30}",ok,757,2.6196960164286174,2.551720217562871,2.5402906208718625,2.412931191958497,1.0312583902425707,1.0575188493011785,6.628412100020796,
3afaad5341990d3222c3,home,xgboost,dratings_plus_pitcher,"{""colsample_bytree"":0.9,""learning_rate"":0.05,""max_depth"":3,""min_child_weight"":1.0,""n_estimators"":500,""objective"":""count:poisson"",""reg_lambda"":1.0,""subsample"":0.9,""tweedie_variance_power"":null}",ok,757,2.596934875534894,2.5517920029767653,2.5402906208718625,2.412931191958497,1.0222983363390092,1.0575485995958134,3.320758100133389,
6a7794ded31802566fd1,home,lightgbm,dratings_plus_bullpen,"{""colsample_bytree"":0.9,""learning_rate"":0.025,""min_child_samples"":10,""n_estimators"":500,""num_leaves"":15,""objective"":""regression"",""reg_lambda"":1.0,""subsample"":0.9,""tweedie_variance_power"":null}",ok,757,2.60009684238039,2.5518575054840587,2.5402906208718625,2.412931191958497,1.0235430627571271,1.0575757460422233,1.4598564999178052,
ae55093787455065d802,home,lightgbm,no_dratings,"{""colsample_bytree"":0.9,""learning_rate"":0.025,""min_child_samples"":30,""n_estimators"":500,""num_leaves"":15,""objective"":""regression"",""reg_lambda"":1.0,""subsample"":0.9,""tweedie_variance_power"":null}",ok,757,2.618881316520042,2.554009193593501,2.5402906208718625,2.412931191958497,1.0309376789421072,1.058467478105124,1.6629269002005458,
8a95ef054d429dc46088,home,lightgbm,dratings_only,"{""colsample_bytree"":0.9,""learning_rate"":0.025,""min_child_samples"":10,""n_estimators"":500,""num_leaves"":15,""objective"":""poisson"",""reg_lambda"":1.0,""subsample"":0.9,""tweedie_variance_power"":null}",ok,757,2.6447915432033056,2.554314074639517,2.5402906208718625,2.412931191958497,1.0411373885620918,1.058593831084866,0.8949184003286064,
8c886cb897fcccc61053,home,random_forest,pitcher_only,"{""criterion"":""poisson"",""max_depth"":14,""max_features"":1.0,""max_samples"":null,""min_samples_leaf"":2,""n_estimators"":400}",ok,757,2.664528083127786,2.554736645033433,2.5402906208718625,2.412931191958497,1.0489067909140584,1.0587689584964242,6.10464320005849,
f4febf43c82d0cb6ea2c,home,hist_gradient_boosting,no_dratings,"{""l2_regularization"":5.0,""learning_rate"":0.025,""loss"":""squared_error"",""max_iter"":300,""max_leaf_nodes"":31,""min_samples_leaf"":10}",ok,757,2.64545108920523,2.5551205176926897,2.5402906208718625,2.412931191958497,1.041397022635652,1.0589280482626535,8.240434700157493,
59ddffb29b13a6ea0f23,home,xgboost,dratings_plus_pitcher,"{""colsample_bytree"":0.9,""learning_rate"":0.05,""max_depth"":3,""min_child_weight"":5.0,""n_estimators"":500,""objective"":""count:poisson"",""reg_lambda"":1.0,""subsample"":0.9,""tweedie_variance_power"":null}",ok,757,2.5987825519657517,2.55512706879994,2.5402906208718625,2.412931191958497,1.0230256847831898,1.0589307632622655,3.0780249000526965,
e14a91067b77c822fd3a,home,xgboost,no_dratings_prob,"{""colsample_bytree"":0.9,""learning_rate"":0.1,""max_depth"":3,""min_child_weight"":5.0,""n_estimators"":500,""objective"":""count:poisson"",""reg_lambda"":1.0,""subsample"":0.9,""tweedie_variance_power"":null}",ok,757,2.568596951870181,2.55550721338204,2.5402906208718625,2.412931191958497,1.0111429498521722,1.0590883079876878,3.157045600004494,
554a010df6b08a9e86a9,home,hist_gradient_boosting,all,"{""l2_regularization"":5.0,""learning_rate"":0.05,""loss"":""squared_error"",""max_iter"":300,""max_leaf_nodes"":15,""min_samples_leaf"":30}",ok,757,2.6335031786632936,2.556189967431034,2.5402906208718625,2.412931191958497,1.0366936589953788,1.0593712642739137,2.371784599963576,
9a24beea7bb3dfb41b33,home,hist_gradient_boosting,all,"{""l2_regularization"":0.0,""learning_rate"":0.05,""loss"":""squared_error"",""max_iter"":300,""max_leaf_nodes"":15,""min_samples_leaf"":10}",ok,757,2.6788867098413784,2.5569256403741734,2.5402906208718625,2.412931191958497,1.0545591468278337,1.0596761519332014,2.395620900206268,
c9f10ffd7293e63555c2,home,hist_gradient_boosting,bullpen_only,"{""l2_regularization"":0.0,""learning_rate"":0.025,""loss"":""poisson"",""max_iter"":300,""max_leaf_nodes"":15,""min_samples_leaf"":10}",ok,757,2.5801822915905164,2.557033064061675,2.5402906208718625,2.412931191958497,1.015703585405107,1.0597206719294037,2.1507811001501977,
081270798cb974df8147,home,xgboost,no_dratings_prob,"{""colsample_bytree"":0.9,""learning_rate"":0.1,""max_depth"":3,""min_child_weight"":1.0,""n_estimators"":500,""objective"":""count:poisson"",""reg_lambda"":1.0,""subsample"":0.9,""tweedie_variance_power"":null}",ok,757,2.5695896956533235,2.558531910514813,2.5402906208718625,2.412931191958497,1.0115337491469405,1.0603418444096355,3.5125716999173164,
ef017f0190e4d4c9939f,home,random_forest,all,"{""criterion"":""squared_error"",""max_depth"":14,""max_features"":0.6,""max_samples"":null,""min_samples_leaf"":2,""n_estimators"":400}",ok,757,2.7122695918493536,2.5597157909183865,2.5402906208718625,2.412931191958497,1.0677005101559858,1.0608324843447978,5.971984900068492,
43c54b54da52a2b7c875,home,xgboost,dratings_plus_pitcher,"{""colsample_bytree"":0.9,""learning_rate"":0.025,""max_depth"":3,""min_child_weight"":5.0,""n_estimators"":500,""objective"":""reg:squarederror"",""reg_lambda"":1.0,""subsample"":0.9,""tweedie_variance_power"":null}",ok,757,2.6450704386558685,2.5604915773636394,2.5402906208718625,2.412931191958497,1.0412471773595906,1.061153996391158,2.634305300191045,
9eb78cbcafb135dec58e,home,hist_gradient_boosting,dratings_plus_pitcher,"{""l2_regularization"":5.0,""learning_rate"":0.025,""loss"":""squared_error"",""max_iter"":300,""max_leaf_nodes"":15,""min_samples_leaf"":10}",ok,757,2.63318814048104,2.561810092729274,2.5402906208718625,2.412931191958497,1.0365696424046529,1.0617004335917,4.382615999784321,
45f0980a4fd7db6e5ba0,home,random_forest,no_dratings_prob,"{""criterion"":""squared_error"",""max_depth"":14,""max_features"":0.6,""max_samples"":null,""min_samples_leaf"":2,""n_estimators"":400}",ok,757,2.7125865929270216,2.5622788155933,2.5402906208718625,2.412931191958497,1.067825299451771,1.061894688142177,5.139531000051647,
6d8752cfec244f163e34,home,hist_gradient_boosting,dratings_only,"{""l2_regularization"":5.0,""learning_rate"":0.025,""loss"":""squared_error"",""max_iter"":300,""max_leaf_nodes"":15,""min_samples_leaf"":10}",ok,757,2.647860684701598,2.562945131539112,2.5402906208718625,2.412931191958497,1.0423455737488871,1.0621708319244916,9.720813900232317,
50e056fb2a4d6d66af92,home,hist_gradient_boosting,all,"{""l2_regularization"":0.0,""learning_rate"":0.05,""loss"":""squared_error"",""max_iter"":300,""max_leaf_nodes"":15,""min_samples_leaf"":30}",ok,757,2.6454987021780028,2.5631916671217096,2.5402906208718625,2.412931191958497,1.0414157657559793,1.062273004577993,2.362037300132215,
ecd9700037e7fc186eba,home,lightgbm,all,"{""colsample_bytree"":0.9,""learning_rate"":0.025,""min_child_samples"":10,""n_estimators"":500,""num_leaves"":31,""objective"":""poisson"",""reg_lambda"":1.0,""subsample"":0.9,""tweedie_variance_power"":null}",ok,757,2.550964143405494,2.5636959399903114,2.5402906208718625,2.412931191958497,1.004201693477878,1.0624819922483757,6.570282199885696,
012bcad4c01561ed3ab0,home,hist_gradient_boosting,all,"{""l2_regularization"":0.0,""learning_rate"":0.025,""loss"":""squared_error"",""max_iter"":300,""max_leaf_nodes"":31,""min_samples_leaf"":10}",ok,757,2.6842924713745653,2.563877857528064,2.5402906208718625,2.412931191958497,1.0566871559181206,1.0625573850065109,22.08180900011212,
d5c25a3ac7c1b82f38b0,home,hist_gradient_boosting,all,"{""l2_regularization"":5.0,""learning_rate"":0.05,""loss"":""squared_error"",""max_iter"":300,""max_leaf_nodes"":15,""min_samples_leaf"":10}",ok,757,2.671082686185846,2.5640720964608104,2.5402906208718625,2.412931191958497,1.0514870480721197,1.0626378841659538,2.6002866998314857,
be2099608ef3a38e4493,home,hist_gradient_boosting,no_dratings_prob,"{""l2_regularization"":5.0,""learning_rate"":0.05,""loss"":""squared_error"",""max_iter"":300,""max_leaf_nodes"":31,""min_samples_leaf"":30}",ok,757,2.633131144239797,2.564101301620636,2.5402906208718625,2.412931191958497,1.036547205506774,1.0626499877683786,4.101974799763411,
0dd254617c95dc294b4b,home,lightgbm,no_dratings_prob,"{""colsample_bytree"":0.9,""learning_rate"":0.025,""min_child_samples"":30,""n_estimators"":500,""num_leaves"":31,""objective"":""regression"",""reg_lambda"":1.0,""subsample"":0.9,""tweedie_variance_power"":null}",ok,757,2.6337445726211306,2.5645273135819484,2.5402906208718625,2.412931191958497,1.0367886851139865,1.0628265414814444,3.596806399989873,
0a7b2a942d2ed67d15f0,home,lightgbm,all,"{""colsample_bytree"":0.9,""learning_rate"":0.025,""min_child_samples"":30,""n_estimators"":500,""num_leaves"":31,""objective"":""regression"",""reg_lambda"":1.0,""subsample"":0.9,""tweedie_variance_power"":null}",ok,757,2.642950777092536,2.564628948109408,2.5402906208718625,2.412931191958497,1.040412760405122,1.062868662254634,5.567539299838245,
509f61d2ec2a3cac488d,home,hist_gradient_boosting,all,"{""l2_regularization"":5.0,""learning_rate"":0.025,""loss"":""squared_error"",""max_iter"":300,""max_leaf_nodes"":31,""min_samples_leaf"":10}",ok,757,2.649805238088915,2.565024935609698,2.5402906208718625,2.412931191958497,1.0431110583636551,1.0630327728192497,21.290289199911054,
f18f0a4d49ec18197dbf,home,poisson_glm,dratings_plus_pitcher,"{""alpha"":0.0,""solver"":""lbfgs""}",ok,757,2.6115395674712585,2.5650535558362275,2.5402906208718625,2.412931191958497,1.0280475572416758,1.0630446340056046,1.439997599925846,
f43f515493c68418f867,home,hist_gradient_boosting,no_dratings_prob,"{""l2_regularization"":0.0,""learning_rate"":0.025,""loss"":""squared_error"",""max_iter"":300,""max_leaf_nodes"":15,""min_samples_leaf"":10}",ok,757,2.685332129639322,2.566190501406607,2.5402906208718625,2.412931191958497,1.0570964233681577,1.063515822564221,4.469033599831164,
49b63807ffd54a0c549f,home,random_forest,pitcher_only,"{""criterion"":""poisson"",""max_depth"":null,""max_features"":1.0,""max_samples"":null,""min_samples_leaf"":2,""n_estimators"":400}",ok,757,2.674659334546412,2.5662865716803718,2.5402906208718625,2.412931191958497,1.0528950162514998,1.0635556373231685,6.677760399878025,
77391b937a9dc97abea1,home,xgboost,dratings_plus_bullpen,"{""colsample_bytree"":0.9,""learning_rate"":0.05,""max_depth"":3,""min_child_weight"":1.0,""n_estimators"":500,""objective"":""reg:squarederror"",""reg_lambda"":1.0,""subsample"":0.9,""tweedie_variance_power"":null}",ok,757,2.5881134808614674,2.566299379943324,2.5402906208718625,2.412931191958497,1.0188257436360535,1.063560945498965,2.7652059998363256,
a077a105cacdfe0b4518,home,hist_gradient_boosting,bullpen_only,"{""l2_regularization"":5.0,""learning_rate"":0.025,""loss"":""squared_error"",""max_iter"":300,""max_leaf_nodes"":15,""min_samples_leaf"":30}",ok,757,2.5936333268772698,2.5663086226189216,2.5402906208718625,2.412931191958497,1.020998662738478,1.0635647759752045,2.040411199908704,
73ff1a6e53f26627bf42,home,extra_trees,pitcher_only,"{""criterion"":""squared_error"",""max_depth"":null,""max_features"":1.0,""max_samples"":null,""min_samples_leaf"":2,""n_estimators"":400}",ok,757,2.686975155235263,2.567230224868,2.5402906208718625,2.412931191958497,1.0577432098352024,1.063946719004558,2.6824221997521818,
4c616b77fc9d4f3d2f85,home,hist_gradient_boosting,all,"{""l2_regularization"":0.0,""learning_rate"":0.025,""loss"":""squared_error"",""max_iter"":300,""max_leaf_nodes"":31,""min_samples_leaf"":30}",ok,757,2.6309044525965635,2.567476464448143,2.5402906208718625,2.412931191958497,1.035670655546333,1.0640487689846667,4.140807600226253,
1df48db3e4b1596ffba9,home,hist_gradient_boosting,dratings_plus_bullpen,"{""l2_regularization"":0.0,""learning_rate"":0.025,""loss"":""squared_error"",""max_iter"":300,""max_leaf_nodes"":31,""min_samples_leaf"":10}",ok,757,2.609746241199026,2.5686139075268626,2.5402906208718625,2.412931191958497,1.0273416040497465,1.0645201637275048,5.998018799815327,
d782e76fb7f675dfb9f0,home,hist_gradient_boosting,dratings_plus_bullpen,"{""l2_regularization"":0.0,""learning_rate"":0.025,""loss"":""squared_error"",""max_iter"":300,""max_leaf_nodes"":15,""min_samples_leaf"":30}",ok,757,2.5897622786302783,2.5697787123448617,2.5402906208718625,2.412931191958497,1.019474802352117,1.0650028980971715,2.7916429000906646,
2b059f80bee9d6e9d1bc,home,hist_gradient_boosting,no_dratings,"{""l2_regularization"":0.0,""learning_rate"":0.025,""loss"":""poisson"",""max_iter"":300,""max_leaf_nodes"":15,""min_samples_leaf"":30}",ok,757,2.571206130336648,2.5698444388618165,2.5402906208718625,2.412931191958497,1.0121700679484362,1.065030137380734,10.66822380013764,
e8b20d8b977aaf4ad480,home,lightgbm,all,"{""colsample_bytree"":0.9,""learning_rate"":0.05,""min_child_samples"":10,""n_estimators"":500,""num_leaves"":31,""objective"":""regression"",""reg_lambda"":1.0,""subsample"":0.9,""tweedie_variance_power"":null}",ok,757,2.6891458857476325,2.570672752426919,2.5402906208718625,2.412931191958497,1.058597730374913,1.0653734184356862,3.655094699934125,
77701edd65071483a8cd,home,random_forest,no_dratings_prob,"{""criterion"":""squared_error"",""max_depth"":null,""max_features"":0.6,""max_samples"":null,""min_samples_leaf"":2,""n_estimators"":400}",ok,757,2.7207529494118834,2.5713701212491875,2.5402906208718625,2.412931191958497,1.0710400326077982,1.065662431576464,5.467145300004631,
53fef56f7d42dacf9745,home,lightgbm,all,"{""colsample_bytree"":0.9,""learning_rate"":0.05,""min_child_samples"":30,""n_estimators"":500,""num_leaves"":15,""objective"":""regression"",""reg_lambda"":1.0,""subsample"":0.9,""tweedie_variance_power"":null}",ok,757,2.646150130162448,2.572193573215717,2.5402906208718625,2.412931191958497,1.041672204125311,1.0660036978211354,1.7615694999694824,
a118564c623ad5aac920,home,lightgbm,bullpen_only,"{""colsample_bytree"":0.9,""learning_rate"":0.025,""min_child_samples"":30,""n_estimators"":500,""num_leaves"":15,""objective"":""poisson"",""reg_lambda"":1.0,""subsample"":0.9,""tweedie_variance_power"":null}",ok,757,2.574453804092886,2.572671450983972,2.5402906208718625,2.412931191958497,1.0134485333844592,1.0662017464724385,1.0106453001499176,
013dd3cad99358abe14d,home,hist_gradient_boosting,dratings_plus_bullpen,"{""l2_regularization"":0.0,""learning_rate"":0.05,""loss"":""squared_error"",""max_iter"":300,""max_leaf_nodes"":15,""min_samples_leaf"":10}",ok,757,2.604777189949548,2.573241818916061,2.5402906208718625,2.412931191958497,1.025385508472079,1.0664381261644869,2.9650502000004053,
db0bbeecdb909b91f491,home,xgboost,no_dratings,"{""colsample_bytree"":0.9,""learning_rate"":0.1,""max_depth"":3,""min_child_weight"":5.0,""n_estimators"":500,""objective"":""count:poisson"",""reg_lambda"":1.0,""subsample"":0.9,""tweedie_variance_power"":null}",ok,757,2.606128744279063,2.5739172275459925,2.5402906208718625,2.412931191958497,1.0259175556002342,1.0667180382615171,3.312441200017929,
517a3f451fd4916ff2fe,home,random_forest,all,"{""criterion"":""squared_error"",""max_depth"":null,""max_features"":0.6,""max_samples"":null,""min_samples_leaf"":2,""n_estimators"":400}",ok,757,2.71909432666079,2.574869909891753,2.5402906208718625,2.412931191958497,1.0703871062310026,1.067112861930313,6.253779400140047,
8d1171b939af84cea95d,home,hist_gradient_boosting,no_dratings,"{""l2_regularization"":5.0,""learning_rate"":0.025,""loss"":""poisson"",""max_iter"":300,""max_leaf_nodes"":15,""min_samples_leaf"":30}",ok,757,2.574827229398608,2.5750658619055624,2.5402906208718625,2.412931191958497,1.013595534401844,1.067194071048278,8.906484500039369,
559644d75255e26c3afb,home,lightgbm,dratings_plus_pitcher,"{""colsample_bytree"":0.9,""learning_rate"":0.025,""min_child_samples"":30,""n_estimators"":500,""num_leaves"":15,""objective"":""poisson"",""reg_lambda"":1.0,""subsample"":0.9,""tweedie_variance_power"":null}",ok,757,2.5895589403139363,2.575604010479102,2.5402906208718625,2.412931191958497,1.0193947570554602,1.067417097952374,1.320546899922192,
9d6468c140b86605fdb8,home,hist_gradient_boosting,no_dratings_prob,"{""l2_regularization"":5.0,""learning_rate"":0.1,""loss"":""squared_error"",""max_iter"":300,""max_leaf_nodes"":31,""min_samples_leaf"":10}",ok,757,2.6472492881100465,2.57615695121883,2.5402906208718625,2.412931191958497,1.0421048939673974,1.0676462552286243,5.353055099956691,
cdaa57c3cff882726fc5,home,hist_gradient_boosting,bullpen_only,"{""l2_regularization"":5.0,""learning_rate"":0.025,""loss"":""poisson"",""max_iter"":300,""max_leaf_nodes"":15,""min_samples_leaf"":30}",ok,757,2.562466830447328,2.5765351274533344,2.5402906208718625,2.412931191958497,1.0087297923289793,1.067802984204471,3.0998499002307653,
bbf7ded60e0b49fe2600,home,random_forest,dratings_plus_pitcher,"{""criterion"":""squared_error"",""max_depth"":14,""max_features"":0.6,""max_samples"":null,""min_samples_leaf"":2,""n_estimators"":400}",ok,757,2.7297969457070828,2.577649658287166,2.5402906208718625,2.412931191958497,1.0746002537182848,1.0682648833409014,3.7124312999658287,
3904e26469887a4e118e,home,hist_gradient_boosting,no_dratings_prob,"{""l2_regularization"":5.0,""learning_rate"":0.05,""loss"":""squared_error"",""max_iter"":300,""max_leaf_nodes"":31,""min_samples_leaf"":10}",ok,757,2.644307633953828,2.578152946717191,2.5402906208718625,2.412931191958497,1.040946894905381,1.0684734630267634,5.367480900138617,
292df4e20d17c5c322c2,home,xgboost,all,"{""colsample_bytree"":0.9,""learning_rate"":0.1,""max_depth"":3,""min_child_weight"":5.0,""n_estimators"":500,""objective"":""count:poisson"",""reg_lambda"":1.0,""subsample"":0.9,""tweedie_variance_power"":null}",ok,757,2.595666605856176,2.5781854168813094,2.5402906208718625,2.412931191958497,1.0217990746922128,1.0684869197569953,5.666073600295931,
ee1918a62df9ad8f01d2,home,lightgbm,no_dratings_prob,"{""colsample_bytree"":0.9,""learning_rate"":0.05,""min_child_samples"":30,""n_estimators"":500,""num_leaves"":15,""objective"":""regression"",""reg_lambda"":1.0,""subsample"":0.9,""tweedie_variance_power"":null}",ok,757,2.642466131904046,2.578641951242413,2.5402906208718625,2.412931191958497,1.0402219770417904,1.0686761229811177,2.103884699754417,
158d4078cef6d1922956,home,extra_trees,no_dratings,"{""criterion"":""squared_error"",""max_depth"":14,""max_features"":1.0,""max_samples"":null,""min_samples_leaf"":1,""n_estimators"":400}",ok,757,2.734517712517436,2.5792489040333355,2.5402906208718625,2.412931191958497,1.0764586106997915,1.06892766467155,6.045280899852514,
32e1cb635caa3e2ea729,home,xgboost,pitcher_only,"{""colsample_bytree"":0.9,""learning_rate"":0.05,""max_depth"":3,""min_child_weight"":5.0,""n_estimators"":500,""objective"":""count:poisson"",""reg_lambda"":1.0,""subsample"":0.9,""tweedie_variance_power"":null}",ok,757,2.620621431614008,2.579412703740615,2.5402906208718625,2.412931191958497,1.031622685247948,1.0689955487901794,3.315764000173658,
69e9816f65e144d13db5,home,hist_gradient_boosting,no_dratings_prob,"{""l2_regularization"":0.0,""learning_rate"":0.025,""loss"":""squared_error"",""max_iter"":300,""max_leaf_nodes"":31,""min_samples_leaf"":10}",ok,757,2.688369025106474,2.5795438337572065,2.5402906208718625,2.412931191958497,1.0582919147195011,1.0690498934880424,5.122962999623269,
06460bb1c3960e281d45,home,xgboost,all,"{""colsample_bytree"":0.9,""learning_rate"":0.1,""max_depth"":3,""min_child_weight"":1.0,""n_estimators"":500,""objective"":""count:poisson"",""reg_lambda"":1.0,""subsample"":0.9,""tweedie_variance_power"":null}",ok,757,2.5959282398538828,2.5796997598651377,2.5402906208718625,2.412931191958497,1.0219020684188191,1.069114514521767,4.742423799820244,
e5c84f06ddfa78d761b4,home,xgboost,no_dratings,"{""colsample_bytree"":0.9,""learning_rate"":0.025,""max_depth"":6,""min_child_weight"":5.0,""n_estimators"":500,""objective"":""reg:squarederror"",""reg_lambda"":1.0,""subsample"":0.9,""tweedie_variance_power"":null}",ok,757,2.70405219221682,2.5797055792514767,2.5402906208718625,2.412931191958497,1.064465683571572,1.0691169262715752,6.21904579969123,
f049fff1a376868570f3,home,xgboost,pitcher_only,"{""colsample_bytree"":0.9,""learning_rate"":0.05,""max_depth"":3,""min_child_weight"":1.0,""n_estimators"":500,""objective"":""count:poisson"",""reg_lambda"":1.0,""subsample"":0.9,""tweedie_variance_power"":null}",ok,757,2.6230006233704137,2.5801880214812245,2.5402906208718625,2.412931191958497,1.03255926775424,1.0693168665895405,3.0750077003613114,
1f1c48f885ea9500605f,home,lightgbm,all,"{""colsample_bytree"":0.9,""learning_rate"":0.025,""min_child_samples"":10,""n_estimators"":500,""num_leaves"":31,""objective"":""regression"",""reg_lambda"":1.0,""subsample"":0.9,""tweedie_variance_power"":null}",ok,757,2.6797433478263013,2.580284396598356,2.5402906208718625,2.412931191958497,1.054896367293037,1.069356807685852,4.249095499981195,
3620868104e4336444e3,home,xgboost,bullpen_only,"{""colsample_bytree"":0.9,""learning_rate"":0.025,""max_depth"":6,""min_child_weight"":1.0,""n_estimators"":500,""objective"":""reg:squarederror"",""reg_lambda"":1.0,""subsample"":0.9,""tweedie_variance_power"":null}",ok,757,2.6146206854199168,2.5809948474560125,2.5402906208718625,2.412931191958497,1.0292604570269772,1.0696512424629496,4.756711500231177,
40602f6296971b1eb4c4,home,xgboost,dratings_plus_bullpen,"{""colsample_bytree"":0.9,""learning_rate"":0.025,""max_depth"":3,""min_child_weight"":1.0,""n_estimators"":500,""objective"":""reg:tweedie"",""reg_lambda"":1.0,""subsample"":0.9,""tweedie_variance_power"":1.5}",ok,757,2.559728228746664,2.5823369886268046,2.5402906208718625,2.412931191958497,1.007651726032878,1.0702074709933218,2.478138200007379,
adc832efcb2de9697f61,home,lightgbm,no_dratings_prob,"{""colsample_bytree"":0.9,""learning_rate"":0.025,""min_child_samples"":10,""n_estimators"":500,""num_leaves"":15,""objective"":""regression"",""reg_lambda"":1.0,""subsample"":0.9,""tweedie_variance_power"":null}",ok,757,2.684188958811321,2.582991449114084,2.5402906208718625,2.412931191958497,1.0566464076027924,1.0704787014741,2.1513680000789464,
f3fc71c2eb1c9e3af30b,home,hist_gradient_boosting,pitcher_only,"{""l2_regularization"":5.0,""learning_rate"":0.025,""loss"":""poisson"",""max_iter"":300,""max_leaf_nodes"":15,""min_samples_leaf"":10}",ok,757,2.584302496344285,2.5839771032957297,2.5402906208718625,2.412931191958497,1.0173255276820716,1.0708871897828136,3.614850000012666,
e6e02d02d73354e89f67,home,hist_gradient_boosting,dratings_plus_bullpen,"{""l2_regularization"":0.0,""learning_rate"":0.025,""loss"":""poisson"",""max_iter"":300,""max_leaf_nodes"":15,""min_samples_leaf"":30}",ok,757,2.5789082665699965,2.5840278970727746,2.5402906208718625,2.412931191958497,1.0152020581349388,1.0709082404357348,3.028426799923181,
1403919f35e00f021149,home,xgboost,no_dratings_prob,"{""colsample_bytree"":0.9,""learning_rate"":0.05,""max_depth"":6,""min_child_weight"":5.0,""n_estimators"":500,""objective"":""reg:squarederror"",""reg_lambda"":1.0,""subsample"":0.9,""tweedie_variance_power"":null}",ok,757,2.68386878189354,2.584052179659823,2.5402906208718625,2.412931191958497,1.0565203681192978,1.0709183039581134,9.001204599626362,
59bf6993edc354f3cb15,home,xgboost,dratings_plus_bullpen,"{""colsample_bytree"":0.9,""learning_rate"":0.025,""max_depth"":6,""min_child_weight"":1.0,""n_estimators"":500,""objective"":""reg:squarederror"",""reg_lambda"":1.0,""subsample"":0.9,""tweedie_variance_power"":null}",ok,757,2.610074560109974,2.584176813195768,2.5402906208718625,2.412931191958497,1.0274708486756372,1.07096995629547,5.494601500220597,
23e1190a860e465098d3,home,hist_gradient_boosting,no_dratings,"{""l2_regularization"":0.0,""learning_rate"":0.025,""loss"":""squared_error"",""max_iter"":300,""max_leaf_nodes"":15,""min_samples_leaf"":10}",ok,757,2.7036074113217103,2.5848950326833555,2.5402906208718625,2.412931191958497,1.0642905930163988,1.0712676106546084,4.621538599953055,
c4486028c309affadb21,home,random_forest,all,"{""criterion"":""squared_error"",""max_depth"":14,""max_features"":1.0,""max_samples"":null,""min_samples_leaf"":2,""n_estimators"":400}",ok,757,2.732860920367356,2.584901462786964,2.5402906208718625,2.412931191958497,1.075806404949604,1.0712702755062338,9.488790300209075,
721f93aad760e565a769,home,lightgbm,dratings_only,"{""colsample_bytree"":0.9,""learning_rate"":0.025,""min_child_samples"":30,""n_estimators"":500,""num_leaves"":15,""objective"":""poisson"",""reg_lambda"":1.0,""subsample"":0.9,""tweedie_variance_power"":null}",ok,757,2.6610622111022457,2.5851840247365665,2.5402906208718625,2.412931191958497,1.047542430475507,1.0713873787002843,0.8853743998333812,
5259cbf667e6b91ece5b,home,hist_gradient_boosting,no_dratings,"{""l2_regularization"":5.0,""learning_rate"":0.05,""loss"":""squared_error"",""max_iter"":300,""max_leaf_nodes"":15,""min_samples_leaf"":30}",ok,757,2.637277551193633,2.5854424160434624,2.5402906208718625,2.412931191958497,1.0381794624303589,1.0714944647654638,3.1956104999408126,
2797ef6f667216ab8e9b,home,xgboost,dratings_only,"{""colsample_bytree"":0.9,""learning_rate"":0.025,""max_depth"":6,""min_child_weight"":5.0,""n_estimators"":500,""objective"":""count:poisson"",""reg_lambda"":1.0,""subsample"":0.9,""tweedie_variance_power"":null}",ok,757,2.6413643147545414,2.5854465366836568,2.5402906208718625,2.412931191958497,1.0397882403895933,1.071496172497623,4.999120699707419,
ec9d2c42625cacf4a308,home,hist_gradient_boosting,dratings_only,"{""l2_regularization"":5.0,""learning_rate"":0.025,""loss"":""poisson"",""max_iter"":300,""max_leaf_nodes"":15,""min_samples_leaf"":30}",ok,757,2.6581655279120744,2.5854513260064134,2.5402906208718625,2.412931191958497,1.0464021344926886,1.07149815735437,13.725794400088487,
f5a91e515a344905c427,home,hist_gradient_boosting,bullpen_only,"{""l2_regularization"":0.0,""learning_rate"":0.025,""loss"":""squared_error"",""max_iter"":300,""max_leaf_nodes"":31,""min_samples_leaf"":10}",ok,757,2.600836843166042,2.586159291914977,2.5402906208718625,2.412931191958497,1.0238343683186135,1.0717915622848226,3.742190100252628,
aa963b08eaf3ab59c173,home,hist_gradient_boosting,dratings_only,"{""l2_regularization"":5.0,""learning_rate"":0.025,""loss"":""poisson"",""max_iter"":300,""max_leaf_nodes"":15,""min_samples_leaf"":10}",ok,757,2.6590587692373893,2.5864374790380964,2.5402906208718625,2.412931191958497,1.0467537640731688,1.0719068524033502,8.099362400360405,
b5c00fa1a1a39235e4f0,home,xgboost,no_dratings,"{""colsample_bytree"":0.9,""learning_rate"":0.025,""max_depth"":6,""min_child_weight"":1.0,""n_estimators"":500,""objective"":""reg:squarederror"",""reg_lambda"":1.0,""subsample"":0.9,""tweedie_variance_power"":null}",ok,757,2.7032114231129776,2.587186090334344,2.5402906208718625,2.412931191958497,1.0641347099825915,1.0722171021521796,7.100287300068885,
41619a16587553240583,home,lightgbm,no_dratings_prob,"{""colsample_bytree"":0.9,""learning_rate"":0.05,""min_child_samples"":10,""n_estimators"":500,""num_leaves"":15,""objective"":""poisson"",""reg_lambda"":1.0,""subsample"":0.9,""tweedie_variance_power"":null}",ok,757,2.5894306977319803,2.5872309739624697,2.5402906208718625,2.412931191958497,1.0193442736261618,1.0722357034402208,1.6083558998070655,
ddc981e4db6ca260f783,home,hist_gradient_boosting,all,"{""l2_regularization"":5.0,""learning_rate"":0.05,""loss"":""squared_error"",""max_iter"":300,""max_leaf_nodes"":31,""min_samples_leaf"":10}",ok,757,2.668529383654778,2.5874454795594044,2.5402906208718625,2.412931191958497,1.050481925858901,1.0723246017882757,8.81162240030244,
e43878b621984e7f0c58,home,random_forest,dratings_only,"{""criterion"":""poisson"",""max_depth"":14,""max_features"":1.0,""max_samples"":null,""min_samples_leaf"":2,""n_estimators"":400}",ok,757,2.6603715220390765,2.587544381875718,2.5402906208718625,2.412931191958497,1.0472705367569324,1.0723655902410931,5.071818500291556,
f014c87dd803cb13344b,home,xgboost,bullpen_only,"{""colsample_bytree"":0.9,""learning_rate"":0.025,""max_depth"":6,""min_child_weight"":1.0,""n_estimators"":500,""objective"":""count:poisson"",""reg_lambda"":1.0,""subsample"":0.9,""tweedie_variance_power"":null}",ok,757,2.559136815871084,2.587566486734846,2.5402906208718625,2.412931191958497,1.0074189129560116,1.0723747512396338,4.959687899798155,
93cd03723535830b0d4d,home,hist_gradient_boosting,no_dratings_prob,"{""l2_regularization"":5.0,""learning_rate"":0.025,""loss"":""poisson"",""max_iter"":300,""max_leaf_nodes"":31,""min_samples_leaf"":30}",ok,757,2.5425786519321165,2.5876258895563016,2.5402906208718625,2.412931191958497,1.0009006965744214,1.0723993697706773,3.891156000085175,
d26d3ba0df9c86eaf8e4,home,xgboost,all,"{""colsample_bytree"":0.9,""learning_rate"":0.05,""max_depth"":3,""min_child_weight"":1.0,""n_estimators"":500,""objective"":""reg:squarederror"",""reg_lambda"":1.0,""subsample"":0.9,""tweedie_variance_power"":null}",ok,757,2.697194910112429,2.5881028852076886,2.5402906208718625,2.412931191958497,1.0617662750676593,1.0725970528430238,6.855144999921322,
bf6a4b8b72a0c1ca22b0,home,xgboost,dratings_plus_bullpen,"{""colsample_bytree"":0.9,""learning_rate"":0.025,""max_depth"":6,""min_child_weight"":5.0,""n_estimators"":500,""objective"":""reg:squarederror"",""reg_lambda"":1.0,""subsample"":0.9,""tweedie_variance_power"":null}",ok,757,2.6122306796329653,2.588148528010204,2.5402906208718625,2.412931191958497,1.028319617515421,1.072615968758516,5.090966599993408,
400f57fed0ed2164aa4e,home,hist_gradient_boosting,no_dratings_prob,"{""l2_regularization"":5.0,""learning_rate"":0.025,""loss"":""poisson"",""max_iter"":300,""max_leaf_nodes"":31,""min_samples_leaf"":10}",ok,757,2.559269210131505,2.588320161767608,2.5402906208718625,2.412931191958497,1.0074710307173944,1.072687099571519,6.943003400228918,
14f7f7c084e9bd1fef9a,home,lightgbm,all,"{""colsample_bytree"":0.9,""learning_rate"":0.05,""min_child_samples"":30,""n_estimators"":500,""num_leaves"":31,""objective"":""regression"",""reg_lambda"":1.0,""subsample"":0.9,""tweedie_variance_power"":null}",ok,757,2.647347725014746,2.5884796425669605,2.5402906208718625,2.412931191958497,1.0421436442205734,1.0727531937891592,5.360342199914157,
00a30f1122029922c21f,home,hist_gradient_boosting,pitcher_only,"{""l2_regularization"":5.0,""learning_rate"":0.025,""loss"":""squared_error"",""max_iter"":300,""max_leaf_nodes"":15,""min_samples_leaf"":10}",ok,757,2.6528683723021893,2.588655234458884,2.5402906208718625,2.412931191958497,1.0443168787481838,1.0728259649864933,3.954658399801701,
0c7e08e7471a17385a82,home,hist_gradient_boosting,all,"{""l2_regularization"":5.0,""learning_rate"":0.1,""loss"":""squared_error"",""max_iter"":300,""max_leaf_nodes"":31,""min_samples_leaf"":10}",ok,757,2.6610987110669844,2.588825235719402,2.5402906208718625,2.412931191958497,1.0475567988963637,1.0728964192377726,4.334349100012332,
4204217acde5e8fb829f,home,xgboost,dratings_only,"{""colsample_bytree"":0.9,""learning_rate"":0.025,""max_depth"":6,""min_child_weight"":1.0,""n_estimators"":500,""objective"":""count:poisson"",""reg_lambda"":1.0,""subsample"":0.9,""tweedie_variance_power"":null}",ok,757,2.644835007552899,2.5888458096053,2.5402906208718625,2.412931191958497,1.0411544985530652,1.072904945749414,4.980379099957645,
e751baf2d7bd3e1b8548,home,hist_gradient_boosting,dratings_only,"{""l2_regularization"":5.0,""learning_rate"":0.025,""loss"":""squared_error"",""max_iter"":300,""max_leaf_nodes"":15,""min_samples_leaf"":30}",ok,757,2.662461508293194,2.588889746307775,2.5402906208718625,2.412931191958497,1.0480932718554072,1.072923154599555,9.12830050010234,
c2fcc304efbe53cbbeae,home,random_forest,all,"{""criterion"":""squared_error"",""max_depth"":null,""max_features"":1.0,""max_samples"":null,""min_samples_leaf"":2,""n_estimators"":400}",ok,757,2.736942245318897,2.5889141033602967,2.5402906208718625,2.412931191958497,1.0774130419690096,1.0729332489829353,9.960951100103555,
ac483da14661aad0c21c,home,random_forest,dratings_plus_pitcher,"{""criterion"":""squared_error"",""max_depth"":null,""max_features"":0.6,""max_samples"":null,""min_samples_leaf"":2,""n_estimators"":400}",ok,757,2.73033264837137,2.58916192069383,2.5402906208718625,2.412931191958497,1.0748111361503525,1.073035952837218,3.75557200005278,
7fa166b21775b8a82c4a,home,xgboost,bullpen_only,"{""colsample_bytree"":0.9,""learning_rate"":0.025,""max_depth"":6,""min_child_weight"":5.0,""n_estimators"":500,""objective"":""count:poisson"",""reg_lambda"":1.0,""subsample"":0.9,""tweedie_variance_power"":null}",ok,757,2.5594153530216595,2.590565718004331,2.5402906208718625,2.412931191958497,1.0075285607058744,1.073617733749653,4.826166499871761,
6f3f936804f49976766c,home,xgboost,all,"{""colsample_bytree"":0.9,""learning_rate"":0.05,""max_depth"":3,""min_child_weight"":5.0,""n_estimators"":500,""objective"":""reg:squarederror"",""reg_lambda"":1.0,""subsample"":0.9,""tweedie_variance_power"":null}",ok,757,2.690469334588498,2.590712831782353,2.5402906208718625,2.412931191958497,1.059118713615961,1.0736787026568946,6.90866980003193,
e8a291d3aa3111240491,home,xgboost,dratings_plus_bullpen,"{""colsample_bytree"":0.9,""learning_rate"":0.05,""max_depth"":3,""min_child_weight"":5.0,""n_estimators"":500,""objective"":""reg:squarederror"",""reg_lambda"":1.0,""subsample"":0.9,""tweedie_variance_power"":null}",ok,757,2.5955687114080632,2.591063467063467,2.5402906208718625,2.412931191958497,1.0217605379801893,1.073824017733546,2.565770100336522,
322037386d16eb4e842d,home,hist_gradient_boosting,no_dratings_prob,"{""l2_regularization"":0.0,""learning_rate"":0.05,""loss"":""squared_error"",""max_iter"":300,""max_leaf_nodes"":31,""min_samples_leaf"":30}",ok,757,2.634022587415325,2.591450520723252,2.5402906208718625,2.412931191958497,1.036898127235258,1.0739844258135915,4.063016900327057,
6a816b6d88d9716bee8e,home,hist_gradient_boosting,no_dratings,"{""l2_regularization"":5.0,""learning_rate"":0.05,""loss"":""squared_error"",""max_iter"":300,""max_leaf_nodes"":31,""min_samples_leaf"":30}",ok,757,2.6439487481584827,2.592268858724285,2.5402906208718625,2.412931191958497,1.040805617449803,1.074323572658624,4.484378000255674,
1b94a45e784ecf6496e6,home,random_forest,dratings_only,"{""criterion"":""squared_error"",""max_depth"":14,""max_features"":1.0,""max_samples"":null,""min_samples_leaf"":2,""n_estimators"":400}",ok,757,2.664658237222284,2.592347448717732,2.5402906208718625,2.412931191958497,1.0489580268212526,1.074356143000335,4.626733399927616,
bf248408e1c4ee2a5fb0,home,hist_gradient_boosting,bullpen_only,"{""l2_regularization"":0.0,""learning_rate"":0.025,""loss"":""squared_error"",""max_iter"":300,""max_leaf_nodes"":15,""min_samples_leaf"":30}",ok,757,2.592962200339008,2.592394127999683,2.5402906208718625,2.412931191958497,1.020734469920244,1.0743754884678338,2.003569500055164,
80393ea9f74f99844a35,home,hist_gradient_boosting,no_dratings_prob,"{""l2_regularization"":0.0,""learning_rate"":0.1,""loss"":""squared_error"",""max_iter"":300,""max_leaf_nodes"":31,""min_samples_leaf"":30}",ok,757,2.6409933789967472,2.5932797247678367,2.5402906208718625,2.412931191958497,1.0396422193970556,1.0747425096125334,3.9486165000125766,
465bcd6bd9a00cd9b9ad,home,lightgbm,all,"{""colsample_bytree"":0.9,""learning_rate"":0.05,""min_child_samples"":30,""n_estimators"":500,""num_leaves"":15,""objective"":""poisson"",""reg_lambda"":1.0,""subsample"":0.9,""tweedie_variance_power"":null}",ok,757,2.570125382979114,2.593295528717043,2.5402906208718625,2.412931191958497,1.0117446255409204,1.0747490593016662,2.099373500328511,
99da9ad7c3b6e3b7f909,home,random_forest,dratings_only,"{""criterion"":""poisson"",""max_depth"":14,""max_features"":0.6,""max_samples"":null,""min_samples_leaf"":2,""n_estimators"":400}",ok,757,2.662707131645398,2.593346082351311,2.5402906208718625,2.412931191958497,1.0481899628994105,1.0747700104313282,4.832776499912143,
cf6c064d21054a6dc6e0,home,hist_gradient_boosting,dratings_plus_bullpen,"{""l2_regularization"":5.0,""learning_rate"":0.025,""loss"":""squared_error"",""max_iter"":300,""max_leaf_nodes"":15,""min_samples_leaf"":30}",ok,757,2.5984877343593245,2.593355453125449,2.5402906208718625,2.412931191958497,1.02290962813833,1.0747738939959195,3.170920299831778,
fb377b9b99981950f0b0,home,random_forest,dratings_only,"{""criterion"":""squared_error"",""max_depth"":14,""max_features"":0.6,""max_samples"":null,""min_samples_leaf"":2,""n_estimators"":400}",ok,757,2.665258115254801,2.5934889135371506,2.5402906208718625,2.412931191958497,1.04919417225579,1.0748292044880488,4.726150299888104,
89a72c266a9ed93d5b8c,home,hist_gradient_boosting,no_dratings_prob,"{""l2_regularization"":0.0,""learning_rate"":0.05,""loss"":""poisson"",""max_iter"":300,""max_leaf_nodes"":15,""min_samples_leaf"":10}",ok,757,2.574508143702765,2.593666677991539,2.5402906208718625,2.412931191958497,1.013469924484136,1.074902876068482,2.52892699977383,
4abf492d8fe952f09c84,home,random_forest,no_dratings_prob,"{""criterion"":""squared_error"",""max_depth"":14,""max_features"":1.0,""max_samples"":null,""min_samples_leaf"":2,""n_estimators"":400}",ok,757,2.7316811464489867,2.5936975506183235,2.5402906208718625,2.412931191958497,1.0753419801673858,1.074915670725407,7.970242499839514,
a67f532e1673201b124b,home,hist_gradient_boosting,no_dratings,"{""l2_regularization"":5.0,""learning_rate"":0.025,""loss"":""poisson"",""max_iter"":300,""max_leaf_nodes"":31,""min_samples_leaf"":30}",ok,757,2.54518171734135,2.593727417542752,2.5402906208718625,2.412931191958497,1.0019254082305782,1.074928048585384,10.297990300226957,
4d4647126f6643a743e6,home,xgboost,dratings_plus_bullpen,"{""colsample_bytree"":0.9,""learning_rate"":0.025,""max_depth"":6,""min_child_weight"":5.0,""n_estimators"":500,""objective"":""count:poisson"",""reg_lambda"":1.0,""subsample"":0.9,""tweedie_variance_power"":null}",ok,757,2.5688405493606505,2.594026303556105,2.5402906208718625,2.412931191958497,1.011238843404063,1.0750519170215622,5.323672599624842,
bf2aec672d04baa8a70b,home,hist_gradient_boosting,all,"{""l2_regularization"":5.0,""learning_rate"":0.025,""loss"":""poisson"",""max_iter"":300,""max_leaf_nodes"":31,""min_samples_leaf"":30}",ok,757,2.5571275058167355,2.594097879468797,2.5402906208718625,2.412931191958497,1.0066279365071602,1.0750815804918386,3.4346635001711547,
2dc5fed6d5a2b7f31a94,home,hist_gradient_boosting,bullpen_only,"{""l2_regularization"":0.0,""learning_rate"":0.025,""loss"":""poisson"",""max_iter"":300,""max_leaf_nodes"":15,""min_samples_leaf"":30}",ok,757,2.570058896250314,2.5942453732216606,2.5402906208718625,2.412931191958497,1.01171845265808,1.0751427068734591,2.290817500092089,
c83f5e3fd36f75546c94,home,xgboost,dratings_plus_pitcher,"{""colsample_bytree"":0.9,""learning_rate"":0.025,""max_depth"":3,""min_child_weight"":1.0,""n_estimators"":500,""objective"":""reg:squarederror"",""reg_lambda"":1.0,""subsample"":0.9,""tweedie_variance_power"":null}",ok,757,2.6749085132795405,2.594283008315064,2.5402906208718625,2.412931191958497,1.052993106891634,1.075158304124441,2.5524147995747626,
3e45f19c4924352ae8f8,home,hist_gradient_boosting,dratings_only,"{""l2_regularization"":0.0,""learning_rate"":0.025,""loss"":""poisson"",""max_iter"":300,""max_leaf_nodes"":15,""min_samples_leaf"":30}",ok,757,2.659900742526278,2.595247433426977,2.5402906208718625,2.412931191958497,1.047085211696512,1.0755579943912534,10.055630499962716,
aa288b52e1e16f6b0a46,home,lightgbm,no_dratings,"{""colsample_bytree"":0.9,""learning_rate"":0.05,""min_child_samples"":30,""n_estimators"":500,""num_leaves"":31,""objective"":""regression"",""reg_lambda"":1.0,""subsample"":0.9,""tweedie_variance_power"":null}",ok,757,2.6385146301939115,2.5954622461810497,2.5402906208718625,2.412931191958497,1.0386664456873589,1.0756470200355768,2.757766999769956,
eb3ef2143f251384a9b2,home,lightgbm,no_dratings,"{""colsample_bytree"":0.9,""learning_rate"":0.025,""min_child_samples"":10,""n_estimators"":500,""num_leaves"":31,""objective"":""poisson"",""reg_lambda"":1.0,""subsample"":0.9,""tweedie_variance_power"":null}",ok,757,2.57249532434082,2.595601354274975,2.5402906208718625,2.412931191958497,1.0126775665761834,1.0757046711175426,4.242314199917018,
75bcf6f4690a9edb7bb4,home,hist_gradient_boosting,no_dratings,"{""l2_regularization"":5.0,""learning_rate"":0.05,""loss"":""squared_error"",""max_iter"":300,""max_leaf_nodes"":31,""min_samples_leaf"":10}",ok,757,2.6542087328917887,2.595683884132652,2.5402906208718625,2.412931191958497,1.0448445193962996,1.0757388742717608,7.75340160029009,
f87c37e67c68d4a36fe4,home,hist_gradient_boosting,no_dratings_prob,"{""l2_regularization"":5.0,""learning_rate"":0.05,""loss"":""poisson"",""max_iter"":300,""max_leaf_nodes"":15,""min_samples_leaf"":10}",ok,757,2.578838315207081,2.5957878282752027,2.5402906208718625,2.412931191958497,1.015174521378971,1.0757819522272771,2.834272699896246,
a088eb89ffb2dabe5b1b,home,lightgbm,bullpen_only,"{""colsample_bytree"":0.9,""learning_rate"":0.025,""min_child_samples"":10,""n_estimators"":500,""num_leaves"":15,""objective"":""regression"",""reg_lambda"":1.0,""subsample"":0.9,""tweedie_variance_power"":null}",ok,757,2.6048325444582816,2.5965572592662194,2.5402906208718625,2.412931191958497,1.0254072990925218,1.0761008303592277,0.9185023000463844,
f4adf687ea17cdf096dd,home,hist_gradient_boosting,all,"{""l2_regularization"":5.0,""learning_rate"":0.025,""loss"":""poisson"",""max_iter"":300,""max_leaf_nodes"":31,""min_samples_leaf"":10}",ok,757,2.5716515208058,2.596613769696714,2.5402906208718625,2.412931191958497,1.012345398465934,1.0761242501859856,23.23062220029533,
193f368fdd103e716ac5,home,hist_gradient_boosting,dratings_plus_bullpen,"{""l2_regularization"":5.0,""learning_rate"":0.025,""loss"":""poisson"",""max_iter"":300,""max_leaf_nodes"":15,""min_samples_leaf"":30}",ok,757,2.5877389840459246,2.596825539187967,2.5402906208718625,2.412931191958497,1.0186783208126704,1.076212014599641,3.198150899726897,
d5b2362b413ee6458cf5,home,hist_gradient_boosting,dratings_only,"{""l2_regularization"":0.0,""learning_rate"":0.025,""loss"":""squared_error"",""max_iter"":300,""max_leaf_nodes"":15,""min_samples_leaf"":10}",ok,757,2.6550727713107,2.59714051360731,2.5402906208718625,2.412931191958497,1.0451846530848674,1.076342550613429,9.3258450999856,
e6a0aced052fe5645134,home,random_forest,no_dratings_prob,"{""criterion"":""squared_error"",""max_depth"":null,""max_features"":1.0,""max_samples"":null,""min_samples_leaf"":2,""n_estimators"":400}",ok,757,2.739205946226092,2.5984062586739807,2.5402906208718625,2.412931191958497,1.0783041608388724,1.0768671180237592,8.527574799954891,
68249cf3e26e041df510,home,hist_gradient_boosting,dratings_only,"{""l2_regularization"":0.0,""learning_rate"":0.025,""loss"":""poisson"",""max_iter"":300,""max_leaf_nodes"":15,""min_samples_leaf"":10}",ok,757,2.661201790251959,2.598610602251073,2.5402906208718625,2.412931191958497,1.0475973766098456,1.0769518048883382,8.168361200019717,
f000c482d2fe40c9e7dd,home,lightgbm,dratings_plus_bullpen,"{""colsample_bytree"":0.9,""learning_rate"":0.05,""min_child_samples"":10,""n_estimators"":500,""num_leaves"":15,""objective"":""poisson"",""reg_lambda"":1.0,""subsample"":0.9,""tweedie_variance_power"":null}",ok,757,2.5661650061298378,2.599713395220656,2.5402906208718625,2.412931191958497,1.010185600436967,1.0774088394582664,1.4957476002164185,
e093ad1b657b8f166bf9,home,lightgbm,all,"{""colsample_bytree"":0.9,""learning_rate"":0.025,""min_child_samples"":10,""n_estimators"":500,""num_leaves"":15,""objective"":""regression"",""reg_lambda"":1.0,""subsample"":0.9,""tweedie_variance_power"":null}",ok,757,2.725604616104812,2.599982319132741,2.5402906208718625,2.412931191958497,1.0729499190802614,1.0775202905899777,1.768243299797177,
64a3236c63e6b4102e5c,home,hist_gradient_boosting,no_dratings_prob,"{""l2_regularization"":0.0,""learning_rate"":0.05,""loss"":""squared_error"",""max_iter"":300,""max_leaf_nodes"":15,""min_samples_leaf"":10}",ok,757,2.697484643221658,2.600042773913764,2.5402906208718625,2.412931191958497,1.0618803301709805,1.0775453450885164,2.6780332000926137,
8126eaa5597b7ad41692,home,extra_trees,dratings_only,"{""criterion"":""poisson"",""max_depth"":14,""max_features"":0.6,""max_samples"":null,""min_samples_leaf"":2,""n_estimators"":400}",ok,757,2.672241349787882,2.6003734545273827,2.5402906208718625,2.412931191958497,1.0519431626570082,1.0776823902784998,2.949788799975068,
601432bb6300cad560a6,home,lightgbm,all,"{""colsample_bytree"":0.9,""learning_rate"":0.025,""min_child_samples"":10,""n_estimators"":500,""num_leaves"":15,""objective"":""tweedie"",""reg_lambda"":1.0,""subsample"":0.9,""tweedie_variance_power"":1.2}",ok,757,2.5868890314744166,2.6005591082512622,2.5402906208718625,2.412931191958497,1.0183437320988733,1.077759331438073,1.744474499952048,
05471000d0eb3e4d79a6,home,xgboost,pitcher_only,"{""colsample_bytree"":0.9,""learning_rate"":0.025,""max_depth"":3,""min_child_weight"":5.0,""n_estimators"":500,""objective"":""reg:squarederror"",""reg_lambda"":1.0,""subsample"":0.9,""tweedie_variance_power"":null}",ok,757,2.682013131195834,2.6006147521984246,2.5402906208718625,2.412931191958497,1.0557898805591506,1.077782392164938,2.693540200125426,
1126c706c91da11b917e,home,lightgbm,dratings_plus_pitcher,"{""colsample_bytree"":0.9,""learning_rate"":0.025,""min_child_samples"":30,""n_estimators"":500,""num_leaves"":31,""objective"":""poisson"",""reg_lambda"":1.0,""subsample"":0.9,""tweedie_variance_power"":null}",ok,757,2.5699508815353678,2.601612224903966,2.5402906208718625,2.412931191958497,1.0116759320448638,1.07819577846823,1.5960602001287043,
e1de090bd7338affcb1c,home,xgboost,dratings_plus_bullpen,"{""colsample_bytree"":0.9,""learning_rate"":0.1,""max_depth"":3,""min_child_weight"":1.0,""n_estimators"":500,""objective"":""count:poisson"",""reg_lambda"":1.0,""subsample"":0.9,""tweedie_variance_power"":null}",ok,757,2.5563845787212114,2.6031437932957817,2.5402906208718625,2.412931191958497,1.0063354789869772,1.078830512022556,2.83550320006907,
9a7659dcd0aeb177fc0b,home,xgboost,dratings_plus_bullpen,"{""colsample_bytree"":0.9,""learning_rate"":0.025,""max_depth"":6,""min_child_weight"":1.0,""n_estimators"":500,""objective"":""count:poisson"",""reg_lambda"":1.0,""subsample"":0.9,""tweedie_variance_power"":null}",ok,757,2.568107120899417,2.603520912062925,2.5402906208718625,2.412931191958497,1.0109501250758497,1.0789868027482925,5.776268700137734,
8b58dda60a292ba6f616,home,extra_trees,dratings_only,"{""criterion"":""squared_error"",""max_depth"":14,""max_features"":0.6,""max_samples"":null,""min_samples_leaf"":2,""n_estimators"":400}",ok,757,2.670675496673896,2.60352544862908,2.5402906208718625,2.412931191958497,1.0513267555809356,1.078988682854186,2.877493599895388,
9c97c079335b71b47244,home,hist_gradient_boosting,dratings_only,"{""l2_regularization"":0.0,""learning_rate"":0.025,""loss"":""squared_error"",""max_iter"":300,""max_leaf_nodes"":15,""min_samples_leaf"":30}",ok,757,2.6698301935138296,2.604475263077677,2.5402906208718625,2.412931191958497,1.0509939971346691,1.079382317969751,9.131038499996066,
8655b2c500f046942e3d,home,lightgbm,pitcher_only,"{""colsample_bytree"":0.9,""learning_rate"":0.025,""min_child_samples"":10,""n_estimators"":500,""num_leaves"":15,""objective"":""poisson"",""reg_lambda"":1.0,""subsample"":0.9,""tweedie_variance_power"":null}",ok,757,2.625766325611683,2.605679921073485,2.5402906208718625,2.412931191958497,1.0336480023338763,1.0798815688393253,1.0323191997595131,
02f75881e780b705e7f0,home,xgboost,bullpen_only,"{""colsample_bytree"":0.9,""learning_rate"":0.025,""max_depth"":3,""min_child_weight"":5.0,""n_estimators"":500,""objective"":""reg:tweedie"",""reg_lambda"":1.0,""subsample"":0.9,""tweedie_variance_power"":1.5}",ok,757,2.570489283282029,2.6060654983880727,2.5402906208718625,2.412931191958497,1.0118878769862174,1.0800413650721696,3.0077690999023616,
fbd1152356c21a838920,home,hist_gradient_boosting,no_dratings_prob,"{""l2_regularization"":5.0,""learning_rate"":0.05,""loss"":""poisson"",""max_iter"":300,""max_leaf_nodes"":15,""min_samples_leaf"":30}",ok,757,2.564994958191092,2.6061269641696416,2.5402906208718625,2.412931191958497,1.009725004342515,1.080066838563405,3.00568709988147,
b0855824166be26921eb,home,hist_gradient_boosting,dratings_plus_bullpen,"{""l2_regularization"":5.0,""learning_rate"":0.05,""loss"":""squared_error"",""max_iter"":300,""max_leaf_nodes"":15,""min_samples_leaf"":10}",ok,757,2.634488991967768,2.606290340585902,2.5402906208718625,2.412931191958497,1.037081730067395,1.0801345472559711,3.091833599843085,
5184c412e9703a2c6cd8,home,hist_gradient_boosting,all,"{""l2_regularization"":5.0,""learning_rate"":0.05,""loss"":""poisson"",""max_iter"":300,""max_leaf_nodes"":15,""min_samples_leaf"":10}",ok,757,2.599141528366599,2.606647192279864,2.5402906208718625,2.412931191958497,1.0231669979061442,1.0802824386235954,6.373451099731028,
6c299eb330bae7987ea7,home,hist_gradient_boosting,all,"{""l2_regularization"":0.0,""learning_rate"":0.025,""loss"":""poisson"",""max_iter"":300,""max_leaf_nodes"":31,""min_samples_leaf"":30}",ok,757,2.5652054742615613,2.6066586095089965,2.5402906208718625,2.412931191958497,1.0098078752033293,1.0802871703081005,7.344427399802953,
63683f60f80bc85af8d8,home,hist_gradient_boosting,bullpen_only,"{""l2_regularization"":5.0,""learning_rate"":0.025,""loss"":""squared_error"",""max_iter"":300,""max_leaf_nodes"":31,""min_samples_leaf"":10}",ok,757,2.6189815274563184,2.607018123233646,2.5402906208718625,2.412931191958497,1.0309771275530073,1.08043616491095,4.075544300023466,
97d5e408d522bd830a40,home,lightgbm,no_dratings,"{""colsample_bytree"":0.9,""learning_rate"":0.025,""min_child_samples"":10,""n_estimators"":500,""num_leaves"":31,""objective"":""regression"",""reg_lambda"":1.0,""subsample"":0.9,""tweedie_variance_power"":null}",ok,757,2.699176067390917,2.607042734626933,2.5402906208718625,2.412931191958497,1.062546169014521,1.0804463647017144,3.4992148000746965,
1489be68ac7747b2f488,home,hist_gradient_boosting,no_dratings,"{""l2_regularization"":0.0,""learning_rate"":0.05,""loss"":""squared_error"",""max_iter"":300,""max_leaf_nodes"":15,""min_samples_leaf"":30}",ok,757,2.6357861755136662,2.60786850301867,2.5402906208718625,2.412931191958497,1.0375923738241526,1.0807885909510535,2.9151093997061253,
e7a30b7527c470ccc28d,home,xgboost,all,"{""colsample_bytree"":0.9,""learning_rate"":0.05,""max_depth"":6,""min_child_weight"":1.0,""n_estimators"":500,""objective"":""reg:squarederror"",""reg_lambda"":1.0,""subsample"":0.9,""tweedie_variance_power"":null}",ok,757,2.7042077672686258,2.608989342717663,2.5402906208718625,2.412931191958497,1.0645269265846853,1.081253104693811,16.66601199982688,
e141012c8a881dedd490,home,hist_gradient_boosting,all,"{""l2_regularization"":0.0,""learning_rate"":0.05,""loss"":""squared_error"",""max_iter"":300,""max_leaf_nodes"":31,""min_samples_leaf"":30}",ok,757,2.650722543737442,2.6097362209736903,2.5402906208718625,2.412931191958497,1.043472161003247,1.081562636212371,14.323611800093204,
bf9c7ba1da4648e2c3a4,home,random_forest,no_dratings,"{""criterion"":""squared_error"",""max_depth"":null,""max_features"":0.6,""max_samples"":null,""min_samples_leaf"":2,""n_estimators"":400}",ok,757,2.752820699590528,2.610767733190677,2.5402906208718625,2.412931191958497,1.0836636867342848,1.0819901296363128,7.229358599986881,
f074970d17e6cc0a96ac,home,lightgbm,no_dratings,"{""colsample_bytree"":0.9,""learning_rate"":0.05,""min_child_samples"":30,""n_estimators"":500,""num_leaves"":15,""objective"":""poisson"",""reg_lambda"":1.0,""subsample"":0.9,""tweedie_variance_power"":null}",ok,757,2.574557781764519,2.6108000997767467,2.5402906208718625,2.412931191958497,1.013489464792377,1.0820035434403108,1.8644469999708235,
54144d1b51a99a5348a8,home,xgboost,bullpen_only,"{""colsample_bytree"":0.9,""learning_rate"":0.025,""max_depth"":3,""min_child_weight"":1.0,""n_estimators"":500,""objective"":""reg:tweedie"",""reg_lambda"":1.0,""subsample"":0.9,""tweedie_variance_power"":1.5}",ok,757,2.579450608402136,2.6132496645905974,2.5402906208718625,2.412931191958497,1.0154155541135814,1.0830187256477497,2.601827200036496,
454cffdf40d5f6bf13b9,home,lightgbm,pitcher_only,"{""colsample_bytree"":0.9,""learning_rate"":0.025,""min_child_samples"":30,""n_estimators"":500,""num_leaves"":15,""objective"":""poisson"",""reg_lambda"":1.0,""subsample"":0.9,""tweedie_variance_power"":null}",ok,757,2.6119817531282346,2.613329769197805,2.5402906208718625,2.412931191958497,1.028221626166445,1.0830519236964444,1.0441681002266705,
fd343001236d07616471,home,hist_gradient_boosting,dratings_plus_pitcher,"{""l2_regularization"":0.0,""learning_rate"":0.025,""loss"":""poisson"",""max_iter"":300,""max_leaf_nodes"":15,""min_samples_leaf"":30}",ok,757,2.593363696692724,2.6135937938286933,2.5402906208718625,2.412931191958497,1.0208925212669746,1.0831613444009256,4.242813799995929,
f050c1b25ea6a5c2f360,home,xgboost,bullpen_only,"{""colsample_bytree"":0.9,""learning_rate"":0.05,""max_depth"":3,""min_child_weight"":1.0,""n_estimators"":500,""objective"":""reg:squarederror"",""reg_lambda"":1.0,""subsample"":0.9,""tweedie_variance_power"":null}",ok,757,2.6216198078392363,2.614771154461573,2.5402906208718625,2.412931191958497,1.0320157017859084,1.0836492823234007,2.5887389997951686,
ccfee66bf5cdb2f9c4f9,home,hist_gradient_boosting,dratings_plus_pitcher,"{""l2_regularization"":5.0,""learning_rate"":0.025,""loss"":""poisson"",""max_iter"":300,""max_leaf_nodes"":15,""min_samples_leaf"":30}",ok,757,2.585653680085876,2.6162750926162874,2.5402906208718625,2.412931191958497,1.0178574289261613,1.0842725649763527,4.800681999884546,
4124cdc4cb3ed7a3b3af,home,lightgbm,no_dratings,"{""colsample_bytree"":0.9,""learning_rate"":0.05,""min_child_samples"":10,""n_estimators"":500,""num_leaves"":31,""objective"":""regression"",""reg_lambda"":1.0,""subsample"":0.9,""tweedie_variance_power"":null}",ok,757,2.706582910810002,2.6164160334213475,2.5402906208718625,2.412931191958497,1.0654619154878688,1.0843309755955737,3.349369899835437,
1c43853e7cc6658152ec,home,lightgbm,no_dratings,"{""colsample_bytree"":0.9,""learning_rate"":0.025,""min_child_samples"":10,""n_estimators"":500,""num_leaves"":15,""objective"":""regression"",""reg_lambda"":1.0,""subsample"":0.9,""tweedie_variance_power"":null}",ok,757,2.735376997516468,2.6168927282117,2.5402906208718625,2.412931191958497,1.0767968731773097,1.0845285339809685,1.7190804001875222,
1bec442c9c8ab34d2c3f,home,xgboost,dratings_plus_pitcher,"{""colsample_bytree"":0.9,""learning_rate"":0.025,""max_depth"":6,""min_child_weight"":5.0,""n_estimators"":500,""objective"":""count:poisson"",""reg_lambda"":1.0,""subsample"":0.9,""tweedie_variance_power"":null}",ok,757,2.55978180308638,2.6172657924163167,2.5402906208718625,2.412931191958497,1.0076728158795578,1.0846831443593583,6.161362800281495,
2c77ecdaff2f896b2878,home,hist_gradient_boosting,no_dratings,"{""l2_regularization"":5.0,""learning_rate"":0.1,""loss"":""squared_error"",""max_iter"":300,""max_leaf_nodes"":31,""min_samples_leaf"":30}",ok,757,2.6388868943644765,2.6172946489445588,2.5402906208718625,2.412931191958497,1.0388129896172174,1.084695103477106,5.157454300206155,
87e80c7b9e3bb8efa30b,home,lightgbm,no_dratings_prob,"{""colsample_bytree"":0.9,""learning_rate"":0.05,""min_child_samples"":10,""n_estimators"":500,""num_leaves"":31,""objective"":""regression"",""reg_lambda"":1.0,""subsample"":0.9,""tweedie_variance_power"":null}",ok,757,2.7013168528486053,2.617417801050997,2.5402906208718625,2.412931191958497,1.0633889015113855,1.0847461418601518,4.2508510001935065,
b6c6b9b4b58d4b4b3823,home,random_forest,no_dratings,"{""criterion"":""squared_error"",""max_depth"":14,""max_features"":0.6,""max_samples"":null,""min_samples_leaf"":2,""n_estimators"":400}",ok,757,2.759520569825315,2.62070031309183,2.5402906208718625,2.412931191958497,1.086301129151203,1.086106525468177,7.376950300298631,
dac0c855574975cfc770,home,hist_gradient_boosting,no_dratings_prob,"{""l2_regularization"":0.0,""learning_rate"":0.05,""loss"":""poisson"",""max_iter"":300,""max_leaf_nodes"":15,""min_samples_leaf"":30}",ok,757,2.579451874598066,2.6209295881963715,2.5402906208718625,2.412931191958497,1.0154160525588851,1.0862015447979056,3.9379492001608014,
5cb29a81536ebb701023,home,hist_gradient_boosting,dratings_plus_bullpen,"{""l2_regularization"":0.0,""learning_rate"":0.05,""loss"":""squared_error"",""max_iter"":300,""max_leaf_nodes"":31,""min_samples_leaf"":10}",ok,757,2.636158025386772,2.6211516092184013,2.5402906208718625,2.412931191958497,1.0377387546634351,1.086293557791384,4.6914805001579225,
795e9c991567d47f49d7,home,hist_gradient_boosting,no_dratings,"{""l2_regularization"":0.0,""learning_rate"":0.025,""loss"":""squared_error"",""max_iter"":300,""max_leaf_nodes"":31,""min_samples_leaf"":10}",ok,757,2.720219857399173,2.621479671680835,2.5402906208718625,2.412931191958497,1.0708301778737257,1.0864295179312866,10.56118640024215,
c153fb5f9aef56ff7078,home,hist_gradient_boosting,no_dratings_prob,"{""l2_regularization"":0.0,""learning_rate"":0.025,""loss"":""poisson"",""max_iter"":300,""max_leaf_nodes"":31,""min_samples_leaf"":30}",ok,757,2.5693656191185337,2.6216331051651145,2.5402906208718625,2.412931191958497,1.0114455401314248,1.0864931059377707,4.088976100087166,
0fa2261ecaf5f6213b89,home,lightgbm,dratings_plus_bullpen,"{""colsample_bytree"":0.9,""learning_rate"":0.025,""min_child_samples"":30,""n_estimators"":500,""num_leaves"":31,""objective"":""poisson"",""reg_lambda"":1.0,""subsample"":0.9,""tweedie_variance_power"":null}",ok,757,2.5763466639144275,2.622300163447897,2.5402906208718625,2.412931191958497,1.0141936685300164,1.0867695573695422,2.4340893998742104,
738b8c6ea9de23d595bb,home,hist_gradient_boosting,dratings_plus_pitcher,"{""l2_regularization"":5.0,""learning_rate"":0.025,""loss"":""squared_error"",""max_iter"":300,""max_leaf_nodes"":15,""min_samples_leaf"":30}",ok,757,2.628066079594704,2.6224481679741936,2.5402906208718625,2.412931191958497,1.0345533137042076,1.0868308954328858,2.8599073998630047,
6dd6fbca80fdb085bae1,home,hist_gradient_boosting,all,"{""l2_regularization"":0.0,""learning_rate"":0.025,""loss"":""poisson"",""max_iter"":300,""max_leaf_nodes"":31,""min_samples_leaf"":10}",ok,757,2.553790034495629,2.622632333272827,2.5402906208718625,2.412931191958497,1.0053141217437291,1.086907219738878,21.98669110005721,
6c79b08faf4fb8a1ac12,home,xgboost,dratings_plus_pitcher,"{""colsample_bytree"":0.9,""learning_rate"":0.025,""max_depth"":6,""min_child_weight"":1.0,""n_estimators"":500,""objective"":""count:poisson"",""reg_lambda"":1.0,""subsample"":0.9,""tweedie_variance_power"":null}",ok,757,2.560004064554897,2.622845155924101,2.5402906208718625,2.412931191958497,1.007760310383805,1.086995420617537,6.796073500066996,
59d9c8827f68cd4fa4ba,home,hist_gradient_boosting,no_dratings,"{""l2_regularization"":5.0,""learning_rate"":0.05,""loss"":""squared_error"",""max_iter"":300,""max_leaf_nodes"":15,""min_samples_leaf"":10}",ok,757,2.7080941898894557,2.622891855298888,2.5402906208718625,2.412931191958497,1.0660568391816525,1.087014774412184,3.331268500071019,
48913e1be1cd2bdc1a7c,home,xgboost,no_dratings_prob,"{""colsample_bytree"":0.9,""learning_rate"":0.05,""max_depth"":3,""min_child_weight"":5.0,""n_estimators"":500,""objective"":""reg:squarederror"",""reg_lambda"":1.0,""subsample"":0.9,""tweedie_variance_power"":null}",ok,757,2.7221289668404443,2.623187017340805,2.5402906208718625,2.412931191958497,1.0715817097754636,1.087137099509104,4.192588999867439,
4b9f1b91f99eaa09302f,home,lightgbm,no_dratings_prob,"{""colsample_bytree"":0.9,""learning_rate"":0.05,""min_child_samples"":30,""n_estimators"":500,""num_leaves"":31,""objective"":""regression"",""reg_lambda"":1.0,""subsample"":0.9,""tweedie_variance_power"":null}",ok,757,2.6654178604593586,2.6235678328235363,2.5402906208718625,2.412931191958497,1.049257056873497,1.0872949222783566,3.476485700346529,
c02c7c87b11f3537338f,home,hist_gradient_boosting,no_dratings_prob,"{""l2_regularization"":5.0,""learning_rate"":0.1,""loss"":""squared_error"",""max_iter"":300,""max_leaf_nodes"":15,""min_samples_leaf"":10}",ok,757,2.677140501382067,2.623675095642056,2.5402906208718625,2.412931191958497,1.0538717418337102,1.0873393756050314,2.857583499979228,
c88ece5ca35bfec03a69,home,hist_gradient_boosting,all,"{""l2_regularization"":5.0,""learning_rate"":0.05,""loss"":""squared_error"",""max_iter"":300,""max_leaf_nodes"":31,""min_samples_leaf"":30}",ok,757,2.656878835599867,2.623883364124868,2.5402906208718625,2.412931191958497,1.0458956206703585,1.0874256890828071,18.481832100078464,
563d675aa41c21e642c9,home,hist_gradient_boosting,all,"{""l2_regularization"":0.0,""learning_rate"":0.1,""loss"":""squared_error"",""max_iter"":300,""max_leaf_nodes"":31,""min_samples_leaf"":10}",ok,757,2.706500449721512,2.6243292778758884,2.5402906208718625,2.412931191958497,1.065429454206544,1.087610490768204,10.663923900108784,
3f1bc3e476e42bffe86c,home,random_forest,no_dratings,"{""criterion"":""squared_error"",""max_depth"":14,""max_features"":1.0,""max_samples"":null,""min_samples_leaf"":2,""n_estimators"":400}",ok,757,2.767335677318151,2.624839201160384,2.5402906208718625,2.412931191958497,1.089377591123162,1.087821820161348,11.016121699940411,
010c7c86d0050651e1cd,home,hist_gradient_boosting,pitcher_only,"{""l2_regularization"":5.0,""learning_rate"":0.025,""loss"":""squared_error"",""max_iter"":300,""max_leaf_nodes"":15,""min_samples_leaf"":30}",ok,757,2.6425648314807826,2.62485495179989,2.5402906208718625,2.412931191958497,1.0402608306973231,1.0878283477571449,3.4319460997357965,
04443eda6927fa06276d,home,lightgbm,no_dratings,"{""colsample_bytree"":0.9,""learning_rate"":0.05,""min_child_samples"":30,""n_estimators"":500,""num_leaves"":15,""objective"":""regression"",""reg_lambda"":1.0,""subsample"":0.9,""tweedie_variance_power"":null}",ok,757,2.661155473533332,2.6253120313179346,2.5402906208718625,2.412931191958497,1.0475791437674111,1.0880177769126749,1.5536571997217834,
7c12ba9b390f52564038,home,xgboost,all,"{""colsample_bytree"":0.9,""learning_rate"":0.1,""max_depth"":6,""min_child_weight"":1.0,""n_estimators"":500,""objective"":""reg:squarederror"",""reg_lambda"":1.0,""subsample"":0.9,""tweedie_variance_power"":null}",ok,757,2.6803590473442127,2.6254036504879927,2.5402906208718625,2.412931191958497,1.0551387409462138,1.0880557469842471,15.118032599799337,
ed0120a5b7f5fca7bd03,home,hist_gradient_boosting,dratings_plus_pitcher,"{""l2_regularization"":0.0,""learning_rate"":0.025,""loss"":""squared_error"",""max_iter"":300,""max_leaf_nodes"":15,""min_samples_leaf"":30}",ok,757,2.6443718272886234,2.626063644014529,2.5402906208718625,2.412931191958497,1.040972164980493,1.088329270542953,3.796819500159472,
64dda095fcbd6f649f29,home,hist_gradient_boosting,pitcher_only,"{""l2_regularization"":0.0,""learning_rate"":0.025,""loss"":""poisson"",""max_iter"":300,""max_leaf_nodes"":15,""min_samples_leaf"":10}",ok,757,2.589894235411234,2.62609228394008,2.5402906208718625,2.412931191958497,1.019526747897194,1.0883411398932463,3.429809800349176,
d8165dd785caaf9102de,home,lightgbm,no_dratings,"{""colsample_bytree"":0.9,""learning_rate"":0.1,""min_child_samples"":10,""n_estimators"":500,""num_leaves"":31,""objective"":""regression"",""reg_lambda"":1.0,""subsample"":0.9,""tweedie_variance_power"":null}",ok,757,2.6846151371149043,2.62644732410359,2.5402906208718625,2.412931191958497,1.0568141751409166,1.0884882805016038,3.341810599900782,
4d70fc1e0c0bf9b4b4d7,home,lightgbm,dratings_plus_pitcher,"{""colsample_bytree"":0.9,""learning_rate"":0.025,""min_child_samples"":10,""n_estimators"":500,""num_leaves"":31,""objective"":""poisson"",""reg_lambda"":1.0,""subsample"":0.9,""tweedie_variance_power"":null}",ok,757,2.6019959256298084,2.626504380791489,2.5402906208718625,2.412931191958497,1.0242906477908291,1.0885119267158387,2.701336700003594,
e4e770c54ca9f26fc965,home,lightgbm,bullpen_only,"{""colsample_bytree"":0.9,""learning_rate"":0.025,""min_child_samples"":30,""n_estimators"":500,""num_leaves"":31,""objective"":""poisson"",""reg_lambda"":1.0,""subsample"":0.9,""tweedie_variance_power"":null}",ok,757,2.5686731677337757,2.627012624679294,2.5402906208718625,2.412931191958497,1.01117295266483,1.0887225601104,1.629657099954784,
f6e826fa7c6021aedf60,home,lightgbm,dratings_plus_bullpen,"{""colsample_bytree"":0.9,""learning_rate"":0.025,""min_child_samples"":10,""n_estimators"":500,""num_leaves"":31,""objective"":""poisson"",""reg_lambda"":1.0,""subsample"":0.9,""tweedie_variance_power"":null}",ok,757,2.577080796273062,2.6270492548091733,2.5402906208718625,2.412931191958497,1.0144826639514863,1.0887377408706311,2.7067301999777555,
ee75f9a7f5d831de9521,home,random_forest,pitcher_only,"{""criterion"":""squared_error"",""max_depth"":14,""max_features"":0.6,""max_samples"":null,""min_samples_leaf"":2,""n_estimators"":400}",ok,757,2.76960608107478,2.6278459085871435,2.5402906208718625,2.412931191958497,1.0902713486082205,1.0890679010428836,2.957749799825251,
f4bbbb951d8d439cd2e6,home,lightgbm,pitcher_only,"{""colsample_bytree"":0.9,""learning_rate"":0.025,""min_child_samples"":30,""n_estimators"":500,""num_leaves"":31,""objective"":""poisson"",""reg_lambda"":1.0,""subsample"":0.9,""tweedie_variance_power"":null}",ok,757,2.603909642752762,2.6296649783975554,2.5402906208718625,2.412931191958497,1.0250439935329383,1.0898217848736675,1.6561520998366177,
f70b598e03ce8b1bf03d,home,hist_gradient_boosting,all,"{""l2_regularization"":0.0,""learning_rate"":0.05,""loss"":""poisson"",""max_iter"":300,""max_leaf_nodes"":15,""min_samples_leaf"":10}",ok,757,2.581379016295813,2.6297638708672166,2.5402906208718625,2.412931191958497,1.0161746829620024,1.0898627692457006,2.4048431999981403,
3904ec2b1ee5c0b5c5d2,home,xgboost,bullpen_only,"{""colsample_bytree"":0.9,""learning_rate"":0.025,""max_depth"":6,""min_child_weight"":5.0,""n_estimators"":500,""objective"":""reg:squarederror"",""reg_lambda"":1.0,""subsample"":0.9,""tweedie_variance_power"":null}",ok,757,2.620213431600221,2.629935439767104,2.5402906208718625,2.412931191958497,1.0314620736980589,1.0899338731795627,4.32069079997018,
ce128318d30f750b66aa,home,lightgbm,no_dratings,"{""colsample_bytree"":0.9,""learning_rate"":0.05,""min_child_samples"":10,""n_estimators"":500,""num_leaves"":15,""objective"":""poisson"",""reg_lambda"":1.0,""subsample"":0.9,""tweedie_variance_power"":null}",ok,757,2.611579700995033,2.630249380892025,2.5402906208718625,2.412931191958497,1.028063356033926,1.090063980961321,2.2655210997909307,
9cbec56a415eba6257a6,home,hist_gradient_boosting,no_dratings_prob,"{""l2_regularization"":5.0,""learning_rate"":0.1,""loss"":""squared_error"",""max_iter"":300,""max_leaf_nodes"":31,""min_samples_leaf"":30}",ok,757,2.6407182325031253,2.630433928281299,2.5402906208718625,2.412931191958497,1.0395339063987863,1.090140463618551,4.272227900102735,
22ce8edf854aa9f9a4d9,home,hist_gradient_boosting,all,"{""l2_regularization"":5.0,""learning_rate"":0.05,""loss"":""poisson"",""max_iter"":300,""max_leaf_nodes"":15,""min_samples_leaf"":30}",ok,757,2.5985021067965457,2.6306492755602333,2.5402906208718625,2.412931191958497,1.0229152859308297,1.0902297107879904,6.875294199679047,
30ee2956fe5bf2797d2b,home,xgboost,dratings_only,"{""colsample_bytree"":0.9,""learning_rate"":0.05,""max_depth"":3,""min_child_weight"":5.0,""n_estimators"":500,""objective"":""reg:squarederror"",""reg_lambda"":1.0,""subsample"":0.9,""tweedie_variance_power"":null}",ok,757,2.6874651645889687,2.6316772892427056,2.5402906208718625,2.412931191958497,1.057936104832995,1.0906557543013315,2.069831400178373,
46f70481d2b5c0e14533,home,xgboost,dratings_plus_pitcher,"{""colsample_bytree"":0.9,""learning_rate"":0.025,""max_depth"":6,""min_child_weight"":5.0,""n_estimators"":500,""objective"":""reg:squarederror"",""reg_lambda"":1.0,""subsample"":0.9,""tweedie_variance_power"":null}",ok,757,2.686566226548531,2.632234623979707,2.5402906208718625,2.412931191958497,1.057582232707872,1.0908867325981262,5.512701500207186,
6f6ae4d8c224bef5f74a,home,xgboost,dratings_plus_bullpen,"{""colsample_bytree"":0.9,""learning_rate"":0.1,""max_depth"":3,""min_child_weight"":5.0,""n_estimators"":500,""objective"":""count:poisson"",""reg_lambda"":1.0,""subsample"":0.9,""tweedie_variance_power"":null}",ok,757,2.565597030571619,2.632301479296625,2.5402906208718625,2.412931191958497,1.0099620135947558,1.0909144396944337,2.955179799813777,
5a9f32ebafe781f49429,home,hist_gradient_boosting,no_dratings,"{""l2_regularization"":0.0,""learning_rate"":0.05,""loss"":""squared_error"",""max_iter"":300,""max_leaf_nodes"":31,""min_samples_leaf"":30}",ok,757,2.6488058852228376,2.6335825336662286,2.5402906208718625,2.412931191958497,1.0427176573654124,1.0914453517958116,4.868838499765843,
93219a0191a417002c39,home,hist_gradient_boosting,dratings_plus_pitcher,"{""l2_regularization"":0.0,""learning_rate"":0.025,""loss"":""poisson"",""max_iter"":300,""max_leaf_nodes"":15,""min_samples_leaf"":10}",ok,757,2.61884174188918,2.6337476582136774,2.5402906208718625,2.412931191958497,1.0309221001612634,1.0915137849728531,5.286890699993819,
0fe966c69dd5a7a80770,home,lightgbm,dratings_plus_bullpen,"{""colsample_bytree"":0.9,""learning_rate"":0.025,""min_child_samples"":10,""n_estimators"":500,""num_leaves"":31,""objective"":""regression"",""reg_lambda"":1.0,""subsample"":0.9,""tweedie_variance_power"":null}",ok,757,2.647100668990121,2.634155302904032,2.5402906208718625,2.412931191958497,1.0420463891968392,1.09168272666987,3.1549885999411345,
86062a891782815f840b,home,xgboost,dratings_plus_pitcher,"{""colsample_bytree"":0.9,""learning_rate"":0.025,""max_depth"":3,""min_child_weight"":5.0,""n_estimators"":500,""objective"":""reg:tweedie"",""reg_lambda"":1.0,""subsample"":0.9,""tweedie_variance_power"":1.5}",ok,757,2.579602894017687,2.634233478022995,2.5402906208718625,2.412931191958497,1.0154755022212112,1.091715125073614,2.936416700016707,
39c1d48d44750fafdea5,home,random_forest,no_dratings,"{""criterion"":""squared_error"",""max_depth"":null,""max_features"":1.0,""max_samples"":null,""min_samples_leaf"":2,""n_estimators"":400}",ok,757,2.7764265018754384,2.634682949110572,2.5402906208718625,2.412931191958497,1.0929562464481055,1.0919014010391594,11.559173100162296,
5df28820d08cd180aac7,home,hist_gradient_boosting,dratings_plus_pitcher,"{""l2_regularization"":5.0,""learning_rate"":0.025,""loss"":""squared_error"",""max_iter"":300,""max_leaf_nodes"":31,""min_samples_leaf"":10}",ok,757,2.692599645367688,2.635369492085029,2.5402906208718625,2.412931191958497,1.0599573226954444,1.092185927583781,6.854751099832356,
4b03f59b8222b92d82e0,home,xgboost,no_dratings,"{""colsample_bytree"":0.9,""learning_rate"":0.05,""max_depth"":3,""min_child_weight"":1.0,""n_estimators"":500,""objective"":""reg:squarederror"",""reg_lambda"":1.0,""subsample"":0.9,""tweedie_variance_power"":null}",ok,757,2.734572597349965,2.635647042496852,2.5402906208718625,2.412931191958497,1.0764802164294975,1.0923009538276902,3.096092199906707,
cdca3682aa8bd0331014,home,hist_gradient_boosting,pitcher_only,"{""l2_regularization"":5.0,""learning_rate"":0.025,""loss"":""poisson"",""max_iter"":300,""max_leaf_nodes"":15,""min_samples_leaf"":30}",ok,757,2.6044172821132543,2.635659884827041,2.5402906208718625,2.412931191958497,1.025243828684209,1.092306276122098,3.626035700086504,
785224da500792651406,home,hist_gradient_boosting,dratings_plus_bullpen,"{""l2_regularization"":0.0,""learning_rate"":0.025,""loss"":""squared_error"",""max_iter"":300,""max_leaf_nodes"":31,""min_samples_leaf"":30}",ok,757,2.617111032166129,2.6363208898981254,2.5402906208718625,2.412931191958497,1.0302407963337283,1.0925802188989526,4.122244799975306,
2534d00543f1efa58811,home,hist_gradient_boosting,no_dratings,"{""l2_regularization"":0.0,""learning_rate"":0.05,""loss"":""poisson"",""max_iter"":300,""max_leaf_nodes"":15,""min_samples_leaf"":30}",ok,757,2.5781953282973955,2.6366173225237763,2.5402906208718625,2.412931191958497,1.0149214058872222,1.0927030705685894,2.85466150008142,
5accc06fdf4bcc942216,home,hist_gradient_boosting,no_dratings_prob,"{""l2_regularization"":0.0,""learning_rate"":0.05,""loss"":""squared_error"",""max_iter"":300,""max_leaf_nodes"":31,""min_samples_leaf"":10}",ok,757,2.716368185550797,2.63697494137078,2.5402906208718625,2.412931191958497,1.0693139451180207,1.0928512798702867,4.918865700252354,
2bcf50c7ffe9478ec6ea,home,lightgbm,all,"{""colsample_bytree"":0.9,""learning_rate"":0.025,""min_child_samples"":10,""n_estimators"":500,""num_leaves"":63,""objective"":""poisson"",""reg_lambda"":1.0,""subsample"":0.9,""tweedie_variance_power"":null}",ok,757,2.540873863341538,2.637951233801761,2.5402906208718625,2.412931191958497,1.000229596749633,1.0932558883540409,5.495583400130272,
b982779cd61d87fb6ab4,home,hist_gradient_boosting,all,"{""l2_regularization"":5.0,""learning_rate"":0.1,""loss"":""squared_error"",""max_iter"":300,""max_leaf_nodes"":15,""min_samples_leaf"":30}",ok,757,2.6664728645422806,2.638816489597521,2.5402906208718625,2.412931191958497,1.049672365293035,1.093614479514304,10.709067599847913,
4bc7f9f75c5c67547a2e,home,lightgbm,no_dratings_prob,"{""colsample_bytree"":0.9,""learning_rate"":0.025,""min_child_samples"":30,""n_estimators"":500,""num_leaves"":15,""objective"":""tweedie"",""reg_lambda"":1.0,""subsample"":0.9,""tweedie_variance_power"":1.5}",ok,757,2.5342356492532008,2.639157565615431,2.5402906208718625,2.412931191958497,0.9976164256290552,1.093755832910143,1.7026676000095904,
1a15a8a87891d4c3ae56,home,hist_gradient_boosting,dratings_plus_pitcher,"{""l2_regularization"":0.0,""learning_rate"":0.025,""loss"":""squared_error"",""max_iter"":300,""max_leaf_nodes"":15,""min_samples_leaf"":10}",ok,757,2.669072974600469,2.6396890916038287,2.5402906208718625,2.412931191958497,1.0506959135582712,1.0939761151917804,4.102237599901855,
29754f66b90a6543c35a,home,extra_trees,dratings_only,"{""criterion"":""squared_error"",""max_depth"":14,""max_features"":1.0,""max_samples"":null,""min_samples_leaf"":2,""n_estimators"":400}",ok,757,2.6946779422136364,2.639774305133396,2.5402906208718625,2.412931191958497,1.0607754561912237,1.094011430550068,3.072756899986416,
61f190e7e8b545b90f8e,home,extra_trees,dratings_only,"{""criterion"":""poisson"",""max_depth"":14,""max_features"":1.0,""max_samples"":null,""min_samples_leaf"":2,""n_estimators"":400}",ok,757,2.695544013391877,2.6398903236313904,2.5402906208718625,2.412931191958497,1.0611163900871818,1.0940595125253771,3.035885399673134,
4754b7d42d97cb1eaf50,home,hist_gradient_boosting,dratings_plus_bullpen,"{""l2_regularization"":5.0,""learning_rate"":0.05,""loss"":""squared_error"",""max_iter"":300,""max_leaf_nodes"":31,""min_samples_leaf"":10}",ok,757,2.6442481830290467,2.6400579893427354,2.5402906208718625,2.412931191958497,1.0409234917072223,1.0941289988463727,5.492271999828517,
8faf73baf8a8cb97d843,home,hist_gradient_boosting,all,"{""l2_regularization"":5.0,""learning_rate"":0.1,""loss"":""squared_error"",""max_iter"":300,""max_leaf_nodes"":15,""min_samples_leaf"":10}",ok,757,2.684852724489945,2.640511164415864,2.5402906208718625,2.412931191958497,1.0569077027763332,1.094316809868353,2.764215999748558,
ecbf0d8189906f360769,home,xgboost,no_dratings_prob,"{""colsample_bytree"":0.9,""learning_rate"":0.05,""max_depth"":3,""min_child_weight"":1.0,""n_estimators"":500,""objective"":""reg:squarederror"",""reg_lambda"":1.0,""subsample"":0.9,""tweedie_variance_power"":null}",ok,757,2.7480351854032063,2.641271924385455,2.5402906208718625,2.412931191958497,1.081779841575781,1.094632094436817,4.218908499926329,
9b7dd61e96d0027f8e4f,home,lightgbm,all,"{""colsample_bytree"":0.9,""learning_rate"":0.05,""min_child_samples"":30,""n_estimators"":500,""num_leaves"":31,""objective"":""poisson"",""reg_lambda"":1.0,""subsample"":0.9,""tweedie_variance_power"":null}",ok,757,2.5427727719665136,2.6422518603774843,2.5402906208718625,2.412931191958497,1.0009771130414202,1.0950382129350549,3.133929899893701,
eab63e8bfe8d9ede4d1b,home,hist_gradient_boosting,no_dratings_prob,"{""l2_regularization"":0.0,""learning_rate"":0.1,""loss"":""squared_error"",""max_iter"":300,""max_leaf_nodes"":15,""min_samples_leaf"":10}",ok,757,2.703700781209438,2.6428180008241617,2.5402906208718625,2.412931191958497,1.0643273486092275,1.0952728406146854,2.726078599691391,
1f735ba9a2ca8cf31819,home,hist_gradient_boosting,no_dratings_prob,"{""l2_regularization"":0.0,""learning_rate"":0.025,""loss"":""poisson"",""max_iter"":300,""max_leaf_nodes"":31,""min_samples_leaf"":10}",ok,757,2.575902867515265,2.642865733916691,2.5402906208718625,2.412931191958497,1.0140189655273302,1.0952926228168005,5.7019980000332,
ee9f1175b2450c92eefc,home,random_forest,pitcher_only,"{""criterion"":""squared_error"",""max_depth"":null,""max_features"":0.6,""max_samples"":null,""min_samples_leaf"":2,""n_estimators"":400}",ok,757,2.7793648862422216,2.642962627973791,2.5402906208718625,2.412931191958497,1.0941129583387217,1.095332778979323,3.3815751001238823,
bcebdb6796b006ced6aa,home,lightgbm,dratings_plus_bullpen,"{""colsample_bytree"":0.9,""learning_rate"":0.025,""min_child_samples"":30,""n_estimators"":500,""num_leaves"":15,""objective"":""regression"",""reg_lambda"":1.0,""subsample"":0.9,""tweedie_variance_power"":null}",ok,757,2.611139954378676,2.643419113876765,2.5402906208718625,2.412931191958497,1.027890247251512,1.0955219621207637,1.40448629995808,
a881a29213603cea631d,home,lightgbm,all,"{""colsample_bytree"":0.9,""learning_rate"":0.025,""min_child_samples"":10,""n_estimators"":500,""num_leaves"":15,""objective"":""tweedie"",""reg_lambda"":1.0,""subsample"":0.9,""tweedie_variance_power"":1.5}",ok,757,2.559732743660421,2.643805726156613,2.5402906208718625,2.412931191958497,1.0076535033546223,1.0956821872780895,1.6071736998856068,
26ab37ee5b9dd031c959,home,xgboost,dratings_plus_bullpen,"{""colsample_bytree"":0.9,""learning_rate"":0.05,""max_depth"":6,""min_child_weight"":5.0,""n_estimators"":500,""objective"":""reg:squarederror"",""reg_lambda"":1.0,""subsample"":0.9,""tweedie_variance_power"":null}",ok,757,2.6402697012005585,2.6439224049600467,2.5402906208718625,2.412931191958497,1.0393573394741669,1.0957305429062243,5.393749400041997,
70ef4676b33595d35c03,home,hist_gradient_boosting,bullpen_only,"{""l2_regularization"":0.0,""learning_rate"":0.025,""loss"":""squared_error"",""max_iter"":300,""max_leaf_nodes"":31,""min_samples_leaf"":30}",ok,757,2.619309248637134,2.6444555652298134,2.5402906208718625,2.412931191958497,1.0311061368789969,1.0959515024891346,5.085514800157398,
002ff4c4e76404f212c0,home,xgboost,all,"{""colsample_bytree"":0.9,""learning_rate"":0.1,""max_depth"":6,""min_child_weight"":5.0,""n_estimators"":500,""objective"":""reg:squarederror"",""reg_lambda"":1.0,""subsample"":0.9,""tweedie_variance_power"":null}",ok,757,2.7367357984086795,2.644647430312508,2.5402906208718625,2.412931191958497,1.0773317729565108,1.096031017845119,14.559105099644512,
6c3df63a93e9910696ad,home,lightgbm,no_dratings_prob,"{""colsample_bytree"":0.9,""learning_rate"":0.05,""min_child_samples"":30,""n_estimators"":500,""num_leaves"":31,""objective"":""poisson"",""reg_lambda"":1.0,""subsample"":0.9,""tweedie_variance_power"":null}",ok,757,2.5418472398085274,2.6447265865991816,2.5402906208718625,2.412931191958497,1.0006127719891085,1.0960638228778268,2.567232800181955,
861482c3e526ed55ec26,home,hist_gradient_boosting,dratings_plus_pitcher,"{""l2_regularization"":5.0,""learning_rate"":0.025,""loss"":""poisson"",""max_iter"":300,""max_leaf_nodes"":15,""min_samples_leaf"":10}",ok,757,2.6218644999697034,2.6460314509324463,2.5402906208718625,2.412931191958497,1.032112026249124,1.096604602630525,4.619098499882966,
727428e676fd1569cb83,home,xgboost,no_dratings,"{""colsample_bytree"":0.9,""learning_rate"":0.05,""max_depth"":3,""min_child_weight"":5.0,""n_estimators"":500,""objective"":""reg:squarederror"",""reg_lambda"":1.0,""subsample"":0.9,""tweedie_variance_power"":null}",ok,757,2.743698512704716,2.64692758862916,2.5402906208718625,2.412931191958497,1.0800726854485023,1.0969759922912412,3.002531799953431,
857b4549a71f0766aa05,home,hist_gradient_boosting,no_dratings_prob,"{""l2_regularization"":0.0,""learning_rate"":0.1,""loss"":""squared_error"",""max_iter"":300,""max_leaf_nodes"":31,""min_samples_leaf"":10}",ok,757,2.723179252513137,2.647220840284473,2.5402906208718625,2.412931191958497,1.071995160765702,1.0970975256595736,5.230077899992466,
da8aa73f54f6669e3b13,home,hist_gradient_boosting,all,"{""l2_regularization"":0.0,""learning_rate"":0.05,""loss"":""poisson"",""max_iter"":300,""max_leaf_nodes"":15,""min_samples_leaf"":30}",ok,757,2.594172181028057,2.6473894831232903,2.5402906208718625,2.412931191958497,1.0212107857713153,1.0971674169351224,10.694019800052049,
600902da3935961af1c1,home,lightgbm,bullpen_only,"{""colsample_bytree"":0.9,""learning_rate"":0.025,""min_child_samples"":10,""n_estimators"":500,""num_leaves"":31,""objective"":""poisson"",""reg_lambda"":1.0,""subsample"":0.9,""tweedie_variance_power"":null}",ok,757,2.5774882445290843,2.647682120478154,2.5402906208718625,2.412931191958497,1.014643058298761,1.0972886957166472,1.9440533998422325,
00d34cff4904174e244a,home,hist_gradient_boosting,bullpen_only,"{""l2_regularization"":0.0,""learning_rate"":0.05,""loss"":""squared_error"",""max_iter"":300,""max_leaf_nodes"":31,""min_samples_leaf"":10}",ok,757,2.62078570384026,2.6486100920572087,2.5402906208718625,2.412931191958497,1.031687351953758,1.0976732784109848,4.192627100273967,
92f9e2b6adc78bd6a4d2,home,xgboost,no_dratings,"{""colsample_bytree"":0.9,""learning_rate"":0.05,""max_depth"":6,""min_child_weight"":5.0,""n_estimators"":500,""objective"":""reg:squarederror"",""reg_lambda"":1.0,""subsample"":0.9,""tweedie_variance_power"":null}",ok,757,2.7609854719282927,2.6496140931051317,2.5402906208718625,2.412931191958497,1.0868777962817044,1.09808937027936,5.8828296000137925,
c8f5ca77780e7e4ee239,home,lightgbm,bullpen_only,"{""colsample_bytree"":0.9,""learning_rate"":0.05,""min_child_samples"":10,""n_estimators"":500,""num_leaves"":15,""objective"":""poisson"",""reg_lambda"":1.0,""subsample"":0.9,""tweedie_variance_power"":null}",ok,757,2.566006760974665,2.6501162614839444,2.5402906208718625,2.412931191958497,1.01012330632232,1.0982974857782546,0.9847089997492732,
ea686864e6f8573fe5da,home,random_forest,dratings_plus_pitcher,"{""criterion"":""squared_error"",""max_depth"":14,""max_features"":1.0,""max_samples"":null,""min_samples_leaf"":2,""n_estimators"":400}",ok,757,2.785609003772327,2.650517256512932,2.5402906208718625,2.412931191958497,1.0965709910845822,1.0984636716315124,5.310782199725509,
650fec790a8b39de545d,home,hist_gradient_boosting,all,"{""l2_regularization"":0.0,""learning_rate"":0.05,""loss"":""squared_error"",""max_iter"":300,""max_leaf_nodes"":31,""min_samples_leaf"":10}",ok,757,2.721282520968741,2.6507418146222927,2.5402906208718625,2.412931191958497,1.071248501494195,1.0985567360794788,10.452478799968958,
2a8e8cf6c8eb153be66d,home,xgboost,dratings_only,"{""colsample_bytree"":0.9,""learning_rate"":0.05,""max_depth"":3,""min_child_weight"":5.0,""n_estimators"":500,""objective"":""reg:tweedie"",""reg_lambda"":1.0,""subsample"":0.9,""tweedie_variance_power"":1.5}",ok,757,2.66203115370661,2.651997279497001,2.5402906208718625,2.412931191958497,1.047923860299482,1.0990770430318246,2.5425832998007536,
f160bd5a9dd40179fb67,home,xgboost,dratings_plus_pitcher,"{""colsample_bytree"":0.9,""learning_rate"":0.025,""max_depth"":6,""min_child_weight"":1.0,""n_estimators"":500,""objective"":""reg:squarederror"",""reg_lambda"":1.0,""subsample"":0.9,""tweedie_variance_power"":null}",ok,757,2.695271697038073,2.6521912342225296,2.5402906208718625,2.412931191958497,1.0610091911897148,1.099157424406219,5.839451999869198,
e26cb08f680295e6515d,home,lightgbm,bullpen_only,"{""colsample_bytree"":0.9,""learning_rate"":0.025,""min_child_samples"":10,""n_estimators"":500,""num_leaves"":31,""objective"":""regression"",""reg_lambda"":1.0,""subsample"":0.9,""tweedie_variance_power"":null}",ok,757,2.6322802238444627,2.6522115933435693,2.5402906208718625,2.412931191958497,1.0362122358035666,1.0991658619120657,1.9108035997487605,
f22ce36516c9645f0791,home,xgboost,all,"{""colsample_bytree"":0.9,""learning_rate"":0.025,""max_depth"":3,""min_child_weight"":1.0,""n_estimators"":500,""objective"":""reg:tweedie"",""reg_lambda"":1.0,""subsample"":0.9,""tweedie_variance_power"":1.8}",ok,757,2.543737843927965,2.6529415305035693,2.5402906208718625,2.412931191958497,1.0013570191645709,1.0994683724695289,4.521400299854577,
02a8d672ef84358a4236,home,hist_gradient_boosting,no_dratings,"{""l2_regularization"":0.0,""learning_rate"":0.05,""loss"":""squared_error"",""max_iter"":300,""max_leaf_nodes"":15,""min_samples_leaf"":10}",ok,757,2.7314642617860847,2.653148603090085,2.5402906208718625,2.412931191958497,1.0752566022735657,1.0995541903275787,3.381174899637699,
9323ff31c0f776c2b76b,home,hist_gradient_boosting,no_dratings_prob,"{""l2_regularization"":0.0,""learning_rate"":0.1,""loss"":""squared_error"",""max_iter"":300,""max_leaf_nodes"":15,""min_samples_leaf"":30}",ok,757,2.6874887199417183,2.6546315901778232,2.5402906208718625,2.412931191958497,1.0579453775329593,1.10016879015234,2.5914871003478765,
c0dc5153a94ef2bad543,home,hist_gradient_boosting,bullpen_only,"{""l2_regularization"":5.0,""learning_rate"":0.05,""loss"":""squared_error"",""max_iter"":300,""max_leaf_nodes"":15,""min_samples_leaf"":10}",ok,757,2.6251757292069,2.65495161420657,2.5402906208718625,2.412931191958497,1.0334155106654308,1.1003014188944331,3.048895599786192,
df2a20e00d0f565660ef,home,lightgbm,dratings_plus_pitcher,"{""colsample_bytree"":0.9,""learning_rate"":0.025,""min_child_samples"":10,""n_estimators"":500,""num_leaves"":15,""objective"":""regression"",""reg_lambda"":1.0,""subsample"":0.9,""tweedie_variance_power"":null}",ok,757,2.697521822979805,2.6552651428565213,2.5402906208718625,2.412931191958497,1.0618949661964183,1.1004313557326637,1.014425199944526,
81bee41a361651149ae0,home,hist_gradient_boosting,all,"{""l2_regularization"":5.0,""learning_rate"":0.1,""loss"":""squared_error"",""max_iter"":300,""max_leaf_nodes"":31,""min_samples_leaf"":30}",ok,757,2.676695074331724,2.655853616517568,2.5402906208718625,2.412931191958497,1.0536963969158164,1.1006752390489425,14.73223019996658,
444aa602ba05d4bee255,home,xgboost,dratings_only,"{""colsample_bytree"":0.9,""learning_rate"":0.1,""max_depth"":3,""min_child_weight"":1.0,""n_estimators"":500,""objective"":""count:poisson"",""reg_lambda"":1.0,""subsample"":0.9,""tweedie_variance_power"":null}",ok,757,2.698759823053327,2.6559683890003445,2.5402906208718625,2.412931191958497,1.0623823120391933,1.100722804633555,3.9615426999516794,
f0f0244c3230b5d14854,home,hist_gradient_boosting,dratings_plus_pitcher,"{""l2_regularization"":5.0,""learning_rate"":0.025,""loss"":""poisson"",""max_iter"":300,""max_leaf_nodes"":31,""min_samples_leaf"":30}",ok,757,2.5926542447915137,2.656256883038525,2.5402906208718625,2.412931191958497,1.0206132414493896,1.1008423662850195,9.081916000228375,
db5e0a6a198bad830ebc,home,hist_gradient_boosting,no_dratings,"{""l2_regularization"":0.0,""learning_rate"":0.05,""loss"":""squared_error"",""max_iter"":300,""max_leaf_nodes"":31,""min_samples_leaf"":10}",ok,757,2.718652266643621,2.6566352648280582,2.5402906208718625,2.412931191958497,1.0702130867650657,1.1009991804497974,6.418997200205922,
a349af5b8a534a51311a,home,xgboost,dratings_only,"{""colsample_bytree"":0.9,""learning_rate"":0.1,""max_depth"":3,""min_child_weight"":5.0,""n_estimators"":500,""objective"":""count:poisson"",""reg_lambda"":1.0,""subsample"":0.9,""tweedie_variance_power"":null}",ok,757,2.6988653977607013,2.6567926225773104,2.5402906208718625,2.412931191958497,1.0624238721294077,1.101064394803931,3.923630500212312,
db7ea72e99347b6aabf2,home,xgboost,dratings_only,"{""colsample_bytree"":0.9,""learning_rate"":0.05,""max_depth"":3,""min_child_weight"":1.0,""n_estimators"":500,""objective"":""reg:squarederror"",""reg_lambda"":1.0,""subsample"":0.9,""tweedie_variance_power"":null}",ok,757,2.70957991028084,2.6572287268659207,2.5402906208718625,2.412931191958497,1.066641701551012,1.101245131117533,2.002773500047624,
033bfb578d947b701ec4,home,random_forest,dratings_plus_pitcher,"{""criterion"":""squared_error"",""max_depth"":null,""max_features"":1.0,""max_samples"":null,""min_samples_leaf"":2,""n_estimators"":400}",ok,757,2.787604732133052,2.6572698703722524,2.5402906208718625,2.412931191958497,1.0973566210216954,1.1012621823730635,5.571955400053412,
c88b86083f1d1f43217a,home,lightgbm,dratings_plus_bullpen,"{""colsample_bytree"":0.9,""learning_rate"":0.05,""min_child_samples"":10,""n_estimators"":500,""num_leaves"":15,""objective"":""regression"",""reg_lambda"":1.0,""subsample"":0.9,""tweedie_variance_power"":null}",ok,757,2.6465412157018577,2.6578448719914927,2.5402906208718625,2.412931191958497,1.041826157195167,1.1015004824212196,1.3947345996275544,
c1885d25f8c5c684f70d,home,xgboost,bullpen_only,"{""colsample_bytree"":0.9,""learning_rate"":0.05,""max_depth"":3,""min_child_weight"":5.0,""n_estimators"":500,""objective"":""reg:squarederror"",""reg_lambda"":1.0,""subsample"":0.9,""tweedie_variance_power"":null}",ok,757,2.637422449207684,2.657999868744281,2.5402906208718625,2.412931191958497,1.0382365023662077,1.1015647182988546,2.611619600094855,
beb32173c16583b5e6e5,home,hist_gradient_boosting,pitcher_only,"{""l2_regularization"":0.0,""learning_rate"":0.025,""loss"":""poisson"",""max_iter"":300,""max_leaf_nodes"":15,""min_samples_leaf"":30}",ok,757,2.615896676331664,2.65811167176134,2.5402906208718625,2.412931191958497,1.0297627581815234,1.1016110532368053,3.5018750997260213,
852a9934d104d2e537de,home,hist_gradient_boosting,bullpen_only,"{""l2_regularization"":0.0,""learning_rate"":0.05,""loss"":""squared_error"",""max_iter"":300,""max_leaf_nodes"":15,""min_samples_leaf"":10}",ok,757,2.626386590002623,2.658648340625528,2.5402906208718625,2.412931191958497,1.0338921729755517,1.101833466899481,2.556437599938363,
1b194e5a528d61520c26,home,xgboost,pitcher_only,"{""colsample_bytree"":0.9,""learning_rate"":0.025,""max_depth"":3,""min_child_weight"":1.0,""n_estimators"":500,""objective"":""reg:squarederror"",""reg_lambda"":1.0,""subsample"":0.9,""tweedie_variance_power"":null}",ok,757,2.735917890874996,2.6596854636055483,2.5402906208718625,2.412931191958497,1.0770097989559917,1.1022632856127028,3.2510591000318527,
f84a0f5c7d2b3b0f2db2,home,lightgbm,no_dratings_prob,"{""colsample_bytree"":0.9,""learning_rate"":0.1,""min_child_samples"":10,""n_estimators"":500,""num_leaves"":31,""objective"":""regression"",""reg_lambda"":1.0,""subsample"":0.9,""tweedie_variance_power"":null}",ok,757,2.687559857810897,2.660511524961702,2.5402906208718625,2.412931191958497,1.057973381363936,1.102605633276369,4.09841850027442,
b093a4dba27583843365,home,hist_gradient_boosting,pitcher_only,"{""l2_regularization"":0.0,""learning_rate"":0.025,""loss"":""poisson"",""max_iter"":300,""max_leaf_nodes"":31,""min_samples_leaf"":30}",ok,757,2.6002239295352743,2.6606403275433093,2.5402906208718625,2.412931191958497,1.0235930913459192,1.1026590134067416,6.210724500007927,
9a805a4495bced2b71bd,home,lightgbm,dratings_only,"{""colsample_bytree"":0.9,""learning_rate"":0.025,""min_child_samples"":10,""n_estimators"":500,""num_leaves"":31,""objective"":""poisson"",""reg_lambda"":1.0,""subsample"":0.9,""tweedie_variance_power"":null}",ok,757,2.678797907500112,2.660799105587415,2.5402906208718625,2.412931191958497,1.054524189275915,1.1027248163789254,1.6510036000981927,
4dad2d7a7377dc62f70a,home,lightgbm,bullpen_only,"{""colsample_bytree"":0.9,""learning_rate"":0.025,""min_child_samples"":30,""n_estimators"":500,""num_leaves"":15,""objective"":""regression"",""reg_lambda"":1.0,""subsample"":0.9,""tweedie_variance_power"":null}",ok,757,2.6181008317958474,2.6612508470206024,2.5402906208718625,2.412931191958497,1.0306304366455832,1.1029120332522009,0.9589464999735356,
3101effdb1fce4a49488,home,hist_gradient_boosting,dratings_plus_bullpen,"{""l2_regularization"":5.0,""learning_rate"":0.025,""loss"":""squared_error"",""max_iter"":300,""max_leaf_nodes"":31,""min_samples_leaf"":30}",ok,757,2.64636885172902,2.662115050256177,2.5402906208718625,2.412931191958497,1.0417583051268164,1.1032701881960527,5.1670599998906255,
ca795130febdd1e7de6b,home,hist_gradient_boosting,pitcher_only,"{""l2_regularization"":5.0,""learning_rate"":0.025,""loss"":""squared_error"",""max_iter"":300,""max_leaf_nodes"":31,""min_samples_leaf"":30}",ok,757,2.657827608285683,2.662256963967155,2.5402906208718625,2.412931191958497,1.046269110489996,1.1033290020202726,5.897376099601388,
b4d64428b08701726a5b,home,hist_gradient_boosting,pitcher_only,"{""l2_regularization"":5.0,""learning_rate"":0.025,""loss"":""poisson"",""max_iter"":300,""max_leaf_nodes"":31,""min_samples_leaf"":30}",ok,757,2.6140565002500247,2.66235015989058,2.5402906208718625,2.412931191958497,1.0290383622929116,1.1033676255515756,6.0656309998594224,
9403c050f3ac0a52898c,home,hist_gradient_boosting,bullpen_only,"{""l2_regularization"":5.0,""learning_rate"":0.025,""loss"":""squared_error"",""max_iter"":300,""max_leaf_nodes"":31,""min_samples_leaf"":30}",ok,757,2.6188114319866798,2.662537852855816,2.5402906208718625,2.412931191958497,1.0309101684939763,1.103445411841488,5.174161899834871,
fa612cc441cc50d3d763,home,xgboost,dratings_plus_pitcher,"{""colsample_bytree"":0.9,""learning_rate"":0.05,""max_depth"":3,""min_child_weight"":5.0,""n_estimators"":500,""objective"":""reg:squarederror"",""reg_lambda"":1.0,""subsample"":0.9,""tweedie_variance_power"":null}",ok,757,2.7058203466029904,2.6627471933528573,2.5402906208718625,2.412931191958497,1.0651617277059091,1.1035321695980866,2.983087199740112,
8de69ed938984162bb96,home,lightgbm,dratings_only,"{""colsample_bytree"":0.9,""learning_rate"":0.05,""min_child_samples"":10,""n_estimators"":500,""num_leaves"":15,""objective"":""poisson"",""reg_lambda"":1.0,""subsample"":0.9,""tweedie_variance_power"":null}",ok,757,2.696383170450236,2.663102352238446,2.5402906208718625,2.412931191958497,1.061446729085194,1.1036793594088743,0.8703955998644233,
b4a765c6a8b00f8334ba,home,xgboost,dratings_plus_bullpen,"{""colsample_bytree"":0.9,""learning_rate"":0.05,""max_depth"":6,""min_child_weight"":1.0,""n_estimators"":500,""objective"":""reg:squarederror"",""reg_lambda"":1.0,""subsample"":0.9,""tweedie_variance_power"":null}",ok,757,2.647649810210244,2.6631757925918684,2.5402906208718625,2.412931191958497,1.0422625617936323,1.10370979556622,5.413728600367904,
59193ca44bf159ad2072,home,hist_gradient_boosting,no_dratings,"{""l2_regularization"":0.0,""learning_rate"":0.05,""loss"":""poisson"",""max_iter"":300,""max_leaf_nodes"":15,""min_samples_leaf"":10}",ok,757,2.6062635945409838,2.66318934322928,2.5402906208718625,2.412931191958497,1.02597064018072,1.1037154114070102,6.647705500014126,
40d98027b84fa1d1d114,home,xgboost,bullpen_only,"{""colsample_bytree"":0.9,""learning_rate"":0.1,""max_depth"":3,""min_child_weight"":1.0,""n_estimators"":500,""objective"":""count:poisson"",""reg_lambda"":1.0,""subsample"":0.9,""tweedie_variance_power"":null}",ok,757,2.611337091050343,2.663361062365153,2.5402906208718625,2.412931191958497,1.0279678512351065,1.103786577603728,2.7296390999108557,
d288fa20b79da2730fe6,home,xgboost,dratings_plus_pitcher,"{""colsample_bytree"":0.9,""learning_rate"":0.025,""max_depth"":3,""min_child_weight"":1.0,""n_estimators"":500,""objective"":""reg:tweedie"",""reg_lambda"":1.0,""subsample"":0.9,""tweedie_variance_power"":1.5}",ok,757,2.565938651719213,2.664594772059239,2.5402906208718625,2.412931191958497,1.01009649472254,1.1042978684760898,2.6013806997798383,
7230ad5d4506b78dd1eb,home,lightgbm,no_dratings_prob,"{""colsample_bytree"":0.9,""learning_rate"":0.025,""min_child_samples"":10,""n_estimators"":500,""num_leaves"":15,""objective"":""tweedie"",""reg_lambda"":1.0,""subsample"":0.9,""tweedie_variance_power"":1.5}",ok,757,2.5868118755962084,2.6648029493453134,2.5402906208718625,2.412931191958497,1.0183133592440612,1.1043841441588644,1.833564599975944,
103b9f06eb292253ba33,home,hist_gradient_boosting,dratings_plus_bullpen,"{""l2_regularization"":0.0,""learning_rate"":0.05,""loss"":""poisson"",""max_iter"":300,""max_leaf_nodes"":15,""min_samples_leaf"":10}",ok,757,2.5626840106771764,2.665146406477769,2.5402906208718625,2.412931191958497,1.0088152865744269,1.1045264843688134,2.8793262001127005,
9a9ed6f9256b67d16524,home,hist_gradient_boosting,no_dratings,"{""l2_regularization"":5.0,""learning_rate"":0.025,""loss"":""poisson"",""max_iter"":300,""max_leaf_nodes"":31,""min_samples_leaf"":10}",ok,757,2.597133149647164,2.667761645151153,2.5402906208718625,2.412931191958497,1.0223763880826329,1.1056103274067333,19.704663900192827,
16307d585d19faf0726e,home,lightgbm,no_dratings,"{""colsample_bytree"":0.9,""learning_rate"":0.1,""min_child_samples"":30,""n_estimators"":500,""num_leaves"":31,""objective"":""regression"",""reg_lambda"":1.0,""subsample"":0.9,""tweedie_variance_power"":null}",ok,757,2.6663245448860984,2.668584377485759,2.5402906208718625,2.412931191958497,1.0496139784081002,1.1059512954116844,2.808028200175613,
d2be3d7d6d48ede4749c,home,lightgbm,pitcher_only,"{""colsample_bytree"":0.9,""learning_rate"":0.025,""min_child_samples"":10,""n_estimators"":500,""num_leaves"":31,""objective"":""poisson"",""reg_lambda"":1.0,""subsample"":0.9,""tweedie_variance_power"":null}",ok,757,2.6301177274395267,2.668769083908179,2.5402906208718625,2.412931191958497,1.035360956667562,1.106027843977609,2.123056400101632,
d7242b33d658ba200d9d,home,lightgbm,no_dratings,"{""colsample_bytree"":0.9,""learning_rate"":0.05,""min_child_samples"":30,""n_estimators"":500,""num_leaves"":31,""objective"":""poisson"",""reg_lambda"":1.0,""subsample"":0.9,""tweedie_variance_power"":null}",ok,757,2.5640469676677444,2.668773609876796,2.5402906208718625,2.412931191958497,1.009351822425628,1.106029719691526,2.9770257002674043,
74d96aba3ea82ed25b6c,home,xgboost,bullpen_only,"{""colsample_bytree"":0.9,""learning_rate"":0.1,""max_depth"":3,""min_child_weight"":5.0,""n_estimators"":500,""objective"":""count:poisson"",""reg_lambda"":1.0,""subsample"":0.9,""tweedie_variance_power"":null}",ok,757,2.6120255429647083,2.6693379906844195,2.5402906208718625,2.412931191958497,1.0282388642871994,1.106263618117434,2.4006853997707367,
26f89cfe017a2b1c79c0,home,hist_gradient_boosting,pitcher_only,"{""l2_regularization"":0.0,""learning_rate"":0.025,""loss"":""squared_error"",""max_iter"":300,""max_leaf_nodes"":15,""min_samples_leaf"":30}",ok,757,2.6711789700045068,2.669792946449784,2.5402906208718625,2.412931191958497,1.051524950750604,1.1064521671182843,3.779743800405413,
6a984c1b57de5e3205ac,home,xgboost,pitcher_only,"{""colsample_bytree"":0.9,""learning_rate"":0.025,""max_depth"":3,""min_child_weight"":5.0,""n_estimators"":500,""objective"":""reg:tweedie"",""reg_lambda"":1.0,""subsample"":0.9,""tweedie_variance_power"":1.5}",ok,757,2.61387635820608,2.6702278920044717,2.5402906208718625,2.412931191958497,1.0289674483421751,1.1066324232135003,2.410154600162059,
a902f8a3acd2174692ee,home,xgboost,pitcher_only,"{""colsample_bytree"":0.9,""learning_rate"":0.025,""max_depth"":6,""min_child_weight"":1.0,""n_estimators"":500,""objective"":""count:poisson"",""reg_lambda"":1.0,""subsample"":0.9,""tweedie_variance_power"":null}",ok,757,2.5852697544400254,2.670331158609407,2.5402906208718625,2.412931191958497,1.0177062943895472,1.1066752203745962,5.646110399626195,
bba3dc665a7069536e0a,home,hist_gradient_boosting,bullpen_only,"{""l2_regularization"":0.0,""learning_rate"":0.05,""loss"":""squared_error"",""max_iter"":300,""max_leaf_nodes"":15,""min_samples_leaf"":30}",ok,757,2.6264474893040632,2.6709690560960837,2.5402906208718625,2.412931191958497,1.0339161463355049,1.106939586589763,2.678785099647939,
7ed96dfbd229fa62905b,home,xgboost,pitcher_only,"{""colsample_bytree"":0.9,""learning_rate"":0.025,""max_depth"":6,""min_child_weight"":5.0,""n_estimators"":500,""objective"":""count:poisson"",""reg_lambda"":1.0,""subsample"":0.9,""tweedie_variance_power"":null}",ok,757,2.5890390572176267,2.6715806156224167,2.5402906208718625,2.412931191958497,1.01919010208723,1.1071930374665937,5.218051599804312,
28cf1afae0a739c618a2,home,xgboost,no_dratings_prob,"{""colsample_bytree"":0.9,""learning_rate"":0.1,""max_depth"":6,""min_child_weight"":5.0,""n_estimators"":500,""objective"":""reg:squarederror"",""reg_lambda"":1.0,""subsample"":0.9,""tweedie_variance_power"":null}",ok,757,2.761703259091396,2.671739171652734,2.5402906208718625,2.412931191958497,1.0871603573230302,1.1072587484287817,9.739318700041622,
ae0e4ad27b68d12be564,home,hist_gradient_boosting,dratings_plus_pitcher,"{""l2_regularization"":0.0,""learning_rate"":0.025,""loss"":""poisson"",""max_iter"":300,""max_leaf_nodes"":31,""min_samples_leaf"":30}",ok,757,2.5999492618851985,2.6717407416140158,2.5402906208718625,2.412931191958497,1.0234849668471635,1.1072593990736432,9.47982919961214,
709cb02ed077afb96417,home,hist_gradient_boosting,pitcher_only,"{""l2_regularization"":0.0,""learning_rate"":0.025,""loss"":""squared_error"",""max_iter"":300,""max_leaf_nodes"":15,""min_samples_leaf"":10}",ok,757,2.70798067193111,2.6728308591705643,2.5402906208718625,2.412931191958497,1.0660121521850496,1.1077111805252575,3.48226339975372,
b95cd459ecde9273ff4b,home,hist_gradient_boosting,pitcher_only,"{""l2_regularization"":5.0,""learning_rate"":0.025,""loss"":""squared_error"",""max_iter"":300,""max_leaf_nodes"":31,""min_samples_leaf"":10}",ok,757,2.704825496084616,2.674299794992803,2.5402906208718625,2.412931191958497,1.0647700990827114,1.1083199570320783,7.397973599843681,
37e439fa69fdc21ecf14,home,lightgbm,no_dratings_prob,"{""colsample_bytree"":0.9,""learning_rate"":0.1,""min_child_samples"":30,""n_estimators"":500,""num_leaves"":31,""objective"":""regression"",""reg_lambda"":1.0,""subsample"":0.9,""tweedie_variance_power"":null}",ok,757,2.6903274790361245,2.675586260175373,2.5402906208718625,2.412931191958497,1.0590628713626349,1.1088531115566902,3.0560353002510965,
3442d6736ca05e56d5fb,home,hist_gradient_boosting,bullpen_only,"{""l2_regularization"":5.0,""learning_rate"":0.05,""loss"":""squared_error"",""max_iter"":300,""max_leaf_nodes"":31,""min_samples_leaf"":10}",ok,757,2.6192817144250347,2.6757396110867138,2.5402906208718625,2.412931191958497,1.0310952978781858,1.1089166653421658,4.289080999791622,
caf458670221b6f7162f,home,xgboost,bullpen_only,"{""colsample_bytree"":0.9,""learning_rate"":0.05,""max_depth"":6,""min_child_weight"":1.0,""n_estimators"":500,""objective"":""reg:squarederror"",""reg_lambda"":1.0,""subsample"":0.9,""tweedie_variance_power"":null}",ok,757,2.6565439351483726,2.6759265421601044,2.5402906208718625,2.412931191958497,1.045763785183213,1.108994135878422,4.323844499886036,
ca71b6bd87d5186bbe5c,home,lightgbm,all,"{""colsample_bytree"":0.9,""learning_rate"":0.05,""min_child_samples"":10,""n_estimators"":500,""num_leaves"":15,""objective"":""regression"",""reg_lambda"":1.0,""subsample"":0.9,""tweedie_variance_power"":null}",ok,757,2.730282950616931,2.676147899208804,2.5402906208718625,2.412931191958497,1.0747915723437425,1.1090858736989773,3.361957999877632,
eab454806e84d80efe24,home,hist_gradient_boosting,dratings_only,"{""l2_regularization"":5.0,""learning_rate"":0.05,""loss"":""squared_error"",""max_iter"":300,""max_leaf_nodes"":15,""min_samples_leaf"":10}",ok,757,2.694036743268142,2.676395495835488,2.5402906208718625,2.412931191958497,1.060523044541853,1.109188486084904,9.292036099825054,
016f2c6f41a6142d65d9,home,xgboost,bullpen_only,"{""colsample_bytree"":0.9,""learning_rate"":0.05,""max_depth"":6,""min_child_weight"":5.0,""n_estimators"":500,""objective"":""reg:squarederror"",""reg_lambda"":1.0,""subsample"":0.9,""tweedie_variance_power"":null}",ok,757,2.657277325342952,2.6764375559788625,2.5402906208718625,2.412931191958497,1.0460524884475375,1.109205917225715,4.297218000050634,
6f8666265394bdd0d279,home,lightgbm,no_dratings_prob,"{""colsample_bytree"":0.9,""learning_rate"":0.05,""min_child_samples"":10,""n_estimators"":500,""num_leaves"":31,""objective"":""poisson"",""reg_lambda"":1.0,""subsample"":0.9,""tweedie_variance_power"":null}",ok,757,2.550092068660454,2.6774253606193525,2.5402906208718625,2.412931191958497,1.003858396243351,1.1096152967570427,3.141973300371319,
d2662dc21789d7b66ffa,home,lightgbm,all,"{""colsample_bytree"":0.9,""learning_rate"":0.1,""min_child_samples"":30,""n_estimators"":500,""num_leaves"":15,""objective"":""regression"",""reg_lambda"":1.0,""subsample"":0.9,""tweedie_variance_power"":null}",ok,757,2.6888764688471483,2.6774765099713096,2.5402906208718625,2.412931191958497,1.058491672863906,1.1096364947721902,3.0881268000230198,
f75f160924e4ba156dda,home,hist_gradient_boosting,dratings_plus_pitcher,"{""l2_regularization"":5.0,""learning_rate"":0.05,""loss"":""squared_error"",""max_iter"":300,""max_leaf_nodes"":15,""min_samples_leaf"":10}",ok,757,2.679628118193203,2.6775065488184464,2.5402906208718625,2.412931191958497,1.054851006485832,1.1096489438827313,4.245685100089759,
7d23ce88df1384b07431,home,hist_gradient_boosting,dratings_plus_bullpen,"{""l2_regularization"":5.0,""learning_rate"":0.05,""loss"":""poisson"",""max_iter"":300,""max_leaf_nodes"":15,""min_samples_leaf"":10}",ok,757,2.584359755660033,2.6776648863890715,2.5402906208718625,2.412931191958497,1.017348068140741,1.1097145643078612,3.1971378000453115,
0e0c50a8f0e9d441b919,home,lightgbm,all,"{""colsample_bytree"":0.9,""learning_rate"":0.025,""min_child_samples"":30,""n_estimators"":500,""num_leaves"":15,""objective"":""tweedie"",""reg_lambda"":1.0,""subsample"":0.9,""tweedie_variance_power"":1.5}",ok,757,2.555645992729702,2.677746892005236,2.5402906208718625,2.412931191958497,1.0060447303673348,1.10974855019873,1.5541046997532248,
8dab90bb29608ac7e3fa,home,xgboost,no_dratings,"{""colsample_bytree"":0.9,""learning_rate"":0.05,""max_depth"":6,""min_child_weight"":1.0,""n_estimators"":500,""objective"":""reg:squarederror"",""reg_lambda"":1.0,""subsample"":0.9,""tweedie_variance_power"":null}",ok,757,2.755908162622187,2.678546003438532,2.5402906208718625,2.412931191958497,1.0848790842979696,1.1100797289061706,6.725901499856263,
03b064357e8d6eb4363d,home,hist_gradient_boosting,bullpen_only,"{""l2_regularization"":5.0,""learning_rate"":0.025,""loss"":""poisson"",""max_iter"":300,""max_leaf_nodes"":31,""min_samples_leaf"":10}",ok,757,2.5729970445525456,2.679630697994002,2.5402906208718625,2.412931191958497,1.0128750716205288,1.110529262883387,8.021468600258231,
5126f163a500551b11ad,home,hist_gradient_boosting,no_dratings,"{""l2_regularization"":5.0,""learning_rate"":0.05,""loss"":""poisson"",""max_iter"":300,""max_leaf_nodes"":31,""min_samples_leaf"":30}",ok,757,2.553806484050246,2.679836744817248,2.5402906208718625,2.412931191958497,1.005320597205427,1.1106146556305705,8.114794800058007,
0130347a6a3e4c75247b,home,hist_gradient_boosting,dratings_plus_pitcher,"{""l2_regularization"":0.0,""learning_rate"":0.025,""loss"":""squared_error"",""max_iter"":300,""max_leaf_nodes"":31,""min_samples_leaf"":10}",ok,757,2.716722805030344,2.6801411829761856,2.5402906208718625,2.412931191958497,1.069453543113869,1.110740825062982,6.485462999902666,
3bf007354a54e8bf93ff,home,xgboost,no_dratings,"{""colsample_bytree"":0.9,""learning_rate"":0.1,""max_depth"":6,""min_child_weight"":1.0,""n_estimators"":500,""objective"":""reg:squarederror"",""reg_lambda"":1.0,""subsample"":0.9,""tweedie_variance_power"":null}",ok,757,2.7762265975440665,2.680576354218278,2.5402906208718625,2.412931191958497,1.0928775529593648,1.1109211746906642,6.370908600278199,
fbcf6e5cdabe274f1267,home,hist_gradient_boosting,no_dratings,"{""l2_regularization"":5.0,""learning_rate"":0.05,""loss"":""poisson"",""max_iter"":300,""max_leaf_nodes"":15,""min_samples_leaf"":30}",ok,757,2.56685900130312,2.6817339017973243,2.5402906208718625,2.412931191958497,1.010458795624785,1.111400901415945,2.6136850002221763,
a05ff41fa3dc1860f515,home,xgboost,no_dratings,"{""colsample_bytree"":0.9,""learning_rate"":0.05,""max_depth"":3,""min_child_weight"":5.0,""n_estimators"":500,""objective"":""reg:tweedie"",""reg_lambda"":1.0,""subsample"":0.9,""tweedie_variance_power"":1.5}",ok,757,2.5665170155869137,2.6817939946473466,2.5402906208718625,2.412931191958497,1.010324170982472,1.1114258059180802,3.152813300024718,
d0959ff940b54c9ff20a,home,lightgbm,no_dratings_prob,"{""colsample_bytree"":0.9,""learning_rate"":0.1,""min_child_samples"":10,""n_estimators"":500,""num_leaves"":15,""objective"":""poisson"",""reg_lambda"":1.0,""subsample"":0.9,""tweedie_variance_power"":null}",ok,757,2.583285090631321,2.6818015061839784,2.5402906208718625,2.412931191958497,1.0169250200769164,1.111428918951994,1.5935236997902391,
2c23e28a7104c3a1e0fd,home,hist_gradient_boosting,no_dratings,"{""l2_regularization"":5.0,""learning_rate"":0.05,""loss"":""poisson"",""max_iter"":300,""max_leaf_nodes"":15,""min_samples_leaf"":10}",ok,757,2.6007255894432104,2.6833836159007043,2.5402906208718625,2.412931191958497,1.0237905726513314,1.112084598534569,3.4270540000870824,
2f15814b265f2172ac65,home,lightgbm,bullpen_only,"{""colsample_bytree"":0.9,""learning_rate"":0.05,""min_child_samples"":30,""n_estimators"":500,""num_leaves"":15,""objective"":""poisson"",""reg_lambda"":1.0,""subsample"":0.9,""tweedie_variance_power"":null}",ok,757,2.596159206279253,2.6834294430858967,2.5402906208718625,2.412931191958497,1.0219929896793525,1.112103590864456,0.9353438997641206,
686e71fe6e6c5a675462,home,xgboost,dratings_only,"{""colsample_bytree"":0.9,""learning_rate"":0.05,""max_depth"":3,""min_child_weight"":1.0,""n_estimators"":500,""objective"":""reg:tweedie"",""reg_lambda"":1.0,""subsample"":0.9,""tweedie_variance_power"":1.5}",ok,757,2.674308491981486,2.683800975930725,2.5402906208718625,2.412931191958497,1.0527569050597947,1.1122575665957437,3.847517100162804,
969a28ce621f28e63af9,home,lightgbm,bullpen_only,"{""colsample_bytree"":0.9,""learning_rate"":0.05,""min_child_samples"":10,""n_estimators"":500,""num_leaves"":31,""objective"":""regression"",""reg_lambda"":1.0,""subsample"":0.9,""tweedie_variance_power"":null}",ok,757,2.6567465233100074,2.683951456937283,2.5402906208718625,2.412931191958497,1.0458435351771584,1.1123199309959635,1.875246800016612,
dc75d8e07ddd045210f2,home,lightgbm,dratings_plus_bullpen,"{""colsample_bytree"":0.9,""learning_rate"":0.05,""min_child_samples"":30,""n_estimators"":500,""num_leaves"":15,""objective"":""poisson"",""reg_lambda"":1.0,""subsample"":0.9,""tweedie_variance_power"":null}",ok,757,2.597865363329026,2.683953910502707,2.5402906208718625,2.412931191958497,1.0226646282059662,1.1123209478361584,1.4243333996273575,
e7406cacc0e39cee9078,home,hist_gradient_boosting,no_dratings,"{""l2_regularization"":0.0,""learning_rate"":0.1,""loss"":""squared_error"",""max_iter"":300,""max_leaf_nodes"":31,""min_samples_leaf"":10}",ok,757,2.7338764498865764,2.684660790640371,2.5402906208718625,2.412931191958497,1.0762061739803113,1.1126139027865607,6.020262900274247,
fa9405e1346f36eb6458,home,hist_gradient_boosting,dratings_plus_bullpen,"{""l2_regularization"":5.0,""learning_rate"":0.05,""loss"":""squared_error"",""max_iter"":300,""max_leaf_nodes"":15,""min_samples_leaf"":30}",ok,757,2.635732733909047,2.684862672745965,2.5402906208718625,2.412931191958497,1.0375713362294063,1.112697569534401,3.0756706004031003,
8789efb06fa6cfe7f532,home,lightgbm,dratings_plus_pitcher,"{""colsample_bytree"":0.9,""learning_rate"":0.025,""min_child_samples"":30,""n_estimators"":500,""num_leaves"":15,""objective"":""regression"",""reg_lambda"":1.0,""subsample"":0.9,""tweedie_variance_power"":null}",ok,757,2.668168306296122,2.6854304298641667,2.5402906208718625,2.412931191958497,1.0503397856818328,1.112932867217192,0.977392700035125,
32947f8cc82a5eeb1565,home,lightgbm,dratings_only,"{""colsample_bytree"":0.9,""learning_rate"":0.05,""min_child_samples"":30,""n_estimators"":500,""num_leaves"":15,""objective"":""poisson"",""reg_lambda"":1.0,""subsample"":0.9,""tweedie_variance_power"":null}",ok,757,2.6985570869700277,2.685943375758417,2.5402906208718625,2.412931191958497,1.0623025038150342,1.1131454492816786,0.8912921999581158,
b06732baedc29871a4ca,home,hist_gradient_boosting,dratings_plus_bullpen,"{""l2_regularization"":5.0,""learning_rate"":0.025,""loss"":""poisson"",""max_iter"":300,""max_leaf_nodes"":31,""min_samples_leaf"":30}",ok,757,2.601998107703296,2.6860059366683844,2.5402906208718625,2.412931191958497,1.0242915067765963,1.1131713766310267,4.525648800190538,
2097edd509b58a8e999e,home,lightgbm,no_dratings_prob,"{""colsample_bytree"":0.9,""learning_rate"":0.05,""min_child_samples"":10,""n_estimators"":500,""num_leaves"":15,""objective"":""regression"",""reg_lambda"":1.0,""subsample"":0.9,""tweedie_variance_power"":null}",ok,757,2.737407162286648,2.686417250902243,2.5402906208718625,2.412931191958497,1.0775960592048843,1.1133418391105327,2.283242800273001,
53436d20f16a80e52755,home,hist_gradient_boosting,dratings_plus_bullpen,"{""l2_regularization"":5.0,""learning_rate"":0.025,""loss"":""poisson"",""max_iter"":300,""max_leaf_nodes"":31,""min_samples_leaf"":10}",ok,757,2.593704708925782,2.6871614813388813,2.5402906208718625,2.412931191958497,1.0210267626920524,1.113650273283508,5.496428499929607,
9915b7629febdc0b3c76,home,lightgbm,dratings_plus_pitcher,"{""colsample_bytree"":0.9,""learning_rate"":0.05,""min_child_samples"":10,""n_estimators"":500,""num_leaves"":15,""objective"":""poisson"",""reg_lambda"":1.0,""subsample"":0.9,""tweedie_variance_power"":null}",ok,757,2.624145270646701,2.6878015286883032,2.5402906208718625,2.412931191958497,1.0330098647319568,1.1139155304742456,0.9441531002521516,
eab18cae6c4fd216c620,home,xgboost,no_dratings_prob,"{""colsample_bytree"":0.9,""learning_rate"":0.1,""max_depth"":6,""min_child_weight"":1.0,""n_estimators"":500,""objective"":""reg:squarederror"",""reg_lambda"":1.0,""subsample"":0.9,""tweedie_variance_power"":null}",ok,757,2.768577361358834,2.6881438242191327,2.5402906208718625,2.412931191958497,1.0898663871807788,1.1140573892773356,11.778763100039214,
1edbc1e184fd9e1f2312,home,lightgbm,dratings_plus_pitcher,"{""colsample_bytree"":0.9,""learning_rate"":0.025,""min_child_samples"":10,""n_estimators"":500,""num_leaves"":31,""objective"":""regression"",""reg_lambda"":1.0,""subsample"":0.9,""tweedie_variance_power"":null}",ok,757,2.7088295847700974,2.688813362894873,2.5402906208718625,2.412931191958497,1.0663463316021653,1.114334868667536,2.011905400082469,
14c8b1359dfc631ae044,home,hist_gradient_boosting,no_dratings,"{""l2_regularization"":5.0,""learning_rate"":0.1,""loss"":""squared_error"",""max_iter"":300,""max_leaf_nodes"":31,""min_samples_leaf"":10}",ok,757,2.7266654178311884,2.6890954998038894,2.5402906208718625,2.412931191958497,1.07336750977546,1.114451795710444,6.134767099749297,
98c599e55edc785fced2,home,hist_gradient_boosting,dratings_plus_bullpen,"{""l2_regularization"":0.0,""learning_rate"":0.025,""loss"":""poisson"",""max_iter"":300,""max_leaf_nodes"":31,""min_samples_leaf"":10}",ok,757,2.5651357426983483,2.6892212006888023,2.5402906208718625,2.412931191958497,1.0097804249727769,1.114503890393182,5.695598699618131,
71e47e1c94c88d501817,home,lightgbm,no_dratings_prob,"{""colsample_bytree"":0.9,""learning_rate"":0.1,""min_child_samples"":30,""n_estimators"":500,""num_leaves"":15,""objective"":""regression"",""reg_lambda"":1.0,""subsample"":0.9,""tweedie_variance_power"":null}",ok,757,2.6894833844810373,2.689589709056275,2.5402906208718625,2.412931191958497,1.0587305886906633,1.1146566126791304,1.9897886998951435,
8f4e23f8da4e5a92f12c,home,random_forest,dratings_only,"{""criterion"":""squared_error"",""max_depth"":null,""max_features"":1.0,""max_samples"":null,""min_samples_leaf"":2,""n_estimators"":400}",ok,757,2.717100239524529,2.690156388740537,2.5402906208718625,2.412931191958497,1.0696021223713306,1.114891463836988,4.864805699791759,
eff307cbc3c7c3320d02,home,lightgbm,no_dratings,"{""colsample_bytree"":0.9,""learning_rate"":0.05,""min_child_samples"":10,""n_estimators"":500,""num_leaves"":15,""objective"":""regression"",""reg_lambda"":1.0,""subsample"":0.9,""tweedie_variance_power"":null}",ok,757,2.741412269779549,2.690701098408611,2.5402906208718625,2.412931191958497,1.079172692783733,1.1151172098797633,1.7357650003395977,
63add35aac32d7c3402c,home,xgboost,dratings_plus_pitcher,"{""colsample_bytree"":0.9,""learning_rate"":0.05,""max_depth"":6,""min_child_weight"":1.0,""n_estimators"":500,""objective"":""reg:squarederror"",""reg_lambda"":1.0,""subsample"":0.9,""tweedie_variance_power"":null}",ok,757,2.7032109346226,2.690705522729491,2.5402906208718625,2.412931191958497,1.0641345176855477,1.1151190434674323,5.619956300128251,
47dcccac1c2c3378ee36,home,hist_gradient_boosting,bullpen_only,"{""l2_regularization"":5.0,""learning_rate"":0.025,""loss"":""poisson"",""max_iter"":300,""max_leaf_nodes"":31,""min_samples_leaf"":30}",ok,757,2.594424090446566,2.691038163992662,2.5402906208718625,2.412931191958497,1.0213099513614408,1.1152569012166629,6.218096800148487,
87667d077369a039167f,home,random_forest,dratings_only,"{""criterion"":""poisson"",""max_depth"":null,""max_features"":1.0,""max_samples"":null,""min_samples_leaf"":2,""n_estimators"":400}",ok,757,2.716275023385905,2.6915794667607607,2.5402906208718625,2.412931191958497,1.0692772712964795,1.1154812353252783,3.097941299900413,
54df6eaabc8685011ecf,home,hist_gradient_boosting,dratings_plus_bullpen,"{""l2_regularization"":0.0,""learning_rate"":0.025,""loss"":""poisson"",""max_iter"":300,""max_leaf_nodes"":31,""min_samples_leaf"":30}",ok,757,2.6130475444418644,2.691897468813361,2.5402906208718625,2.412931191958497,1.0286411810413372,1.1156130260923174,5.059982500039041,
05d4cd699c85cc948cb1,home,extra_trees,dratings_only,"{""criterion"":""poisson"",""max_depth"":null,""max_features"":0.6,""max_samples"":null,""min_samples_leaf"":2,""n_estimators"":400}",ok,757,2.7236214184768337,2.6919939626270963,2.5402906208718625,2.412931191958497,1.0721692219380985,1.1156530163805016,3.0662221000529826,
bd3ff846074dc3288b00,home,random_forest,dratings_only,"{""criterion"":""squared_error"",""max_depth"":null,""max_features"":0.6,""max_samples"":null,""min_samples_leaf"":2,""n_estimators"":400}",ok,757,2.7183106374764234,2.693046290757074,2.5402906208718625,2.412931191958497,1.0700786024803186,1.1160891366202683,4.724152800161392,
db2c2c8cad4e02f769fe,home,xgboost,no_dratings,"{""colsample_bytree"":0.9,""learning_rate"":0.1,""max_depth"":6,""min_child_weight"":5.0,""n_estimators"":500,""objective"":""reg:squarederror"",""reg_lambda"":1.0,""subsample"":0.9,""tweedie_variance_power"":null}",ok,757,2.765413749170744,2.6933270881660825,2.5402906208718625,2.412931191958497,1.0886210130640943,1.116205508529233,6.347953100223094,
4edc0826386b0f696e28,home,hist_gradient_boosting,dratings_plus_bullpen,"{""l2_regularization"":0.0,""learning_rate"":0.05,""loss"":""squared_error"",""max_iter"":300,""max_leaf_nodes"":15,""min_samples_leaf"":30}",ok,757,2.6564490440456616,2.6936681843496206,2.5402906208718625,2.412931191958497,1.0457264307553644,1.1163468702823882,3.046931100077927,
b73abd6923544fd3d855,home,random_forest,dratings_only,"{""criterion"":""poisson"",""max_depth"":null,""max_features"":0.6,""max_samples"":null,""min_samples_leaf"":2,""n_estimators"":400}",ok,757,2.722520980588104,2.6942856026873065,2.5402906208718625,2.412931191958497,1.071736028239831,1.1166027492480808,2.705810900311917,
16215ffb6f4148126848,home,hist_gradient_boosting,all,"{""l2_regularization"":0.0,""learning_rate"":0.1,""loss"":""squared_error"",""max_iter"":300,""max_leaf_nodes"":15,""min_samples_leaf"":10}",ok,757,2.7655092275549427,2.69458433800287,2.5402906208718625,2.412931191958497,1.0886585986786748,1.1167265552300163,4.354522300418466,
9095a8577328a2c2b67e,home,hist_gradient_boosting,no_dratings,"{""l2_regularization"":0.0,""learning_rate"":0.025,""loss"":""poisson"",""max_iter"":300,""max_leaf_nodes"":31,""min_samples_leaf"":10}",ok,757,2.589978624849964,2.69461431299527,2.5402906208718625,2.412931191958497,1.0195599682846712,1.116738977877003,13.018011500127614,
fa0ffd3ca09bd767d1c3,home,random_forest,pitcher_only,"{""criterion"":""squared_error"",""max_depth"":14,""max_features"":1.0,""max_samples"":null,""min_samples_leaf"":2,""n_estimators"":400}",ok,757,2.8207118466188543,2.694870226482676,2.5402906208718625,2.412931191958497,1.110389426880121,1.116845037050285,4.319810499902815,
23fb014caf46aa07c8ed,home,hist_gradient_boosting,bullpen_only,"{""l2_regularization"":0.0,""learning_rate"":0.025,""loss"":""poisson"",""max_iter"":300,""max_leaf_nodes"":31,""min_samples_leaf"":30}",ok,757,2.586143801533125,2.695187106665456,2.5402906208718625,2.412931191958497,1.0180503680502215,1.116976362876664,5.836007199715823,
38e2c1f13b0bc22d9dd7,home,hist_gradient_boosting,no_dratings_prob,"{""l2_regularization"":5.0,""learning_rate"":0.05,""loss"":""poisson"",""max_iter"":300,""max_leaf_nodes"":31,""min_samples_leaf"":30}",ok,757,2.5547222521721737,2.696484841619809,2.5402906208718625,2.412931191958497,1.005681094588838,1.117514187974486,7.59412410017103,
9664fea2a062af613a4b,home,lightgbm,bullpen_only,"{""colsample_bytree"":0.9,""learning_rate"":0.05,""min_child_samples"":10,""n_estimators"":500,""num_leaves"":15,""objective"":""regression"",""reg_lambda"":1.0,""subsample"":0.9,""tweedie_variance_power"":null}",ok,757,2.634201490838288,2.6971511241362025,2.5402906208718625,2.412931191958497,1.0369685535957274,1.1177903179025233,0.929739700164646,
eb35af1e36d465ef1126,home,lightgbm,dratings_only,"{""colsample_bytree"":0.9,""learning_rate"":0.025,""min_child_samples"":10,""n_estimators"":500,""num_leaves"":15,""objective"":""regression"",""reg_lambda"":1.0,""subsample"":0.9,""tweedie_variance_power"":null}",ok,757,2.7040229983847874,2.697200173281737,2.5402906208718625,2.412931191958497,1.064454191251838,1.117810645521354,0.9117490001954138,
86fe3e5d4466f8f0e8cd,home,lightgbm,dratings_only,"{""colsample_bytree"":0.9,""learning_rate"":0.025,""min_child_samples"":30,""n_estimators"":500,""num_leaves"":31,""objective"":""poisson"",""reg_lambda"":1.0,""subsample"":0.9,""tweedie_variance_power"":null}",ok,757,2.71107209250347,2.697596198011237,2.5402906208718625,2.412931191958497,1.0672291076573723,1.1179747715150083,1.7281829002313316,
716bfd85361ea8166f58,home,random_forest,pitcher_only,"{""criterion"":""squared_error"",""max_depth"":null,""max_features"":1.0,""max_samples"":null,""min_samples_leaf"":2,""n_estimators"":400}",ok,757,2.823230493264107,2.697702267594852,2.5402906208718625,2.412931191958497,1.1113809066047473,1.1180187303249272,4.826245700009167,
f45e90ffded2bffc5aae,home,extra_trees,dratings_only,"{""criterion"":""squared_error"",""max_depth"":null,""max_features"":0.6,""max_samples"":null,""min_samples_leaf"":2,""n_estimators"":400}",ok,757,2.7257662691617712,2.697754790901524,2.5402906208718625,2.412931191958497,1.073013554735029,1.1180404977532097,3.04083860013634,
86a021de73007f03978d,home,lightgbm,no_dratings_prob,"{""colsample_bytree"":0.9,""learning_rate"":0.1,""min_child_samples"":30,""n_estimators"":500,""num_leaves"":15,""objective"":""poisson"",""reg_lambda"":1.0,""subsample"":0.9,""tweedie_variance_power"":null}",ok,757,2.5615478776959937,2.6981704069690813,2.5402906208718625,2.412931191958497,1.0083680412979028,1.1182127430575692,1.5095021999441087,
f4448b92e23459ae9911,home,xgboost,no_dratings,"{""colsample_bytree"":0.9,""learning_rate"":0.05,""max_depth"":3,""min_child_weight"":1.0,""n_estimators"":500,""objective"":""reg:tweedie"",""reg_lambda"":1.0,""subsample"":0.9,""tweedie_variance_power"":1.5}",ok,757,2.5663315375855924,2.6989149836735247,2.5402906208718625,2.412931191958497,1.0102511565014527,1.1185213207355922,3.177449299953878,
926f1408483d3367bd47,home,hist_gradient_boosting,dratings_only,"{""l2_regularization"":5.0,""learning_rate"":0.025,""loss"":""poisson"",""max_iter"":300,""max_leaf_nodes"":31,""min_samples_leaf"":10}",ok,757,2.7047656320046087,2.699645353648898,2.5402906208718625,2.412931191958497,1.064746533243624,1.1188240106663316,17.194175699725747,
25b8951f964359bef129,home,hist_gradient_boosting,dratings_plus_pitcher,"{""l2_regularization"":5.0,""learning_rate"":0.025,""loss"":""squared_error"",""max_iter"":300,""max_leaf_nodes"":31,""min_samples_leaf"":30}",ok,757,2.697655169819071,2.699882293817117,2.5402906208718625,2.412931191958497,1.061947458945937,1.1189222066567557,6.300508399959654,
cbd3e7b824d698a2d49d,home,lightgbm,dratings_plus_pitcher,"{""colsample_bytree"":0.9,""learning_rate"":0.025,""min_child_samples"":30,""n_estimators"":500,""num_leaves"":31,""objective"":""regression"",""reg_lambda"":1.0,""subsample"":0.9,""tweedie_variance_power"":null}",ok,757,2.680531315974424,2.699901383059216,2.5402906208718625,2.412931191958497,1.0552065554823915,1.118930117881975,2.0195993999950588,
22b041e967daa278dd50,home,lightgbm,dratings_plus_pitcher,"{""colsample_bytree"":0.9,""learning_rate"":0.05,""min_child_samples"":30,""n_estimators"":500,""num_leaves"":15,""objective"":""poisson"",""reg_lambda"":1.0,""subsample"":0.9,""tweedie_variance_power"":null}",ok,757,2.6182628473772747,2.700045540843199,2.5402906208718625,2.412931191958497,1.0306942150101908,1.1189898617256715,1.0850038998760283,
b5b291eceef3ebbc67b4,home,lightgbm,no_dratings,"{""colsample_bytree"":0.9,""learning_rate"":0.025,""min_child_samples"":10,""n_estimators"":500,""num_leaves"":15,""objective"":""tweedie"",""reg_lambda"":1.0,""subsample"":0.9,""tweedie_variance_power"":1.5}",ok,757,2.587277761642321,2.700333994990416,2.5402906208718625,2.412931191958497,1.0184967579632018,1.1191094068449765,2.208929600194097,
a8839b6b15cd6ec9e72b,home,lightgbm,dratings_plus_pitcher,"{""colsample_bytree"":0.9,""learning_rate"":0.05,""min_child_samples"":30,""n_estimators"":500,""num_leaves"":31,""objective"":""poisson"",""reg_lambda"":1.0,""subsample"":0.9,""tweedie_variance_power"":null}",ok,757,2.5710516277819,2.700496862738416,2.5402906208718625,2.412931191958497,1.0121092471299522,1.119176904728274,1.6987560000270605,
e45256cbc612c6f29caa,home,xgboost,no_dratings_prob,"{""colsample_bytree"":0.9,""learning_rate"":0.05,""max_depth"":3,""min_child_weight"":5.0,""n_estimators"":500,""objective"":""reg:tweedie"",""reg_lambda"":1.0,""subsample"":0.9,""tweedie_variance_power"":1.5}",ok,757,2.574890317343657,2.700916031179012,2.5402906208718625,2.412931191958497,1.0136203693339307,1.1193506222557337,3.992029399611056,
ba47dc067094430ee345,home,hist_gradient_boosting,dratings_only,"{""l2_regularization"":5.0,""learning_rate"":0.05,""loss"":""poisson"",""max_iter"":300,""max_leaf_nodes"":15,""min_samples_leaf"":30}",ok,757,2.7108000431072474,2.7011748386140857,2.5402906208718625,2.412931191958497,1.067122013849291,1.119457880778453,8.40725320018828,
2f2c2bb46d57c6074377,home,hist_gradient_boosting,dratings_only,"{""l2_regularization"":0.0,""learning_rate"":0.05,""loss"":""poisson"",""max_iter"":300,""max_leaf_nodes"":15,""min_samples_leaf"":30}",ok,757,2.71256767955081,2.702170516672732,2.5402906208718625,2.412931191958497,1.0678178540925445,1.1198705233195931,8.550728400237858,
cbb7d6e5e694d8bf350b,home,hist_gradient_boosting,pitcher_only,"{""l2_regularization"":0.0,""learning_rate"":0.025,""loss"":""squared_error"",""max_iter"":300,""max_leaf_nodes"":31,""min_samples_leaf"":30}",ok,757,2.679553885099006,2.7022412721364875,2.5402906208718625,2.412931191958497,1.0548217842017409,1.119899846768182,5.862730999942869,
b3ae35aec8d7089a0114,home,xgboost,dratings_plus_pitcher,"{""colsample_bytree"":0.9,""learning_rate"":0.05,""max_depth"":6,""min_child_weight"":5.0,""n_estimators"":500,""objective"":""reg:squarederror"",""reg_lambda"":1.0,""subsample"":0.9,""tweedie_variance_power"":null}",ok,757,2.6933927389558114,2.7027310644109988,2.5402906208718625,2.412931191958497,1.0602695285437074,1.120102833192388,5.551531600300223,
260af9f84d38471c70a3,home,hist_gradient_boosting,no_dratings,"{""l2_regularization"":5.0,""learning_rate"":0.1,""loss"":""squared_error"",""max_iter"":300,""max_leaf_nodes"":15,""min_samples_leaf"":10}",ok,757,2.734209022717988,2.703318275916184,2.5402906208718625,2.412931191958497,1.0763370931864362,1.1203461934287438,3.276317900046706,
2ba33842b75cea24a8e8,home,lightgbm,no_dratings_prob,"{""colsample_bytree"":0.9,""learning_rate"":0.1,""min_child_samples"":10,""n_estimators"":500,""num_leaves"":15,""objective"":""regression"",""reg_lambda"":1.0,""subsample"":0.9,""tweedie_variance_power"":null}",ok,757,2.7516266530963125,2.7040159036124667,2.5402906208718625,2.412931191958497,1.0831936434705711,1.120635313855637,2.0577456997707486,
d1366e93365419b6538a,home,hist_gradient_boosting,dratings_only,"{""l2_regularization"":5.0,""learning_rate"":0.05,""loss"":""poisson"",""max_iter"":300,""max_leaf_nodes"":15,""min_samples_leaf"":10}",ok,757,2.714420901139553,2.7043972947752857,2.5402906208718625,2.412931191958497,1.0685473854199905,1.120793375206118,8.648809500038624,
c94dd7763e7ef02e1acd,home,lightgbm,dratings_plus_bullpen,"{""colsample_bytree"":0.9,""learning_rate"":0.025,""min_child_samples"":30,""n_estimators"":500,""num_leaves"":31,""objective"":""regression"",""reg_lambda"":1.0,""subsample"":0.9,""tweedie_variance_power"":null}",ok,757,2.6526090053230247,2.705269104327285,2.5402906208718625,2.412931191958497,1.0442147774464534,1.121154682463824,2.48501930013299,
23c2132841e72bd45eea,home,lightgbm,dratings_only,"{""colsample_bytree"":0.9,""learning_rate"":0.025,""min_child_samples"":30,""n_estimators"":500,""num_leaves"":15,""objective"":""tweedie"",""reg_lambda"":1.0,""subsample"":0.9,""tweedie_variance_power"":1.5}",ok,757,2.6897651417420523,2.70546980541736,2.5402906208718625,2.412931191958497,1.0588415040555037,1.1212378597590338,0.8887761002406478,
03745a59a79e6e0ac73f,home,hist_gradient_boosting,no_dratings_prob,"{""l2_regularization"":5.0,""learning_rate"":0.1,""loss"":""squared_error"",""max_iter"":300,""max_leaf_nodes"":15,""min_samples_leaf"":30}",ok,757,2.7098374214599747,2.705634768796851,2.5402906208718625,2.412931191958497,1.0667430723063966,1.1213062261426427,2.9841864998452365,
5177ded35ac1b077d955,home,hist_gradient_boosting,dratings_only,"{""l2_regularization"":5.0,""learning_rate"":0.025,""loss"":""squared_error"",""max_iter"":300,""max_leaf_nodes"":31,""min_samples_leaf"":30}",ok,757,2.7060857819761086,2.7067125442271154,2.5402906208718625,2.412931191958497,1.06526621786579,1.121752892601204,16.091514099854976,
c297b55a1c719c6e529b,home,hist_gradient_boosting,bullpen_only,"{""l2_regularization"":5.0,""learning_rate"":0.05,""loss"":""poisson"",""max_iter"":300,""max_leaf_nodes"":15,""min_samples_leaf"":10}",ok,757,2.586991372751196,2.7073422303766024,2.5402906208718625,2.412931191958497,1.018384019330554,1.1220138557615236,1.7896698000840845,
6a0c84dcd8ee9904411c,home,xgboost,pitcher_only,"{""colsample_bytree"":0.9,""learning_rate"":0.025,""max_depth"":3,""min_child_weight"":1.0,""n_estimators"":500,""objective"":""reg:tweedie"",""reg_lambda"":1.0,""subsample"":0.9,""tweedie_variance_power"":1.5}",ok,757,2.6148850343028966,2.7079732563433287,2.5402906208718625,2.412931191958497,1.0293645194837715,1.122275374187258,2.9254741999320686,
d6f24da2a5faf50b6fe7,home,hist_gradient_boosting,pitcher_only,"{""l2_regularization"":5.0,""learning_rate"":0.05,""loss"":""squared_error"",""max_iter"":300,""max_leaf_nodes"":15,""min_samples_leaf"":10}",ok,757,2.713217869950433,2.708065712495656,2.5402906208718625,2.412931191958497,1.0680738052794998,1.1223136911324885,3.812059999909252,
5bb43cfd4911ec3a8a2f,home,hist_gradient_boosting,no_dratings,"{""l2_regularization"":5.0,""learning_rate"":0.1,""loss"":""squared_error"",""max_iter"":300,""max_leaf_nodes"":15,""min_samples_leaf"":30}",ok,757,2.6871651974472286,2.7081828619923147,2.5402906208718625,2.412931191958497,1.057818021043969,1.122362241831758,2.937737800180912,
f8057bafa6e3e5cdf743,home,xgboost,dratings_only,"{""colsample_bytree"":0.9,""learning_rate"":0.025,""max_depth"":6,""min_child_weight"":5.0,""n_estimators"":500,""objective"":""reg:squarederror"",""reg_lambda"":1.0,""subsample"":0.9,""tweedie_variance_power"":null}",ok,757,2.713051729977052,2.7086250728722474,2.5402906208718625,2.412931191958497,1.0680084033242998,1.122545508922592,2.631654100026936,
d222a2e70ca4bc1b47e2,home,hist_gradient_boosting,no_dratings,"{""l2_regularization"":0.0,""learning_rate"":0.05,""loss"":""poisson"",""max_iter"":300,""max_leaf_nodes"":31,""min_samples_leaf"":30}",ok,757,2.563524431199125,2.7087682711855927,2.5402906208718625,2.412931191958497,1.0091461229421417,1.1226048551293228,9.003204099833965,
1691a7904cb215c00c00,home,hist_gradient_boosting,dratings_plus_pitcher,"{""l2_regularization"":0.0,""learning_rate"":0.05,""loss"":""squared_error"",""max_iter"":300,""max_leaf_nodes"":31,""min_samples_leaf"":10}",ok,757,2.693832225330635,2.70899553606682,2.5402906208718625,2.412931191958497,1.0604425348805464,1.1226990413547668,7.545705599710345,
a8761a106c3ff66b9c8f,home,hist_gradient_boosting,dratings_plus_pitcher,"{""l2_regularization"":5.0,""learning_rate"":0.05,""loss"":""squared_error"",""max_iter"":300,""max_leaf_nodes"":31,""min_samples_leaf"":10}",ok,757,2.70203105375866,2.709029705768704,2.5402906208718625,2.412931191958497,1.0636700508035912,1.1227132024307225,10.334574799984694,
38a46ba26e19e550ffe7,home,lightgbm,all,"{""colsample_bytree"":0.9,""learning_rate"":0.05,""min_child_samples"":10,""n_estimators"":500,""num_leaves"":31,""objective"":""poisson"",""reg_lambda"":1.0,""subsample"":0.9,""tweedie_variance_power"":null}",ok,757,2.5667823002784287,2.7092856072161773,2.5402906208718625,2.412931191958497,1.0104286018256736,1.1228192566142503,4.205130499787629,
551ebe6b0b9f76c73f62,home,xgboost,all,"{""colsample_bytree"":0.9,""learning_rate"":0.05,""max_depth"":3,""min_child_weight"":1.0,""n_estimators"":500,""objective"":""reg:tweedie"",""reg_lambda"":1.0,""subsample"":0.9,""tweedie_variance_power"":1.5}",ok,757,2.5668883724445712,2.709987948062184,2.5402906208718625,2.412931191958497,1.010470357743391,1.1231103303292191,4.50631899992004,
d65baca416dbe5eed16c,home,hist_gradient_boosting,dratings_only,"{""l2_regularization"":5.0,""learning_rate"":0.025,""loss"":""poisson"",""max_iter"":300,""max_leaf_nodes"":31,""min_samples_leaf"":30}",ok,757,2.719860226264343,2.710481194471977,2.5402906208718625,2.412931191958497,1.0706886070109765,1.123314748263488,15.094738400075585,
9d6b8cd7400e56d37fc4,home,hist_gradient_boosting,dratings_only,"{""l2_regularization"":0.0,""learning_rate"":0.025,""loss"":""poisson"",""max_iter"":300,""max_leaf_nodes"":31,""min_samples_leaf"":30}",ok,757,2.71587244084594,2.71050754040828,2.5402906208718625,2.412931191958497,1.0691187923662904,1.123325666907331,14.846760299988093,
bb735363bcd3856c7899,home,lightgbm,pitcher_only,"{""colsample_bytree"":0.9,""learning_rate"":0.05,""min_child_samples"":30,""n_estimators"":500,""num_leaves"":15,""objective"":""poisson"",""reg_lambda"":1.0,""subsample"":0.9,""tweedie_variance_power"":null}",ok,757,2.6312478594839046,2.71144845300313,2.5402906208718625,2.412931191958497,1.0358058396408298,1.1237156127947172,0.8979012002237141,
81999f3241bb10e8eb63,home,hist_gradient_boosting,dratings_plus_pitcher,"{""l2_regularization"":0.0,""learning_rate"":0.025,""loss"":""squared_error"",""max_iter"":300,""max_leaf_nodes"":31,""min_samples_leaf"":30}",ok,757,2.6726670500303804,2.712055934874574,2.5402906208718625,2.412931191958497,1.052110742003639,1.1239673737539475,6.173725700005889,
39ec6d5ac726fcff5fcf,home,hist_gradient_boosting,dratings_only,"{""l2_regularization"":5.0,""learning_rate"":0.05,""loss"":""squared_error"",""max_iter"":300,""max_leaf_nodes"":15,""min_samples_leaf"":30}",ok,757,2.706072058704257,2.712443602021079,2.5402906208718625,2.412931191958497,1.0652608156209686,1.1241280360835644,9.2521087997593,
88473cc00585032b9d37,home,lightgbm,no_dratings,"{""colsample_bytree"":0.9,""learning_rate"":0.025,""min_child_samples"":30,""n_estimators"":500,""num_leaves"":15,""objective"":""tweedie"",""reg_lambda"":1.0,""subsample"":0.9,""tweedie_variance_power"":1.5}",ok,757,2.577087822095949,2.713857806878581,2.5402906208718625,2.412931191958497,1.0144854297070378,1.1247141302342036,2.0019950000569224,
8bc35f7c6c07a00af548,home,hist_gradient_boosting,dratings_plus_bullpen,"{""l2_regularization"":0.0,""learning_rate"":0.1,""loss"":""squared_error"",""max_iter"":300,""max_leaf_nodes"":31,""min_samples_leaf"":10}",ok,757,2.6689049018106887,2.7145616820031333,2.5402906208718625,2.412931191958497,1.0506297507387892,1.1250058398059055,3.519268900156021,
60b56888c22fbda00278,home,hist_gradient_boosting,all,"{""l2_regularization"":5.0,""learning_rate"":0.05,""loss"":""poisson"",""max_iter"":300,""max_leaf_nodes"":31,""min_samples_leaf"":30}",ok,757,2.562870476788324,2.714569308230266,2.5402906208718625,2.412931191958497,1.008888690030557,1.1250090003714277,7.71010380005464,
b7054164ada9453ffe20,home,hist_gradient_boosting,dratings_plus_bullpen,"{""l2_regularization"":0.0,""learning_rate"":0.05,""loss"":""poisson"",""max_iter"":300,""max_leaf_nodes"":15,""min_samples_leaf"":30}",ok,757,2.5945672658321324,2.7156911030335977,2.5402906208718625,2.412931191958497,1.0213663131746875,1.1254739099416091,3.023245499935001,
798ed9db550662a563a8,home,xgboost,all,"{""colsample_bytree"":0.9,""learning_rate"":0.05,""max_depth"":3,""min_child_weight"":5.0,""n_estimators"":500,""objective"":""reg:tweedie"",""reg_lambda"":1.0,""subsample"":0.9,""tweedie_variance_power"":1.5}",ok,757,2.581895779587004,2.7158297754202563,2.5402906208718625,2.412931191958497,1.0163781098010205,1.1255313804518008,5.505329899955541,
055d79f66e5d68fdddb0,home,xgboost,all,"{""colsample_bytree"":0.9,""learning_rate"":0.05,""max_depth"":6,""min_child_weight"":5.0,""n_estimators"":500,""objective"":""count:poisson"",""reg_lambda"":1.0,""subsample"":0.9,""tweedie_variance_power"":null}",ok,757,2.5447238934087317,2.7160942868921265,2.5402906208718625,2.412931191958497,1.0017451832087414,1.125641002919591,12.394073800183833,
25990efd694f01fb2f61,home,lightgbm,all,"{""colsample_bytree"":0.9,""learning_rate"":0.1,""min_child_samples"":30,""n_estimators"":500,""num_leaves"":15,""objective"":""poisson"",""reg_lambda"":1.0,""subsample"":0.9,""tweedie_variance_power"":null}",ok,757,2.598606761500687,2.717006104185152,2.5402906208718625,2.412931191958497,1.0229564838564849,1.12601889073341,1.9735914999619129,
1b5b490feed9aa5bd36a,home,lightgbm,all,"{""colsample_bytree"":0.9,""learning_rate"":0.1,""min_child_samples"":10,""n_estimators"":500,""num_leaves"":15,""objective"":""regression"",""reg_lambda"":1.0,""subsample"":0.9,""tweedie_variance_power"":null}",ok,757,2.778779700301225,2.7171550706958163,2.5402906208718625,2.412931191958497,1.0938825965304355,1.1260806274754942,3.306569500360638,
a0446fd4d6ec121667ff,home,hist_gradient_boosting,dratings_only,"{""l2_regularization"":5.0,""learning_rate"":0.025,""loss"":""squared_error"",""max_iter"":300,""max_leaf_nodes"":31,""min_samples_leaf"":10}",ok,757,2.714532125251737,2.71862400006133,2.5402906208718625,2.412931191958497,1.0685911694308712,1.1266894013064304,18.862825199961662,
9c11e4541bedc3bdd289,home,hist_gradient_boosting,dratings_only,"{""l2_regularization"":0.0,""learning_rate"":0.05,""loss"":""squared_error"",""max_iter"":300,""max_leaf_nodes"":15,""min_samples_leaf"":30}",ok,757,2.7153831899935748,2.7195782882769617,2.5402906208718625,2.412931191958497,1.0689261959569092,1.1270848905018171,9.02401589974761,
7c11082ddff8960f4c0f,home,lightgbm,all,"{""colsample_bytree"":0.9,""learning_rate"":0.1,""min_child_samples"":10,""n_estimators"":500,""num_leaves"":31,""objective"":""regression"",""reg_lambda"":1.0,""subsample"":0.9,""tweedie_variance_power"":null}",ok,757,2.774944613787713,2.7199519962897463,2.5402906208718625,2.412931191958497,1.092372892687103,1.1272397676960073,6.793577800039202,
4df231d1f8911acf57ea,home,hist_gradient_boosting,dratings_only,"{""l2_regularization"":0.0,""learning_rate"":0.025,""loss"":""poisson"",""max_iter"":300,""max_leaf_nodes"":31,""min_samples_leaf"":10}",ok,757,2.709992025839808,2.7212589760124164,2.5402906208718625,2.412931191958497,1.0668039332089103,1.127781424137362,17.43416089983657,
58ff15d07d6055028d79,home,lightgbm,dratings_only,"{""colsample_bytree"":0.9,""learning_rate"":0.025,""min_child_samples"":10,""n_estimators"":500,""num_leaves"":15,""objective"":""tweedie"",""reg_lambda"":1.0,""subsample"":0.9,""tweedie_variance_power"":1.5}",ok,757,2.674587256371898,2.7216136000757083,2.5402906208718625,2.412931191958497,1.0528666422639246,1.1279283922997672,0.9025563998147844,
54f55486bceae02d5191,home,lightgbm,bullpen_only,"{""colsample_bytree"":0.9,""learning_rate"":0.025,""min_child_samples"":30,""n_estimators"":500,""num_leaves"":31,""objective"":""regression"",""reg_lambda"":1.0,""subsample"":0.9,""tweedie_variance_power"":null}",ok,757,2.642171730791353,2.722854700995247,2.5402906208718625,2.412931191958497,1.0401060843520824,1.1284427463450355,1.6622430998831987,
429509681d133799210f,home,hist_gradient_boosting,dratings_plus_pitcher,"{""l2_regularization"":0.0,""learning_rate"":0.05,""loss"":""squared_error"",""max_iter"":300,""max_leaf_nodes"":15,""min_samples_leaf"":10}",ok,757,2.704448142222001,2.7235072101614315,2.5402906208718625,2.412931191958497,1.064621551566331,1.128713168132594,3.3530679997056723,
cca06a328d4733e50cba,home,hist_gradient_boosting,all,"{""l2_regularization"":0.0,""learning_rate"":0.1,""loss"":""squared_error"",""max_iter"":300,""max_leaf_nodes"":31,""min_samples_leaf"":30}",ok,757,2.699035918181917,2.724806234678525,2.5402906208718625,2.412931191958497,1.0624909984730686,1.1292515276686732,3.637933500111103,
227a12896e38eaab60ea,home,hist_gradient_boosting,all,"{""l2_regularization"":5.0,""learning_rate"":0.1,""loss"":""poisson"",""max_iter"":300,""max_leaf_nodes"":15,""min_samples_leaf"":10}",ok,757,2.56594990392173,2.72516944113793,2.5402906208718625,2.412931191958497,1.0101009242167185,1.129402052665248,2.514310899656266,
dea6a8162e0edd09110c,home,lightgbm,dratings_plus_bullpen,"{""colsample_bytree"":0.9,""learning_rate"":0.025,""min_child_samples"":10,""n_estimators"":500,""num_leaves"":15,""objective"":""tweedie"",""reg_lambda"":1.0,""subsample"":0.9,""tweedie_variance_power"":1.5}",ok,757,2.5862344226891247,2.7255304624067964,2.5402906208718625,2.412931191958497,1.0180860415890107,1.1295516720452243,1.3999393000267446,
63d49ef999c3ff673a6d,home,xgboost,pitcher_only,"{""colsample_bytree"":0.9,""learning_rate"":0.025,""max_depth"":6,""min_child_weight"":5.0,""n_estimators"":500,""objective"":""reg:squarederror"",""reg_lambda"":1.0,""subsample"":0.9,""tweedie_variance_power"":null}",ok,757,2.755282776831321,2.7259654625442824,2.5402906208718625,2.412931191958497,1.0846328975877846,1.1297319507613914,5.350078499875963,
82764c41b7d58a871405,home,hist_gradient_boosting,bullpen_only,"{""l2_regularization"":0.0,""learning_rate"":0.05,""loss"":""poisson"",""max_iter"":300,""max_leaf_nodes"":15,""min_samples_leaf"":10}",ok,757,2.5939023761001607,2.726253997020327,2.5402906208718625,2.412931191958497,1.0211045755110877,1.1298515291716695,2.161377599928528,
bc5c9dd888b356bdc365,home,xgboost,dratings_plus_pitcher,"{""colsample_bytree"":0.9,""learning_rate"":0.05,""max_depth"":3,""min_child_weight"":1.0,""n_estimators"":500,""objective"":""reg:squarederror"",""reg_lambda"":1.0,""subsample"":0.9,""tweedie_variance_power"":null}",ok,757,2.753443052463204,2.7267735267534814,2.5402906208718625,2.412931191958497,1.0839086795187964,1.1300668398008684,3.070202600210905,
7ffff22ac4018328f68a,home,lightgbm,dratings_only,"{""colsample_bytree"":0.9,""learning_rate"":0.025,""min_child_samples"":30,""n_estimators"":500,""num_leaves"":15,""objective"":""regression"",""reg_lambda"":1.0,""subsample"":0.9,""tweedie_variance_power"":null}",ok,757,2.712223441233539,2.727001678152846,2.5402906208718625,2.412931191958497,1.0676823427008784,1.1301613934293038,0.9584671999327838,
cb23c645560e70d1ec58,home,lightgbm,all,"{""colsample_bytree"":0.9,""learning_rate"":0.1,""min_child_samples"":10,""n_estimators"":500,""num_leaves"":15,""objective"":""poisson"",""reg_lambda"":1.0,""subsample"":0.9,""tweedie_variance_power"":null}",ok,757,2.5908203951451103,2.727182857854757,2.5402906208718625,2.412931191958497,1.0198913359983612,1.130236480403402,1.8845080002211037,
be4c9c3471eced989f57,home,hist_gradient_boosting,dratings_plus_bullpen,"{""l2_regularization"":5.0,""learning_rate"":0.1,""loss"":""squared_error"",""max_iter"":300,""max_leaf_nodes"":15,""min_samples_leaf"":10}",ok,757,2.674599873232728,2.7273497447192128,2.5402906208718625,2.412931191958497,1.0528716089636896,1.130305643944,1.8721171002835035,
d8cb97c6b79cc99aaa2c,home,lightgbm,all,"{""colsample_bytree"":0.9,""learning_rate"":0.1,""min_child_samples"":30,""n_estimators"":500,""num_leaves"":31,""objective"":""regression"",""reg_lambda"":1.0,""subsample"":0.9,""tweedie_variance_power"":null}",ok,757,2.712202507718665,2.728012909853869,2.5402906208718625,2.412931191958497,1.0676741021024594,1.1305804819239915,5.596451399847865,
2022d78dbbba0c20480c,home,xgboost,pitcher_only,"{""colsample_bytree"":0.9,""learning_rate"":0.05,""max_depth"":3,""min_child_weight"":5.0,""n_estimators"":500,""objective"":""reg:squarederror"",""reg_lambda"":1.0,""subsample"":0.9,""tweedie_variance_power"":null}",ok,757,2.748335297702956,2.728394834009628,2.5402906208718625,2.412931191958497,1.0818979825070918,1.1307387641647082,2.5767196998931468,
3a2947aacc409eeaa113,home,hist_gradient_boosting,pitcher_only,"{""l2_regularization"":0.0,""learning_rate"":0.025,""loss"":""squared_error"",""max_iter"":300,""max_leaf_nodes"":31,""min_samples_leaf"":10}",ok,757,2.7438711472236856,2.728838147847578,2.5402906208718625,2.412931191958497,1.0801406440188923,1.1309224883585136,7.193618400022388,
50e973b906f94e91b7bb,home,lightgbm,dratings_plus_bullpen,"{""colsample_bytree"":0.9,""learning_rate"":0.05,""min_child_samples"":10,""n_estimators"":500,""num_leaves"":31,""objective"":""regression"",""reg_lambda"":1.0,""subsample"":0.9,""tweedie_variance_power"":null}",ok,757,2.690914693380626,2.7300125339908967,2.5402906208718625,2.412931191958497,1.059294031663616,1.1314091935522763,2.88034710008651,
c105d5004fff14181599,home,xgboost,no_dratings_prob,"{""colsample_bytree"":0.9,""learning_rate"":0.05,""max_depth"":3,""min_child_weight"":1.0,""n_estimators"":500,""objective"":""reg:tweedie"",""reg_lambda"":1.0,""subsample"":0.9,""tweedie_variance_power"":1.5}",ok,757,2.575478345431299,2.730126507150503,2.5402906208718625,2.412931191958497,1.0138518499695754,1.131456427870431,4.112841499969363,
b855f59e45a91e6e4440,home,lightgbm,bullpen_only,"{""colsample_bytree"":0.9,""learning_rate"":0.1,""min_child_samples"":10,""n_estimators"":500,""num_leaves"":31,""objective"":""regression"",""reg_lambda"":1.0,""subsample"":0.9,""tweedie_variance_power"":null}",ok,757,2.6811851333668035,2.730803328280712,2.5402906208718625,2.412931191958497,1.0554639344558867,1.1317369253551768,1.9439916000701487,
fea6ece7ec33a8afab35,home,hist_gradient_boosting,no_dratings,"{""l2_regularization"":0.0,""learning_rate"":0.1,""loss"":""squared_error"",""max_iter"":300,""max_leaf_nodes"":15,""min_samples_leaf"":30}",ok,757,2.7159021110262507,2.731596201792978,2.5402906208718625,2.412931191958497,1.0691304722032615,1.1320655188579294,2.9909175001084805,
12ff96a7983e03077c4a,home,hist_gradient_boosting,bullpen_only,"{""l2_regularization"":0.0,""learning_rate"":0.1,""loss"":""squared_error"",""max_iter"":300,""max_leaf_nodes"":15,""min_samples_leaf"":10}",ok,757,2.672494600906372,2.731848494555411,2.5402906208718625,2.412931191958497,1.0520428564150408,1.132170077480767,2.4702335000038147,
38c8a5e56e955fd3d918,home,hist_gradient_boosting,dratings_only,"{""l2_regularization"":0.0,""learning_rate"":0.025,""loss"":""squared_error"",""max_iter"":300,""max_leaf_nodes"":31,""min_samples_leaf"":30}",ok,757,2.722816862841948,2.733849954324766,2.5402906208718625,2.412931191958497,1.071852503989264,1.132999549856948,16.135669199749827,
048da34dece15114cb54,home,lightgbm,no_dratings,"{""colsample_bytree"":0.9,""learning_rate"":0.1,""min_child_samples"":30,""n_estimators"":500,""num_leaves"":15,""objective"":""regression"",""reg_lambda"":1.0,""subsample"":0.9,""tweedie_variance_power"":null}",ok,757,2.68299438072918,2.7339520427059183,2.5402906208718625,2.412931191958497,1.0561761550764373,1.1330418587224027,1.557894999627024,
42981535c2e7bd53d04d,home,hist_gradient_boosting,pitcher_only,"{""l2_regularization"":5.0,""learning_rate"":0.025,""loss"":""poisson"",""max_iter"":300,""max_leaf_nodes"":31,""min_samples_leaf"":10}",ok,757,2.611957332345894,2.7353476836709856,2.5402906208718625,2.412931191958497,1.028212012785149,1.1336202593704272,6.875709999818355,
b235d63a345ad560523a,home,hist_gradient_boosting,bullpen_only,"{""l2_regularization"":5.0,""learning_rate"":0.05,""loss"":""poisson"",""max_iter"":300,""max_leaf_nodes"":15,""min_samples_leaf"":30}",ok,757,2.5977109645579564,2.736186640166673,2.5402906208718625,2.412931191958497,1.0226038482425237,1.1339679512144731,3.0827314001508057,
f82d54909ee8dfb389d3,home,hist_gradient_boosting,pitcher_only,"{""l2_regularization"":0.0,""learning_rate"":0.025,""loss"":""poisson"",""max_iter"":300,""max_leaf_nodes"":31,""min_samples_leaf"":10}",ok,757,2.630181305877709,2.7379012417812065,2.5402906208718625,2.412931191958497,1.0353859846850888,1.1346785399043815,7.080071999691427,
9675177d95aa552306d5,home,hist_gradient_boosting,no_dratings_prob,"{""l2_regularization"":5.0,""learning_rate"":0.05,""loss"":""poisson"",""max_iter"":300,""max_leaf_nodes"":31,""min_samples_leaf"":10}",ok,757,2.565270502639856,2.737973627593512,2.5402906208718625,2.412931191958497,1.0098334739981127,1.1347085390243508,8.81086859991774,
f938cbb07074df5cf04a,home,hist_gradient_boosting,all,"{""l2_regularization"":0.0,""learning_rate"":0.05,""loss"":""poisson"",""max_iter"":300,""max_leaf_nodes"":31,""min_samples_leaf"":30}",ok,757,2.573413036638696,2.738163455962036,2.5402906208718625,2.412931191958497,1.013038829295628,1.134787210297347,7.374034200329333,
382d468499f9ee0a1745,home,xgboost,no_dratings,"{""colsample_bytree"":0.9,""learning_rate"":0.05,""max_depth"":6,""min_child_weight"":1.0,""n_estimators"":500,""objective"":""count:poisson"",""reg_lambda"":1.0,""subsample"":0.9,""tweedie_variance_power"":null}",ok,757,2.5520522173991136,2.7381915795556395,2.5402906208718625,2.412931191958497,1.0046300200577891,1.1347988656622816,7.288490499835461,
fb6a5655cfcc6723b25c,home,hist_gradient_boosting,dratings_plus_pitcher,"{""l2_regularization"":5.0,""learning_rate"":0.05,""loss"":""squared_error"",""max_iter"":300,""max_leaf_nodes"":15,""min_samples_leaf"":30}",ok,757,2.6974822682259973,2.73840448667775,2.5402906208718625,2.412931191958497,1.0618793952402912,1.1348871015485018,4.005794799886644,
102b5edd5ab86cf2ab6b,home,hist_gradient_boosting,bullpen_only,"{""l2_regularization"":0.0,""learning_rate"":0.025,""loss"":""poisson"",""max_iter"":300,""max_leaf_nodes"":31,""min_samples_leaf"":10}",ok,757,2.592587512558725,2.7384805135486974,2.5402906208718625,2.412931191958497,1.0205869719224936,1.1349186096458734,7.322490099817514,
46ae95b2491ecf80592a,home,hist_gradient_boosting,no_dratings,"{""l2_regularization"":0.0,""learning_rate"":0.1,""loss"":""squared_error"",""max_iter"":300,""max_leaf_nodes"":15,""min_samples_leaf"":10}",ok,757,2.796021626134855,2.7386560270982727,2.5402906208718625,2.412931191958497,1.100669979710913,1.1349913483754983,2.9125667000189424,
e17e480b3a89b38f9fd2,home,hist_gradient_boosting,dratings_plus_pitcher,"{""l2_regularization"":5.0,""learning_rate"":0.05,""loss"":""poisson"",""max_iter"":300,""max_leaf_nodes"":15,""min_samples_leaf"":30}",ok,757,2.609588265664096,2.7393716218306787,2.5402906208718625,2.412931191958497,1.0272794160726575,1.1352879149476371,3.329681900329888,
527d7ca6ff8bd6033de9,home,xgboost,all,"{""colsample_bytree"":0.9,""learning_rate"":0.1,""max_depth"":3,""min_child_weight"":5.0,""n_estimators"":500,""objective"":""reg:squarederror"",""reg_lambda"":1.0,""subsample"":0.9,""tweedie_variance_power"":null}",ok,757,2.7841875628719555,2.7399516899207823,2.5402906208718625,2.412931191958497,1.096011432706225,1.135528314712055,3.688802199903876,
c8b926a9a1994a3db2e3,home,hist_gradient_boosting,dratings_only,"{""l2_regularization"":0.0,""learning_rate"":0.05,""loss"":""poisson"",""max_iter"":300,""max_leaf_nodes"":15,""min_samples_leaf"":10}",ok,757,2.7334704956136933,2.7401968621883657,2.5402906208718625,2.412931191958497,1.0760463677480845,1.135629922361871,8.454283899627626,
b77355b611898d65b1c1,home,xgboost,dratings_plus_pitcher,"{""colsample_bytree"":0.9,""learning_rate"":0.1,""max_depth"":3,""min_child_weight"":5.0,""n_estimators"":500,""objective"":""count:poisson"",""reg_lambda"":1.0,""subsample"":0.9,""tweedie_variance_power"":null}",ok,757,2.649646514866752,2.7414097081863384,2.5402906208718625,2.412931191958497,1.0430485760551906,1.1361325666154725,3.207378900144249,
7632c14595f83f6e32c3,home,lightgbm,dratings_plus_pitcher,"{""colsample_bytree"":0.9,""learning_rate"":0.05,""min_child_samples"":10,""n_estimators"":500,""num_leaves"":31,""objective"":""regression"",""reg_lambda"":1.0,""subsample"":0.9,""tweedie_variance_power"":null}",ok,757,2.748379155904675,2.742933705902988,2.5402906208718625,2.412931191958497,1.0819152475402178,1.1367641626268832,2.1933232001028955,
01a1dec1aa4701a8c7d9,home,hist_gradient_boosting,no_dratings_prob,"{""l2_regularization"":0.0,""learning_rate"":0.05,""loss"":""poisson"",""max_iter"":300,""max_leaf_nodes"":31,""min_samples_leaf"":30}",ok,757,2.556060502211558,2.7432286095800773,2.5402906208718625,2.412931191958497,1.006207904406734,1.1368863806487115,10.839120800141243,
92a582251f747986ba06,home,hist_gradient_boosting,bullpen_only,"{""l2_regularization"":0.0,""learning_rate"":0.05,""loss"":""poisson"",""max_iter"":300,""max_leaf_nodes"":15,""min_samples_leaf"":30}",ok,757,2.599649383253745,2.7433945220958624,2.5402906208718625,2.412931191958497,1.0233669179007203,1.1369551403863858,2.1650784998200834,
8516b4b70883ec8c9342,home,lightgbm,no_dratings,"{""colsample_bytree"":0.9,""learning_rate"":0.05,""min_child_samples"":10,""n_estimators"":500,""num_leaves"":31,""objective"":""poisson"",""reg_lambda"":1.0,""subsample"":0.9,""tweedie_variance_power"":null}",ok,757,2.5845244299214976,2.744066880057512,2.5402906208718625,2.412931191958497,1.0174128931100228,1.137233788183675,3.804721700027585,
7fb4a9088c472384074d,home,hist_gradient_boosting,bullpen_only,"{""l2_regularization"":5.0,""learning_rate"":0.1,""loss"":""squared_error"",""max_iter"":300,""max_leaf_nodes"":31,""min_samples_leaf"":10}",ok,757,2.6649643302333867,2.7443078483902896,2.5402906208718625,2.412931191958497,1.0490785220939542,1.1373336535812382,5.459886000026017,
184156050a02cd96956b,home,xgboost,all,"{""colsample_bytree"":0.9,""learning_rate"":0.1,""max_depth"":3,""min_child_weight"":1.0,""n_estimators"":500,""objective"":""reg:squarederror"",""reg_lambda"":1.0,""subsample"":0.9,""tweedie_variance_power"":null}",ok,757,2.8054365204693936,2.745828584764353,2.5402906208718625,2.412931191958497,1.1043762069658507,1.1379638979823763,3.9072165000252426,
67f94887771cb295f191,home,xgboost,dratings_plus_pitcher,"{""colsample_bytree"":0.9,""learning_rate"":0.1,""max_depth"":3,""min_child_weight"":1.0,""n_estimators"":500,""objective"":""count:poisson"",""reg_lambda"":1.0,""subsample"":0.9,""tweedie_variance_power"":null}",ok,757,2.654810461453119,2.7462667433451164,2.5402906208718625,2.412931191958497,1.045081393302138,1.138145485663875,3.1111814002506435,
6c9db314deb24521dda2,home,xgboost,pitcher_only,"{""colsample_bytree"":0.9,""learning_rate"":0.1,""max_depth"":3,""min_child_weight"":5.0,""n_estimators"":500,""objective"":""count:poisson"",""reg_lambda"":1.0,""subsample"":0.9,""tweedie_variance_power"":null}",ok,757,2.675622320946803,2.747828739416307,2.5402906208718625,2.412931191958497,1.053274101381555,1.138792829473925,2.7563893999904394,
78dff059fa11cb9cd065,home,xgboost,pitcher_only,"{""colsample_bytree"":0.9,""learning_rate"":0.025,""max_depth"":6,""min_child_weight"":1.0,""n_estimators"":500,""objective"":""reg:squarederror"",""reg_lambda"":1.0,""subsample"":0.9,""tweedie_variance_power"":null}",ok,757,2.780629327621611,2.7484145027991005,2.5402906208718625,2.412931191958497,1.0946107129534892,1.1390355895595607,5.18560570012778,
1b57470fdddf5be8b00a,home,hist_gradient_boosting,dratings_only,"{""l2_regularization"":0.0,""learning_rate"":0.025,""loss"":""squared_error"",""max_iter"":300,""max_leaf_nodes"":31,""min_samples_leaf"":10}",ok,757,2.7279687377541104,2.750385816667335,2.5402906208718625,2.412931191958497,1.073880569152294,1.1398525684584222,18.44865670008585,
4e65a7736785211c1145,home,lightgbm,all,"{""colsample_bytree"":0.9,""learning_rate"":0.1,""min_child_samples"":30,""n_estimators"":500,""num_leaves"":31,""objective"":""poisson"",""reg_lambda"":1.0,""subsample"":0.9,""tweedie_variance_power"":null}",ok,757,2.5434844362271942,2.751416780898483,2.5402906208718625,2.412931191958497,1.0012572637670234,1.140279834778566,2.4446539003401995,
3d10c60db27004e1275c,home,hist_gradient_boosting,all,"{""l2_regularization"":0.0,""learning_rate"":0.1,""loss"":""squared_error"",""max_iter"":300,""max_leaf_nodes"":15,""min_samples_leaf"":30}",ok,757,2.7344030232961503,2.7515623335327297,2.5402906208718625,2.412931191958497,1.0764134626288018,1.1403401566952172,7.613111999817192,
cd5ce3a535d6570f608f,home,hist_gradient_boosting,no_dratings,"{""l2_regularization"":0.0,""learning_rate"":0.1,""loss"":""squared_error"",""max_iter"":300,""max_leaf_nodes"":31,""min_samples_leaf"":30}",ok,757,2.711419541130203,2.752538970946664,2.5402906208718625,2.412931191958497,1.0673658828058057,1.1407449081515326,5.478707799687982,
72e8a8c2e47219f46da6,home,lightgbm,dratings_plus_pitcher,"{""colsample_bytree"":0.9,""learning_rate"":0.025,""min_child_samples"":30,""n_estimators"":500,""num_leaves"":15,""objective"":""tweedie"",""reg_lambda"":1.0,""subsample"":0.9,""tweedie_variance_power"":1.5}",ok,757,2.6080066924547296,2.752926202473504,2.5402906208718625,2.412931191958497,1.0266568206907074,1.14090538994568,1.0021734000183642,
19001943d4af582c0967,home,hist_gradient_boosting,dratings_plus_bullpen,"{""l2_regularization"":5.0,""learning_rate"":0.1,""loss"":""squared_error"",""max_iter"":300,""max_leaf_nodes"":31,""min_samples_leaf"":10}",ok,757,2.6901530894398515,2.753734352246854,2.5402906208718625,2.412931191958497,1.0589942218959791,1.1412403144458247,3.8164502000436182,
d5d7695e57fadbb858df,home,xgboost,no_dratings_prob,"{""colsample_bytree"":0.9,""learning_rate"":0.05,""max_depth"":6,""min_child_weight"":5.0,""n_estimators"":500,""objective"":""count:poisson"",""reg_lambda"":1.0,""subsample"":0.9,""tweedie_variance_power"":null}",ok,757,2.54960772588042,2.75450690253627,2.5402906208718625,2.412931191958497,1.0036677319248457,1.14156048532015,7.770068799611181,
b7f5928b7c5fb2a8ca81,home,hist_gradient_boosting,dratings_plus_bullpen,"{""l2_regularization"":5.0,""learning_rate"":0.05,""loss"":""squared_error"",""max_iter"":300,""max_leaf_nodes"":31,""min_samples_leaf"":30}",ok,757,2.6825871549085387,2.7546939303693727,2.5402906208718625,2.412931191958497,1.056015848292129,1.141637995956892,4.759680100250989,
73c4ea116113f79fc34a,home,hist_gradient_boosting,dratings_plus_bullpen,"{""l2_regularization"":0.0,""learning_rate"":0.1,""loss"":""squared_error"",""max_iter"":300,""max_leaf_nodes"":15,""min_samples_leaf"":10}",ok,757,2.664508886162137,2.755198995822016,2.5402906208718625,2.412931191958497,1.0488992339182204,1.1418473121008108,2.1725920997560024,
6f4717ad9be8f2f113be,home,xgboost,pitcher_only,"{""colsample_bytree"":0.9,""learning_rate"":0.1,""max_depth"":3,""min_child_weight"":1.0,""n_estimators"":500,""objective"":""count:poisson"",""reg_lambda"":1.0,""subsample"":0.9,""tweedie_variance_power"":null}",ok,757,2.678597134753294,2.755505026141786,2.5402906208718625,2.412931191958497,1.054445153930444,1.1419741413783262,2.774206100031733,
30543b50ae092f3392aa,home,hist_gradient_boosting,dratings_plus_pitcher,"{""l2_regularization"":5.0,""learning_rate"":0.05,""loss"":""poisson"",""max_iter"":300,""max_leaf_nodes"":15,""min_samples_leaf"":10}",ok,757,2.623483429974259,2.7559107469876505,2.5402906208718625,2.412931191958497,1.0327493273481614,1.1421422857693544,4.751544099766761,
79227832c11210d9f83f,home,extra_trees,dratings_only,"{""criterion"":""poisson"",""max_depth"":null,""max_features"":1.0,""max_samples"":null,""min_samples_leaf"":2,""n_estimators"":400}",ok,757,2.7580826315194487,2.7577790900065184,2.5402906208718625,2.412931191958497,1.0857350764743747,1.1429165900781943,3.2117830999195576,
91d9ac16c2ca30bd2b11,home,lightgbm,no_dratings,"{""colsample_bytree"":0.9,""learning_rate"":0.1,""min_child_samples"":10,""n_estimators"":500,""num_leaves"":15,""objective"":""poisson"",""reg_lambda"":1.0,""subsample"":0.9,""tweedie_variance_power"":null}",ok,757,2.61032423897212,2.75786573093676,2.5402906208718625,2.412931191958497,1.027569136194433,1.1429524969994236,1.8115517999976876,
45f18d94a8ffca3f922f,home,lightgbm,no_dratings_prob,"{""colsample_bytree"":0.9,""learning_rate"":0.1,""min_child_samples"":30,""n_estimators"":500,""num_leaves"":31,""objective"":""poisson"",""reg_lambda"":1.0,""subsample"":0.9,""tweedie_variance_power"":null}",ok,757,2.561415295129838,2.758104477775428,2.5402906208718625,2.412931191958497,1.008315849408886,1.143051441734965,2.605980900116265,
c70cfc6a7f99bb8e0ce2,home,hist_gradient_boosting,bullpen_only,"{""l2_regularization"":5.0,""learning_rate"":0.05,""loss"":""squared_error"",""max_iter"":300,""max_leaf_nodes"":15,""min_samples_leaf"":30}",ok,757,2.6644287933142445,2.759033036498177,2.5402906208718625,2.412931191958497,1.0488677049084156,1.143436267761436,1.924203600268811,
1d028feee68af9628504,home,extra_trees,dratings_only,"{""criterion"":""squared_error"",""max_depth"":null,""max_features"":1.0,""max_samples"":null,""min_samples_leaf"":2,""n_estimators"":400}",ok,757,2.7549047821296497,2.760216159827237,2.5402906208718625,2.412931191958497,1.0844840978014274,1.1439265939394072,3.15296610025689,
5b67bed933ade6d86751,home,xgboost,no_dratings_prob,"{""colsample_bytree"":0.9,""learning_rate"":0.05,""max_depth"":6,""min_child_weight"":1.0,""n_estimators"":500,""objective"":""count:poisson"",""reg_lambda"":1.0,""subsample"":0.9,""tweedie_variance_power"":null}",ok,757,2.5491958039282494,2.7602434283168096,2.5402906208718625,2.412931191958497,1.0035055764813754,1.1439378949204144,7.206277400255203,
13d689866bfa59de3cff,home,hist_gradient_boosting,pitcher_only,"{""l2_regularization"":5.0,""learning_rate"":0.05,""loss"":""poisson"",""max_iter"":300,""max_leaf_nodes"":15,""min_samples_leaf"":10}",ok,757,2.5949916659552814,2.760552438276405,2.5402906208718625,2.412931191958497,1.0215333807218658,1.144065959061085,3.5790611002594237,
31dae557448c9df5f8a5,home,lightgbm,pitcher_only,"{""colsample_bytree"":0.9,""learning_rate"":0.025,""min_child_samples"":30,""n_estimators"":500,""num_leaves"":15,""objective"":""regression"",""reg_lambda"":1.0,""subsample"":0.9,""tweedie_variance_power"":null}",ok,757,2.694383247949068,2.761266589241663,2.5402906208718625,2.412931191958497,1.060659448100595,1.144361927287464,0.9861227003857492,
192bef8a15d78fc2f4f0,home,lightgbm,pitcher_only,"{""colsample_bytree"":0.9,""learning_rate"":0.05,""min_child_samples"":30,""n_estimators"":500,""num_leaves"":31,""objective"":""poisson"",""reg_lambda"":1.0,""subsample"":0.9,""tweedie_variance_power"":null}",ok,757,2.623479889093516,2.7615294362265046,2.5402906208718625,2.412931191958497,1.0327479334601095,1.1444708599357372,2.05884819990024,
bc908488ab9cd9e6183d,home,hist_gradient_boosting,dratings_plus_pitcher,"{""l2_regularization"":0.0,""learning_rate"":0.05,""loss"":""poisson"",""max_iter"":300,""max_leaf_nodes"":15,""min_samples_leaf"":10}",ok,757,2.62228625864747,2.76162812825228,2.5402906208718625,2.412931191958497,1.0322780539761491,1.144511761237069,4.864335999824107,
d0600b9c81c4a6b1783b,home,lightgbm,no_dratings,"{""colsample_bytree"":0.9,""learning_rate"":0.1,""min_child_samples"":30,""n_estimators"":500,""num_leaves"":15,""objective"":""poisson"",""reg_lambda"":1.0,""subsample"":0.9,""tweedie_variance_power"":null}",ok,757,2.604901908668652,2.7623217189891087,2.5402906208718625,2.412931191958497,1.0254346047125165,1.144799208611922,1.6976594999432564,
7356850a653842fe8177,home,hist_gradient_boosting,dratings_plus_pitcher,"{""l2_regularization"":0.0,""learning_rate"":0.05,""loss"":""poisson"",""max_iter"":300,""max_leaf_nodes"":15,""min_samples_leaf"":30}",ok,757,2.619785991842374,2.762655148993536,2.5402906208718625,2.412931191958497,1.0312938095812154,1.1449373932421083,3.0393774998374283,
2098c4a535fd7a05bd72,home,xgboost,dratings_plus_bullpen,"{""colsample_bytree"":0.9,""learning_rate"":0.05,""max_depth"":3,""min_child_weight"":5.0,""n_estimators"":500,""objective"":""reg:tweedie"",""reg_lambda"":1.0,""subsample"":0.9,""tweedie_variance_power"":1.5}",ok,757,2.5927111067891597,2.762744451100312,2.5402906208718625,2.412931191958497,1.0206356255015048,1.1449744030445737,2.926899500191212,
fb9167e2cc644f07e212,home,hist_gradient_boosting,dratings_plus_bullpen,"{""l2_regularization"":5.0,""learning_rate"":0.05,""loss"":""poisson"",""max_iter"":300,""max_leaf_nodes"":15,""min_samples_leaf"":30}",ok,757,2.620947163412945,2.762873877566201,2.5402906208718625,2.412931191958497,1.0317509114423296,1.1450280417336174,3.4614401003345847,
0590b87ffbfb43548274,home,xgboost,all,"{""colsample_bytree"":0.9,""learning_rate"":0.05,""max_depth"":6,""min_child_weight"":1.0,""n_estimators"":500,""objective"":""count:poisson"",""reg_lambda"":1.0,""subsample"":0.9,""tweedie_variance_power"":null}",ok,757,2.5516754925014795,2.7630637857034546,2.5402906208718625,2.412931191958497,1.004481720137088,1.1451067460654634,10.65373450005427,
2c5081d542f7f58abbe2,home,hist_gradient_boosting,dratings_plus_pitcher,"{""l2_regularization"":5.0,""learning_rate"":0.05,""loss"":""squared_error"",""max_iter"":300,""max_leaf_nodes"":31,""min_samples_leaf"":30}",ok,757,2.7233416227187086,2.76543126537318,2.5402906208718625,2.412931191958497,1.0720590787301416,1.146087909422966,5.612071100156754,
0d9baf432885d5327601,home,lightgbm,pitcher_only,"{""colsample_bytree"":0.9,""learning_rate"":0.025,""min_child_samples"":10,""n_estimators"":500,""num_leaves"":15,""objective"":""regression"",""reg_lambda"":1.0,""subsample"":0.9,""tweedie_variance_power"":null}",ok,757,2.754275022738094,2.7657053795539364,2.5402906208718625,2.412931191958497,1.084236189398199,1.1462015115769233,1.0819294997490942,
709b24fc51439ee9ffcb,home,xgboost,no_dratings,"{""colsample_bytree"":0.9,""learning_rate"":0.05,""max_depth"":6,""min_child_weight"":5.0,""n_estimators"":500,""objective"":""count:poisson"",""reg_lambda"":1.0,""subsample"":0.9,""tweedie_variance_power"":null}",ok,757,2.573229354155426,2.765803171606667,2.5402906208718625,2.412931191958497,1.0129665216306072,1.146242039899097,7.743550000246614,
cee7663bc9f6d529c6cc,home,hist_gradient_boosting,no_dratings,"{""l2_regularization"":0.0,""learning_rate"":0.1,""loss"":""poisson"",""max_iter"":300,""max_leaf_nodes"":15,""min_samples_leaf"":10}",ok,757,2.5758001097103898,2.7659651160935077,2.5402906208718625,2.412931191958497,1.0139785143269708,1.1463091551518567,4.948944099713117,
616c89249512de33674c,home,lightgbm,dratings_plus_bullpen,"{""colsample_bytree"":0.9,""learning_rate"":0.025,""min_child_samples"":30,""n_estimators"":500,""num_leaves"":15,""objective"":""tweedie"",""reg_lambda"":1.0,""subsample"":0.9,""tweedie_variance_power"":1.5}",ok,757,2.588067655094377,2.7665421259634897,2.5402906208718625,2.412931191958497,1.018807704059513,1.1465482874867967,1.3085805997252464,
920bcaa220d6420bf514,home,hist_gradient_boosting,dratings_plus_pitcher,"{""l2_regularization"":5.0,""learning_rate"":0.025,""loss"":""poisson"",""max_iter"":300,""max_leaf_nodes"":31,""min_samples_leaf"":10}",ok,757,2.637638801097381,2.766553655468704,2.5402906208718625,2.412931191958497,1.0383216705307945,1.146553065702293,7.005608499981463,
1dcb7cf031222541aab1,home,lightgbm,dratings_plus_bullpen,"{""colsample_bytree"":0.9,""learning_rate"":0.1,""min_child_samples"":10,""n_estimators"":500,""num_leaves"":15,""objective"":""regression"",""reg_lambda"":1.0,""subsample"":0.9,""tweedie_variance_power"":null}",ok,757,2.7184284308480304,2.767246916726071,2.5402906208718625,2.412931191958497,1.0701249725179194,1.146840376529754,1.3785036001354456,
75b71b5265076aba8026,home,xgboost,dratings_only,"{""colsample_bytree"":0.9,""learning_rate"":0.025,""max_depth"":6,""min_child_weight"":1.0,""n_estimators"":500,""objective"":""reg:squarederror"",""reg_lambda"":1.0,""subsample"":0.9,""tweedie_variance_power"":null}",ok,757,2.762000019043251,2.7687846681384074,2.5402906208718625,2.412931191958497,1.0872771785833286,1.147477672536147,2.6955683999694884,
4e136754e0b9aaf098d4,home,lightgbm,pitcher_only,"{""colsample_bytree"":0.9,""learning_rate"":0.05,""min_child_samples"":10,""n_estimators"":500,""num_leaves"":15,""objective"":""poisson"",""reg_lambda"":1.0,""subsample"":0.9,""tweedie_variance_power"":null}",ok,757,2.6580747020176143,2.768856468678715,2.5402906208718625,2.412931191958497,1.046366380357428,1.1475074290996774,1.0536372996866703,
b28d9af01d44279f6e93,home,xgboost,dratings_only,"{""colsample_bytree"":0.9,""learning_rate"":0.025,""max_depth"":6,""min_child_weight"":5.0,""n_estimators"":500,""objective"":""reg:tweedie"",""reg_lambda"":1.0,""subsample"":0.9,""tweedie_variance_power"":1.5}",ok,757,2.675659682350713,2.7705752066447307,2.5402906208718625,2.412931191958497,1.0532888089128911,1.1482197320330323,4.950291799847037,
88819581ae884ec7dfbf,home,lightgbm,no_dratings,"{""colsample_bytree"":0.9,""learning_rate"":0.1,""min_child_samples"":10,""n_estimators"":500,""num_leaves"":15,""objective"":""regression"",""reg_lambda"":1.0,""subsample"":0.9,""tweedie_variance_power"":null}",ok,757,2.78807026042692,2.771510027324585,2.5402906208718625,2.412931191958497,1.0975398789096091,1.148607153225551,1.677524599712342,
05ea731ff7d4829c20c7,home,hist_gradient_boosting,pitcher_only,"{""l2_regularization"":5.0,""learning_rate"":0.05,""loss"":""squared_error"",""max_iter"":300,""max_leaf_nodes"":31,""min_samples_leaf"":30}",ok,757,2.712323811749645,2.771898601510027,2.5402906208718625,2.412931191958497,1.0677218541312954,1.1487681914626695,6.181180799845606,
c8719c343ef01de0efa8,home,xgboost,bullpen_only,"{""colsample_bytree"":0.9,""learning_rate"":0.1,""max_depth"":6,""min_child_weight"":5.0,""n_estimators"":500,""objective"":""reg:squarederror"",""reg_lambda"":1.0,""subsample"":0.9,""tweedie_variance_power"":null}",ok,757,2.682124974941798,2.7732035933719983,2.5402906208718625,2.412931191958497,1.055833908492429,1.1493090240675616,4.535531099885702,
5dafbefa80e1f65fb19d,home,hist_gradient_boosting,all,"{""l2_regularization"":5.0,""learning_rate"":0.1,""loss"":""poisson"",""max_iter"":300,""max_leaf_nodes"":15,""min_samples_leaf"":30}",ok,757,2.605486565358534,2.776011393624099,2.5402906208718625,2.412931191958497,1.025664758178061,1.150472671112889,5.293827200308442,
69f977b09d0068628e35,home,xgboost,dratings_plus_bullpen,"{""colsample_bytree"":0.9,""learning_rate"":0.1,""max_depth"":6,""min_child_weight"":5.0,""n_estimators"":500,""objective"":""reg:squarederror"",""reg_lambda"":1.0,""subsample"":0.9,""tweedie_variance_power"":null}",ok,757,2.700634915416118,2.777148591880809,2.5402906208718625,2.412931191958497,1.0631204529225176,1.1509439643932362,4.697955999989063,
d755341c41f50227387c,home,hist_gradient_boosting,dratings_plus_pitcher,"{""l2_regularization"":0.0,""learning_rate"":0.05,""loss"":""squared_error"",""max_iter"":300,""max_leaf_nodes"":15,""min_samples_leaf"":30}",ok,757,2.7217163930206394,2.778288189684766,2.5402906208718625,2.412931191958497,1.0714192977205534,1.1514162521268254,4.449005200061947,
a3dc05a6d21e33266412,home,hist_gradient_boosting,no_dratings_prob,"{""l2_regularization"":5.0,""learning_rate"":0.1,""loss"":""poisson"",""max_iter"":300,""max_leaf_nodes"":15,""min_samples_leaf"":10}",ok,757,2.613280688297872,2.7787648904067934,2.5402906208718625,2.412931191958497,1.0287329594599528,1.1516138129705062,3.1000179001130164,
718feb658c2c9da45bd0,home,hist_gradient_boosting,bullpen_only,"{""l2_regularization"":5.0,""learning_rate"":0.05,""loss"":""squared_error"",""max_iter"":300,""max_leaf_nodes"":31,""min_samples_leaf"":30}",ok,757,2.65673040345261,2.7789620719066512,2.5402906208718625,2.412931191958497,1.0458371895026657,1.1516955316289226,4.222619900014252,
516ecf89254c33d54708,home,lightgbm,dratings_plus_bullpen,"{""colsample_bytree"":0.9,""learning_rate"":0.05,""min_child_samples"":30,""n_estimators"":500,""num_leaves"":31,""objective"":""poisson"",""reg_lambda"":1.0,""subsample"":0.9,""tweedie_variance_power"":null}",ok,757,2.6000555100298333,2.7790508488575583,2.5402906208718625,2.412931191958497,1.0235267920398252,1.1517323237890982,2.564236399717629,
0f9ea84647220123c27a,home,hist_gradient_boosting,dratings_only,"{""l2_regularization"":0.0,""learning_rate"":0.05,""loss"":""squared_error"",""max_iter"":300,""max_leaf_nodes"":15,""min_samples_leaf"":10}",ok,757,2.731718090742876,2.7797030887179384,2.5402906208718625,2.412931191958497,1.075356523500966,1.1520026339672556,9.024566300213335,
cb9d92c0e23aff8bc04a,home,hist_gradient_boosting,bullpen_only,"{""l2_regularization"":0.0,""learning_rate"":0.1,""loss"":""squared_error"",""max_iter"":300,""max_leaf_nodes"":31,""min_samples_leaf"":10}",ok,757,2.6539228045865,2.782677008747121,2.5402906208718625,2.412931191958497,1.0447319620759128,1.1532351266463232,6.52476210007444,
fe70369bffd2cc84de9e,home,hist_gradient_boosting,pitcher_only,"{""l2_regularization"":5.0,""learning_rate"":0.05,""loss"":""poisson"",""max_iter"":300,""max_leaf_nodes"":31,""min_samples_leaf"":30}",ok,757,2.6143419946026216,2.782714883135136,2.5402906208718625,2.412931191958497,1.0291507487853275,1.1532508230690564,6.475650999695063,
e14d05fa86e1abf6161f,home,hist_gradient_boosting,pitcher_only,"{""l2_regularization"":5.0,""learning_rate"":0.05,""loss"":""poisson"",""max_iter"":300,""max_leaf_nodes"":15,""min_samples_leaf"":30}",ok,757,2.668185092969625,2.7836817141558163,2.5402906208718625,2.412931191958497,1.0503463938523174,1.153651510425539,3.7306138002313673,
38246c53f51b6546058d,home,hist_gradient_boosting,no_dratings_prob,"{""l2_regularization"":5.0,""learning_rate"":0.1,""loss"":""poisson"",""max_iter"":300,""max_leaf_nodes"":15,""min_samples_leaf"":30}",ok,757,2.6129662815824632,2.783693768400244,2.5402906208718625,2.412931191958497,1.0286091914497788,1.1536565061106492,2.735773100052029,
edfba7da26a2b36c7a09,home,xgboost,dratings_plus_pitcher,"{""colsample_bytree"":0.9,""learning_rate"":0.1,""max_depth"":6,""min_child_weight"":1.0,""n_estimators"":500,""objective"":""reg:squarederror"",""reg_lambda"":1.0,""subsample"":0.9,""tweedie_variance_power"":null}",ok,757,2.7553694972588807,2.783763124305396,2.5402906208718625,2.412931191958497,1.084667035582409,1.1536852495349883,6.502071800176054,
07da5a94518546a0f6ef,home,lightgbm,dratings_plus_bullpen,"{""colsample_bytree"":0.9,""learning_rate"":0.1,""min_child_samples"":10,""n_estimators"":500,""num_leaves"":31,""objective"":""regression"",""reg_lambda"":1.0,""subsample"":0.9,""tweedie_variance_power"":null}",ok,757,2.7018195312268447,2.7843169051465155,2.5402906208718625,2.412931191958497,1.063586783743485,1.153914754977566,2.539649300277233,
ff660185e0c498023bbd,home,hist_gradient_boosting,no_dratings,"{""l2_regularization"":5.0,""learning_rate"":0.05,""loss"":""poisson"",""max_iter"":300,""max_leaf_nodes"":31,""min_samples_leaf"":10}",ok,757,2.584949527081837,2.786154730234555,2.5402906208718625,2.412931191958497,1.0175802350498964,1.1546764116274384,6.572701700031757,
6bcd68158038a59c9aae,home,xgboost,dratings_only,"{""colsample_bytree"":0.9,""learning_rate"":0.05,""max_depth"":6,""min_child_weight"":1.0,""n_estimators"":500,""objective"":""count:poisson"",""reg_lambda"":1.0,""subsample"":0.9,""tweedie_variance_power"":null}",ok,757,2.720330220390028,2.786571189991724,2.5402906208718625,2.412931191958497,1.0708736228992466,1.1548490065852044,5.032849499955773,
9664c81c8b08d1deb6d4,home,hist_gradient_boosting,no_dratings_prob,"{""l2_regularization"":0.0,""learning_rate"":0.1,""loss"":""poisson"",""max_iter"":300,""max_leaf_nodes"":15,""min_samples_leaf"":10}",ok,757,2.6060677512891064,2.786732139881713,2.5402906208718625,2.412931191958497,1.025893545359258,1.154915709643512,4.22861190000549,
6e929ae97cb97b95f699,home,lightgbm,dratings_plus_pitcher,"{""colsample_bytree"":0.9,""learning_rate"":0.05,""min_child_samples"":30,""n_estimators"":500,""num_leaves"":31,""objective"":""regression"",""reg_lambda"":1.0,""subsample"":0.9,""tweedie_variance_power"":null}",ok,757,2.7263807878820807,2.7888449807323634,2.5402906208718625,2.412931191958497,1.0732554635604448,1.1557913420932444,1.962739999871701,
5f23660f6eebe92dbc5b,home,xgboost,dratings_plus_bullpen,"{""colsample_bytree"":0.9,""learning_rate"":0.1,""max_depth"":6,""min_child_weight"":1.0,""n_estimators"":500,""objective"":""reg:squarederror"",""reg_lambda"":1.0,""subsample"":0.9,""tweedie_variance_power"":null}",ok,757,2.720243087218019,2.78915929550335,2.5402906208718625,2.412931191958497,1.070839322425398,1.155921604726524,5.189676499925554,
3351358f7e8342e29b30,home,hist_gradient_boosting,dratings_plus_pitcher,"{""l2_regularization"":0.0,""learning_rate"":0.025,""loss"":""poisson"",""max_iter"":300,""max_leaf_nodes"":31,""min_samples_leaf"":10}",ok,757,2.643341149195253,2.7901401519829667,2.5402906208718625,2.412931191958497,1.0405664326265245,1.1563281047058378,8.540824099909514,
1063be2d791544b4b21a,home,lightgbm,bullpen_only,"{""colsample_bytree"":0.9,""learning_rate"":0.05,""min_child_samples"":30,""n_estimators"":500,""num_leaves"":31,""objective"":""poisson"",""reg_lambda"":1.0,""subsample"":0.9,""tweedie_variance_power"":null}",ok,757,2.606250734053868,2.7911464198773106,2.5402906208718625,2.412931191958497,1.0259655775760674,1.1567451360317609,1.5949270999990404,
8d5a506dc92e2e98456d,home,xgboost,dratings_only,"{""colsample_bytree"":0.9,""learning_rate"":0.05,""max_depth"":6,""min_child_weight"":5.0,""n_estimators"":500,""objective"":""count:poisson"",""reg_lambda"":1.0,""subsample"":0.9,""tweedie_variance_power"":null}",ok,757,2.723299071369902,2.791459299888872,2.5402906208718625,2.412931191958497,1.072042328147174,1.156874804052384,5.044320399872959,
4c52eccf60df51c6b10f,home,xgboost,no_dratings_prob,"{""colsample_bytree"":0.9,""learning_rate"":0.1,""max_depth"":3,""min_child_weight"":5.0,""n_estimators"":500,""objective"":""reg:squarederror"",""reg_lambda"":1.0,""subsample"":0.9,""tweedie_variance_power"":null}",ok,757,2.821898148861397,2.792532778152365,2.5402906208718625,2.412931191958497,1.1108564215746637,1.157319689620224,4.452668000012636,
303b8d62894caa2f3761,home,lightgbm,dratings_only,"{""colsample_bytree"":0.9,""learning_rate"":0.1,""min_child_samples"":30,""n_estimators"":500,""num_leaves"":15,""objective"":""poisson"",""reg_lambda"":1.0,""subsample"":0.9,""tweedie_variance_power"":null}",ok,757,2.75266537072785,2.792572006647997,2.5402906208718625,2.412931191958497,1.0836025406349363,1.1573359472307865,0.9058035998605192,
0111bfe537488bad4cd1,home,xgboost,dratings_plus_pitcher,"{""colsample_bytree"":0.9,""learning_rate"":0.1,""max_depth"":6,""min_child_weight"":5.0,""n_estimators"":500,""objective"":""reg:squarederror"",""reg_lambda"":1.0,""subsample"":0.9,""tweedie_variance_power"":null}",ok,757,2.751929638880247,2.7927325178710283,2.5402906208718625,2.412931191958497,1.083312915565443,1.1574024684907236,4.903468000236899,
d97e7b52fef89f3133ba,home,hist_gradient_boosting,pitcher_only,"{""l2_regularization"":5.0,""learning_rate"":0.05,""loss"":""squared_error"",""max_iter"":300,""max_leaf_nodes"":31,""min_samples_leaf"":10}",ok,757,2.781617730205584,2.793448606008812,2.5402906208718625,2.412931191958497,1.0949998033102584,1.157699239546678,9.225025999825448,
16a480284fddf24d28f4,home,hist_gradient_boosting,dratings_plus_pitcher,"{""l2_regularization"":0.0,""learning_rate"":0.05,""loss"":""squared_error"",""max_iter"":300,""max_leaf_nodes"":31,""min_samples_leaf"":30}",ok,757,2.698741172932332,2.794423573801857,2.5402906208718625,2.412931191958497,1.0623749703118954,1.1581032990558324,4.942524199839681,
d7c8157e992983783c8c,home,lightgbm,bullpen_only,"{""colsample_bytree"":0.9,""learning_rate"":0.025,""min_child_samples"":10,""n_estimators"":500,""num_leaves"":15,""objective"":""tweedie"",""reg_lambda"":1.0,""subsample"":0.9,""tweedie_variance_power"":1.5}",ok,757,2.6152510275828296,2.794899797465292,2.5402906208718625,2.412931191958497,1.0295085948414988,1.158300662190356,1.150587800424546,
4f5b1a963d10b3c42099,home,xgboost,pitcher_only,"{""colsample_bytree"":0.9,""learning_rate"":0.05,""max_depth"":6,""min_child_weight"":1.0,""n_estimators"":500,""objective"":""reg:squarederror"",""reg_lambda"":1.0,""subsample"":0.9,""tweedie_variance_power"":null}",ok,757,2.8103029219288493,2.7949242819143088,2.5402906208718625,2.412931191958497,1.1062918938638269,1.158310809371137,5.082353400066495,
2be54d9d2a837b555b31,home,xgboost,bullpen_only,"{""colsample_bytree"":0.9,""learning_rate"":0.1,""max_depth"":6,""min_child_weight"":1.0,""n_estimators"":500,""objective"":""reg:squarederror"",""reg_lambda"":1.0,""subsample"":0.9,""tweedie_variance_power"":null}",ok,757,2.679506768835425,2.7954843621139616,2.5402906208718625,2.412931191958497,1.0548032366138416,1.1585429254801745,7.450623900163919,
289057392f632d380c4c,home,xgboost,pitcher_only,"{""colsample_bytree"":0.9,""learning_rate"":0.05,""max_depth"":3,""min_child_weight"":1.0,""n_estimators"":500,""objective"":""reg:squarederror"",""reg_lambda"":1.0,""subsample"":0.9,""tweedie_variance_power"":null}",ok,757,2.812551991627742,2.797674002860159,2.5402906208718625,2.412931191958497,1.1071772530744677,1.159450386394723,3.094651400111616,
15c73d040a5dc0dcb88b,home,lightgbm,dratings_plus_pitcher,"{""colsample_bytree"":0.9,""learning_rate"":0.05,""min_child_samples"":10,""n_estimators"":500,""num_leaves"":15,""objective"":""regression"",""reg_lambda"":1.0,""subsample"":0.9,""tweedie_variance_power"":null}",ok,757,2.755898012430236,2.7976794382800096,2.5402906208718625,2.412931191958497,1.0848750886165828,1.1594526390158788,0.9563804999925196,
8ad5ccbf67e523600d6f,home,hist_gradient_boosting,pitcher_only,"{""l2_regularization"":5.0,""learning_rate"":0.05,""loss"":""squared_error"",""max_iter"":300,""max_leaf_nodes"":15,""min_samples_leaf"":30}",ok,757,2.702812515110141,2.7996615471479718,2.5402906208718625,2.412931191958497,1.0639776775550582,1.160274091726411,3.982425599824637,
07bf5db2d27ffa144b95,home,lightgbm,bullpen_only,"{""colsample_bytree"":0.9,""learning_rate"":0.025,""min_child_samples"":30,""n_estimators"":500,""num_leaves"":15,""objective"":""tweedie"",""reg_lambda"":1.0,""subsample"":0.9,""tweedie_variance_power"":1.5}",ok,757,2.6103921219082014,2.8000205987410003,2.5402906208718625,2.412931191958497,1.0275958587022924,1.1604228948063435,1.0007085003890095,
391560a98651625767d2,home,xgboost,dratings_plus_bullpen,"{""colsample_bytree"":0.9,""learning_rate"":0.05,""max_depth"":3,""min_child_weight"":1.0,""n_estimators"":500,""objective"":""reg:tweedie"",""reg_lambda"":1.0,""subsample"":0.9,""tweedie_variance_power"":1.5}",ok,757,2.6070037047960644,2.8004935565301965,2.5402906208718625,2.412931191958497,1.0262619888354765,1.1606189044525252,2.8360494999215007,
0fa49e7154da8e05af47,home,lightgbm,pitcher_only,"{""colsample_bytree"":0.9,""learning_rate"":0.025,""min_child_samples"":30,""n_estimators"":500,""num_leaves"":31,""objective"":""regression"",""reg_lambda"":1.0,""subsample"":0.9,""tweedie_variance_power"":null}",ok,757,2.7345689818853263,2.800571691722393,2.5402906208718625,2.412931191958497,1.076478793181067,1.1606512863092713,904.1023909999058,
18f94cf342976a639129,home,hist_gradient_boosting,pitcher_only,"{""l2_regularization"":0.0,""learning_rate"":0.05,""loss"":""squared_error"",""max_iter"":300,""max_leaf_nodes"":15,""min_samples_leaf"":10}",ok,757,2.7598655442552302,2.8006488343029927,2.5402906208718625,2.412931191958497,1.0864369303178416,1.1606832567943215,3.5529825002886355,
9b791b1a5d6ff020d24d,home,hist_gradient_boosting,dratings_plus_pitcher,"{""l2_regularization"":0.0,""learning_rate"":0.05,""loss"":""poisson"",""max_iter"":300,""max_leaf_nodes"":31,""min_samples_leaf"":30}",ok,757,2.6137620195624334,2.800787699094593,2.5402906208718625,2.412931191958497,1.0289224382780875,1.160740807043605,7.993418800178915,
109a54d64e78e61807dc,home,hist_gradient_boosting,bullpen_only,"{""l2_regularization"":5.0,""learning_rate"":0.1,""loss"":""squared_error"",""max_iter"":300,""max_leaf_nodes"":15,""min_samples_leaf"":10}",ok,757,2.6977202056244107,2.801078622856581,2.5402906208718625,2.412931191958497,1.0619730606644195,1.160861375654495,2.579701399896294,
3c28e2cf59c5359821cf,home,hist_gradient_boosting,bullpen_only,"{""l2_regularization"":0.0,""learning_rate"":0.05,""loss"":""squared_error"",""max_iter"":300,""max_leaf_nodes"":31,""min_samples_leaf"":30}",ok,757,2.6809079253836376,2.8017172441196148,2.5402906208718625,2.412931191958497,1.0553548099404129,1.161126041826975,3.892707200255245,
e0bf2706cc240507074f,home,hist_gradient_boosting,pitcher_only,"{""l2_regularization"":0.0,""learning_rate"":0.05,""loss"":""poisson"",""max_iter"":300,""max_leaf_nodes"":15,""min_samples_leaf"":30}",ok,757,2.650990379506569,2.802329574812271,2.5402906208718625,2.412931191958497,1.043577596092809,1.1613798123011174,3.694839600007981,
5e5c0bc480fc20421be9,home,lightgbm,dratings_plus_pitcher,"{""colsample_bytree"":0.9,""learning_rate"":0.1,""min_child_samples"":30,""n_estimators"":500,""num_leaves"":15,""objective"":""poisson"",""reg_lambda"":1.0,""subsample"":0.9,""tweedie_variance_power"":null}",ok,757,2.63293316487386,2.803494275341437,2.5402906208718625,2.412931191958497,1.036469269791738,1.1618625034499772,0.9612370999529958,
5549a34c284af790da75,home,xgboost,pitcher_only,"{""colsample_bytree"":0.9,""learning_rate"":0.05,""max_depth"":6,""min_child_weight"":5.0,""n_estimators"":500,""objective"":""reg:squarederror"",""reg_lambda"":1.0,""subsample"":0.9,""tweedie_variance_power"":null}",ok,757,2.808778601719492,2.8036989803843784,2.5402906208718625,2.412931191958497,1.1056918364543191,1.1619473401181857,4.720175600145012,
cbc3194022a160f26108,home,lightgbm,dratings_plus_pitcher,"{""colsample_bytree"":0.9,""learning_rate"":0.05,""min_child_samples"":10,""n_estimators"":500,""num_leaves"":31,""objective"":""poisson"",""reg_lambda"":1.0,""subsample"":0.9,""tweedie_variance_power"":null}",ok,757,2.607860959788039,2.803769711523719,2.5402906208718625,2.412931191958497,1.0265994521890511,1.1619766534859168,2.06042050011456,
5de53dc6246d737c833a,home,hist_gradient_boosting,dratings_plus_pitcher,"{""l2_regularization"":5.0,""learning_rate"":0.05,""loss"":""poisson"",""max_iter"":300,""max_leaf_nodes"":31,""min_samples_leaf"":30}",ok,757,2.6156211359252057,2.8051812694081386,2.5402906208718625,2.412931191958497,1.0296542901172028,1.1625616506417098,11.936025699600576,
9ced7ff7fa5c2ed9b271,home,hist_gradient_boosting,all,"{""l2_regularization"":5.0,""learning_rate"":0.05,""loss"":""poisson"",""max_iter"":300,""max_leaf_nodes"":31,""min_samples_leaf"":10}",ok,757,2.605430587661381,2.8053018736695736,2.5402906208718625,2.412931191958497,1.0256427222359157,1.1626116331119256,14.865255000069736,
95f888e2a192c56911d8,home,lightgbm,pitcher_only,"{""colsample_bytree"":0.9,""learning_rate"":0.025,""min_child_samples"":10,""n_estimators"":500,""num_leaves"":31,""objective"":""regression"",""reg_lambda"":1.0,""subsample"":0.9,""tweedie_variance_power"":null}",ok,757,2.788948370715726,2.8077876853948798,2.5402906208718625,2.412931191958497,1.0978855520706212,1.1636418372609665,2.12764889979735,
68ff6fae724da53d31a5,home,hist_gradient_boosting,dratings_plus_pitcher,"{""l2_regularization"":5.0,""learning_rate"":0.1,""loss"":""squared_error"",""max_iter"":300,""max_leaf_nodes"":15,""min_samples_leaf"":10}",ok,757,2.7352536268545453,2.808090947497372,2.5402906208718625,2.412931191958497,1.0767483076073276,1.163767519295955,4.254863299895078,
e24238225aeeba53648e,home,hist_gradient_boosting,dratings_plus_pitcher,"{""l2_regularization"":5.0,""learning_rate"":0.1,""loss"":""squared_error"",""max_iter"":300,""max_leaf_nodes"":31,""min_samples_leaf"":10}",ok,757,2.753902142027421,2.8082551088785697,2.5402906208718625,2.412931191958497,1.0840894027637848,1.1638355533044442,6.376933000050485,
c3b8f0e18c3d61d0b4fa,home,xgboost,bullpen_only,"{""colsample_bytree"":0.9,""learning_rate"":0.05,""max_depth"":6,""min_child_weight"":5.0,""n_estimators"":500,""objective"":""count:poisson"",""reg_lambda"":1.0,""subsample"":0.9,""tweedie_variance_power"":null}",ok,757,2.6120611390632877,2.808820571988839,2.5402906208718625,2.412931191958497,1.0282528768959482,1.1640699002730417,5.24640000006184,
379e4d4facd2d9bcfdca,home,hist_gradient_boosting,pitcher_only,"{""l2_regularization"":0.0,""learning_rate"":0.05,""loss"":""squared_error"",""max_iter"":300,""max_leaf_nodes"":31,""min_samples_leaf"":30}",ok,757,2.7338772980821844,2.810593021556876,2.5402906208718625,2.412931191958497,1.076206507877386,1.1648044631043168,6.440037199761719,
1c2a25fd3da0641d4214,home,hist_gradient_boosting,dratings_plus_bullpen,"{""l2_regularization"":0.0,""learning_rate"":0.05,""loss"":""squared_error"",""max_iter"":300,""max_leaf_nodes"":31,""min_samples_leaf"":30}",ok,757,2.6832817276570378,2.810956307943093,2.5402906208718625,2.412931191958497,1.0562892708457503,1.164955021225256,4.280539799947292,
5b178700d226913b7451,home,hist_gradient_boosting,dratings_plus_pitcher,"{""l2_regularization"":5.0,""learning_rate"":0.1,""loss"":""squared_error"",""max_iter"":300,""max_leaf_nodes"":15,""min_samples_leaf"":30}",ok,757,2.735505698152207,2.8110163320261,2.5402906208718625,2.412931191958497,1.0768475369221118,1.1649798972280223,4.422838100232184,
67de4c928c89d1df280d,home,hist_gradient_boosting,dratings_only,"{""l2_regularization"":0.0,""learning_rate"":0.1,""loss"":""poisson"",""max_iter"":300,""max_leaf_nodes"":15,""min_samples_leaf"":30}",ok,757,2.755376736965268,2.8115059180826907,2.5402906208718625,2.412931191958497,1.0846698855344294,1.1651827981885732,8.930529800243676,
febf024a659fbaebdb0f,home,xgboost,bullpen_only,"{""colsample_bytree"":0.9,""learning_rate"":0.05,""max_depth"":3,""min_child_weight"":5.0,""n_estimators"":500,""objective"":""reg:tweedie"",""reg_lambda"":1.0,""subsample"":0.9,""tweedie_variance_power"":1.5}",ok,757,2.623352885561229,2.811658986147424,2.5402906208718625,2.412931191958497,1.0326979377898338,1.1652462347528827,2.7078241002745926,
e8c7d7e181c0bd19222f,home,hist_gradient_boosting,all,"{""l2_regularization"":0.0,""learning_rate"":0.1,""loss"":""poisson"",""max_iter"":300,""max_leaf_nodes"":15,""min_samples_leaf"":30}",ok,757,2.6261129655060818,2.812391059618625,2.5402906208718625,2.412931191958497,1.0337844591201788,1.1655496306696995,3.373121399898082,
b88f5710ae313dd90e63,home,hist_gradient_boosting,dratings_plus_pitcher,"{""l2_regularization"":5.0,""learning_rate"":0.1,""loss"":""squared_error"",""max_iter"":300,""max_leaf_nodes"":31,""min_samples_leaf"":30}",ok,757,2.7376775685030204,2.8125129037649,2.5402906208718625,2.412931191958497,1.0777025061657757,1.1656001269899765,5.444449599832296,
d104494d920cc56d9e2e,home,lightgbm,dratings_plus_pitcher,"{""colsample_bytree"":0.9,""learning_rate"":0.1,""min_child_samples"":10,""n_estimators"":500,""num_leaves"":31,""objective"":""regression"",""reg_lambda"":1.0,""subsample"":0.9,""tweedie_variance_power"":null}",ok,757,2.814330737015626,2.812826311767125,2.5402906208718625,2.412931191958497,1.1078774664174875,1.1657300138277238,2.4651000001467764,
5e1548185427816e06aa,home,xgboost,bullpen_only,"{""colsample_bytree"":0.9,""learning_rate"":0.05,""max_depth"":6,""min_child_weight"":1.0,""n_estimators"":500,""objective"":""count:poisson"",""reg_lambda"":1.0,""subsample"":0.9,""tweedie_variance_power"":null}",ok,757,2.6043315026687663,2.812954369312276,2.5402906208718625,2.412931191958497,1.0252100611129775,1.1657830851898818,4.739723599981517,
563518f5f79bd66e3a57,home,hist_gradient_boosting,pitcher_only,"{""l2_regularization"":0.0,""learning_rate"":0.05,""loss"":""poisson"",""max_iter"":300,""max_leaf_nodes"":15,""min_samples_leaf"":10}",ok,757,2.6412658390796038,2.814779749314751,2.5402906208718625,2.412931191958497,1.03974947487429,1.1665395841769055,3.780347499996424,
d3c91b496c88b9f5b5a6,home,lightgbm,dratings_plus_pitcher,"{""colsample_bytree"":0.9,""learning_rate"":0.05,""min_child_samples"":30,""n_estimators"":500,""num_leaves"":15,""objective"":""regression"",""reg_lambda"":1.0,""subsample"":0.9,""tweedie_variance_power"":null}",ok,757,2.7429887312584715,2.815760932161274,2.5402906208718625,2.412931191958497,1.0797932759036208,1.166946219413664,1.0573883997276423,
8b36b175c710a1403d0f,home,hist_gradient_boosting,no_dratings,"{""l2_regularization"":5.0,""learning_rate"":0.1,""loss"":""poisson"",""max_iter"":300,""max_leaf_nodes"":15,""min_samples_leaf"":30}",ok,757,2.624200193633376,2.8172546115592034,2.5402906208718625,2.412931191958497,1.0330314854812612,1.1675652504920917,4.693794700317085,
0c27d524b2f823e9c3cb,home,lightgbm,dratings_only,"{""colsample_bytree"":0.9,""learning_rate"":0.05,""min_child_samples"":30,""n_estimators"":500,""num_leaves"":15,""objective"":""tweedie"",""reg_lambda"":1.0,""subsample"":0.9,""tweedie_variance_power"":1.5}",ok,757,2.731671499606511,2.818453506377879,2.5402906208718625,2.412931191958497,1.0753381826324122,1.1680621129068471,0.8634650995954871,
0b153ccbe9f2c4cf9c3a,home,lightgbm,dratings_only,"{""colsample_bytree"":0.9,""learning_rate"":0.1,""min_child_samples"":10,""n_estimators"":500,""num_leaves"":15,""objective"":""poisson"",""reg_lambda"":1.0,""subsample"":0.9,""tweedie_variance_power"":null}",ok,757,2.7662898549081545,2.819217307407956,2.5402906208718625,2.412931191958497,1.088965897121931,1.1683786577932584,1.0400160998106005,
cbb06bfaeaa6463fb52b,home,lightgbm,dratings_plus_bullpen,"{""colsample_bytree"":0.9,""learning_rate"":0.05,""min_child_samples"":30,""n_estimators"":500,""num_leaves"":15,""objective"":""regression"",""reg_lambda"":1.0,""subsample"":0.9,""tweedie_variance_power"":null}",ok,757,2.695296173020568,2.8200969430693474,2.5402906208718625,2.412931191958497,1.0610188263008684,1.1687432084544307,1.3628128999844191,
90eea5509284c869dabc,home,lightgbm,dratings_only,"{""colsample_bytree"":0.9,""learning_rate"":0.025,""min_child_samples"":30,""n_estimators"":500,""num_leaves"":31,""objective"":""tweedie"",""reg_lambda"":1.0,""subsample"":0.9,""tweedie_variance_power"":1.5}",ok,757,2.7322294221648016,2.820207479477326,2.5402906208718625,2.412931191958497,1.0755578120534346,1.1687890184668948,1.5836738999933004,
9b9977630951afcf53f4,home,lightgbm,dratings_plus_bullpen,"{""colsample_bytree"":0.9,""learning_rate"":0.05,""min_child_samples"":30,""n_estimators"":500,""num_leaves"":31,""objective"":""regression"",""reg_lambda"":1.0,""subsample"":0.9,""tweedie_variance_power"":null}",ok,757,2.69712635654668,2.8202825266152702,2.5402906208718625,2.412931191958497,1.0617392885625776,1.1688201205298936,2.3914267998188734,
a8b76d92cb0262ad30ed,home,lightgbm,dratings_only,"{""colsample_bytree"":0.9,""learning_rate"":0.05,""min_child_samples"":30,""n_estimators"":500,""num_leaves"":31,""objective"":""poisson"",""reg_lambda"":1.0,""subsample"":0.9,""tweedie_variance_power"":null}",ok,757,2.7704312746830158,2.820988095801556,2.5402906208718625,2.412931191958497,1.0905961908138548,1.1691125321778664,1.5688408999703825,
3fa87a4c14dcc206cc01,home,lightgbm,no_dratings,"{""colsample_bytree"":0.9,""learning_rate"":0.1,""min_child_samples"":30,""n_estimators"":500,""num_leaves"":31,""objective"":""poisson"",""reg_lambda"":1.0,""subsample"":0.9,""tweedie_variance_power"":null}",ok,757,2.582193587833544,2.8215698814521515,2.5402906208718625,2.412931191958497,1.016495343728545,1.1693536437572327,3.224207499995828,
6d0fcf1c3adf768e37bf,home,lightgbm,no_dratings_prob,"{""colsample_bytree"":0.9,""learning_rate"":0.025,""min_child_samples"":30,""n_estimators"":500,""num_leaves"":31,""objective"":""tweedie"",""reg_lambda"":1.0,""subsample"":0.9,""tweedie_variance_power"":1.5}",ok,757,2.5812715345444714,2.821716223690712,2.5402906208718625,2.412931191958497,1.0161323721529718,1.1694142929125206,2.898614500183612,
c542772590c05db5b9e9,home,lightgbm,bullpen_only,"{""colsample_bytree"":0.9,""learning_rate"":0.1,""min_child_samples"":10,""n_estimators"":500,""num_leaves"":15,""objective"":""regression"",""reg_lambda"":1.0,""subsample"":0.9,""tweedie_variance_power"":null}",ok,757,2.71553724024707,2.8242624860221035,2.5402906208718625,2.412931191958497,1.0689868387244057,1.1704695498298658,0.9417090001516044,
cfdaf131d4f11077f638,home,hist_gradient_boosting,dratings_only,"{""l2_regularization"":5.0,""learning_rate"":0.1,""loss"":""poisson"",""max_iter"":300,""max_leaf_nodes"":15,""min_samples_leaf"":30}",ok,757,2.7563432482715338,2.8245796043373823,2.5402906208718625,2.412931191958497,1.0850503582639373,1.1706009743463774,8.991973599884659,
2f1c0c4f3d2571913299,home,lightgbm,all,"{""colsample_bytree"":0.9,""learning_rate"":0.025,""min_child_samples"":30,""n_estimators"":500,""num_leaves"":31,""objective"":""tweedie"",""reg_lambda"":1.0,""subsample"":0.9,""tweedie_variance_power"":1.5}",ok,757,2.565115304785296,2.824609110994205,2.5402906208718625,2.412931191958497,1.0097723794708626,1.170613202899318,2.6075015999376774,
8d03449ec5ba4401a416,home,hist_gradient_boosting,pitcher_only,"{""l2_regularization"":0.0,""learning_rate"":0.05,""loss"":""squared_error"",""max_iter"":300,""max_leaf_nodes"":31,""min_samples_leaf"":10}",ok,757,2.783251487335717,2.82503341333261,2.5402906208718625,2.412931191958497,1.0956429411924795,1.1707890480870375,8.707717299927026,
7509eac4e128582eb250,home,lightgbm,dratings_plus_bullpen,"{""colsample_bytree"":0.9,""learning_rate"":0.1,""min_child_samples"":10,""n_estimators"":500,""num_leaves"":15,""objective"":""poisson"",""reg_lambda"":1.0,""subsample"":0.9,""tweedie_variance_power"":null}",ok,757,2.621546182489927,2.825070540348939,2.5402906208718625,2.412931191958497,1.0319867187440848,1.1708044347737585,1.458274899981916,
f73724f9002799e36206,home,hist_gradient_boosting,no_dratings_prob,"{""l2_regularization"":0.0,""learning_rate"":0.05,""loss"":""poisson"",""max_iter"":300,""max_leaf_nodes"":31,""min_samples_leaf"":10}",ok,757,2.5998050098115764,2.827477647692657,2.5402906208718625,2.412931191958497,1.0234281811894763,1.171802021174788,5.5916905999183655,
b0811e8af0d7668cda44,home,xgboost,bullpen_only,"{""colsample_bytree"":0.9,""learning_rate"":0.05,""max_depth"":3,""min_child_weight"":1.0,""n_estimators"":500,""objective"":""reg:tweedie"",""reg_lambda"":1.0,""subsample"":0.9,""tweedie_variance_power"":1.5}",ok,757,2.62857367096363,2.8283453699999344,2.5402906208718625,2.412931191958497,1.034753129963322,1.1721616345405437,2.6223876997828484,
6fc137250dad57485209,home,lightgbm,dratings_plus_bullpen,"{""colsample_bytree"":0.9,""learning_rate"":0.1,""min_child_samples"":30,""n_estimators"":500,""num_leaves"":15,""objective"":""poisson"",""reg_lambda"":1.0,""subsample"":0.9,""tweedie_variance_power"":null}",ok,757,2.626711033383073,2.828613256392964,2.5402906208718625,2.412931191958497,1.0340198919765922,1.1722726556893943,1.4787312000989914,
a28b1587ed5d6a1db103,home,xgboost,no_dratings_prob,"{""colsample_bytree"":0.9,""learning_rate"":0.1,""max_depth"":3,""min_child_weight"":1.0,""n_estimators"":500,""objective"":""reg:squarederror"",""reg_lambda"":1.0,""subsample"":0.9,""tweedie_variance_power"":null}",ok,757,2.842565194815594,2.829807962135141,2.5402906208718625,2.412931191958497,1.1189921229721294,1.172767782009681,4.44263089960441,
2e3617182b919b94cf82,home,hist_gradient_boosting,all,"{""l2_regularization"":0.0,""learning_rate"":0.1,""loss"":""poisson"",""max_iter"":300,""max_leaf_nodes"":15,""min_samples_leaf"":10}",ok,757,2.6265107685985294,2.831726963810422,2.5402906208718625,2.412931191958497,1.0339410565933889,1.1735630809728983,5.862229399848729,
27034e0bc888d3e90017,home,lightgbm,dratings_plus_bullpen,"{""colsample_bytree"":0.9,""learning_rate"":0.05,""min_child_samples"":10,""n_estimators"":500,""num_leaves"":31,""objective"":""poisson"",""reg_lambda"":1.0,""subsample"":0.9,""tweedie_variance_power"":null}",ok,757,2.6034669296681683,2.8318435016548897,2.5402906208718625,2.412931191958497,1.0248697169832572,1.1736113781828876,2.850727800279856,
19fc7c9c37baaaca352e,home,hist_gradient_boosting,dratings_plus_pitcher,"{""l2_regularization"":5.0,""learning_rate"":0.05,""loss"":""poisson"",""max_iter"":300,""max_leaf_nodes"":31,""min_samples_leaf"":10}",ok,757,2.607538432391852,2.834053457361393,2.5402906208718625,2.412931191958497,1.0264724874262257,1.1745272583015869,5.84416429977864,
0a31a80cb39e3ee00382,home,lightgbm,bullpen_only,"{""colsample_bytree"":0.9,""learning_rate"":0.05,""min_child_samples"":30,""n_estimators"":500,""num_leaves"":31,""objective"":""regression"",""reg_lambda"":1.0,""subsample"":0.9,""tweedie_variance_power"":null}",ok,757,2.70006515491231,2.835556503385476,2.5402906208718625,2.412931191958497,1.0628961634262188,1.1751501712255408,1.7178099998272955,
261c579b316d34ec4e32,home,hist_gradient_boosting,pitcher_only,"{""l2_regularization"":0.0,""learning_rate"":0.05,""loss"":""squared_error"",""max_iter"":300,""max_leaf_nodes"":15,""min_samples_leaf"":30}",ok,757,2.715604141613838,2.83676502151896,2.5402906208718625,2.412931191958497,1.0690131748318643,1.175651021866252,4.055430100299418,
fa4a6adf79aa89761779,home,lightgbm,dratings_plus_pitcher,"{""colsample_bytree"":0.9,""learning_rate"":0.025,""min_child_samples"":10,""n_estimators"":500,""num_leaves"":15,""objective"":""tweedie"",""reg_lambda"":1.0,""subsample"":0.9,""tweedie_variance_power"":1.5}",ok,757,2.641606355898619,2.838320434928449,2.5402906208718625,2.412931191958497,1.0398835212767834,1.1762956375994615,0.9897575001232326,
6b607727c5d6b9a75800,home,hist_gradient_boosting,dratings_plus_pitcher,"{""l2_regularization"":0.0,""learning_rate"":0.1,""loss"":""squared_error"",""max_iter"":300,""max_leaf_nodes"":15,""min_samples_leaf"":30}",ok,757,2.749669624004845,2.8394836860499417,2.5402906208718625,2.412931191958497,1.082423247723176,1.1767777280649374,4.035125399939716,
99b72108e5a7e47fb28a,home,lightgbm,pitcher_only,"{""colsample_bytree"":0.9,""learning_rate"":0.025,""min_child_samples"":30,""n_estimators"":500,""num_leaves"":15,""objective"":""tweedie"",""reg_lambda"":1.0,""subsample"":0.9,""tweedie_variance_power"":1.5}",ok,757,2.6411658703592416,2.8408771026010675,2.5402906208718625,2.412931191958497,1.0397101216130764,1.1773552068408637,1.100911700166762,
70506ee73b16d9c79725,home,hist_gradient_boosting,no_dratings,"{""l2_regularization"":0.0,""learning_rate"":0.1,""loss"":""poisson"",""max_iter"":300,""max_leaf_nodes"":15,""min_samples_leaf"":30}",ok,757,2.6120166686638093,2.8412725412465054,2.5402906208718625,2.412931191958497,1.0282353708676566,1.177519089941532,4.813324699643999,
f7567cfefc4f85230c2e,home,hist_gradient_boosting,dratings_only,"{""l2_regularization"":0.0,""learning_rate"":0.05,""loss"":""poisson"",""max_iter"":300,""max_leaf_nodes"":31,""min_samples_leaf"":30}",ok,757,2.775858040033805,2.8413127344024427,2.5402906208718625,2.412931191958497,1.0927324681776345,1.177535747339833,21.841909299604595,
f50a0a148e40987b184b,home,lightgbm,dratings_plus_pitcher,"{""colsample_bytree"":0.9,""learning_rate"":0.025,""min_child_samples"":30,""n_estimators"":500,""num_leaves"":31,""objective"":""tweedie"",""reg_lambda"":1.0,""subsample"":0.9,""tweedie_variance_power"":1.5}",ok,757,2.586569043233174,2.8417702602478867,2.5402906208718625,2.412931191958497,1.0182177668889822,1.1777253614684782,2.0061527001671493,
844bccb91422f3e8d09a,home,hist_gradient_boosting,pitcher_only,"{""l2_regularization"":5.0,""learning_rate"":0.1,""loss"":""squared_error"",""max_iter"":300,""max_leaf_nodes"":31,""min_samples_leaf"":10}",ok,757,2.8030346943932583,2.8420135076751145,2.5402906208718625,2.412931191958497,1.1034307143295354,1.1778261713995857,7.414571899920702,
1c0043b1afb455053b03,home,lightgbm,pitcher_only,"{""colsample_bytree"":0.9,""learning_rate"":0.025,""min_child_samples"":10,""n_estimators"":500,""num_leaves"":15,""objective"":""tweedie"",""reg_lambda"":1.0,""subsample"":0.9,""tweedie_variance_power"":1.5}",ok,757,2.657655326793526,2.8422488520250817,2.5402906208718625,2.412931191958497,1.0462012908906393,1.1779237060291476,1.014963099732995,
5a7ca2d28e4517094e79,home,hist_gradient_boosting,dratings_only,"{""l2_regularization"":5.0,""learning_rate"":0.05,""loss"":""poisson"",""max_iter"":300,""max_leaf_nodes"":31,""min_samples_leaf"":30}",ok,757,2.769984782672109,2.8424272171594125,2.5402906208718625,2.412931191958497,1.0904204266681157,1.1779976265515917,16.5465806000866,
bcd9b23fe503c3adf4cb,home,lightgbm,all,"{""colsample_bytree"":0.9,""learning_rate"":0.025,""min_child_samples"":10,""n_estimators"":500,""num_leaves"":15,""objective"":""tweedie"",""reg_lambda"":1.0,""subsample"":0.9,""tweedie_variance_power"":1.8}",ok,757,2.5923221543386856,2.844285554882835,2.5402906208718625,2.412931191958497,1.0204825121343657,1.1787677843288278,1.8190799998119476,
d212b5cc9cfe07f925ac,home,lightgbm,pitcher_only,"{""colsample_bytree"":0.9,""learning_rate"":0.05,""min_child_samples"":10,""n_estimators"":500,""num_leaves"":31,""objective"":""regression"",""reg_lambda"":1.0,""subsample"":0.9,""tweedie_variance_power"":null}",ok,757,2.8117571302419786,2.844880010773866,2.5402906208718625,2.412931191958497,1.1068643513225054,1.1790141468828086,2.190999499987811,
6f8a07bb64ebef8a7696,home,lightgbm,dratings_only,"{""colsample_bytree"":0.9,""learning_rate"":0.05,""min_child_samples"":10,""n_estimators"":500,""num_leaves"":31,""objective"":""poisson"",""reg_lambda"":1.0,""subsample"":0.9,""tweedie_variance_power"":null}",ok,757,2.747354577501933,2.846637664339276,2.5402906208718625,2.412931191958497,1.0815119163645153,1.1797425777519803,1.9173832000233235,
094f60c9fa37cf764a44,home,hist_gradient_boosting,no_dratings,"{""l2_regularization"":0.0,""learning_rate"":0.05,""loss"":""poisson"",""max_iter"":300,""max_leaf_nodes"":31,""min_samples_leaf"":10}",ok,757,2.602551261200896,2.846773345354232,2.5402906208718625,2.412931191958497,1.024509258829474,1.1797988085369313,5.190361499786377,
45fd27cee1ec39aa35ef,home,lightgbm,no_dratings_prob,"{""colsample_bytree"":0.9,""learning_rate"":0.05,""min_child_samples"":30,""n_estimators"":500,""num_leaves"":15,""objective"":""tweedie"",""reg_lambda"":1.0,""subsample"":0.9,""tweedie_variance_power"":1.5}",ok,757,2.5867872099078326,2.847817320065025,2.5402906208718625,2.412931191958497,1.0183036494540971,1.1802314668382836,1.708674100227654,
54c0c40f18551dd31322,home,hist_gradient_boosting,pitcher_only,"{""l2_regularization"":0.0,""learning_rate"":0.05,""loss"":""poisson"",""max_iter"":300,""max_leaf_nodes"":31,""min_samples_leaf"":30}",ok,757,2.6352301713849617,2.8485002452936548,2.5402906208718625,2.412931191958497,1.0373734996039603,1.1805144940671186,6.463020500261337,
de9cec2c371e87bb0afe,home,lightgbm,pitcher_only,"{""colsample_bytree"":0.9,""learning_rate"":0.05,""min_child_samples"":10,""n_estimators"":500,""num_leaves"":31,""objective"":""poisson"",""reg_lambda"":1.0,""subsample"":0.9,""tweedie_variance_power"":null}",ok,757,2.626754795476091,2.8497880101149677,2.5402906208718625,2.412931191958497,1.0340371191759754,1.1810481872058225,2.711276900023222,
73b4e1bb2148689b16db,home,lightgbm,no_dratings,"{""colsample_bytree"":0.9,""learning_rate"":0.025,""min_child_samples"":30,""n_estimators"":500,""num_leaves"":31,""objective"":""tweedie"",""reg_lambda"":1.0,""subsample"":0.9,""tweedie_variance_power"":1.5}",ok,757,2.5868764113461986,2.852247940907188,2.5402906208718625,2.412931191958497,1.0183387641128825,1.182067665424024,3.355092599987984,
1c90cc4e706e94d666e1,home,hist_gradient_boosting,no_dratings,"{""l2_regularization"":0.0,""learning_rate"":0.1,""loss"":""poisson"",""max_iter"":300,""max_leaf_nodes"":31,""min_samples_leaf"":30}",ok,757,2.5886239908745057,2.8539992497495223,2.5402906208718625,2.412931191958497,1.019026708836194,1.1827934668261406,7.85949489986524,
e9a21fdf8311c7d93962,home,lightgbm,bullpen_only,"{""colsample_bytree"":0.9,""learning_rate"":0.05,""min_child_samples"":30,""n_estimators"":500,""num_leaves"":15,""objective"":""regression"",""reg_lambda"":1.0,""subsample"":0.9,""tweedie_variance_power"":null}",ok,757,2.6792126153919607,2.8544461909770096,2.5402906208718625,2.412931191958497,1.0546874414205485,1.1829786943324103,0.9126721997745336,
6940a9f87984c04961e3,home,lightgbm,dratings_only,"{""colsample_bytree"":0.9,""learning_rate"":0.05,""min_child_samples"":10,""n_estimators"":500,""num_leaves"":15,""objective"":""tweedie"",""reg_lambda"":1.0,""subsample"":0.9,""tweedie_variance_power"":1.5}",ok,757,2.728276160069316,2.855257815978588,2.5402906208718625,2.412931191958497,1.074001587713194,1.1833150590842454,0.8934519002214074,
abb5563c95914a93f19a,home,xgboost,dratings_only,"{""colsample_bytree"":0.9,""learning_rate"":0.025,""max_depth"":6,""min_child_weight"":1.0,""n_estimators"":500,""objective"":""reg:tweedie"",""reg_lambda"":1.0,""subsample"":0.9,""tweedie_variance_power"":1.5}",ok,757,2.681045992135057,2.8558391392097726,2.5402906208718625,2.412931191958497,1.0554091607104723,1.183555979021425,5.0675694001838565,
2054b30da220f132a9a7,home,hist_gradient_boosting,dratings_plus_pitcher,"{""l2_regularization"":5.0,""learning_rate"":0.1,""loss"":""poisson"",""max_iter"":300,""max_leaf_nodes"":15,""min_samples_leaf"":30}",ok,757,2.654804178436112,2.857320848150782,2.5402906208718625,2.412931191958497,1.0450789199563892,1.184170049139109,5.852188099641353,
2a5cce9d679fdf58a60d,home,xgboost,pitcher_only,"{""colsample_bytree"":0.9,""learning_rate"":0.1,""max_depth"":6,""min_child_weight"":1.0,""n_estimators"":500,""objective"":""reg:squarederror"",""reg_lambda"":1.0,""subsample"":0.9,""tweedie_variance_power"":null}",ok,757,2.798366957958025,2.858598270968219,2.5402906208718625,2.412931191958497,1.1015932330599194,1.1846994562028883,4.952216699719429,
a27faa44cb47b32eca39,home,xgboost,dratings_only,"{""colsample_bytree"":0.9,""learning_rate"":0.1,""max_depth"":3,""min_child_weight"":5.0,""n_estimators"":500,""objective"":""reg:squarederror"",""reg_lambda"":1.0,""subsample"":0.9,""tweedie_variance_power"":null}",ok,757,2.76018954846944,2.8622104013373946,2.5402906208718625,2.412931191958497,1.086564476438568,1.1861964447540805,3.893821100238711,
6c089d8bab5a479a48a3,home,hist_gradient_boosting,all,"{""l2_regularization"":0.0,""learning_rate"":0.05,""loss"":""poisson"",""max_iter"":300,""max_leaf_nodes"":31,""min_samples_leaf"":10}",ok,757,2.6133971364207342,2.862354210462265,2.5402906208718625,2.412931191958497,1.0287787999326552,1.186256044101691,4.438621900044382,
cefbc1be63affbc6fa14,home,hist_gradient_boosting,dratings_plus_pitcher,"{""l2_regularization"":0.0,""learning_rate"":0.1,""loss"":""squared_error"",""max_iter"":300,""max_leaf_nodes"":31,""min_samples_leaf"":10}",ok,757,2.791015643998557,2.862608301957056,2.5402906208718625,2.412931191958497,1.098699346077435,1.1863613481798336,6.653068399988115,
77860bf4fef5a6ecfecc,home,lightgbm,dratings_only,"{""colsample_bytree"":0.9,""learning_rate"":0.05,""min_child_samples"":10,""n_estimators"":500,""num_leaves"":15,""objective"":""regression"",""reg_lambda"":1.0,""subsample"":0.9,""tweedie_variance_power"":null}",ok,757,2.776447861113412,2.8642386975156464,2.5402906208718625,2.412931191958497,1.0929646546348686,1.1870370390424758,0.9577963002957404,
5b4bb58af98263270a6a,home,xgboost,dratings_plus_bullpen,"{""colsample_bytree"":0.9,""learning_rate"":0.05,""max_depth"":6,""min_child_weight"":5.0,""n_estimators"":500,""objective"":""count:poisson"",""reg_lambda"":1.0,""subsample"":0.9,""tweedie_variance_power"":null}",ok,757,2.6067229064484096,2.865393556753679,2.5402906208718625,2.412931191958497,1.02615145095239,1.1875156516286454,6.050750700291246,
6e657ce849746c3dd755,home,hist_gradient_boosting,no_dratings,"{""l2_regularization"":5.0,""learning_rate"":0.1,""loss"":""poisson"",""max_iter"":300,""max_leaf_nodes"":15,""min_samples_leaf"":10}",ok,757,2.626484740996331,2.866210456050198,2.5402906208718625,2.412931191958497,1.033930810678223,1.187854202226044,4.812582399696112,
201a77203962f8ac2689,home,hist_gradient_boosting,no_dratings,"{""l2_regularization"":5.0,""learning_rate"":0.1,""loss"":""poisson"",""max_iter"":300,""max_leaf_nodes"":31,""min_samples_leaf"":30}",ok,757,2.5996441031056223,2.866586917871355,2.5402906208718625,2.412931191958497,1.0233648393400707,1.188010220691225,4.232175000011921,
463064a7379d08ed53df,home,lightgbm,dratings_plus_pitcher,"{""colsample_bytree"":0.9,""learning_rate"":0.1,""min_child_samples"":10,""n_estimators"":500,""num_leaves"":15,""objective"":""regression"",""reg_lambda"":1.0,""subsample"":0.9,""tweedie_variance_power"":null}",ok,757,2.8193184733078547,2.869828437780135,2.5402906208718625,2.412931191958497,1.109840917469603,1.189353615778322,1.233090799767524,
b2f72025e91e43f2dab4,home,xgboost,dratings_only,"{""colsample_bytree"":0.9,""learning_rate"":0.1,""max_depth"":3,""min_child_weight"":5.0,""n_estimators"":500,""objective"":""reg:tweedie"",""reg_lambda"":1.0,""subsample"":0.9,""tweedie_variance_power"":1.5}",ok,757,2.7450942618371315,2.8722813226228223,2.5402906208718625,2.412931191958497,1.0806221301147731,1.1903701739175936,2.05696879979223,
e03cccc32b12c384f121,home,lightgbm,all,"{""colsample_bytree"":0.9,""learning_rate"":0.025,""min_child_samples"":10,""n_estimators"":500,""num_leaves"":31,""objective"":""tweedie"",""reg_lambda"":1.0,""subsample"":0.9,""tweedie_variance_power"":1.5}",ok,757,2.598339675267958,2.8725146602484006,2.5402906208718625,2.412931191958497,1.022851343826232,1.190466876892944,3.305490500293672,
b46fc7aec367b929d088,home,xgboost,dratings_plus_bullpen,"{""colsample_bytree"":0.9,""learning_rate"":0.05,""max_depth"":6,""min_child_weight"":1.0,""n_estimators"":500,""objective"":""count:poisson"",""reg_lambda"":1.0,""subsample"":0.9,""tweedie_variance_power"":null}",ok,757,2.612767929287536,2.8742730688844085,2.5402906208718625,2.412931191958497,1.028531108929103,1.1911956206888168,5.4771779999136925,
52c34d1529acad7ced15,home,hist_gradient_boosting,dratings_plus_bullpen,"{""l2_regularization"":0.0,""learning_rate"":0.1,""loss"":""squared_error"",""max_iter"":300,""max_leaf_nodes"":15,""min_samples_leaf"":30}",ok,757,2.7158264686769877,2.8743611908075746,2.5402906208718625,2.412931191958497,1.0691006951578157,1.1912321413834226,1.792357100173831,
beebdd6b49a5f23468c6,home,lightgbm,bullpen_only,"{""colsample_bytree"":0.9,""learning_rate"":0.1,""min_child_samples"":10,""n_estimators"":500,""num_leaves"":15,""objective"":""poisson"",""reg_lambda"":1.0,""subsample"":0.9,""tweedie_variance_power"":null}",ok,757,2.6419810742003094,2.8744785984657537,2.5402906208718625,2.412931191958497,1.0400310312894614,1.191280799073526,0.9289677999913692,
5febbcd8c13af03486e2,home,hist_gradient_boosting,dratings_only,"{""l2_regularization"":0.0,""learning_rate"":0.1,""loss"":""squared_error"",""max_iter"":300,""max_leaf_nodes"":15,""min_samples_leaf"":30}",ok,757,2.7717356811964637,2.875887420430973,2.5402906208718625,2.412931191958497,1.0911096779332932,1.1918646623722038,1.554877799935639,
acf618edad46beebde38,home,hist_gradient_boosting,dratings_plus_bullpen,"{""l2_regularization"":5.0,""learning_rate"":0.05,""loss"":""poisson"",""max_iter"":300,""max_leaf_nodes"":31,""min_samples_leaf"":30}",ok,757,2.62724773792791,2.8764285870310644,2.5402906208718625,2.412931191958497,1.0342311688046948,1.1920889400482082,5.221477600280196,
4af58ede5d092b281518,home,lightgbm,all,"{""colsample_bytree"":0.9,""learning_rate"":0.05,""min_child_samples"":30,""n_estimators"":500,""num_leaves"":15,""objective"":""tweedie"",""reg_lambda"":1.0,""subsample"":0.9,""tweedie_variance_power"":1.5}",ok,757,2.611911788120301,2.876961005254472,2.5402906208718625,2.412931191958497,1.028194084039037,1.192309592102101,1.515362599864602,
f7e498d4dfb3bb36fa9a,home,xgboost,all,"{""colsample_bytree"":0.9,""learning_rate"":0.025,""max_depth"":6,""min_child_weight"":5.0,""n_estimators"":500,""objective"":""reg:tweedie"",""reg_lambda"":1.0,""subsample"":0.9,""tweedie_variance_power"":1.5}",ok,757,2.5755536256252225,2.8782799445442566,2.5402906208718625,2.412931191958497,1.0138814844504906,1.192856204991097,9.401127300225198,
f2d1077c518d3280030c,home,xgboost,dratings_plus_pitcher,"{""colsample_bytree"":0.9,""learning_rate"":0.1,""max_depth"":3,""min_child_weight"":1.0,""n_estimators"":500,""objective"":""reg:squarederror"",""reg_lambda"":1.0,""subsample"":0.9,""tweedie_variance_power"":null}",ok,757,2.801774036852813,2.879109189015204,2.5402906208718625,2.412931191958497,1.102934449244711,1.1931998718448018,3.074856999795884,
d9b4faea708fc6d37857,home,hist_gradient_boosting,all,"{""l2_regularization"":5.0,""learning_rate"":0.1,""loss"":""poisson"",""max_iter"":300,""max_leaf_nodes"":31,""min_samples_leaf"":30}",ok,757,2.6040565209638893,2.879634567537111,2.5402906208718625,2.412931191958497,1.025101812984745,1.19341760640916,6.180401499848813,
f2f9a8894d6b3d0a5ee7,home,lightgbm,bullpen_only,"{""colsample_bytree"":0.9,""learning_rate"":0.1,""min_child_samples"":30,""n_estimators"":500,""num_leaves"":15,""objective"":""poisson"",""reg_lambda"":1.0,""subsample"":0.9,""tweedie_variance_power"":null}",ok,757,2.6355686621496885,2.8812110316424344,2.5402906208718625,2.412931191958497,1.037506748438541,1.194070946260117,0.9975878996774554,
ae0f3a77ff8f0758489f,home,lightgbm,dratings_plus_bullpen,"{""colsample_bytree"":0.9,""learning_rate"":0.1,""min_child_samples"":30,""n_estimators"":500,""num_leaves"":31,""objective"":""regression"",""reg_lambda"":1.0,""subsample"":0.9,""tweedie_variance_power"":null}",ok,757,2.702723599084416,2.881425669140945,2.5402906208718625,2.412931191958497,1.0639426752505994,1.19415989927263,2.302042600233108,
13cd4146821478a86af6,home,hist_gradient_boosting,dratings_plus_bullpen,"{""l2_regularization"":0.0,""learning_rate"":0.1,""loss"":""poisson"",""max_iter"":300,""max_leaf_nodes"":15,""min_samples_leaf"":10}",ok,757,2.635496798597439,2.881483163827652,2.5402906208718625,2.412931191958497,1.0374784589382535,1.1941837270083309,3.2663275999948382,
8d82bbb2fb6fd7ae43e3,home,hist_gradient_boosting,no_dratings_prob,"{""l2_regularization"":0.0,""learning_rate"":0.1,""loss"":""poisson"",""max_iter"":300,""max_leaf_nodes"":15,""min_samples_leaf"":30}",ok,757,2.6390230299350543,2.8816006848596887,2.5402906208718625,2.412931191958497,1.0388665801668415,1.194232431684381,3.019889000337571,
3c8c687031ce7c4718ec,home,lightgbm,dratings_plus_pitcher,"{""colsample_bytree"":0.9,""learning_rate"":0.1,""min_child_samples"":30,""n_estimators"":500,""num_leaves"":31,""objective"":""regression"",""reg_lambda"":1.0,""subsample"":0.9,""tweedie_variance_power"":null}",ok,757,2.746896953148225,2.881819208012143,2.5402906208718625,2.412931191958497,1.0813317699080636,1.1943229950428322,1.8330906997434795,
f631141a85ab5440590b,home,lightgbm,bullpen_only,"{""colsample_bytree"":0.9,""learning_rate"":0.05,""min_child_samples"":10,""n_estimators"":500,""num_leaves"":31,""objective"":""poisson"",""reg_lambda"":1.0,""subsample"":0.9,""tweedie_variance_power"":null}",ok,757,2.6374283139840005,2.88197292044937,2.5402906208718625,2.412931191958497,1.0382388110691048,1.194386698656818,1.814046300016344,
bbdafab6ccaee89bddd4,home,lightgbm,dratings_only,"{""colsample_bytree"":0.9,""learning_rate"":0.025,""min_child_samples"":30,""n_estimators"":500,""num_leaves"":31,""objective"":""regression"",""reg_lambda"":1.0,""subsample"":0.9,""tweedie_variance_power"":null}",ok,757,2.777370644183089,2.883617774413259,2.5402906208718625,2.412931191958497,1.093327913492771,1.1950683815698535,1.6263779001310468,
544d007884904726fd62,home,lightgbm,pitcher_only,"{""colsample_bytree"":0.9,""learning_rate"":0.1,""min_child_samples"":10,""n_estimators"":500,""num_leaves"":31,""objective"":""regression"",""reg_lambda"":1.0,""subsample"":0.9,""tweedie_variance_power"":null}",ok,757,2.8131053465562474,2.8847865261464034,2.5402906208718625,2.412931191958497,1.107395084421778,1.1955527516741649,2.1343950000591576,
d0d1cc67755142744fcc,home,lightgbm,pitcher_only,"{""colsample_bytree"":0.9,""learning_rate"":0.05,""min_child_samples"":10,""n_estimators"":500,""num_leaves"":15,""objective"":""regression"",""reg_lambda"":1.0,""subsample"":0.9,""tweedie_variance_power"":null}",ok,757,2.790829199035333,2.886581114040444,2.5402906208718625,2.412931191958497,1.0986259509463063,1.1962964893737813,1.0523091997019949,
49d2cebe6cf3f6a67e66,home,xgboost,dratings_plus_pitcher,"{""colsample_bytree"":0.9,""learning_rate"":0.05,""max_depth"":3,""min_child_weight"":5.0,""n_estimators"":500,""objective"":""reg:tweedie"",""reg_lambda"":1.0,""subsample"":0.9,""tweedie_variance_power"":1.5}",ok,757,2.622858004966847,2.887487471236833,2.5402906208718625,2.412931191958497,1.0325031252001575,1.1966721143395531,2.911080999765545,
a02322227d1188333d65,home,hist_gradient_boosting,dratings_only,"{""l2_regularization"":5.0,""learning_rate"":0.05,""loss"":""squared_error"",""max_iter"":300,""max_leaf_nodes"":31,""min_samples_leaf"":30}",ok,757,2.776617424508117,2.8876983414896857,2.5402906208718625,2.412931191958497,1.093031404239545,1.196759506078512,4.989696300122887,
bbf37b965b588f809a0a,home,lightgbm,pitcher_only,"{""colsample_bytree"":0.9,""learning_rate"":0.1,""min_child_samples"":30,""n_estimators"":500,""num_leaves"":15,""objective"":""poisson"",""reg_lambda"":1.0,""subsample"":0.9,""tweedie_variance_power"":null}",ok,757,2.677945779640744,2.888157225453871,2.5402906208718625,2.412931191958497,1.0541887442475524,1.1969496830573312,0.9030125001445412,
24c67e2167fc1d3a947f,home,hist_gradient_boosting,bullpen_only,"{""l2_regularization"":5.0,""learning_rate"":0.05,""loss"":""poisson"",""max_iter"":300,""max_leaf_nodes"":31,""min_samples_leaf"":30}",ok,757,2.6516513505510217,2.8921060583468936,2.5402906208718625,2.412931191958497,1.04383779114255,1.198586212481039,3.629905600100756,
fd3eb48006762c7c8f3a,home,lightgbm,all,"{""colsample_bytree"":0.9,""learning_rate"":0.1,""min_child_samples"":10,""n_estimators"":500,""num_leaves"":31,""objective"":""poisson"",""reg_lambda"":1.0,""subsample"":0.9,""tweedie_variance_power"":null}",ok,757,2.6086390932138994,2.892504268671257,2.5402906208718625,2.412931191958497,1.0269057688834748,1.198751244258858,3.2597254998981957,
24068956217900eb3daa,home,hist_gradient_boosting,dratings_plus_bullpen,"{""l2_regularization"":5.0,""learning_rate"":0.1,""loss"":""squared_error"",""max_iter"":300,""max_leaf_nodes"":15,""min_samples_leaf"":30}",ok,757,2.73276202568006,2.893389782043121,2.5402906208718625,2.412931191958497,1.0757674744876784,1.1991182308413244,1.9315949999727309,
8454f497aa1e76d8de58,home,hist_gradient_boosting,pitcher_only,"{""l2_regularization"":0.0,""learning_rate"":0.1,""loss"":""squared_error"",""max_iter"":300,""max_leaf_nodes"":31,""min_samples_leaf"":30}",ok,757,2.7514282992795707,2.8935573009541864,2.5402906208718625,2.412931191958497,1.0831155603508242,1.1991876563233372,6.217651499900967,
735752ea0f54ef82773f,home,lightgbm,pitcher_only,"{""colsample_bytree"":0.9,""learning_rate"":0.025,""min_child_samples"":30,""n_estimators"":500,""num_leaves"":31,""objective"":""tweedie"",""reg_lambda"":1.0,""subsample"":0.9,""tweedie_variance_power"":1.5}",ok,757,2.639659181138359,2.8947102866072765,2.5402906208718625,2.412931191958497,1.0391170047434934,1.199665492432768,2.077364800032228,
776489a7a5847b494172,home,hist_gradient_boosting,dratings_only,"{""l2_regularization"":5.0,""learning_rate"":0.05,""loss"":""poisson"",""max_iter"":300,""max_leaf_nodes"":31,""min_samples_leaf"":10}",ok,757,2.782291402923545,2.895628348015369,2.5402906208718625,2.412931191958497,1.0952649984467624,1.200045968018293,19.35633260011673,
7232f5a0785beebce540,home,lightgbm,dratings_only,"{""colsample_bytree"":0.9,""learning_rate"":0.05,""min_child_samples"":30,""n_estimators"":500,""num_leaves"":15,""objective"":""regression"",""reg_lambda"":1.0,""subsample"":0.9,""tweedie_variance_power"":null}",ok,757,2.7733562884108856,2.8958229497162944,2.5402906208718625,2.412931191958497,1.091747639275632,1.2001266175210947,0.95315430033952,
f10885ec98f01ac7c29e,home,lightgbm,dratings_plus_pitcher,"{""colsample_bytree"":0.9,""learning_rate"":0.1,""min_child_samples"":10,""n_estimators"":500,""num_leaves"":15,""objective"":""poisson"",""reg_lambda"":1.0,""subsample"":0.9,""tweedie_variance_power"":null}",ok,757,2.65392802026086,2.8966664932981696,2.5402906208718625,2.412931191958497,1.044734015256095,1.2004762104082385,0.986083900090307,
77e0491c41c7ce9d324d,home,hist_gradient_boosting,dratings_only,"{""l2_regularization"":5.0,""learning_rate"":0.1,""loss"":""poisson"",""max_iter"":300,""max_leaf_nodes"":15,""min_samples_leaf"":10}",ok,757,2.797691871747794,2.8997009529045417,2.5402906208718625,2.412931191958497,1.1013274814940617,1.2017337927282334,9.418109799735248,
1205d109b5e698254237,home,lightgbm,no_dratings_prob,"{""colsample_bytree"":0.9,""learning_rate"":0.025,""min_child_samples"":10,""n_estimators"":500,""num_leaves"":31,""objective"":""tweedie"",""reg_lambda"":1.0,""subsample"":0.9,""tweedie_variance_power"":1.5}",ok,757,2.5840714442992163,2.9006351036940625,2.5402906208718625,2.412931191958497,1.017234572716852,1.202120936295623,3.572564600035548,
2d903ae3a2d436af1f8f,home,xgboost,dratings_plus_pitcher,"{""colsample_bytree"":0.9,""learning_rate"":0.05,""max_depth"":6,""min_child_weight"":5.0,""n_estimators"":500,""objective"":""count:poisson"",""reg_lambda"":1.0,""subsample"":0.9,""tweedie_variance_power"":null}",ok,757,2.6083848920492074,2.901688814498326,2.5402906208718625,2.412931191958497,1.0268057011342957,1.2025576295622091,6.640737500041723,
d1a2d2f2a02ef9921e26,home,hist_gradient_boosting,dratings_only,"{""l2_regularization"":0.0,""learning_rate"":0.05,""loss"":""squared_error"",""max_iter"":300,""max_leaf_nodes"":31,""min_samples_leaf"":30}",ok,757,2.7925974135215164,2.902329515047748,2.5402906208718625,2.412931191958497,1.0993220187393593,1.202823157461039,16.46578700002283,
3c1b0e01914c69dfe932,home,hist_gradient_boosting,bullpen_only,"{""l2_regularization"":5.0,""learning_rate"":0.1,""loss"":""squared_error"",""max_iter"":300,""max_leaf_nodes"":15,""min_samples_leaf"":30}",ok,757,2.717195550007144,2.9033553920674926,2.5402906208718625,2.412931191958497,1.0696396418904877,1.203248315469342,2.5904298997484148,
6d791c33c52d6fe08afe,home,hist_gradient_boosting,dratings_plus_bullpen,"{""l2_regularization"":5.0,""learning_rate"":0.1,""loss"":""poisson"",""max_iter"":300,""max_leaf_nodes"":15,""min_samples_leaf"":10}",ok,757,2.638039763394383,2.9050237742199787,2.5402906208718625,2.412931191958497,1.0384795116430303,1.2039397492566153,3.284849800169468,
994f5c571eb995e16346,home,lightgbm,all,"{""colsample_bytree"":0.9,""learning_rate"":0.05,""min_child_samples"":10,""n_estimators"":500,""num_leaves"":15,""objective"":""tweedie"",""reg_lambda"":1.0,""subsample"":0.9,""tweedie_variance_power"":1.5}",ok,757,2.6178430146719887,2.9083833474397958,2.5402906208718625,2.412931191958497,1.0305289454532998,1.205332069614118,1.6584861995652318,
4cfe197ec7818ff769e9,home,lightgbm,no_dratings_prob,"{""colsample_bytree"":0.9,""learning_rate"":0.1,""min_child_samples"":10,""n_estimators"":500,""num_leaves"":31,""objective"":""poisson"",""reg_lambda"":1.0,""subsample"":0.9,""tweedie_variance_power"":null}",ok,757,2.601566284169621,2.908507529632812,2.5402906208718625,2.412931191958497,1.024121516961208,1.2053835348997548,3.168925100006163,
3dd22d9c7b69bd38e844,home,hist_gradient_boosting,dratings_plus_pitcher,"{""l2_regularization"":0.0,""learning_rate"":0.1,""loss"":""squared_error"",""max_iter"":300,""max_leaf_nodes"":15,""min_samples_leaf"":10}",ok,757,2.800265390752203,2.90921751016083,2.5402906208718625,2.412931191958497,1.1023405620381788,1.2056777747564005,3.966376299969852,
b1947919b108fe098953,home,hist_gradient_boosting,bullpen_only,"{""l2_regularization"":0.0,""learning_rate"":0.05,""loss"":""poisson"",""max_iter"":300,""max_leaf_nodes"":31,""min_samples_leaf"":30}",ok,757,2.6347372208021023,2.9094390989813648,2.5402906208718625,2.412931191958497,1.0371794467744109,1.2057696086310148,3.947421799879521,
c14b0c4dae580a42c002,home,hist_gradient_boosting,dratings_only,"{""l2_regularization"":5.0,""learning_rate"":0.1,""loss"":""squared_error"",""max_iter"":300,""max_leaf_nodes"":15,""min_samples_leaf"":30}",ok,757,2.7863374612122245,2.909561714647982,2.5402906208718625,2.412931191958497,1.0968577525416818,1.2058204246953212,1.6081880000419917,
75f75fe316de7ed7364a,home,hist_gradient_boosting,dratings_plus_pitcher,"{""l2_regularization"":0.0,""learning_rate"":0.05,""loss"":""poisson"",""max_iter"":300,""max_leaf_nodes"":31,""min_samples_leaf"":10}",ok,757,2.642245641638377,2.9104014808316867,2.5402906208718625,2.412931191958497,1.040135179781722,1.206168452101367,6.219935699831694,
7d02e5a02cbee361bc75,home,hist_gradient_boosting,dratings_plus_bullpen,"{""l2_regularization"":0.0,""learning_rate"":0.05,""loss"":""poisson"",""max_iter"":300,""max_leaf_nodes"":31,""min_samples_leaf"":30}",ok,757,2.648400222436264,2.9128805787036547,2.5402906208718625,2.412931191958497,1.042557965878446,1.2071958738033326,4.348996399901807,
7dc582c21f85c82be296,home,lightgbm,dratings_plus_pitcher,"{""colsample_bytree"":0.9,""learning_rate"":0.1,""min_child_samples"":30,""n_estimators"":500,""num_leaves"":31,""objective"":""poisson"",""reg_lambda"":1.0,""subsample"":0.9,""tweedie_variance_power"":null}",ok,757,2.621562194743585,2.913864800350697,2.5402906208718625,2.412931191958497,1.0319930220597473,1.2076037684214316,1.7315989001654088,
0c751ed82c5fdf92f981,home,lightgbm,bullpen_only,"{""colsample_bytree"":0.9,""learning_rate"":0.1,""min_child_samples"":30,""n_estimators"":500,""num_leaves"":31,""objective"":""regression"",""reg_lambda"":1.0,""subsample"":0.9,""tweedie_variance_power"":null}",ok,757,2.718830500866241,2.9143681068772898,2.5402906208718625,2.412931191958497,1.0702832496909749,1.2078123556071207,1.7870646002702415,
c1e05b15cd0508e960d7,home,hist_gradient_boosting,pitcher_only,"{""l2_regularization"":0.0,""learning_rate"":0.1,""loss"":""squared_error"",""max_iter"":300,""max_leaf_nodes"":31,""min_samples_leaf"":10}",ok,757,2.818250346682452,2.914409140162149,2.5402906208718625,2.412931191958497,1.109420443285812,1.2078293611831588,7.246573800221085,
386021ab63a17fa55c90,home,lightgbm,dratings_only,"{""colsample_bytree"":0.9,""learning_rate"":0.025,""min_child_samples"":10,""n_estimators"":500,""num_leaves"":31,""objective"":""tweedie"",""reg_lambda"":1.0,""subsample"":0.9,""tweedie_variance_power"":1.5}",ok,757,2.732656136789377,2.9149775662824657,2.5402906208718625,2.412931191958497,1.0757257907173992,1.208064936122971,1.7074374998919666,
c705b15b85aed6dd6f92,home,hist_gradient_boosting,all,"{""l2_regularization"":0.0,""learning_rate"":0.1,""loss"":""poisson"",""max_iter"":300,""max_leaf_nodes"":31,""min_samples_leaf"":30}",ok,757,2.6162399120645814,2.9163158644708065,2.5402906208718625,2.412931191958497,1.0298978749000978,1.2086195719919095,18.822276800405238,
49b97661d658524837d7,home,hist_gradient_boosting,dratings_plus_bullpen,"{""l2_regularization"":5.0,""learning_rate"":0.1,""loss"":""squared_error"",""max_iter"":300,""max_leaf_nodes"":31,""min_samples_leaf"":30}",ok,757,2.7199598887431136,2.9170098777413904,2.5402906208718625,2.412931191958497,1.070727839718428,1.2089071944789893,3.216920900158584,
f0f13d98a44bd5e1c39c,home,hist_gradient_boosting,no_dratings_prob,"{""l2_regularization"":5.0,""learning_rate"":0.1,""loss"":""poisson"",""max_iter"":300,""max_leaf_nodes"":31,""min_samples_leaf"":10}",ok,757,2.621714736485387,2.917200756537795,2.5402906208718625,2.412931191958497,1.0320530709929476,1.208986301084698,4.708869600202888,
c291dc90c5a3fd3213e7,home,hist_gradient_boosting,bullpen_only,"{""l2_regularization"":5.0,""learning_rate"":0.1,""loss"":""poisson"",""max_iter"":300,""max_leaf_nodes"":15,""min_samples_leaf"":10}",ok,757,2.6387363305739817,2.9172165716330363,2.5402906208718625,2.412931191958497,1.0387537193159149,1.2089928553931235,2.2583644003607333,
68b599b6c0d5f73405db,home,hist_gradient_boosting,no_dratings_prob,"{""l2_regularization"":0.0,""learning_rate"":0.1,""loss"":""poisson"",""max_iter"":300,""max_leaf_nodes"":31,""min_samples_leaf"":30}",ok,757,2.6307494780054097,2.918028154693937,2.5402906208718625,2.412931191958497,1.0356096489080058,1.2093292027633284,7.407683699857444,
a8a9f2c28b8824a5dd81,home,lightgbm,pitcher_only,"{""colsample_bytree"":0.9,""learning_rate"":0.05,""min_child_samples"":30,""n_estimators"":500,""num_leaves"":15,""objective"":""regression"",""reg_lambda"":1.0,""subsample"":0.9,""tweedie_variance_power"":null}",ok,757,2.763922052132462,2.9185891690151022,2.5402906208718625,2.412931191958497,1.0880337979533403,1.2095617060038,0.9220670000649988,
6b97ef94119ab9588cfd,home,lightgbm,pitcher_only,"{""colsample_bytree"":0.9,""learning_rate"":0.1,""min_child_samples"":30,""n_estimators"":500,""num_leaves"":31,""objective"":""poisson"",""reg_lambda"":1.0,""subsample"":0.9,""tweedie_variance_power"":null}",ok,757,2.6420917579392578,2.919981774856337,2.5402906208718625,2.412931191958497,1.0400746025793126,1.2101388487942266,2.07812329987064,
8ec80822d4be4ed828f7,home,lightgbm,pitcher_only,"{""colsample_bytree"":0.9,""learning_rate"":0.05,""min_child_samples"":30,""n_estimators"":500,""num_leaves"":31,""objective"":""regression"",""reg_lambda"":1.0,""subsample"":0.9,""tweedie_variance_power"":null}",ok,757,2.7622667682919952,2.923060322591482,2.5402906208718625,2.412931191958497,1.0873821859578994,1.2114147027205238,2.213980200234801,
af9a7b31415f623b6ce1,home,xgboost,no_dratings,"{""colsample_bytree"":0.9,""learning_rate"":0.025,""max_depth"":6,""min_child_weight"":5.0,""n_estimators"":500,""objective"":""reg:tweedie"",""reg_lambda"":1.0,""subsample"":0.9,""tweedie_variance_power"":1.5}",ok,757,2.5806426635821555,2.923513705967947,2.5402906208718625,2.412931191958497,1.0158848134850191,1.211602600070426,6.681975899729878,
406823f29e115c5a9437,home,xgboost,pitcher_only,"{""colsample_bytree"":0.9,""learning_rate"":0.05,""max_depth"":3,""min_child_weight"":5.0,""n_estimators"":500,""objective"":""reg:tweedie"",""reg_lambda"":1.0,""subsample"":0.9,""tweedie_variance_power"":1.5}",ok,757,2.6877436481977237,2.923588241307121,2.5402906208718625,2.412931191958497,1.058045731505812,1.2116334900267671,3.037390199955553,
572e3f8d6d4688e9694b,home,hist_gradient_boosting,dratings_plus_bullpen,"{""l2_regularization"":5.0,""learning_rate"":0.05,""loss"":""poisson"",""max_iter"":300,""max_leaf_nodes"":31,""min_samples_leaf"":10}",ok,757,2.622368099707073,2.9272825926366526,2.5402906208718625,2.412931191958497,1.0323102711795396,1.213164553714718,6.226784999947995,
8a8d8613658a8fbc63bd,home,hist_gradient_boosting,dratings_only,"{""l2_regularization"":0.0,""learning_rate"":0.05,""loss"":""poisson"",""max_iter"":300,""max_leaf_nodes"":31,""min_samples_leaf"":10}",ok,757,2.7851073160578115,2.928931458912607,2.5402906208718625,2.412931191958497,1.0963734988329503,1.2138478994650856,17.823803899809718,
6399bde78395c6f3ea33,home,hist_gradient_boosting,dratings_plus_bullpen,"{""l2_regularization"":0.0,""learning_rate"":0.1,""loss"":""poisson"",""max_iter"":300,""max_leaf_nodes"":15,""min_samples_leaf"":30}",ok,757,2.656671575855102,2.9298058214639897,2.5402906208718625,2.412931191958497,1.0458140316808695,1.21421026477177,2.574517600238323,
6677163d87c509a540cf,home,lightgbm,dratings_plus_pitcher,"{""colsample_bytree"":0.9,""learning_rate"":0.05,""min_child_samples"":30,""n_estimators"":500,""num_leaves"":15,""objective"":""tweedie"",""reg_lambda"":1.0,""subsample"":0.9,""tweedie_variance_power"":1.5}",ok,757,2.639767658473324,2.9306489200120205,2.5402906208718625,2.412931191958497,1.039159707469738,1.214559673221891,0.979425000026822,
1d4b184a3a17c267c01b,home,lightgbm,no_dratings,"{""colsample_bytree"":0.9,""learning_rate"":0.05,""min_child_samples"":10,""n_estimators"":500,""num_leaves"":15,""objective"":""tweedie"",""reg_lambda"":1.0,""subsample"":0.9,""tweedie_variance_power"":1.5}",ok,757,2.6042041169267462,2.9308090676405536,2.5402906208718625,2.412931191958497,1.0251599149836437,1.2146260437960157,2.346220300067216,
7be3de808240ddc65208,home,hist_gradient_boosting,dratings_only,"{""l2_regularization"":0.0,""learning_rate"":0.1,""loss"":""poisson"",""max_iter"":300,""max_leaf_nodes"":15,""min_samples_leaf"":10}",ok,757,2.799609477681717,2.9313370925151414,2.5402906208718625,2.412931191958497,1.102082358088955,1.214844875098105,9.265765900257977,
48f94e77e84666d1b736,home,lightgbm,pitcher_only,"{""colsample_bytree"":0.9,""learning_rate"":0.1,""min_child_samples"":10,""n_estimators"":500,""num_leaves"":15,""objective"":""poisson"",""reg_lambda"":1.0,""subsample"":0.9,""tweedie_variance_power"":null}",ok,757,2.6788097023427544,2.9329023737664124,2.5402906208718625,2.412931191958497,1.0545288323834972,1.2154935803974882,1.2079658000729978,
b0d67ac2e0014d28c9b0,home,hist_gradient_boosting,dratings_plus_pitcher,"{""l2_regularization"":5.0,""learning_rate"":0.1,""loss"":""poisson"",""max_iter"":300,""max_leaf_nodes"":31,""min_samples_leaf"":30}",ok,757,2.6248546372932826,2.933279522817497,2.5402906208718625,2.412931191958497,1.0332891109885671,1.2156498836739107,6.568394999951124,
e0474eaa2feec5b62bae,home,hist_gradient_boosting,bullpen_only,"{""l2_regularization"":5.0,""learning_rate"":0.1,""loss"":""squared_error"",""max_iter"":300,""max_leaf_nodes"":31,""min_samples_leaf"":30}",ok,757,2.7362708201829262,2.934241336260308,2.5402906208718625,2.412931191958497,1.0771487316060713,1.216048491577035,5.12850989960134,
4e0906c431b6e1597aa9,home,hist_gradient_boosting,dratings_plus_bullpen,"{""l2_regularization"":0.0,""learning_rate"":0.05,""loss"":""poisson"",""max_iter"":300,""max_leaf_nodes"":31,""min_samples_leaf"":10}",ok,757,2.628070214797262,2.934626436618079,2.5402906208718625,2.412931191958497,1.0345549415504562,1.2162080901429018,5.136877099983394,
5a02e58009f45ddbf3d4,home,hist_gradient_boosting,no_dratings_prob,"{""l2_regularization"":5.0,""learning_rate"":0.1,""loss"":""poisson"",""max_iter"":300,""max_leaf_nodes"":31,""min_samples_leaf"":30}",ok,757,2.6067633119272378,2.9355597939393503,2.5402906208718625,2.412931191958497,1.02616735680131,1.2165949048703095,5.528492399957031,
7b7133416a47558b852a,home,xgboost,dratings_only,"{""colsample_bytree"":0.9,""learning_rate"":0.1,""max_depth"":3,""min_child_weight"":1.0,""n_estimators"":500,""objective"":""reg:squarederror"",""reg_lambda"":1.0,""subsample"":0.9,""tweedie_variance_power"":null}",ok,757,2.8210300796885472,2.935840337065446,2.5402906208718625,2.412931191958497,1.110514701156646,1.216711171395866,3.915401800069958,
a7ff644132377108fbda,home,lightgbm,dratings_plus_pitcher,"{""colsample_bytree"":0.9,""learning_rate"":0.1,""min_child_samples"":10,""n_estimators"":500,""num_leaves"":31,""objective"":""poisson"",""reg_lambda"":1.0,""subsample"":0.9,""tweedie_variance_power"":null}",ok,757,2.5974260039084496,2.9366479273531336,2.5402906208718625,2.412931191958497,1.022491671845396,1.2170458640262978,2.1162565001286566,
099e4006d1a33747170e,home,xgboost,pitcher_only,"{""colsample_bytree"":0.9,""learning_rate"":0.1,""max_depth"":6,""min_child_weight"":5.0,""n_estimators"":500,""objective"":""reg:squarederror"",""reg_lambda"":1.0,""subsample"":0.9,""tweedie_variance_power"":null}",ok,757,2.84839318446628,2.937435514232073,2.5402906208718625,2.412931191958497,1.12128634458709,1.217372266570044,4.814858300145716,
4bd519ade945aaa402bd,home,hist_gradient_boosting,pitcher_only,"{""l2_regularization"":0.0,""learning_rate"":0.1,""loss"":""poisson"",""max_iter"":300,""max_leaf_nodes"":31,""min_samples_leaf"":30}",ok,757,2.6475504512722665,2.9374508042334475,2.5402906208718625,2.412931191958497,1.042223448576758,1.2173786032618754,6.140193699859083,
5c14cb45ff61a41265f1,home,xgboost,dratings_plus_pitcher,"{""colsample_bytree"":0.9,""learning_rate"":0.05,""max_depth"":6,""min_child_weight"":1.0,""n_estimators"":500,""objective"":""count:poisson"",""reg_lambda"":1.0,""subsample"":0.9,""tweedie_variance_power"":null}",ok,757,2.6038033037078585,2.937534706167242,2.5402906208718625,2.412931191958497,1.0250021325568637,1.217413375050675,5.980599300004542,
a84860550ee6ac4a1bea,home,hist_gradient_boosting,dratings_plus_pitcher,"{""l2_regularization"":0.0,""learning_rate"":0.1,""loss"":""poisson"",""max_iter"":300,""max_leaf_nodes"":31,""min_samples_leaf"":30}",ok,757,2.6372166620304576,2.938644695496691,2.5402906208718625,2.412931191958497,1.038155493061392,1.2178733920346438,5.615717899985611,
dca45177130bc5e65b7c,home,hist_gradient_boosting,dratings_plus_pitcher,"{""l2_regularization"":0.0,""learning_rate"":0.1,""loss"":""squared_error"",""max_iter"":300,""max_leaf_nodes"":31,""min_samples_leaf"":30}",ok,757,2.778806925156922,2.938653617426926,2.5402906208718625,2.412931191958497,1.093893313751321,1.2178770895831958,5.495458399876952,
609c827f3b895e367cd4,home,xgboost,dratings_plus_pitcher,"{""colsample_bytree"":0.9,""learning_rate"":0.05,""max_depth"":3,""min_child_weight"":1.0,""n_estimators"":500,""objective"":""reg:tweedie"",""reg_lambda"":1.0,""subsample"":0.9,""tweedie_variance_power"":1.5}",ok,757,2.6368370298665296,2.939805842818728,2.5402906208718625,2.412931191958497,1.0380060486786078,1.2183546106147287,2.8161680996418,
9865febe1b50cf2bc44f,home,hist_gradient_boosting,dratings_plus_pitcher,"{""l2_regularization"":0.0,""learning_rate"":0.1,""loss"":""poisson"",""max_iter"":300,""max_leaf_nodes"":15,""min_samples_leaf"":30}",ok,757,2.691202244098574,2.9471558997489264,2.5402906208718625,2.412931191958497,1.0594072276560689,1.2214007218982554,6.047939000185579,
0c2e980f82083ca2d474,home,hist_gradient_boosting,bullpen_only,"{""l2_regularization"":0.0,""learning_rate"":0.1,""loss"":""squared_error"",""max_iter"":300,""max_leaf_nodes"":31,""min_samples_leaf"":30}",ok,757,2.7206773888600497,2.947535234556742,2.5402906208718625,2.412931191958497,1.0710102877623806,1.2215579310259257,4.857554300222546,
81c4cd1b0c63f39d1644,home,lightgbm,dratings_only,"{""colsample_bytree"":0.9,""learning_rate"":0.025,""min_child_samples"":10,""n_estimators"":500,""num_leaves"":31,""objective"":""regression"",""reg_lambda"":1.0,""subsample"":0.9,""tweedie_variance_power"":null}",ok,757,2.806059059899443,2.9499923031615958,2.5402906208718625,2.412931191958497,1.1046212731897445,1.2225762230572284,1.6951642003841698,
9c5a18a85cf4dd58a2dd,home,hist_gradient_boosting,dratings_only,"{""l2_regularization"":5.0,""learning_rate"":0.05,""loss"":""squared_error"",""max_iter"":300,""max_leaf_nodes"":31,""min_samples_leaf"":10}",ok,757,2.806193721395943,2.956763753028613,2.5402906208718625,2.412931191958497,1.1046742834616374,1.2253825400751297,8.535726699978113,
5b60edab74f0f8cee48a,home,lightgbm,no_dratings,"{""colsample_bytree"":0.9,""learning_rate"":0.1,""min_child_samples"":10,""n_estimators"":500,""num_leaves"":31,""objective"":""poisson"",""reg_lambda"":1.0,""subsample"":0.9,""tweedie_variance_power"":null}",ok,757,2.6147355808034973,2.9577375787817366,2.5402906208718625,2.412931191958497,1.029305686254939,1.225786126284454,3.647487099748105,
9d7675ecf773bc78dc44,home,hist_gradient_boosting,pitcher_only,"{""l2_regularization"":0.0,""learning_rate"":0.1,""loss"":""squared_error"",""max_iter"":300,""max_leaf_nodes"":15,""min_samples_leaf"":10}",ok,757,2.842162374808289,2.9600950105272434,2.5402906208718625,2.412931191958497,1.1188335505615574,1.226763125443553,3.765093199908733,
c0992e4822a3093388c5,home,xgboost,no_dratings_prob,"{""colsample_bytree"":0.9,""learning_rate"":0.025,""max_depth"":6,""min_child_weight"":5.0,""n_estimators"":500,""objective"":""reg:tweedie"",""reg_lambda"":1.0,""subsample"":0.9,""tweedie_variance_power"":1.5}",ok,757,2.6121536094099875,2.9610641384986387,2.5402906208718625,2.412931191958497,1.0282892783792827,1.2271647647338175,8.750362299848348,
d44e8bd0e2e041fcc23b,home,hist_gradient_boosting,pitcher_only,"{""l2_regularization"":5.0,""learning_rate"":0.1,""loss"":""poisson"",""max_iter"":300,""max_leaf_nodes"":15,""min_samples_leaf"":30}",ok,757,2.665111601051721,2.962048323332755,2.5402906208718625,2.412931191958497,1.049136496097843,1.2275726440953991,3.781640899833292,
3fd74c11bec2dc91ce4c,home,lightgbm,dratings_plus_bullpen,"{""colsample_bytree"":0.9,""learning_rate"":0.025,""min_child_samples"":30,""n_estimators"":500,""num_leaves"":31,""objective"":""tweedie"",""reg_lambda"":1.0,""subsample"":0.9,""tweedie_variance_power"":1.5}",ok,757,2.6369795158541454,2.963618311276656,2.5402906208718625,2.412931191958497,1.03806213910639,1.2282233000068203,2.0341684999875724,
b385fc89d451522e1abb,home,hist_gradient_boosting,bullpen_only,"{""l2_regularization"":0.0,""learning_rate"":0.1,""loss"":""poisson"",""max_iter"":300,""max_leaf_nodes"":15,""min_samples_leaf"":30}",ok,757,2.666583306253424,2.9638841611538416,2.5402906208718625,2.412931191958497,1.04971584130725,1.2283334771548766,3.2839529998600483,
7f328687116d2bb2d652,home,hist_gradient_boosting,pitcher_only,"{""l2_regularization"":5.0,""learning_rate"":0.05,""loss"":""poisson"",""max_iter"":300,""max_leaf_nodes"":31,""min_samples_leaf"":10}",ok,757,2.6263819825458423,2.965811989341985,2.5402906208718625,2.412931191958497,1.0338903592237143,1.229132434122472,7.055636399891228,
5bf4f34faf2e24e15a13,home,hist_gradient_boosting,bullpen_only,"{""l2_regularization"":0.0,""learning_rate"":0.1,""loss"":""squared_error"",""max_iter"":300,""max_leaf_nodes"":15,""min_samples_leaf"":30}",ok,757,2.7514528414613686,2.9674808596728663,2.5402906208718625,2.412931191958497,1.083125221521714,1.2298240702273235,2.350822899956256,
294bd2257f059ebf36a2,home,lightgbm,no_dratings,"{""colsample_bytree"":0.9,""learning_rate"":0.025,""min_child_samples"":10,""n_estimators"":500,""num_leaves"":31,""objective"":""tweedie"",""reg_lambda"":1.0,""subsample"":0.9,""tweedie_variance_power"":1.5}",ok,757,2.6057254758033497,2.967855527259281,2.5402906208718625,2.412931191958497,1.0257588066474963,1.229979345101163,4.3153471001423895,
9d0db3b3d0f8de400bf6,home,xgboost,dratings_plus_bullpen,"{""colsample_bytree"":0.9,""learning_rate"":0.025,""max_depth"":6,""min_child_weight"":5.0,""n_estimators"":500,""objective"":""reg:tweedie"",""reg_lambda"":1.0,""subsample"":0.9,""tweedie_variance_power"":1.5}",ok,757,2.630112300145894,2.9714959489489208,2.5402906208718625,2.412931191958497,1.035358820182237,1.2314880585289525,5.004014699719846,
72ebca3425e2894d0742,home,lightgbm,no_dratings,"{""colsample_bytree"":0.9,""learning_rate"":0.05,""min_child_samples"":30,""n_estimators"":500,""num_leaves"":15,""objective"":""tweedie"",""reg_lambda"":1.0,""subsample"":0.9,""tweedie_variance_power"":1.5}",ok,757,2.632732663435096,2.972786161300216,2.5402906208718625,2.412931191958497,1.0363903412482411,1.232022766006561,1.9294227003119888,
6663efb921a4d6a39081,home,xgboost,dratings_only,"{""colsample_bytree"":0.9,""learning_rate"":0.1,""max_depth"":3,""min_child_weight"":1.0,""n_estimators"":500,""objective"":""reg:tweedie"",""reg_lambda"":1.0,""subsample"":0.9,""tweedie_variance_power"":1.5}",ok,757,2.7769514154569004,2.973727905701054,2.5402906208718625,2.412931191958497,1.0931628816957222,1.23241305662238,2.076864399947226,
f7b70708a22435a78da6,home,xgboost,pitcher_only,"{""colsample_bytree"":0.9,""learning_rate"":0.05,""max_depth"":3,""min_child_weight"":1.0,""n_estimators"":500,""objective"":""reg:tweedie"",""reg_lambda"":1.0,""subsample"":0.9,""tweedie_variance_power"":1.5}",ok,757,2.669993708124249,2.9742753115643707,2.5402906208718625,2.412931191958497,1.0510583656006534,1.232639920059324,2.93644730001688,
a5ffa515bfddc79ff91b,home,lightgbm,no_dratings_prob,"{""colsample_bytree"":0.9,""learning_rate"":0.05,""min_child_samples"":10,""n_estimators"":500,""num_leaves"":15,""objective"":""tweedie"",""reg_lambda"":1.0,""subsample"":0.9,""tweedie_variance_power"":1.5}",ok,757,2.6405056434718253,2.974288430713074,2.5402906208718625,2.412931191958497,1.0394502195050297,1.2326453570766525,1.825490000192076,
9272a099d589ea1e298c,home,hist_gradient_boosting,bullpen_only,"{""l2_regularization"":0.0,""learning_rate"":0.1,""loss"":""poisson"",""max_iter"":300,""max_leaf_nodes"":15,""min_samples_leaf"":10}",ok,757,2.654072670196112,2.974910169151189,2.5402906208718625,2.412931191958497,1.044790957534299,1.2329030264375471,2.2478396999649704,
105bf1e8d2696b425a51,home,lightgbm,no_dratings_prob,"{""colsample_bytree"":0.9,""learning_rate"":0.05,""min_child_samples"":30,""n_estimators"":500,""num_leaves"":31,""objective"":""tweedie"",""reg_lambda"":1.0,""subsample"":0.9,""tweedie_variance_power"":1.5}",ok,757,2.61642221714364,2.9760164937393907,2.5402906208718625,2.412931191958497,1.0299696403420362,1.233361524629244,2.8493619998916984,
bd0ff65144c1ab5ea265,home,lightgbm,bullpen_only,"{""colsample_bytree"":0.9,""learning_rate"":0.025,""min_child_samples"":30,""n_estimators"":500,""num_leaves"":31,""objective"":""tweedie"",""reg_lambda"":1.0,""subsample"":0.9,""tweedie_variance_power"":1.5}",ok,757,2.644300237976662,2.978825338553114,2.5402906208718625,2.412931191958497,1.0409439834364709,1.2345256045761086,1.6498191999271512,
aab6cf5cae179b93ce7e,home,hist_gradient_boosting,pitcher_only,"{""l2_regularization"":0.0,""learning_rate"":0.1,""loss"":""poisson"",""max_iter"":300,""max_leaf_nodes"":15,""min_samples_leaf"":30}",ok,757,2.7103692503147148,2.9799419526760342,2.5402906208718625,2.412931191958497,1.066952429791076,1.2349883670977426,3.576124100014568,
0e73c66bdda0cf64d445,home,hist_gradient_boosting,bullpen_only,"{""l2_regularization"":0.0,""learning_rate"":0.05,""loss"":""poisson"",""max_iter"":300,""max_leaf_nodes"":31,""min_samples_leaf"":10}",ok,757,2.6540962222007884,2.9832568592986406,2.5402906208718625,2.412931191958497,1.044800228916275,1.236362176112129,5.1468181000091136,
cd612e5e2a1f934e15bf,home,lightgbm,dratings_only,"{""colsample_bytree"":0.9,""learning_rate"":0.1,""min_child_samples"":30,""n_estimators"":500,""num_leaves"":31,""objective"":""poisson"",""reg_lambda"":1.0,""subsample"":0.9,""tweedie_variance_power"":null}",ok,757,2.835199716379648,2.9895197790433268,2.5402906208718625,2.412931191958497,1.116092660062087,1.2389577411102353,1.6205728999339044,
b927b50948a08438874a,home,xgboost,all,"{""colsample_bytree"":0.9,""learning_rate"":0.1,""max_depth"":3,""min_child_weight"":5.0,""n_estimators"":500,""objective"":""reg:tweedie"",""reg_lambda"":1.0,""subsample"":0.9,""tweedie_variance_power"":1.5}",ok,757,2.644894569049266,2.992206379043364,2.5402906208718625,2.412931191958497,1.041177945278364,1.240071158686746,3.5943526001647115,
229566fe6a3e2cdbcbcb,home,hist_gradient_boosting,dratings_plus_bullpen,"{""l2_regularization"":0.0,""learning_rate"":0.1,""loss"":""squared_error"",""max_iter"":300,""max_leaf_nodes"":31,""min_samples_leaf"":30}",ok,757,2.737031623616645,2.993091187806579,2.5402906208718625,2.412931191958497,1.0774482262495064,1.2404378532556437,3.17519069975242,
48cfed680243ea300560,home,hist_gradient_boosting,all,"{""l2_regularization"":5.0,""learning_rate"":0.1,""loss"":""poisson"",""max_iter"":300,""max_leaf_nodes"":31,""min_samples_leaf"":10}",ok,757,2.6403638769222475,2.993199122853174,2.5402906208718625,2.412931191958497,1.039394412288165,1.2404825851762862,8.297494200058281,
b3231664da32875f1a3c,home,lightgbm,dratings_plus_bullpen,"{""colsample_bytree"":0.9,""learning_rate"":0.1,""min_child_samples"":30,""n_estimators"":500,""num_leaves"":15,""objective"":""regression"",""reg_lambda"":1.0,""subsample"":0.9,""tweedie_variance_power"":null}",ok,757,2.76083531887718,2.995330401647049,2.5402906208718625,2.412931191958497,1.08681868767032,1.2413658589310366,1.2727462002076209,
b1e3ca0c2987d14960a3,home,lightgbm,dratings_plus_pitcher,"{""colsample_bytree"":0.9,""learning_rate"":0.025,""min_child_samples"":10,""n_estimators"":500,""num_leaves"":31,""objective"":""tweedie"",""reg_lambda"":1.0,""subsample"":0.9,""tweedie_variance_power"":1.5}",ok,757,2.6560747023683984,2.995373275906571,2.5402906208718625,2.412931191958497,1.0455790690030564,1.2413836274690142,2.345256899949163,
64bfa1b49474d0ca0367,home,lightgbm,dratings_plus_bullpen,"{""colsample_bytree"":0.9,""learning_rate"":0.1,""min_child_samples"":30,""n_estimators"":500,""num_leaves"":31,""objective"":""poisson"",""reg_lambda"":1.0,""subsample"":0.9,""tweedie_variance_power"":null}",ok,757,2.6665930923438586,2.9977856526917823,2.5402906208718625,2.412931191958497,1.049719693657983,1.242383397704175,2.288551699835807,
462aee4bb8add75bb6a1,home,hist_gradient_boosting,pitcher_only,"{""l2_regularization"":0.0,""learning_rate"":0.05,""loss"":""poisson"",""max_iter"":300,""max_leaf_nodes"":31,""min_samples_leaf"":10}",ok,757,2.6353646067527925,2.998585112826174,2.5402906208718625,2.412931191958497,1.0374264208590036,1.2427147209251006,7.3317681001499295,
e0dd39a4c95816c2139f,home,hist_gradient_boosting,pitcher_only,"{""l2_regularization"":5.0,""learning_rate"":0.1,""loss"":""squared_error"",""max_iter"":300,""max_leaf_nodes"":15,""min_samples_leaf"":30}",ok,757,2.7881974067375044,2.9995916029470844,2.5402906208718625,2.412931191958497,1.0975899307853827,1.243131844349202,3.729343099985272,
a0eda5e31ada4fa54d5e,home,lightgbm,bullpen_only,"{""colsample_bytree"":0.9,""learning_rate"":0.1,""min_child_samples"":30,""n_estimators"":500,""num_leaves"":31,""objective"":""poisson"",""reg_lambda"":1.0,""subsample"":0.9,""tweedie_variance_power"":null}",ok,757,2.670076179318944,3.000902571236663,2.5402906208718625,2.412931191958497,1.0510908308603435,1.2436751537870951,1.63072540005669,
986c95b0bb15b9fbadc4,home,xgboost,bullpen_only,"{""colsample_bytree"":0.9,""learning_rate"":0.025,""max_depth"":6,""min_child_weight"":5.0,""n_estimators"":500,""objective"":""reg:tweedie"",""reg_lambda"":1.0,""subsample"":0.9,""tweedie_variance_power"":1.5}",ok,757,2.637798624120584,3.003190858353298,2.5402906208718625,2.412931191958497,1.038384585782258,1.244623497081865,4.567174999974668,
fe8afc0deadbcd839cc8,home,lightgbm,dratings_plus_pitcher,"{""colsample_bytree"":0.9,""learning_rate"":0.05,""min_child_samples"":30,""n_estimators"":500,""num_leaves"":31,""objective"":""tweedie"",""reg_lambda"":1.0,""subsample"":0.9,""tweedie_variance_power"":1.5}",ok,757,2.6385436529830484,3.004264583007312,2.5402906208718625,2.412931191958497,1.038677870675074,1.24506848476224,1.7078450000844896,
f29edc8ea1fc340a7004,home,lightgbm,dratings_plus_pitcher,"{""colsample_bytree"":0.9,""learning_rate"":0.1,""min_child_samples"":30,""n_estimators"":500,""num_leaves"":15,""objective"":""regression"",""reg_lambda"":1.0,""subsample"":0.9,""tweedie_variance_power"":null}",ok,757,2.788702298008972,3.0048167287393874,2.5402906208718625,2.412931191958497,1.0977886841356173,1.2452973125605278,1.1284467000514269,
d78cd245129dbd4cb995,home,xgboost,pitcher_only,"{""colsample_bytree"":0.9,""learning_rate"":0.05,""max_depth"":6,""min_child_weight"":5.0,""n_estimators"":500,""objective"":""count:poisson"",""reg_lambda"":1.0,""subsample"":0.9,""tweedie_variance_power"":null}",ok,757,2.645785128109679,3.005558435559984,2.5402906208718625,2.412931191958497,1.0415285189698529,1.2456047008619715,5.041888900101185,
2758b7b441897f65e2c8,home,hist_gradient_boosting,no_dratings,"{""l2_regularization"":5.0,""learning_rate"":0.1,""loss"":""poisson"",""max_iter"":300,""max_leaf_nodes"":31,""min_samples_leaf"":10}",ok,757,2.630693155436268,3.006362843854677,2.5402906208718625,2.412931191958497,1.0355874772050206,1.2459380747672757,10.26731039956212,
12389fd35b3f877d6289,home,hist_gradient_boosting,pitcher_only,"{""l2_regularization"":5.0,""learning_rate"":0.1,""loss"":""poisson"",""max_iter"":300,""max_leaf_nodes"":31,""min_samples_leaf"":30}",ok,757,2.666624138105011,3.010156633985797,2.5402906208718625,2.412931191958497,1.0497319150002566,1.2475103492456212,5.920822999905795,
96bf8b8ba6eb0cc551a5,home,hist_gradient_boosting,bullpen_only,"{""l2_regularization"":5.0,""learning_rate"":0.05,""loss"":""poisson"",""max_iter"":300,""max_leaf_nodes"":31,""min_samples_leaf"":10}",ok,757,2.645839185031919,3.0110500965981597,2.5402906208718625,2.412931191958497,1.0415497987879163,1.2478806302612335,4.360577900428325,
e08f444b330b29c7343c,home,hist_gradient_boosting,dratings_plus_bullpen,"{""l2_regularization"":5.0,""learning_rate"":0.1,""loss"":""poisson"",""max_iter"":300,""max_leaf_nodes"":15,""min_samples_leaf"":30}",ok,757,2.7093267750776664,3.01332723804819,2.5402906208718625,2.412931191958497,1.0665420534237096,1.248824354416162,2.757208600174636,
09ae19def60b54e4c2e0,home,hist_gradient_boosting,dratings_plus_pitcher,"{""l2_regularization"":0.0,""learning_rate"":0.1,""loss"":""poisson"",""max_iter"":300,""max_leaf_nodes"":15,""min_samples_leaf"":10}",ok,757,2.636812450555494,3.0139698498552723,2.5402906208718625,2.412931191958497,1.0379963728915806,1.2490906744045742,8.112373100128025,
fdf526b49f828000a3d4,home,lightgbm,dratings_only,"{""colsample_bytree"":0.9,""learning_rate"":0.1,""min_child_samples"":10,""n_estimators"":500,""num_leaves"":31,""objective"":""poisson"",""reg_lambda"":1.0,""subsample"":0.9,""tweedie_variance_power"":null}",ok,757,2.811188050797069,3.018945504942209,2.5402906208718625,2.412931191958497,1.1066403299289556,1.2511527535486124,1.6558611001819372,
4ee3bfe8d85ea7eb3250,home,lightgbm,dratings_plus_bullpen,"{""colsample_bytree"":0.9,""learning_rate"":0.05,""min_child_samples"":10,""n_estimators"":500,""num_leaves"":15,""objective"":""tweedie"",""reg_lambda"":1.0,""subsample"":0.9,""tweedie_variance_power"":1.5}",ok,757,2.660117641722931,3.022431547767157,2.5402906208718625,2.412931191958497,1.047170595311627,1.2525974871724164,1.1871348000131547,
df61854c90ca89aac25d,home,xgboost,no_dratings,"{""colsample_bytree"":0.9,""learning_rate"":0.025,""max_depth"":6,""min_child_weight"":1.0,""n_estimators"":500,""objective"":""reg:tweedie"",""reg_lambda"":1.0,""subsample"":0.9,""tweedie_variance_power"":1.5}",ok,757,2.6110772776320244,3.02955943157945,2.5402906208718625,2.412931191958497,1.0278655741900378,1.2555515224288083,7.311677800025791,
a0896b67d749a43ee9c9,home,lightgbm,dratings_only,"{""colsample_bytree"":0.9,""learning_rate"":0.1,""min_child_samples"":30,""n_estimators"":500,""num_leaves"":15,""objective"":""tweedie"",""reg_lambda"":1.0,""subsample"":0.9,""tweedie_variance_power"":1.5}",ok,757,2.8022430690275173,3.0313646405582357,2.5402906208718625,2.412931191958497,1.10311908645545,1.2562996618638662,0.8929882999509573,
d232e9539193f0f2b86c,home,hist_gradient_boosting,dratings_plus_pitcher,"{""l2_regularization"":5.0,""learning_rate"":0.1,""loss"":""poisson"",""max_iter"":300,""max_leaf_nodes"":15,""min_samples_leaf"":10}",ok,757,2.6842850811594885,3.033191939934861,2.5402906208718625,2.412931191958497,1.0566842467174895,1.2570569563042195,7.430767799727619,
8fec1689f759982e3a6a,home,lightgbm,bullpen_only,"{""colsample_bytree"":0.9,""learning_rate"":0.05,""min_child_samples"":30,""n_estimators"":500,""num_leaves"":15,""objective"":""tweedie"",""reg_lambda"":1.0,""subsample"":0.9,""tweedie_variance_power"":1.5}",ok,757,2.6691943179585964,3.034209356873908,2.5402906208718625,2.412931191958497,1.0507436810684647,1.2574786081699825,0.9036744004115462,
77bbde05d0e2a3fc32d7,home,hist_gradient_boosting,dratings_only,"{""l2_regularization"":5.0,""learning_rate"":0.1,""loss"":""poisson"",""max_iter"":300,""max_leaf_nodes"":31,""min_samples_leaf"":30}",ok,757,2.840322949115884,3.035718608378281,2.5402906208718625,2.412931191958497,1.1181094500679791,1.2581040928540892,16.470059600193053,
1449979a5adc0ea7e745,home,lightgbm,dratings_only,"{""colsample_bytree"":0.9,""learning_rate"":0.05,""min_child_samples"":30,""n_estimators"":500,""num_leaves"":31,""objective"":""tweedie"",""reg_lambda"":1.0,""subsample"":0.9,""tweedie_variance_power"":1.5}",ok,757,2.8086736331216504,3.0366559170436127,2.5402906208718625,2.412931191958497,1.105650514962605,1.2584925451516331,1.5641308999620378,
9947813980fc0481b082,home,hist_gradient_boosting,dratings_only,"{""l2_regularization"":0.0,""learning_rate"":0.1,""loss"":""poisson"",""max_iter"":300,""max_leaf_nodes"":31,""min_samples_leaf"":30}",ok,757,2.8550210912246987,3.037164799541704,2.5402906208718625,2.412931191958497,1.1238954581680172,1.2587034432078177,16.47980189975351,
fcbba35f1b50706e92ad,home,lightgbm,no_dratings,"{""colsample_bytree"":0.9,""learning_rate"":0.05,""min_child_samples"":30,""n_estimators"":500,""num_leaves"":31,""objective"":""tweedie"",""reg_lambda"":1.0,""subsample"":0.9,""tweedie_variance_power"":1.5}",ok,757,2.631467340614125,3.038506354183176,2.5402906208718625,2.412931191958497,1.0358922396489303,1.259259428660674,2.123908399604261,
03e900dfa8d5b598d74f,home,lightgbm,pitcher_only,"{""colsample_bytree"":0.9,""learning_rate"":0.1,""min_child_samples"":30,""n_estimators"":500,""num_leaves"":31,""objective"":""regression"",""reg_lambda"":1.0,""subsample"":0.9,""tweedie_variance_power"":null}",ok,757,2.809515737816397,3.04130915888006,2.5402906208718625,2.412931191958497,1.105982014314619,1.2604210053795728,2.007417800370604,
061aeb6bba11084bcaab,home,lightgbm,dratings_plus_bullpen,"{""colsample_bytree"":0.9,""learning_rate"":0.05,""min_child_samples"":30,""n_estimators"":500,""num_leaves"":15,""objective"":""tweedie"",""reg_lambda"":1.0,""subsample"":0.9,""tweedie_variance_power"":1.5}",ok,757,2.6774804579249865,3.043793453795471,2.5402906208718625,2.412931191958497,1.0540055676802988,1.261450580911478,1.198532999958843,
0b4b3a6372ab6fcd482b,home,xgboost,all,"{""colsample_bytree"":0.9,""learning_rate"":0.025,""max_depth"":6,""min_child_weight"":1.0,""n_estimators"":500,""objective"":""reg:tweedie"",""reg_lambda"":1.0,""subsample"":0.9,""tweedie_variance_power"":1.5}",ok,757,2.6090276639716627,3.043877484385201,2.5402906208718625,2.412931191958497,1.0270587319950852,1.2614854060196323,10.124832100234926,
b080886bf5749f08fefb,home,lightgbm,pitcher_only,"{""colsample_bytree"":0.9,""learning_rate"":0.025,""min_child_samples"":10,""n_estimators"":500,""num_leaves"":31,""objective"":""tweedie"",""reg_lambda"":1.0,""subsample"":0.9,""tweedie_variance_power"":1.5}",ok,757,2.6644502093005995,3.046242043760959,2.5402906208718625,2.412931191958497,1.0488761354345053,1.2624653591089037,2.086859500035644,
703cac20f90e3eb8de03,home,xgboost,dratings_only,"{""colsample_bytree"":0.9,""learning_rate"":0.05,""max_depth"":6,""min_child_weight"":5.0,""n_estimators"":500,""objective"":""reg:squarederror"",""reg_lambda"":1.0,""subsample"":0.9,""tweedie_variance_power"":null}",ok,757,2.836833222125764,3.0491468753623603,2.5402906208718625,2.412931191958497,1.1167356989855453,1.263669219215268,3.751042699906975,
bc612aed41c5b71d4877,home,lightgbm,dratings_plus_bullpen,"{""colsample_bytree"":0.9,""learning_rate"":0.025,""min_child_samples"":10,""n_estimators"":500,""num_leaves"":31,""objective"":""tweedie"",""reg_lambda"":1.0,""subsample"":0.9,""tweedie_variance_power"":1.5}",ok,757,2.6437505617861565,3.051419048434559,2.5402906208718625,2.412931191958497,1.0407276002455126,1.264610884306992,2.425866600126028,
1fd08c6f02e59d895431,home,lightgbm,pitcher_only,"{""colsample_bytree"":0.9,""learning_rate"":0.05,""min_child_samples"":30,""n_estimators"":500,""num_leaves"":15,""objective"":""tweedie"",""reg_lambda"":1.0,""subsample"":0.9,""tweedie_variance_power"":1.5}",ok,757,2.688986068920149,3.054762965313897,2.5402906208718625,2.412931191958497,1.05853481756243,1.2659967161493928,0.8585777999833226,
3f3a0d624e25e13a4536,home,lightgbm,all,"{""colsample_bytree"":0.9,""learning_rate"":0.05,""min_child_samples"":30,""n_estimators"":500,""num_leaves"":31,""objective"":""tweedie"",""reg_lambda"":1.0,""subsample"":0.9,""tweedie_variance_power"":1.5}",ok,757,2.63671141140197,3.057223846847452,2.5402906208718625,2.412931191958497,1.0379565982482013,1.2670165883868425,3.237762900069356,
a162381de3a1f733be68,home,hist_gradient_boosting,bullpen_only,"{""l2_regularization"":5.0,""learning_rate"":0.1,""loss"":""poisson"",""max_iter"":300,""max_leaf_nodes"":15,""min_samples_leaf"":30}",ok,757,2.697731508606858,3.0580874958887723,2.5402906208718625,2.412931191958497,1.0619775101484097,1.2673745136539194,3.1727645001374185,
877171dc2f9433adfea1,home,lightgbm,dratings_plus_bullpen,"{""colsample_bytree"":0.9,""learning_rate"":0.1,""min_child_samples"":10,""n_estimators"":500,""num_leaves"":31,""objective"":""poisson"",""reg_lambda"":1.0,""subsample"":0.9,""tweedie_variance_power"":null}",ok,757,2.651057274781196,3.0620492615509414,2.5402906208718625,2.412931191958497,1.0436039298020618,1.269016402852987,2.8476236001588404,
2c4d151222af3ea661ca,home,xgboost,pitcher_only,"{""colsample_bytree"":0.9,""learning_rate"":0.05,""max_depth"":6,""min_child_weight"":1.0,""n_estimators"":500,""objective"":""count:poisson"",""reg_lambda"":1.0,""subsample"":0.9,""tweedie_variance_power"":null}",ok,757,2.639197316714605,3.067298875083324,2.5402906208718625,2.412931191958497,1.0389351891591037,1.271192019609021,5.483109199907631,
915d21c0acdbbb78d0a7,home,lightgbm,bullpen_only,"{""colsample_bytree"":0.9,""learning_rate"":0.05,""min_child_samples"":10,""n_estimators"":500,""num_leaves"":15,""objective"":""tweedie"",""reg_lambda"":1.0,""subsample"":0.9,""tweedie_variance_power"":1.5}",ok,757,2.6636673915880484,3.076177279047476,2.5402906208718625,2.412931191958497,1.048567974743709,1.274871529407618,0.9555425001308322,
65d0965fdf9733ffec99,home,lightgbm,bullpen_only,"{""colsample_bytree"":0.9,""learning_rate"":0.025,""min_child_samples"":10,""n_estimators"":500,""num_leaves"":31,""objective"":""tweedie"",""reg_lambda"":1.0,""subsample"":0.9,""tweedie_variance_power"":1.5}",ok,757,2.6729963564625767,3.0768022418057845,2.5402906208718625,2.412931191958497,1.0522403753729437,1.2751305350354585,1.7855211002752185,
3ad6ecd8fce21eda9057,home,lightgbm,bullpen_only,"{""colsample_bytree"":0.9,""learning_rate"":0.1,""min_child_samples"":10,""n_estimators"":500,""num_leaves"":31,""objective"":""poisson"",""reg_lambda"":1.0,""subsample"":0.9,""tweedie_variance_power"":null}",ok,757,2.666976281784057,3.0773233245831437,2.5402906208718625,2.412931191958497,1.0498705383830116,1.275346489298512,1.8724396000616248,
1bce5d09245da38e0925,home,hist_gradient_boosting,dratings_plus_bullpen,"{""l2_regularization"":5.0,""learning_rate"":0.1,""loss"":""poisson"",""max_iter"":300,""max_leaf_nodes"":31,""min_samples_leaf"":30}",ok,757,2.6911565080701587,3.078620841852081,2.5402906208718625,2.412931191958497,1.0593892234056734,1.2758842241801622,4.7793309995904565,
cefa223c756f14ce7b5a,home,xgboost,dratings_only,"{""colsample_bytree"":0.9,""learning_rate"":0.1,""max_depth"":6,""min_child_weight"":5.0,""n_estimators"":500,""objective"":""count:poisson"",""reg_lambda"":1.0,""subsample"":0.9,""tweedie_variance_power"":null}",ok,757,2.800619730073836,3.081564222387105,2.5402906208718625,2.412931191958497,1.1024800497482548,1.2771040602636914,5.119426500052214,
646d30b6ce6e0f600bf6,home,xgboost,no_dratings,"{""colsample_bytree"":0.9,""learning_rate"":0.1,""max_depth"":6,""min_child_weight"":5.0,""n_estimators"":500,""objective"":""count:poisson"",""reg_lambda"":1.0,""subsample"":0.9,""tweedie_variance_power"":null}",ok,757,2.626426920865612,3.0816516180612736,2.5402906208718625,2.412931191958497,1.0339080494515176,1.2771402799762384,7.093431199900806,
cf816f1923077ca75a0a,home,lightgbm,pitcher_only,"{""colsample_bytree"":0.9,""learning_rate"":0.1,""min_child_samples"":10,""n_estimators"":500,""num_leaves"":31,""objective"":""poisson"",""reg_lambda"":1.0,""subsample"":0.9,""tweedie_variance_power"":null}",ok,757,2.669116680308258,3.0839486988274323,2.5402906208718625,2.412931191958497,1.0507131185612852,1.2780922676557107,2.153504599817097,
4b44aeb4de952b02f8d4,home,xgboost,no_dratings,"{""colsample_bytree"":0.9,""learning_rate"":0.1,""max_depth"":3,""min_child_weight"":5.0,""n_estimators"":500,""objective"":""reg:tweedie"",""reg_lambda"":1.0,""subsample"":0.9,""tweedie_variance_power"":1.5}",ok,757,2.687868051122643,3.087717222175988,2.5402906208718625,2.412931191958497,1.0580947034320545,1.279654070727889,3.2914690002799034,
01deca6e6bdb3a2a1c81,home,xgboost,dratings_only,"{""colsample_bytree"":0.9,""learning_rate"":0.05,""max_depth"":6,""min_child_weight"":1.0,""n_estimators"":500,""objective"":""reg:squarederror"",""reg_lambda"":1.0,""subsample"":0.9,""tweedie_variance_power"":null}",ok,757,2.8906454930532246,3.088097892488705,2.5402906208718625,2.412931191958497,1.1379192086538177,1.279811833333796,2.864300400018692,
bafb5d8778504f0f0983,home,xgboost,no_dratings_prob,"{""colsample_bytree"":0.9,""learning_rate"":0.1,""max_depth"":3,""min_child_weight"":5.0,""n_estimators"":500,""objective"":""reg:tweedie"",""reg_lambda"":1.0,""subsample"":0.9,""tweedie_variance_power"":1.5}",ok,757,2.6770476188653367,3.09148050951725,2.5402906208718625,2.412931191958497,1.053835178097275,1.2812137038221951,3.6045195003971457,
31b0d06aae5b9bd1baf3,home,hist_gradient_boosting,dratings_plus_bullpen,"{""l2_regularization"":0.0,""learning_rate"":0.1,""loss"":""poisson"",""max_iter"":300,""max_leaf_nodes"":31,""min_samples_leaf"":30}",ok,757,2.6827139696840607,3.093125686224971,2.5402906208718625,2.412931191958497,1.05606576965722,1.281895520491151,4.86537369992584,
1eca55d5b80f626357ce,home,xgboost,pitcher_only,"{""colsample_bytree"":0.9,""learning_rate"":0.1,""max_depth"":3,""min_child_weight"":1.0,""n_estimators"":500,""objective"":""reg:squarederror"",""reg_lambda"":1.0,""subsample"":0.9,""tweedie_variance_power"":null}",ok,757,2.937311834750434,3.0941287436762868,2.5402906208718625,2.412931191958497,1.1562896822184496,1.2823112213012935,2.466252400074154,
a779d898e70ec3c85b76,home,hist_gradient_boosting,no_dratings_prob,"{""l2_regularization"":0.0,""learning_rate"":0.1,""loss"":""poisson"",""max_iter"":300,""max_leaf_nodes"":31,""min_samples_leaf"":10}",ok,757,2.649800702601872,3.09654088788073,2.5402906208718625,2.412931191958497,1.0431092729431186,1.2833108951471464,5.41044839983806,
a213665c42bd91c678fc,home,hist_gradient_boosting,bullpen_only,"{""l2_regularization"":5.0,""learning_rate"":0.1,""loss"":""poisson"",""max_iter"":300,""max_leaf_nodes"":31,""min_samples_leaf"":30}",ok,757,2.685483546177534,3.1058324715494727,2.5402906208718625,2.412931191958497,1.0571560293584987,1.287161640539186,5.764280200004578,
ab6f106123b987df27d9,home,xgboost,dratings_only,"{""colsample_bytree"":0.9,""learning_rate"":0.05,""max_depth"":6,""min_child_weight"":5.0,""n_estimators"":500,""objective"":""reg:tweedie"",""reg_lambda"":1.0,""subsample"":0.9,""tweedie_variance_power"":1.5}",ok,757,2.775876516710027,3.1068400735909343,2.5402906208718625,2.412931191958497,1.0927397416274,1.2875792247806346,2.6514347000047565,
c4cca368183950ef6295,home,lightgbm,dratings_only,"{""colsample_bytree"":0.9,""learning_rate"":0.05,""min_child_samples"":30,""n_estimators"":500,""num_leaves"":31,""objective"":""regression"",""reg_lambda"":1.0,""subsample"":0.9,""tweedie_variance_power"":null}",ok,757,2.8663793066762557,3.108344050371561,2.5402906208718625,2.412931191958497,1.128366684947439,1.2882025234414662,1.5631424998864532,
47254c84ac3b836d3f67,home,xgboost,all,"{""colsample_bytree"":0.9,""learning_rate"":0.1,""max_depth"":3,""min_child_weight"":1.0,""n_estimators"":500,""objective"":""reg:tweedie"",""reg_lambda"":1.0,""subsample"":0.9,""tweedie_variance_power"":1.5}",ok,757,2.681000379700327,3.113660476385372,2.5402906208718625,2.412931191958497,1.0553912051134413,1.2904058295413372,4.103797599673271,
381a93c4dbb1fd7c1711,home,xgboost,dratings_plus_bullpen,"{""colsample_bytree"":0.9,""learning_rate"":0.1,""max_depth"":3,""min_child_weight"":5.0,""n_estimators"":500,""objective"":""reg:tweedie"",""reg_lambda"":1.0,""subsample"":0.9,""tweedie_variance_power"":1.5}",ok,757,2.7072091077797635,3.113896955730169,2.5402906208718625,2.412931191958497,1.065708421523287,1.2905038345510056,2.7961214003153145,
bc29f23099baee67c6e2,home,hist_gradient_boosting,no_dratings,"{""l2_regularization"":0.0,""learning_rate"":0.1,""loss"":""poisson"",""max_iter"":300,""max_leaf_nodes"":31,""min_samples_leaf"":10}",ok,757,2.6560740125474607,3.11588779162336,2.5402906208718625,2.412931191958497,1.0455787974510804,1.2913289040348872,9.284728799946606,
49d414a13db33551e21d,home,xgboost,dratings_plus_pitcher,"{""colsample_bytree"":0.9,""learning_rate"":0.025,""max_depth"":6,""min_child_weight"":5.0,""n_estimators"":500,""objective"":""reg:tweedie"",""reg_lambda"":1.0,""subsample"":0.9,""tweedie_variance_power"":1.5}",ok,757,2.653957327259421,3.1160800851745805,2.5402906208718625,2.412931191958497,1.0447455521244835,1.291408596962668,5.010197900235653,
6569746fbd9dca825e8f,home,hist_gradient_boosting,pitcher_only,"{""l2_regularization"":0.0,""learning_rate"":0.1,""loss"":""poisson"",""max_iter"":300,""max_leaf_nodes"":15,""min_samples_leaf"":10}",ok,757,2.694583544117191,3.118942915306134,2.5402906208718625,2.412931191958497,1.0607382958381246,1.292595050244508,3.674043000210077,
80977ab9b66642ca9c83,home,lightgbm,dratings_plus_pitcher,"{""colsample_bytree"":0.9,""learning_rate"":0.05,""min_child_samples"":10,""n_estimators"":500,""num_leaves"":15,""objective"":""tweedie"",""reg_lambda"":1.0,""subsample"":0.9,""tweedie_variance_power"":1.5}",ok,757,2.681725321836248,3.1191759237549803,2.5402906208718625,2.412931191958497,1.055676582750931,1.2926916167979277,0.9571273000910878,
78252ee78731462db098,home,xgboost,all,"{""colsample_bytree"":0.9,""learning_rate"":0.1,""max_depth"":6,""min_child_weight"":5.0,""n_estimators"":500,""objective"":""count:poisson"",""reg_lambda"":1.0,""subsample"":0.9,""tweedie_variance_power"":null}",ok,757,2.6313845981379957,3.1216006774908585,2.5402906208718625,2.412931191958497,1.0358596675977445,1.2936965164585392,15.63930010003969,
e3919e2a09271d6523f7,home,hist_gradient_boosting,dratings_plus_pitcher,"{""l2_regularization"":0.0,""learning_rate"":0.1,""loss"":""poisson"",""max_iter"":300,""max_leaf_nodes"":31,""min_samples_leaf"":10}",ok,757,2.681787647296597,3.123564289348591,2.5402906208718625,2.412931191958497,1.0557011175265336,1.2945103033846963,11.452794899698349,
0e62676fed1e20983250,home,xgboost,no_dratings_prob,"{""colsample_bytree"":0.9,""learning_rate"":0.025,""max_depth"":6,""min_child_weight"":1.0,""n_estimators"":500,""objective"":""reg:tweedie"",""reg_lambda"":1.0,""subsample"":0.9,""tweedie_variance_power"":1.5}",ok,757,2.6288932101257254,3.1251362410425507,2.5402906208718625,2.412931191958497,1.0348789183906262,1.295161773140319,8.380555000156164,
20c7e8c0445bb3c14738,home,xgboost,bullpen_only,"{""colsample_bytree"":0.9,""learning_rate"":0.025,""max_depth"":6,""min_child_weight"":1.0,""n_estimators"":500,""objective"":""reg:tweedie"",""reg_lambda"":1.0,""subsample"":0.9,""tweedie_variance_power"":1.5}",ok,757,2.675136271524618,3.12683173997032,2.5402906208718625,2.412931191958497,1.05308276523356,1.2958644450330858,4.641901000402868,
c4c8d65fd8cdc56bfd99,home,hist_gradient_boosting,dratings_only,"{""l2_regularization"":5.0,""learning_rate"":0.1,""loss"":""squared_error"",""max_iter"":300,""max_leaf_nodes"":31,""min_samples_leaf"":30}",ok,757,2.8698103416353224,3.127904157313093,2.5402906208718625,2.412931191958497,1.1297173315745914,1.2963088909196272,3.088675200007856,
4b36bbf91d60eceb35fb,home,xgboost,bullpen_only,"{""colsample_bytree"":0.9,""learning_rate"":0.1,""max_depth"":6,""min_child_weight"":5.0,""n_estimators"":500,""objective"":""count:poisson"",""reg_lambda"":1.0,""subsample"":0.9,""tweedie_variance_power"":null}",ok,757,2.6564415224792146,3.129397374131326,2.5402906208718625,2.412931191958497,1.045723469847512,1.2969277302894398,4.479912499897182,
c038a010c72cdce4ef08,home,lightgbm,dratings_only,"{""colsample_bytree"":0.9,""learning_rate"":0.05,""min_child_samples"":10,""n_estimators"":500,""num_leaves"":31,""objective"":""tweedie"",""reg_lambda"":1.0,""subsample"":0.9,""tweedie_variance_power"":1.5}",ok,757,2.796673486880896,3.129991707334907,2.5402906208718625,2.412931191958497,1.100926588439333,1.2971740419976068,1.6312246001325548,
51a9863d70185851fdf3,home,hist_gradient_boosting,pitcher_only,"{""l2_regularization"":5.0,""learning_rate"":0.1,""loss"":""poisson"",""max_iter"":300,""max_leaf_nodes"":15,""min_samples_leaf"":10}",ok,757,2.7201099946837224,3.1302465631278062,2.5402906208718625,2.412931191958497,1.070786929784492,1.297279662826642,4.011219000443816,
e667b8916522c4331cc2,home,hist_gradient_boosting,all,"{""l2_regularization"":0.0,""learning_rate"":0.1,""loss"":""poisson"",""max_iter"":300,""max_leaf_nodes"":31,""min_samples_leaf"":10}",ok,757,2.656517278972756,3.130620032523936,2.5402906208718625,2.412931191958497,1.045753291826509,1.2974344411300491,4.38655410008505,
0fbe44f5e74222d64f2d,home,hist_gradient_boosting,dratings_only,"{""l2_regularization"":5.0,""learning_rate"":0.1,""loss"":""poisson"",""max_iter"":300,""max_leaf_nodes"":31,""min_samples_leaf"":10}",ok,757,2.85302609346594,3.132392827376555,2.5402906208718625,2.412931191958497,1.1231101158365662,1.298169147058891,18.03349289996549,
c8d9c0cd6089691046cf,home,xgboost,dratings_plus_bullpen,"{""colsample_bytree"":0.9,""learning_rate"":0.025,""max_depth"":6,""min_child_weight"":1.0,""n_estimators"":500,""objective"":""reg:tweedie"",""reg_lambda"":1.0,""subsample"":0.9,""tweedie_variance_power"":1.5}",ok,757,2.671502680098208,3.134532731777843,2.5402906208718625,2.412931191958497,1.051652381089102,1.2990559955560297,5.190094199962914,
1efa02fb9216f5a49369,home,hist_gradient_boosting,dratings_plus_pitcher,"{""l2_regularization"":5.0,""learning_rate"":0.1,""loss"":""poisson"",""max_iter"":300,""max_leaf_nodes"":31,""min_samples_leaf"":10}",ok,757,2.672391686409421,3.1368786040814425,2.5402906208718625,2.412931191958497,1.052002343531946,1.3000282040928572,9.73353759991005,
2cd289f97eed27aedb54,home,hist_gradient_boosting,dratings_plus_bullpen,"{""l2_regularization"":5.0,""learning_rate"":0.1,""loss"":""poisson"",""max_iter"":300,""max_leaf_nodes"":31,""min_samples_leaf"":10}",ok,757,2.669902748569472,3.1372960758079262,2.5402906208718625,2.412931191958497,1.051022558849241,1.3002012184448102,5.587904199957848,
1c68d061af4f7c0b2d97,home,xgboost,no_dratings,"{""colsample_bytree"":0.9,""learning_rate"":0.1,""max_depth"":3,""min_child_weight"":1.0,""n_estimators"":500,""objective"":""reg:tweedie"",""reg_lambda"":1.0,""subsample"":0.9,""tweedie_variance_power"":1.5}",ok,757,2.678169357650661,3.138667228576567,2.5402906208718625,2.412931191958497,1.0542767570158869,1.300769470359001,3.24907759996131,
8d8af40f057525d00e1b,home,lightgbm,dratings_only,"{""colsample_bytree"":0.9,""learning_rate"":0.1,""min_child_samples"":10,""n_estimators"":500,""num_leaves"":15,""objective"":""tweedie"",""reg_lambda"":1.0,""subsample"":0.9,""tweedie_variance_power"":1.5}",ok,757,2.829730039062411,3.1387456837999634,2.5402906208718625,2.412931191958497,1.113939490156134,1.3008019848474612,0.8548552002757788,
e008a72acaa248e9e264,home,xgboost,no_dratings_prob,"{""colsample_bytree"":0.9,""learning_rate"":0.1,""max_depth"":3,""min_child_weight"":1.0,""n_estimators"":500,""objective"":""reg:tweedie"",""reg_lambda"":1.0,""subsample"":0.9,""tweedie_variance_power"":1.5}",ok,757,2.680056981634117,3.13923966177234,2.5402906208718625,2.412931191958497,1.0550198310436958,1.3010067059659178,3.8854487002827223,
2b4c5999e2737e3a3859,home,lightgbm,bullpen_only,"{""colsample_bytree"":0.9,""learning_rate"":0.1,""min_child_samples"":30,""n_estimators"":500,""num_leaves"":15,""objective"":""regression"",""reg_lambda"":1.0,""subsample"":0.9,""tweedie_variance_power"":null}",ok,757,2.775247659071622,3.141338579977756,2.5402906208718625,2.412931191958497,1.0924921882044816,1.3018765684022815,0.9107114002108574,
6319540fcf9c0683d731,home,hist_gradient_boosting,bullpen_only,"{""l2_regularization"":5.0,""learning_rate"":0.1,""loss"":""poisson"",""max_iter"":300,""max_leaf_nodes"":31,""min_samples_leaf"":10}",ok,757,2.6774481813140274,3.151658223524107,2.5402906208718625,2.412931191958497,1.053992861806926,1.3061533764524835,5.9903382998891175,
6340a5ef6877cf6327a2,home,hist_gradient_boosting,bullpen_only,"{""l2_regularization"":0.0,""learning_rate"":0.1,""loss"":""poisson"",""max_iter"":300,""max_leaf_nodes"":31,""min_samples_leaf"":30}",ok,757,2.687962726583188,3.153776072842,2.5402906208718625,2.412931191958497,1.058131972971125,1.3070310845798232,5.950373800005764,
dfd0a98795854c90ebb0,home,xgboost,bullpen_only,"{""colsample_bytree"":0.9,""learning_rate"":0.1,""max_depth"":6,""min_child_weight"":1.0,""n_estimators"":500,""objective"":""count:poisson"",""reg_lambda"":1.0,""subsample"":0.9,""tweedie_variance_power"":null}",ok,757,2.66215546769699,3.156290980653577,2.5402906208718625,2.412931191958497,1.0479727972161317,1.308073347127532,4.252356499899179,
9016dddbb999af6ed19f,home,xgboost,dratings_only,"{""colsample_bytree"":0.9,""learning_rate"":0.1,""max_depth"":6,""min_child_weight"":1.0,""n_estimators"":500,""objective"":""count:poisson"",""reg_lambda"":1.0,""subsample"":0.9,""tweedie_variance_power"":null}",ok,757,2.826448394175092,3.158139937854681,2.5402906208718625,2.412931191958497,1.1126476517891548,1.3088396173002026,5.031669999938458,
dadee7e0ea817d2d4d07,home,lightgbm,pitcher_only,"{""colsample_bytree"":0.9,""learning_rate"":0.05,""min_child_samples"":30,""n_estimators"":500,""num_leaves"":31,""objective"":""tweedie"",""reg_lambda"":1.0,""subsample"":0.9,""tweedie_variance_power"":1.5}",ok,757,2.690267983239326,3.15848574084971,2.5402906208718625,2.412931191958497,1.0590394505003482,1.3089829297146558,1.6153390002436936,
c4ce461c1082bf567b7e,home,lightgbm,no_dratings_prob,"{""colsample_bytree"":0.9,""learning_rate"":0.05,""min_child_samples"":10,""n_estimators"":500,""num_leaves"":31,""objective"":""tweedie"",""reg_lambda"":1.0,""subsample"":0.9,""tweedie_variance_power"":1.5}",ok,757,2.662685117860165,3.158707249904241,2.5402906208718625,2.412931191958497,1.048181297046357,1.30907473053155,3.567984700202942,
f326a9cc1cc6e5daa195,home,lightgbm,no_dratings_prob,"{""colsample_bytree"":0.9,""learning_rate"":0.1,""min_child_samples"":30,""n_estimators"":500,""num_leaves"":15,""objective"":""tweedie"",""reg_lambda"":1.0,""subsample"":0.9,""tweedie_variance_power"":1.5}",ok,757,2.6718537151120767,3.159127860827883,2.5402906208718625,2.412931191958497,1.0517905680394397,1.3092490458725938,1.5020969002507627,
f66d66ecf4c79f12ffdf,home,lightgbm,all,"{""colsample_bytree"":0.9,""learning_rate"":0.1,""min_child_samples"":30,""n_estimators"":500,""num_leaves"":15,""objective"":""tweedie"",""reg_lambda"":1.0,""subsample"":0.9,""tweedie_variance_power"":1.5}",ok,757,2.678252245300321,3.160757320068862,2.5402906208718625,2.412931191958497,1.054309386215467,1.3099243486936645,1.8052980001084509,
a272873e79f303c8ffa5,home,xgboost,no_dratings_prob,"{""colsample_bytree"":0.9,""learning_rate"":0.1,""max_depth"":6,""min_child_weight"":5.0,""n_estimators"":500,""objective"":""count:poisson"",""reg_lambda"":1.0,""subsample"":0.9,""tweedie_variance_power"":null}",ok,757,2.6329416573598805,3.164812197608028,2.5402906208718625,2.412931191958497,1.0364726129076598,1.3116048265923628,7.838830600026995,
154f3e369a1584d467c8,home,xgboost,pitcher_only,"{""colsample_bytree"":0.9,""learning_rate"":0.025,""max_depth"":6,""min_child_weight"":5.0,""n_estimators"":500,""objective"":""reg:tweedie"",""reg_lambda"":1.0,""subsample"":0.9,""tweedie_variance_power"":1.5}",ok,757,2.6572273531867143,3.1702088652800087,2.5402906208718625,2.412931191958497,1.046032816621083,1.3138413875394657,5.033435699995607,
0352d1cd371ae10ee779,home,lightgbm,pitcher_only,"{""colsample_bytree"":0.9,""learning_rate"":0.05,""min_child_samples"":10,""n_estimators"":500,""num_leaves"":15,""objective"":""tweedie"",""reg_lambda"":1.0,""subsample"":0.9,""tweedie_variance_power"":1.5}",ok,757,2.7189571072323915,3.170608945560655,2.5402906208718625,2.412931191958497,1.0703330890145193,1.3140071942901843,0.8723850003443658,
e7088baf28c2e52c0d81,home,hist_gradient_boosting,dratings_only,"{""l2_regularization"":0.0,""learning_rate"":0.1,""loss"":""poisson"",""max_iter"":300,""max_leaf_nodes"":31,""min_samples_leaf"":10}",ok,757,2.8635173102974787,3.1712806990101154,2.5402906208718625,2.412931191958497,1.1272400436272447,1.3142855915572509,18.19153039995581,
2fa3fe8c57bc41f2680c,home,lightgbm,bullpen_only,"{""colsample_bytree"":0.9,""learning_rate"":0.05,""min_child_samples"":30,""n_estimators"":500,""num_leaves"":31,""objective"":""tweedie"",""reg_lambda"":1.0,""subsample"":0.9,""tweedie_variance_power"":1.5}",ok,757,2.684822547802088,3.1715910437806407,2.5402906208718625,2.412931191958497,1.056895823549756,1.3144142088885529,1.6326051000505686,
32bbe9d97b1c1fe44c60,home,lightgbm,dratings_plus_bullpen,"{""colsample_bytree"":0.9,""learning_rate"":0.05,""min_child_samples"":30,""n_estimators"":500,""num_leaves"":31,""objective"":""tweedie"",""reg_lambda"":1.0,""subsample"":0.9,""tweedie_variance_power"":1.5}",ok,757,2.685106490889027,3.1730920889610488,2.5402906208718625,2.412931191958497,1.0570075993775316,1.315036292595461,2.268739900086075,
c2f32f5c34384e252153,home,xgboost,bullpen_only,"{""colsample_bytree"":0.9,""learning_rate"":0.1,""max_depth"":3,""min_child_weight"":5.0,""n_estimators"":500,""objective"":""reg:tweedie"",""reg_lambda"":1.0,""subsample"":0.9,""tweedie_variance_power"":1.5}",ok,757,2.726055332187617,3.174949314151005,2.5402906208718625,2.412931191958497,1.073127346056176,1.3158059893013372,2.6584829003550112,
c05db4f0611f86c5ad99,home,hist_gradient_boosting,bullpen_only,"{""l2_regularization"":0.0,""learning_rate"":0.1,""loss"":""poisson"",""max_iter"":300,""max_leaf_nodes"":31,""min_samples_leaf"":10}",ok,757,2.6782862990066985,3.1955480873721767,2.5402906208718625,2.412931191958497,1.054322791652663,1.32434281508809,6.505127999931574,
4140022d87d57116dca2,home,xgboost,all,"{""colsample_bytree"":0.9,""learning_rate"":0.1,""max_depth"":6,""min_child_weight"":1.0,""n_estimators"":500,""objective"":""count:poisson"",""reg_lambda"":1.0,""subsample"":0.9,""tweedie_variance_power"":null}",ok,757,2.660950849597961,3.206280938229199,2.5402906208718625,2.412931191958497,1.0474985923794369,1.3287908701726243,15.67688040016219,
721dcc909289e608ef2e,home,hist_gradient_boosting,pitcher_only,"{""l2_regularization"":0.0,""learning_rate"":0.1,""loss"":""poisson"",""max_iter"":300,""max_leaf_nodes"":31,""min_samples_leaf"":10}",ok,757,2.680298619645549,3.207213406528866,2.5402906208718625,2.412931191958497,1.0551149532354034,1.32917731645952,7.234891500324011,
912f8abec532c88fad3f,home,lightgbm,no_dratings_prob,"{""colsample_bytree"":0.9,""learning_rate"":0.1,""min_child_samples"":10,""n_estimators"":500,""num_leaves"":15,""objective"":""tweedie"",""reg_lambda"":1.0,""subsample"":0.9,""tweedie_variance_power"":1.5}",ok,757,2.6569355568807658,3.209438168044028,2.5402906208718625,2.412931191958497,1.0459179493285178,1.3300993326042725,1.620514300186187,
d7bea245d91f653d8d8f,home,xgboost,dratings_plus_bullpen,"{""colsample_bytree"":0.9,""learning_rate"":0.1,""max_depth"":3,""min_child_weight"":1.0,""n_estimators"":500,""objective"":""reg:tweedie"",""reg_lambda"":1.0,""subsample"":0.9,""tweedie_variance_power"":1.5}",ok,757,2.728753279820773,3.213470273669049,2.5402906208718625,2.412931191958497,1.074189408644995,1.3317703730543518,3.3096580002456903,
12439ec7adf1a3e65ea1,home,xgboost,dratings_plus_bullpen,"{""colsample_bytree"":0.9,""learning_rate"":0.1,""max_depth"":6,""min_child_weight"":5.0,""n_estimators"":500,""objective"":""count:poisson"",""reg_lambda"":1.0,""subsample"":0.9,""tweedie_variance_power"":null}",ok,757,2.684457408862196,3.220043412382261,2.5402906208718625,2.412931191958497,1.056752084507895,1.334494503247172,5.008034800179303,
d3865e3c96e6f8a62d55,home,lightgbm,no_dratings,"{""colsample_bytree"":0.9,""learning_rate"":0.1,""min_child_samples"":30,""n_estimators"":500,""num_leaves"":15,""objective"":""tweedie"",""reg_lambda"":1.0,""subsample"":0.9,""tweedie_variance_power"":1.5}",ok,757,2.689989218662442,3.220215107971027,2.5402906208718625,2.412931191958497,1.0589297132228126,1.334565659685175,1.3539225002750754,
b72de1f4d499c7a138e0,home,lightgbm,all,"{""colsample_bytree"":0.9,""learning_rate"":0.05,""min_child_samples"":10,""n_estimators"":500,""num_leaves"":31,""objective"":""tweedie"",""reg_lambda"":1.0,""subsample"":0.9,""tweedie_variance_power"":1.5}",ok,757,2.6583465081697986,3.220733840885828,2.5402906208718625,2.412931191958497,1.046473378411096,1.3347806400859958,3.178246099967509,
42cd471ecb6b11c591cb,home,xgboost,bullpen_only,"{""colsample_bytree"":0.9,""learning_rate"":0.1,""max_depth"":3,""min_child_weight"":1.0,""n_estimators"":500,""objective"":""reg:tweedie"",""reg_lambda"":1.0,""subsample"":0.9,""tweedie_variance_power"":1.5}",ok,757,2.7337727208118614,3.23206744322925,2.5402906208718625,2.412931191958497,1.0761653404339986,1.339477666831389,2.690721600316465,
1bca6465735d735e43bf,home,xgboost,dratings_only,"{""colsample_bytree"":0.9,""learning_rate"":0.05,""max_depth"":6,""min_child_weight"":1.0,""n_estimators"":500,""objective"":""reg:tweedie"",""reg_lambda"":1.0,""subsample"":0.9,""tweedie_variance_power"":1.5}",ok,757,2.799125514934369,3.238540844738126,2.5402906208718625,2.412931191958497,1.1018918433724998,1.3421604625656602,3.0854362002573907,
2db05bbba253689e7f29,home,hist_gradient_boosting,dratings_plus_bullpen,"{""l2_regularization"":0.0,""learning_rate"":0.1,""loss"":""poisson"",""max_iter"":300,""max_leaf_nodes"":31,""min_samples_leaf"":10}",ok,757,2.681437912414555,3.239284623459054,2.5402906208718625,2.412931191958497,1.0555634423805609,1.3424687095324228,6.126137400045991,
aabbe4f7fe9224d96b65,home,lightgbm,dratings_plus_pitcher,"{""colsample_bytree"":0.9,""learning_rate"":0.1,""min_child_samples"":30,""n_estimators"":500,""num_leaves"":15,""objective"":""tweedie"",""reg_lambda"":1.0,""subsample"":0.9,""tweedie_variance_power"":1.5}",ok,757,2.713638923799827,3.25697654202248,2.5402906208718625,2.412931191958497,1.0682395555467858,1.3498008367900862,0.915419700089842,
628dd93279ea7df9a234,home,xgboost,no_dratings,"{""colsample_bytree"":0.9,""learning_rate"":0.05,""max_depth"":6,""min_child_weight"":5.0,""n_estimators"":500,""objective"":""reg:tweedie"",""reg_lambda"":1.0,""subsample"":0.9,""tweedie_variance_power"":1.5}",ok,757,2.658579125705137,3.264273648319198,2.5402906208718625,2.412931191958497,1.0465649496405558,1.3528250035467004,6.446469199843705,
4885ce725fa6e9804b16,home,xgboost,no_dratings,"{""colsample_bytree"":0.9,""learning_rate"":0.1,""max_depth"":6,""min_child_weight"":1.0,""n_estimators"":500,""objective"":""count:poisson"",""reg_lambda"":1.0,""subsample"":0.9,""tweedie_variance_power"":null}",ok,757,2.6469872325383217,3.2693346291861545,2.5402906208718625,2.412931191958497,1.0420017342857564,1.3549224445693966,7.20263160020113,
a1ef1756421404366b90,home,xgboost,no_dratings_prob,"{""colsample_bytree"":0.9,""learning_rate"":0.1,""max_depth"":6,""min_child_weight"":1.0,""n_estimators"":500,""objective"":""count:poisson"",""reg_lambda"":1.0,""subsample"":0.9,""tweedie_variance_power"":null}",ok,757,2.6602366820194288,3.280573101240923,2.5402906208718625,2.412931191958497,1.0472174562083765,1.3595800461173488,7.955726600252092,
92714ee322a8b3c59840,home,lightgbm,all,"{""colsample_bytree"":0.9,""learning_rate"":0.1,""min_child_samples"":10,""n_estimators"":500,""num_leaves"":15,""objective"":""tweedie"",""reg_lambda"":1.0,""subsample"":0.9,""tweedie_variance_power"":1.5}",ok,757,2.7001110528119057,3.283775861626982,2.5402906208718625,2.412931191958497,1.0629142313981346,1.3609073779520622,1.8565265997312963,
3bda912131e8bdfaaf3f,home,hist_gradient_boosting,pitcher_only,"{""l2_regularization"":5.0,""learning_rate"":0.1,""loss"":""poisson"",""max_iter"":300,""max_leaf_nodes"":31,""min_samples_leaf"":10}",ok,757,2.693635486185184,3.2875223048495723,2.5402906208718625,2.412931191958497,1.0603650873854311,1.362460030275956,7.360862600151449,
442e43902fdebf5d4928,home,xgboost,all,"{""colsample_bytree"":0.9,""learning_rate"":0.05,""max_depth"":6,""min_child_weight"":5.0,""n_estimators"":500,""objective"":""reg:tweedie"",""reg_lambda"":1.0,""subsample"":0.9,""tweedie_variance_power"":1.5}",ok,757,2.680330743484169,3.2891165595467613,2.5402906208718625,2.412931191958497,1.0551275989690672,1.363120743147712,13.124692699871956,
6dd2ef45a687e3ffe4cf,home,lightgbm,dratings_plus_bullpen,"{""colsample_bytree"":0.9,""learning_rate"":0.05,""min_child_samples"":10,""n_estimators"":500,""num_leaves"":31,""objective"":""tweedie"",""reg_lambda"":1.0,""subsample"":0.9,""tweedie_variance_power"":1.5}",ok,757,2.706650783933714,3.3087452256824963,2.5402906208718625,2.412931191958497,1.0654886341330323,1.3712555238663464,2.5467087998986244,
c8bc5cf911a2f73470e2,home,xgboost,dratings_plus_pitcher,"{""colsample_bytree"":0.9,""learning_rate"":0.025,""max_depth"":6,""min_child_weight"":1.0,""n_estimators"":500,""objective"":""reg:tweedie"",""reg_lambda"":1.0,""subsample"":0.9,""tweedie_variance_power"":1.5}",ok,757,2.657546393937447,3.3096435573887923,2.5402906208718625,2.412931191958497,1.0461584088458906,1.3716278227985703,5.444435300305486,
a7fc1bc00c06d231c5c5,home,xgboost,bullpen_only,"{""colsample_bytree"":0.9,""learning_rate"":0.05,""max_depth"":6,""min_child_weight"":5.0,""n_estimators"":500,""objective"":""reg:tweedie"",""reg_lambda"":1.0,""subsample"":0.9,""tweedie_variance_power"":1.5}",ok,757,2.7091636926211327,3.3169244620795544,2.5402906208718625,2.412931191958497,1.0664778550775855,1.3746452750636935,4.213071499951184,
32c0fb5e366aa256deaf,home,lightgbm,no_dratings_prob,"{""colsample_bytree"":0.9,""learning_rate"":0.1,""min_child_samples"":30,""n_estimators"":500,""num_leaves"":31,""objective"":""tweedie"",""reg_lambda"":1.0,""subsample"":0.9,""tweedie_variance_power"":1.5}",ok,757,2.68672687765992,3.319556038335972,2.5402906208718625,2.412931191958497,1.0576454739410084,1.3757358889465876,2.593735800124705,
1885039cf7768a39e81a,home,lightgbm,no_dratings,"{""colsample_bytree"":0.9,""learning_rate"":0.1,""min_child_samples"":10,""n_estimators"":500,""num_leaves"":15,""objective"":""tweedie"",""reg_lambda"":1.0,""subsample"":0.9,""tweedie_variance_power"":1.5}",ok,757,2.731097285847707,3.3227481254222204,2.5402906208718625,2.412931191958497,1.075112140086695,1.3770587974061768,1.3787243999540806,
81df7be94f08c7d2cf6f,home,xgboost,dratings_plus_bullpen,"{""colsample_bytree"":0.9,""learning_rate"":0.1,""max_depth"":6,""min_child_weight"":1.0,""n_estimators"":500,""objective"":""count:poisson"",""reg_lambda"":1.0,""subsample"":0.9,""tweedie_variance_power"":null}",ok,757,2.7062212983478484,3.3244934828969064,2.5402906208718625,2.412931191958497,1.0653195646642335,1.377782132360983,5.407979500014335,
705d04eaff3363854578,home,xgboost,dratings_plus_pitcher,"{""colsample_bytree"":0.9,""learning_rate"":0.1,""max_depth"":3,""min_child_weight"":5.0,""n_estimators"":500,""objective"":""reg:tweedie"",""reg_lambda"":1.0,""subsample"":0.9,""tweedie_variance_power"":1.5}",ok,757,2.7248190541012285,3.3350882223469287,2.5402906208718625,2.412931191958497,1.072640678083531,1.382172949424201,2.4925599000416696,
6c8f29738100106533bf,home,lightgbm,dratings_only,"{""colsample_bytree"":0.9,""learning_rate"":0.1,""min_child_samples"":30,""n_estimators"":500,""num_leaves"":31,""objective"":""tweedie"",""reg_lambda"":1.0,""subsample"":0.9,""tweedie_variance_power"":1.5}",ok,757,2.9085429936026386,3.3365597744537023,2.5402906208718625,2.412931191958497,1.144964662588246,1.3827828102074995,1.566977399867028,
ffad4d804ce8fb583071,home,lightgbm,dratings_plus_pitcher,"{""colsample_bytree"":0.9,""learning_rate"":0.05,""min_child_samples"":10,""n_estimators"":500,""num_leaves"":31,""objective"":""tweedie"",""reg_lambda"":1.0,""subsample"":0.9,""tweedie_variance_power"":1.5}",ok,757,2.726390757107505,3.3450171501871395,2.5402906208718625,2.412931191958497,1.0732593880033183,1.3862878317189389,1.8574508000165224,
a566e3fd73a402269d0e,home,xgboost,pitcher_only,"{""colsample_bytree"":0.9,""learning_rate"":0.025,""max_depth"":6,""min_child_weight"":1.0,""n_estimators"":500,""objective"":""reg:tweedie"",""reg_lambda"":1.0,""subsample"":0.9,""tweedie_variance_power"":1.5}",ok,757,2.6887952260564782,3.348577064907676,2.5402906208718625,2.412931191958497,1.058459691172519,1.3877631803457045,5.427880799863488,
7ade38840a3220093a3d,home,lightgbm,no_dratings,"{""colsample_bytree"":0.9,""learning_rate"":0.1,""min_child_samples"":30,""n_estimators"":500,""num_leaves"":31,""objective"":""tweedie"",""reg_lambda"":1.0,""subsample"":0.9,""tweedie_variance_power"":1.5}",ok,757,2.7145940625282186,3.350732805222958,2.5402906208718625,2.412931191958497,1.068615551395664,1.3886565917792617,2.333819900173694,
6a77181a5da8dc6bb4c5,home,lightgbm,no_dratings,"{""colsample_bytree"":0.9,""learning_rate"":0.05,""min_child_samples"":10,""n_estimators"":500,""num_leaves"":31,""objective"":""tweedie"",""reg_lambda"":1.0,""subsample"":0.9,""tweedie_variance_power"":1.5}",ok,757,2.6873837055659227,3.355020295631677,2.5402906208718625,2.412931191958497,1.0579040380204907,1.3904334722899898,2.880482899956405,
8b7588c446544d0a7fdc,home,xgboost,no_dratings_prob,"{""colsample_bytree"":0.9,""learning_rate"":0.05,""max_depth"":6,""min_child_weight"":5.0,""n_estimators"":500,""objective"":""reg:tweedie"",""reg_lambda"":1.0,""subsample"":0.9,""tweedie_variance_power"":1.5}",ok,757,2.695305628143497,3.356805070542276,2.5402906208718625,2.412931191958497,1.0610225483643407,1.391173143158578,8.956382800359279,
2830232b0d167bbef791,home,lightgbm,dratings_plus_bullpen,"{""colsample_bytree"":0.9,""learning_rate"":0.1,""min_child_samples"":30,""n_estimators"":500,""num_leaves"":15,""objective"":""tweedie"",""reg_lambda"":1.0,""subsample"":0.9,""tweedie_variance_power"":1.5}",ok,757,2.7562925999033423,3.365370291062896,2.5402906208718625,2.412931191958497,1.0850304202427614,1.3947228591841176,1.4140158002264798,
5537a8c0e902a7c79345,home,lightgbm,all,"{""colsample_bytree"":0.9,""learning_rate"":0.1,""min_child_samples"":30,""n_estimators"":500,""num_leaves"":31,""objective"":""tweedie"",""reg_lambda"":1.0,""subsample"":0.9,""tweedie_variance_power"":1.5}",ok,757,2.714343231447866,3.369475364657213,2.5402906208718625,2.412931191958497,1.06851681029955,1.3964241400196415,2.694914699997753,
759b96a42924782f8b7e,home,lightgbm,dratings_plus_pitcher,"{""colsample_bytree"":0.9,""learning_rate"":0.1,""min_child_samples"":30,""n_estimators"":500,""num_leaves"":31,""objective"":""tweedie"",""reg_lambda"":1.0,""subsample"":0.9,""tweedie_variance_power"":1.5}",ok,757,2.7031391033842547,3.3705052942746843,2.5402906208718625,2.412931191958497,1.0641062409058142,1.3968509775610118,1.7266428000293672,
dd00cff3a3ee207d3c37,home,lightgbm,bullpen_only,"{""colsample_bytree"":0.9,""learning_rate"":0.1,""min_child_samples"":30,""n_estimators"":500,""num_leaves"":15,""objective"":""tweedie"",""reg_lambda"":1.0,""subsample"":0.9,""tweedie_variance_power"":1.5}",ok,757,2.7424071614744867,3.371336621443452,2.5402906208718625,2.412931191958497,1.0795643376163215,1.3971955075548792,0.8733974997885525,
9d7c9a1e3a6e7fece605,home,lightgbm,dratings_only,"{""colsample_bytree"":0.9,""learning_rate"":0.05,""min_child_samples"":10,""n_estimators"":500,""num_leaves"":31,""objective"":""regression"",""reg_lambda"":1.0,""subsample"":0.9,""tweedie_variance_power"":null}",ok,757,2.902148656435019,3.3741524833564323,2.5402906208718625,2.412931191958497,1.1424474950188817,1.3983624956241472,1.6704366998746991,
1b8732d7c802d9c44b66,home,lightgbm,bullpen_only,"{""colsample_bytree"":0.9,""learning_rate"":0.1,""min_child_samples"":10,""n_estimators"":500,""num_leaves"":15,""objective"":""tweedie"",""reg_lambda"":1.0,""subsample"":0.9,""tweedie_variance_power"":1.5}",ok,757,2.7499209808442826,3.3835989343788127,2.5402906208718625,2.412931191958497,1.082522195787375,1.4022774232664532,0.957757799886167,
d0dbb729166631ae3eb2,home,xgboost,pitcher_only,"{""colsample_bytree"":0.9,""learning_rate"":0.1,""max_depth"":6,""min_child_weight"":5.0,""n_estimators"":500,""objective"":""count:poisson"",""reg_lambda"":1.0,""subsample"":0.9,""tweedie_variance_power"":null}",ok,757,2.684351865020107,3.398879010792842,2.5402906208718625,2.412931191958497,1.0567105365679776,1.4086100018600545,5.4201366999186575,
35e8ca6476423c28b3b9,home,xgboost,dratings_plus_bullpen,"{""colsample_bytree"":0.9,""learning_rate"":0.05,""max_depth"":6,""min_child_weight"":5.0,""n_estimators"":500,""objective"":""reg:tweedie"",""reg_lambda"":1.0,""subsample"":0.9,""tweedie_variance_power"":1.5}",ok,757,2.741855695981488,3.4023651331732387,2.5402906208718625,2.412931191958497,1.0793472500561552,1.4100547684543174,5.308964000083506,
f079b9fc861d46c296e1,home,xgboost,pitcher_only,"{""colsample_bytree"":0.9,""learning_rate"":0.1,""max_depth"":3,""min_child_weight"":5.0,""n_estimators"":500,""objective"":""reg:tweedie"",""reg_lambda"":1.0,""subsample"":0.9,""tweedie_variance_power"":1.5}",ok,757,2.7709996306597007,3.4188393970395183,2.5402906208718625,2.412931191958497,1.090819927409981,1.416882258571393,2.89515360025689,
9517d91a5d4a334b3731,home,lightgbm,pitcher_only,"{""colsample_bytree"":0.9,""learning_rate"":0.1,""min_child_samples"":30,""n_estimators"":500,""num_leaves"":15,""objective"":""tweedie"",""reg_lambda"":1.0,""subsample"":0.9,""tweedie_variance_power"":1.5}",ok,757,2.8235296622538373,3.424029359180329,2.5402906208718625,2.412931191958497,1.1114986761966483,1.4190331537805507,0.87587929982692,
1733992887c3eb882458,home,lightgbm,dratings_plus_bullpen,"{""colsample_bytree"":0.9,""learning_rate"":0.1,""min_child_samples"":10,""n_estimators"":500,""num_leaves"":15,""objective"":""tweedie"",""reg_lambda"":1.0,""subsample"":0.9,""tweedie_variance_power"":1.5}",ok,757,2.743968593724823,3.4253034746925803,2.5402906208718625,2.412931191958497,1.0801790043940152,1.4195611901856071,1.4825160996988416,
bc8c7daac7442c65d0f1,home,xgboost,dratings_plus_pitcher,"{""colsample_bytree"":0.9,""learning_rate"":0.1,""max_depth"":6,""min_child_weight"":5.0,""n_estimators"":500,""objective"":""count:poisson"",""reg_lambda"":1.0,""subsample"":0.9,""tweedie_variance_power"":null}",ok,757,2.68774397755866,3.4258312016232653,2.5402906208718625,2.412931191958497,1.0580458611606374,1.4197798980097027,5.717210799921304,
27830a2cb784e0ffd1a3,home,lightgbm,dratings_plus_pitcher,"{""colsample_bytree"":0.9,""learning_rate"":0.1,""min_child_samples"":10,""n_estimators"":500,""num_leaves"":15,""objective"":""tweedie"",""reg_lambda"":1.0,""subsample"":0.9,""tweedie_variance_power"":1.5}",ok,757,2.738598850974499,3.4259355982980098,2.5402906208718625,2.412931191958497,1.078065174304574,1.41982316350981,0.9252536003477873,
f2d2b599afbd4fdd34bc,home,xgboost,dratings_only,"{""colsample_bytree"":0.9,""learning_rate"":0.1,""max_depth"":6,""min_child_weight"":1.0,""n_estimators"":500,""objective"":""reg:squarederror"",""reg_lambda"":1.0,""subsample"":0.9,""tweedie_variance_power"":null}",ok,757,3.001947483178253,3.434784706833868,2.5402906208718625,2.412931191958497,1.181733876633353,1.4234905322956872,5.046589200384915,
407b3f8bdf32c0861d2a,home,lightgbm,bullpen_only,"{""colsample_bytree"":0.9,""learning_rate"":0.05,""min_child_samples"":10,""n_estimators"":500,""num_leaves"":31,""objective"":""tweedie"",""reg_lambda"":1.0,""subsample"":0.9,""tweedie_variance_power"":1.5}",ok,757,2.725888742074415,3.4484555118541165,2.5402906208718625,2.412931191958497,1.0730617669008489,1.4291561745924128,1.8580033001489935,
e2ddfd875a278b9593ee,home,lightgbm,pitcher_only,"{""colsample_bytree"":0.9,""learning_rate"":0.1,""min_child_samples"":30,""n_estimators"":500,""num_leaves"":31,""objective"":""tweedie"",""reg_lambda"":1.0,""subsample"":0.9,""tweedie_variance_power"":1.5}",ok,757,2.755443647240472,3.4521886873850955,2.5402906208718625,2.412931191958497,1.0846962251487453,1.4307033283377912,1.8044090997427704,
21dc7eae90c012f224f6,home,xgboost,bullpen_only,"{""colsample_bytree"":0.9,""learning_rate"":0.05,""max_depth"":6,""min_child_weight"":1.0,""n_estimators"":500,""objective"":""reg:tweedie"",""reg_lambda"":1.0,""subsample"":0.9,""tweedie_variance_power"":1.5}",ok,757,2.739563834517604,3.4989613609654464,2.5402906208718625,2.412931191958497,1.0784450456213346,1.4500875004750775,4.669588299933821,
dd749030846a70e7d784,home,lightgbm,pitcher_only,"{""colsample_bytree"":0.9,""learning_rate"":0.05,""min_child_samples"":10,""n_estimators"":500,""num_leaves"":31,""objective"":""tweedie"",""reg_lambda"":1.0,""subsample"":0.9,""tweedie_variance_power"":1.5}",ok,757,2.7314657177965027,3.505779245793571,2.5402906208718625,2.412931191958497,1.075257175440433,1.4529130617056862,1.882241299841553,
114f90750ed970438875,home,lightgbm,pitcher_only,"{""colsample_bytree"":0.9,""learning_rate"":0.1,""min_child_samples"":10,""n_estimators"":500,""num_leaves"":15,""objective"":""tweedie"",""reg_lambda"":1.0,""subsample"":0.9,""tweedie_variance_power"":1.5}",ok,757,2.754178063880661,3.517813104235785,2.5402906208718625,2.412931191958497,1.084198020986823,1.4579002981765476,0.8220788999460638,
6dde449ff5a5f26d1b13,home,xgboost,dratings_only,"{""colsample_bytree"":0.9,""learning_rate"":0.1,""max_depth"":6,""min_child_weight"":5.0,""n_estimators"":500,""objective"":""reg:tweedie"",""reg_lambda"":1.0,""subsample"":0.9,""tweedie_variance_power"":1.5}",ok,757,2.9108711757464643,3.520494456496344,2.5402906208718625,2.412931191958497,1.145881164867433,1.4590115409129731,2.661128600127995,
b130d64058593a25a5a3,home,xgboost,dratings_plus_pitcher,"{""colsample_bytree"":0.9,""learning_rate"":0.1,""max_depth"":3,""min_child_weight"":1.0,""n_estimators"":500,""objective"":""reg:tweedie"",""reg_lambda"":1.0,""subsample"":0.9,""tweedie_variance_power"":1.5}",ok,757,2.753340990807925,3.526355504307752,2.5402906208718625,2.412931191958497,1.0838685023617265,1.4614405566391326,2.612009299919009,
fab8e349d4ec7b0132b1,home,lightgbm,bullpen_only,"{""colsample_bytree"":0.9,""learning_rate"":0.1,""min_child_samples"":30,""n_estimators"":500,""num_leaves"":31,""objective"":""tweedie"",""reg_lambda"":1.0,""subsample"":0.9,""tweedie_variance_power"":1.5}",ok,757,2.767811781698645,3.529216449168997,2.5402906208718625,2.412931191958497,1.0895650123483485,1.4626262286014249,1.614068299997598,
af13a7eefe6629791309,home,lightgbm,dratings_only,"{""colsample_bytree"":0.9,""learning_rate"":0.1,""min_child_samples"":10,""n_estimators"":500,""num_leaves"":31,""objective"":""tweedie"",""reg_lambda"":1.0,""subsample"":0.9,""tweedie_variance_power"":1.5}",ok,757,2.9272591317023227,3.545773857998134,2.5402906208718625,2.412931191958497,1.1523323778984182,1.469488176793034,1.6442598002031446,
822b87739965b6bbec3b,home,lightgbm,dratings_plus_bullpen,"{""colsample_bytree"":0.9,""learning_rate"":0.1,""min_child_samples"":30,""n_estimators"":500,""num_leaves"":31,""objective"":""tweedie"",""reg_lambda"":1.0,""subsample"":0.9,""tweedie_variance_power"":1.5}",ok,757,2.787272158532188,3.5593642809503745,2.5402906208718625,2.412931191958497,1.097225701512671,1.475120506051959,2.2706757998093963,
39bc66e68ad34820d3cd,home,lightgbm,dratings_plus_pitcher,"{""colsample_bytree"":0.9,""learning_rate"":0.1,""min_child_samples"":10,""n_estimators"":500,""num_leaves"":31,""objective"":""tweedie"",""reg_lambda"":1.0,""subsample"":0.9,""tweedie_variance_power"":1.5}",ok,757,2.753554334030944,3.5889735433681587,2.5402906208718625,2.412931191958497,1.0839524861473866,1.4873915822088182,1.7955959998071194,
cf9f33246bb511fe71d6,home,xgboost,no_dratings,"{""colsample_bytree"":0.9,""learning_rate"":0.05,""max_depth"":6,""min_child_weight"":1.0,""n_estimators"":500,""objective"":""reg:tweedie"",""reg_lambda"":1.0,""subsample"":0.9,""tweedie_variance_power"":1.5}",ok,757,2.736921725492024,3.5931673119381293,2.5402906208718625,2.412931191958497,1.077404964221249,1.4891296212312102,6.775824600365013,
f92f640e66abd67de7a9,home,xgboost,dratings_plus_pitcher,"{""colsample_bytree"":0.9,""learning_rate"":0.05,""max_depth"":6,""min_child_weight"":5.0,""n_estimators"":500,""objective"":""reg:tweedie"",""reg_lambda"":1.0,""subsample"":0.9,""tweedie_variance_power"":1.5}",ok,757,2.733690398116565,3.599853701659616,2.5402906208718625,2.412931191958497,1.07613293363195,1.4919006864583373,4.7618805998936296,
ab87fa2cdf1861fc037e,home,xgboost,dratings_plus_bullpen,"{""colsample_bytree"":0.9,""learning_rate"":0.05,""max_depth"":6,""min_child_weight"":1.0,""n_estimators"":500,""objective"":""reg:tweedie"",""reg_lambda"":1.0,""subsample"":0.9,""tweedie_variance_power"":1.5}",ok,757,2.777355851908184,3.608796246100952,2.5402906208718625,2.412931191958497,1.0933220904287546,1.4956067782321678,5.476256299763918,
a2c6abc2ea34d617e96e,home,lightgbm,all,"{""colsample_bytree"":0.9,""learning_rate"":0.1,""min_child_samples"":10,""n_estimators"":500,""num_leaves"":31,""objective"":""tweedie"",""reg_lambda"":1.0,""subsample"":0.9,""tweedie_variance_power"":1.5}",ok,757,2.7261231954395715,3.6104130790734494,2.5402906208718625,2.412931191958497,1.0731540608152657,1.4962768483020834,3.658583300188184,
5f6bd67b2562ade48c72,home,xgboost,pitcher_only,"{""colsample_bytree"":0.9,""learning_rate"":0.05,""max_depth"":6,""min_child_weight"":5.0,""n_estimators"":500,""objective"":""reg:tweedie"",""reg_lambda"":1.0,""subsample"":0.9,""tweedie_variance_power"":1.5}",ok,757,2.717924716529317,3.611599757500729,2.5402906208718625,2.412931191958497,1.0699266824818998,1.4967686478325608,4.98509670002386,
d8fa1d35bf9f2384d52a,home,xgboost,no_dratings_prob,"{""colsample_bytree"":0.9,""learning_rate"":0.05,""max_depth"":6,""min_child_weight"":1.0,""n_estimators"":500,""objective"":""reg:tweedie"",""reg_lambda"":1.0,""subsample"":0.9,""tweedie_variance_power"":1.5}",ok,757,2.740777598071445,3.625955531016667,2.5402906208718625,2.412931191958497,1.0789228506188684,1.5027181641568477,10.840791299939156,
cd7ec5222dc8dc4d4ed9,home,lightgbm,no_dratings_prob,"{""colsample_bytree"":0.9,""learning_rate"":0.1,""min_child_samples"":10,""n_estimators"":500,""num_leaves"":31,""objective"":""tweedie"",""reg_lambda"":1.0,""subsample"":0.9,""tweedie_variance_power"":1.5}",ok,757,2.766842396933891,3.6267532174820554,2.5402906208718625,2.412931191958497,1.0891834084653955,1.5030487523095666,3.38996750023216,
8d0e3e772be3bd3378f6,home,xgboost,pitcher_only,"{""colsample_bytree"":0.9,""learning_rate"":0.1,""max_depth"":3,""min_child_weight"":1.0,""n_estimators"":500,""objective"":""reg:tweedie"",""reg_lambda"":1.0,""subsample"":0.9,""tweedie_variance_power"":1.5}",ok,757,2.7999590456564487,3.631946510064442,2.5402906208718625,2.412931191958497,1.1022199675309057,1.505201027765947,2.9451896003447477,
970c181c01dfec026be1,home,xgboost,pitcher_only,"{""colsample_bytree"":0.9,""learning_rate"":0.1,""max_depth"":6,""min_child_weight"":1.0,""n_estimators"":500,""objective"":""count:poisson"",""reg_lambda"":1.0,""subsample"":0.9,""tweedie_variance_power"":null}",ok,757,2.7463182049903088,3.689288982868951,2.5402906208718625,2.412931191958497,1.08110394237008,1.5289656808963856,5.196613200008869,
12cd33dcefeb47a27aaa,home,xgboost,dratings_only,"{""colsample_bytree"":0.9,""learning_rate"":0.1,""max_depth"":6,""min_child_weight"":1.0,""n_estimators"":500,""objective"":""reg:tweedie"",""reg_lambda"":1.0,""subsample"":0.9,""tweedie_variance_power"":1.5}",ok,757,2.886327075281105,3.6904623692747753,2.5402906208718625,2.412931191958497,1.1362192386832015,1.5294519717652406,2.7368025998584926,
81c0a44bd6f6dba31734,home,xgboost,dratings_plus_pitcher,"{""colsample_bytree"":0.9,""learning_rate"":0.1,""max_depth"":6,""min_child_weight"":1.0,""n_estimators"":500,""objective"":""count:poisson"",""reg_lambda"":1.0,""subsample"":0.9,""tweedie_variance_power"":null}",ok,757,2.7614262862084247,3.6960015398425066,2.5402906208718625,2.412931191958497,1.0870513253560985,1.531747590714588,5.417179099749774,
23c0ccc5f4ea9e7f556f,home,xgboost,all,"{""colsample_bytree"":0.9,""learning_rate"":0.05,""max_depth"":6,""min_child_weight"":1.0,""n_estimators"":500,""objective"":""reg:tweedie"",""reg_lambda"":1.0,""subsample"":0.9,""tweedie_variance_power"":1.5}",ok,757,2.7445620816481475,3.700986110868844,2.5402906208718625,2.412931191958497,1.08041263432535,1.5338133649243744,12.312038599979132,
ab507ffeeb56c39ae1cf,home,lightgbm,dratings_plus_bullpen,"{""colsample_bytree"":0.9,""learning_rate"":0.1,""min_child_samples"":10,""n_estimators"":500,""num_leaves"":31,""objective"":""tweedie"",""reg_lambda"":1.0,""subsample"":0.9,""tweedie_variance_power"":1.5}",ok,757,2.803143493609189,3.729079950778257,2.5402906208718625,2.412931191958497,1.103473543766072,1.545456398925112,2.9047715002670884,
ffd1d7a460956b30a04e,home,xgboost,no_dratings,"{""colsample_bytree"":0.9,""learning_rate"":0.1,""max_depth"":6,""min_child_weight"":5.0,""n_estimators"":500,""objective"":""reg:tweedie"",""reg_lambda"":1.0,""subsample"":0.9,""tweedie_variance_power"":1.5}",ok,757,2.792228605347234,3.737305762410677,2.5402906208718625,2.412931191958497,1.0991768352822964,1.548865452469545,5.984898800030351,
a4b0d69db507431b708d,home,xgboost,dratings_plus_bullpen,"{""colsample_bytree"":0.9,""learning_rate"":0.1,""max_depth"":6,""min_child_weight"":5.0,""n_estimators"":500,""objective"":""reg:tweedie"",""reg_lambda"":1.0,""subsample"":0.9,""tweedie_variance_power"":1.5}",ok,757,2.8212251438804787,3.763308632667752,2.5402906208718625,2.412931191958497,1.1105914892966835,1.5596419181821746,4.74371589999646,
a50ad6052273ec60114c,home,lightgbm,no_dratings,"{""colsample_bytree"":0.9,""learning_rate"":0.1,""min_child_samples"":10,""n_estimators"":500,""num_leaves"":31,""objective"":""tweedie"",""reg_lambda"":1.0,""subsample"":0.9,""tweedie_variance_power"":1.5}",ok,757,2.773196058888085,3.771407867466217,2.5402906208718625,2.412931191958497,1.0916845640032662,1.5629985140210687,2.697817000094801,
3190f358481650e0d100,home,xgboost,no_dratings_prob,"{""colsample_bytree"":0.9,""learning_rate"":0.1,""max_depth"":6,""min_child_weight"":5.0,""n_estimators"":500,""objective"":""reg:tweedie"",""reg_lambda"":1.0,""subsample"":0.9,""tweedie_variance_power"":1.5}",ok,757,2.7906116690078218,3.7900995458309423,2.5402906208718625,2.412931191958497,1.098540319000999,1.57074497543158,7.8071858999319375,
c0e22ded4f01e8d3cfb4,home,xgboost,bullpen_only,"{""colsample_bytree"":0.9,""learning_rate"":0.1,""max_depth"":6,""min_child_weight"":5.0,""n_estimators"":500,""objective"":""reg:tweedie"",""reg_lambda"":1.0,""subsample"":0.9,""tweedie_variance_power"":1.5}",ok,757,2.82177209621849,3.818834560432752,2.5402906208718625,2.412931191958497,1.1108068002274554,1.5826537338319744,4.21068979986012,
9f18cecf224e764f78f2,home,lightgbm,bullpen_only,"{""colsample_bytree"":0.9,""learning_rate"":0.1,""min_child_samples"":10,""n_estimators"":500,""num_leaves"":31,""objective"":""tweedie"",""reg_lambda"":1.0,""subsample"":0.9,""tweedie_variance_power"":1.5}",ok,757,2.833573384079529,3.8294049777257393,2.5402906208718625,2.412931191958497,1.115452445006866,1.587034470973678,1.8910044999793167,
5e57e01477424dbc41d8,home,xgboost,all,"{""colsample_bytree"":0.9,""learning_rate"":0.1,""max_depth"":6,""min_child_weight"":5.0,""n_estimators"":500,""objective"":""reg:tweedie"",""reg_lambda"":1.0,""subsample"":0.9,""tweedie_variance_power"":1.5}",ok,757,2.8000665663727995,3.904248863156414,2.5402906208718625,2.412931191958497,1.102262293678736,1.6180522992814657,6.813895000144839,
dcab48471259cae6dea4,home,xgboost,dratings_plus_pitcher,"{""colsample_bytree"":0.9,""learning_rate"":0.05,""max_depth"":6,""min_child_weight"":1.0,""n_estimators"":500,""objective"":""reg:tweedie"",""reg_lambda"":1.0,""subsample"":0.9,""tweedie_variance_power"":1.5}",ok,757,2.765789122255507,3.935630094493196,2.5402906208718625,2.412931191958497,1.0887687808358912,1.631057739072441,5.644311000127345,
c56271804c5644f4df38,home,xgboost,pitcher_only,"{""colsample_bytree"":0.9,""learning_rate"":0.05,""max_depth"":6,""min_child_weight"":1.0,""n_estimators"":500,""objective"":""reg:tweedie"",""reg_lambda"":1.0,""subsample"":0.9,""tweedie_variance_power"":1.5}",ok,757,2.8027758679034056,3.985789273265653,2.5402906208718625,2.412931191958497,1.1033288257945284,1.6518453930841348,5.338333200197667,
f38e4c4f207dfcf002fc,home,lightgbm,pitcher_only,"{""colsample_bytree"":0.9,""learning_rate"":0.1,""min_child_samples"":10,""n_estimators"":500,""num_leaves"":31,""objective"":""tweedie"",""reg_lambda"":1.0,""subsample"":0.9,""tweedie_variance_power"":1.5}",ok,757,2.826801525376413,3.993545702035653,2.5402906208718625,2.412931191958497,1.112786663915728,1.655059918552515,1.747326699551195,
c55b29ab019184e85442,home,xgboost,dratings_plus_bullpen,"{""colsample_bytree"":0.9,""learning_rate"":0.1,""max_depth"":6,""min_child_weight"":1.0,""n_estimators"":500,""objective"":""reg:tweedie"",""reg_lambda"":1.0,""subsample"":0.9,""tweedie_variance_power"":1.5}",ok,757,2.8560719892796,4.140539441953283,2.5402906208718625,2.412931191958497,1.1243091502260307,1.715979077958101,5.136154499836266,
cdd9dcb513ac8195655c,home,xgboost,bullpen_only,"{""colsample_bytree"":0.9,""learning_rate"":0.1,""max_depth"":6,""min_child_weight"":1.0,""n_estimators"":500,""objective"":""reg:tweedie"",""reg_lambda"":1.0,""subsample"":0.9,""tweedie_variance_power"":1.5}",ok,757,2.869912033351913,4.175678995404521,2.5402906208718625,2.412931191958497,1.1297573631031714,1.730542093086069,4.439917900133878,
f5533b3eb1e81d5ecd88,home,xgboost,all,"{""colsample_bytree"":0.9,""learning_rate"":0.1,""max_depth"":6,""min_child_weight"":1.0,""n_estimators"":500,""objective"":""reg:tweedie"",""reg_lambda"":1.0,""subsample"":0.9,""tweedie_variance_power"":1.5}",ok,757,2.834182134589557,4.237080792481014,2.5402906208718625,2.412931191958497,1.115692083143159,1.755989066991137,7.471117899753153,
d9b7dce15cae68c4d19a,home,xgboost,pitcher_only,"{""colsample_bytree"":0.9,""learning_rate"":0.1,""max_depth"":6,""min_child_weight"":5.0,""n_estimators"":500,""objective"":""reg:tweedie"",""reg_lambda"":1.0,""subsample"":0.9,""tweedie_variance_power"":1.5}",ok,757,2.8646506002588663,4.249183304260093,2.5402906208718625,2.412931191958497,1.1276861697326894,1.7610047557183637,5.483228800352663,
25a00aff366741f6c450,home,xgboost,no_dratings_prob,"{""colsample_bytree"":0.9,""learning_rate"":0.1,""max_depth"":6,""min_child_weight"":1.0,""n_estimators"":500,""objective"":""reg:tweedie"",""reg_lambda"":1.0,""subsample"":0.9,""tweedie_variance_power"":1.5}",ok,757,2.870311159537207,4.277011990128258,2.5402906208718625,2.412931191958497,1.129914481419483,1.7725379009489068,7.770094899926335,
6abe0b8e8f411376b79a,home,xgboost,dratings_plus_pitcher,"{""colsample_bytree"":0.9,""learning_rate"":0.1,""max_depth"":6,""min_child_weight"":5.0,""n_estimators"":500,""objective"":""reg:tweedie"",""reg_lambda"":1.0,""subsample"":0.9,""tweedie_variance_power"":1.5}",ok,757,2.8666072306536936,4.308139767535369,2.5402906208718625,2.412931191958497,1.1284564085308613,1.7854383008902104,4.671639199834317,
f55b9bc5798fbae1976a,home,xgboost,no_dratings,"{""colsample_bytree"":0.9,""learning_rate"":0.1,""max_depth"":6,""min_child_weight"":1.0,""n_estimators"":500,""objective"":""reg:tweedie"",""reg_lambda"":1.0,""subsample"":0.9,""tweedie_variance_power"":1.5}",ok,757,2.885684138127016,4.358815861617986,2.5402906208718625,2.412931191958497,1.1359661427780297,1.80644018202611,6.544472299981862,
ba0f4d10f81227a1f9ec,home,xgboost,pitcher_only,"{""colsample_bytree"":0.9,""learning_rate"":0.1,""max_depth"":6,""min_child_weight"":1.0,""n_estimators"":500,""objective"":""reg:tweedie"",""reg_lambda"":1.0,""subsample"":0.9,""tweedie_variance_power"":1.5}",ok,757,2.869064442429549,4.68298060249153,2.5402906208718625,2.412931191958497,1.1294237040661304,1.9407849747636228,5.126239900011569,
f44d7d6eae8495f52baa,home,xgboost,dratings_plus_pitcher,"{""colsample_bytree"":0.9,""learning_rate"":0.1,""max_depth"":6,""min_child_weight"":1.0,""n_estimators"":500,""objective"":""reg:tweedie"",""reg_lambda"":1.0,""subsample"":0.9,""tweedie_variance_power"":1.5}",ok,757,2.894951065168119,4.737179678253311,2.5402906208718625,2.412931191958497,1.1396141218576528,1.9632468982293263,5.323899199720472,
176ee28b42cb16fae86b,home,poisson_glm,all,"{""alpha"":0.0,""solver"":""lbfgs""}",ok,757,22.387492099576885,42.24352223128411,2.5402906208718625,2.412931191958497,8.812964908673793,17.50713918907751,2.105836400296539,
17bf1e864d0db6b19a28,home,poisson_glm,pitcher_only,"{""alpha"":0.0,""solver"":""lbfgs""}",ok,757,26.194256466060512,49.83154995453223,2.5402906208718625,2.412931191958497,10.311519576083104,20.65187358868928,0.3267426998354494,
f02f6c97b806c2d3fe12,home,poisson_glm,no_dratings_prob,"{""alpha"":0.0,""solver"":""lbfgs""}",ok,757,48.96701101736748,95.41684021087384,2.5402906208718625,2.412931191958497,19.27614526268704,39.543954062538816,1.8456476000137627,
5ecda903393733c7c7d8,home,poisson_glm,no_dratings,"{""alpha"":0.0,""solver"":""lbfgs""}",ok,757,361.1371683114818,719.7807429451171,2.5402906208718625,2.412931191958497,142.16372148299104,298.30139597179925,2.629894899670034,
01324c3bc1c84d34fb31,home,hist_gradient_boosting,dratings_only,"{""l2_regularization"":0.0,""learning_rate"":0.05,""loss"":""squared_error"",""max_iter"":300,""max_leaf_nodes"":31,""min_samples_leaf"":10}",failed,757,,,2.5402906208718625,2.412931191958497,,,6.567766199819744,RuntimeError: hist_gradient_boosting emitted invalid predictions: nonfinite=0 nonpositive=1
e814ce2efbe7a912cb2d,home,hist_gradient_boosting,dratings_only,"{""l2_regularization"":0.0,""learning_rate"":0.1,""loss"":""squared_error"",""max_iter"":300,""max_leaf_nodes"":15,""min_samples_leaf"":10}",failed,757,,,2.5402906208718625,2.412931191958497,,,0.6435341001488268,RuntimeError: hist_gradient_boosting emitted invalid predictions: nonfinite=0 nonpositive=1
7bcd4a011d30f35feaf2,home,hist_gradient_boosting,dratings_only,"{""l2_regularization"":5.0,""learning_rate"":0.1,""loss"":""squared_error"",""max_iter"":300,""max_leaf_nodes"":15,""min_samples_leaf"":10}",failed,757,,,2.5402906208718625,2.412931191958497,,,0.6039460003376007,RuntimeError: hist_gradient_boosting emitted invalid predictions: nonfinite=0 nonpositive=1
97e49ec94687e37d28e0,home,hist_gradient_boosting,dratings_only,"{""l2_regularization"":0.0,""learning_rate"":0.1,""loss"":""squared_error"",""max_iter"":300,""max_leaf_nodes"":31,""min_samples_leaf"":10}",failed,757,,,2.5402906208718625,2.412931191958497,,,0.715608200058341,RuntimeError: hist_gradient_boosting emitted invalid predictions: nonfinite=0 nonpositive=2
467957f171848226ebae,home,hist_gradient_boosting,dratings_only,"{""l2_regularization"":5.0,""learning_rate"":0.1,""loss"":""squared_error"",""max_iter"":300,""max_leaf_nodes"":31,""min_samples_leaf"":10}",failed,757,,,2.5402906208718625,2.412931191958497,,,0.7404567999765277,RuntimeError: hist_gradient_boosting emitted invalid predictions: nonfinite=0 nonpositive=2
2786cb9a3d4d97fcf8db,home,hist_gradient_boosting,dratings_only,"{""l2_regularization"":0.0,""learning_rate"":0.1,""loss"":""squared_error"",""max_iter"":300,""max_leaf_nodes"":31,""min_samples_leaf"":30}",failed,757,,,2.5402906208718625,2.412931191958497,,,1.2045960002578795,RuntimeError: hist_gradient_boosting emitted invalid predictions: nonfinite=0 nonpositive=1
d79cd2982789e96dcb99,home,lightgbm,dratings_only,"{""colsample_bytree"":0.9,""learning_rate"":0.1,""min_child_samples"":10,""n_estimators"":500,""num_leaves"":15,""objective"":""regression"",""reg_lambda"":1.0,""subsample"":0.9,""tweedie_variance_power"":null}",failed,757,,,2.5402906208718625,2.412931191958497,,,0.2061465000733733,RuntimeError: lightgbm emitted invalid predictions: nonfinite=0 nonpositive=2
f2d2d6156bbb5a038a17,home,lightgbm,dratings_only,"{""colsample_bytree"":0.9,""learning_rate"":0.1,""min_child_samples"":30,""n_estimators"":500,""num_leaves"":15,""objective"":""regression"",""reg_lambda"":1.0,""subsample"":0.9,""tweedie_variance_power"":null}",failed,757,,,2.5402906208718625,2.412931191958497,,,0.4320116001181304,RuntimeError: lightgbm emitted invalid predictions: nonfinite=0 nonpositive=1
c980e07ae218775eebd8,home,lightgbm,dratings_only,"{""colsample_bytree"":0.9,""learning_rate"":0.1,""min_child_samples"":10,""n_estimators"":500,""num_leaves"":31,""objective"":""regression"",""reg_lambda"":1.0,""subsample"":0.9,""tweedie_variance_power"":null}",failed,757,,,2.5402906208718625,2.412931191958497,,,0.3907125000841915,RuntimeError: lightgbm emitted invalid predictions: nonfinite=0 nonpositive=2
5947c00911c1102bf817,home,lightgbm,dratings_only,"{""colsample_bytree"":0.9,""learning_rate"":0.1,""min_child_samples"":30,""n_estimators"":500,""num_leaves"":31,""objective"":""regression"",""reg_lambda"":1.0,""subsample"":0.9,""tweedie_variance_power"":null}",failed,757,,,2.5402906208718625,2.412931191958497,,,0.6788437999784946,RuntimeError: lightgbm emitted invalid predictions: nonfinite=0 nonpositive=1
11e6b37da160bee464b6,home,xgboost,dratings_only,"{""colsample_bytree"":0.9,""learning_rate"":0.1,""max_depth"":6,""min_child_weight"":5.0,""n_estimators"":500,""objective"":""reg:squarederror"",""reg_lambda"":1.0,""subsample"":0.9,""tweedie_variance_power"":null}",failed,757,,,2.5402906208718625,2.412931191958497,,,1.2194101996719835,RuntimeError: xgboost emitted invalid predictions: nonfinite=0 nonpositive=2
14e9fc274d24f348cbcb,home,xgboost,no_dratings,"{""colsample_bytree"":0.9,""learning_rate"":0.1,""max_depth"":3,""min_child_weight"":1.0,""n_estimators"":500,""objective"":""reg:squarederror"",""reg_lambda"":1.0,""subsample"":0.9,""tweedie_variance_power"":null}",failed,757,,,2.5402906208718625,2.412931191958497,,,2.0595611999742687,RuntimeError: xgboost emitted invalid predictions: nonfinite=0 nonpositive=1
ecc81e44502cca35ced3,home,xgboost,no_dratings,"{""colsample_bytree"":0.9,""learning_rate"":0.1,""max_depth"":3,""min_child_weight"":5.0,""n_estimators"":500,""objective"":""reg:squarederror"",""reg_lambda"":1.0,""subsample"":0.9,""tweedie_variance_power"":null}",failed,757,,,2.5402906208718625,2.412931191958497,,,2.0920561999082565,RuntimeError: xgboost emitted invalid predictions: nonfinite=0 nonpositive=1
3882bf55f91c16aa487e,home,xgboost,dratings_plus_pitcher,"{""colsample_bytree"":0.9,""learning_rate"":0.1,""max_depth"":3,""min_child_weight"":5.0,""n_estimators"":500,""objective"":""reg:squarederror"",""reg_lambda"":1.0,""subsample"":0.9,""tweedie_variance_power"":null}",failed,757,,,2.5402906208718625,2.412931191958497,,,3.4230571002699435,RuntimeError: xgboost emitted invalid predictions: nonfinite=0 nonpositive=1
bffe873395ffe771e0cf,home,xgboost,dratings_plus_bullpen,"{""colsample_bytree"":0.9,""learning_rate"":0.1,""max_depth"":3,""min_child_weight"":1.0,""n_estimators"":500,""objective"":""reg:squarederror"",""reg_lambda"":1.0,""subsample"":0.9,""tweedie_variance_power"":null}",failed,757,,,2.5402906208718625,2.412931191958497,,,2.567891799844801,RuntimeError: xgboost emitted invalid predictions: nonfinite=0 nonpositive=1
4adf34908258641d3f08,home,xgboost,dratings_plus_bullpen,"{""colsample_bytree"":0.9,""learning_rate"":0.1,""max_depth"":3,""min_child_weight"":5.0,""n_estimators"":500,""objective"":""reg:squarederror"",""reg_lambda"":1.0,""subsample"":0.9,""tweedie_variance_power"":null}",failed,757,,,2.5402906208718625,2.412931191958497,,,2.643211300019175,RuntimeError: xgboost emitted invalid predictions: nonfinite=0 nonpositive=1
05ad418451d3d059e4fb,home,hist_gradient_boosting,pitcher_only,"{""l2_regularization"":5.0,""learning_rate"":0.1,""loss"":""squared_error"",""max_iter"":300,""max_leaf_nodes"":15,""min_samples_leaf"":10}",failed,757,,,2.5402906208718625,2.412931191958497,,,0.9797074999660254,RuntimeError: hist_gradient_boosting emitted invalid predictions: nonfinite=0 nonpositive=1
4f94ac83ea076859ae77,home,hist_gradient_boosting,pitcher_only,"{""l2_regularization"":0.0,""learning_rate"":0.1,""loss"":""squared_error"",""max_iter"":300,""max_leaf_nodes"":15,""min_samples_leaf"":30}",failed,757,,,2.5402906208718625,2.412931191958497,,,0.9018228999339044,RuntimeError: hist_gradient_boosting emitted invalid predictions: nonfinite=0 nonpositive=1
119d6d7626899fd388ce,home,hist_gradient_boosting,pitcher_only,"{""l2_regularization"":5.0,""learning_rate"":0.1,""loss"":""squared_error"",""max_iter"":300,""max_leaf_nodes"":31,""min_samples_leaf"":30}",failed,757,,,2.5402906208718625,2.412931191958497,,,6.0549296997487545,RuntimeError: hist_gradient_boosting emitted invalid predictions: nonfinite=0 nonpositive=1
53d34583b8f4e40db234,home,lightgbm,pitcher_only,"{""colsample_bytree"":0.9,""learning_rate"":0.1,""min_child_samples"":10,""n_estimators"":500,""num_leaves"":15,""objective"":""regression"",""reg_lambda"":1.0,""subsample"":0.9,""tweedie_variance_power"":null}",failed,757,,,2.5402906208718625,2.412931191958497,,,0.4941714000888169,RuntimeError: lightgbm emitted invalid predictions: nonfinite=0 nonpositive=1
e840e677ef2bc906f5dd,home,lightgbm,pitcher_only,"{""colsample_bytree"":0.9,""learning_rate"":0.1,""min_child_samples"":30,""n_estimators"":500,""num_leaves"":15,""objective"":""regression"",""reg_lambda"":1.0,""subsample"":0.9,""tweedie_variance_power"":null}",failed,757,,,2.5402906208718625,2.412931191958497,,,0.2521786000579595,RuntimeError: lightgbm emitted invalid predictions: nonfinite=0 nonpositive=1
cc79e23daeaccfe06ade,home,xgboost,pitcher_only,"{""colsample_bytree"":0.9,""learning_rate"":0.1,""max_depth"":3,""min_child_weight"":5.0,""n_estimators"":500,""objective"":""reg:squarederror"",""reg_lambda"":1.0,""subsample"":0.9,""tweedie_variance_power"":null}",failed,757,,,2.5402906208718625,2.412931191958497,,,0.61225809995085,RuntimeError: xgboost emitted invalid predictions: nonfinite=0 nonpositive=1
85cf407cc3ef6460840f,home,xgboost,bullpen_only,"{""colsample_bytree"":0.9,""learning_rate"":0.1,""max_depth"":3,""min_child_weight"":1.0,""n_estimators"":500,""objective"":""reg:squarederror"",""reg_lambda"":1.0,""subsample"":0.9,""tweedie_variance_power"":null}",failed,757,,,2.5402906208718625,2.412931191958497,,,1.288237700238824,RuntimeError: xgboost emitted invalid predictions: nonfinite=0 nonpositive=1
384e7c3e14123c876d8d,home,xgboost,bullpen_only,"{""colsample_bytree"":0.9,""learning_rate"":0.1,""max_depth"":3,""min_child_weight"":5.0,""n_estimators"":500,""objective"":""reg:squarederror"",""reg_lambda"":1.0,""subsample"":0.9,""tweedie_variance_power"":null}",failed,757,,,2.5402906208718625,2.412931191958497,,,2.505963099654764,RuntimeError: xgboost emitted invalid predictions: nonfinite=0 nonpositive=1
