game_id,sport,league,game_date,game_time,home_team,away_team,market_type,bet_side,line,take_bet,dk_odds_american,model_prob,ev,kelly,low_confidence,gamePk,gameNumber,game_status,final_scores_generated_at,final_home_score,final_away_score,final_total,home_run_line,away_run_line,total,bet_result
1cc0a701f7797bb7a857a7b86d813bc3,baseball,mlb,2026_03_29,02:20 PM,Chicago Cubs,Washington Nationals,run_line,home,-1.5,home_run_line,-121.0,0.7598017379095415,0.3877370584959398,0.4691618407800869,0,824700,1,final,2026-08-30T13:46:52.825323+00:00,3,6,9,-1.5,1.5,9.5,Loss
1cc0a701f7797bb7a857a7b86d813bc3,baseball,mlb,2026_03_29,02:20 PM,Chicago Cubs,Washington Nationals,total,under,9.5,under_total,-114.0,0.6457171678131439,0.2121357360702878,0.241834739120128,0,824700,1,final,2026-08-30T13:46:52.825323+00:00,3,6,9,-1.5,1.5,9.5,Win
1cc0a701f7797bb7a857a7b86d813bc3,baseball,mlb,2026_03_29,02:20 PM,Chicago Cubs,Washington Nationals,moneyline,home,,home_moneyline,-250.0,0.9182662910749748,0.2855728075049646,0.7139320187624119,0,824700,1,final,2026-08-30T13:46:52.825323+00:00,3,6,9,-1.5,1.5,9.5,Loss
24c5b56e3ca8ad6f391c82da33200b32,baseball,mlb,2026_03_29,02:10 PM,Milwaukee Brewers,Chicago White Sox,run_line,home,-1.5,home_run_line,123.0,0.5821507491134056,0.2981961705228944,0.2424359109942231,0,823810,1,final,2026-08-30T13:46:52.825323+00:00,9,7,16,-1.5,1.5,7.5,Win
24c5b56e3ca8ad6f391c82da33200b32,baseball,mlb,2026_03_29,02:10 PM,Milwaukee Brewers,Chicago White Sox,total,over,7.5,over_total,-109.0,0.5949485889548642,0.1407729824914369,0.1534425509156662,0,823810,1,final,2026-08-30T13:46:52.825323+00:00,9,7,16,-1.5,1.5,7.5,Win
24c5b56e3ca8ad6f391c82da33200b32,baseball,mlb,2026_03_29,02:10 PM,Milwaukee Brewers,Chicago White Sox,moneyline,home,,home_moneyline,-175.0,0.8003435782816563,0.257682765871174,0.4509448402745547,0,823810,1,final,2026-08-30T13:46:52.825323+00:00,9,7,16,-1.5,1.5,7.5,Win
285b503fee35b6ef594efb5a51af4852,baseball,mlb,2026_03_29,01:35 PM,Philadelphia Phillies,Texas Rangers,run_line,away,1.5,away_run_line,-175.0,0.7740213017965178,0.2163191885373852,0.3785585799404241,0,823487,1,final,2026-08-30T13:46:52.825323+00:00,3,8,11,-1.5,1.5,8.0,Win
285b503fee35b6ef594efb5a51af4852,baseball,mlb,2026_03_29,01:35 PM,Philadelphia Phillies,Texas Rangers,total,under,8.0,under_total,-114.0,0.7420152113796938,0.4966528678167527,0.6317237936227991,0,823487,1,final,2026-08-30T13:46:52.825323+00:00,3,8,11,-1.5,1.5,8.0,Loss
285b503fee35b6ef594efb5a51af4852,baseball,mlb,2026_03_29,01:35 PM,Philadelphia Phillies,Texas Rangers,moneyline,away,,away_moneyline,129.0,0.5574128384637848,0.276475400082067,0.2143220155674938,0,823487,1,final,2026-08-30T13:46:52.825323+00:00,3,8,11,-1.5,1.5,8.0,Win
691a2e76d0dd8b75857aa006417cd71f,baseball,mlb,2026_03_29,07:20 PM,Seattle Mariners,Cleveland Guardians,run_line,home,-1.5,home_run_line,135.0,0.5112360314123722,0.2014046738190746,0.1491886472733886,0,823160,1,final,2026-08-30T13:46:52.825323+00:00,8,0,8,-1.5,1.5,7.5,Win
691a2e76d0dd8b75857aa006417cd71f,baseball,mlb,2026_03_29,07:20 PM,Seattle Mariners,Cleveland Guardians,total,over,7.5,over_total,-112.0,0.6666573901532121,0.2618872027900086,0.2933136671248097,0,823160,1,final,2026-08-30T13:46:52.825323+00:00,8,0,8,-1.5,1.5,7.5,Win
691a2e76d0dd8b75857aa006417cd71f,baseball,mlb,2026_03_29,07:20 PM,Seattle Mariners,Cleveland Guardians,moneyline,home,,home_moneyline,-156.0,0.7308793205165622,0.1993917054630765,0.3110510605223993,0,823160,1,final,2026-08-30T13:46:52.825323+00:00,8,0,8,-1.5,1.5,7.5,Win
7082df2b4cf69fb66b014bcf17e6e2d4,baseball,mlb,2026_03_29,02:15 PM,St Louis Cardinals,Tampa Bay Rays,run_line,home,1.5,home_run_line,-181.0,0.7817461431855791,0.2136500896969486,0.3867066623514772,0,,,final,2026-08-30T13:46:52.825323+00:00,7,11,18,,,,Loss
7082df2b4cf69fb66b014bcf17e6e2d4,baseball,mlb,2026_03_29,02:15 PM,St Louis Cardinals,Tampa Bay Rays,total,under,8.0,under_total,-114.0,0.7070376238974668,0.4391281672416368,0.5636707822289122,0,,,final,2026-08-30T13:46:52.825323+00:00,7,11,18,,,,Loss
7082df2b4cf69fb66b014bcf17e6e2d4,baseball,mlb,2026_03_29,02:15 PM,St Louis Cardinals,Tampa Bay Rays,moneyline,home,,home_moneyline,102.0,0.5751020977061772,0.1617062373664779,0.1585355268298802,0,,,final,2026-08-30T13:46:52.825323+00:00,7,11,18,,,,Loss
844d46d06a891478c7e9933444ef67f7,baseball,mlb,2026_03_29,01:37 PM,Toronto Blue Jays,Athletics,run_line,home,-1.5,home_run_line,123.0,0.5803844061774797,0.2942572257757796,0.2392335168908777,0,,,final,2026-08-30T13:46:52.825323+00:00,5,2,7,,,,Win
844d46d06a891478c7e9933444ef67f7,baseball,mlb,2026_03_29,01:37 PM,Toronto Blue Jays,Athletics,total,over,8.5,over_total,-121.0,0.646037003512528,0.1799518824485018,0.2177417777626871,0,,,final,2026-08-30T13:46:52.825323+00:00,5,2,7,,,,Loss
844d46d06a891478c7e9933444ef67f7,baseball,mlb,2026_03_29,01:37 PM,Toronto Blue Jays,Athletics,moneyline,home,,home_moneyline,-166.0,0.7823539895010212,0.2536515735377809,0.4210616120727163,0,,,final,2026-08-30T13:46:52.825323+00:00,5,2,7,,,,Win
8fe8daacad929f4573b3727c48c408a3,baseball,mlb,2026_03_29,01:35 PM,Baltimore Orioles,Minnesota Twins,run_line,home,-1.5,home_run_line,135.0,0.4967719383266624,0.1674140550676566,0.1240104111612271,0,824864,1,final,2026-08-30T13:46:52.825323+00:00,8,6,14,-1.5,1.5,9.0,Win
8fe8daacad929f4573b3727c48c408a3,baseball,mlb,2026_03_29,01:35 PM,Baltimore Orioles,Minnesota Twins,total,under,9.0,under_total,-120.0,0.6045598456425141,0.2310444755384056,0.3160247964923342,0,824864,1,final,2026-08-30T13:46:52.825323+00:00,8,6,14,-1.5,1.5,9.0,Loss
8fe8daacad929f4573b3727c48c408a3,baseball,mlb,2026_03_29,01:35 PM,Baltimore Orioles,Minnesota Twins,moneyline,home,,home_moneyline,-156.0,0.7313938333403164,0.2002360341994935,0.3123682133512098,0,824864,1,final,2026-08-30T13:46:52.825323+00:00,8,6,14,-1.5,1.5,9.0,Win
b14a5b9c91da30ed32754a658ccd291a,baseball,mlb,2026_03_29,01:40 PM,Cincinnati Reds,Boston Red Sox,run_line,away,-1.5,away_run_line,119.0,0.5186880818626158,0.1359268992791287,0.1142242851085114,0,824538,1,final,2026-08-30T13:46:52.825323+00:00,3,2,5,1.5,-1.5,8.0,Loss
b14a5b9c91da30ed32754a658ccd291a,baseball,mlb,2026_03_29,01:40 PM,Cincinnati Reds,Boston Red Sox,total,under,8.0,under_total,-107.0,0.7276755605748632,0.5149600460314843,0.6171772046673262,0,824538,1,final,2026-08-30T13:46:52.825323+00:00,3,2,5,1.5,-1.5,8.0,Win
b14a5b9c91da30ed32754a658ccd291a,baseball,mlb,2026_03_29,01:40 PM,Cincinnati Reds,Boston Red Sox,moneyline,away,,away_moneyline,-135.0,0.7845270082101179,0.3656581254027977,0.4936384692937769,0,824538,1,final,2026-08-30T13:46:52.825323+00:00,3,2,5,1.5,-1.5,8.0,Loss
cba87f51d6aaf782f15d618c9783d976,baseball,mlb,2026_03_29,01:35 PM,Atlanta Braves,Kansas City Royals,run_line,away,1.5,away_run_line,-166.0,0.8702811636042186,0.3945469248115791,0.6549478951872215,0,824944,1,final,2026-08-30T13:46:52.825323+00:00,1,4,5,-1.5,1.5,8.0,Win
cba87f51d6aaf782f15d618c9783d976,baseball,mlb,2026_03_29,01:35 PM,Atlanta Braves,Kansas City Royals,total,under,8.0,under_total,-105.0,0.8040284588946794,0.6563314851675517,0.7544549114938851,0,824944,1,final,2026-08-30T13:46:52.825323+00:00,1,4,5,-1.5,1.5,8.0,Win
cba87f51d6aaf782f15d618c9783d976,baseball,mlb,2026_03_29,01:35 PM,Atlanta Braves,Kansas City Royals,moneyline,away,,away_moneyline,129.0,0.707582522280145,0.620363976021532,0.4809023069934356,0,824944,1,final,2026-08-30T13:46:52.825323+00:00,1,4,5,-1.5,1.5,8.0,Win
d9fde1830516f8d110396de3488df17b,baseball,mlb,2026_03_29,01:40 PM,Miami Marlins,Colorado Rockies,run_line,away,1.5,away_run_line,-135.0,0.7619584656342917,0.3263721438819151,0.4406023942405855,0,823891,1,final,2026-08-30T13:46:52.825323+00:00,4,3,7,-1.5,1.5,8.0,Win
d9fde1830516f8d110396de3488df17b,baseball,mlb,2026_03_29,01:40 PM,Miami Marlins,Colorado Rockies,total,under,8.0,under_total,-114.0,0.6163699904137163,0.2850850505358022,0.3727198721043301,0,823891,1,final,2026-08-30T13:46:52.825323+00:00,4,3,7,-1.5,1.5,8.0,Win
d9fde1830516f8d110396de3488df17b,baseball,mlb,2026_03_29,01:40 PM,Miami Marlins,Colorado Rockies,moneyline,away,,away_moneyline,159.0,0.5583805936131483,0.4462057374580539,0.280632539281795,0,823891,1,final,2026-08-30T13:46:52.825323+00:00,4,3,7,-1.5,1.5,8.0,Loss
dcc3bfcf77ed21831942e88a0c03ac20,baseball,mlb,2026_03_29,01:40 PM,New York Mets,Pittsburgh Pirates,run_line,home,-1.5,home_run_line,119.0,0.4971890817111513,0.0888440889474213,0.0746588982751439,0,823647,1,final,2026-08-30T13:46:52.825323+00:00,3,4,7,-1.5,1.5,7.5,Loss
dcc3bfcf77ed21831942e88a0c03ac20,baseball,mlb,2026_03_29,01:40 PM,New York Mets,Pittsburgh Pirates,moneyline,home,,home_moneyline,-185.0,0.731835500549172,0.1274222576027786,0.2357311765651402,0,823647,1,final,2026-08-30T13:46:52.825323+00:00,3,4,7,-1.5,1.5,7.5,Loss
efc716ec5ed02ff75164fec236e0d60b,baseball,mlb,2026_03_29,02:10 PM,Houston Astros,Los Angeles Angels,run_line,home,-1.5,home_run_line,119.0,0.5803844061774797,0.2710418495286804,0.2277662601081347,0,824215,1,final,2026-08-30T13:46:52.825323+00:00,9,7,16,-1.5,1.5,8.5,Win
efc716ec5ed02ff75164fec236e0d60b,baseball,mlb,2026_03_29,02:10 PM,Houston Astros,Los Angeles Angels,total,over,8.5,over_total,-121.0,0.646037003512528,0.1799518824485018,0.2177417777626871,0,824215,1,final,2026-08-30T13:46:52.825323+00:00,9,7,16,-1.5,1.5,8.5,Win
efc716ec5ed02ff75164fec236e0d60b,baseball,mlb,2026_03_29,02:10 PM,Houston Astros,Los Angeles Angels,moneyline,home,,home_moneyline,-185.0,0.7823539895010212,0.2052480378799515,0.3797088700779104,0,824215,1,final,2026-08-30T13:46:52.825323+00:00,9,7,16,-1.5,1.5,8.5,Win
1285603c30d60465769201640920f04e,baseball,mlb,2026_03_30,06:40 PM,Philadelphia Phillies,Washington Nationals,run_line,home,-1.5,home_run_line,119.0,0.4836348690071227,0.0591603631255988,0.0497145908618476,0,823484,1,final,2026-08-30T13:46:52.825323+00:00,2,13,15,-1.5,1.5,9.0,Loss
1285603c30d60465769201640920f04e,baseball,mlb,2026_03_30,06:40 PM,Philadelphia Phillies,Washington Nationals,total,over,9.0,over_total,-114.0,0.609339816254356,0.2606288349533539,0.3364020392222643,0,823484,1,final,2026-08-30T13:46:52.825323+00:00,2,13,15,-1.5,1.5,9.0,Win
1285603c30d60465769201640920f04e,baseball,mlb,2026_03_30,06:40 PM,Philadelphia Phillies,Washington Nationals,moneyline,home,,home_moneyline,-175.0,0.6853716332987216,0.0770125666122767,0.1347719915714844,0,823484,1,final,2026-08-30T13:46:52.825323+00:00,2,13,15,-1.5,1.5,9.0,Loss
24e5dec72a26c2b5304dda6d4fc9b9d4,baseball,mlb,2026_03_30,10:10 PM,Arizona Diamondbacks,Detroit Tigers,total,under,9.0,under_total,-105.0,0.769727516924423,0.594460395781944,0.6871686427661717,0,825108,1,final,2026-08-30T13:46:52.825323+00:00,9,6,15,1.5,-1.5,9.0,Loss
24e5dec72a26c2b5304dda6d4fc9b9d4,baseball,mlb,2026_03_30,10:10 PM,Arizona Diamondbacks,Detroit Tigers,moneyline,away,,away_moneyline,100.0,0.6488298337082625,0.297659667416525,0.297659667416525,0,825108,1,final,2026-08-30T13:46:52.825323+00:00,9,6,15,1.5,-1.5,9.0,Loss
27331c71f78dcb268af96a5483952ca2,baseball,mlb,2026_03_30,09:40 PM,Seattle Mariners,New York Yankees,run_line,away,-1.5,away_run_line,150.0,0.5447012031185136,0.3617530077962838,0.2411686718641893,0,823159,1,final,2026-08-30T13:46:52.825323+00:00,2,1,3,1.5,-1.5,7.5,Loss
27331c71f78dcb268af96a5483952ca2,baseball,mlb,2026_03_30,09:40 PM,Seattle Mariners,New York Yankees,total,under,7.5,under_total,-105.0,0.5142429145333028,0.0039980712316865,0.0041979747932708,0,823159,1,final,2026-08-30T13:46:52.825323+00:00,2,1,3,1.5,-1.5,7.5,Win
27331c71f78dcb268af96a5483952ca2,baseball,mlb,2026_03_30,09:40 PM,Seattle Mariners,New York Yankees,moneyline,away,,away_moneyline,-107.0,0.7800233041199478,0.5090170462881236,0.5446482395282921,0,823159,1,final,2026-08-30T13:46:52.825323+00:00,2,1,3,1.5,-1.5,7.5,Loss
2f906e6f0a0b0f77103ad3de874d8d6c,baseball,mlb,2026_03_30,07:45 PM,St Louis Cardinals,New York Mets,total,under,9.0,under_total,-119.0,0.6510941243114843,0.314436957905806,0.4233786607747193,0,,,final,2026-08-30T13:46:52.825323+00:00,2,4,6,,,,Win
2f906e6f0a0b0f77103ad3de874d8d6c,baseball,mlb,2026_03_30,07:45 PM,St Louis Cardinals,New York Mets,moneyline,away,,away_moneyline,-156.0,0.7146763702124462,0.1728022485537579,0.2695715077438623,0,,,final,2026-08-30T13:46:52.825323+00:00,2,4,6,,,,Win
302b4128aeb5c50b679d20539e8816c4,baseball,mlb,2026_03_30,06:40 PM,Miami Marlins,Chicago White Sox,run_line,away,1.5,away_run_line,-181.0,0.7343464926854458,0.1400627869867969,0.2535136444461027,0,823890,1,final,2026-08-30T13:46:52.825323+00:00,4,9,13,-1.5,1.5,8.0,Win
302b4128aeb5c50b679d20539e8816c4,baseball,mlb,2026_03_30,06:40 PM,Miami Marlins,Chicago White Sox,total,under,8.0,under_total,-107.0,0.8331255672883534,0.6889431797954926,0.798835800955772,0,823890,1,final,2026-08-30T13:46:52.825323+00:00,4,9,13,-1.5,1.5,8.0,Loss
302b4128aeb5c50b679d20539e8816c4,baseball,mlb,2026_03_30,06:40 PM,Miami Marlins,Chicago White Sox,moneyline,away,,away_moneyline,119.0,0.4785527696750423,0.0480305655883426,0.0403618198221365,0,823890,1,final,2026-08-30T13:46:52.825323+00:00,4,9,13,-1.5,1.5,8.0,Win
4f499b3c97433774d26ebe998b1e9c54,baseball,mlb,2026_03_30,10:10 PM,Los Angeles Dodgers,Cleveland Guardians,run_line,away,1.5,away_run_line,-126.0,0.5983086289345698,0.0731567471366092,0.0921775013921276,0,823972,1,final,2026-08-30T13:46:52.825323+00:00,2,4,6,-1.5,1.5,8.5,Win
4f499b3c97433774d26ebe998b1e9c54,baseball,mlb,2026_03_30,10:10 PM,Los Angeles Dodgers,Cleveland Guardians,total,over,8.5,over_total,-119.0,0.6172689599476779,0.1359823716684158,0.1618190222854147,0,823972,1,final,2026-08-30T13:46:52.825323+00:00,2,4,6,-1.5,1.5,8.5,Loss
4f499b3c97433774d26ebe998b1e9c54,baseball,mlb,2026_03_30,10:10 PM,Los Angeles Dodgers,Cleveland Guardians,moneyline,away,,away_moneyline,163.0,0.3907606870431984,0.0277006069236116,0.0169942373764488,0,823972,1,final,2026-08-30T13:46:52.825323+00:00,2,4,6,-1.5,1.5,8.5,Win
640970e11703be5ad9c5087e476eecc7,baseball,mlb,2026_03_30,06:35 PM,Baltimore Orioles,Texas Rangers,run_line,home,1.5,home_run_line,-188.0,0.7271987081711973,0.1140065316665148,0.214332279533048,0,824863,1,final,2026-08-30T13:46:52.825323+00:00,2,5,7,1.5,-1.5,9.0,Loss
640970e11703be5ad9c5087e476eecc7,baseball,mlb,2026_03_30,06:35 PM,Baltimore Orioles,Texas Rangers,total,under,9.0,under_total,-105.0,0.7217790133581473,0.5121944881943634,0.5995633712450055,0,824863,1,final,2026-08-30T13:46:52.825323+00:00,2,5,7,1.5,-1.5,9.0,Win
7493ee494cdbb239513b5032bd1d2702,baseball,mlb,2026_03_30,04:10 PM,Kansas City Royals,Minnesota Twins,run_line,home,-1.5,home_run_line,123.0,0.5988008502621002,0.3353258960844834,0.2726226797434824,0,824135,1,final,2026-08-30T13:46:52.825323+00:00,3,1,4,-1.5,1.5,9.5,Win
7493ee494cdbb239513b5032bd1d2702,baseball,mlb,2026_03_30,04:10 PM,Kansas City Royals,Minnesota Twins,total,over,9.5,over_total,-112.0,0.7145827098626281,0.3526029865256888,0.3949153449087715,0,824135,1,final,2026-08-30T13:46:52.825323+00:00,3,1,4,-1.5,1.5,9.5,Loss
7493ee494cdbb239513b5032bd1d2702,baseball,mlb,2026_03_30,04:10 PM,Kansas City Royals,Minnesota Twins,moneyline,home,,home_moneyline,-156.0,0.7827197949140339,0.2844632531922606,0.4437626749799266,0,824135,1,final,2026-08-30T13:46:52.825323+00:00,3,1,4,-1.5,1.5,9.5,Win
8cc66b3ce898ffcf08e40f6acbdb82d8,baseball,mlb,2026_03_30,07:15 PM,Atlanta Braves,Athletics,run_line,home,-1.5,home_run_line,135.0,0.6425428316650921,0.5099756544129663,0.3777597440096047,0,,,final,2026-08-30T13:46:52.825323+00:00,4,0,4,,,,Win
8cc66b3ce898ffcf08e40f6acbdb82d8,baseball,mlb,2026_03_30,07:15 PM,Atlanta Braves,Athletics,moneyline,home,,home_moneyline,-142.0,0.8352225081877156,0.423407373108642,0.6012384698142718,0,,,final,2026-08-30T13:46:52.825323+00:00,4,0,4,,,,Win
a263feaf763c1299324e6d7fc4f5f5c5,baseball,mlb,2026_03_30,07:40 PM,Milwaukee Brewers,Tampa Bay Rays,run_line,away,1.5,away_run_line,-172.0,0.730790916859591,0.1556693568942369,0.2677512938580875,0,823809,1,final,2026-08-30T13:46:52.825323+00:00,2,3,5,-1.5,1.5,8.0,Win
a263feaf763c1299324e6d7fc4f5f5c5,baseball,mlb,2026_03_30,07:40 PM,Milwaukee Brewers,Tampa Bay Rays,total,under,8.0,under_total,-114.0,0.9207671793599418,0.7715278834258786,0.9191288465424912,0,823809,1,final,2026-08-30T13:46:52.825323+00:00,2,3,5,-1.5,1.5,8.0,Win
a482d9f2b799c59df8b639db5cce02e5,baseball,mlb,2026_03_30,08:10 PM,Houston Astros,Boston Red Sox,run_line,away,-1.5,away_run_line,139.0,0.5428543942516149,0.2974220022613596,0.213972663497381,0,824214,1,final,2026-08-30T13:46:52.825323+00:00,8,1,9,1.5,-1.5,8.5,Loss
a482d9f2b799c59df8b639db5cce02e5,baseball,mlb,2026_03_30,08:10 PM,Houston Astros,Boston Red Sox,total,under,8.5,under_total,-109.0,0.6989547012566694,0.3401975464462743,0.370815325626439,0,824214,1,final,2026-08-30T13:46:52.825323+00:00,8,1,9,1.5,-1.5,8.5,Loss
a482d9f2b799c59df8b639db5cce02e5,baseball,mlb,2026_03_30,08:10 PM,Houston Astros,Boston Red Sox,moneyline,away,,away_moneyline,-117.0,0.7839695465896621,0.4540289881192878,0.5312139160995668,0,824214,1,final,2026-08-30T13:46:52.825323+00:00,8,1,9,1.5,-1.5,8.5,Loss
b780a77331a7f24c19a612abf1b71f30,baseball,mlb,2026_03_30,06:40 PM,Cincinnati Reds,Pittsburgh Pirates,run_line,home,-1.5,home_run_line,159.0,0.4873919355278321,0.2623451130170851,0.1649969264258396,0,824539,1,final,2026-08-30T13:46:52.825323+00:00,2,0,2,-1.5,1.5,8.0,Win
b780a77331a7f24c19a612abf1b71f30,baseball,mlb,2026_03_30,06:40 PM,Cincinnati Reds,Pittsburgh Pirates,total,over,8.0,over_total,-107.0,0.458942389239242,0.0262936981532062,0.0326547594873739,0,824539,1,final,2026-08-30T13:46:52.825323+00:00,2,0,2,-1.5,1.5,8.0,Loss
b780a77331a7f24c19a612abf1b71f30,baseball,mlb,2026_03_30,06:40 PM,Cincinnati Reds,Pittsburgh Pirates,moneyline,home,,home_moneyline,-135.0,0.7155505172925799,0.2455879375093057,0.3315437156375628,0,824539,1,final,2026-08-30T13:46:52.825323+00:00,2,0,2,-1.5,1.5,8.0,Win
b9044eb7a2798e7b9c463104de35f476,baseball,mlb,2026_03_30,09:40 PM,San Diego Padres,San Francisco Giants,run_line,away,-1.5,away_run_line,152.0,0.7048538253204287,0.7762316398074804,0.5106787103996581,0,823320,1,final,2026-08-30T13:46:52.825323+00:00,2,3,5,1.5,-1.5,8.5,Loss
b9044eb7a2798e7b9c463104de35f476,baseball,mlb,2026_03_30,09:40 PM,San Diego Padres,San Francisco Giants,total,over,8.5,over_total,-102.0,0.6455066621593402,0.2783563309430066,0.2839234575618669,0,823320,1,final,2026-08-30T13:46:52.825323+00:00,2,3,5,1.5,-1.5,8.5,Loss
b9044eb7a2798e7b9c463104de35f476,baseball,mlb,2026_03_30,09:40 PM,San Diego Padres,San Francisco Giants,moneyline,away,,away_moneyline,-102.0,0.8758327891128833,0.7344923862823765,0.7491822340080243,0,823320,1,final,2026-08-30T13:46:52.825323+00:00,2,3,5,1.5,-1.5,8.5,Win
cb56684da584f70f8c48dec3ad5bdb7c,baseball,mlb,2026_03_30,07:40 PM,Chicago Cubs,Los Angeles Angels,run_line,home,-1.5,home_run_line,112.0,0.4873945565132684,0.0332764598081289,0.0297111248286866,0,824702,1,final,2026-08-30T13:46:52.825323+00:00,7,2,9,-1.5,1.5,9.5,Win
cb56684da584f70f8c48dec3ad5bdb7c,baseball,mlb,2026_03_30,07:40 PM,Chicago Cubs,Los Angeles Angels,total,over,9.5,over_total,100.0,0.8717377512679447,0.7434755025358896,0.7434755025358897,0,824702,1,final,2026-08-30T13:46:52.825323+00:00,7,2,9,-1.5,1.5,9.5,Loss
cb56684da584f70f8c48dec3ad5bdb7c,baseball,mlb,2026_03_30,07:40 PM,Chicago Cubs,Los Angeles Angels,moneyline,home,,home_moneyline,-192.0,0.6635104407987873,0.0090887953814893,0.0174504871324593,0,824702,1,final,2026-08-30T13:46:52.825323+00:00,7,2,9,-1.5,1.5,9.5,Win
023399264d3924b30aa040acd7837804,baseball,mlb,2026_03_31,07:15 PM,Atlanta Braves,Athletics,run_line,away,1.5,away_run_line,-163.0,0.820681362428717,0.3241668608512429,0.5283919831875258,0,,,final,2026-08-30T13:46:52.825323+00:00,2,5,7,,,,Win
023399264d3924b30aa040acd7837804,baseball,mlb,2026_03_31,07:15 PM,Atlanta Braves,Athletics,total,under,9.0,under_total,100.0,0.6729810695805514,0.4585178090020759,0.5166721938714862,0,,,final,2026-08-30T13:46:52.825323+00:00,2,5,7,,,,Win
023399264d3924b30aa040acd7837804,baseball,mlb,2026_03_31,07:15 PM,Atlanta Braves,Athletics,moneyline,away,,away_moneyline,129.0,0.6575521320895636,0.5057943824851008,0.3920886685931014,0,,,final,2026-08-30T13:46:52.825323+00:00,2,5,7,,,,Win
293dc85524404aab44c5329de3f56664,baseball,mlb,2026_03_31,09:40 PM,San Diego Padres,San Francisco Giants,run_line,home,1.5,home_run_line,-149.0,0.7075711472097637,0.1824511117800749,0.2718521565523114,0,823322,1,final,2026-08-30T13:46:52.825323+00:00,3,9,12,1.5,-1.5,7.5,Loss
293dc85524404aab44c5329de3f56664,baseball,mlb,2026_03_31,09:40 PM,San Diego Padres,San Francisco Giants,total,under,7.5,under_total,-102.0,0.7625512680051725,0.5101505503631845,0.5203535613704483,0,823322,1,final,2026-08-30T13:46:52.825323+00:00,3,9,12,1.5,-1.5,7.5,Loss
293dc85524404aab44c5329de3f56664,baseball,mlb,2026_03_31,09:40 PM,San Diego Padres,San Francisco Giants,moneyline,home,,home_moneyline,119.0,0.457643658538975,0.0022396122003551,0.0018820270591219,0,823322,1,final,2026-08-30T13:46:52.825323+00:00,3,9,12,1.5,-1.5,7.5,Loss
3606100715aa7a59a44cebf83296c1ee,baseball,mlb,2026_03_31,10:10 PM,Los Angeles Dodgers,Cleveland Guardians,run_line,away,1.5,away_run_line,-107.0,0.6102260621030335,0.1805307930404482,0.1931679485532796,0,823969,1,final,2026-08-30T13:46:52.825323+00:00,4,1,5,-1.5,1.5,8.0,Loss
3606100715aa7a59a44cebf83296c1ee,baseball,mlb,2026_03_31,10:10 PM,Los Angeles Dodgers,Cleveland Guardians,total,under,8.0,under_total,-114.0,0.6157781871226613,0.284056718619108,0.3714106142568842,0,823969,1,final,2026-08-30T13:46:52.825323+00:00,4,1,5,-1.5,1.5,8.0,Win
3606100715aa7a59a44cebf83296c1ee,baseball,mlb,2026_03_31,10:10 PM,Los Angeles Dodgers,Cleveland Guardians,moneyline,away,,away_moneyline,202.0,0.3611811296299984,0.0907670114825951,0.0449341641002946,0,823969,1,final,2026-08-30T13:46:52.825323+00:00,4,1,5,-1.5,1.5,8.0,Loss
445445096cf76e57c1a9dee969e15995,baseball,mlb,2026_03_31,06:40 PM,Cincinnati Reds,Pittsburgh Pirates,run_line,home,1.5,home_run_line,-166.0,0.7487717385578497,0.1998390509420964,0.3317328245638802,0,824537,1,final,2026-08-30T13:46:52.825323+00:00,3,8,11,1.5,-1.5,9.0,Loss
445445096cf76e57c1a9dee969e15995,baseball,mlb,2026_03_31,06:40 PM,Cincinnati Reds,Pittsburgh Pirates,total,under,9.0,under_total,-112.0,0.7932034125004958,0.5867776338402138,0.7185217292052632,0,824537,1,final,2026-08-30T13:46:52.825323+00:00,3,8,11,1.5,-1.5,9.0,Loss
445445096cf76e57c1a9dee969e15995,baseball,mlb,2026_03_31,06:40 PM,Cincinnati Reds,Pittsburgh Pirates,moneyline,home,,home_moneyline,-105.0,0.5308818060400236,0.036483526078141,0.0383077023820482,0,824537,1,final,2026-08-30T13:46:52.825323+00:00,3,8,11,1.5,-1.5,9.0,Loss
484bcc5bc25e0e38e25dcac48903ccea,baseball,mlb,2026_03_31,06:40 PM,Philadelphia Phillies,Washington Nationals,run_line,home,-1.5,home_run_line,112.0,0.5203731193105475,0.1031910129383608,0.0921348329806793,0,823485,1,final,2026-08-30T13:46:52.825323+00:00,3,2,5,-1.5,1.5,9.0,Loss
484bcc5bc25e0e38e25dcac48903ccea,baseball,mlb,2026_03_31,06:40 PM,Philadelphia Phillies,Washington Nationals,total,over,9.0,over_total,-107.0,0.744790019184361,0.5313657527404596,0.6251432559905412,0,823485,1,final,2026-08-30T13:46:52.825323+00:00,3,2,5,-1.5,1.5,9.0,Loss
484bcc5bc25e0e38e25dcac48903ccea,baseball,mlb,2026_03_31,06:40 PM,Philadelphia Phillies,Washington Nationals,moneyline,home,,home_moneyline,-185.0,0.7094491516910927,0.0929351796322239,0.1719300823196141,0,823485,1,final,2026-08-30T13:46:52.825323+00:00,3,2,5,-1.5,1.5,9.0,Win
4f785ad4f8847d0e028769afc44d9942,baseball,mlb,2026_03_31,07:40 PM,Chicago Cubs,Los Angeles Angels,run_line,home,-1.5,home_run_line,144.0,0.6089570986368861,0.4858553206740019,0.3373995282458347,0,824699,1,final,2026-08-30T13:46:52.825323+00:00,0,2,2,-1.5,1.5,7.0,Loss
4f785ad4f8847d0e028769afc44d9942,baseball,mlb,2026_03_31,07:40 PM,Chicago Cubs,Los Angeles Angels,total,over,7.0,over_total,-112.0,0.6362999341697393,0.3298010039424244,0.4223268269627906,0,824699,1,final,2026-08-30T13:46:52.825323+00:00,0,2,2,-1.5,1.5,7.0,Loss
4f785ad4f8847d0e028769afc44d9942,baseball,mlb,2026_03_31,07:40 PM,Chicago Cubs,Los Angeles Angels,moneyline,home,,home_moneyline,-142.0,0.8178127059498979,0.3937371467596851,0.5591067483987529,0,824699,1,final,2026-08-30T13:46:52.825323+00:00,0,2,2,-1.5,1.5,7.0,Loss
522613bca37febfdc7fe1b1b858dea09,baseball,mlb,2026_03_31,07:40 PM,Milwaukee Brewers,Tampa Bay Rays,run_line,away,1.5,away_run_line,-185.0,0.8467705286604335,0.3044843279363434,0.5632960066822353,0,823807,1,final,2026-08-30T13:46:52.825323+00:00,6,2,8,-1.5,1.5,7.5,Loss
522613bca37febfdc7fe1b1b858dea09,baseball,mlb,2026_03_31,07:40 PM,Milwaukee Brewers,Tampa Bay Rays,total,under,7.5,under_total,-112.0,0.7399877912642645,0.4006911763216435,0.4487741174802407,0,823807,1,final,2026-08-30T13:46:52.825323+00:00,6,2,8,-1.5,1.5,7.5,Loss
522613bca37febfdc7fe1b1b858dea09,baseball,mlb,2026_03_31,07:40 PM,Milwaukee Brewers,Tampa Bay Rays,moneyline,away,,away_moneyline,119.0,0.6760524024576076,0.4805547613821606,0.4038275305732441,0,823807,1,final,2026-08-30T13:46:52.825323+00:00,6,2,8,-1.5,1.5,7.5,Loss
5fa4f7bd1d1be2a30a40c0d7f653d9ff,baseball,mlb,2026_03_31,08:10 PM,Houston Astros,Boston Red Sox,total,over,7.5,over_total,-114.0,0.536301181421097,0.0067408142466207,0.0076845282411476,0,824212,1,final,2026-08-30T13:46:52.825323+00:00,9,2,11,-1.5,1.5,7.5,Win
5fa4f7bd1d1be2a30a40c0d7f653d9ff,baseball,mlb,2026_03_31,08:10 PM,Houston Astros,Boston Red Sox,moneyline,home,,home_moneyline,-156.0,0.6160283051089234,0.01091824428131,0.0170324610788437,0,824212,1,final,2026-08-30T13:46:52.825323+00:00,9,2,11,-1.5,1.5,7.5,Win
85518e9fa7d88ada5c7ef6acc3fb06fc,baseball,mlb,2026_03_31,09:40 PM,Arizona Diamondbacks,Detroit Tigers,run_line,home,1.5,home_run_line,-181.0,0.741510775398438,0.1511852369445363,0.2736452788696107,0,825107,1,final,2026-08-30T13:46:52.825323+00:00,7,5,12,1.5,-1.5,9.0,Win
85518e9fa7d88ada5c7ef6acc3fb06fc,baseball,mlb,2026_03_31,09:40 PM,Arizona Diamondbacks,Detroit Tigers,moneyline,home,,home_moneyline,-109.0,0.5642454655320824,0.0819018559284883,0.0892730229620523,0,825107,1,final,2026-08-30T13:46:52.825323+00:00,7,5,12,1.5,-1.5,9.0,Win
8d928227a51e9c7b63c36bcf0a8083f0,baseball,mlb,2026_03_31,09:40 PM,Seattle Mariners,New York Yankees,run_line,home,1.5,home_run_line,-185.0,0.7296912627314647,0.1241189723160403,0.2296200987846743,0,823158,1,final,2026-08-30T13:46:52.825323+00:00,0,5,5,1.5,-1.5,7.0,Loss
8d928227a51e9c7b63c36bcf0a8083f0,baseball,mlb,2026_03_31,09:40 PM,Seattle Mariners,New York Yankees,total,under,7.0,under_total,-114.0,0.5557343218731453,0.1869829092391635,0.2489501764729087,0,823158,1,final,2026-08-30T13:46:52.825323+00:00,0,5,5,1.5,-1.5,7.0,Win
a7ee9fc9ac1db47a494d6c4c39dfc4de,baseball,mlb,2026_03_31,06:35 PM,Baltimore Orioles,Texas Rangers,run_line,home,1.5,home_run_line,-163.0,0.6219275586158302,0.0034782080733946,0.0056694791596332,0,824861,1,final,2026-08-30T13:46:52.825323+00:00,5,8,13,1.5,-1.5,8.5,Loss
a7ee9fc9ac1db47a494d6c4c39dfc4de,baseball,mlb,2026_03_31,06:35 PM,Baltimore Orioles,Texas Rangers,moneyline,away,,away_moneyline,-135.0,0.5984688689022049,0.0417791421630973,0.0564018419201813,0,824861,1,final,2026-08-30T13:46:52.825323+00:00,5,8,13,1.5,-1.5,8.5,Win
b294b3f2eb02e42a436d439795c7f125,baseball,mlb,2026_03_31,07:45 PM,St Louis Cardinals,New York Mets,run_line,home,1.5,home_run_line,-117.0,0.7835360490181484,0.4532249798028906,0.5302732263693821,0,,,final,2026-08-30T13:46:52.825323+00:00,3,0,3,,,,Win
b294b3f2eb02e42a436d439795c7f125,baseball,mlb,2026_03_31,07:45 PM,St Louis Cardinals,New York Mets,total,over,8.5,over_total,-105.0,0.5739078880080088,0.1204868289680172,0.1265111704164181,0,,,final,2026-08-30T13:46:52.825323+00:00,3,0,3,,,,Loss
b294b3f2eb02e42a436d439795c7f125,baseball,mlb,2026_03_31,07:45 PM,St Louis Cardinals,New York Mets,moneyline,home,,home_moneyline,139.0,0.6248902854805073,0.4934877822984125,0.3550271815096492,0,,,final,2026-08-30T13:46:52.825323+00:00,3,0,3,,,,Win
b724336c8a25a94c67ba0d63ea2c98a0,baseball,mlb,2026_03_31,07:07 PM,Toronto Blue Jays,Colorado Rockies,run_line,home,-1.5,home_run_line,-126.0,0.5792750580421107,0.0390171675993411,0.04916163117517,0,822836,1,final,2026-08-30T13:46:52.825323+00:00,5,1,6,-1.5,1.5,8.5,Win
b724336c8a25a94c67ba0d63ea2c98a0,baseball,mlb,2026_03_31,07:07 PM,Toronto Blue Jays,Colorado Rockies,total,over,8.5,over_total,-105.0,0.6404260487401987,0.2503556189689593,0.2628733999174072,0,822836,1,final,2026-08-30T13:46:52.825323+00:00,5,1,6,-1.5,1.5,8.5,Loss
b724336c8a25a94c67ba0d63ea2c98a0,baseball,mlb,2026_03_31,07:07 PM,Toronto Blue Jays,Colorado Rockies,moneyline,home,,home_moneyline,-277.0,0.781900834193034,0.0641755035768008,0.1777661449077383,0,822836,1,final,2026-08-30T13:46:52.825323+00:00,5,1,6,-1.5,1.5,8.5,Win
c49833eafa15bdd83a074d3229783d86,baseball,mlb,2026_03_31,06:40 PM,Miami Marlins,Chicago White Sox,run_line,away,1.5,away_run_line,-166.0,0.8283555373406791,0.3273648971844616,0.5434257293262065,0,823888,1,final,2026-08-30T13:46:52.825323+00:00,9,2,11,-1.5,1.5,8.5,Loss
c49833eafa15bdd83a074d3229783d86,baseball,mlb,2026_03_31,06:40 PM,Miami Marlins,Chicago White Sox,total,under,8.5,under_total,-105.0,0.5797592373200926,0.1319108919106569,0.1385064365061898,0,823888,1,final,2026-08-30T13:46:52.825323+00:00,9,2,11,-1.5,1.5,8.5,Loss
c49833eafa15bdd83a074d3229783d86,baseball,mlb,2026_03_31,06:40 PM,Miami Marlins,Chicago White Sox,moneyline,away,,away_moneyline,123.0,0.6790578116930844,0.5142989200755783,0.4181292033134783,0,823888,1,final,2026-08-30T13:46:52.825323+00:00,9,2,11,-1.5,1.5,8.5,Loss
03100440c2d895c0a6ffd0e94af916a9,baseball,mlb,2026_04_01,03:40 PM,Arizona Diamondbacks,Detroit Tigers,run_line,home,1.5,home_run_line,-126.0,0.7453964250396561,0.3369808893568433,0.4245959205896227,0,825106,1,final,2026-08-30T13:46:52.825323+00:00,1,0,1,1.5,-1.5,7.5,Win
03100440c2d895c0a6ffd0e94af916a9,baseball,mlb,2026_04_01,03:40 PM,Arizona Diamondbacks,Detroit Tigers,total,over,7.5,over_total,-119.0,0.6213382988816849,0.1434713231520084,0.1707308745508899,0,825106,1,final,2026-08-30T13:46:52.825323+00:00,1,0,1,1.5,-1.5,7.5,Loss
03100440c2d895c0a6ffd0e94af916a9,baseball,mlb,2026_04_01,03:40 PM,Arizona Diamondbacks,Detroit Tigers,moneyline,home,,home_moneyline,139.0,0.5621300488727315,0.3434908168058284,0.2471156955437614,0,825106,1,final,2026-08-30T13:46:52.825323+00:00,1,0,1,1.5,-1.5,7.5,Win
0ab4430c93f4388372c2e69d5d140069,baseball,mlb,2026_04_01,12:40 PM,Cincinnati Reds,Pittsburgh Pirates,run_line,home,1.5,home_run_line,-120.0,0.7453964250396561,0.3665601125727027,0.4398721350872434,0,824536,1,final,2026-08-30T13:46:52.825323+00:00,3,8,11,1.5,-1.5,7.5,Loss
0ab4430c93f4388372c2e69d5d140069,baseball,mlb,2026_04_01,12:40 PM,Cincinnati Reds,Pittsburgh Pirates,total,over,7.5,over_total,-102.0,0.6213382988816849,0.2304934938637286,0.2351033637410033,0,824536,1,final,2026-08-30T13:46:52.825323+00:00,3,8,11,1.5,-1.5,7.5,Win
0ab4430c93f4388372c2e69d5d140069,baseball,mlb,2026_04_01,12:40 PM,Cincinnati Reds,Pittsburgh Pirates,moneyline,home,,home_moneyline,139.0,0.5621300488727315,0.3434908168058284,0.2471156955437614,0,824536,1,final,2026-08-30T13:46:52.825323+00:00,3,8,11,1.5,-1.5,7.5,Loss
24f243aa4931d665a39634650fab8767,baseball,mlb,2026_04_01,01:07 PM,Toronto Blue Jays,Colorado Rockies,run_line,away,1.5,away_run_line,108.0,0.6502825086921713,0.3525876180797163,0.3264700167404781,0,822835,1,final,2026-08-30T13:46:52.825323+00:00,1,2,3,-1.5,1.5,7.5,Win
24f243aa4931d665a39634650fab8767,baseball,mlb,2026_04_01,01:07 PM,Toronto Blue Jays,Colorado Rockies,total,over,7.5,over_total,-117.0,0.6213382988816849,0.1523966739942361,0.1783041085732563,0,822835,1,final,2026-08-30T13:46:52.825323+00:00,1,2,3,-1.5,1.5,7.5,Loss
24f243aa4931d665a39634650fab8767,baseball,mlb,2026_04_01,01:07 PM,Toronto Blue Jays,Colorado Rockies,moneyline,away,,away_moneyline,238.0,0.4378699511272684,0.4800004348101672,0.2016808549622551,0,822835,1,final,2026-08-30T13:46:52.825323+00:00,1,2,3,-1.5,1.5,7.5,Win
25b209388bb30aa144af568ffd0b3921,baseball,mlb,2026_04_01,04:10 PM,Seattle Mariners,New York Yankees,run_line,home,1.5,home_run_line,-192.0,0.7453964250396561,0.1336237297478106,0.2565575611157961,0,823157,1,final,2026-08-30T13:46:52.825323+00:00,3,5,8,1.5,-1.5,7.5,Loss
25b209388bb30aa144af568ffd0b3921,baseball,mlb,2026_04_01,04:10 PM,Seattle Mariners,New York Yankees,total,over,7.5,over_total,102.0,0.6213382988816849,0.2551033637410035,0.2501013370009838,0,823157,1,final,2026-08-30T13:46:52.825323+00:00,3,5,8,1.5,-1.5,7.5,Win
25b209388bb30aa144af568ffd0b3921,baseball,mlb,2026_04_01,04:10 PM,Seattle Mariners,New York Yankees,moneyline,home,,home_moneyline,-117.0,0.5621300488727315,0.0425830820972885,0.0498222060538274,0,823157,1,final,2026-08-30T13:46:52.825323+00:00,3,5,8,1.5,-1.5,7.5,Loss
321f53de67eea12b85a524534e30a5ba,baseball,mlb,2026_04_01,01:10 PM,Miami Marlins,Chicago White Sox,run_line,away,1.5,away_run_line,-172.0,0.6502825086921713,0.0283537346759918,0.048768423642706,0,823889,1,final,2026-08-30T13:46:52.825323+00:00,10,0,10,-1.5,1.5,7.5,Loss
321f53de67eea12b85a524534e30a5ba,baseball,mlb,2026_04_01,01:10 PM,Miami Marlins,Chicago White Sox,total,over,7.5,over_total,-112.0,0.6213382988816849,0.1761046371689035,0.197237193629172,0,823889,1,final,2026-08-30T13:46:52.825323+00:00,10,0,10,-1.5,1.5,7.5,Win
321f53de67eea12b85a524534e30a5ba,baseball,mlb,2026_04_01,01:10 PM,Miami Marlins,Chicago White Sox,moneyline,away,,away_moneyline,129.0,0.4378699511272684,0.0027221880814447,0.0021102233189493,0,823889,1,final,2026-08-30T13:46:52.825323+00:00,10,0,10,-1.5,1.5,7.5,Loss
4dabf3c25d679f972f575c9dfd6f7c94,baseball,mlb,2026_04_01,12:35 PM,Baltimore Orioles,Texas Rangers,run_line,home,1.5,home_run_line,-175.0,0.7453964250396561,0.171337239348031,0.2998401688590542,0,824860,1,final,2026-08-30T13:46:52.825323+00:00,8,3,11,1.5,-1.5,8.5,Win
4dabf3c25d679f972f575c9dfd6f7c94,baseball,mlb,2026_04_01,12:35 PM,Baltimore Orioles,Texas Rangers,moneyline,home,,home_moneyline,-114.0,0.5621300488727315,0.0552265829716189,0.0629583045876455,0,824860,1,final,2026-08-30T13:46:52.825323+00:00,8,3,11,1.5,-1.5,8.5,Win
53d62d8a9267d511ebf7cd7fa665db9e,baseball,mlb,2026_04_01,01:05 PM,Philadelphia Phillies,Washington Nationals,run_line,away,1.5,away_run_line,102.0,0.6502825086921713,0.3135706675581859,0.3074222230962609,0,823483,1,final,2026-08-30T13:46:52.825323+00:00,6,5,11,-1.5,1.5,8.0,Win
53d62d8a9267d511ebf7cd7fa665db9e,baseball,mlb,2026_04_01,01:05 PM,Philadelphia Phillies,Washington Nationals,total,over,8.0,over_total,-113.0,0.4842871210029336,0.0499109723356081,0.0653565973942691,0,823483,1,final,2026-08-30T13:46:52.825323+00:00,6,5,11,-1.5,1.5,8.0,Win
53d62d8a9267d511ebf7cd7fa665db9e,baseball,mlb,2026_04_01,01:05 PM,Philadelphia Phillies,Washington Nationals,moneyline,away,,away_moneyline,218.0,0.4378699511272684,0.3924264445847136,0.1800121305434465,0,823483,1,final,2026-08-30T13:46:52.825323+00:00,6,5,11,-1.5,1.5,8.0,Loss
5fe99c93584b4bf570646386c809ec41,baseball,mlb,2026_04_01,02:20 PM,Chicago Cubs,Los Angeles Angels,total,over,6.5,over_total,-105.0,0.7495156594877108,0.4633400970950544,0.4865071019498072,0,824698,1,final,2026-08-30T13:46:52.825323+00:00,6,2,8,-1.5,1.5,6.5,Win
5fe99c93584b4bf570646386c809ec41,baseball,mlb,2026_04_01,02:20 PM,Chicago Cubs,Los Angeles Angels,moneyline,away,,away_moneyline,141.0,0.4378699511272684,0.0552665822167168,0.0391961576005084,0,824698,1,final,2026-08-30T13:46:52.825323+00:00,6,2,8,-1.5,1.5,6.5,Loss
6942f51396ca14022ebe5ceba3757999,baseball,mlb,2026_04_01,12:15 PM,Atlanta Braves,Athletics,run_line,away,1.5,away_run_line,-120.0,0.6502825086921713,0.1921845992689805,0.2306215191227768,0,,,final,2026-08-30T13:46:52.825323+00:00,5,1,6,,,,Loss
6942f51396ca14022ebe5ceba3757999,baseball,mlb,2026_04_01,12:15 PM,Atlanta Braves,Athletics,total,over,8.0,over_total,-102.0,0.4842871210029336,0.0961295939826,0.113624566542922,0,,,final,2026-08-30T13:46:52.825323+00:00,5,1,6,,,,Loss
6942f51396ca14022ebe5ceba3757999,baseball,mlb,2026_04_01,12:15 PM,Atlanta Braves,Athletics,moneyline,away,,away_moneyline,179.0,0.4378699511272684,0.2216571636450788,0.1238308176788149,0,,,final,2026-08-30T13:46:52.825323+00:00,5,1,6,,,,Loss
6adbbe821c88271b3ccca51eb9d54dee,baseball,mlb,2026_04_01,01:40 PM,Milwaukee Brewers,Tampa Bay Rays,run_line,away,1.5,away_run_line,-185.0,0.6502825086921713,0.0017865674446964,0.0033051497726882,0,823806,1,final,2026-08-30T13:46:52.825323+00:00,8,2,10,-1.5,1.5,7.0,Loss
6adbbe821c88271b3ccca51eb9d54dee,baseball,mlb,2026_04_01,01:40 PM,Milwaukee Brewers,Tampa Bay Rays,total,over,7.0,over_total,-112.0,0.6213382988816849,0.3042819977749295,0.3909004218390301,0,823806,1,final,2026-08-30T13:46:52.825323+00:00,8,2,10,-1.5,1.5,7.0,Win
6e5e041ab28b3e4d10c68fb1fdd50a89,baseball,mlb,2026_04_01,04:10 PM,San Diego Padres,San Francisco Giants,run_line,away,1.5,away_run_line,-172.0,0.6502825086921713,0.0283537346759918,0.048768423642706,0,823321,1,final,2026-08-30T13:46:52.825323+00:00,7,1,8,-1.5,1.5,8.0,Loss
6e5e041ab28b3e4d10c68fb1fdd50a89,baseball,mlb,2026_04_01,04:10 PM,San Diego Padres,San Francisco Giants,total,over,8.0,over_total,-109.0,0.4842871210029336,0.0656384098935505,0.0829085861755977,0,823321,1,final,2026-08-30T13:46:52.825323+00:00,7,1,8,-1.5,1.5,8.0,Push
7d8eb7e9ca4020fe2b949197c47e54a4,baseball,mlb,2026_04_01,02:10 PM,Houston Astros,Boston Red Sox,run_line,home,1.5,home_run_line,-142.0,0.7453964250396561,0.2703234849267377,0.3838593485959676,0,824211,1,final,2026-08-30T13:46:52.825323+00:00,6,4,10,1.5,-1.5,7.0,Win
7d8eb7e9ca4020fe2b949197c47e54a4,baseball,mlb,2026_04_01,02:10 PM,Houston Astros,Boston Red Sox,total,over,7.0,over_total,-114.0,0.6213382988816849,0.2945492549979608,0.3851541994035493,0,824211,1,final,2026-08-30T13:46:52.825323+00:00,6,4,10,1.5,-1.5,7.0,Win
7d8eb7e9ca4020fe2b949197c47e54a4,baseball,mlb,2026_04_01,02:10 PM,Houston Astros,Boston Red Sox,moneyline,home,,home_moneyline,129.0,0.5621300488727315,0.2872778119185553,0.2226959782314382,0,824211,1,final,2026-08-30T13:46:52.825323+00:00,6,4,10,1.5,-1.5,7.0,Win
bdae690ae030bd8c713b1b5a3f21cfee,baseball,mlb,2026_04_01,02:15 PM,St Louis Cardinals,New York Mets,run_line,home,1.5,home_run_line,-117.0,0.7453964250396561,0.3824873866120117,0.4475102423360537,0,,,final,2026-08-30T13:46:52.825323+00:00,2,1,3,,,,Win
bdae690ae030bd8c713b1b5a3f21cfee,baseball,mlb,2026_04_01,02:15 PM,St Louis Cardinals,New York Mets,total,over,7.5,over_total,-119.0,0.6213382988816849,0.1434713231520084,0.1707308745508899,0,,,final,2026-08-30T13:46:52.825323+00:00,2,1,3,,,,Loss
bdae690ae030bd8c713b1b5a3f21cfee,baseball,mlb,2026_04_01,02:15 PM,St Louis Cardinals,New York Mets,moneyline,home,,home_moneyline,141.0,0.5621300488727315,0.354733417783283,0.2515839842434632,0,,,final,2026-08-30T13:46:52.825323+00:00,2,1,3,,,,Win
cc33d68ceec04cd9b09a8c631d7574a0,baseball,mlb,2026_04_01,07:40 PM,Kansas City Royals,Minnesota Twins,run_line,home,1.5,home_run_line,-163.0,0.7453964250396561,0.2026948453093837,0.3303925978542955,0,824136,1,final,2026-08-30T13:46:52.825323+00:00,13,9,22,1.5,-1.5,8.5,Win
cc33d68ceec04cd9b09a8c631d7574a0,baseball,mlb,2026_04_01,07:40 PM,Kansas City Royals,Minnesota Twins,moneyline,home,,home_moneyline,-102.0,0.5621300488727315,0.1132379399244289,0.1155026987229175,0,824136,1,final,2026-08-30T13:46:52.825323+00:00,13,9,22,1.5,-1.5,8.5,Win
fd93ab95f0912b81f977d64ebcc5df42,baseball,mlb,2026_04_01,08:20 PM,Los Angeles Dodgers,Cleveland Guardians,run_line,away,1.5,away_run_line,100.0,0.6502825086921713,0.3005650173843426,0.3005650173843426,0,823970,1,final,2026-08-30T13:46:52.825323+00:00,1,4,5,-1.5,1.5,8.5,Win
fd93ab95f0912b81f977d64ebcc5df42,baseball,mlb,2026_04_01,08:20 PM,Los Angeles Dodgers,Cleveland Guardians,moneyline,away,,away_moneyline,218.0,0.4378699511272684,0.3924264445847136,0.1800121305434465,0,823970,1,final,2026-08-30T13:46:52.825323+00:00,1,4,5,-1.5,1.5,8.5,Win
c7e9785b27cff0b87f132c7c63daea75,baseball,mlb,2026_04_02,09:45 PM,San Francisco Giants,New York Mets,run_line,home,1.5,home_run_line,-163.0,0.7754274629858675,0.2511498329158477,0.4093742276528315,0,823242,1,final,2026-08-30T13:46:52.825323+00:00,7,2,9,1.5,-1.5,7.0,Win
c7e9785b27cff0b87f132c7c63daea75,baseball,mlb,2026_04_02,09:45 PM,San Francisco Giants,New York Mets,total,over,7.0,over_total,-121.0,0.6324233870770937,0.281205253771705,0.3893641500676395,0,823242,1,final,2026-08-30T13:46:52.825323+00:00,7,2,9,1.5,-1.5,7.0,Win
c7e9785b27cff0b87f132c7c63daea75,baseball,mlb,2026_04_02,09:45 PM,San Francisco Giants,New York Mets,moneyline,home,,home_moneyline,104.0,0.6060501499919573,0.2363423059835929,0.2272522172919162,0,823242,1,final,2026-08-30T13:46:52.825323+00:00,7,2,9,1.5,-1.5,7.0,Win
e55dd97cbbe9b080f6059d380832d84f,baseball,mlb,2026_04_02,09:40 PM,Arizona Diamondbacks,Atlanta Braves,run_line,home,1.5,home_run_line,-156.0,0.7754274629858675,0.2724963495152697,0.4250943052438208,0,825105,1,final,2026-08-30T13:46:52.825323+00:00,2,17,19,1.5,-1.5,8.5,Loss
e55dd97cbbe9b080f6059d380832d84f,baseball,mlb,2026_04_02,09:40 PM,Arizona Diamondbacks,Atlanta Braves,total,under,8.5,under_total,102.0,0.5038001251529356,0.0176762528089299,0.0173296596165979,0,825105,1,final,2026-08-30T13:46:52.825323+00:00,2,17,19,1.5,-1.5,8.5,Loss
e55dd97cbbe9b080f6059d380832d84f,baseball,mlb,2026_04_02,09:40 PM,Arizona Diamondbacks,Atlanta Braves,moneyline,home,,home_moneyline,-102.0,0.6060501499919573,0.2002169637095623,0.2042213029837535,0,825105,1,final,2026-08-30T13:46:52.825323+00:00,2,17,19,1.5,-1.5,8.5,Loss
02a4ac33822ef29632a98a54a26c6e72,baseball,mlb,2026_04_03,05:05 PM,Minnesota Twins,Tampa Bay Rays,run_line,home,1.5,home_run_line,-181.0,0.6858701806601323,0.0648039821298185,0.1172952076549716,0,823732,1,final,2026-08-30T13:46:52.825323+00:00,10,4,14,1.5,-1.5,7.5,Win
02a4ac33822ef29632a98a54a26c6e72,baseball,mlb,2026_04_03,05:05 PM,Minnesota Twins,Tampa Bay Rays,total,over,7.5,over_total,-109.0,0.6051744145369103,0.1603802994331584,0.1748145263821426,0,823732,1,final,2026-08-30T13:46:52.825323+00:00,10,4,14,1.5,-1.5,7.5,Win
02a4ac33822ef29632a98a54a26c6e72,baseball,mlb,2026_04_03,05:05 PM,Minnesota Twins,Tampa Bay Rays,moneyline,away,,away_moneyline,-107.0,0.5194507821189722,0.004918802790909,0.0052631189862726,0,823732,1,final,2026-08-30T13:46:52.825323+00:00,10,4,14,1.5,-1.5,7.5,Loss
0f9bae674791b2ef6540b6c885ca8d67,baseball,mlb,2026_04_03,01:05 PM,Washington Nationals,Los Angeles Dodgers,run_line,home,1.5,home_run_line,141.0,0.568612318782179,0.3703556882650514,0.262663608698618,0,822758,1,final,2026-08-30T13:46:52.825323+00:00,6,13,19,1.5,-1.5,9.0,Loss
0f9bae674791b2ef6540b6c885ca8d67,baseball,mlb,2026_04_03,01:05 PM,Washington Nationals,Los Angeles Dodgers,total,under,9.0,under_total,-105.0,0.4686008982156878,0.0465726641788389,0.0563174751549611,0,822758,1,final,2026-08-30T13:46:52.825323+00:00,6,13,19,1.5,-1.5,9.0,Loss
0f9bae674791b2ef6540b6c885ca8d67,baseball,mlb,2026_04_03,01:05 PM,Washington Nationals,Los Angeles Dodgers,moneyline,home,,home_moneyline,214.0,0.3493035145444811,0.0968130356696708,0.0452397362942386,0,822758,1,final,2026-08-30T13:46:52.825323+00:00,6,13,19,1.5,-1.5,9.0,Loss
14327f7727c0e0583fd6784561320578,baseball,mlb,2026_04_03,01:10 PM,Detroit Tigers,St Louis Cardinals,run_line,home,-1.5,home_run_line,119.0,0.5660264099604562,0.2395978378133989,0.2013427208515957,0,,,final,2026-08-30T13:46:52.825323+00:00,4,0,4,,,,Win
14327f7727c0e0583fd6784561320578,baseball,mlb,2026_04_03,01:10 PM,Detroit Tigers,St Louis Cardinals,total,over,7.5,over_total,-117.0,0.5725643745471697,0.0619356348438959,0.0724646927673582,0,,,final,2026-08-30T13:46:52.825323+00:00,4,0,4,,,,Loss
14327f7727c0e0583fd6784561320578,baseball,mlb,2026_04_03,01:10 PM,Detroit Tigers,St Louis Cardinals,moneyline,home,,home_moneyline,-175.0,0.7892175145058804,0.2401989513663833,0.4203481648911711,0,,,final,2026-08-30T13:46:52.825323+00:00,4,0,4,,,,Win
292a9ce022187e0a27729ba402751e8c,baseball,mlb,2026_04_03,02:10 PM,Boston Red Sox,San Diego Padres,total,under,9.0,under_total,-117.0,0.4798948534309104,0.0215708371384368,0.0290594747733385,0,824786,1,final,2026-08-30T13:46:52.825323+00:00,5,2,7,1.5,-1.5,9.0,Win
292a9ce022187e0a27729ba402751e8c,baseball,mlb,2026_04_03,02:10 PM,Boston Red Sox,San Diego Padres,moneyline,away,,away_moneyline,102.0,0.5647857587686237,0.1408672327126199,0.1381051301104116,0,824786,1,final,2026-08-30T13:46:52.825323+00:00,5,2,7,1.5,-1.5,9.0,Loss
2bb9ef2181cdb59b76492b604e5256d6,baseball,mlb,2026_04_03,01:35 PM,New York Yankees,Miami Marlins,run_line,away,1.5,away_run_line,-142.0,0.872595528675093,0.4870994221082572,0.6916811793937251,0,823568,1,final,2026-08-30T13:46:52.825323+00:00,8,2,10,-1.5,1.5,7.5,Loss
2bb9ef2181cdb59b76492b604e5256d6,baseball,mlb,2026_04_03,01:35 PM,New York Yankees,Miami Marlins,total,over,7.5,over_total,-117.0,0.6587918427430015,0.221861793805396,0.2595782987523133,0,823568,1,final,2026-08-30T13:46:52.825323+00:00,8,2,10,-1.5,1.5,7.5,Win
2bb9ef2181cdb59b76492b604e5256d6,baseball,mlb,2026_04_03,01:35 PM,New York Yankees,Miami Marlins,moneyline,away,,away_moneyline,152.0,0.7585677537100072,0.9115907393492182,0.599730749571854,0,823568,1,final,2026-08-30T13:46:52.825323+00:00,8,2,10,-1.5,1.5,7.5,Loss
453461c70d67fa8012419eeefc30e149,baseball,mlb,2026_04_03,09:45 PM,Arizona Diamondbacks,Atlanta Braves,total,under,9.0,under_total,-109.0,0.4686008982156878,0.0301951753814361,0.0379041575970092,0,825103,1,final,2026-08-30T13:46:52.825323+00:00,0,2,2,1.5,-1.5,9.0,Win
453461c70d67fa8012419eeefc30e149,baseball,mlb,2026_04_03,09:45 PM,Arizona Diamondbacks,Atlanta Braves,moneyline,away,,away_moneyline,-126.0,0.6506964854555188,0.1671222675630734,0.2105740571294724,0,825103,1,final,2026-08-30T13:46:52.825323+00:00,0,2,2,1.5,-1.5,9.0,Win
79116c311ac42e78eb951ee46440d09f,baseball,mlb,2026_04_03,04:12 PM,Pittsburgh Pirates,Baltimore Orioles,run_line,home,1.5,home_run_line,-163.0,0.7681254042113914,0.2393679834821838,0.3901698130759594,0,823406,1,final,2026-08-30T13:46:52.825323+00:00,5,4,9,1.5,-1.5,8.5,Win
79116c311ac42e78eb951ee46440d09f,baseball,mlb,2026_04_03,04:12 PM,Pittsburgh Pirates,Baltimore Orioles,total,over,8.5,over_total,-114.0,0.5769547745581348,0.0830554539950951,0.0946832175544084,0,823406,1,final,2026-08-30T13:46:52.825323+00:00,5,4,9,1.5,-1.5,8.5,Win
79116c311ac42e78eb951ee46440d09f,baseball,mlb,2026_04_03,04:12 PM,Pittsburgh Pirates,Baltimore Orioles,moneyline,home,,home_moneyline,102.0,0.6029948246852483,0.2180495458642015,0.2137740645727467,0,823406,1,final,2026-08-30T13:46:52.825323+00:00,5,4,9,1.5,-1.5,8.5,Win
86847e700f1f4f34225dc6187f7c1257,baseball,mlb,2026_04_03,02:10 PM,Chicago White Sox,Toronto Blue Jays,run_line,home,1.5,home_run_line,102.0,0.6858701806601323,0.3854577649334672,0.3778997695426149,0,824621,1,final,2026-08-30T13:46:52.825323+00:00,5,4,9,1.5,-1.5,7.5,Win
86847e700f1f4f34225dc6187f7c1257,baseball,mlb,2026_04_03,02:10 PM,Chicago White Sox,Toronto Blue Jays,total,over,7.5,over_total,-102.0,0.6051744145369103,0.1984826640829006,0.2024523173645587,0,824621,1,final,2026-08-30T13:46:52.825323+00:00,5,4,9,1.5,-1.5,7.5,Win
86847e700f1f4f34225dc6187f7c1257,baseball,mlb,2026_04_03,02:10 PM,Chicago White Sox,Toronto Blue Jays,moneyline,home,,home_moneyline,179.0,0.4805492178810278,0.3407323178880674,0.1903532502167975,0,824621,1,final,2026-08-30T13:46:52.825323+00:00,5,4,9,1.5,-1.5,7.5,Win
8f72c90df46c96451049020f8482d5c7,baseball,mlb,2026_04_03,04:05 PM,Texas Rangers,Cincinnati Reds,run_line,home,-1.5,home_run_line,129.0,0.4536339610983093,0.0388217709151281,0.0300943960582389,0,822919,1,final,2026-08-30T13:46:52.825323+00:00,3,5,8,-1.5,1.5,7.5,Loss
8f72c90df46c96451049020f8482d5c7,baseball,mlb,2026_04_03,04:05 PM,Texas Rangers,Cincinnati Reds,moneyline,home,,home_moneyline,-166.0,0.6896046876435283,0.1050291982721598,0.1743484691317853,0,822919,1,final,2026-08-30T13:46:52.825323+00:00,3,5,8,-1.5,1.5,7.5,Loss
9c1e11abdcd795ef8ff437128ea5e829,baseball,mlb,2026_04_03,04:10 PM,Cleveland Guardians,Chicago Cubs,run_line,home,1.5,home_run_line,-181.0,0.7949291576129064,0.2341165375095397,0.4237509328922669,0,824458,1,final,2026-08-30T13:46:52.825323+00:00,4,1,5,1.5,-1.5,8.0,Win
9c1e11abdcd795ef8ff437128ea5e829,baseball,mlb,2026_04_03,04:10 PM,Cleveland Guardians,Chicago Cubs,total,under,8.0,under_total,-105.0,0.4453760045887138,0.0091043419583332,0.0111100913350374,0,824458,1,final,2026-08-30T13:46:52.825323+00:00,4,1,5,1.5,-1.5,8.0,Win
9c1e11abdcd795ef8ff437128ea5e829,baseball,mlb,2026_04_03,04:10 PM,Cleveland Guardians,Chicago Cubs,moneyline,home,,home_moneyline,102.0,0.6270186096645674,0.266577591522426,0.2613505799239471,0,824458,1,final,2026-08-30T13:46:52.825323+00:00,4,1,5,1.5,-1.5,8.0,Win
c423735bd4d51edf6fe4efc260f2eb08,baseball,mlb,2026_04_03,09:40 PM,Athletics,Houston Astros,run_line,home,1.5,home_run_line,-156.0,0.6542727483621766,0.0736783562866487,0.1149382358071721,0,,,final,2026-08-30T13:46:52.825323+00:00,11,4,15,,,,Win
c423735bd4d51edf6fe4efc260f2eb08,baseball,mlb,2026_04_03,09:40 PM,Athletics,Houston Astros,total,under,10.0,under_total,-102.0,0.6041634329020314,0.3132785283372987,0.3618018307019635,0,,,final,2026-08-30T13:46:52.825323+00:00,11,4,15,,,,Loss
c423735bd4d51edf6fe4efc260f2eb08,baseball,mlb,2026_04_03,09:40 PM,Athletics,Houston Astros,moneyline,away,,away_moneyline,-117.0,0.552681243393037,0.0250583744981969,0.0293182981628903,0,,,final,2026-08-30T13:46:52.825323+00:00,11,4,15,,,,Loss
c58c47a59e543a1a6aa0202a6ca69a25,baseball,mlb,2026_04_03,09:38 PM,Los Angeles Angels,Seattle Mariners,run_line,home,1.5,home_run_line,-126.0,0.5820581954411912,0.0440091442040413,0.055451521697092,0,824056,1,final,2026-08-30T13:46:52.825323+00:00,1,3,4,1.5,-1.5,8.0,Loss
c58c47a59e543a1a6aa0202a6ca69a25,baseball,mlb,2026_04_03,09:38 PM,Los Angeles Angels,Seattle Mariners,total,over,8.0,over_total,-105.0,0.4528190076341072,0.0227635013730766,0.0277503212025481,0,824056,1,final,2026-08-30T13:46:52.825323+00:00,1,3,4,1.5,-1.5,8.0,Loss
c58c47a59e543a1a6aa0202a6ca69a25,baseball,mlb,2026_04_03,09:38 PM,Los Angeles Angels,Seattle Mariners,moneyline,away,,away_moneyline,-166.0,0.6444682996241079,0.0327022150603173,0.0542856770001269,0,824056,1,final,2026-08-30T13:46:52.825323+00:00,1,3,4,1.5,-1.5,8.0,Win
d9a1b05c6ab0703ea7c26b6fc732451f,baseball,mlb,2026_04_03,10:15 PM,San Francisco Giants,New York Mets,run_line,home,1.5,home_run_line,-156.0,0.7944621401074393,0.3037327427404133,0.4738230786750446,0,823240,1,final,2026-08-30T13:46:52.825323+00:00,3,10,13,1.5,-1.5,7.5,Loss
d9a1b05c6ab0703ea7c26b6fc732451f,baseball,mlb,2026_04_03,10:15 PM,San Francisco Giants,New York Mets,total,over,7.5,over_total,-114.0,0.704362025123868,0.3222234506711206,0.3673347337650774,0,823240,1,final,2026-08-30T13:46:52.825323+00:00,3,10,13,1.5,-1.5,7.5,Win
d9a1b05c6ab0703ea7c26b6fc732451f,baseball,mlb,2026_04_03,10:15 PM,San Francisco Giants,New York Mets,moneyline,home,,home_moneyline,112.0,0.6411029968949828,0.3591383534173638,0.3206592441226461,0,823240,1,final,2026-08-30T13:46:52.825323+00:00,3,10,13,1.5,-1.5,7.5,Loss
dcf384a7692bd7df83a96e49919f2dc0,baseball,mlb,2026_04_03,04:10 PM,Colorado Rockies,Philadelphia Phillies,run_line,home,1.5,home_run_line,108.0,0.6858701806601323,0.4266099757730752,0.3950092368269214,0,824377,1,final,2026-08-30T13:46:52.825323+00:00,1,10,11,1.5,-1.5,10.0,Loss
dcf384a7692bd7df83a96e49919f2dc0,baseball,mlb,2026_04_03,04:10 PM,Colorado Rockies,Philadelphia Phillies,total,under,10.0,under_total,-105.0,0.6621570339656597,0.4017610793525278,0.4734442861826204,0,824377,1,final,2026-08-30T13:46:52.825323+00:00,1,10,11,1.5,-1.5,10.0,Loss
dcf384a7692bd7df83a96e49919f2dc0,baseball,mlb,2026_04_03,04:10 PM,Colorado Rockies,Philadelphia Phillies,moneyline,home,,home_moneyline,179.0,0.4805492178810278,0.3407323178880674,0.1903532502167975,0,824377,1,final,2026-08-30T13:46:52.825323+00:00,1,10,11,1.5,-1.5,10.0,Loss
2c78d22f888a922842d18ab0938e9db4,baseball,mlb,2026_04_04,08:10 PM,Colorado Rockies,Philadelphia Phillies,run_line,away,-1.5,away_run_line,-156.0,0.9254657263094528,0.5187129867642302,0.8091922593521992,0,824378,1,final,2026-08-24T17:45:59.953030+00:00,1,2,3,1.5,-1.5,10.0,Loss
2c78d22f888a922842d18ab0938e9db4,baseball,mlb,2026_04_04,08:10 PM,Colorado Rockies,Philadelphia Phillies,total,under,10.0,under_total,-102.0,0.5870117422558903,0.2811331169049073,0.3253485111497578,0,824378,1,final,2026-08-24T17:45:59.953030+00:00,1,2,3,1.5,-1.5,10.0,Win
2c78d22f888a922842d18ab0938e9db4,baseball,mlb,2026_04_04,08:10 PM,Colorado Rockies,Philadelphia Phillies,moneyline,away,,away_moneyline,-243.0,0.985672706098224,0.3912993341221846,0.9508573819169084,0,824378,1,final,2026-08-24T17:45:59.953030+00:00,1,2,3,1.5,-1.5,10.0,Win
2f55ab2592008c576ce6bba0557199d8,baseball,mlb,2026_04_04,01:10 PM,Detroit Tigers,St Louis Cardinals,run_line,away,1.5,away_run_line,-163.0,0.7690529371105386,0.2408645549697647,0.3926092246007165,0,824295,1,final,2026-08-24T17:45:59.953030+00:00,11,6,17,,,,Loss
2f55ab2592008c576ce6bba0557199d8,baseball,mlb,2026_04_04,01:10 PM,Detroit Tigers,St Louis Cardinals,total,over,7.5,over_total,-105.0,0.6629424969944677,0.2943163036558655,0.3090321188386588,0,824295,1,final,2026-08-24T17:45:59.953030+00:00,11,6,17,,,,Win
2f55ab2592008c576ce6bba0557199d8,baseball,mlb,2026_04_04,01:10 PM,Detroit Tigers,St Louis Cardinals,moneyline,away,,away_moneyline,135.0,0.5999840803771412,0.4099625888862819,0.3036759917676163,0,824295,1,final,2026-08-24T17:45:59.953030+00:00,11,6,17,,,,Loss
312f9e53b1d64ed1a38adc48dd3b1ce7,baseball,mlb,2026_04_04,07:15 PM,Arizona Diamondbacks,Atlanta Braves,run_line,away,-1.5,away_run_line,152.0,0.9285470109172822,1.339938467511551,0.8815384654681258,0,825104,1,final,2026-08-24T17:45:59.953030+00:00,2,1,3,1.5,-1.5,9.5,Loss
312f9e53b1d64ed1a38adc48dd3b1ce7,baseball,mlb,2026_04_04,07:15 PM,Arizona Diamondbacks,Atlanta Braves,total,over,9.5,over_total,-109.0,0.6931571509844168,0.3290811427132395,0.3586984455574311,0,825104,1,final,2026-08-24T17:45:59.953030+00:00,2,1,3,1.5,-1.5,9.5,Loss
312f9e53b1d64ed1a38adc48dd3b1ce7,baseball,mlb,2026_04_04,07:15 PM,Arizona Diamondbacks,Atlanta Braves,moneyline,away,,away_moneyline,-105.0,0.9824790385644584,0.9181733610067996,0.9640820290571396,0,825104,1,final,2026-08-24T17:45:59.953030+00:00,2,1,3,1.5,-1.5,9.5,Loss
376d4054f0497d9efc59db45c18f76ae,baseball,mlb,2026_04_04,04:10 PM,Boston Red Sox,San Diego Padres,run_line,away,1.5,away_run_line,-175.0,0.8764833360035923,0.3773309565770735,0.6603291740098789,0,824782,1,final,2026-08-24T17:45:59.953030+00:00,2,3,5,-1.5,1.5,8.0,Win
376d4054f0497d9efc59db45c18f76ae,baseball,mlb,2026_04_04,04:10 PM,Boston Red Sox,San Diego Padres,total,over,8.0,over_total,-107.0,0.4687560646805552,0.0448057820021401,0.0556148012299376,0,824782,1,final,2026-08-24T17:45:59.953030+00:00,2,3,5,-1.5,1.5,8.0,Loss
376d4054f0497d9efc59db45c18f76ae,baseball,mlb,2026_04_04,04:10 PM,Boston Red Sox,San Diego Padres,moneyline,away,,away_moneyline,123.0,0.7611136454512318,0.6972834293562469,0.5668970970375992,0,824782,1,final,2026-08-24T17:45:59.953030+00:00,2,3,5,-1.5,1.5,8.0,Win
415818bc74e8e550d87f1a25d6276e94,baseball,mlb,2026_04_04,09:05 PM,San Francisco Giants,New York Mets,run_line,home,1.5,home_run_line,-166.0,0.9402424044330312,0.5066534914408813,0.841044795791863,0,823239,1,final,2026-08-24T17:45:59.953030+00:00,0,9,9,1.5,-1.5,7.5,Loss
415818bc74e8e550d87f1a25d6276e94,baseball,mlb,2026_04_04,09:05 PM,San Francisco Giants,New York Mets,total,over,7.5,over_total,-117.0,0.8472204707709037,0.5713405312588556,0.668468421572861,0,823239,1,final,2026-08-24T17:45:59.953030+00:00,0,9,9,1.5,-1.5,7.5,Win
415818bc74e8e550d87f1a25d6276e94,baseball,mlb,2026_04_04,09:05 PM,San Francisco Giants,New York Mets,moneyline,home,,home_moneyline,102.0,0.8844884261314145,0.7866666207854573,0.7712417850837817,0,823239,1,final,2026-08-24T17:45:59.953030+00:00,0,9,9,1.5,-1.5,7.5,Loss
41fa4cec7f51caff22b1eab7e4523008,baseball,mlb,2026_04_04,07:05 PM,New York Yankees,Miami Marlins,run_line,home,-1.5,home_run_line,112.0,0.4760674472291448,0.009262988125787,0.0082705251123098,0,823569,1,final,2026-08-24T17:45:59.953030+00:00,9,7,16,-1.5,1.5,8.0,Win
41fa4cec7f51caff22b1eab7e4523008,baseball,mlb,2026_04_04,07:05 PM,New York Yankees,Miami Marlins,total,over,8.0,over_total,-102.0,0.4979406782503015,0.122210995370467,0.1442924313364638,0,823569,1,final,2026-08-24T17:45:59.953030+00:00,9,7,16,-1.5,1.5,8.0,Win
41fa4cec7f51caff22b1eab7e4523008,baseball,mlb,2026_04_04,07:05 PM,New York Yankees,Miami Marlins,moneyline,home,,home_moneyline,-192.0,0.7003855529150089,0.065169695058243,0.1251258145118264,0,823569,1,final,2026-08-24T17:45:59.953030+00:00,9,7,16,-1.5,1.5,8.0,Win
489e828d67b83a0f938e9fc1910929af,baseball,mlb,2026_04_04,02:10 PM,Chicago White Sox,Toronto Blue Jays,run_line,home,1.5,home_run_line,-109.0,0.7427588976260415,0.4241890789343365,0.4623660960384268,0,824622,1,final,2026-08-24T17:45:59.953030+00:00,6,3,9,1.5,-1.5,8.5,Win
489e828d67b83a0f938e9fc1910929af,baseball,mlb,2026_04_04,02:10 PM,Chicago White Sox,Toronto Blue Jays,total,under,8.5,under_total,-117.0,0.814981086436847,0.5115461175794512,0.5985089575679579,0,824622,1,final,2026-08-24T17:45:59.953030+00:00,6,3,9,1.5,-1.5,8.5,Loss
489e828d67b83a0f938e9fc1910929af,baseball,mlb,2026_04_04,02:10 PM,Chicago White Sox,Toronto Blue Jays,moneyline,home,,home_moneyline,144.0,0.517905266224395,0.2636888495875238,0.1831172566580026,0,824622,1,final,2026-08-24T17:45:59.953030+00:00,6,3,9,1.5,-1.5,8.5,Win
a17bc682d534fc4be2a0873853346c69,baseball,mlb,2026_04_04,09:38 PM,Los Angeles Angels,Seattle Mariners,run_line,away,-1.5,away_run_line,100.0,0.6160749827367551,0.2321499654735102,0.2321499654735102,0,824054,1,final,2026-08-24T17:45:59.953030+00:00,1,0,1,1.5,-1.5,9.5,Loss
a17bc682d534fc4be2a0873853346c69,baseball,mlb,2026_04_04,09:38 PM,Los Angeles Angels,Seattle Mariners,total,under,9.5,under_total,-112.0,0.8697643329462015,0.6463396302195956,0.7239003858459472,0,824054,1,final,2026-08-24T17:45:59.953030+00:00,1,0,1,1.5,-1.5,9.5,Win
a17bc682d534fc4be2a0873853346c69,baseball,mlb,2026_04_04,09:38 PM,Los Angeles Angels,Seattle Mariners,moneyline,away,,away_moneyline,-166.0,0.851536579387173,0.3645104223914939,0.6050873011698801,0,824054,1,final,2026-08-24T17:45:59.953030+00:00,1,0,1,1.5,-1.5,9.5,Loss
aa08785add4f89977cb0595e43894b03,baseball,mlb,2026_04_04,07:10 PM,Minnesota Twins,Tampa Bay Rays,run_line,away,-1.5,away_run_line,152.0,0.653468335555029,0.6467402055986731,0.4254869773675481,0,823730,1,final,2026-08-24T17:45:59.953030+00:00,1,7,8,1.5,-1.5,7.5,Win
aa08785add4f89977cb0595e43894b03,baseball,mlb,2026_04_04,07:10 PM,Minnesota Twins,Tampa Bay Rays,total,over,7.5,over_total,-109.0,0.8279052343473481,0.5874513209045483,0.6403219397859577,0,823730,1,final,2026-08-24T17:45:59.953030+00:00,1,7,8,1.5,-1.5,7.5,Win
aa08785add4f89977cb0595e43894b03,baseball,mlb,2026_04_04,07:10 PM,Minnesota Twins,Tampa Bay Rays,moneyline,away,,away_moneyline,-107.0,0.8336989577747697,0.6128568622371715,0.6557568425937733,0,823730,1,final,2026-08-24T17:45:59.953030+00:00,1,7,8,1.5,-1.5,7.5,Win
b3e6bdc5fabee63ec7b5666bb48e3a9a,baseball,mlb,2026_04_04,07:10 PM,Kansas City Royals,Milwaukee Brewers,run_line,home,1.5,home_run_line,-188.0,0.9740314307195806,0.4921332555704214,0.9252105204723924,0,824134,2,final,2026-08-24T17:45:59.953030+00:00,8,2,10,1.5,-1.5,8.0,Win
b3e6bdc5fabee63ec7b5666bb48e3a9a,baseball,mlb,2026_04_04,07:10 PM,Kansas City Royals,Milwaukee Brewers,total,over,8.0,over_total,-117.0,0.5102887049301355,0.081533597329222,0.1102952781807734,0,824134,2,final,2026-08-24T17:45:59.953030+00:00,8,2,10,1.5,-1.5,8.0,Win
b3e6bdc5fabee63ec7b5666bb48e3a9a,baseball,mlb,2026_04_04,07:10 PM,Kansas City Royals,Milwaukee Brewers,moneyline,home,,home_moneyline,-114.0,0.9395465135723388,0.7637101219691271,0.870629539044805,0,824134,2,final,2026-08-24T17:45:59.953030+00:00,8,2,10,1.5,-1.5,8.0,Win
b8f46c3336a07f5da37ff815cf155d69,baseball,mlb,2026_04_04,07:05 PM,Texas Rangers,Cincinnati Reds,run_line,away,1.5,away_run_line,-172.0,0.9566181269369722,0.512791456551491,0.8820013052685646,0,822920,1,final,2026-08-24T17:45:59.953030+00:00,0,2,2,-1.5,1.5,8.0,Win
b8f46c3336a07f5da37ff815cf155d69,baseball,mlb,2026_04_04,07:05 PM,Texas Rangers,Cincinnati Reds,total,over,8.0,over_total,-109.0,0.5947676420393438,0.2656386871907779,0.3309903505948325,0,822920,1,final,2026-08-24T17:45:59.953030+00:00,0,2,2,-1.5,1.5,8.0,Loss
b8f46c3336a07f5da37ff815cf155d69,baseball,mlb,2026_04_04,07:05 PM,Texas Rangers,Cincinnati Reds,moneyline,away,,away_moneyline,119.0,0.9081541038508264,0.9888574874333098,0.8309726785153864,0,822920,1,final,2026-08-24T17:45:59.953030+00:00,0,2,2,-1.5,1.5,8.0,Win
bb76dc664e8c6ea5005c7c5328bb484f,baseball,mlb,2026_04_04,04:05 PM,Athletics,Houston Astros,run_line,home,1.5,home_run_line,-163.0,0.8628879866397926,0.3922671195476408,0.6393954048626546,0,825027,1,final,2026-08-24T17:45:59.953030+00:00,0,11,11,,,,Loss
bb76dc664e8c6ea5005c7c5328bb484f,baseball,mlb,2026_04_04,04:05 PM,Athletics,Houston Astros,total,under,10.0,under_total,-117.0,0.7522832649152585,0.4868709572751353,0.6270867803828993,0,825027,1,final,2026-08-24T17:45:59.953030+00:00,0,11,11,,,,Loss
bb76dc664e8c6ea5005c7c5328bb484f,baseball,mlb,2026_04_04,04:05 PM,Athletics,Houston Astros,moneyline,home,,home_moneyline,-102.0,0.730323399445398,0.4463267322350037,0.4552532668797038,0,825027,1,final,2026-08-24T17:45:59.953030+00:00,0,11,11,,,,Loss
cb5d17981ace91c9c0c11d20c49ea047,baseball,mlb,2026_04_04,04:05 PM,Washington Nationals,Los Angeles Dodgers,run_line,away,-1.5,away_run_line,-175.0,0.7371867566218839,0.1584363318343891,0.2772635807101807,0,822757,1,final,2026-08-24T17:45:59.953030+00:00,5,10,15,1.5,-1.5,9.5,Win
cb5d17981ace91c9c0c11d20c49ea047,baseball,mlb,2026_04_04,04:05 PM,Washington Nationals,Los Angeles Dodgers,total,over,9.5,over_total,-114.0,0.772505592057473,0.4501420763184143,0.5131619670029923,0,822757,1,final,2026-08-24T17:45:59.953030+00:00,5,10,15,1.5,-1.5,9.5,Win
cb5d17981ace91c9c0c11d20c49ea047,baseball,mlb,2026_04_04,04:05 PM,Washington Nationals,Los Angeles Dodgers,moneyline,away,,away_moneyline,-294.0,0.8823886728799992,0.1825208745398627,0.5366113711471969,0,822757,1,final,2026-08-24T17:45:59.953030+00:00,5,10,15,1.5,-1.5,9.5,Win
da18e0cacf2048f6b3e14df98e9a184c,baseball,mlb,2026_04_04,04:05 PM,Pittsburgh Pirates,Baltimore Orioles,run_line,home,1.5,home_run_line,-181.0,0.8892010452876014,0.3804723410266075,0.6886549372581597,0,823404,1,final,2026-08-24T17:45:59.953030+00:00,3,2,5,1.5,-1.5,8.5,Win
da18e0cacf2048f6b3e14df98e9a184c,baseball,mlb,2026_04_04,04:05 PM,Pittsburgh Pirates,Baltimore Orioles,total,under,8.5,under_total,-114.0,0.5645765797872073,0.0598191936356348,0.0681938807446236,0,823404,1,final,2026-08-24T17:45:59.953030+00:00,3,2,5,1.5,-1.5,8.5,Win
da18e0cacf2048f6b3e14df98e9a184c,baseball,mlb,2026_04_04,04:05 PM,Pittsburgh Pirates,Baltimore Orioles,moneyline,home,,home_moneyline,-109.0,0.7802976518195169,0.4961670571585233,0.5408220923027904,0,823404,1,final,2026-08-24T17:45:59.953030+00:00,3,2,5,1.5,-1.5,8.5,Win
11db8321335040098def7d046fc1e7fd,baseball,mlb,2026_04_05,03:45 PM,Washington Nationals,Los Angeles Dodgers,run_line,away,-1.5,away_run_line,-131.0,0.6258027833236709,0.1035148316623508,0.1356044294776796,0,822756,1,final,2026-08-30T13:46:52.825323+00:00,6,8,14,1.5,-1.5,9.0,Win
11db8321335040098def7d046fc1e7fd,baseball,mlb,2026_04_05,03:45 PM,Washington Nationals,Los Angeles Dodgers,total,over,9.0,over_total,-113.0,0.7906086828360726,0.5689823982331608,0.6978878512666671,0,822756,1,final,2026-08-30T13:46:52.825323+00:00,6,8,14,1.5,-1.5,9.0,Win
11db8321335040098def7d046fc1e7fd,baseball,mlb,2026_04_05,03:45 PM,Washington Nationals,Los Angeles Dodgers,moneyline,away,,away_moneyline,-217.0,0.7989251317139022,0.1670933951765298,0.36259266753307,0,822756,1,final,2026-08-30T13:46:52.825323+00:00,6,8,14,1.5,-1.5,9.0,Win
1c62c9b04fe7901aa7c4acfe7d37c949,baseball,mlb,2026_04_05,07:20 PM,Detroit Tigers,St Louis Cardinals,total,over,8.0,over_total,-101.0,0.7637347321183086,0.6098618316423787,0.6768454736372086,0,,,final,2026-08-30T13:46:52.825323+00:00,3,5,8,,,,Push
29fe747229e417a970662db96f7b507a,baseball,mlb,2026_04_05,01:10 PM,Cleveland Guardians,Chicago Cubs,run_line,away,-1.5,away_run_line,123.0,0.5826722046923681,0.299359016463981,0.2433813141983584,0,824459,1,final,2026-08-30T13:46:52.825323+00:00,0,1,1,1.5,-1.5,7.5,Loss
29fe747229e417a970662db96f7b507a,baseball,mlb,2026_04_05,01:10 PM,Cleveland Guardians,Chicago Cubs,total,under,7.5,under_total,-109.0,0.6805613850753628,0.304929628263769,0.3323732948075082,0,824459,1,final,2026-08-30T13:46:52.825323+00:00,0,1,1,1.5,-1.5,7.5,Win
29fe747229e417a970662db96f7b507a,baseball,mlb,2026_04_05,01:10 PM,Cleveland Guardians,Chicago Cubs,moneyline,away,,away_moneyline,-135.0,0.8296219658832326,0.4441567554263677,0.5996116198255965,0,824459,1,final,2026-08-30T13:46:52.825323+00:00,0,1,1,1.5,-1.5,7.5,Win
2b9ccede64dae0b4bcf9d3be43f46109,baseball,mlb,2026_04_05,01:35 PM,Pittsburgh Pirates,Baltimore Orioles,run_line,away,1.5,away_run_line,-185.0,0.9136281272676152,0.4074811690338937,0.7538401627127034,0,823405,1,final,2026-08-30T13:46:52.825323+00:00,8,2,10,-1.5,1.5,8.5,Loss
2b9ccede64dae0b4bcf9d3be43f46109,baseball,mlb,2026_04_05,01:35 PM,Pittsburgh Pirates,Baltimore Orioles,total,under,8.5,under_total,-112.0,0.6481037019443625,0.2267677215375433,0.2539798481220485,0,823405,1,final,2026-08-30T13:46:52.825323+00:00,8,2,10,-1.5,1.5,8.5,Loss
2b9ccede64dae0b4bcf9d3be43f46109,baseball,mlb,2026_04_05,01:35 PM,Pittsburgh Pirates,Baltimore Orioles,moneyline,away,,away_moneyline,108.0,0.8176557634840199,0.7007239880467615,0.648818507450705,0,823405,1,final,2026-08-30T13:46:52.825323+00:00,8,2,10,-1.5,1.5,8.5,Loss
318f813f9377b7ebede8b485f5ebef63,baseball,mlb,2026_04_05,02:10 PM,Chicago White Sox,Toronto Blue Jays,run_line,home,1.5,home_run_line,-131.0,0.6869494713981784,0.2113383808624365,0.2768532789297919,0,824620,1,final,2026-08-30T13:46:52.825323+00:00,3,0,3,1.5,-1.5,8.0,Win
318f813f9377b7ebede8b485f5ebef63,baseball,mlb,2026_04_05,02:10 PM,Chicago White Sox,Toronto Blue Jays,total,under,8.0,under_total,-107.0,0.55822464017301,0.2146802518543648,0.2654816063316197,0,824620,1,final,2026-08-30T13:46:52.825323+00:00,3,0,3,1.5,-1.5,8.0,Win
318f813f9377b7ebede8b485f5ebef63,baseball,mlb,2026_04_05,02:10 PM,Chicago White Sox,Toronto Blue Jays,moneyline,home,,home_moneyline,129.0,0.4623944524313924,0.0588832960678886,0.0456459659440996,0,824620,1,final,2026-08-30T13:46:52.825323+00:00,3,0,3,1.5,-1.5,8.0,Win
4c267806bb7b5fed26df010d063685b8,baseball,mlb,2026_04_05,02:35 PM,Texas Rangers,Cincinnati Reds,total,under,7.5,under_total,-103.0,0.7488130689231746,0.4758160484602373,0.4900905299140444,0,822917,1,final,2026-08-30T13:46:52.825323+00:00,1,2,3,-1.5,1.5,7.5,Win
4c267806bb7b5fed26df010d063685b8,baseball,mlb,2026_04_05,02:35 PM,Texas Rangers,Cincinnati Reds,moneyline,home,,home_moneyline,-126.0,0.6171434725310696,0.1069398793017597,0.1347442479202172,0,822917,1,final,2026-08-30T13:46:52.825323+00:00,1,2,3,-1.5,1.5,7.5,Loss
6713ad4fbeae608d336734ee11015eb2,baseball,mlb,2026_04_05,04:10 PM,Arizona Diamondbacks,Atlanta Braves,run_line,home,1.5,home_run_line,-166.0,0.6973340935028848,0.1174148727214901,0.1949086887176734,0,825102,1,final,2026-08-30T13:46:52.825323+00:00,6,5,11,1.5,-1.5,9.0,Win
6713ad4fbeae608d336734ee11015eb2,baseball,mlb,2026_04_05,04:10 PM,Arizona Diamondbacks,Atlanta Braves,total,under,9.0,under_total,100.0,0.8005578294300576,0.6843929271443356,0.7465648046747951,0,825102,1,final,2026-08-30T13:46:52.825323+00:00,6,5,11,1.5,-1.5,9.0,Loss
6713ad4fbeae608d336734ee11015eb2,baseball,mlb,2026_04_05,04:10 PM,Arizona Diamondbacks,Atlanta Braves,moneyline,away,,away_moneyline,-107.0,0.5419436539442621,0.048433050153853,0.0518233636646228,0,825102,1,final,2026-08-30T13:46:52.825323+00:00,6,5,11,1.5,-1.5,9.0,Loss
6cfb88cfd2f02bcfc42f9513be8da728,baseball,mlb,2026_04_05,05:10 PM,New York Yankees,Miami Marlins,run_line,away,1.5,away_run_line,108.0,0.8187374108143879,0.7029738144939268,0.6509016800869692,0,823566,1,final,2026-08-30T13:46:52.825323+00:00,6,7,13,-1.5,1.5,8.0,Win
6cfb88cfd2f02bcfc42f9513be8da728,baseball,mlb,2026_04_05,05:10 PM,New York Yankees,Miami Marlins,total,over,8.0,over_total,-112.0,0.8140577331539368,0.6163275284253364,0.746605149832401,0,823566,1,final,2026-08-30T13:46:52.825323+00:00,6,7,13,-1.5,1.5,8.0,Win
6cfb88cfd2f02bcfc42f9513be8da728,baseball,mlb,2026_04_05,05:10 PM,New York Yankees,Miami Marlins,moneyline,away,,away_moneyline,229.0,0.6968444965799473,1.292618393748027,0.5644621806759942,0,823566,1,final,2026-08-30T13:46:52.825323+00:00,6,7,13,-1.5,1.5,8.0,Win
6e92e4380327a4202b28a449cec82e36,baseball,mlb,2026_04_05,02:10 PM,Kansas City Royals,Milwaukee Brewers,run_line,home,-1.5,home_run_line,163.0,0.7613491459410487,1.002348253824958,0.6149375790337166,0,824131,1,final,2026-08-30T13:46:52.825323+00:00,5,8,13,-1.5,1.5,7.5,Loss
6e92e4380327a4202b28a449cec82e36,baseball,mlb,2026_04_05,02:10 PM,Kansas City Royals,Milwaukee Brewers,total,under,7.5,under_total,-103.0,0.6123442164803075,0.2068531645194409,0.2130587594550242,0,824131,1,final,2026-08-30T13:46:52.825323+00:00,5,8,13,-1.5,1.5,7.5,Loss
6e92e4380327a4202b28a449cec82e36,baseball,mlb,2026_04_05,02:10 PM,Kansas City Royals,Milwaukee Brewers,moneyline,home,,home_moneyline,-126.0,0.9329706623388656,0.6734235689570127,0.8485136968858362,0,824131,1,final,2026-08-30T13:46:52.825323+00:00,5,8,13,-1.5,1.5,7.5,Loss
91cb43db006ffd2bfb2bb937ec974414,baseball,mlb,2026_04_05,03:10 PM,Colorado Rockies,Philadelphia Phillies,run_line,away,-1.5,away_run_line,-117.0,0.9802714755277608,0.8181103435002062,0.957189101895241,0,824379,1,final,2026-08-30T13:46:52.825323+00:00,4,1,5,1.5,-1.5,11.0,Loss
91cb43db006ffd2bfb2bb937ec974414,baseball,mlb,2026_04_05,03:10 PM,Colorado Rockies,Philadelphia Phillies,total,over,11.0,over_total,-117.0,0.4873602665495604,0.0216467507459511,0.0287065907788007,0,824379,1,final,2026-08-30T13:46:52.825323+00:00,4,1,5,1.5,-1.5,11.0,Loss
91cb43db006ffd2bfb2bb937ec974414,baseball,mlb,2026_04_05,03:10 PM,Colorado Rockies,Philadelphia Phillies,moneyline,away,,away_moneyline,-175.0,0.9969554122700632,0.566644219281528,0.9916273837426738,0,824379,1,final,2026-08-30T13:46:52.825323+00:00,4,1,5,1.5,-1.5,11.0,Loss
a90501690931f0257555636a2bba3fbf,baseball,mlb,2026_04_05,01:35 PM,Boston Red Sox,San Diego Padres,run_line,away,1.5,away_run_line,-149.0,0.9200669359453952,0.5375615238282108,0.8009666705040341,0,824781,1,final,2026-08-30T13:46:52.825323+00:00,6,8,14,-1.5,1.5,9.0,Win
a90501690931f0257555636a2bba3fbf,baseball,mlb,2026_04_05,01:35 PM,Boston Red Sox,San Diego Padres,total,over,9.0,over_total,-105.0,0.5582613747143603,0.2133359021364833,0.2555349506220415,0,824781,1,final,2026-08-30T13:46:52.825323+00:00,6,8,14,-1.5,1.5,9.0,Win
a90501690931f0257555636a2bba3fbf,baseball,mlb,2026_04_05,01:35 PM,Boston Red Sox,San Diego Padres,moneyline,away,,away_moneyline,129.0,0.8467772505932407,0.9391199038585212,0.7279999254717219,0,824781,1,final,2026-08-30T13:46:52.825323+00:00,6,8,14,-1.5,1.5,9.0,Win
ac0a6ca9e9cf87ea71536972e31230cc,baseball,mlb,2026_04_05,04:05 PM,Athletics,Houston Astros,run_line,away,-1.5,away_run_line,123.0,0.5048168334408605,0.1257415385731188,0.1022288931488771,0,,,final,2026-08-30T13:46:52.825323+00:00,12,10,22,,,,Loss
ac0a6ca9e9cf87ea71536972e31230cc,baseball,mlb,2026_04_05,04:05 PM,Athletics,Houston Astros,total,under,10.0,under_total,-107.0,0.7376574065991628,0.5219321473093742,0.6170060265897052,0,,,final,2026-08-30T13:46:52.825323+00:00,12,10,22,,,,Loss
ac0a6ca9e9cf87ea71536972e31230cc,baseball,mlb,2026_04_05,04:05 PM,Athletics,Houston Astros,moneyline,away,,away_moneyline,-126.0,0.7402953129851925,0.3278312756718531,0.4130674073465348,0,,,final,2026-08-30T13:46:52.825323+00:00,12,10,22,,,,Loss
b58a8d0376af31bc90316319ce719acf,baseball,mlb,2026_04_05,04:30 PM,Cleveland Guardians,Chicago Cubs,run_line,away,-1.5,away_run_line,140.0,0.7557524689319349,0.8138059254366437,0.5812899467404599,0,824460,2,final,2026-08-30T13:46:52.825323+00:00,6,5,11,1.5,-1.5,7.5,Loss
b58a8d0376af31bc90316319ce719acf,baseball,mlb,2026_04_05,04:30 PM,Cleveland Guardians,Chicago Cubs,total,over,7.5,over_total,-109.0,0.5827244608371669,0.1173340579354852,0.1278941231496789,0,824460,2,final,2026-08-30T13:46:52.825323+00:00,6,5,11,1.5,-1.5,7.5,Win
b58a8d0376af31bc90316319ce719acf,baseball,mlb,2026_04_05,04:30 PM,Cleveland Guardians,Chicago Cubs,moneyline,away,,away_moneyline,-123.0,0.9183433857835018,0.6649640246318773,0.8179057502972091,0,824460,2,final,2026-08-30T13:46:52.825323+00:00,6,5,11,1.5,-1.5,7.5,Loss
e7c8fd226080f70fcf82e59c4705ede9,baseball,mlb,2026_04_05,02:10 PM,Minnesota Twins,Tampa Bay Rays,run_line,away,-1.5,away_run_line,148.0,0.5456797539568575,0.3532857898130066,0.2387066147385179,0,823729,1,final,2026-08-30T13:46:52.825323+00:00,1,4,5,1.5,-1.5,8.0,Win
e7c8fd226080f70fcf82e59c4705ede9,baseball,mlb,2026_04_05,02:10 PM,Minnesota Twins,Tampa Bay Rays,total,under,8.0,under_total,-112.0,0.5288355815731299,0.1380689735287274,0.1791978922538287,0,823729,1,final,2026-08-30T13:46:52.825323+00:00,1,4,5,1.5,-1.5,8.0,Win
e7c8fd226080f70fcf82e59c4705ede9,baseball,mlb,2026_04_05,02:10 PM,Minnesota Twins,Tampa Bay Rays,moneyline,away,,away_moneyline,-107.0,0.7824239881071258,0.5136613601698603,0.5496176553817504,0,823729,1,final,2026-08-30T13:46:52.825323+00:00,1,4,5,1.5,-1.5,8.0,Win
f546541ad061224570d6c2508ff82661,baseball,mlb,2026_04_05,04:05 PM,San Francisco Giants,New York Mets,run_line,home,1.5,home_run_line,-204.0,0.7522104990809644,0.1209411358853587,0.2467199172061317,0,823238,1,final,2026-08-30T13:46:52.825323+00:00,2,5,7,1.5,-1.5,7.0,Loss
f546541ad061224570d6c2508ff82661,baseball,mlb,2026_04_05,04:05 PM,San Francisco Giants,New York Mets,moneyline,home,,home_moneyline,-120.0,0.5529156450388917,0.0136786825713013,0.0164144190855616,0,823238,1,final,2026-08-30T13:46:52.825323+00:00,2,5,7,1.5,-1.5,7.0,Loss
f9328a738af71bb6fd039c0c537f6b09,baseball,mlb,2026_04_05,04:07 PM,Los Angeles Angels,Seattle Mariners,total,under,9.0,under_total,-101.0,0.8396087855671466,0.7422549438384027,0.8072769724513421,0,824053,1,final,2026-08-30T13:46:52.825323+00:00,8,7,15,1.5,-1.5,9.0,Loss
f9328a738af71bb6fd039c0c537f6b09,baseball,mlb,2026_04_05,04:07 PM,Los Angeles Angels,Seattle Mariners,moneyline,away,,away_moneyline,-175.0,0.7747849639254589,0.217519229025721,0.380658650795012,0,824053,1,final,2026-08-30T13:46:52.825323+00:00,8,7,15,1.5,-1.5,9.0,Loss
0bbb2fe84dad148ca7acd671cfd4278a,baseball,mlb,2026_04_06,09:38 PM,Los Angeles Angels,Atlanta Braves,run_line,away,-1.5,away_run_line,102.0,0.5966381810216519,0.2052091256637367,0.201185417317389,0,824052,1,final,2026-08-30T13:46:52.825323+00:00,6,2,8,1.5,-1.5,7.5,Loss
0bbb2fe84dad148ca7acd671cfd4278a,baseball,mlb,2026_04_06,09:38 PM,Los Angeles Angels,Atlanta Braves,total,over,7.5,over_total,-114.0,0.6377643594581957,0.1972067800355602,0.2248157292405386,0,824052,1,final,2026-08-30T13:46:52.825323+00:00,6,2,8,1.5,-1.5,7.5,Win
0bbb2fe84dad148ca7acd671cfd4278a,baseball,mlb,2026_04_06,09:38 PM,Los Angeles Angels,Atlanta Braves,moneyline,away,,away_moneyline,-175.0,0.8079773802269032,0.2696787403565621,0.4719377956239838,0,824052,1,final,2026-08-30T13:46:52.825323+00:00,6,2,8,1.5,-1.5,7.5,Loss
48b9e30cc5595d9696cc12db0aef6114,baseball,mlb,2026_04_06,04:10 PM,Tampa Bay Rays,Chicago Cubs,run_line,home,1.5,home_run_line,-175.0,0.7725172002883395,0.2139556004531049,0.3744223007929335,0,823002,1,final,2026-08-30T13:46:52.825323+00:00,6,4,10,1.5,-1.5,8.0,Win
48b9e30cc5595d9696cc12db0aef6114,baseball,mlb,2026_04_06,04:10 PM,Tampa Bay Rays,Chicago Cubs,total,over,8.0,over_total,-101.0,0.5390868166339656,0.2051659010701729,0.2388206380437233,0,823002,1,final,2026-08-30T13:46:52.825323+00:00,6,4,10,1.5,-1.5,8.0,Win
48b9e30cc5595d9696cc12db0aef6114,baseball,mlb,2026_04_06,04:10 PM,Tampa Bay Rays,Chicago Cubs,moneyline,home,,home_moneyline,-107.0,0.605832256063465,0.1720306262162363,0.1840727700513728,0,823002,1,final,2026-08-30T13:46:52.825323+00:00,6,4,10,1.5,-1.5,8.0,Win
5c34cdfbbae06991923848f910bcad7e,baseball,mlb,2026_04_06,07:07 PM,Toronto Blue Jays,Los Angeles Dodgers,run_line,away,-1.5,away_run_line,112.0,0.5840962103436887,0.2382839659286202,0.2127535410076966,0,822832,1,final,2026-08-30T13:46:52.825323+00:00,2,14,16,1.5,-1.5,8.5,Win
5c34cdfbbae06991923848f910bcad7e,baseball,mlb,2026_04_06,07:07 PM,Toronto Blue Jays,Los Angeles Dodgers,total,under,8.5,under_total,100.0,0.5391712784900032,0.0783425569800065,0.0783425569800065,0,822832,1,final,2026-08-30T13:46:52.825323+00:00,2,14,16,1.5,-1.5,8.5,Loss
5c34cdfbbae06991923848f910bcad7e,baseball,mlb,2026_04_06,07:07 PM,Toronto Blue Jays,Los Angeles Dodgers,moneyline,away,,away_moneyline,-149.0,0.8015207610418862,0.3394541577142929,0.5057866949942966,0,822832,1,final,2026-08-30T13:46:52.825323+00:00,2,14,16,1.5,-1.5,8.5,Win
6852a6697b356bb6e8a0216138056714,baseball,mlb,2026_04_06,06:45 PM,Boston Red Sox,Milwaukee Brewers,run_line,home,1.5,home_run_line,-172.0,0.7979556295006546,0.2618833210708027,0.4504393122417805,0,824783,1,final,2026-08-30T13:46:52.825323+00:00,6,8,14,1.5,-1.5,8.0,Loss
6852a6697b356bb6e8a0216138056714,baseball,mlb,2026_04_06,06:45 PM,Boston Red Sox,Milwaukee Brewers,total,under,8.0,under_total,-109.0,0.780414710377586,0.5899280639112305,0.7093739887976583,0,824783,1,final,2026-08-30T13:46:52.825323+00:00,6,8,14,1.5,-1.5,8.0,Loss
6852a6697b356bb6e8a0216138056714,baseball,mlb,2026_04_06,06:45 PM,Boston Red Sox,Milwaukee Brewers,moneyline,home,,home_moneyline,-105.0,0.587693577560745,0.1474017466662165,0.1547718339995272,0,824783,1,final,2026-08-30T13:46:52.825323+00:00,6,8,14,1.5,-1.5,8.0,Loss
71afed60c85a1e206512b59088d8479f,baseball,mlb,2026_04_06,08:05 PM,Texas Rangers,Seattle Mariners,total,over,7.5,over_total,-105.0,0.5867771653245869,0.1456125608718125,0.1528931889154031,0,822918,1,final,2026-08-30T13:46:52.825323+00:00,2,1,3,1.5,-1.5,7.5,Loss
71afed60c85a1e206512b59088d8479f,baseball,mlb,2026_04_06,08:05 PM,Texas Rangers,Seattle Mariners,moneyline,away,,away_moneyline,102.0,0.584756719718653,0.1812085738316788,0.1776554645408617,0,822918,1,final,2026-08-30T13:46:52.825323+00:00,2,1,3,1.5,-1.5,7.5,Loss
7b162981e371aa40406814eda380bb75,baseball,mlb,2026_04_06,07:40 PM,Chicago White Sox,Baltimore Orioles,run_line,home,1.5,home_run_line,-135.0,0.8263183252454711,0.4384059735754497,0.591848064326857,0,824619,1,final,2026-08-30T13:46:52.825323+00:00,1,2,3,1.5,-1.5,9.0,Win
7b162981e371aa40406814eda380bb75,baseball,mlb,2026_04_06,07:40 PM,Chicago White Sox,Baltimore Orioles,total,under,9.0,under_total,-113.0,0.6519869266911609,0.3450301351727143,0.4410770557743111,0,824619,1,final,2026-08-30T13:46:52.825323+00:00,1,2,3,1.5,-1.5,9.0,Win
7b162981e371aa40406814eda380bb75,baseball,mlb,2026_04_06,07:40 PM,Chicago White Sox,Baltimore Orioles,moneyline,home,,home_moneyline,119.0,0.6687872059319253,0.4646439809909164,0.390457126883123,0,824619,1,final,2026-08-30T13:46:52.825323+00:00,1,2,3,1.5,-1.5,9.0,Loss
8638889acbe04188b2fcf40386691db5,baseball,mlb,2026_04_06,06:40 PM,Pittsburgh Pirates,San Diego Padres,run_line,home,-1.5,home_run_line,152.0,0.4260627649171464,0.0736781675912088,0.0484724786784269,0,823401,1,final,2026-08-30T13:46:52.825323+00:00,0,5,5,-1.5,1.5,8.5,Loss
8638889acbe04188b2fcf40386691db5,baseball,mlb,2026_04_06,06:40 PM,Pittsburgh Pirates,San Diego Padres,total,over,8.5,over_total,-107.0,0.8602262037810562,0.6641759269409221,0.7106682418267863,0,823401,1,final,2026-08-30T13:46:52.825323+00:00,0,5,5,-1.5,1.5,8.5,Loss
8638889acbe04188b2fcf40386691db5,baseball,mlb,2026_04_06,06:40 PM,Pittsburgh Pirates,San Diego Padres,moneyline,home,,home_moneyline,-135.0,0.6093342282817851,0.0606929158979221,0.0819354364621949,0,823401,1,final,2026-08-30T13:46:52.825323+00:00,0,5,5,-1.5,1.5,8.5,Loss
9587d8ccb994fa95ccf0d6ea51bb3393,baseball,mlb,2026_04_06,07:40 PM,Minnesota Twins,Detroit Tigers,run_line,away,1.5,away_run_line,-208.0,0.7561361664744248,0.119663169587129,0.2488993927412285,0,823728,1,final,2026-08-30T13:46:52.825323+00:00,7,3,10,-1.5,1.5,7.0,Loss
9587d8ccb994fa95ccf0d6ea51bb3393,baseball,mlb,2026_04_06,07:40 PM,Minnesota Twins,Detroit Tigers,total,over,7.0,over_total,-112.0,0.7698814655712982,0.5502862926409096,0.6795235859069836,0,823728,1,final,2026-08-30T13:46:52.825323+00:00,7,3,10,-1.5,1.5,7.0,Win
9587d8ccb994fa95ccf0d6ea51bb3393,baseball,mlb,2026_04_06,07:40 PM,Minnesota Twins,Detroit Tigers,moneyline,away,,away_moneyline,102.0,0.5931900285894295,0.1982438577506475,0.1943567232849486,0,823728,1,final,2026-08-30T13:46:52.825323+00:00,7,3,10,-1.5,1.5,7.0,Loss
990a59a7449ed13a05090cf52c0e8d90,baseball,mlb,2026_04_06,06:45 PM,Washington Nationals,St Louis Cardinals,run_line,home,1.5,home_run_line,-172.0,0.7749670877992626,0.2255293481476712,0.3879104788139944,0,,,final,2026-08-30T13:46:52.825323+00:00,9,6,15,,,,Win
990a59a7449ed13a05090cf52c0e8d90,baseball,mlb,2026_04_06,06:45 PM,Washington Nationals,St Louis Cardinals,total,over,8.0,over_total,-112.0,0.5320608047790621,0.1401791302938264,0.1810982960266207,0,,,final,2026-08-30T13:46:52.825323+00:00,9,6,15,,,,Win
990a59a7449ed13a05090cf52c0e8d90,baseball,mlb,2026_04_06,06:45 PM,Washington Nationals,St Louis Cardinals,moneyline,home,,home_moneyline,-102.0,0.6087194496677262,0.2055032238517711,0.2096132883288067,0,,,final,2026-08-30T13:46:52.825323+00:00,9,6,15,,,,Win
b5ee5b660c88cd4cb3262b4b7e9f236f,baseball,mlb,2026_04_06,06:40 PM,Miami Marlins,Cincinnati Reds,run_line,away,1.5,away_run_line,-192.0,0.6647146509467968,0.0109201983149205,0.0209667807646471,0,823886,1,final,2026-08-30T13:46:52.825323+00:00,0,2,2,-1.5,1.5,8.0,Win
b5ee5b660c88cd4cb3262b4b7e9f236f,baseball,mlb,2026_04_06,06:40 PM,Miami Marlins,Cincinnati Reds,total,over,8.0,over_total,-112.0,0.5214917222461133,0.1212073799471799,0.1567755625379389,0,823886,1,final,2026-08-30T13:46:52.825323+00:00,0,2,2,-1.5,1.5,8.0,Loss
c9b16007bef6e68c3d559ee080921941,baseball,mlb,2026_04_06,08:40 PM,Colorado Rockies,Houston Astros,run_line,away,-1.5,away_run_line,-120.0,0.5657215678196501,0.0371562076693585,0.0445874492032302,0,824376,1,final,2026-08-30T13:46:52.825323+00:00,9,7,16,1.5,-1.5,10.5,Loss
c9b16007bef6e68c3d559ee080921941,baseball,mlb,2026_04_06,08:40 PM,Colorado Rockies,Houston Astros,total,under,10.5,under_total,-112.0,0.9016937731614368,0.7067774991984339,0.7915907991022461,0,824376,1,final,2026-08-30T13:46:52.825323+00:00,9,7,16,1.5,-1.5,10.5,Loss
c9b16007bef6e68c3d559ee080921941,baseball,mlb,2026_04_06,08:40 PM,Colorado Rockies,Houston Astros,moneyline,away,,away_moneyline,-188.0,0.8067715159494439,0.2359053010289351,0.4435019659343983,0,824376,1,final,2026-08-30T13:46:52.825323+00:00,9,7,16,1.5,-1.5,10.5,Loss
e7bc40f9611b8baa6328e83959820910,baseball,mlb,2026_04_06,06:10 PM,Cleveland Guardians,Kansas City Royals,run_line,home,1.5,home_run_line,-196.0,0.9126829159952164,0.3783374649723676,0.7415414313458406,0,824456,1,final,2026-08-30T13:46:52.825323+00:00,2,4,6,1.5,-1.5,7.5,Loss
e7bc40f9611b8baa6328e83959820910,baseball,mlb,2026_04_06,06:10 PM,Cleveland Guardians,Kansas City Royals,total,over,7.5,over_total,100.0,0.543837929311402,0.0876758586228039,0.0876758586228039,0,824456,1,final,2026-08-30T13:46:52.825323+00:00,2,4,6,1.5,-1.5,7.5,Loss
e7bc40f9611b8baa6328e83959820910,baseball,mlb,2026_04_06,06:10 PM,Cleveland Guardians,Kansas City Royals,moneyline,home,,home_moneyline,-117.0,0.8193796595355226,0.5197041548650292,0.608053861192084,0,824456,1,final,2026-08-30T13:46:52.825323+00:00,2,4,6,1.5,-1.5,7.5,Loss
e82a29b726b7958743405c67fec4b61a,baseball,mlb,2026_04_06,09:45 PM,San Francisco Giants,Philadelphia Phillies,total,under,8.0,under_total,-117.0,0.5533773809237779,0.1615309077012093,0.2185327228087765,0,823237,1,final,2026-08-30T13:46:52.825323+00:00,4,6,10,1.5,-1.5,8.0,Loss
e82a29b726b7958743405c67fec4b61a,baseball,mlb,2026_04_06,09:45 PM,San Francisco Giants,Philadelphia Phillies,moneyline,away,,away_moneyline,-120.0,0.6319489877562384,0.1585731442197704,0.1902877730637245,0,823237,1,final,2026-08-30T13:46:52.825323+00:00,4,6,10,1.5,-1.5,8.0,Win
102415b79cd3e2bf336ad8c7792ba6a2,baseball,mlb,2026_04_07,07:05 PM,New York Yankees,Athletics,moneyline,home,,home_moneyline,-217.0,0.701314153181277,0.0245003988869345,0.0531658655846481,0,,,final,2026-08-30T13:46:52.825323+00:00,5,3,8,,,,Win
180be1fd7e6956dee1a43586959cf909,baseball,mlb,2026_04_07,09:38 PM,Los Angeles Angels,Atlanta Braves,run_line,home,1.5,home_run_line,-142.0,0.6563729508366788,0.118607423256875,0.1684225410247626,0,824051,1,final,2026-08-30T13:46:52.825323+00:00,2,7,9,1.5,-1.5,8.5,Loss
180be1fd7e6956dee1a43586959cf909,baseball,mlb,2026_04_07,09:38 PM,Los Angeles Angels,Atlanta Braves,total,under,8.5,under_total,-102.0,0.7173057999115124,0.4205467802169165,0.428957715821255,0,824051,1,final,2026-08-30T13:46:52.825323+00:00,2,7,9,1.5,-1.5,8.5,Loss
1a5f8eab5c69c278ea5154ff16256884,baseball,mlb,2026_04_07,09:45 PM,San Francisco Giants,Philadelphia Phillies,run_line,home,1.5,home_run_line,-135.0,0.6521420223274147,0.1352101870143884,0.1825337524694245,0,823235,1,final,2026-08-30T13:46:52.825323+00:00,6,0,6,1.5,-1.5,7.0,Win
1a5f8eab5c69c278ea5154ff16256884,baseball,mlb,2026_04_07,09:45 PM,San Francisco Giants,Philadelphia Phillies,total,over,7.0,over_total,-112.0,0.4973540245800999,0.0862343154422328,0.1129373675422278,0,823235,1,final,2026-08-30T13:46:52.825323+00:00,6,0,6,1.5,-1.5,7.0,Loss
1f445ebef3c39eb365683bafea3e03b5,baseball,mlb,2026_04_07,06:40 PM,Tampa Bay Rays,Chicago Cubs,run_line,home,-1.5,home_run_line,149.0,0.4983107806368494,0.240793843785755,0.1616066065676209,0,822999,1,final,2026-08-30T13:46:52.825323+00:00,2,9,11,-1.5,1.5,7.5,Loss
1f445ebef3c39eb365683bafea3e03b5,baseball,mlb,2026_04_07,06:40 PM,Tampa Bay Rays,Chicago Cubs,total,under,7.5,under_total,-107.0,0.5548084698446492,0.0733210584845083,0.0784535325784239,0,822999,1,final,2026-08-30T13:46:52.825323+00:00,2,9,11,-1.5,1.5,7.5,Loss
1f445ebef3c39eb365683bafea3e03b5,baseball,mlb,2026_04_07,06:40 PM,Tampa Bay Rays,Chicago Cubs,moneyline,home,,home_moneyline,-135.0,0.7430511342738658,0.2934593818841366,0.3961701655435847,0,822999,1,final,2026-08-30T13:46:52.825323+00:00,2,9,11,-1.5,1.5,7.5,Loss
27c6eeeda2f37653edfab1288fc8d1db,baseball,mlb,2026_04_07,06:45 PM,Washington Nationals,St Louis Cardinals,run_line,away,-1.5,away_run_line,152.0,0.4304692424861659,0.084782491065138,0.0557779546481171,0,,,final,2026-08-30T13:46:52.825323+00:00,6,7,13,,,,Loss
27c6eeeda2f37653edfab1288fc8d1db,baseball,mlb,2026_04_07,06:45 PM,Washington Nationals,St Louis Cardinals,total,over,7.5,over_total,-109.0,0.653101915803477,0.2522779853479513,0.2749830040292669,0,,,final,2026-08-30T13:46:52.825323+00:00,6,7,13,,,,Win
27c6eeeda2f37653edfab1288fc8d1db,baseball,mlb,2026_04_07,06:45 PM,Washington Nationals,St Louis Cardinals,moneyline,away,,away_moneyline,-105.0,0.6510161949466934,0.2710316187054489,0.2845831996407214,0,,,final,2026-08-30T13:46:52.825323+00:00,6,7,13,,,,Win
2f6016ab5acb82146f38a5f9453224fa,baseball,mlb,2026_04_07,03:10 PM,Chicago White Sox,Baltimore Orioles,run_line,home,1.5,home_run_line,-149.0,0.7129866465583259,0.1915011744498196,0.2853367499302314,0,824618,1,final,2026-08-30T13:46:52.825323+00:00,2,4,6,1.5,-1.5,7.0,Loss
2f6016ab5acb82146f38a5f9453224fa,baseball,mlb,2026_04_07,03:10 PM,Chicago White Sox,Baltimore Orioles,total,under,7.0,under_total,-117.0,0.514219517336855,0.1007675921331834,0.1382229708816211,0,824618,1,final,2026-08-30T13:46:52.825323+00:00,2,4,6,1.5,-1.5,7.0,Win
2f6016ab5acb82146f38a5f9453224fa,baseball,mlb,2026_04_07,03:10 PM,Chicago White Sox,Baltimore Orioles,moneyline,home,,home_moneyline,119.0,0.4826548146822014,0.057014044154021,0.0479109614739672,0,824618,1,final,2026-08-30T13:46:52.825323+00:00,2,4,6,1.5,-1.5,7.0,Loss
34c5b69d9dd0d7d28dcc752eae1cf3ee,baseball,mlb,2026_04_07,08:05 PM,Texas Rangers,Seattle Mariners,run_line,away,-1.5,away_run_line,139.0,0.4373507621454183,0.0452683215275497,0.032567137789604,0,822916,1,final,2026-08-30T13:46:52.825323+00:00,3,2,5,1.5,-1.5,7.5,Loss
34c5b69d9dd0d7d28dcc752eae1cf3ee,baseball,mlb,2026_04_07,08:05 PM,Texas Rangers,Seattle Mariners,total,under,7.5,under_total,-117.0,0.5814173122666322,0.0783551859987964,0.0916755676185918,0,822916,1,final,2026-08-30T13:46:52.825323+00:00,3,2,5,1.5,-1.5,7.5,Win
34c5b69d9dd0d7d28dcc752eae1cf3ee,baseball,mlb,2026_04_07,08:05 PM,Texas Rangers,Seattle Mariners,moneyline,away,,away_moneyline,-121.0,0.6860743738946478,0.2530779886836132,0.3062243663071717,0,822916,1,final,2026-08-30T13:46:52.825323+00:00,3,2,5,1.5,-1.5,7.5,Loss
60f04be9ddd5105e10aa2fb477a3258a,baseball,mlb,2026_04_07,04:10 PM,New York Mets,Arizona Diamondbacks,run_line,away,1.5,away_run_line,-166.0,0.820939933060742,0.3154820614105864,0.5237002219415736,0,823648,1,final,2026-08-30T13:46:52.825323+00:00,4,3,7,-1.5,1.5,7.0,Win
60f04be9ddd5105e10aa2fb477a3258a,baseball,mlb,2026_04_07,04:10 PM,New York Mets,Arizona Diamondbacks,total,under,7.0,under_total,-105.0,0.531230633052636,0.1830524703165691,0.225034973819809,0,823648,1,final,2026-08-30T13:46:52.825323+00:00,4,3,7,-1.5,1.5,7.0,Push
60f04be9ddd5105e10aa2fb477a3258a,baseball,mlb,2026_04_07,04:10 PM,New York Mets,Arizona Diamondbacks,moneyline,away,,away_moneyline,135.0,0.6415720167742772,0.5076942394195516,0.3760698069774455,0,823648,1,final,2026-08-30T13:46:52.825323+00:00,4,3,7,-1.5,1.5,7.0,Loss
6884c2daf73ff285509cbbcc3d531c93,baseball,mlb,2026_04_07,07:40 PM,Minnesota Twins,Detroit Tigers,run_line,home,1.5,home_run_line,-131.0,0.6632124335776596,0.1694814668430484,0.2220207215643935,0,823727,1,final,2026-08-30T13:46:52.825323+00:00,4,2,6,1.5,-1.5,6.5,Win
6884c2daf73ff285509cbbcc3d531c93,baseball,mlb,2026_04_07,07:40 PM,Minnesota Twins,Detroit Tigers,total,over,6.5,over_total,-123.0,0.7348229788405851,0.3322400348085405,0.4086552428145047,0,823727,1,final,2026-08-30T13:46:52.825323+00:00,4,2,6,1.5,-1.5,6.5,Loss
6884c2daf73ff285509cbbcc3d531c93,baseball,mlb,2026_04_07,07:40 PM,Minnesota Twins,Detroit Tigers,moneyline,home,,home_moneyline,144.0,0.451726007795135,0.1022114590201292,0.0709801798750898,0,823727,1,final,2026-08-30T13:46:52.825323+00:00,4,2,6,1.5,-1.5,6.5,Win
737f5efdae425ee79614f3733ac854fc,baseball,mlb,2026_04_07,06:40 PM,Pittsburgh Pirates,San Diego Padres,run_line,away,1.5,away_run_line,-175.0,0.8794067486479311,0.381924890732463,0.6683685587818106,0,823402,1,final,2026-08-30T13:46:52.825323+00:00,7,1,8,-1.5,1.5,6.5,Loss
737f5efdae425ee79614f3733ac854fc,baseball,mlb,2026_04_07,06:40 PM,Pittsburgh Pirates,San Diego Padres,total,over,6.5,over_total,-109.0,0.5577084529854303,0.0693675841647241,0.0756106667395493,0,823402,1,final,2026-08-30T13:46:52.825323+00:00,7,1,8,-1.5,1.5,6.5,Win
737f5efdae425ee79614f3733ac854fc,baseball,mlb,2026_04_07,06:40 PM,Pittsburgh Pirates,San Diego Padres,moneyline,away,,away_moneyline,129.0,0.7501655835859838,0.717879186411903,0.5564954933425605,0,823402,1,final,2026-08-30T13:46:52.825323+00:00,7,1,8,-1.5,1.5,6.5,Loss
96d192b9d73482f9d651313a2422fb78,baseball,mlb,2026_04_07,07:07 PM,Toronto Blue Jays,Los Angeles Dodgers,run_line,home,1.5,home_run_line,-131.0,0.6261236929737126,0.1040807105108976,0.1363457307692759,0,822831,1,final,2026-08-30T13:46:52.825323+00:00,1,4,5,1.5,-1.5,7.5,Loss
96d192b9d73482f9d651313a2422fb78,baseball,mlb,2026_04_07,07:07 PM,Toronto Blue Jays,Los Angeles Dodgers,total,over,7.5,over_total,-117.0,0.691608745801861,0.282727331957298,0.3307909783900386,0,822831,1,final,2026-08-30T13:46:52.825323+00:00,1,4,5,1.5,-1.5,7.5,Loss
a028589ce492c9027a1dcaf75f436276,baseball,mlb,2026_04_07,06:45 PM,Boston Red Sox,Milwaukee Brewers,run_line,away,1.5,away_run_line,-175.0,0.6595200120359977,0.0363885903422822,0.0636800330989937,0,824780,1,final,2026-08-30T13:46:52.825323+00:00,3,2,5,-1.5,1.5,7.0,Win
a028589ce492c9027a1dcaf75f436276,baseball,mlb,2026_04_07,06:45 PM,Boston Red Sox,Milwaukee Brewers,total,over,7.0,over_total,100.0,0.4583944648540083,0.0642806424836519,0.0754017801902427,0,824780,1,final,2026-08-30T13:46:52.825323+00:00,3,2,5,-1.5,1.5,7.0,Loss
a8ff4cf1d716757bfb7db919dd280201,baseball,mlb,2026_04_07,08:40 PM,Colorado Rockies,Houston Astros,run_line,home,1.5,home_run_line,100.0,0.7651917988955312,0.5303835977910625,0.5303835977910625,0,824375,1,final,2026-08-30T13:46:52.825323+00:00,5,1,6,1.5,-1.5,10.5,Win
a8ff4cf1d716757bfb7db919dd280201,baseball,mlb,2026_04_07,08:40 PM,Colorado Rockies,Houston Astros,total,under,10.5,under_total,-107.0,0.7501943723780842,0.4513106082454527,0.4829023508226343,0,824375,1,final,2026-08-30T13:46:52.825323+00:00,5,1,6,1.5,-1.5,10.5,Win
a8ff4cf1d716757bfb7db919dd280201,baseball,mlb,2026_04_07,08:40 PM,Colorado Rockies,Houston Astros,moneyline,home,,home_moneyline,152.0,0.5909901888993846,0.4892952760264493,0.321904786859506,0,824375,1,final,2026-08-30T13:46:52.825323+00:00,5,1,6,1.5,-1.5,10.5,Win
cdbfd5e28cb2a7740714cfb069042ee5,baseball,mlb,2026_04_07,01:10 PM,Cleveland Guardians,Kansas City Royals,run_line,home,1.5,home_run_line,-200.0,0.8149089405110734,0.2223634107666101,0.4447268215332203,0,824457,1,final,2026-08-30T13:46:52.825323+00:00,2,1,3,1.5,-1.5,6.5,Win
cdbfd5e28cb2a7740714cfb069042ee5,baseball,mlb,2026_04_07,01:10 PM,Cleveland Guardians,Kansas City Royals,total,over,6.5,over_total,-125.0,0.6840882920769837,0.2313589257385708,0.2891986571732134,0,824457,1,final,2026-08-30T13:46:52.825323+00:00,2,1,3,1.5,-1.5,6.5,Loss
cdbfd5e28cb2a7740714cfb069042ee5,baseball,mlb,2026_04_07,01:10 PM,Cleveland Guardians,Kansas City Royals,moneyline,home,,home_moneyline,-117.0,0.656540806920698,0.2176867957418076,0.2546935510179147,0,824457,1,final,2026-08-30T13:46:52.825323+00:00,2,1,3,1.5,-1.5,6.5,Win
f30f9a55dc0c96a5bbfbcbd3e4f60344,baseball,mlb,2026_04_07,06:40 PM,Miami Marlins,Cincinnati Reds,run_line,away,1.5,away_run_line,-192.0,0.7392440065262006,0.1242669265919302,0.2385924990565061,0,823887,1,final,2026-08-30T13:46:52.825323+00:00,3,6,9,-1.5,1.5,7.0,Win
f30f9a55dc0c96a5bbfbcbd3e4f60344,baseball,mlb,2026_04_07,06:40 PM,Miami Marlins,Cincinnati Reds,total,under,7.0,under_total,102.0,0.5291516105067985,0.2149295662800515,0.2467516962868758,0,823887,1,final,2026-08-30T13:46:52.825323+00:00,3,6,9,-1.5,1.5,7.0,Loss
f30f9a55dc0c96a5bbfbcbd3e4f60344,baseball,mlb,2026_04_07,06:40 PM,Miami Marlins,Cincinnati Reds,moneyline,away,,away_moneyline,112.0,0.5171231690730463,0.0963011184348583,0.0859831414596949,0,823887,1,final,2026-08-30T13:46:52.825323+00:00,3,6,9,-1.5,1.5,7.0,Win
00d50aafe35c1d5cd48cc12b8dc26bbb,baseball,mlb,2026_04_08,03:10 PM,Colorado Rockies,Houston Astros,run_line,home,1.5,home_run_line,-109.0,0.6401888779403994,0.2275181237572796,0.2479947548954346,0,824374,1,final,2026-08-30T13:46:52.825323+00:00,9,1,10,1.5,-1.5,11.5,Win
00d50aafe35c1d5cd48cc12b8dc26bbb,baseball,mlb,2026_04_08,03:10 PM,Colorado Rockies,Houston Astros,total,under,11.5,under_total,-114.0,0.9099864464192032,0.7082201713483289,0.8073709953370949,0,824374,1,final,2026-08-30T13:46:52.825323+00:00,9,1,10,1.5,-1.5,11.5,Win
15b87c6f572dbd799229c124977cd9cc,baseball,mlb,2026_04_08,02:10 PM,Chicago White Sox,Baltimore Orioles,run_line,home,1.5,home_run_line,-135.0,0.6606204486860372,0.1499689291942127,0.2024580544121874,0,824617,1,final,2026-08-30T13:46:52.825323+00:00,3,5,8,1.5,-1.5,7.5,Loss
15b87c6f572dbd799229c124977cd9cc,baseball,mlb,2026_04_08,02:10 PM,Chicago White Sox,Baltimore Orioles,total,under,7.5,under_total,-114.0,0.7667412647410977,0.4393213215315344,0.5008263065459493,0,824617,1,final,2026-08-30T13:46:52.825323+00:00,3,5,8,1.5,-1.5,7.5,Loss
160de2c0d9ab7767e9268364d732e3a3,baseball,mlb,2026_04_08,01:10 PM,Cleveland Guardians,Kansas City Royals,run_line,home,1.5,home_run_line,-166.0,0.7223888351413399,0.1575628322144362,0.2615543014759641,0,824455,1,final,2026-08-30T13:46:52.825323+00:00,10,2,12,1.5,-1.5,7.0,Win
160de2c0d9ab7767e9268364d732e3a3,baseball,mlb,2026_04_08,01:10 PM,Cleveland Guardians,Kansas City Royals,total,over,7.0,over_total,-114.0,0.4875425636696822,0.0608205541456681,0.0811518822301811,0,824455,1,final,2026-08-30T13:46:52.825323+00:00,10,2,12,1.5,-1.5,7.0,Win
160de2c0d9ab7767e9268364d732e3a3,baseball,mlb,2026_04_08,01:10 PM,Cleveland Guardians,Kansas City Royals,moneyline,home,,home_moneyline,108.0,0.5153015212786474,0.0718271642595864,0.0665066335736912,0,824455,1,final,2026-08-30T13:46:52.825323+00:00,10,2,12,1.5,-1.5,7.0,Win
2f7d7c64bfe4e6ab5864b9f70ae4ba1a,baseball,mlb,2026_04_08,06:40 PM,Tampa Bay Rays,Chicago Cubs,run_line,home,1.5,home_run_line,-181.0,0.852183323143856,0.3230028386929477,0.5846351380342354,0,823000,1,final,2026-08-30T13:46:52.825323+00:00,2,6,8,1.5,-1.5,8.0,Loss
2f7d7c64bfe4e6ab5864b9f70ae4ba1a,baseball,mlb,2026_04_08,06:40 PM,Tampa Bay Rays,Chicago Cubs,moneyline,home,,home_moneyline,-107.0,0.7195411006367333,0.3920094189888206,0.419450078318038,0,823000,1,final,2026-08-30T13:46:52.825323+00:00,2,6,8,1.5,-1.5,8.0,Loss
3096b597fdfee7ae162b7e06d7b349db,baseball,mlb,2026_04_08,02:35 PM,Texas Rangers,Seattle Mariners,run_line,home,1.5,home_run_line,-163.0,0.7653316371367718,0.2348602488771225,0.3828222056697097,0,822915,1,final,2026-08-30T13:46:52.825323+00:00,3,0,3,1.5,-1.5,7.5,Win
3096b597fdfee7ae162b7e06d7b349db,baseball,mlb,2026_04_08,02:35 PM,Texas Rangers,Seattle Mariners,total,under,7.5,under_total,-102.0,0.6559076049150074,0.2989542764003086,0.3049333619283149,0,822915,1,final,2026-08-30T13:46:52.825323+00:00,3,0,3,1.5,-1.5,7.5,Win
3096b597fdfee7ae162b7e06d7b349db,baseball,mlb,2026_04_08,02:35 PM,Texas Rangers,Seattle Mariners,moneyline,home,,home_moneyline,108.0,0.5579472241207957,0.1605302261712551,0.1486390983067176,0,822915,1,final,2026-08-30T13:46:52.825323+00:00,3,0,3,1.5,-1.5,7.5,Win
3905b085d9465ee22fdad2d16362cd7a,baseball,mlb,2026_04_08,07:40 PM,Minnesota Twins,Detroit Tigers,run_line,home,1.5,home_run_line,-135.0,0.7495715238972116,0.3048096897469978,0.4114930811584473,0,823726,1,final,2026-08-30T13:46:52.825323+00:00,8,6,14,1.5,-1.5,8.0,Win
3905b085d9465ee22fdad2d16362cd7a,baseball,mlb,2026_04_08,07:40 PM,Minnesota Twins,Detroit Tigers,total,under,8.0,under_total,-107.0,0.4909188707354727,0.088669726165573,0.1101868714135395,0,823726,1,final,2026-08-30T13:46:52.825323+00:00,8,6,14,1.5,-1.5,8.0,Loss
3905b085d9465ee22fdad2d16362cd7a,baseball,mlb,2026_04_08,07:40 PM,Minnesota Twins,Detroit Tigers,moneyline,home,,home_moneyline,129.0,0.5557092480428849,0.2725741780182065,0.2112978124172143,0,823726,1,final,2026-08-30T13:46:52.825323+00:00,8,6,14,1.5,-1.5,8.0,Win
4ef0a953d5a2ee85f161aca8c6c49b3c,baseball,mlb,2026_04_08,06:40 PM,Miami Marlins,Cincinnati Reds,run_line,away,1.5,away_run_line,-200.0,0.7042263242369537,0.0563394863554305,0.1126789727108612,0,823885,1,final,2026-08-30T13:46:52.825323+00:00,7,4,11,-1.5,1.5,7.5,Loss
4ef0a953d5a2ee85f161aca8c6c49b3c,baseball,mlb,2026_04_08,06:40 PM,Miami Marlins,Cincinnati Reds,total,over,7.5,over_total,-102.0,0.5108371392007806,0.011657863907428,0.0118910211855765,0,823885,1,final,2026-08-30T13:46:52.825323+00:00,7,4,11,-1.5,1.5,7.5,Win
4ef0a953d5a2ee85f161aca8c6c49b3c,baseball,mlb,2026_04_08,06:40 PM,Miami Marlins,Cincinnati Reds,moneyline,away,,away_moneyline,112.0,0.4936017552138959,0.0464357210534593,0.0414604652263029,0,823885,1,final,2026-08-30T13:46:52.825323+00:00,7,4,11,-1.5,1.5,7.5,Loss
672bd33686c333c6153712db080ee8a9,baseball,mlb,2026_04_08,03:07 PM,Toronto Blue Jays,Los Angeles Dodgers,total,over,7.5,over_total,-117.0,0.6350878973991152,0.1778980661163077,0.20814073735608,0,822833,1,final,2026-08-30T13:46:52.825323+00:00,4,3,7,1.5,-1.5,7.5,Loss
672bd33686c333c6153712db080ee8a9,baseball,mlb,2026_04_08,03:07 PM,Toronto Blue Jays,Los Angeles Dodgers,moneyline,away,,away_moneyline,-166.0,0.7168971629297036,0.1487629237307299,0.2469464533930115,0,822833,1,final,2026-08-30T13:46:52.825323+00:00,4,3,7,1.5,-1.5,7.5,Loss
74300b0d6c081e81f663475a7fbc6023,baseball,mlb,2026_04_08,03:45 PM,San Francisco Giants,Philadelphia Phillies,run_line,away,-1.5,away_run_line,123.0,0.5142112164357316,0.1466910126516816,0.1192609858956761,0,823234,1,final,2026-08-30T13:46:52.825323+00:00,5,0,5,1.5,-1.5,8.0,Loss
74300b0d6c081e81f663475a7fbc6023,baseball,mlb,2026_04_08,03:45 PM,San Francisco Giants,Philadelphia Phillies,total,under,8.0,under_total,-102.0,0.4406787781717965,0.0122355316590648,0.0145037931790293,0,823234,1,final,2026-08-30T13:46:52.825323+00:00,5,0,5,1.5,-1.5,8.0,Win
74300b0d6c081e81f663475a7fbc6023,baseball,mlb,2026_04_08,03:45 PM,San Francisco Giants,Philadelphia Phillies,moneyline,away,,away_moneyline,-135.0,0.7450597719407992,0.2969558993043542,0.4008904640608781,0,823234,1,final,2026-08-30T13:46:52.825323+00:00,5,0,5,1.5,-1.5,8.0,Loss
9537056b3351f36946c499786e40cfa7,baseball,mlb,2026_04_08,04:05 PM,Washington Nationals,St Louis Cardinals,run_line,away,-1.5,away_run_line,129.0,0.455005626487446,0.0419628846562514,0.0325293679505825,0,,,final,2026-08-30T13:46:52.825323+00:00,1,6,7,,,,Win
9537056b3351f36946c499786e40cfa7,baseball,mlb,2026_04_08,04:05 PM,Washington Nationals,St Louis Cardinals,total,over,8.5,over_total,-102.0,0.5415460641822502,0.0724735780864168,0.0739230496481451,0,,,final,2026-08-30T13:46:52.825323+00:00,1,6,7,,,,Loss
9537056b3351f36946c499786e40cfa7,baseball,mlb,2026_04_08,04:05 PM,Washington Nationals,St Louis Cardinals,moneyline,away,,away_moneyline,-126.0,0.6745741145882439,0.2099503960074848,0.2645374989694311,0,,,final,2026-08-30T13:46:52.825323+00:00,1,6,7,,,,Win
a6d31fb32b9a25db695c58e6621fcd41,baseball,mlb,2026_04_08,04:10 PM,New York Mets,Arizona Diamondbacks,run_line,away,1.5,away_run_line,-175.0,0.7794036597734519,0.2247771796439959,0.3933600643769928,0,823646,1,final,2026-08-30T13:46:52.825323+00:00,2,7,9,-1.5,1.5,7.5,Win
a6d31fb32b9a25db695c58e6621fcd41,baseball,mlb,2026_04_08,04:10 PM,New York Mets,Arizona Diamondbacks,total,under,7.5,under_total,-102.0,0.7353550781582452,0.4562914292937794,0.4654172578796551,0,823646,1,final,2026-08-30T13:46:52.825323+00:00,2,7,9,-1.5,1.5,7.5,Loss
a6d31fb32b9a25db695c58e6621fcd41,baseball,mlb,2026_04_08,04:10 PM,New York Mets,Arizona Diamondbacks,moneyline,away,,away_moneyline,119.0,0.5668302751823721,0.2413583026493948,0.2028221030667182,0,823646,1,final,2026-08-30T13:46:52.825323+00:00,2,7,9,-1.5,1.5,7.5,Win
b97b93f7e524bcb6df93185f3a28b91d,baseball,mlb,2026_04_08,07:05 PM,New York Yankees,Athletics,run_line,away,1.5,away_run_line,-126.0,0.7287125495276761,0.3070558428036094,0.3868903619325478,0,,,final,2026-08-30T13:46:52.825323+00:00,2,3,5,,,,Win
b97b93f7e524bcb6df93185f3a28b91d,baseball,mlb,2026_04_08,07:05 PM,New York Yankees,Athletics,total,under,8.5,under_total,-109.0,0.5830569512039957,0.1179715853361018,0.128589028016351,0,,,final,2026-08-30T13:46:52.825323+00:00,2,3,5,,,,Win
b97b93f7e524bcb6df93185f3a28b91d,baseball,mlb,2026_04_08,07:05 PM,New York Yankees,Athletics,moneyline,away,,away_moneyline,163.0,0.5319291510562572,0.3989736672779562,0.244769121029421,0,,,final,2026-08-30T13:46:52.825323+00:00,2,3,5,,,,Win
d52d861ea5ed462b15486ffb7493bbc4,baseball,mlb,2026_04_08,12:35 PM,Pittsburgh Pirates,San Diego Padres,total,under,7.5,under_total,-120.0,0.5605267938400934,0.0276324553735045,0.0331589464482054,0,823403,1,final,2026-08-30T13:46:52.825323+00:00,2,8,10,1.5,-1.5,7.5,Loss
d52d861ea5ed462b15486ffb7493bbc4,baseball,mlb,2026_04_08,12:35 PM,Pittsburgh Pirates,San Diego Padres,moneyline,away,,away_moneyline,-109.0,0.6293928417635355,0.2068174672346689,0.2254310392857891,0,823403,1,final,2026-08-30T13:46:52.825323+00:00,2,8,10,1.5,-1.5,7.5,Win
e82c967c1c766b4626e30f8560c26373,baseball,mlb,2026_04_08,04:07 PM,Los Angeles Angels,Atlanta Braves,total,under,8.5,under_total,-107.0,0.7205513164194268,0.3939637616712278,0.4215412249882136,0,824050,1,final,2026-08-30T13:46:52.825323+00:00,2,8,10,1.5,-1.5,8.5,Loss
e82c967c1c766b4626e30f8560c26373,baseball,mlb,2026_04_08,04:07 PM,Los Angeles Angels,Atlanta Braves,moneyline,away,,away_moneyline,-135.0,0.6821693673306813,0.1874800097978526,0.2530980132271012,0,824050,1,final,2026-08-30T13:46:52.825323+00:00,2,8,10,1.5,-1.5,8.5,Win
ed3937bc90189b707190e2ab6060520c,baseball,mlb,2026_04_08,01:35 PM,Boston Red Sox,Milwaukee Brewers,run_line,away,1.5,away_run_line,-185.0,0.832658623415256,0.2827443658018809,0.5230770767334795,0,824779,1,final,2026-08-30T13:46:52.825323+00:00,5,0,5,-1.5,1.5,7.5,Loss
ed3937bc90189b707190e2ab6060520c,baseball,mlb,2026_04_08,01:35 PM,Boston Red Sox,Milwaukee Brewers,total,under,7.5,under_total,-109.0,0.793483634452228,0.521450271564364,0.5683807960051568,0,824779,1,final,2026-08-30T13:46:52.825323+00:00,5,0,5,-1.5,1.5,7.5,Win
ed3937bc90189b707190e2ab6060520c,baseball,mlb,2026_04_08,01:35 PM,Boston Red Sox,Milwaukee Brewers,moneyline,away,,away_moneyline,119.0,0.6426894056168458,0.4074897983008922,0.342428401933523,0,824779,1,final,2026-08-30T13:46:52.825323+00:00,5,0,5,-1.5,1.5,7.5,Loss
24a184f33e22a7efc5cc7c836d3b270a,baseball,mlb,2026_04_09,07:10 PM,New York Mets,Arizona Diamondbacks,run_line,away,1.5,away_run_line,-156.0,0.8019363841298411,0.3159981688284572,0.4929571433723933,0,823645,1,final,2026-08-30T13:46:52.825323+00:00,1,7,8,-1.5,1.5,7.0,Win
24a184f33e22a7efc5cc7c836d3b270a,baseball,mlb,2026_04_09,07:10 PM,New York Mets,Arizona Diamondbacks,total,under,7.0,under_total,-107.0,0.592505124384735,0.2858116354155791,0.3554224115551195,0,823645,1,final,2026-08-30T13:46:52.825323+00:00,1,7,8,-1.5,1.5,7.0,Loss
24a184f33e22a7efc5cc7c836d3b270a,baseball,mlb,2026_04_09,07:10 PM,New York Mets,Arizona Diamondbacks,moneyline,away,,away_moneyline,135.0,0.6027353931952498,0.4164281740088371,0.30846531408062,0,823645,1,final,2026-08-30T13:46:52.825323+00:00,1,7,8,-1.5,1.5,7.0,Win
4a900f08d0a609bca4a6bda0d78e00a5,baseball,mlb,2026_04_09,01:40 PM,Minnesota Twins,Detroit Tigers,run_line,away,-1.5,away_run_line,123.0,0.5022324963895948,0.1199784669487964,0.097543469064062,0,823724,1,final,2026-08-30T13:46:52.825323+00:00,3,1,4,1.5,-1.5,8.0,Loss
4a900f08d0a609bca4a6bda0d78e00a5,baseball,mlb,2026_04_09,01:40 PM,Minnesota Twins,Detroit Tigers,total,over,8.0,over_total,-114.0,0.4649513541148946,0.0109561943826483,0.0144921991248624,0,823724,1,final,2026-08-30T13:46:52.825323+00:00,3,1,4,1.5,-1.5,8.0,Loss
4a900f08d0a609bca4a6bda0d78e00a5,baseball,mlb,2026_04_09,01:40 PM,Minnesota Twins,Detroit Tigers,moneyline,away,,away_moneyline,-135.0,0.7291800472097879,0.2693134155133345,0.3635731109430015,0,823724,1,final,2026-08-30T13:46:52.825323+00:00,3,1,4,1.5,-1.5,8.0,Loss
7852034521d5a37d9d67116eba334699,baseball,mlb,2026_04_09,12:10 PM,Miami Marlins,Cincinnati Reds,run_line,away,1.5,away_run_line,-192.0,0.7020675233005823,0.0677276916863025,0.1300371680377006,0,823884,1,final,2026-08-30T13:46:52.825323+00:00,8,1,9,-1.5,1.5,8.0,Loss
7852034521d5a37d9d67116eba334699,baseball,mlb,2026_04_09,12:10 PM,Miami Marlins,Cincinnati Reds,total,under,8.0,under_total,-112.0,0.6163781615803119,0.2947542932875849,0.3786002062322131,0,823884,1,final,2026-08-30T13:46:52.825323+00:00,8,1,9,-1.5,1.5,8.0,Loss
7d89d3d30b7d4078b13216eb9fb387d2,baseball,mlb,2026_04_09,09:40 PM,San Diego Padres,Colorado Rockies,run_line,away,1.5,away_run_line,-126.0,0.8184159168853623,0.467952358857872,0.5896199721609187,0,823319,1,final,2026-08-30T13:46:52.825323+00:00,7,3,10,-1.5,1.5,8.0,Loss
7d89d3d30b7d4078b13216eb9fb387d2,baseball,mlb,2026_04_09,09:40 PM,San Diego Padres,Colorado Rockies,total,under,8.0,under_total,-117.0,0.7112207990432218,0.4300680269786351,0.5659847728246449,0,823319,1,final,2026-08-30T13:46:52.825323+00:00,7,3,10,-1.5,1.5,8.0,Loss
7d89d3d30b7d4078b13216eb9fb387d2,baseball,mlb,2026_04_09,09:40 PM,San Diego Padres,Colorado Rockies,moneyline,away,,away_moneyline,169.0,0.6326438404775359,0.7018119308845714,0.4152733318843618,0,823319,1,final,2026-08-30T13:46:52.825323+00:00,7,3,10,-1.5,1.5,8.0,Loss
842973bf2205e8427934b84ebfa68898,baseball,mlb,2026_04_09,01:35 PM,New York Yankees,Athletics,run_line,home,-1.5,home_run_line,-102.0,0.5262782652384087,0.0422373488054759,0.0430820957815854,0,,,final,2026-08-30T13:46:52.825323+00:00,0,1,1,,,,Loss
842973bf2205e8427934b84ebfa68898,baseball,mlb,2026_04_09,01:35 PM,New York Yankees,Athletics,moneyline,home,,home_moneyline,-227.0,0.7542063512670029,0.0864558452172243,0.1962547686430991,0,,,final,2026-08-30T13:46:52.825323+00:00,0,1,1,,,,Loss
eef70c714ae56d35f8173ff025e0e8bd,baseball,mlb,2026_04_09,07:40 PM,Kansas City Royals,Chicago White Sox,run_line,away,1.5,away_run_line,-131.0,0.6391745377972466,0.1270940322989615,0.1664931823116395,0,824130,1,final,2026-08-30T13:46:52.825323+00:00,0,2,2,-1.5,1.5,9.5,Win
eef70c714ae56d35f8173ff025e0e8bd,baseball,mlb,2026_04_09,07:40 PM,Kansas City Royals,Chicago White Sox,moneyline,away,,away_moneyline,159.0,0.4393785935087457,0.1379905571876511,0.0867865139544976,0,824130,1,final,2026-08-30T13:46:52.825323+00:00,0,2,2,-1.5,1.5,9.5,Win
23f579057c07153cd0fc94f5986b5182,baseball,mlb,2026_04_10,06:40 PM,Philadelphia Phillies,Arizona Diamondbacks,run_line,away,1.5,away_run_line,-135.0,0.6341846586034694,0.103951072383817,0.140333947718153,0,823482,1,final,2026-08-30T13:46:52.825323+00:00,4,5,9,-1.5,1.5,8.5,Win
23f579057c07153cd0fc94f5986b5182,baseball,mlb,2026_04_10,06:40 PM,Philadelphia Phillies,Arizona Diamondbacks,total,under,8.5,under_total,-112.0,0.6112094409822357,0.1569321561449462,0.1757640148823397,0,823482,1,final,2026-08-30T13:46:52.825323+00:00,4,5,9,-1.5,1.5,8.5,Loss
23f579057c07153cd0fc94f5986b5182,baseball,mlb,2026_04_10,06:40 PM,Philadelphia Phillies,Arizona Diamondbacks,moneyline,away,,away_moneyline,152.0,0.4075853403288719,0.0271150576287571,0.0178388537031296,0,823482,1,final,2026-08-30T13:46:52.825323+00:00,4,5,9,-1.5,1.5,8.5,Win
36591f5636cf3c3e62dda6b7e8fb3440,baseball,mlb,2026_04_10,08:15 PM,St Louis Cardinals,Boston Red Sox,run_line,home,1.5,home_run_line,-142.0,0.7700527987239137,0.3123435020506135,0.4435277729118713,0,,,final,2026-08-30T13:46:52.825323+00:00,3,2,5,,,,Win
36591f5636cf3c3e62dda6b7e8fb3440,baseball,mlb,2026_04_10,08:15 PM,St Louis Cardinals,Boston Red Sox,total,over,7.5,over_total,-105.0,0.6182130681682835,0.2069874188047439,0.2173367897449811,0,,,final,2026-08-30T13:46:52.825323+00:00,3,2,5,,,,Loss
36591f5636cf3c3e62dda6b7e8fb3440,baseball,mlb,2026_04_10,08:15 PM,St Louis Cardinals,Boston Red Sox,moneyline,home,,home_moneyline,123.0,0.5968096288125474,0.3308854722519807,0.269012579066651,0,,,final,2026-08-30T13:46:52.825323+00:00,3,2,5,,,,Win
39a0ae7c44c6cccf57ea26ef0948ff20,baseball,mlb,2026_04_10,07:10 PM,New York Mets,Athletics,total,under,8.5,under_total,-112.0,0.5439349858560616,0.0295912232275451,0.0331421700148505,0,,,final,2026-08-30T13:46:52.825323+00:00,0,4,4,,,,Win
39a0ae7c44c6cccf57ea26ef0948ff20,baseball,mlb,2026_04_10,07:10 PM,New York Mets,Athletics,moneyline,home,,home_moneyline,-156.0,0.6174451477544883,0.0132433193919807,0.02065957825149,0,,,final,2026-08-30T13:46:52.825323+00:00,0,4,4,,,,Loss
42e0046642eb115deabbf499117c8534,baseball,mlb,2026_04_10,06:40 PM,Detroit Tigers,Miami Marlins,total,under,8.5,under_total,-105.0,0.5684832417464438,0.1098958529335331,0.1153906455802097,0,824297,1,final,2026-08-30T13:46:52.825323+00:00,2,0,2,-1.5,1.5,8.5,Win
42e0046642eb115deabbf499117c8534,baseball,mlb,2026_04_10,06:40 PM,Detroit Tigers,Miami Marlins,moneyline,home,,home_moneyline,-149.0,0.6284279189797867,0.0501916229930663,0.0747855182596687,0,824297,1,final,2026-08-30T13:46:52.825323+00:00,2,0,2,-1.5,1.5,8.5,Win
59f40327564ee4d08604733d721958f5,baseball,mlb,2026_04_10,09:40 PM,San Diego Padres,Colorado Rockies,run_line,away,1.5,away_run_line,-135.0,0.8207129736472645,0.4286485096822752,0.5786754880710715,0,823318,1,final,2026-08-30T13:46:52.825323+00:00,5,2,7,-1.5,1.5,8.0,Loss
59f40327564ee4d08604733d721958f5,baseball,mlb,2026_04_10,09:40 PM,San Diego Padres,Colorado Rockies,moneyline,away,,away_moneyline,152.0,0.6678677144666728,0.6830266404560155,0.4493596318789576,0,823318,1,final,2026-08-30T13:46:52.825323+00:00,5,2,7,-1.5,1.5,8.0,Loss
726827eb314c5b9295dc278e7a0ca37c,baseball,mlb,2026_04_10,07:15 PM,Atlanta Braves,Cleveland Guardians,run_line,home,-1.5,home_run_line,149.0,0.6008818428339695,0.4961957886565842,0.3330173078232108,0,824941,1,final,2026-08-30T13:46:52.825323+00:00,11,5,16,-1.5,1.5,8.5,Win
726827eb314c5b9295dc278e7a0ca37c,baseball,mlb,2026_04_10,07:15 PM,Atlanta Braves,Cleveland Guardians,total,under,8.5,under_total,-105.0,0.6501516425839236,0.2693436831400412,0.2828108672970433,0,824941,1,final,2026-08-30T13:46:52.825323+00:00,11,5,16,-1.5,1.5,8.5,Loss
726827eb314c5b9295dc278e7a0ca37c,baseball,mlb,2026_04_10,07:15 PM,Atlanta Braves,Cleveland Guardians,moneyline,home,,home_moneyline,-135.0,0.8252890817961415,0.436614327571061,0.5894293422209324,0,824941,1,final,2026-08-30T13:46:52.825323+00:00,11,5,16,-1.5,1.5,8.5,Win
8039217c4e7279df26ad2bbd8d8a3ca0,baseball,mlb,2026_04_10,06:45 PM,Cincinnati Reds,Los Angeles Angels,run_line,away,1.5,away_run_line,-131.0,0.56981933899849,0.0047959336538256,0.0062826730865117,0,824534,1,final,2026-08-30T13:46:52.825323+00:00,2,10,12,-1.5,1.5,9.0,Win
a75e638966e5f1f6faed34c459043f44,baseball,mlb,2026_04_10,09:40 PM,Seattle Mariners,Houston Astros,run_line,home,-1.5,home_run_line,152.0,0.4542688967794694,0.1447576198842628,0.0952352762396466,0,823156,1,final,2026-08-30T13:46:52.825323+00:00,9,6,15,-1.5,1.5,7.5,Win
a75e638966e5f1f6faed34c459043f44,baseball,mlb,2026_04_10,09:40 PM,Seattle Mariners,Houston Astros,total,over,7.5,over_total,-105.0,0.6950922006940106,0.3570847727835445,0.3749390114227217,0,823156,1,final,2026-08-30T13:46:52.825323+00:00,9,6,15,-1.5,1.5,7.5,Win
a75e638966e5f1f6faed34c459043f44,baseball,mlb,2026_04_10,09:40 PM,Seattle Mariners,Houston Astros,moneyline,home,,home_moneyline,-142.0,0.6713631763739153,0.1441541456513204,0.2046988868248749,0,823156,1,final,2026-08-30T13:46:52.825323+00:00,9,6,15,-1.5,1.5,7.5,Win
af16b3a5b13ea6dff32c681b29262f9e,baseball,mlb,2026_04_10,07:40 PM,Kansas City Royals,Chicago White Sox,run_line,away,1.5,away_run_line,-149.0,0.7063880226259813,0.1804739438514722,0.2689061763386934,0,824128,1,final,2026-08-30T13:46:52.825323+00:00,2,0,2,-1.5,1.5,8.0,Loss
af16b3a5b13ea6dff32c681b29262f9e,baseball,mlb,2026_04_10,07:40 PM,Kansas City Royals,Chicago White Sox,total,over,8.0,over_total,-114.0,0.4640531850705632,0.009313955075891,0.0123205692256775,0,824128,1,final,2026-08-30T13:46:52.825323+00:00,2,0,2,-1.5,1.5,8.0,Loss
af16b3a5b13ea6dff32c681b29262f9e,baseball,mlb,2026_04_10,07:40 PM,Kansas City Royals,Chicago White Sox,moneyline,away,,away_moneyline,149.0,0.5069802847881643,0.2623809091225291,0.1760945698808919,0,824128,1,final,2026-08-30T13:46:52.825323+00:00,2,0,2,-1.5,1.5,8.0,Loss
b8b97be2c6361ef8c7839ad60c57adc3,baseball,mlb,2026_04_10,07:10 PM,Tampa Bay Rays,New York Yankees,run_line,home,1.5,home_run_line,-135.0,0.7308273396203637,0.2721809245243367,0.3674442481078547,0,822997,1,final,2026-08-30T13:46:52.825323+00:00,5,3,8,1.5,-1.5,8.0,Win
b8b97be2c6361ef8c7839ad60c57adc3,baseball,mlb,2026_04_10,07:10 PM,Tampa Bay Rays,New York Yankees,total,under,8.0,under_total,-102.0,0.7291018007155063,0.5507848046593964,0.6290294843316561,0,822997,1,final,2026-08-30T13:46:52.825323+00:00,5,3,8,1.5,-1.5,8.0,Push
b8b97be2c6361ef8c7839ad60c57adc3,baseball,mlb,2026_04_10,07:10 PM,Tampa Bay Rays,New York Yankees,moneyline,home,,home_moneyline,123.0,0.4962558806025798,0.1066506137437528,0.0867078160518316,0,822997,1,final,2026-08-30T13:46:52.825323+00:00,5,3,8,1.5,-1.5,8.0,Win
cba7f4f927e5e141eef8113b0ae66a4b,baseball,mlb,2026_04_10,07:40 PM,Milwaukee Brewers,Washington Nationals,run_line,home,-1.5,home_run_line,108.0,0.489520809479526,0.0182032837174139,0.0168548923309389,0,823808,1,final,2026-08-30T13:46:52.825323+00:00,3,7,10,-1.5,1.5,8.0,Loss
cba7f4f927e5e141eef8113b0ae66a4b,baseball,mlb,2026_04_10,07:40 PM,Milwaukee Brewers,Washington Nationals,total,over,8.0,over_total,-107.0,0.450780027688793,0.010836104410246,0.0134628175131143,0,823808,1,final,2026-08-30T13:46:52.825323+00:00,3,7,10,-1.5,1.5,8.0,Win
cba7f4f927e5e141eef8113b0ae66a4b,baseball,mlb,2026_04_10,07:40 PM,Milwaukee Brewers,Washington Nationals,moneyline,home,,home_moneyline,-208.0,0.7184699247370172,0.06388815778366,0.132887368190013,0,823808,1,final,2026-08-30T13:46:52.825323+00:00,3,7,10,-1.5,1.5,8.0,Loss
e346f0bf21a45185de1dcf8a928deedf,baseball,mlb,2026_04_10,10:10 PM,Los Angeles Dodgers,Texas Rangers,run_line,away,1.5,away_run_line,-105.0,0.8422427641736908,0.6443787300533963,0.6765976665560661,0,823968,1,final,2026-08-30T13:46:52.825323+00:00,8,7,15,-1.5,1.5,9.0,Win
e346f0bf21a45185de1dcf8a928deedf,baseball,mlb,2026_04_10,10:10 PM,Los Angeles Dodgers,Texas Rangers,total,under,9.0,under_total,-105.0,0.4763826065387512,0.0616557780318973,0.0745471405737575,0,823968,1,final,2026-08-30T13:46:52.825323+00:00,8,7,15,-1.5,1.5,9.0,Loss
e346f0bf21a45185de1dcf8a928deedf,baseball,mlb,2026_04_10,10:10 PM,Los Angeles Dodgers,Texas Rangers,moneyline,away,,away_moneyline,194.0,0.7096039034385391,1.0862354761093047,0.5599151938707757,0,823968,1,final,2026-08-30T13:46:52.825323+00:00,8,7,15,-1.5,1.5,9.0,Loss
eff6484dd3596abf15d8ee0f27b5e9ba,baseball,mlb,2026_04_10,07:15 PM,Baltimore Orioles,San Francisco Giants,run_line,home,1.5,home_run_line,-188.0,0.7313735184915328,0.1204019857742628,0.2263557332556142,0,824858,1,final,2026-08-30T13:46:52.825323+00:00,3,6,9,1.5,-1.5,8.5,Loss
eff6484dd3596abf15d8ee0f27b5e9ba,baseball,mlb,2026_04_10,07:15 PM,Baltimore Orioles,San Francisco Giants,total,under,8.5,under_total,-107.0,0.5654115357265044,0.0938335317325834,0.1004018789538642,0,824858,1,final,2026-08-30T13:46:52.825323+00:00,3,6,9,1.5,-1.5,8.5,Loss
fde5a00c9e07284677e2086060505663,baseball,mlb,2026_04_10,07:07 PM,Toronto Blue Jays,Minnesota Twins,run_line,away,1.5,away_run_line,-166.0,0.6279620171047723,0.006252388854635,0.0103789654986942,0,822829,1,final,2026-08-30T13:46:52.825323+00:00,10,4,14,-1.5,1.5,9.0,Loss
fde5a00c9e07284677e2086060505663,baseball,mlb,2026_04_10,07:07 PM,Toronto Blue Jays,Minnesota Twins,total,over,9.0,over_total,-120.0,0.4745728998898986,0.0002374055886507,0.0003275264172544,0,822829,1,final,2026-08-30T13:46:52.825323+00:00,10,4,14,-1.5,1.5,9.0,Win
07dae97a577c9f8fc2d464d68dfba8ed,baseball,mlb,2026_04_11,07:15 PM,Baltimore Orioles,San Francisco Giants,run_line,away,-1.5,away_run_line,139.0,0.5501930179114418,0.3149613128083459,0.2265908725239899,0,824857,1,final,2026-08-30T13:46:52.825323+00:00,6,2,8,1.5,-1.5,7.5,Loss
07dae97a577c9f8fc2d464d68dfba8ed,baseball,mlb,2026_04_11,07:15 PM,Baltimore Orioles,San Francisco Giants,total,over,7.5,over_total,100.0,0.7225754435241658,0.4451508870483317,0.4451508870483318,0,824857,1,final,2026-08-30T13:46:52.825323+00:00,6,2,8,1.5,-1.5,7.5,Win
07dae97a577c9f8fc2d464d68dfba8ed,baseball,mlb,2026_04_11,07:15 PM,Baltimore Orioles,San Francisco Giants,moneyline,away,,away_moneyline,-120.0,0.7604840493861601,0.3942207572079601,0.4730649086495522,0,824857,1,final,2026-08-30T13:46:52.825323+00:00,6,2,8,1.5,-1.5,7.5,Loss
0e8be2dcf9f09a0e06d78026cce411cc,baseball,mlb,2026_04_11,04:10 PM,Cincinnati Reds,Los Angeles Angels,run_line,away,1.5,away_run_line,-175.0,0.7446245680814496,0.1701243212708494,0.2977175622239864,0,824535,1,final,2026-08-30T13:46:52.825323+00:00,7,3,10,-1.5,1.5,9.0,Loss
0e8be2dcf9f09a0e06d78026cce411cc,baseball,mlb,2026_04_11,04:10 PM,Cincinnati Reds,Los Angeles Angels,total,over,9.0,over_total,-105.0,0.6057943437344286,0.300039785294199,0.3569063333765223,0,824535,1,final,2026-08-30T13:46:52.825323+00:00,7,3,10,-1.5,1.5,9.0,Win
0e8be2dcf9f09a0e06d78026cce411cc,baseball,mlb,2026_04_11,04:10 PM,Cincinnati Reds,Los Angeles Angels,moneyline,away,,away_moneyline,112.0,0.5837221226867084,0.2374909000958218,0.2120454465141267,0,824535,1,final,2026-08-30T13:46:52.825323+00:00,7,3,10,-1.5,1.5,9.0,Loss
5205127abeb3d8f956e9e3201fd85f68,baseball,mlb,2026_04_11,08:40 PM,San Diego Padres,Colorado Rockies,run_line,away,1.5,away_run_line,-156.0,0.6236431638561746,0.0234144227383377,0.0365264994718068,0,823316,1,final,2026-08-30T13:46:52.825323+00:00,9,5,14,-1.5,1.5,8.5,Loss
5205127abeb3d8f956e9e3201fd85f68,baseball,mlb,2026_04_11,08:40 PM,San Diego Padres,Colorado Rockies,total,under,8.5,under_total,-114.0,0.6630230636464012,0.2446222422835952,0.2788693562032985,0,823316,1,final,2026-08-30T13:46:52.825323+00:00,9,5,14,-1.5,1.5,8.5,Loss
5242327588eadc6af4c8050a32d92f63,baseball,mlb,2026_04_11,07:15 PM,Atlanta Braves,Cleveland Guardians,run_line,home,1.5,home_run_line,-188.0,0.9202372033430956,0.4097250774617633,0.7702831456281152,0,824939,1,final,2026-08-30T13:46:52.825323+00:00,0,6,6,1.5,-1.5,8.0,Loss
5242327588eadc6af4c8050a32d92f63,baseball,mlb,2026_04_11,07:15 PM,Atlanta Braves,Cleveland Guardians,total,under,8.0,under_total,-109.0,0.665454674551032,0.3961253686439595,0.490745526655969,0,824939,1,final,2026-08-30T13:46:52.825323+00:00,0,6,6,1.5,-1.5,8.0,Win
5242327588eadc6af4c8050a32d92f63,baseball,mlb,2026_04_11,07:15 PM,Atlanta Braves,Cleveland Guardians,moneyline,home,,home_moneyline,-117.0,0.8187590159013894,0.5185530465863377,0.6067070645060151,0,824939,1,final,2026-08-30T13:46:52.825323+00:00,0,6,6,1.5,-1.5,8.0,Loss
56e59f81876d8980be713a90fbef9a3d,baseball,mlb,2026_04_11,09:10 PM,Los Angeles Dodgers,Texas Rangers,run_line,away,1.5,away_run_line,-135.0,0.8879728716636516,0.5457305543774675,0.7367362484095812,0,823967,1,final,2026-08-30T13:46:52.825323+00:00,6,3,9,-1.5,1.5,8.5,Loss
56e59f81876d8980be713a90fbef9a3d,baseball,mlb,2026_04_11,09:10 PM,Los Angeles Dodgers,Texas Rangers,total,over,8.5,over_total,-117.0,0.574353341894983,0.0652536341129172,0.0763467519121131,0,823967,1,final,2026-08-30T13:46:52.825323+00:00,6,3,9,-1.5,1.5,8.5,Win
56e59f81876d8980be713a90fbef9a3d,baseball,mlb,2026_04_11,09:10 PM,Los Angeles Dodgers,Texas Rangers,moneyline,away,,away_moneyline,159.0,0.7871266796493037,1.0386581002916966,0.6532440882337714,0,823967,1,final,2026-08-30T13:46:52.825323+00:00,6,3,9,-1.5,1.5,8.5,Loss
760efdb51921a34fbd7c8547eafcb545,baseball,mlb,2026_04_11,07:10 PM,Milwaukee Brewers,Washington Nationals,run_line,away,1.5,away_run_line,-142.0,0.7445280609768952,0.2688435968761171,0.3817579075640862,0,823805,1,final,2026-08-30T13:46:52.825323+00:00,1,3,4,-1.5,1.5,8.0,Win
760efdb51921a34fbd7c8547eafcb545,baseball,mlb,2026_04_11,07:10 PM,Milwaukee Brewers,Washington Nationals,total,over,8.0,over_total,-109.0,0.7989736740059198,0.6119662854930027,0.7250385330232513,0,823805,1,final,2026-08-30T13:46:52.825323+00:00,1,3,4,-1.5,1.5,8.0,Loss
760efdb51921a34fbd7c8547eafcb545,baseball,mlb,2026_04_11,07:10 PM,Milwaukee Brewers,Washington Nationals,moneyline,away,,away_moneyline,149.0,0.5911763750569138,0.4720291738917155,0.3167981032830304,0,823805,1,final,2026-08-30T13:46:52.825323+00:00,1,3,4,-1.5,1.5,8.0,Win
8d82bf3147f99fc93e30a28642eb19c1,baseball,mlb,2026_04_11,07:15 PM,St Louis Cardinals,Boston Red Sox,run_line,away,-1.5,away_run_line,119.0,0.546639093921379,0.19713961568782,0.1656635425948067,0,,,final,2026-08-30T13:46:52.825323+00:00,1,7,8,,,,Win
8d82bf3147f99fc93e30a28642eb19c1,baseball,mlb,2026_04_11,07:15 PM,St Louis Cardinals,Boston Red Sox,total,over,8.0,over_total,-109.0,0.5577965045051866,0.1997301663228089,0.250292385400289,0,,,final,2026-08-30T13:46:52.825323+00:00,1,7,8,,,,Push
8d82bf3147f99fc93e30a28642eb19c1,baseball,mlb,2026_04_11,07:15 PM,St Louis Cardinals,Boston Red Sox,moneyline,away,,away_moneyline,-142.0,0.7609539392786782,0.296836995108733,0.4215085330544011,0,,,final,2026-08-30T13:46:52.825323+00:00,1,7,8,,,,Win
a0e79d40ffa34443e7b94247edbd9363,baseball,mlb,2026_04_11,06:10 PM,Tampa Bay Rays,New York Yankees,run_line,home,1.5,home_run_line,-107.0,0.8678468540303653,0.6789186802269687,0.7264429878428562,0,822996,1,final,2026-08-30T13:46:52.825323+00:00,5,4,9,1.5,-1.5,7.5,Win
a0e79d40ffa34443e7b94247edbd9363,baseball,mlb,2026_04_11,06:10 PM,Tampa Bay Rays,New York Yankees,total,under,7.5,under_total,-114.0,0.8595853219433424,0.6136075341743444,0.6995125889587526,0,822996,1,final,2026-08-30T13:46:52.825323+00:00,5,4,9,1.5,-1.5,7.5,Loss
a0e79d40ffa34443e7b94247edbd9363,baseball,mlb,2026_04_11,06:10 PM,Tampa Bay Rays,New York Yankees,moneyline,home,,home_moneyline,169.0,0.6913924583577062,0.8598457129822297,0.5087844455516152,0,822996,1,final,2026-08-30T13:46:52.825323+00:00,5,4,9,1.5,-1.5,7.5,Win
a23f07d17eae739724cce22627234e9d,baseball,mlb,2026_04_11,01:10 PM,Detroit Tigers,Miami Marlins,run_line,home,-1.5,home_run_line,149.0,0.4581579292355658,0.140813243796559,0.0945055327493683,0,824294,1,final,2026-08-30T13:46:52.825323+00:00,6,1,7,-1.5,1.5,7.5,Win
a23f07d17eae739724cce22627234e9d,baseball,mlb,2026_04_11,01:10 PM,Detroit Tigers,Miami Marlins,total,under,7.5,under_total,-117.0,0.7425538180311286,0.3772152009637173,0.4413417851275493,0,824294,1,final,2026-08-30T13:46:52.825323+00:00,6,1,7,-1.5,1.5,7.5,Win
a23f07d17eae739724cce22627234e9d,baseball,mlb,2026_04_11,01:10 PM,Detroit Tigers,Miami Marlins,moneyline,home,,home_moneyline,-149.0,0.7312840304097078,0.2220786816913909,0.3308972357201724,0,824294,1,final,2026-08-30T13:46:52.825323+00:00,6,1,7,-1.5,1.5,7.5,Win
ead7229cac20dbbe3dbf60560e0434bb,baseball,mlb,2026_04_11,09:40 PM,Seattle Mariners,Houston Astros,run_line,home,-1.5,home_run_line,144.0,0.4748424450429542,0.1586155659048083,0.1101496985450057,0,823155,1,final,2026-08-30T13:46:52.825323+00:00,8,7,15,-1.5,1.5,7.5,Loss
ead7229cac20dbbe3dbf60560e0434bb,baseball,mlb,2026_04_11,09:40 PM,Seattle Mariners,Houston Astros,total,over,7.5,over_total,-114.0,0.7326831349471021,0.3753876392866653,0.4279419087867985,0,823155,1,final,2026-08-30T13:46:52.825323+00:00,8,7,15,-1.5,1.5,7.5,Win
ead7229cac20dbbe3dbf60560e0434bb,baseball,mlb,2026_04_11,09:40 PM,Seattle Mariners,Houston Astros,moneyline,home,,home_moneyline,-149.0,0.6880643548314711,0.1498525124364851,0.223280243530363,0,823155,1,final,2026-08-30T13:46:52.825323+00:00,8,7,15,-1.5,1.5,7.5,Win
ff2eed0425501f8822f495d136bacbb3,baseball,mlb,2026_04_11,04:10 PM,New York Mets,Athletics,run_line,away,1.5,away_run_line,-163.0,0.6888625735694633,0.11147764937895,0.1817085684876885,0,,,final,2026-08-30T13:46:52.825323+00:00,6,11,17,,,,Win
ff2eed0425501f8822f495d136bacbb3,baseball,mlb,2026_04_11,04:10 PM,New York Mets,Athletics,total,over,7.5,over_total,-112.0,0.5833396789700028,0.1041786780503624,0.1166801194164059,0,,,final,2026-08-30T13:46:52.825323+00:00,6,11,17,,,,Win
ff2eed0425501f8822f495d136bacbb3,baseball,mlb,2026_04_11,04:10 PM,New York Mets,Athletics,moneyline,away,,away_moneyline,135.0,0.4819094679359861,0.1324872496495674,0.0981387034441239,0,,,final,2026-08-30T13:46:52.825323+00:00,6,11,17,,,,Win
09f98bac3897ce216acb197781ef8add,baseball,mlb,2026_04_12,01:40 PM,Tampa Bay Rays,New York Yankees,run_line,home,1.5,home_run_line,-142.0,0.7688674579998136,0.3103234143377105,0.4406592483595489,0,822998,1,final,2026-08-30T13:46:52.825323+00:00,5,4,9,1.5,-1.5,7.5,Win
09f98bac3897ce216acb197781ef8add,baseball,mlb,2026_04_12,01:40 PM,Tampa Bay Rays,New York Yankees,total,under,7.5,under_total,-107.0,0.6902505797977638,0.3353445796087583,0.3588187001813713,0,822998,1,final,2026-08-30T13:46:52.825323+00:00,5,4,9,1.5,-1.5,7.5,Loss
09f98bac3897ce216acb197781ef8add,baseball,mlb,2026_04_12,01:40 PM,Tampa Bay Rays,New York Yankees,moneyline,home,,home_moneyline,129.0,0.5581493215542285,0.2781619463591831,0.2156294157823125,0,822998,1,final,2026-08-30T13:46:52.825323+00:00,5,4,9,1.5,-1.5,7.5,Win
118a6e3080de70ad7b82922f6a69fc7c,baseball,mlb,2026_04_12,01:40 PM,Detroit Tigers,Miami Marlins,run_line,home,-1.5,home_run_line,112.0,0.6495446135224799,0.3770345806676576,0.3366380184532656,0,824293,1,final,2026-08-30T13:46:52.825323+00:00,8,2,10,-1.5,1.5,6.5,Win
118a6e3080de70ad7b82922f6a69fc7c,baseball,mlb,2026_04_12,01:40 PM,Detroit Tigers,Miami Marlins,total,under,6.5,under_total,-120.0,0.6413172683048873,0.1757483252256268,0.2108979902707522,0,824293,1,final,2026-08-30T13:46:52.825323+00:00,8,2,10,-1.5,1.5,6.5,Loss
118a6e3080de70ad7b82922f6a69fc7c,baseball,mlb,2026_04_12,01:40 PM,Detroit Tigers,Miami Marlins,moneyline,home,,home_moneyline,-208.0,0.8873197934833278,0.31391584804262,0.6529449639286496,0,824293,1,final,2026-08-30T13:46:52.825323+00:00,8,2,10,-1.5,1.5,6.5,Win
37a92ce7648fc0715c4a6411c5bcb637,baseball,mlb,2026_04_12,04:10 PM,San Diego Padres,Colorado Rockies,run_line,home,-1.5,home_run_line,-102.0,0.569663234680155,0.12815660201364,0.1307197340539129,0,823317,1,final,2026-08-30T13:46:52.825323+00:00,7,2,9,-1.5,1.5,7.5,Win
37a92ce7648fc0715c4a6411c5bcb637,baseball,mlb,2026_04_12,04:10 PM,San Diego Padres,Colorado Rockies,total,under,7.5,under_total,-105.0,0.6678715458887838,0.3039396848304828,0.3191366690720069,0,823317,1,final,2026-08-30T13:46:52.825323+00:00,7,2,9,-1.5,1.5,7.5,Loss
37a92ce7648fc0715c4a6411c5bcb637,baseball,mlb,2026_04_12,04:10 PM,San Diego Padres,Colorado Rockies,moneyline,home,,home_moneyline,-238.0,0.8180309731154919,0.1617414660211609,0.3849446891303626,0,823317,1,final,2026-08-30T13:46:52.825323+00:00,7,2,9,-1.5,1.5,7.5,Win
396adc6bdadc61665a790a130d131bec,baseball,mlb,2026_04_12,04:10 PM,Los Angeles Dodgers,Texas Rangers,run_line,home,-1.5,home_run_line,159.0,0.4004620703920138,0.0371967623153157,0.0233941901354187,0,823966,1,final,2026-08-30T13:46:52.825323+00:00,2,5,7,-1.5,1.5,8.5,Loss
396adc6bdadc61665a790a130d131bec,baseball,mlb,2026_04_12,04:10 PM,Los Angeles Dodgers,Texas Rangers,total,under,8.5,under_total,-107.0,0.8143338028794649,0.5753934317387781,0.6156709719604924,0,823966,1,final,2026-08-30T13:46:52.825323+00:00,2,5,7,-1.5,1.5,8.5,Win
396adc6bdadc61665a790a130d131bec,baseball,mlb,2026_04_12,04:10 PM,Los Angeles Dodgers,Texas Rangers,moneyline,home,,home_moneyline,-131.0,0.6638593832561412,0.1706222712379281,0.2235151753216861,0,823966,1,final,2026-08-30T13:46:52.825323+00:00,2,5,7,-1.5,1.5,8.5,Loss
48ddab368fb44b8c7e5c7ef18e0ba99a,baseball,mlb,2026_04_12,02:20 PM,Chicago Cubs,Pittsburgh Pirates,run_line,away,1.5,away_run_line,-142.0,0.7966195332978797,0.3576192046344146,0.5078192705808688,0,824696,1,final,2026-08-30T13:46:52.825323+00:00,7,6,13,-1.5,1.5,12.5,Win
48ddab368fb44b8c7e5c7ef18e0ba99a,baseball,mlb,2026_04_12,02:20 PM,Chicago Cubs,Pittsburgh Pirates,total,under,12.5,under_total,-114.0,0.9118085126156076,0.7116405412257898,0.8112702169974004,0,824696,1,final,2026-08-30T13:46:52.825323+00:00,7,6,13,-1.5,1.5,12.5,Loss
48ddab368fb44b8c7e5c7ef18e0ba99a,baseball,mlb,2026_04_12,02:20 PM,Chicago Cubs,Pittsburgh Pirates,moneyline,away,,away_moneyline,112.0,0.6349122113716701,0.3460138881079406,0.308940971524947,0,824696,1,final,2026-08-30T13:46:52.825323+00:00,7,6,13,-1.5,1.5,12.5,Loss
6656a7aa341ece1a4bb860481931621a,baseball,mlb,2026_04_12,04:10 PM,Seattle Mariners,Houston Astros,run_line,home,-1.5,home_run_line,141.0,0.5001292258022463,0.2053114341834137,0.1456109462293713,0,823154,1,final,2026-08-30T13:46:52.825323+00:00,6,1,7,-1.5,1.5,8.0,Win
6656a7aa341ece1a4bb860481931621a,baseball,mlb,2026_04_12,04:10 PM,Seattle Mariners,Houston Astros,total,over,8.0,over_total,-102.0,0.6692298217228543,0.4375251299482062,0.5026688662924549,0,823154,1,final,2026-08-30T13:46:52.825323+00:00,6,1,7,-1.5,1.5,8.0,Loss
6656a7aa341ece1a4bb860481931621a,baseball,mlb,2026_04_12,04:10 PM,Seattle Mariners,Houston Astros,moneyline,home,,home_moneyline,-156.0,0.7073110476037889,0.1607155652985255,0.2507162818656996,0,823154,1,final,2026-08-30T13:46:52.825323+00:00,6,1,7,-1.5,1.5,8.0,Win
752e9b625117fe75f792a9f4c0464b06,baseball,mlb,2026_04_12,01:37 PM,Toronto Blue Jays,Minnesota Twins,run_line,home,1.5,home_run_line,-188.0,0.8791360378764751,0.34676158993843,0.6519117890842483,0,822828,1,final,2026-08-30T13:46:52.825323+00:00,2,8,10,1.5,-1.5,8.0,Loss
752e9b625117fe75f792a9f4c0464b06,baseball,mlb,2026_04_12,01:37 PM,Toronto Blue Jays,Minnesota Twins,total,under,8.0,under_total,-112.0,0.5144452796196594,0.1116926899708093,0.1451094988191401,0,822828,1,final,2026-08-30T13:46:52.825323+00:00,2,8,10,1.5,-1.5,8.0,Loss
752e9b625117fe75f792a9f4c0464b06,baseball,mlb,2026_04_12,01:37 PM,Toronto Blue Jays,Minnesota Twins,moneyline,home,,home_moneyline,-117.0,0.7562639141736727,0.4026433279973245,0.4710926937568697,0,822828,1,final,2026-08-30T13:46:52.825323+00:00,2,8,10,1.5,-1.5,8.0,Loss
8436950162a83e19024ade45a28249e6,baseball,mlb,2026_04_12,01:40 PM,New York Mets,Athletics,run_line,away,1.5,away_run_line,-142.0,0.5936370482260557,0.0116913075401794,0.0166016567070547,0,,,final,2026-08-30T13:46:52.825323+00:00,0,1,1,,,,Win
8436950162a83e19024ade45a28249e6,baseball,mlb,2026_04_12,01:40 PM,New York Mets,Athletics,total,under,8.0,under_total,-117.0,0.6211438324893552,0.2793985921956613,0.3746073123445922,0,,,final,2026-08-30T13:46:52.825323+00:00,0,1,1,,,,Win
8436950162a83e19024ade45a28249e6,baseball,mlb,2026_04_12,01:40 PM,New York Mets,Athletics,moneyline,home,,home_moneyline,-172.0,0.6581638926486314,0.0408173186071381,0.0702057880042775,0,,,final,2026-08-30T13:46:52.825323+00:00,0,1,1,,,,Loss
b078df49b4b246be7446b434bca64f28,baseball,mlb,2026_04_12,07:20 PM,Atlanta Braves,Cleveland Guardians,run_line,away,1.5,away_run_line,-135.0,0.724764103246188,0.261626401947068,0.3531956426285418,0,824938,1,final,2026-08-30T13:46:52.825323+00:00,13,1,14,-1.5,1.5,7.5,Loss
b078df49b4b246be7446b434bca64f28,baseball,mlb,2026_04_12,07:20 PM,Atlanta Braves,Cleveland Guardians,total,over,7.5,over_total,-114.0,0.5483905017643782,0.0294348015576924,0.0335556737757694,0,824938,1,final,2026-08-30T13:46:52.825323+00:00,13,1,14,-1.5,1.5,7.5,Win
b078df49b4b246be7446b434bca64f28,baseball,mlb,2026_04_12,07:20 PM,Atlanta Braves,Cleveland Guardians,moneyline,away,,away_moneyline,159.0,0.5256115623005876,0.3613339463585217,0.2272540543135357,0,824938,1,final,2026-08-30T13:46:52.825323+00:00,13,1,14,-1.5,1.5,7.5,Loss
b438d512032c8841846d4e9f4b6a061b,baseball,mlb,2026_04_12,02:10 PM,Milwaukee Brewers,Washington Nationals,run_line,away,1.5,away_run_line,-131.0,0.6982298842223434,0.2312297958424527,0.3029110325536132,0,823804,1,final,2026-08-30T13:46:52.825323+00:00,6,8,14,-1.5,1.5,8.0,Win
b438d512032c8841846d4e9f4b6a061b,baseball,mlb,2026_04_12,02:10 PM,Milwaukee Brewers,Washington Nationals,moneyline,away,,away_moneyline,169.0,0.4931307545855405,0.3265217298351039,0.1932081241627834,0,823804,1,final,2026-08-30T13:46:52.825323+00:00,6,8,14,-1.5,1.5,8.0,Win
b71115505615845619d9ea17e964e30f,baseball,mlb,2026_04_12,05:10 PM,Kansas City Royals,Chicago White Sox,run_line,home,-1.5,home_run_line,102.0,0.57767687591868,0.1669072893557335,0.163634597407582,0,824126,1,final,2026-08-30T13:46:52.825323+00:00,5,6,11,-1.5,1.5,9.0,Loss
b71115505615845619d9ea17e964e30f,baseball,mlb,2026_04_12,05:10 PM,Kansas City Royals,Chicago White Sox,total,under,9.0,under_total,100.0,0.6317926442248294,0.3826881049498128,0.4344299336153795,0,824126,1,final,2026-08-30T13:46:52.825323+00:00,5,6,11,-1.5,1.5,9.0,Loss
b71115505615845619d9ea17e964e30f,baseball,mlb,2026_04_12,05:10 PM,Kansas City Royals,Chicago White Sox,moneyline,home,,home_moneyline,-192.0,0.8052335178947361,0.224625975131578,0.4312818722526296,0,824126,1,final,2026-08-30T13:46:52.825323+00:00,5,6,11,-1.5,1.5,9.0,Loss
b83acf62bfc5d9a65fbea3ae78974c7b,baseball,mlb,2026_04_12,01:35 PM,Philadelphia Phillies,Arizona Diamondbacks,run_line,away,1.5,away_run_line,-172.0,0.7032883766505617,0.1121769677264696,0.1929443844895278,0,823479,1,final,2026-08-30T13:46:52.825323+00:00,3,4,7,-1.5,1.5,8.5,Win
b83acf62bfc5d9a65fbea3ae78974c7b,baseball,mlb,2026_04_12,01:35 PM,Philadelphia Phillies,Arizona Diamondbacks,total,over,8.5,over_total,-109.0,0.7169184429086928,0.3746417850267597,0.4083595456791681,0,823479,1,final,2026-08-30T13:46:52.825323+00:00,3,4,7,-1.5,1.5,8.5,Loss
b83acf62bfc5d9a65fbea3ae78974c7b,baseball,mlb,2026_04_12,01:35 PM,Philadelphia Phillies,Arizona Diamondbacks,moneyline,away,,away_moneyline,119.0,0.5282107295726145,0.1567814977640258,0.1317491577848955,0,823479,1,final,2026-08-30T13:46:52.825323+00:00,3,4,7,-1.5,1.5,8.5,Win
bed40c80b9530acfcc89be0795309682,baseball,mlb,2026_04_12,02:15 PM,St Louis Cardinals,Boston Red Sox,run_line,away,-1.5,away_run_line,129.0,0.6456224752964148,0.4784754684287899,0.3709112158362713,0,,,final,2026-08-30T13:46:52.825323+00:00,3,9,12,,,,Win
bed40c80b9530acfcc89be0795309682,baseball,mlb,2026_04_12,02:15 PM,St Louis Cardinals,Boston Red Sox,total,under,8.5,under_total,102.0,0.4954831628104209,0.0008759888770502,0.000858812624559,0,,,final,2026-08-30T13:46:52.825323+00:00,3,9,12,,,,Loss
bed40c80b9530acfcc89be0795309682,baseball,mlb,2026_04_12,02:15 PM,St Louis Cardinals,Boston Red Sox,moneyline,away,,away_moneyline,-126.0,0.8449410375160792,0.5155291625288403,0.6495667447863389,0,,,final,2026-08-30T13:46:52.825323+00:00,3,9,12,,,,Win
e2d6559de3f32042d39f5da40364950a,baseball,mlb,2026_04_12,01:35 PM,Baltimore Orioles,San Francisco Giants,run_line,away,1.5,away_run_line,-192.0,0.8770432603822182,0.3338366251646238,0.6409663203160775,0,824859,1,final,2026-08-30T13:46:52.825323+00:00,6,2,8,-1.5,1.5,8.5,Loss
e2d6559de3f32042d39f5da40364950a,baseball,mlb,2026_04_12,01:35 PM,Baltimore Orioles,San Francisco Giants,total,over,8.5,over_total,-102.0,0.713970190088312,0.413940964684696,0.42221978397839,0,824859,1,final,2026-08-30T13:46:52.825323+00:00,6,2,8,-1.5,1.5,8.5,Loss
e2d6559de3f32042d39f5da40364950a,baseball,mlb,2026_04_12,01:35 PM,Baltimore Orioles,San Francisco Giants,moneyline,away,,away_moneyline,108.0,0.7779483371932676,0.6181325413619967,0.5723449457055525,0,824859,1,final,2026-08-30T13:46:52.825323+00:00,6,2,8,-1.5,1.5,8.5,Loss
f032258401e01dc5335139248b940efc,baseball,mlb,2026_04_12,01:40 PM,Cincinnati Reds,Los Angeles Angels,run_line,home,1.5,home_run_line,-188.0,0.924617802232315,0.4164357821431208,0.7828992704290674,0,824533,1,final,2026-08-30T13:46:52.825323+00:00,6,9,15,1.5,-1.5,8.5,Loss
f032258401e01dc5335139248b940efc,baseball,mlb,2026_04_12,01:40 PM,Cincinnati Reds,Los Angeles Angels,total,under,8.5,under_total,-112.0,0.6774928135300888,0.282397111324811,0.3162847646837883,0,824533,1,final,2026-08-30T13:46:52.825323+00:00,6,9,15,1.5,-1.5,8.5,Loss
f032258401e01dc5335139248b940efc,baseball,mlb,2026_04_12,01:40 PM,Cincinnati Reds,Los Angeles Angels,moneyline,home,,home_moneyline,-112.0,0.835943371251944,0.5823213812983223,0.6521999470541212,0,824533,1,final,2026-08-30T13:46:52.825323+00:00,6,9,15,1.5,-1.5,8.5,Loss
41cfc5f9fbe204005b41506b477dbe2a,baseball,mlb,2026_04_13,07:05 PM,New York Yankees,Los Angeles Angels,run_line,away,1.5,away_run_line,-135.0,0.9323397186039332,0.6229617323846244,0.840998338719243,0,823563,1,final,2026-08-30T13:46:52.825323+00:00,11,10,21,-1.5,1.5,9.0,Win
41cfc5f9fbe204005b41506b477dbe2a,baseball,mlb,2026_04_13,07:05 PM,New York Yankees,Los Angeles Angels,total,under,9.0,under_total,-107.0,0.4611442787085129,0.0238631830253091,0.0294078874781261,0,823563,1,final,2026-08-30T13:46:52.825323+00:00,11,10,21,-1.5,1.5,9.0,Loss
41cfc5f9fbe204005b41506b477dbe2a,baseball,mlb,2026_04_13,07:05 PM,New York Yankees,Los Angeles Angels,moneyline,away,,away_moneyline,152.0,0.8616996296445963,1.1714830667043827,0.7707125438844623,0,823563,1,final,2026-08-30T13:46:52.825323+00:00,11,10,21,-1.5,1.5,9.0,Loss
970acfb69adcb4bf8fc9ce89662aa43e,baseball,mlb,2026_04_13,07:45 PM,St Louis Cardinals,Cleveland Guardians,run_line,home,1.5,home_run_line,-172.0,0.9485854060337006,0.5000885490765499,0.8601523044116656,0,,,final,2026-08-30T13:46:52.825323+00:00,3,9,12,,,,Loss
970acfb69adcb4bf8fc9ce89662aa43e,baseball,mlb,2026_04_13,07:45 PM,St Louis Cardinals,Cleveland Guardians,total,under,8.0,under_total,-112.0,0.4766654814971929,0.0415962937649583,0.0541301637415759,0,,,final,2026-08-30T13:46:52.825323+00:00,3,9,12,,,,Loss
970acfb69adcb4bf8fc9ce89662aa43e,baseball,mlb,2026_04_13,07:45 PM,St Louis Cardinals,Cleveland Guardians,moneyline,home,,home_moneyline,-102.0,0.8850321077805715,0.7527106448203471,0.7677648577167545,0,,,final,2026-08-30T13:46:52.825323+00:00,3,9,12,,,,Loss
a5f186ae13718f117194fdc34bae1f01,baseball,mlb,2026_04_13,09:40 PM,Athletics,Texas Rangers,run_line,away,-1.5,away_run_line,119.0,0.4642255550769616,0.0166539656185458,0.013994929091215,0,,,final,2026-08-30T13:46:52.825323+00:00,1,8,9,,,,Win
a5f186ae13718f117194fdc34bae1f01,baseball,mlb,2026_04_13,09:40 PM,Athletics,Texas Rangers,total,under,9.0,under_total,-114.0,0.6245593752196169,0.2925304151012887,0.379008066963818,0,,,final,2026-08-30T13:46:52.825323+00:00,1,8,9,,,,Push
a5f186ae13718f117194fdc34bae1f01,baseball,mlb,2026_04_13,09:40 PM,Athletics,Texas Rangers,moneyline,away,,away_moneyline,-131.0,0.7019128866196304,0.237724250451409,0.311418768091346,0,,,final,2026-08-30T13:46:52.825323+00:00,1,8,9,,,,Win
af4723d660204fd1fb7719261eb7f74b,baseball,mlb,2026_04_13,10:10 PM,Los Angeles Dodgers,New York Mets,run_line,away,1.5,away_run_line,-149.0,0.6439927397430262,0.07620263218801,0.1135419219601351,0,823964,1,final,2026-08-30T13:46:52.825323+00:00,4,0,4,-1.5,1.5,9.0,Loss
af4723d660204fd1fb7719261eb7f74b,baseball,mlb,2026_04_13,10:10 PM,Los Angeles Dodgers,New York Mets,total,under,9.0,under_total,-112.0,0.7490626719726732,0.5146639405065909,0.6381982076186137,0,823964,1,final,2026-08-30T13:46:52.825323+00:00,4,0,4,-1.5,1.5,9.0,Win
d10f53a6fb57a00a4e08f7d5fe1d10de,baseball,mlb,2026_04_13,04:10 PM,Seattle Mariners,Houston Astros,run_line,home,-1.5,home_run_line,123.0,0.501961465892034,0.1193740689392359,0.0970520885684845,0,823153,1,final,2026-08-30T13:46:52.825323+00:00,6,2,8,-1.5,1.5,7.5,Win
d10f53a6fb57a00a4e08f7d5fe1d10de,baseball,mlb,2026_04_13,04:10 PM,Seattle Mariners,Houston Astros,total,under,7.5,under_total,-112.0,0.5685280838790796,0.0761424444854006,0.0852795378236487,0,823153,1,final,2026-08-30T13:46:52.825323+00:00,6,2,8,-1.5,1.5,7.5,Loss
d10f53a6fb57a00a4e08f7d5fe1d10de,baseball,mlb,2026_04_13,04:10 PM,Seattle Mariners,Houston Astros,moneyline,home,,home_moneyline,-172.0,0.7480761775929043,0.1830041878213373,0.3147672030526999,0,823153,1,final,2026-08-30T13:46:52.825323+00:00,6,2,8,-1.5,1.5,7.5,Win
d68d87788cfa956ebee8d3a758c79ff0,baseball,mlb,2026_04_13,07:40 PM,Minnesota Twins,Boston Red Sox,run_line,home,1.5,home_run_line,-126.0,0.7593971121107012,0.3620932328334798,0.4562374733701845,0,823725,1,final,2026-08-30T13:46:52.825323+00:00,13,6,19,1.5,-1.5,7.5,Win
d68d87788cfa956ebee8d3a758c79ff0,baseball,mlb,2026_04_13,07:40 PM,Minnesota Twins,Boston Red Sox,total,over,7.5,over_total,102.0,0.6057732374545619,0.223661939658215,0.2192764114296225,0,823725,1,final,2026-08-30T13:46:52.825323+00:00,13,6,19,1.5,-1.5,7.5,Win
d68d87788cfa956ebee8d3a758c79ff0,baseball,mlb,2026_04_13,07:40 PM,Minnesota Twins,Boston Red Sox,moneyline,home,,home_moneyline,139.0,0.5802229986475047,0.3867329667675363,0.2782251559478678,0,823725,1,final,2026-08-30T13:46:52.825323+00:00,13,6,19,1.5,-1.5,7.5,Win
dcb7f3b019ab5e225b354b9e8c2b291e,baseball,mlb,2026_04_13,06:40 PM,Philadelphia Phillies,Chicago Cubs,run_line,away,1.5,away_run_line,-135.0,0.5856861045068921,0.019527663400886,0.0263623455911963,0,823481,1,final,2026-08-30T13:46:52.825323+00:00,13,7,20,-1.5,1.5,8.0,Loss
dcb7f3b019ab5e225b354b9e8c2b291e,baseball,mlb,2026_04_13,06:40 PM,Philadelphia Phillies,Chicago Cubs,total,over,8.0,over_total,-114.0,0.5147040412726276,0.1009158896715374,0.1329554888332647,0,823481,1,final,2026-08-30T13:46:52.825323+00:00,13,7,20,-1.5,1.5,8.0,Win
df0e15c1b18c2572248e1e6fa22b5271,baseball,mlb,2026_04_13,06:40 PM,Pittsburgh Pirates,Washington Nationals,run_line,home,-1.5,home_run_line,102.0,0.5666494906848014,0.1446319711832988,0.1417960501797047,0,823400,1,final,2026-08-30T13:46:52.825323+00:00,16,5,21,-1.5,1.5,7.5,Win
df0e15c1b18c2572248e1e6fa22b5271,baseball,mlb,2026_04_13,06:40 PM,Pittsburgh Pirates,Washington Nationals,total,over,7.5,over_total,104.0,0.7814668396954232,0.5941923529786635,0.5713388009410226,0,823400,1,final,2026-08-30T13:46:52.825323+00:00,16,5,21,-1.5,1.5,7.5,Win
df0e15c1b18c2572248e1e6fa22b5271,baseball,mlb,2026_04_13,06:40 PM,Pittsburgh Pirates,Washington Nationals,moneyline,home,,home_moneyline,-227.0,0.768540131875434,0.107104066622321,0.243126231232669,0,823400,1,final,2026-08-30T13:46:52.825323+00:00,16,5,21,-1.5,1.5,7.5,Win
eb7b6453caa8162c84f45e9a1f779847,baseball,mlb,2026_04_13,07:15 PM,Atlanta Braves,Miami Marlins,run_line,home,-1.5,home_run_line,144.0,0.6128491069242181,0.4953518208950922,0.3439943200660362,0,824937,1,final,2026-08-30T13:46:52.825323+00:00,4,10,14,-1.5,1.5,8.0,Loss
eb7b6453caa8162c84f45e9a1f779847,baseball,mlb,2026_04_13,07:15 PM,Atlanta Braves,Miami Marlins,total,under,8.0,under_total,-103.0,0.5288572896360464,0.1793682998161433,0.2140922629402226,0,824937,1,final,2026-08-30T13:46:52.825323+00:00,4,10,14,-1.5,1.5,8.0,Loss
eb7b6453caa8162c84f45e9a1f779847,baseball,mlb,2026_04_13,07:15 PM,Atlanta Braves,Miami Marlins,moneyline,home,,home_moneyline,-142.0,0.8358682385544735,0.4245078431702997,0.6028011373018257,0,824937,1,final,2026-08-30T13:46:52.825323+00:00,4,10,14,-1.5,1.5,8.0,Loss
f0a7004057c75d3a27566a9cadac71de,baseball,mlb,2026_04_13,06:35 PM,Baltimore Orioles,Arizona Diamondbacks,run_line,away,1.5,away_run_line,-192.0,0.8539239830068733,0.2986760574896201,0.5734580303800704,0,824856,1,final,2026-08-30T13:46:52.825323+00:00,9,7,16,-1.5,1.5,8.5,Loss
f0a7004057c75d3a27566a9cadac71de,baseball,mlb,2026_04_13,06:35 PM,Baltimore Orioles,Arizona Diamondbacks,total,under,8.5,under_total,-105.0,0.61110733109903,0.1931143130981062,0.2027700287530116,0,824856,1,final,2026-08-30T13:46:52.825323+00:00,9,7,16,-1.5,1.5,8.5,Loss
f0a7004057c75d3a27566a9cadac71de,baseball,mlb,2026_04_13,06:35 PM,Baltimore Orioles,Arizona Diamondbacks,moneyline,away,,away_moneyline,108.0,0.7174200606944854,0.4922337262445295,0.4557719687449348,0,824856,1,final,2026-08-30T13:46:52.825323+00:00,9,7,16,-1.5,1.5,8.5,Loss
385f86efd6c56a30190e6bb26a224fe6,baseball,mlb,2026_04_14,06:35 PM,Baltimore Orioles,Arizona Diamondbacks,run_line,home,-1.5,home_run_line,144.0,0.5372918189634097,0.3109920382707196,0.2159666932435553,0,824853,1,final,2026-08-30T13:46:52.825323+00:00,3,4,7,-1.5,1.5,8.5,Loss
385f86efd6c56a30190e6bb26a224fe6,baseball,mlb,2026_04_14,06:35 PM,Baltimore Orioles,Arizona Diamondbacks,moneyline,home,,home_moneyline,-149.0,0.7584895093503794,0.2675428713304997,0.3986388782824446,0,824853,1,final,2026-08-30T13:46:52.825323+00:00,3,4,7,-1.5,1.5,8.5,Loss
3de0bc35b00fae1cd6acfbadcf023411,baseball,mlb,2026_04_14,07:40 PM,Chicago White Sox,Tampa Bay Rays,run_line,home,1.5,home_run_line,-149.0,0.6838460953974611,0.1428032064024684,0.2127767775396781,0,824616,1,final,2026-08-30T13:46:52.825323+00:00,5,8,13,1.5,-1.5,7.5,Loss
3de0bc35b00fae1cd6acfbadcf023411,baseball,mlb,2026_04_14,07:40 PM,Chicago White Sox,Tampa Bay Rays,total,over,7.5,over_total,-107.0,0.5691844726263843,0.1011325778846875,0.1082118583366156,0,824616,1,final,2026-08-30T13:46:52.825323+00:00,5,8,13,1.5,-1.5,7.5,Win
3de0bc35b00fae1cd6acfbadcf023411,baseball,mlb,2026_04_14,07:40 PM,Chicago White Sox,Tampa Bay Rays,moneyline,home,,home_moneyline,119.0,0.4738205991137232,0.0376671120590537,0.0316530353437427,0,824616,1,final,2026-08-30T13:46:52.825323+00:00,5,8,13,1.5,-1.5,7.5,Loss
42f96d05fcb3bf3aefe7588b7e0de883,baseball,mlb,2026_04_14,06:40 PM,Philadelphia Phillies,Chicago Cubs,run_line,away,1.5,away_run_line,-166.0,0.8220973282103287,0.3173366825539001,0.5267788930394742,0,823478,1,final,2026-08-30T13:46:52.825323+00:00,4,10,14,-1.5,1.5,9.5,Win
42f96d05fcb3bf3aefe7588b7e0de883,baseball,mlb,2026_04_14,06:40 PM,Philadelphia Phillies,Chicago Cubs,total,over,9.5,over_total,-112.0,0.5748314303488076,0.0880737788745286,0.0986426323394721,0,823478,1,final,2026-08-30T13:46:52.825323+00:00,4,10,14,-1.5,1.5,9.5,Win
42f96d05fcb3bf3aefe7588b7e0de883,baseball,mlb,2026_04_14,06:40 PM,Philadelphia Phillies,Chicago Cubs,moneyline,away,,away_moneyline,123.0,0.6919336735736736,0.5430120920692922,0.4414732455847904,0,823478,1,final,2026-08-30T13:46:52.825323+00:00,4,10,14,-1.5,1.5,9.5,Win
441105a5d9e63b9467a1b49e493aff1f,baseball,mlb,2026_04_14,06:40 PM,Detroit Tigers,Kansas City Royals,run_line,home,1.5,home_run_line,-200.0,0.8794875971754685,0.3192313957632029,0.6384627915264056,0,824292,1,final,2026-08-30T13:46:52.825323+00:00,2,1,3,1.5,-1.5,7.5,Win
441105a5d9e63b9467a1b49e493aff1f,baseball,mlb,2026_04_14,06:40 PM,Detroit Tigers,Kansas City Royals,total,over,7.5,over_total,-117.0,0.8236234559188418,0.5275751276443477,0.6172628993438867,0,824292,1,final,2026-08-30T13:46:52.825323+00:00,2,1,3,1.5,-1.5,7.5,Loss
441105a5d9e63b9467a1b49e493aff1f,baseball,mlb,2026_04_14,06:40 PM,Detroit Tigers,Kansas City Royals,moneyline,home,,home_moneyline,-126.0,0.7824384935913513,0.4034214250130585,0.5083109955164539,0,824292,1,final,2026-08-30T13:46:52.825323+00:00,2,1,3,1.5,-1.5,7.5,Win
4f93a0b7adae6d305b4095cc30172ed9,baseball,mlb,2026_04_14,09:40 PM,Athletics,Texas Rangers,moneyline,away,,away_moneyline,-120.0,0.6254542069431682,0.1466660460624751,0.17599925527497,0,,,final,2026-08-30T13:46:52.825323+00:00,2,1,3,,,,Loss
62e56fb8e25706db1f4b277d3dab18de,baseball,mlb,2026_04_14,07:40 PM,Minnesota Twins,Boston Red Sox,run_line,home,1.5,home_run_line,-142.0,0.8378394931455593,0.4278673052198967,0.6075715734122535,0,823723,1,final,2026-08-30T13:46:52.825323+00:00,6,0,6,1.5,-1.5,8.0,Win
62e56fb8e25706db1f4b277d3dab18de,baseball,mlb,2026_04_14,07:40 PM,Minnesota Twins,Boston Red Sox,total,over,8.0,over_total,-114.0,0.6587132097940451,0.3507988000622114,0.451502456589305,0,823723,1,final,2026-08-30T13:46:52.825323+00:00,6,0,6,1.5,-1.5,8.0,Loss
62e56fb8e25706db1f4b277d3dab18de,baseball,mlb,2026_04_14,07:40 PM,Minnesota Twins,Boston Red Sox,moneyline,home,,home_moneyline,119.0,0.7128870336120636,0.5612226036104193,0.4716156332860666,0,823723,1,final,2026-08-30T13:46:52.825323+00:00,6,0,6,1.5,-1.5,8.0,Win
70099d392f8cdba638b5d8e7d6dce3e2,baseball,mlb,2026_04_14,09:40 PM,San Diego Padres,Seattle Mariners,run_line,home,1.5,home_run_line,-166.0,0.8073437399285638,0.2936953904879396,0.4875343482099796,0,823315,1,final,2026-08-30T13:46:52.825323+00:00,4,1,5,1.5,-1.5,7.0,Win
70099d392f8cdba638b5d8e7d6dce3e2,baseball,mlb,2026_04_14,09:40 PM,San Diego Padres,Seattle Mariners,total,over,7.0,over_total,-120.0,0.4876987359556128,0.0397113995166259,0.0557742449680362,0,823315,1,final,2026-08-30T13:46:52.825323+00:00,4,1,5,1.5,-1.5,7.0,Loss
70099d392f8cdba638b5d8e7d6dce3e2,baseball,mlb,2026_04_14,09:40 PM,San Diego Padres,Seattle Mariners,moneyline,home,,home_moneyline,102.0,0.639142304839648,0.2910674557760888,0.2853602507608714,0,823315,1,final,2026-08-30T13:46:52.825323+00:00,4,1,5,1.5,-1.5,7.0,Win
9d2cb684d156eddca29c13df0d0bce22,baseball,mlb,2026_04_14,07:40 PM,Milwaukee Brewers,Toronto Blue Jays,run_line,home,1.5,home_run_line,-200.0,0.8515615258929479,0.2773422888394217,0.5546845776788436,0,823802,1,final,2026-08-30T13:46:52.825323+00:00,7,9,16,1.5,-1.5,7.0,Loss
9d2cb684d156eddca29c13df0d0bce22,baseball,mlb,2026_04_14,07:40 PM,Milwaukee Brewers,Toronto Blue Jays,total,over,7.0,over_total,-117.0,0.6921784035023537,0.3972323373703694,0.5242355510848207,0,823802,1,final,2026-08-30T13:46:52.825323+00:00,7,9,16,1.5,-1.5,7.0,Win
9d2cb684d156eddca29c13df0d0bce22,baseball,mlb,2026_04_14,07:40 PM,Milwaukee Brewers,Toronto Blue Jays,moneyline,home,,home_moneyline,-126.0,0.7272590765407875,0.3044488198271267,0.3836055129821797,0,823802,1,final,2026-08-30T13:46:52.825323+00:00,7,9,16,1.5,-1.5,7.0,Loss
be2fbbe5b663cd7dc72d23031f2498ec,baseball,mlb,2026_04_14,07:15 PM,Atlanta Braves,Miami Marlins,run_line,home,-1.5,home_run_line,129.0,0.6094845498693173,0.3957196192007366,0.3067593947292533,0,824935,1,final,2026-08-30T13:46:52.825323+00:00,6,5,11,-1.5,1.5,8.5,Loss
be2fbbe5b663cd7dc72d23031f2498ec,baseball,mlb,2026_04_14,07:15 PM,Atlanta Braves,Miami Marlins,total,over,8.5,over_total,-107.0,0.7934038624988502,0.5349027994136637,0.57234599537262,0,824935,1,final,2026-08-30T13:46:52.825323+00:00,6,5,11,-1.5,1.5,8.5,Win
be2fbbe5b663cd7dc72d23031f2498ec,baseball,mlb,2026_04_14,07:15 PM,Atlanta Braves,Miami Marlins,moneyline,home,,home_moneyline,-163.0,0.7934734603819198,0.2802669943585576,0.4568352008044491,0,824935,1,final,2026-08-30T13:46:52.825323+00:00,6,5,11,-1.5,1.5,8.5,Win
bf8721941657f63c8758e23bdee938ba,baseball,mlb,2026_04_14,10:10 PM,Los Angeles Dodgers,New York Mets,run_line,home,-1.5,home_run_line,108.0,0.5417647001083158,0.1268705762252968,0.1174727557641637,0,823965,1,final,2026-08-30T13:46:52.825323+00:00,2,1,3,-1.5,1.5,7.5,Loss
bf8721941657f63c8758e23bdee938ba,baseball,mlb,2026_04_14,10:10 PM,Los Angeles Dodgers,New York Mets,total,over,7.5,over_total,-112.0,0.6686255543227435,0.2656126563966217,0.2974861751642163,0,823965,1,final,2026-08-30T13:46:52.825323+00:00,2,1,3,-1.5,1.5,7.5,Loss
bf8721941657f63c8758e23bdee938ba,baseball,mlb,2026_04_14,10:10 PM,Los Angeles Dodgers,New York Mets,moneyline,home,,home_moneyline,-200.0,0.758625215005043,0.1379378225075644,0.2758756450151289,0,823965,1,final,2026-08-30T13:46:52.825323+00:00,2,1,3,-1.5,1.5,7.5,Win
c0eef6d4f9ed3511fcfdb17153b8f0a3,baseball,mlb,2026_04_14,07:45 PM,St Louis Cardinals,Cleveland Guardians,run_line,home,1.5,home_run_line,-163.0,0.9094625687276896,0.4674150648796464,0.7618865557538237,0,,,final,2026-08-30T13:46:52.825323+00:00,6,5,11,,,,Win
c0eef6d4f9ed3511fcfdb17153b8f0a3,baseball,mlb,2026_04_14,07:45 PM,St Louis Cardinals,Cleveland Guardians,total,over,8.5,over_total,-102.0,0.5383407900225438,0.0661258782799394,0.0674483958455383,0,,,final,2026-08-30T13:46:52.825323+00:00,6,5,11,,,,Win
c0eef6d4f9ed3511fcfdb17153b8f0a3,baseball,mlb,2026_04_14,07:45 PM,St Louis Cardinals,Cleveland Guardians,moneyline,home,,home_moneyline,102.0,0.821435633503778,0.6592999796776315,0.6463725290957173,0,,,final,2026-08-30T13:46:52.825323+00:00,6,5,11,,,,Win
d5bcde6808790e2d31facdd85fadb43e,baseball,mlb,2026_04_14,06:55 PM,Pittsburgh Pirates,Washington Nationals,run_line,home,-1.5,home_run_line,108.0,0.4849376669230626,0.0086703471999702,0.0080280992592317,0,823398,1,final,2026-08-30T13:46:52.825323+00:00,4,5,9,-1.5,1.5,9.0,Loss
d5bcde6808790e2d31facdd85fadb43e,baseball,mlb,2026_04_14,06:55 PM,Pittsburgh Pirates,Washington Nationals,total,over,9.0,over_total,-114.0,0.7545432240567786,0.5045504224253251,0.6307759889590719,0,823398,1,final,2026-08-30T13:46:52.825323+00:00,4,5,9,-1.5,1.5,9.0,Push
d5bcde6808790e2d31facdd85fadb43e,baseball,mlb,2026_04_14,06:55 PM,Pittsburgh Pirates,Washington Nationals,moneyline,home,,home_moneyline,-185.0,0.6736461862356456,0.0377792598765351,0.0698916307715901,0,823398,1,final,2026-08-30T13:46:52.825323+00:00,4,5,9,-1.5,1.5,9.0,Loss
e24b161253e29f8c9ef92e6906b29364,baseball,mlb,2026_04_14,07:05 PM,New York Yankees,Los Angeles Angels,total,over,9.0,over_total,-102.0,0.6526679294924035,0.4022882712842563,0.4609199157319678,0,823562,1,final,2026-08-30T13:46:52.825323+00:00,1,7,8,-1.5,1.5,9.0,Loss
e24b161253e29f8c9ef92e6906b29364,baseball,mlb,2026_04_14,07:05 PM,New York Yankees,Los Angeles Angels,moneyline,home,,home_moneyline,-185.0,0.6753389059300358,0.0403869631895146,0.0747158819006019,0,823562,1,final,2026-08-30T13:46:52.825323+00:00,1,7,8,-1.5,1.5,9.0,Loss
fb1c5d37a9a3812d5d1e0b5ab2f3e768,baseball,mlb,2026_04_14,06:40 PM,Cincinnati Reds,San Francisco Giants,run_line,home,1.5,home_run_line,-175.0,0.6906444233573825,0.0852983795616011,0.1492721642328019,0,824531,1,final,2026-08-30T13:46:52.825323+00:00,2,1,3,1.5,-1.5,9.0,Win
0addbc8d6735535fe5cf8e6aa6c955e1,baseball,mlb,2026_04_15,08:10 PM,Houston Astros,Colorado Rockies,run_line,home,-1.5,home_run_line,108.0,0.5337483083416378,0.1101964813506066,0.1020337790283395,0,824209,1,final,2026-08-30T13:46:52.825323+00:00,3,1,4,-1.5,1.5,8.5,Win
0addbc8d6735535fe5cf8e6aa6c955e1,baseball,mlb,2026_04_15,08:10 PM,Houston Astros,Colorado Rockies,total,over,8.5,over_total,-117.0,0.682623794623717,0.2660629353277486,0.3112936343334659,0,824209,1,final,2026-08-30T13:46:52.825323+00:00,3,1,4,-1.5,1.5,8.5,Loss
0addbc8d6735535fe5cf8e6aa6c955e1,baseball,mlb,2026_04_15,08:10 PM,Houston Astros,Colorado Rockies,moneyline,home,,home_moneyline,-185.0,0.7378595933112909,0.1367026167227996,0.2528998409371791,0,824209,1,final,2026-08-30T13:46:52.825323+00:00,3,1,4,-1.5,1.5,8.5,Win
2e63bbfb5214a9cb7474c49a13d013d6,baseball,mlb,2026_04_15,07:15 PM,Atlanta Braves,Miami Marlins,run_line,away,1.5,away_run_line,-149.0,0.6775324587164155,0.1322522296670298,0.1970558222038746,0,824936,1,final,2026-08-30T13:46:52.825323+00:00,6,3,9,-1.5,1.5,9.0,Loss
2e63bbfb5214a9cb7474c49a13d013d6,baseball,mlb,2026_04_15,07:15 PM,Atlanta Braves,Miami Marlins,moneyline,away,,away_moneyline,141.0,0.4800012184334331,0.1568029364245737,0.1112077563294849,0,824936,1,final,2026-08-30T13:46:52.825323+00:00,6,3,9,-1.5,1.5,9.0,Loss
30d1ac7c8c0a6c6b760667043f6569aa,baseball,mlb,2026_04_15,12:35 PM,Baltimore Orioles,Arizona Diamondbacks,run_line,away,1.5,away_run_line,-149.0,0.6027179703863705,0.007226675343666,0.0107677462620625,0,824855,1,final,2026-08-30T13:46:52.825323+00:00,5,8,13,-1.5,1.5,9.0,Win
5dde1728cec88d86d8dbbaa27a572697,baseball,mlb,2026_04_15,06:40 PM,Cincinnati Reds,San Francisco Giants,run_line,home,1.5,home_run_line,-166.0,0.7882370057234718,0.2630785754364064,0.4367104352244348,0,824532,1,final,2026-08-30T13:46:52.825323+00:00,8,3,11,1.5,-1.5,9.0,Win
5dde1728cec88d86d8dbbaa27a572697,baseball,mlb,2026_04_15,06:40 PM,Cincinnati Reds,San Francisco Giants,total,under,9.0,under_total,-112.0,0.5960467902923092,0.2519146401140233,0.3219662135436991,0,824532,1,final,2026-08-30T13:46:52.825323+00:00,8,3,11,1.5,-1.5,9.0,Loss
5dde1728cec88d86d8dbbaa27a572697,baseball,mlb,2026_04_15,06:40 PM,Cincinnati Reds,San Francisco Giants,moneyline,home,,home_moneyline,-102.0,0.6158381098700458,0.219600962683816,0.2239929819374924,0,824532,1,final,2026-08-30T13:46:52.825323+00:00,8,3,11,1.5,-1.5,9.0,Win
69d8354de162a3ae1d59bf8aa804c3ca,baseball,mlb,2026_04_15,06:40 PM,Detroit Tigers,Kansas City Royals,run_line,home,-1.5,home_run_line,159.0,0.6894760908491243,0.7857430752992318,0.4941780347793912,0,824291,1,final,2026-08-30T13:46:52.825323+00:00,2,1,3,-1.5,1.5,8.0,Loss
69d8354de162a3ae1d59bf8aa804c3ca,baseball,mlb,2026_04_15,06:40 PM,Detroit Tigers,Kansas City Royals,total,over,8.0,over_total,-117.0,0.5262625025246035,0.1097013535552601,0.1481495640416562,0,824291,1,final,2026-08-30T13:46:52.825323+00:00,2,1,3,-1.5,1.5,8.0,Loss
69d8354de162a3ae1d59bf8aa804c3ca,baseball,mlb,2026_04_15,06:40 PM,Detroit Tigers,Kansas City Royals,moneyline,home,,home_moneyline,-131.0,0.8735675846982416,0.5404130692007159,0.707941120652938,0,824291,1,final,2026-08-30T13:46:52.825323+00:00,2,1,3,-1.5,1.5,8.0,Win
748d289cf73992eb235de4c4f66d4175,baseball,mlb,2026_04_15,06:40 PM,Philadelphia Phillies,Chicago Cubs,run_line,home,-1.5,home_run_line,141.0,0.4286133872524805,0.0329582632784779,0.0233746548074311,0,823477,1,final,2026-08-30T13:46:52.825323+00:00,2,11,13,-1.5,1.5,8.5,Loss
748d289cf73992eb235de4c4f66d4175,baseball,mlb,2026_04_15,06:40 PM,Philadelphia Phillies,Chicago Cubs,total,under,8.5,under_total,-105.0,0.6147113916248923,0.2001508122200278,0.2101583528310292,0,823477,1,final,2026-08-30T13:46:52.825323+00:00,2,11,13,-1.5,1.5,8.5,Loss
748d289cf73992eb235de4c4f66d4175,baseball,mlb,2026_04_15,06:40 PM,Philadelphia Phillies,Chicago Cubs,moneyline,home,,home_moneyline,-135.0,0.6637820812861023,0.1554725118684001,0.2098878910223403,0,823477,1,final,2026-08-30T13:46:52.825323+00:00,2,11,13,-1.5,1.5,8.5,Loss
851336f466000da358ea664a9302c8f4,baseball,mlb,2026_04_15,07:40 PM,Chicago White Sox,Tampa Bay Rays,run_line,home,1.5,home_run_line,-166.0,0.7105252799917134,0.1385525570951551,0.2299972447779577,0,824615,1,final,2026-08-30T13:46:52.825323+00:00,3,8,11,1.5,-1.5,8.0,Loss
851336f466000da358ea664a9302c8f4,baseball,mlb,2026_04_15,07:40 PM,Chicago White Sox,Tampa Bay Rays,total,over,8.0,over_total,-105.0,0.5912780764354357,0.280125502678677,0.3364295316276059,0,824615,1,final,2026-08-30T13:46:52.825323+00:00,3,8,11,1.5,-1.5,8.0,Win
851336f466000da358ea664a9302c8f4,baseball,mlb,2026_04_15,07:40 PM,Chicago White Sox,Tampa Bay Rays,moneyline,home,,home_moneyline,102.0,0.5253471497935097,0.0612012425828896,0.0600012182185192,0,824615,1,final,2026-08-30T13:46:52.825323+00:00,3,8,11,1.5,-1.5,8.0,Loss
a9a5304518c8a2714a581f284aa4cb4f,baseball,mlb,2026_04_15,07:05 PM,New York Yankees,Los Angeles Angels,run_line,away,1.5,away_run_line,-120.0,0.7931551533742247,0.4541177811860786,0.5449413374232943,0,823561,1,final,2026-08-30T13:46:52.825323+00:00,5,4,9,-1.5,1.5,10.5,Win
a9a5304518c8a2714a581f284aa4cb4f,baseball,mlb,2026_04_15,07:05 PM,New York Yankees,Los Angeles Angels,total,over,10.5,over_total,-102.0,0.506260522745403,0.0025943685742292,0.0026462559457138,0,823561,1,final,2026-08-30T13:46:52.825323+00:00,5,4,9,-1.5,1.5,10.5,Loss
a9a5304518c8a2714a581f284aa4cb4f,baseball,mlb,2026_04_15,07:05 PM,New York Yankees,Los Angeles Angels,moneyline,away,,away_moneyline,159.0,0.65336444809033,0.6922139205539546,0.4353546670150658,0,823561,1,final,2026-08-30T13:46:52.825323+00:00,5,4,9,-1.5,1.5,10.5,Loss
ae6a5b39c2617185d491849bed3ddff8,baseball,mlb,2026_04_15,09:40 PM,Athletics,Texas Rangers,run_line,away,1.5,away_run_line,-188.0,0.8783452353469609,0.3455501477655571,0.6496342777992472,0,,,final,2026-08-30T13:46:52.825323+00:00,6,5,11,,,,Win
ae6a5b39c2617185d491849bed3ddff8,baseball,mlb,2026_04_15,09:40 PM,Athletics,Texas Rangers,moneyline,away,,away_moneyline,100.0,0.7766186336228507,0.5532372672457013,0.5532372672457013,0,,,final,2026-08-30T13:46:52.825323+00:00,6,5,11,,,,Loss
bc75992fc84ef71ac01271077d656ba0,baseball,mlb,2026_04_15,06:40 PM,Pittsburgh Pirates,Washington Nationals,run_line,away,1.5,away_run_line,-135.0,0.6520677556743031,0.1350809080256387,0.1823592258346122,0,823399,1,final,2026-08-30T13:46:52.825323+00:00,2,0,2,-1.5,1.5,9.0,Loss
bc75992fc84ef71ac01271077d656ba0,baseball,mlb,2026_04_15,06:40 PM,Pittsburgh Pirates,Washington Nationals,total,over,9.0,over_total,-121.0,0.5833329929673237,0.1858038714496966,0.2555899643281117,0,823399,1,final,2026-08-30T13:46:52.825323+00:00,2,0,2,-1.5,1.5,9.0,Loss
bc75992fc84ef71ac01271077d656ba0,baseball,mlb,2026_04_15,06:40 PM,Pittsburgh Pirates,Washington Nationals,moneyline,away,,away_moneyline,149.0,0.4625819811451022,0.1518291330513046,0.1018987470142983,0,823399,1,final,2026-08-30T13:46:52.825323+00:00,2,0,2,-1.5,1.5,9.0,Loss
c4b632a3318002ec947a0861f17d8583,baseball,mlb,2026_04_15,10:10 PM,Los Angeles Dodgers,New York Mets,run_line,home,-1.5,home_run_line,-105.0,0.5949621166174969,0.1615927038722557,0.1696723390658685,0,823963,1,final,2026-08-30T13:46:52.825323+00:00,8,2,10,-1.5,1.5,8.0,Win
c4b632a3318002ec947a0861f17d8583,baseball,mlb,2026_04_15,10:10 PM,Los Angeles Dodgers,New York Mets,total,over,8.0,over_total,-105.0,0.5127181836727062,0.1359126949973893,0.164960032556882,0,823963,1,final,2026-08-30T13:46:52.825323+00:00,8,2,10,-1.5,1.5,8.0,Win
c4b632a3318002ec947a0861f17d8583,baseball,mlb,2026_04_15,10:10 PM,Los Angeles Dodgers,New York Mets,moneyline,home,,home_moneyline,-227.0,0.8057171217902166,0.1606585851339241,0.3646949882540081,0,823963,1,final,2026-08-30T13:46:52.825323+00:00,8,2,10,-1.5,1.5,8.0,Win
e1d1d3bf816d477e6f48db9e600d48bf,baseball,mlb,2026_04_15,07:40 PM,Milwaukee Brewers,Toronto Blue Jays,run_line,home,1.5,home_run_line,-163.0,0.8298750040578545,0.3390007734185014,0.5525712606721573,0,823803,1,final,2026-08-30T13:46:52.825323+00:00,2,1,3,1.5,-1.5,7.5,Win
e1d1d3bf816d477e6f48db9e600d48bf,baseball,mlb,2026_04_15,07:40 PM,Milwaukee Brewers,Toronto Blue Jays,total,over,7.5,over_total,-107.0,0.8167066045255071,0.5799838050166357,0.6205826713678,0,823803,1,final,2026-08-30T13:46:52.825323+00:00,2,1,3,1.5,-1.5,7.5,Loss
e1d1d3bf816d477e6f48db9e600d48bf,baseball,mlb,2026_04_15,07:40 PM,Milwaukee Brewers,Toronto Blue Jays,moneyline,home,,home_moneyline,102.0,0.7050182641304612,0.4241368935435317,0.4158204838662075,0,823803,1,final,2026-08-30T13:46:52.825323+00:00,2,1,3,1.5,-1.5,7.5,Win
e39af7619a05b0b5a99bc6dcd7fbc12b,baseball,mlb,2026_04_15,01:40 PM,Minnesota Twins,Boston Red Sox,run_line,home,1.5,home_run_line,-156.0,0.8839228240177759,0.4505400189009654,0.7028424294855062,0,823722,1,final,2026-08-30T13:46:52.825323+00:00,5,9,14,1.5,-1.5,8.0,Loss
e39af7619a05b0b5a99bc6dcd7fbc12b,baseball,mlb,2026_04_15,01:40 PM,Minnesota Twins,Boston Red Sox,total,over,8.0,over_total,-114.0,0.6230123761399373,0.2902532068225243,0.3763257557453242,0,823722,1,final,2026-08-30T13:46:52.825323+00:00,5,9,14,1.5,-1.5,8.0,Win
e39af7619a05b0b5a99bc6dcd7fbc12b,baseball,mlb,2026_04_15,01:40 PM,Minnesota Twins,Boston Red Sox,moneyline,home,,home_moneyline,112.0,0.7834022834452727,0.6608128409039782,0.5900114650928378,0,823722,1,final,2026-08-30T13:46:52.825323+00:00,5,9,14,1.5,-1.5,8.0,Loss
f330db82278ea4535ef5b2b1571ee7d1,baseball,mlb,2026_04_15,01:20 PM,St Louis Cardinals,Cleveland Guardians,run_line,home,1.5,home_run_line,-181.0,0.771958758929855,0.1984553108248024,0.3592041125928925,0,,,final,2026-08-30T13:46:52.825323+00:00,5,3,8,,,,Win
f330db82278ea4535ef5b2b1571ee7d1,baseball,mlb,2026_04_15,01:20 PM,St Louis Cardinals,Cleveland Guardians,moneyline,home,,home_moneyline,-114.0,0.6022529462508228,0.1305450043655798,0.1488213049767608,0,,,final,2026-08-30T13:46:52.825323+00:00,5,3,8,,,,Win
f3b41be4bbb9dbffe13b5c0c9f57bb50,baseball,mlb,2026_04_15,09:40 PM,San Diego Padres,Seattle Mariners,run_line,home,1.5,home_run_line,-178.0,0.7636958103777209,0.1927384004775643,0.3430743528500642,0,823314,1,final,2026-08-30T13:46:52.825323+00:00,7,6,13,1.5,-1.5,8.0,Win
f3b41be4bbb9dbffe13b5c0c9f57bb50,baseball,mlb,2026_04_15,09:40 PM,San Diego Padres,Seattle Mariners,total,under,8.0,under_total,-112.0,0.5426955726640628,0.1633064579556412,0.2117085690111859,0,823314,1,final,2026-08-30T13:46:52.825323+00:00,7,6,13,1.5,-1.5,8.0,Loss
f3b41be4bbb9dbffe13b5c0c9f57bb50,baseball,mlb,2026_04_15,09:40 PM,San Diego Padres,Seattle Mariners,moneyline,home,,home_moneyline,-109.0,0.5700798787643866,0.0930889418509799,0.101466946617568,0,823314,1,final,2026-08-30T13:46:52.825323+00:00,7,6,13,1.5,-1.5,8.0,Win
01461c715fdcb8321ca3e4ed2762e436,baseball,mlb,2026_04_16,02:15 PM,Detroit Tigers,Kansas City Royals,run_line,home,1.5,home_run_line,-169.0,0.7519701299215581,0.196922869520113,0.3327996494889912,0,824289,1,final,2026-08-30T13:46:52.825323+00:00,10,9,19,1.5,-1.5,8.0,Win
01461c715fdcb8321ca3e4ed2762e436,baseball,mlb,2026_04_16,02:15 PM,Detroit Tigers,Kansas City Royals,total,under,8.0,under_total,-107.0,0.5405684268219291,0.1819975133346784,0.225449136449806,0,824289,1,final,2026-08-30T13:46:52.825323+00:00,10,9,19,1.5,-1.5,8.0,Loss
01461c715fdcb8321ca3e4ed2762e436,baseball,mlb,2026_04_16,02:15 PM,Detroit Tigers,Kansas City Royals,moneyline,home,,home_moneyline,-105.0,0.553366598770837,0.0803824071240151,0.0844015274802158,0,824289,1,final,2026-08-30T13:46:52.825323+00:00,10,9,19,1.5,-1.5,8.0,Win
1be686414809592c870949866675b3f0,baseball,mlb,2026_04_16,03:05 PM,Athletics,Texas Rangers,run_line,home,1.5,home_run_line,-163.0,0.7249537449460908,0.1697106436860238,0.2766283492082187,0,,,final,2026-08-30T13:46:52.825323+00:00,6,9,15,,,,Loss
1be686414809592c870949866675b3f0,baseball,mlb,2026_04_16,03:05 PM,Athletics,Texas Rangers,total,over,8.5,over_total,-121.0,0.5973374449267985,0.091004754783657,0.1101157532882249,0,,,final,2026-08-30T13:46:52.825323+00:00,6,9,15,,,,Win
1be686414809592c870949866675b3f0,baseball,mlb,2026_04_16,03:05 PM,Athletics,Texas Rangers,moneyline,home,,home_moneyline,100.0,0.5451529563272095,0.090305912654419,0.090305912654419,0,,,final,2026-08-30T13:46:52.825323+00:00,6,9,15,,,,Loss
25ef39bccec531e95be4427ad60576d2,baseball,mlb,2026_04_16,01:35 PM,New York Yankees,Los Angeles Angels,run_line,away,1.5,away_run_line,104.0,0.5314045096548966,0.0840651996959891,0.0808319227846049,0,823560,1,final,2026-08-30T13:46:52.825323+00:00,4,11,15,-1.5,1.5,9.5,Win
25ef39bccec531e95be4427ad60576d2,baseball,mlb,2026_04_16,01:35 PM,New York Yankees,Los Angeles Angels,moneyline,away,,away_moneyline,224.0,0.3212617753067205,0.0408881519937744,0.018253639282935,0,823560,1,final,2026-08-30T13:46:52.825323+00:00,4,11,15,-1.5,1.5,9.5,Win
2813553c6a0cdab5c77497cf373aa7af,baseball,mlb,2026_04_16,08:10 PM,Houston Astros,Colorado Rockies,total,under,8.5,under_total,100.0,0.5272845851032855,0.0545691702065709,0.0545691702065709,0,824208,1,final,2026-08-30T13:46:52.825323+00:00,2,3,5,-1.5,1.5,8.5,Win
2813553c6a0cdab5c77497cf373aa7af,baseball,mlb,2026_04_16,08:10 PM,Houston Astros,Colorado Rockies,moneyline,home,,home_moneyline,-192.0,0.6855518806757673,0.042610151861063,0.081811491573241,0,824208,1,final,2026-08-30T13:46:52.825323+00:00,2,3,5,-1.5,1.5,8.5,Loss
34fa181a3e06104ac8bb8d652bffbae7,baseball,mlb,2026_04_16,08:40 PM,San Diego Padres,Seattle Mariners,run_line,home,1.5,home_run_line,-166.0,0.7860927389238015,0.2596425816489831,0.4310066855373119,0,823313,1,final,2026-08-30T13:46:52.825323+00:00,5,2,7,1.5,-1.5,8.0,Win
34fa181a3e06104ac8bb8d652bffbae7,baseball,mlb,2026_04_16,08:40 PM,San Diego Padres,Seattle Mariners,total,over,8.0,over_total,-112.0,0.5082945365952449,0.0973979625686887,0.1261498898332118,0,823313,1,final,2026-08-30T13:46:52.825323+00:00,5,2,7,1.5,-1.5,8.0,Loss
34fa181a3e06104ac8bb8d652bffbae7,baseball,mlb,2026_04_16,08:40 PM,San Diego Padres,Seattle Mariners,moneyline,home,,home_moneyline,102.0,0.6227557498530012,0.2579666147030623,0.252908445787316,0,823313,1,final,2026-08-30T13:46:52.825323+00:00,5,2,7,1.5,-1.5,8.0,Win
50a6b335289549d2d3f41d9072e8d031,baseball,mlb,2026_04_16,06:10 PM,Cleveland Guardians,Baltimore Orioles,run_line,home,1.5,home_run_line,-196.0,0.6704574178828254,0.0125275290475321,0.024553956933163,0,824453,1,final,2026-08-30T13:46:52.825323+00:00,4,2,6,1.5,-1.5,8.0,Win
50a6b335289549d2d3f41d9072e8d031,baseball,mlb,2026_04_16,06:10 PM,Cleveland Guardians,Baltimore Orioles,total,over,8.0,over_total,-107.0,0.7964559234484023,0.6215398101134985,0.7234538777673124,0,824453,1,final,2026-08-30T13:46:52.825323+00:00,4,2,6,1.5,-1.5,8.0,Loss
50a6b335289549d2d3f41d9072e8d031,baseball,mlb,2026_04_16,06:10 PM,Cleveland Guardians,Baltimore Orioles,moneyline,away,,away_moneyline,104.0,0.5048770157492497,0.0299491121284694,0.0287972232004513,0,824453,1,final,2026-08-30T13:46:52.825323+00:00,4,2,6,1.5,-1.5,8.0,Loss
58f0238587c37c6200e35bece1cdc6a2,baseball,mlb,2026_04_16,12:40 PM,Cincinnati Reds,San Francisco Giants,run_line,home,-1.5,home_run_line,163.0,0.4980164572532763,0.3097832825761166,0.1900510936049796,0,824530,1,final,2026-08-30T13:46:52.825323+00:00,0,3,3,-1.5,1.5,8.0,Loss
58f0238587c37c6200e35bece1cdc6a2,baseball,mlb,2026_04_16,12:40 PM,Cincinnati Reds,San Francisco Giants,moneyline,home,,home_moneyline,-131.0,0.7271631488567557,0.2822495220298515,0.3697468738591055,0,824530,1,final,2026-08-30T13:46:52.825323+00:00,0,3,3,-1.5,1.5,8.0,Loss
74f39156689a078022ede0ab999cd304,baseball,mlb,2026_04_16,12:35 PM,Pittsburgh Pirates,Washington Nationals,run_line,away,1.5,away_run_line,-149.0,0.6521376411141585,0.0898139103182917,0.1338227263742546,0,823396,1,final,2026-08-30T13:46:52.825323+00:00,7,8,15,-1.5,1.5,9.0,Win
74f39156689a078022ede0ab999cd304,baseball,mlb,2026_04_16,12:35 PM,Pittsburgh Pirates,Washington Nationals,total,under,9.0,under_total,-120.0,0.4848028957485906,0.0202054105105088,0.0279144548120913,0,823396,1,final,2026-08-30T13:46:52.825323+00:00,7,8,15,-1.5,1.5,9.0,Loss
74f39156689a078022ede0ab999cd304,baseball,mlb,2026_04_16,12:35 PM,Pittsburgh Pirates,Washington Nationals,moneyline,away,,away_moneyline,139.0,0.4434235075635677,0.0597821830769267,0.0430087648035444,0,823396,1,final,2026-08-30T13:46:52.825323+00:00,7,8,15,-1.5,1.5,9.0,Win
99d0656dfdf7a804df87e510c4687f62,baseball,mlb,2026_04_16,02:10 PM,Chicago White Sox,Tampa Bay Rays,moneyline,away,,away_moneyline,-131.0,0.6630702508582434,0.169230747696597,0.2216922794825422,0,824614,1,final,2026-08-30T13:46:52.825323+00:00,3,5,8,1.5,-1.5,8.0,Win
d28f023fdea4d8299ebf509d22707293,baseball,mlb,2026_04_16,01:40 PM,Milwaukee Brewers,Toronto Blue Jays,run_line,away,1.5,away_run_line,-192.0,0.7443764560571571,0.13207252692026,0.253579251686899,0,823801,1,final,2026-08-30T13:46:52.825323+00:00,2,1,3,-1.5,1.5,8.5,Win
d28f023fdea4d8299ebf509d22707293,baseball,mlb,2026_04_16,01:40 PM,Milwaukee Brewers,Toronto Blue Jays,total,over,8.5,over_total,-107.0,0.6799668858251502,0.3154499566897767,0.337531453658061,0,823801,1,final,2026-08-30T13:46:52.825323+00:00,2,1,3,-1.5,1.5,8.5,Loss
d28f023fdea4d8299ebf509d22707293,baseball,mlb,2026_04_16,01:40 PM,Milwaukee Brewers,Toronto Blue Jays,moneyline,away,,away_moneyline,104.0,0.5792992639197719,0.1817704983963348,0.1747793253810911,0,823801,1,final,2026-08-30T13:46:52.825323+00:00,2,1,3,-1.5,1.5,8.5,Loss
0d33220f9d453b16cf8525818ee29051,baseball,mlb,2026_04_17,09:40 PM,Seattle Mariners,Texas Rangers,run_line,home,-1.5,home_run_line,179.0,0.4042281442414425,0.1277965224336246,0.0713947052701813,0,823152,1,final,2026-08-30T13:46:52.825323+00:00,0,5,5,-1.5,1.5,6.5,Loss
0d33220f9d453b16cf8525818ee29051,baseball,mlb,2026_04_17,09:40 PM,Seattle Mariners,Texas Rangers,total,over,6.5,over_total,-112.0,0.9187227272452184,0.7390108765713064,0.8276921817598633,0,823152,1,final,2026-08-30T13:46:52.825323+00:00,0,5,5,-1.5,1.5,6.5,Loss
0d33220f9d453b16cf8525818ee29051,baseball,mlb,2026_04_17,09:40 PM,Seattle Mariners,Texas Rangers,moneyline,home,,home_moneyline,-131.0,0.5969953373447414,0.0527169689056126,0.0690592292663524,0,823152,1,final,2026-08-30T13:46:52.825323+00:00,0,5,5,-1.5,1.5,6.5,Loss
261a880b71d678f267d194c3e11c1880,baseball,mlb,2026_04_17,08:10 PM,Houston Astros,St Louis Cardinals,run_line,away,1.5,away_run_line,-181.0,0.7464966092159535,0.1589256750811212,0.2876554718968293,0,,,final,2026-08-30T13:46:52.825323+00:00,4,9,13,,,,Win
261a880b71d678f267d194c3e11c1880,baseball,mlb,2026_04_17,08:10 PM,Houston Astros,St Louis Cardinals,moneyline,away,,away_moneyline,119.0,0.5661762082585338,0.2399258960861889,0.2016184000724276,0,,,final,2026-08-30T13:46:52.825323+00:00,4,9,13,,,,Win
3eb605c9b25ccc2ad16334a2f4a4c17e,baseball,mlb,2026_04_17,06:10 PM,Cleveland Guardians,Baltimore Orioles,run_line,home,-1.5,home_run_line,152.0,0.4665072657548942,0.1755983097023334,0.1155252037515351,0,824454,1,final,2026-08-30T13:46:52.825323+00:00,4,6,10,-1.5,1.5,8.0,Loss
3eb605c9b25ccc2ad16334a2f4a4c17e,baseball,mlb,2026_04_17,06:10 PM,Cleveland Guardians,Baltimore Orioles,total,over,8.0,over_total,-107.0,0.5685950269437793,0.2288347673075234,0.2810665193574047,0,824454,1,final,2026-08-30T13:46:52.825323+00:00,4,6,10,-1.5,1.5,8.0,Win
3eb605c9b25ccc2ad16334a2f4a4c17e,baseball,mlb,2026_04_17,06:10 PM,Cleveland Guardians,Baltimore Orioles,moneyline,home,,home_moneyline,-142.0,0.6836750330983042,0.1651363240126029,0.2344935800978962,0,824454,1,final,2026-08-30T13:46:52.825323+00:00,4,6,10,-1.5,1.5,8.0,Loss
45655eea8b0523564f56d5ba45520388,baseball,mlb,2026_04_17,02:20 PM,Chicago Cubs,New York Mets,run_line,away,1.5,away_run_line,-149.0,0.7092469220807105,0.1852515677724624,0.276024835980969,0,824693,1,final,2026-08-30T13:46:52.825323+00:00,12,4,16,-1.5,1.5,10.5,Loss
45655eea8b0523564f56d5ba45520388,baseball,mlb,2026_04_17,02:20 PM,Chicago Cubs,New York Mets,total,under,10.5,under_total,-107.0,0.6947385749991533,0.3440269628488294,0.3681088502482473,0,824693,1,final,2026-08-30T13:46:52.825323+00:00,12,4,16,-1.5,1.5,10.5,Loss
45655eea8b0523564f56d5ba45520388,baseball,mlb,2026_04_17,02:20 PM,Chicago Cubs,New York Mets,moneyline,away,,away_moneyline,119.0,0.5202625034329429,0.1393748825181449,0.1171217500152478,0,824693,1,final,2026-08-30T13:46:52.825323+00:00,12,4,16,-1.5,1.5,10.5,Loss
49988d9d2bd029a05b88766f7a72ca27,baseball,mlb,2026_04_17,09:38 PM,Los Angeles Angels,San Diego Padres,run_line,away,1.5,away_run_line,-166.0,0.6394325666582341,0.024632908018616,0.0408906273109026,0,824048,1,final,2026-08-30T13:46:52.825323+00:00,8,0,8,-1.5,1.5,8.5,Loss
49988d9d2bd029a05b88766f7a72ca27,baseball,mlb,2026_04_17,09:38 PM,Los Angeles Angels,San Diego Padres,total,under,8.5,under_total,-117.0,0.5683667560387711,0.0541503082086609,0.0633558606041333,0,824048,1,final,2026-08-30T13:46:52.825323+00:00,8,0,8,-1.5,1.5,8.5,Win
4dab71b3bef20d97c215141ed121a95b,baseball,mlb,2026_04_17,09:40 PM,Athletics,Chicago White Sox,run_line,home,-1.5,home_run_line,129.0,0.4538133013565442,0.0392324601064861,0.0304127597724699,0,,,final,2026-08-30T13:46:52.825323+00:00,2,9,11,,,,Loss
4dab71b3bef20d97c215141ed121a95b,baseball,mlb,2026_04_17,09:40 PM,Athletics,Chicago White Sox,total,under,9.5,under_total,-117.0,0.5481908251311478,0.0167299919099066,0.0195740905345907,0,,,final,2026-08-30T13:46:52.825323+00:00,2,9,11,,,,Loss
4dab71b3bef20d97c215141ed121a95b,baseball,mlb,2026_04_17,09:40 PM,Athletics,Chicago White Sox,moneyline,home,,home_moneyline,-156.0,0.6691906079709752,0.0981589464139078,0.1531279564056963,0,,,final,2026-08-30T13:46:52.825323+00:00,2,9,11,,,,Loss
534d4f4aa2042d0efb0d307c77b7b0bf,baseball,mlb,2026_04_17,06:45 PM,Pittsburgh Pirates,Tampa Bay Rays,run_line,away,1.5,away_run_line,-181.0,0.7221772590554023,0.1211702198594919,0.2193180979456804,0,823397,1,final,2026-08-30T13:46:52.825323+00:00,5,1,6,-1.5,1.5,8.5,Loss
534d4f4aa2042d0efb0d307c77b7b0bf,baseball,mlb,2026_04_17,06:45 PM,Pittsburgh Pirates,Tampa Bay Rays,total,over,8.5,over_total,-105.0,0.6004240782089721,0.1722565336460884,0.1808693603283928,0,823397,1,final,2026-08-30T13:46:52.825323+00:00,5,1,6,-1.5,1.5,8.5,Loss
534d4f4aa2042d0efb0d307c77b7b0bf,baseball,mlb,2026_04_17,06:45 PM,Pittsburgh Pirates,Tampa Bay Rays,moneyline,away,,away_moneyline,119.0,0.5417241677623992,0.1863759273996541,0.156618426386264,0,823397,1,final,2026-08-30T13:46:52.825323+00:00,5,1,6,-1.5,1.5,8.5,Loss
6c36be674cd46d59ac8a57a727b8a4ca,baseball,mlb,2026_04_17,07:10 PM,Miami Marlins,Milwaukee Brewers,run_line,home,1.5,home_run_line,-178.0,0.6868526618816327,0.0727249438376063,0.129450400030939,0,823883,1,final,2026-08-30T13:46:52.825323+00:00,5,7,12,1.5,-1.5,8.5,Loss
6c36be674cd46d59ac8a57a727b8a4ca,baseball,mlb,2026_04_17,07:10 PM,Miami Marlins,Milwaukee Brewers,total,under,8.5,under_total,-114.0,0.5846097965996864,0.0974254076520429,0.1110649647233289,0,823883,1,final,2026-08-30T13:46:52.825323+00:00,5,7,12,1.5,-1.5,8.5,Loss
6c36be674cd46d59ac8a57a727b8a4ca,baseball,mlb,2026_04_17,07:10 PM,Miami Marlins,Milwaukee Brewers,moneyline,away,,away_moneyline,-105.0,0.5239607752494959,0.022971037391873,0.0241195892614666,0,823883,1,final,2026-08-30T13:46:52.825323+00:00,5,7,12,1.5,-1.5,8.5,Win
7067ff8b35400b4b9c0c1b2cf807fe58,baseball,mlb,2026_04_17,06:40 PM,Philadelphia Phillies,Atlanta Braves,run_line,home,1.5,home_run_line,-172.0,0.818912425073777,0.2950243001166708,0.5074417962006736,0,823476,1,final,2026-08-30T13:46:52.825323+00:00,0,9,9,1.5,-1.5,9.5,Loss
7067ff8b35400b4b9c0c1b2cf807fe58,baseball,mlb,2026_04_17,06:40 PM,Philadelphia Phillies,Atlanta Braves,total,under,9.5,under_total,-107.0,0.6949495297411109,0.3444350715552334,0.3685455265640996,0,823476,1,final,2026-08-30T13:46:52.825323+00:00,0,9,9,1.5,-1.5,9.5,Win
7067ff8b35400b4b9c0c1b2cf807fe58,baseball,mlb,2026_04_17,06:40 PM,Philadelphia Phillies,Atlanta Braves,moneyline,home,,home_moneyline,-102.0,0.6653150252709018,0.3175846578894328,0.3239363510472214,0,823476,1,final,2026-08-30T13:46:52.825323+00:00,0,9,9,1.5,-1.5,9.5,Loss
72adcb72b594dcf90c1756f4f9358d4c,baseball,mlb,2026_04_17,06:45 PM,Washington Nationals,San Francisco Giants,run_line,home,1.5,home_run_line,-135.0,0.8288606706864345,0.4428315378615712,0.5978225761131212,0,822752,1,final,2026-08-30T13:46:52.825323+00:00,5,10,15,1.5,-1.5,8.0,Loss
72adcb72b594dcf90c1756f4f9358d4c,baseball,mlb,2026_04_17,06:45 PM,Washington Nationals,San Francisco Giants,total,over,8.0,over_total,-114.0,0.467961127023766,0.0164545472341473,0.0217612645442082,0,822752,1,final,2026-08-30T13:46:52.825323+00:00,5,10,15,1.5,-1.5,8.0,Win
72adcb72b594dcf90c1756f4f9358d4c,baseball,mlb,2026_04_17,06:45 PM,Washington Nationals,San Francisco Giants,moneyline,home,,home_moneyline,129.0,0.6840572937687718,0.5664912027304874,0.4391404672329359,0,822752,1,final,2026-08-30T13:46:52.825323+00:00,5,10,15,1.5,-1.5,8.0,Loss
7e51baba35f9e72d4028c265cbceb500,baseball,mlb,2026_04_17,08:10 PM,Minnesota Twins,Cincinnati Reds,run_line,home,-1.5,home_run_line,119.0,0.558807233826979,0.2237878420810841,0.1880570101521715,0,823720,1,final,2026-08-30T13:46:52.825323+00:00,1,2,3,-1.5,1.5,7.5,Loss
7e51baba35f9e72d4028c265cbceb500,baseball,mlb,2026_04_17,08:10 PM,Minnesota Twins,Cincinnati Reds,total,over,7.5,over_total,-114.0,0.6984666522134592,0.3111566980147393,0.3547186357368027,0,823720,1,final,2026-08-30T13:46:52.825323+00:00,1,2,3,-1.5,1.5,7.5,Loss
7e51baba35f9e72d4028c265cbceb500,baseball,mlb,2026_04_17,08:10 PM,Minnesota Twins,Cincinnati Reds,moneyline,home,,home_moneyline,-181.0,0.7705453953198157,0.1962610833418132,0.355232560848682,0,823720,1,final,2026-08-30T13:46:52.825323+00:00,1,2,3,-1.5,1.5,7.5,Loss
a1ab635fdacdca4f7d8f471d141a873f,baseball,mlb,2026_04_17,07:05 PM,New York Yankees,Kansas City Royals,run_line,home,-1.5,home_run_line,119.0,0.4649045046031215,0.0181408650808361,0.0152444244376773,0,823559,1,final,2026-08-30T13:46:52.825323+00:00,4,2,6,-1.5,1.5,8.5,Win
a1ab635fdacdca4f7d8f471d141a873f,baseball,mlb,2026_04_17,07:05 PM,New York Yankees,Kansas City Royals,moneyline,home,,home_moneyline,-192.0,0.6888122048230065,0.0475685615016561,0.0913316380831794,0,823559,1,final,2026-08-30T13:46:52.825323+00:00,4,2,6,-1.5,1.5,8.5,Win
e0edf79975e2cd47e757ea67749e43fd,baseball,mlb,2026_04_17,08:40 PM,Colorado Rockies,Los Angeles Dodgers,run_line,home,1.5,home_run_line,152.0,0.6747025838117463,0.7002505112056008,0.4606911257931583,0,824373,1,final,2026-08-30T13:46:52.825323+00:00,1,7,8,1.5,-1.5,9.5,Loss
e0edf79975e2cd47e757ea67749e43fd,baseball,mlb,2026_04_17,08:40 PM,Colorado Rockies,Los Angeles Dodgers,total,under,9.5,under_total,-114.0,0.6229421738010904,0.1693826771353802,0.1930962519343334,0,824373,1,final,2026-08-30T13:46:52.825323+00:00,1,7,8,1.5,-1.5,9.5,Win
e0edf79975e2cd47e757ea67749e43fd,baseball,mlb,2026_04_17,08:40 PM,Colorado Rockies,Los Angeles Dodgers,moneyline,home,,home_moneyline,244.0,0.4707071948082066,0.6192327501402306,0.2537839139918978,0,824373,1,final,2026-08-30T13:46:52.825323+00:00,1,7,8,1.5,-1.5,9.5,Loss
ed205a37de8d35d5fe44ef82f8644637,baseball,mlb,2026_04_17,09:40 PM,Arizona Diamondbacks,Toronto Blue Jays,run_line,away,1.5,away_run_line,-175.0,0.6931505003800429,0.0892365005972102,0.1561638760451179,0,825101,1,final,2026-08-30T13:46:52.825323+00:00,6,3,9,-1.5,1.5,9.0,Loss
ed205a37de8d35d5fe44ef82f8644637,baseball,mlb,2026_04_17,09:40 PM,Arizona Diamondbacks,Toronto Blue Jays,total,under,9.0,under_total,-121.0,0.6329812685071947,0.2750392714195422,0.3777210061668198,0,825101,1,final,2026-08-30T13:46:52.825323+00:00,6,3,9,-1.5,1.5,9.0,Push
ed205a37de8d35d5fe44ef82f8644637,baseball,mlb,2026_04_17,09:40 PM,Arizona Diamondbacks,Toronto Blue Jays,moneyline,away,,away_moneyline,119.0,0.4784227235232633,0.0477457645159467,0.040122491189871,0,825101,1,final,2026-08-30T13:46:52.825323+00:00,6,3,9,-1.5,1.5,9.0,Loss
f396e7f6c0d265d701a8b7123bbcee83,baseball,mlb,2026_04_17,07:15 PM,Boston Red Sox,Detroit Tigers,run_line,away,1.5,away_run_line,-192.0,0.7552399344137679,0.1485940669209389,0.2853006084882026,0,824778,1,final,2026-08-30T13:46:52.825323+00:00,1,0,1,-1.5,1.5,7.5,Win
f396e7f6c0d265d701a8b7123bbcee83,baseball,mlb,2026_04_17,07:15 PM,Boston Red Sox,Detroit Tigers,total,over,7.5,over_total,-117.0,0.7387127690142765,0.3700912040692138,0.4330067087609801,0,824778,1,final,2026-08-30T13:46:52.825323+00:00,1,0,1,-1.5,1.5,7.5,Loss
f396e7f6c0d265d701a8b7123bbcee83,baseball,mlb,2026_04_17,07:15 PM,Boston Red Sox,Detroit Tigers,moneyline,away,,away_moneyline,104.0,0.5884762412340451,0.200491532117452,0.1927803193437038,0,824778,1,final,2026-08-30T13:46:52.825323+00:00,1,0,1,-1.5,1.5,7.5,Loss
18200eb582e3bee33b38016accc8cc4e,baseball,mlb,2026_04_18,09:38 PM,Los Angeles Angels,San Diego Padres,run_line,away,-1.5,away_run_line,144.0,0.4734889270668013,0.155312982042995,0.1078562375298576,0,824049,1,final,2026-08-30T13:46:52.825323+00:00,1,4,5,1.5,-1.5,9.5,Win
18200eb582e3bee33b38016accc8cc4e,baseball,mlb,2026_04_18,09:38 PM,Los Angeles Angels,San Diego Padres,total,over,9.5,over_total,-114.0,0.5621867154289188,0.0553329570332337,0.0630795710178864,0,824049,1,final,2026-08-30T13:46:52.825323+00:00,1,4,5,1.5,-1.5,9.5,Loss
18200eb582e3bee33b38016accc8cc4e,baseball,mlb,2026_04_18,09:38 PM,Los Angeles Angels,San Diego Padres,moneyline,away,,away_moneyline,-109.0,0.6792729000657314,0.3024590469150263,0.3296803611373786,0,824049,1,final,2026-08-30T13:46:52.825323+00:00,1,4,5,1.5,-1.5,9.5,Win
23317fc37d8b970abb36b16450935fe2,baseball,mlb,2026_04_18,07:10 PM,Houston Astros,St Louis Cardinals,run_line,away,1.5,away_run_line,-163.0,0.7733904779355515,0.247863163785583,0.4040169569705004,0,,,final,2026-08-30T13:46:52.825323+00:00,5,7,12,,,,Win
23317fc37d8b970abb36b16450935fe2,baseball,mlb,2026_04_18,07:10 PM,Houston Astros,St Louis Cardinals,total,over,9.0,over_total,-105.0,0.4510142521933198,0.0116974567233234,0.0141362381205726,0,,,final,2026-08-30T13:46:52.825323+00:00,5,7,12,,,,Win
23317fc37d8b970abb36b16450935fe2,baseball,mlb,2026_04_18,07:10 PM,Houston Astros,St Louis Cardinals,moneyline,away,,away_moneyline,129.0,0.6109845114186913,0.3991545311488029,0.3094221171696147,0,,,final,2026-08-30T13:46:52.825323+00:00,5,7,12,,,,Win
2ea66f343279c5bb39b4cb87f04810e7,baseball,mlb,2026_04_18,02:20 PM,Chicago Cubs,New York Mets,run_line,home,1.5,home_run_line,-185.0,0.6560070317713071,0.0106054273233651,0.0196200405482253,0,824694,1,final,2026-08-30T13:46:52.825323+00:00,4,2,6,1.5,-1.5,8.5,Win
2ea66f343279c5bb39b4cb87f04810e7,baseball,mlb,2026_04_18,02:20 PM,Chicago Cubs,New York Mets,total,over,8.5,over_total,-105.0,0.5842333992389999,0.1406461604189997,0.1476784684399497,0,824694,1,final,2026-08-30T13:46:52.825323+00:00,4,2,6,1.5,-1.5,8.5,Loss
2ea66f343279c5bb39b4cb87f04810e7,baseball,mlb,2026_04_18,02:20 PM,Chicago Cubs,New York Mets,moneyline,away,,away_moneyline,-102.0,0.5447324265541151,0.0787838251365806,0.0803595016393124,0,824694,1,final,2026-08-30T13:46:52.825323+00:00,4,2,6,1.5,-1.5,8.5,Loss
38325b462bdab2c582eec8fa2fe82395,baseball,mlb,2026_04_18,06:10 PM,Cleveland Guardians,Baltimore Orioles,run_line,home,-1.5,home_run_line,159.0,0.4455262206327304,0.1539129114387716,0.0968005732319318,0,824451,1,final,2026-08-30T13:46:52.825323+00:00,4,2,6,-1.5,1.5,7.5,Win
38325b462bdab2c582eec8fa2fe82395,baseball,mlb,2026_04_18,06:10 PM,Cleveland Guardians,Baltimore Orioles,total,over,7.5,over_total,-102.0,0.7170718509040883,0.4200834694375079,0.4284851388262582,0,824451,1,final,2026-08-30T13:46:52.825323+00:00,4,2,6,-1.5,1.5,7.5,Loss
38325b462bdab2c582eec8fa2fe82395,baseball,mlb,2026_04_18,06:10 PM,Cleveland Guardians,Baltimore Orioles,moneyline,home,,home_moneyline,-135.0,0.6596731307115294,0.1483198942015511,0.2002318571720941,0,824451,1,final,2026-08-30T13:46:52.825323+00:00,4,2,6,-1.5,1.5,7.5,Win
53626d17dd82b37d118427fbbb6fda67,baseball,mlb,2026_04_18,04:10 PM,Boston Red Sox,Detroit Tigers,run_line,home,1.5,home_run_line,-121.0,0.5835702690810127,0.0658597476603624,0.0796902946690383,0,824775,1,final,2026-08-30T13:46:52.825323+00:00,1,4,5,1.5,-1.5,7.0,Loss
53626d17dd82b37d118427fbbb6fda67,baseball,mlb,2026_04_18,04:10 PM,Boston Red Sox,Detroit Tigers,total,over,7.0,over_total,-120.0,0.5873917392791743,0.2107964394775428,0.2920668637735459,0,824775,1,final,2026-08-30T13:46:52.825323+00:00,1,4,5,1.5,-1.5,7.0,Loss
53626d17dd82b37d118427fbbb6fda67,baseball,mlb,2026_04_18,04:10 PM,Boston Red Sox,Detroit Tigers,moneyline,away,,away_moneyline,-175.0,0.6432851928533819,0.010876731626743,0.0190342803468002,0,824775,1,final,2026-08-30T13:46:52.825323+00:00,1,4,5,1.5,-1.5,7.0,Win
6e5129c6e0fc6e1f6fcaff97e0a79ebc,baseball,mlb,2026_04_18,08:10 PM,Arizona Diamondbacks,Toronto Blue Jays,total,over,9.0,over_total,-105.0,0.5060673881437284,0.1162755974779066,0.1400491819653352,0,825098,1,final,2026-08-30T13:46:52.825323+00:00,6,2,8,1.5,-1.5,9.0,Loss
6e5129c6e0fc6e1f6fcaff97e0a79ebc,baseball,mlb,2026_04_18,08:10 PM,Arizona Diamondbacks,Toronto Blue Jays,moneyline,away,,away_moneyline,104.0,0.5889548932457914,0.2014679822214145,0.193719213674437,0,825098,1,final,2026-08-30T13:46:52.825323+00:00,6,2,8,1.5,-1.5,9.0,Loss
779cfb39de4fd07ffa6e5e9e2a7fec4d,baseball,mlb,2026_04_18,01:35 PM,New York Yankees,Kansas City Royals,total,over,8.0,over_total,-112.0,0.5423863271367292,0.1586319278024567,0.2046797781163216,0,823558,1,final,2026-08-30T13:46:52.825323+00:00,13,4,17,-1.5,1.5,8.0,Win
779cfb39de4fd07ffa6e5e9e2a7fec4d,baseball,mlb,2026_04_18,01:35 PM,New York Yankees,Kansas City Royals,moneyline,home,,home_moneyline,-175.0,0.6510621848468752,0.0230977190450896,0.0404210083289066,0,823558,1,final,2026-08-30T13:46:52.825323+00:00,13,4,17,-1.5,1.5,8.0,Win
912d3bf4c4f1b996c5903aa3b6e3bc2a,baseball,mlb,2026_04_18,07:15 PM,Philadelphia Phillies,Atlanta Braves,total,over,7.0,over_total,-117.0,0.731344985997022,0.4601379586519271,0.60065657947984,0,823474,1,final,2026-08-30T13:46:52.825323+00:00,1,3,4,-1.5,1.5,7.0,Loss
912d3bf4c4f1b996c5903aa3b6e3bc2a,baseball,mlb,2026_04_18,07:15 PM,Philadelphia Phillies,Atlanta Braves,moneyline,home,,home_moneyline,-131.0,0.5708011691146507,0.0065272524082771,0.0085507006548429,0,823474,1,final,2026-08-30T13:46:52.825323+00:00,1,3,4,-1.5,1.5,7.0,Loss
9b611b49a26ba77a07349b2b50bab4ad,baseball,mlb,2026_04_18,03:30 PM,Pittsburgh Pirates,Tampa Bay Rays,run_line,away,1.5,away_run_line,-156.0,0.719959764758451,0.1814724344754068,0.2830969977816346,0,823394,1,final,2026-08-30T13:46:52.825323+00:00,7,8,15,-1.5,1.5,7.0,Win
9b611b49a26ba77a07349b2b50bab4ad,baseball,mlb,2026_04_18,03:30 PM,Pittsburgh Pirates,Tampa Bay Rays,total,over,7.0,over_total,-117.0,0.7012910217236785,0.4119696752561166,0.5423609512587309,0,823394,1,final,2026-08-30T13:46:52.825323+00:00,7,8,15,-1.5,1.5,7.0,Win
9b611b49a26ba77a07349b2b50bab4ad,baseball,mlb,2026_04_18,03:30 PM,Pittsburgh Pirates,Tampa Bay Rays,moneyline,away,,away_moneyline,141.0,0.5361065918615936,0.2920168863864407,0.2071041747421564,0,823394,1,final,2026-08-30T13:46:52.825323+00:00,7,8,15,-1.5,1.5,7.0,Win
b4b4c5e63320cc913bd4ac9d7c447f23,baseball,mlb,2026_04_18,07:15 PM,Seattle Mariners,Texas Rangers,run_line,away,1.5,away_run_line,-181.0,0.7140593124984203,0.1085672199561109,0.1965066681205608,0,823151,1,final,2026-08-30T13:46:52.825323+00:00,7,3,10,-1.5,1.5,7.0,Loss
b4b4c5e63320cc913bd4ac9d7c447f23,baseball,mlb,2026_04_18,07:15 PM,Seattle Mariners,Texas Rangers,total,over,7.0,over_total,-117.0,0.7062130058900997,0.419904182757234,0.5520648929705373,0,823151,1,final,2026-08-30T13:46:52.825323+00:00,7,3,10,-1.5,1.5,7.0,Win
b4b4c5e63320cc913bd4ac9d7c447f23,baseball,mlb,2026_04_18,07:15 PM,Seattle Mariners,Texas Rangers,moneyline,away,,away_moneyline,123.0,0.5287975278746766,0.1792184871605289,0.1457060871223811,0,823151,1,final,2026-08-30T13:46:52.825323+00:00,7,3,10,-1.5,1.5,7.0,Loss
c3b12d49874633d7b722325998bebdd3,baseball,mlb,2026_04_18,04:05 PM,Athletics,Chicago White Sox,run_line,away,1.5,away_run_line,-149.0,0.7814112023080588,0.3058482508369573,0.4557138937470664,0,,,final,2026-08-30T13:46:52.825323+00:00,7,6,13,,,,Win
c3b12d49874633d7b722325998bebdd3,baseball,mlb,2026_04_18,04:05 PM,Athletics,Chicago White Sox,moneyline,away,,away_moneyline,135.0,0.6275283695908728,0.4746916685385511,0.3516234581767045,0,,,final,2026-08-30T13:46:52.825323+00:00,7,6,13,,,,Loss
de78c77cca84245548d38b8c40c65391,baseball,mlb,2026_04_18,08:10 PM,Colorado Rockies,Los Angeles Dodgers,run_line,home,1.5,home_run_line,159.0,0.6390876407363858,0.6552369895072392,0.4120987355391441,0,824372,1,final,2026-08-30T13:46:52.825323+00:00,4,3,7,1.5,-1.5,11.5,Win
de78c77cca84245548d38b8c40c65391,baseball,mlb,2026_04_18,08:10 PM,Colorado Rockies,Los Angeles Dodgers,total,under,11.5,under_total,-117.0,0.8789263775965722,0.6301455037474888,0.7372702393845619,0,824372,1,final,2026-08-30T13:46:52.825323+00:00,4,3,7,1.5,-1.5,11.5,Win
de78c77cca84245548d38b8c40c65391,baseball,mlb,2026_04_18,08:10 PM,Colorado Rockies,Los Angeles Dodgers,moneyline,home,,home_moneyline,244.0,0.4177013381453466,0.4368926032199922,0.1790543455819641,0,824372,1,final,2026-08-30T13:46:52.825323+00:00,4,3,7,1.5,-1.5,11.5,Win
e2145c6f89c91d068baad1ef60cb1205,baseball,mlb,2026_04_18,02:10 PM,Minnesota Twins,Cincinnati Reds,run_line,away,1.5,away_run_line,-181.0,0.7252133005285286,0.125883632312246,0.2278493744851653,0,823721,1,final,2026-08-30T13:46:52.825323+00:00,4,5,9,-1.5,1.5,8.0,Win
e2145c6f89c91d068baad1ef60cb1205,baseball,mlb,2026_04_18,02:10 PM,Minnesota Twins,Cincinnati Reds,total,over,8.0,over_total,-105.0,0.5745289847964399,0.2497628705592463,0.3007684518820117,0,823721,1,final,2026-08-30T13:46:52.825323+00:00,4,5,9,-1.5,1.5,8.0,Win
e2145c6f89c91d068baad1ef60cb1205,baseball,mlb,2026_04_18,02:10 PM,Minnesota Twins,Cincinnati Reds,moneyline,away,,away_moneyline,112.0,0.54330653140176,0.1518098465717312,0.1355445058676171,0,823721,1,final,2026-08-30T13:46:52.825323+00:00,4,5,9,-1.5,1.5,8.0,Win
f191de07e9e709e1723e5815840236c0,baseball,mlb,2026_04_18,04:10 PM,Miami Marlins,Milwaukee Brewers,run_line,home,1.5,home_run_line,-181.0,0.7180024127279221,0.114688828599702,0.207586779765461,0,823882,1,final,2026-08-30T13:46:52.825323+00:00,2,5,7,1.5,-1.5,7.5,Loss
f191de07e9e709e1723e5815840236c0,baseball,mlb,2026_04_18,04:10 PM,Miami Marlins,Milwaukee Brewers,total,over,7.5,over_total,-107.0,0.5786398512562415,0.1194247589723552,0.1277844921004201,0,823882,1,final,2026-08-30T13:46:52.825323+00:00,2,5,7,1.5,-1.5,7.5,Loss
ff3a4cea8f327d320fac1af61a34e8c3,baseball,mlb,2026_04_18,04:05 PM,Washington Nationals,San Francisco Giants,total,over,9.5,over_total,-114.0,0.5471943627312736,0.0271894177587067,0.0309959362449257,0,822751,1,final,2026-08-30T13:46:52.825323+00:00,6,7,13,1.5,-1.5,9.5,Win
ff3a4cea8f327d320fac1af61a34e8c3,baseball,mlb,2026_04_18,04:05 PM,Washington Nationals,San Francisco Giants,moneyline,away,,away_moneyline,-117.0,0.6049267441373901,0.1219581493830226,0.1426910347781366,0,822751,1,final,2026-08-30T13:46:52.825323+00:00,6,7,13,1.5,-1.5,9.5,Win
045dc8de81396e0de88fa0884e58750f,baseball,mlb,2026_04_19,02:10 PM,Houston Astros,St Louis Cardinals,run_line,away,1.5,away_run_line,-163.0,0.7780376652897056,0.2553613863263348,0.4162390597119258,0,,,final,2026-08-30T13:46:52.825323+00:00,5,7,12,,,,Win
045dc8de81396e0de88fa0884e58750f,baseball,mlb,2026_04_19,02:10 PM,Houston Astros,St Louis Cardinals,total,over,8.5,over_total,-114.0,0.5999982343634367,0.1263124750331181,0.1439962215377547,0,,,final,2026-08-30T13:46:52.825323+00:00,5,7,12,,,,Win
045dc8de81396e0de88fa0884e58750f,baseball,mlb,2026_04_19,02:10 PM,Houston Astros,St Louis Cardinals,moneyline,away,,away_moneyline,123.0,0.6192392883476376,0.3809036130152319,0.3096777341587251,0,,,final,2026-08-30T13:46:52.825323+00:00,5,7,12,,,,Win
0d7765b227447b5fb746d1178be90177,baseball,mlb,2026_04_19,07:20 PM,Philadelphia Phillies,Atlanta Braves,run_line,away,-1.5,away_run_line,154.0,0.4134192406711352,0.0500848713046835,0.0325226437043399,0,823475,1,final,2026-08-30T13:46:52.825323+00:00,2,4,6,1.5,-1.5,8.0,Win
0d7765b227447b5fb746d1178be90177,baseball,mlb,2026_04_19,07:20 PM,Philadelphia Phillies,Atlanta Braves,total,over,8.0,over_total,-113.0,0.4925038916266542,0.0648403587645776,0.0848511329991101,0,823475,1,final,2026-08-30T13:46:52.825323+00:00,2,4,6,1.5,-1.5,8.0,Loss
0d7765b227447b5fb746d1178be90177,baseball,mlb,2026_04_19,07:20 PM,Philadelphia Phillies,Atlanta Braves,moneyline,away,,away_moneyline,100.0,0.635194825873792,0.2703896517475839,0.2703896517475839,0,823475,1,final,2026-08-30T13:46:52.825323+00:00,2,4,6,1.5,-1.5,8.0,Win
0e8cd1402139869a8535c9d0d09acb45,baseball,mlb,2026_04_19,04:10 PM,Arizona Diamondbacks,Toronto Blue Jays,run_line,home,1.5,home_run_line,-185.0,0.7130777485211658,0.0985251801542284,0.1822715832853225,0,825100,1,final,2026-08-30T13:46:52.825323+00:00,4,10,14,1.5,-1.5,8.0,Loss
0e8cd1402139869a8535c9d0d09acb45,baseball,mlb,2026_04_19,04:10 PM,Arizona Diamondbacks,Toronto Blue Jays,total,under,8.0,under_total,-107.0,0.5041002190606736,0.1136535775779969,0.1411487889529168,0,825100,1,final,2026-08-30T13:46:52.825323+00:00,4,10,14,1.5,-1.5,8.0,Loss
1048fb9b5524c70651232a93456ec26c,baseball,mlb,2026_04_19,01:35 PM,Washington Nationals,San Francisco Giants,total,over,8.0,over_total,-117.0,0.581136513278413,0.2049999173443952,0.274794260986324,0,822750,1,final,2026-08-30T13:46:52.825323+00:00,3,0,3,1.5,-1.5,8.0,Loss
1048fb9b5524c70651232a93456ec26c,baseball,mlb,2026_04_19,01:35 PM,Washington Nationals,San Francisco Giants,moneyline,away,,away_moneyline,-156.0,0.6619351569827439,0.0862525653050154,0.1345540018758242,0,822750,1,final,2026-08-30T13:46:52.825323+00:00,3,0,3,1.5,-1.5,8.0,Loss
22dc10f0ffdfd73bd79c7bdf5266e95f,baseball,mlb,2026_04_19,04:10 PM,Seattle Mariners,Texas Rangers,run_line,home,-1.5,home_run_line,149.0,0.532735972373936,0.3265125712111008,0.2191359538329535,0,823150,1,final,2026-08-30T13:46:52.825323+00:00,5,2,7,-1.5,1.5,7.0,Win
22dc10f0ffdfd73bd79c7bdf5266e95f,baseball,mlb,2026_04_19,04:10 PM,Seattle Mariners,Texas Rangers,total,over,7.0,over_total,-112.0,0.6972737093207633,0.43208563864501,0.5451239637294841,0,823150,1,final,2026-08-30T13:46:52.825323+00:00,5,2,7,-1.5,1.5,7.0,Push
22dc10f0ffdfd73bd79c7bdf5266e95f,baseball,mlb,2026_04_19,04:10 PM,Seattle Mariners,Texas Rangers,moneyline,home,,home_moneyline,-149.0,0.7474994067241979,0.2491768609015119,0.3712735227432528,0,823150,1,final,2026-08-30T13:46:52.825323+00:00,5,2,7,-1.5,1.5,7.0,Win
4c4e3a56911954f45c048e7f6a7f4822,baseball,mlb,2026_04_19,01:40 PM,Cleveland Guardians,Baltimore Orioles,run_line,home,1.5,home_run_line,-200.0,0.7785920490239802,0.1678880735359702,0.3357761470719405,0,824452,1,final,2026-08-30T13:46:52.825323+00:00,8,4,12,1.5,-1.5,7.0,Win
4c4e3a56911954f45c048e7f6a7f4822,baseball,mlb,2026_04_19,01:40 PM,Cleveland Guardians,Baltimore Orioles,total,over,7.0,over_total,-105.0,0.7106924980578334,0.4965302845034148,0.5851286793601803,0,824452,1,final,2026-08-30T13:46:52.825323+00:00,8,4,12,1.5,-1.5,7.0,Win
4c4e3a56911954f45c048e7f6a7f4822,baseball,mlb,2026_04_19,01:40 PM,Cleveland Guardians,Baltimore Orioles,moneyline,home,,home_moneyline,-117.0,0.6186172710718957,0.1473499813897552,0.1723994782260137,0,824452,1,final,2026-08-30T13:46:52.825323+00:00,8,4,12,1.5,-1.5,7.0,Win
6d654c503d52995cf1547c4bc56ba827,baseball,mlb,2026_04_19,02:20 PM,Chicago Cubs,New York Mets,run_line,away,1.5,away_run_line,-192.0,0.7915531896311429,0.2038204758973634,0.3913353137229373,0,824691,1,final,2026-08-30T13:46:52.825323+00:00,2,1,3,-1.5,1.5,8.5,Win
6d654c503d52995cf1547c4bc56ba827,baseball,mlb,2026_04_19,02:20 PM,Chicago Cubs,New York Mets,total,under,8.5,under_total,-114.0,0.6346289742818341,0.1913210569851973,0.2181060049631249,0,824691,1,final,2026-08-30T13:46:52.825323+00:00,2,1,3,-1.5,1.5,8.5,Win
6d654c503d52995cf1547c4bc56ba827,baseball,mlb,2026_04_19,02:20 PM,Chicago Cubs,New York Mets,moneyline,away,,away_moneyline,112.0,0.6167038752472818,0.3074122155242373,0.2744751924323547,0,824691,1,final,2026-08-30T13:46:52.825323+00:00,2,1,3,-1.5,1.5,8.5,Loss
72f3eee98d3f21414ef8f55962b0364f,baseball,mlb,2026_04_19,03:10 PM,Colorado Rockies,Los Angeles Dodgers,run_line,home,1.5,home_run_line,159.0,0.6314799425716293,0.6355330512605197,0.3997063215474967,0,824371,1,final,2026-08-30T13:46:52.825323+00:00,9,6,15,1.5,-1.5,11.5,Win
72f3eee98d3f21414ef8f55962b0364f,baseball,mlb,2026_04_19,03:10 PM,Colorado Rockies,Los Angeles Dodgers,total,under,11.5,under_total,-107.0,0.8415572569785024,0.6280593663042058,0.6720235219455,0,824371,1,final,2026-08-30T13:46:52.825323+00:00,9,6,15,1.5,-1.5,11.5,Loss
72f3eee98d3f21414ef8f55962b0364f,baseball,mlb,2026_04_19,03:10 PM,Colorado Rockies,Los Angeles Dodgers,moneyline,home,,home_moneyline,238.0,0.4157044784368531,0.4050811371165634,0.1702021584523376,0,824371,1,final,2026-08-30T13:46:52.825323+00:00,9,6,15,1.5,-1.5,11.5,Win
77c097e15cdac31a63aa34c4a10c9c91,baseball,mlb,2026_04_19,04:35 PM,Boston Red Sox,Detroit Tigers,run_line,away,1.5,away_run_line,-192.0,0.7758254261431108,0.1799011689259813,0.3454102443378838,0,824777,1,final,2026-08-30T13:46:52.825323+00:00,2,6,8,-1.5,1.5,7.0,Win
77c097e15cdac31a63aa34c4a10c9c91,baseball,mlb,2026_04_19,04:35 PM,Boston Red Sox,Detroit Tigers,total,over,7.0,over_total,-109.0,0.5700826676769024,0.2295937149564148,0.289817003844021,0,824777,1,final,2026-08-30T13:46:52.825323+00:00,2,6,8,-1.5,1.5,7.0,Win
77c097e15cdac31a63aa34c4a10c9c91,baseball,mlb,2026_04_19,04:35 PM,Boston Red Sox,Detroit Tigers,moneyline,away,,away_moneyline,119.0,0.6002211605553734,0.3144843416162677,0.264272555980057,0,824777,1,final,2026-08-30T13:46:52.825323+00:00,2,6,8,-1.5,1.5,7.0,Win
9ac64069558fef330a70fa14356058dc,baseball,mlb,2026_04_19,01:40 PM,Miami Marlins,Milwaukee Brewers,run_line,home,1.5,home_run_line,-163.0,0.7174566141139295,0.1576140460856654,0.2569108951196345,0,823881,1,final,2026-08-30T13:46:52.825323+00:00,5,3,8,1.5,-1.5,8.0,Win
9ac64069558fef330a70fa14356058dc,baseball,mlb,2026_04_19,01:40 PM,Miami Marlins,Milwaukee Brewers,total,under,8.0,under_total,-117.0,0.556219848622895,0.1665524589476713,0.2252610876073001,0,823881,1,final,2026-08-30T13:46:52.825323+00:00,5,3,8,1.5,-1.5,8.0,Push
9ac64069558fef330a70fa14356058dc,baseball,mlb,2026_04_19,01:40 PM,Miami Marlins,Milwaukee Brewers,moneyline,home,,home_moneyline,102.0,0.5032028869331421,0.0164698316049469,0.0161468937303401,0,823881,1,final,2026-08-30T13:46:52.825323+00:00,5,3,8,1.5,-1.5,8.0,Win
bc5456b82441dbb9bd569ac5bfd0ab07,baseball,mlb,2026_04_19,04:20 PM,New York Yankees,Kansas City Royals,run_line,home,-1.5,home_run_line,139.0,0.6137496992450597,0.4668617811956927,0.3358717850328725,0,823556,1,final,2026-08-30T13:46:52.825323+00:00,7,0,7,-1.5,1.5,7.5,Win
bc5456b82441dbb9bd569ac5bfd0ab07,baseball,mlb,2026_04_19,04:20 PM,New York Yankees,Kansas City Royals,total,over,7.5,over_total,-117.0,0.695381362962773,0.2897244082301005,0.3389775576292176,0,823556,1,final,2026-08-30T13:46:52.825323+00:00,7,0,7,-1.5,1.5,7.5,Loss
bc5456b82441dbb9bd569ac5bfd0ab07,baseball,mlb,2026_04_19,04:20 PM,New York Yankees,Kansas City Royals,moneyline,home,,home_moneyline,-156.0,0.8161401094574857,0.3393068462892072,0.5293186802111634,0,823556,1,final,2026-08-30T13:46:52.825323+00:00,7,0,7,-1.5,1.5,7.5,Win
bf75db04c73633ad4f6241bd5ae2d3eb,baseball,mlb,2026_04_19,04:05 PM,Athletics,Chicago White Sox,run_line,away,1.5,away_run_line,-156.0,0.8422210120285762,0.3821062761494584,0.596085790793155,0,,,final,2026-08-30T13:46:52.825323+00:00,4,7,11,,,,Win
bf75db04c73633ad4f6241bd5ae2d3eb,baseball,mlb,2026_04_19,04:05 PM,Athletics,Chicago White Sox,total,over,9.0,over_total,-120.0,0.7304000178403924,0.4329703217193949,0.5734096271393511,0,,,final,2026-08-30T13:46:52.825323+00:00,4,7,11,,,,Win
bf75db04c73633ad4f6241bd5ae2d3eb,baseball,mlb,2026_04_19,04:05 PM,Athletics,Chicago White Sox,moneyline,away,,away_moneyline,129.0,0.7324167113150573,0.6772342689114812,0.5249878053577374,0,,,final,2026-08-30T13:46:52.825323+00:00,4,7,11,,,,Win
d97433d24ce14d05b02b695c3cb6d537,baseball,mlb,2026_04_19,01:35 PM,Pittsburgh Pirates,Tampa Bay Rays,run_line,home,1.5,home_run_line,-178.0,0.6439486675745961,0.0057175819423467,0.0101772958573772,0,823393,1,final,2026-08-30T13:46:52.825323+00:00,6,3,9,1.5,-1.5,7.5,Win
d97433d24ce14d05b02b695c3cb6d537,baseball,mlb,2026_04_19,01:35 PM,Pittsburgh Pirates,Tampa Bay Rays,total,over,7.5,over_total,-112.0,0.7428016479682877,0.4060174050828303,0.4547394936927699,0,823393,1,final,2026-08-30T13:46:52.825323+00:00,6,3,9,1.5,-1.5,7.5,Win
d97433d24ce14d05b02b695c3cb6d537,baseball,mlb,2026_04_19,01:35 PM,Pittsburgh Pirates,Tampa Bay Rays,moneyline,away,,away_moneyline,-107.0,0.5555691908291273,0.0747927336600875,0.0800282250162936,0,823393,1,final,2026-08-30T13:46:52.825323+00:00,6,3,9,1.5,-1.5,7.5,Loss
de5baa6a9b1b0c7a10c628770ffff6ff,baseball,mlb,2026_04_19,02:10 PM,Minnesota Twins,Cincinnati Reds,total,over,8.0,over_total,-107.0,0.4925961098634659,0.0894520454297517,0.1108420474108891,0,823718,1,final,2026-08-30T13:46:52.825323+00:00,4,7,11,-1.5,1.5,8.0,Win
de5baa6a9b1b0c7a10c628770ffff6ff,baseball,mlb,2026_04_19,02:10 PM,Minnesota Twins,Cincinnati Reds,moneyline,home,,home_moneyline,-126.0,0.5729616216842751,0.0276930674654456,0.0348932650064616,0,823718,1,final,2026-08-30T13:46:52.825323+00:00,4,7,11,-1.5,1.5,8.0,Loss
e1d026d4b97697ac7e0862b37a1e26a5,baseball,mlb,2026_04_19,04:07 PM,Los Angeles Angels,San Diego Padres,run_line,home,1.5,home_run_line,-172.0,0.7336944345434953,0.1602609662548297,0.2756488619583072,0,824047,1,final,2026-08-30T13:46:52.825323+00:00,1,2,3,1.5,-1.5,8.5,Win
e1d026d4b97697ac7e0862b37a1e26a5,baseball,mlb,2026_04_19,04:07 PM,Los Angeles Angels,San Diego Padres,total,under,8.5,under_total,-109.0,0.6460098359628674,0.2386794102407275,0.260160557162393,0,824047,1,final,2026-08-30T13:46:52.825323+00:00,1,2,3,1.5,-1.5,8.5,Win
e1d026d4b97697ac7e0862b37a1e26a5,baseball,mlb,2026_04_19,04:07 PM,Los Angeles Angels,San Diego Padres,moneyline,home,,home_moneyline,-105.0,0.5314475203431469,0.0375880159080486,0.0394674167034511,0,824047,1,final,2026-08-30T13:46:52.825323+00:00,1,2,3,1.5,-1.5,8.5,Loss
043dafafb56c1b3ebf5472c9f3fe428f,baseball,mlb,2026_04_20,09:38 PM,Los Angeles Angels,Toronto Blue Jays,run_line,away,-1.5,away_run_line,135.0,0.4264024005452853,0.0020456412814204,0.0015152898380892,0,824046,1,final,2026-08-30T13:46:52.825323+00:00,2,5,7,1.5,-1.5,7.5,Win
043dafafb56c1b3ebf5472c9f3fe428f,baseball,mlb,2026_04_20,09:38 PM,Los Angeles Angels,Toronto Blue Jays,total,over,7.5,over_total,-117.0,0.5942888247520974,0.1022279912068817,0.1196067497120515,0,824046,1,final,2026-08-30T13:46:52.825323+00:00,2,5,7,1.5,-1.5,7.5,Loss
043dafafb56c1b3ebf5472c9f3fe428f,baseball,mlb,2026_04_20,09:38 PM,Los Angeles Angels,Toronto Blue Jays,moneyline,away,,away_moneyline,-126.0,0.6533442882941068,0.1718715012259375,0.2165580915446813,0,824046,1,final,2026-08-30T13:46:52.825323+00:00,2,5,7,1.5,-1.5,7.5,Win
0d70750c31542bcfe935969cb9ccc66e,baseball,mlb,2026_04_20,07:40 PM,Chicago Cubs,Philadelphia Phillies,run_line,home,1.5,home_run_line,-175.0,0.6839504343597838,0.0747792539939458,0.1308636944894052,0,824692,1,final,2026-08-30T13:46:52.825323+00:00,5,1,6,1.5,-1.5,7.5,Win
0e45c1c07e2b9a60ebf70c74f0180cb6,baseball,mlb,2026_04_20,11:10 AM,Boston Red Sox,Detroit Tigers,run_line,away,1.5,away_run_line,-175.0,0.8060916600524926,0.2667154657967741,0.4667520651443544,0,824776,1,final,2026-08-30T13:46:52.825323+00:00,8,6,14,-1.5,1.5,8.0,Loss
0e45c1c07e2b9a60ebf70c74f0180cb6,baseball,mlb,2026_04_20,11:10 AM,Boston Red Sox,Detroit Tigers,total,under,8.0,under_total,-117.0,0.4868543792804288,0.0420462583779828,0.0571411423918724,0,824776,1,final,2026-08-30T13:46:52.825323+00:00,8,6,14,-1.5,1.5,8.0,Loss
0e45c1c07e2b9a60ebf70c74f0180cb6,baseball,mlb,2026_04_20,11:10 AM,Boston Red Sox,Detroit Tigers,moneyline,away,,away_moneyline,119.0,0.6398260069193251,0.401218955153322,0.3371587858431277,0,824776,1,final,2026-08-30T13:46:52.825323+00:00,8,6,14,-1.5,1.5,8.0,Loss
253e6890f41456a41767494219509d9b,baseball,mlb,2026_04_20,09:40 PM,Seattle Mariners,Athletics,run_line,home,-1.5,home_run_line,129.0,0.7331114520568943,0.678825225210288,0.5262211048141767,0,,,final,2026-08-30T13:46:52.825323+00:00,4,6,10,,,,Loss
253e6890f41456a41767494219509d9b,baseball,mlb,2026_04_20,09:40 PM,Seattle Mariners,Athletics,total,over,8.0,over_total,-114.0,0.5571544058846877,0.1761577197366278,0.2308993812780023,0,,,final,2026-08-30T13:46:52.825323+00:00,4,6,10,,,,Win
253e6890f41456a41767494219509d9b,baseball,mlb,2026_04_20,09:40 PM,Seattle Mariners,Athletics,moneyline,home,,home_moneyline,-163.0,0.89898509490919,0.4505096930129875,0.7343307996111696,0,,,final,2026-08-30T13:46:52.825323+00:00,4,6,10,,,,Loss
4e58a660bb4f20467d3e4261ec9f47ba,baseball,mlb,2026_04_20,08:40 PM,Colorado Rockies,Los Angeles Dodgers,run_line,home,1.5,home_run_line,149.0,0.6142049004342955,0.529370202081396,0.3552820148197289,0,824370,1,final,2026-08-30T13:46:52.825323+00:00,3,12,15,1.5,-1.5,11.5,Loss
4e58a660bb4f20467d3e4261ec9f47ba,baseball,mlb,2026_04_20,08:40 PM,Colorado Rockies,Los Angeles Dodgers,total,under,11.5,under_total,-114.0,0.7694175117468849,0.4443451536301173,0.5065534751383337,0,824370,1,final,2026-08-30T13:46:52.825323+00:00,3,12,15,1.5,-1.5,11.5,Loss
4e58a660bb4f20467d3e4261ec9f47ba,baseball,mlb,2026_04_20,08:40 PM,Colorado Rockies,Los Angeles Dodgers,moneyline,home,,home_moneyline,214.0,0.4058713872933396,0.2744361561010864,0.1282411944397599,0,824370,1,final,2026-08-30T13:46:52.825323+00:00,3,12,15,1.5,-1.5,11.5,Loss
6a0b76ac89fd72cc8272b53212004e44,baseball,mlb,2026_04_20,07:40 PM,Kansas City Royals,Baltimore Orioles,run_line,home,1.5,home_run_line,-163.0,0.7877436391269386,0.2710219453397844,0.4417657709038484,0,824125,1,final,2026-08-30T13:46:52.825323+00:00,5,7,12,1.5,-1.5,9.0,Loss
6a0b76ac89fd72cc8272b53212004e44,baseball,mlb,2026_04_20,07:40 PM,Kansas City Royals,Baltimore Orioles,total,under,9.0,under_total,-114.0,0.4631345648433284,0.0011250397420706,0.001477130829481,0,824125,1,final,2026-08-30T13:46:52.825323+00:00,5,7,12,1.5,-1.5,9.0,Loss
6a0b76ac89fd72cc8272b53212004e44,baseball,mlb,2026_04_20,07:40 PM,Kansas City Royals,Baltimore Orioles,moneyline,home,,home_moneyline,-102.0,0.6277579997062166,0.2432070190260364,0.2480711594065574,0,824125,1,final,2026-08-30T13:46:52.825323+00:00,5,7,12,1.5,-1.5,9.0,Loss
6e7862ded6af1d5c6d82f19895ccd191,baseball,mlb,2026_04_20,06:45 PM,Washington Nationals,Atlanta Braves,total,over,8.0,over_total,-114.0,0.5132376809590486,0.0982923224115907,0.1295182902663228,0,822749,1,final,2026-08-30T13:46:52.825323+00:00,4,9,13,1.5,-1.5,8.0,Win
6e7862ded6af1d5c6d82f19895ccd191,baseball,mlb,2026_04_20,06:45 PM,Washington Nationals,Atlanta Braves,moneyline,away,,away_moneyline,-172.0,0.7161920392172296,0.1325827596923632,0.2280423466708646,0,822749,1,final,2026-08-30T13:46:52.825323+00:00,4,9,13,1.5,-1.5,8.0,Win
8b84f5c8a8eec852cbc8ab761818b5dc,baseball,mlb,2026_04_20,06:10 PM,Cleveland Guardians,Houston Astros,run_line,home,1.5,home_run_line,-196.0,0.7479411629136427,0.1295437970532562,0.2539058422243821,0,824450,1,final,2026-08-30T13:46:52.825323+00:00,2,9,11,1.5,-1.5,7.5,Loss
8b84f5c8a8eec852cbc8ab761818b5dc,baseball,mlb,2026_04_20,06:10 PM,Cleveland Guardians,Houston Astros,total,over,7.5,over_total,-114.0,0.890282648238166,0.6712323396751538,0.7652048672296753,0,824450,1,final,2026-08-30T13:46:52.825323+00:00,2,9,11,1.5,-1.5,7.5,Win
8b84f5c8a8eec852cbc8ab761818b5dc,baseball,mlb,2026_04_20,06:10 PM,Cleveland Guardians,Houston Astros,moneyline,home,,home_moneyline,-117.0,0.5975169506057401,0.1082151989867146,0.1266117828144559,0,824450,1,final,2026-08-30T13:46:52.825323+00:00,2,9,11,1.5,-1.5,7.5,Loss
e50158ffe72f093d4037185c9d31a5eb,baseball,mlb,2026_04_20,06:40 PM,Miami Marlins,St Louis Cardinals,run_line,away,1.5,away_run_line,-185.0,0.659705533106606,0.0163031185696362,0.030160769353827,0,,,final,2026-08-30T13:46:52.825323+00:00,5,3,8,,,,Loss
e50158ffe72f093d4037185c9d31a5eb,baseball,mlb,2026_04_20,06:40 PM,Miami Marlins,St Louis Cardinals,total,under,8.0,under_total,-114.0,0.5323077198762711,0.1360685176155948,0.1797062780554933,0,,,final,2026-08-30T13:46:52.825323+00:00,5,3,8,,,,Push
eaa622d11f4b04e532bbea382e56ca52,baseball,mlb,2026_04_20,06:40 PM,Tampa Bay Rays,Cincinnati Reds,run_line,home,1.5,home_run_line,-192.0,0.747547775394143,0.1368955750785927,0.2628395041508977,0,822994,1,final,2026-08-30T13:46:52.825323+00:00,1,6,7,1.5,-1.5,8.0,Loss
eaa622d11f4b04e532bbea382e56ca52,baseball,mlb,2026_04_20,06:40 PM,Tampa Bay Rays,Cincinnati Reds,total,under,8.0,under_total,-114.0,0.5427121003478947,0.1548353263028629,0.204310794622722,0,822994,1,final,2026-08-30T13:46:52.825323+00:00,1,6,7,1.5,-1.5,8.0,Win
eaa622d11f4b04e532bbea382e56ca52,baseball,mlb,2026_04_20,06:40 PM,Tampa Bay Rays,Cincinnati Reds,moneyline,home,,home_moneyline,-114.0,0.5467891726396961,0.0264287977622366,0.0301288294489496,0,822994,1,final,2026-08-30T13:46:52.825323+00:00,1,6,7,1.5,-1.5,8.0,Loss
0438fd942a9f1f07557cef989b1a4e4d,baseball,mlb,2026_04_21,09:45 PM,San Francisco Giants,Los Angeles Dodgers,run_line,home,1.5,home_run_line,-112.0,0.7446570105442805,0.4095293413873879,0.4586728623538745,0,823236,1,final,2026-08-30T13:46:52.825323+00:00,3,1,4,1.5,-1.5,7.0,Win
0438fd942a9f1f07557cef989b1a4e4d,baseball,mlb,2026_04_21,09:45 PM,San Francisco Giants,Los Angeles Dodgers,total,over,7.0,over_total,-117.0,0.6821248007580356,0.3809020263856545,0.5040008107302218,0,823236,1,final,2026-08-30T13:46:52.825323+00:00,3,1,4,1.5,-1.5,7.0,Loss
0438fd942a9f1f07557cef989b1a4e4d,baseball,mlb,2026_04_21,09:45 PM,San Francisco Giants,Los Angeles Dodgers,moneyline,home,,home_moneyline,152.0,0.5676261999378006,0.4304180238432575,0.2831697525284589,0,823236,1,final,2026-08-30T13:46:52.825323+00:00,3,1,4,1.5,-1.5,7.0,Win
0567a988f9302cca0e4d8ef6eeb73371,baseball,mlb,2026_04_21,08:40 PM,Colorado Rockies,San Diego Padres,run_line,away,-1.5,away_run_line,104.0,0.6148815780763882,0.2543584192758319,0.2445754031498384,0,824369,1,final,2026-08-30T13:46:52.825323+00:00,0,1,1,1.5,-1.5,11.0,Loss
0567a988f9302cca0e4d8ef6eeb73371,baseball,mlb,2026_04_21,08:40 PM,Colorado Rockies,San Diego Padres,total,under,11.0,under_total,-109.0,0.606878561181101,0.2750105830766789,0.3373272036365343,0,824369,1,final,2026-08-30T13:46:52.825323+00:00,0,1,1,1.5,-1.5,11.0,Win
0567a988f9302cca0e4d8ef6eeb73371,baseball,mlb,2026_04_21,08:40 PM,Colorado Rockies,San Diego Padres,moneyline,away,,away_moneyline,-142.0,0.8106532033914952,0.3815357409911395,0.5417807522074183,0,824369,1,final,2026-08-30T13:46:52.825323+00:00,0,1,1,1.5,-1.5,11.0,Win
1d3c338edb1851414b920c5e62833c42,baseball,mlb,2026_04_21,06:40 PM,Tampa Bay Rays,Cincinnati Reds,run_line,away,-1.5,away_run_line,149.0,0.4858461540662753,0.2097569236250256,0.140776458808742,0,822995,1,final,2026-08-30T13:46:52.825323+00:00,6,12,18,1.5,-1.5,7.5,Win
1d3c338edb1851414b920c5e62833c42,baseball,mlb,2026_04_21,06:40 PM,Tampa Bay Rays,Cincinnati Reds,total,over,7.5,over_total,100.0,0.8285436023401822,0.6570872046803645,0.6570872046803646,0,822995,1,final,2026-08-30T13:46:52.825323+00:00,6,12,18,1.5,-1.5,7.5,Win
1d3c338edb1851414b920c5e62833c42,baseball,mlb,2026_04_21,06:40 PM,Tampa Bay Rays,Cincinnati Reds,moneyline,away,,away_moneyline,-112.0,0.6871996866021629,0.3007708353540941,0.3368633355965852,0,822995,1,final,2026-08-30T13:46:52.825323+00:00,6,12,18,1.5,-1.5,7.5,Win
4e1d939bfe81862d61aca2a33e9f716c,baseball,mlb,2026_04_21,09:38 PM,Los Angeles Angels,Toronto Blue Jays,total,under,9.5,under_total,-121.0,0.7958841892356696,0.4536397175296118,0.5489040582108302,0,824045,1,final,2026-08-30T13:46:52.825323+00:00,2,4,6,1.5,-1.5,9.5,Win
4e1d939bfe81862d61aca2a33e9f716c,baseball,mlb,2026_04_21,09:38 PM,Los Angeles Angels,Toronto Blue Jays,moneyline,away,,away_moneyline,-105.0,0.6191726297158411,0.2088608484928324,0.2193038909174742,0,824045,1,final,2026-08-30T13:46:52.825323+00:00,2,4,6,1.5,-1.5,9.5,Win
5e611c984388d54390d6d9a5518d84be,baseball,mlb,2026_04_21,06:40 PM,Miami Marlins,St Louis Cardinals,total,over,8.5,over_total,-114.0,0.9348958591793428,0.7549799461787665,0.8606771386437939,0,,,final,2026-08-30T13:46:52.825323+00:00,3,5,8,,,,Loss
5e611c984388d54390d6d9a5518d84be,baseball,mlb,2026_04_21,06:40 PM,Miami Marlins,St Louis Cardinals,moneyline,away,,away_moneyline,100.0,0.5458243452821862,0.0916486905643723,0.0916486905643723,0,,,final,2026-08-30T13:46:52.825323+00:00,3,5,8,,,,Win
8dd01844bbaffc7ec461c4e06ea83b42,baseball,mlb,2026_04_21,08:05 PM,Texas Rangers,Pittsburgh Pirates,run_line,home,1.5,home_run_line,-192.0,0.7333303907371138,0.1152733025793608,0.2213247409523727,0,822914,1,final,2026-08-30T13:46:52.825323+00:00,5,1,6,1.5,-1.5,8.5,Win
8dd01844bbaffc7ec461c4e06ea83b42,baseball,mlb,2026_04_21,08:05 PM,Texas Rangers,Pittsburgh Pirates,moneyline,home,,home_moneyline,-120.0,0.5472389692938257,0.0032714437053469,0.0039257324464163,0,822914,1,final,2026-08-30T13:46:52.825323+00:00,5,1,6,1.5,-1.5,8.5,Win
b1a87295d83bffd8d9d702ba76f4b1bd,baseball,mlb,2026_04_21,07:40 PM,Kansas City Royals,Baltimore Orioles,moneyline,home,,home_moneyline,-131.0,0.5768328962628122,0.017163351425264,0.0224839903670959,0,824127,1,final,2026-08-30T13:46:52.825323+00:00,6,5,11,-1.5,1.5,9.0,Win
b1f2c684186f6906566a63d457c86009,baseball,mlb,2026_04_21,06:45 PM,Washington Nationals,Atlanta Braves,run_line,home,1.5,home_run_line,-149.0,0.6627504485660518,0.1075494073352141,0.1602486169294689,0,822747,1,final,2026-08-30T13:46:52.825323+00:00,11,4,15,1.5,-1.5,8.5,Win
b1f2c684186f6906566a63d457c86009,baseball,mlb,2026_04_21,06:45 PM,Washington Nationals,Atlanta Braves,total,over,8.5,over_total,-102.0,0.6837210421112769,0.3540357892791952,0.3611165050647793,0,822747,1,final,2026-08-30T13:46:52.825323+00:00,11,4,15,1.5,-1.5,8.5,Win
b1f2c684186f6906566a63d457c86009,baseball,mlb,2026_04_21,06:45 PM,Washington Nationals,Atlanta Braves,moneyline,home,,home_moneyline,119.0,0.4736015829978727,0.0371874667653411,0.0312499720717152,0,822747,1,final,2026-08-30T13:46:52.825323+00:00,11,4,15,1.5,-1.5,8.5,Win
b7ec1f6220bc8b3dbe3589c95eabd186,baseball,mlb,2026_04_21,09:40 PM,Arizona Diamondbacks,Chicago White Sox,total,under,9.0,under_total,-112.0,0.5259314072192948,0.125221387582595,0.1611505255689276,0,825099,1,final,2026-08-30T13:46:52.825323+00:00,5,11,16,-1.5,1.5,9.0,Loss
b7ec1f6220bc8b3dbe3589c95eabd186,baseball,mlb,2026_04_21,09:40 PM,Arizona Diamondbacks,Chicago White Sox,moneyline,home,,home_moneyline,-156.0,0.6503436975731739,0.0672306831970033,0.1048798657873251,0,825099,1,final,2026-08-30T13:46:52.825323+00:00,5,11,16,-1.5,1.5,9.0,Loss
bce74dac7fe3dd7ecf80111287a3dd34,baseball,mlb,2026_04_21,06:40 PM,Detroit Tigers,Milwaukee Brewers,run_line,home,1.5,home_run_line,-185.0,0.7885093256842225,0.2147305828108292,0.3972515782000341,0,824290,1,final,2026-08-30T13:46:52.825323+00:00,4,12,16,1.5,-1.5,8.5,Loss
bce74dac7fe3dd7ecf80111287a3dd34,baseball,mlb,2026_04_21,06:40 PM,Detroit Tigers,Milwaukee Brewers,total,over,8.5,over_total,-102.0,0.5447996367257791,0.0789169276334055,0.0804952661860737,0,824290,1,final,2026-08-30T13:46:52.825323+00:00,4,12,16,1.5,-1.5,8.5,Win
bce74dac7fe3dd7ecf80111287a3dd34,baseball,mlb,2026_04_21,06:40 PM,Detroit Tigers,Milwaukee Brewers,moneyline,home,,home_moneyline,-117.0,0.6295859648168842,0.1676936270535374,0.1962015436526387,0,824290,1,final,2026-08-30T13:46:52.825323+00:00,4,12,16,1.5,-1.5,8.5,Loss
c3a389932a73d413d0f0e503a36712ea,baseball,mlb,2026_04_21,06:10 PM,Cleveland Guardians,Houston Astros,run_line,away,1.5,away_run_line,-166.0,0.6695678164630304,0.0729219227660606,0.1210503917916608,0,824448,1,final,2026-08-30T13:46:52.825323+00:00,8,5,13,-1.5,1.5,8.0,Loss
c3a389932a73d413d0f0e503a36712ea,baseball,mlb,2026_04_21,06:10 PM,Cleveland Guardians,Houston Astros,total,over,8.0,over_total,-117.0,0.6169305358892327,0.2659721350638288,0.3543268891252203,0,824448,1,final,2026-08-30T13:46:52.825323+00:00,8,5,13,-1.5,1.5,8.0,Win
c3a389932a73d413d0f0e503a36712ea,baseball,mlb,2026_04_21,06:10 PM,Cleveland Guardians,Houston Astros,moneyline,away,,away_moneyline,123.0,0.475329554595316,0.0599849067475546,0.0487682168679306,0,824448,1,final,2026-08-30T13:46:52.825323+00:00,8,5,13,-1.5,1.5,8.0,Loss
d5285248b8322f4781920eb06d586c63,baseball,mlb,2026_04_21,06:45 PM,Boston Red Sox,New York Yankees,run_line,away,-1.5,away_run_line,144.0,0.4118607687633185,0.0049402757824972,0.0034307470711785,0,824773,1,final,2026-08-30T13:46:52.825323+00:00,0,4,4,1.5,-1.5,8.5,Win
d5285248b8322f4781920eb06d586c63,baseball,mlb,2026_04_21,06:45 PM,Boston Red Sox,New York Yankees,total,over,8.5,over_total,-105.0,0.6722023869686415,0.3123951364625859,0.3280148932857152,0,824773,1,final,2026-08-30T13:46:52.825323+00:00,0,4,4,1.5,-1.5,8.5,Loss
d5285248b8322f4781920eb06d586c63,baseball,mlb,2026_04_21,06:45 PM,Boston Red Sox,New York Yankees,moneyline,away,,away_moneyline,-112.0,0.6150458293722162,0.1641938913116949,0.1838971582690983,0,824773,1,final,2026-08-30T13:46:52.825323+00:00,0,4,4,1.5,-1.5,8.5,Win
dbf4c940517013ad40b3220b6dac5cf6,baseball,mlb,2026_04_21,09:40 PM,Seattle Mariners,Athletics,run_line,home,-1.5,home_run_line,123.0,0.483926657093356,0.0791564453181838,0.0643548335920194,0,,,final,2026-08-30T13:46:52.825323+00:00,2,5,7,,,,Loss
dbf4c940517013ad40b3220b6dac5cf6,baseball,mlb,2026_04_21,09:40 PM,Seattle Mariners,Athletics,total,under,7.5,under_total,-112.0,0.603233726744828,0.1418352684812815,0.1588555006990354,0,,,final,2026-08-30T13:46:52.825323+00:00,2,5,7,,,,Win
dbf4c940517013ad40b3220b6dac5cf6,baseball,mlb,2026_04_21,09:40 PM,Seattle Mariners,Athletics,moneyline,home,,home_moneyline,-172.0,0.7354341721134856,0.1630121791562098,0.280380948148681,0,,,final,2026-08-30T13:46:52.825323+00:00,2,5,7,,,,Loss
e56e51d0e26b298582dc9ebe9dcf1e22,baseball,mlb,2026_04_21,07:10 PM,New York Mets,Minnesota Twins,total,over,7.5,over_total,-105.0,0.7329605796538283,0.4310182745622362,0.452569188290348,0,823640,1,final,2026-08-30T13:46:52.825323+00:00,3,5,8,-1.5,1.5,7.5,Win
fd082c9fac90847ff16ee7691851778f,baseball,mlb,2026_04_21,07:40 PM,Chicago Cubs,Philadelphia Phillies,run_line,home,1.5,home_run_line,-192.0,0.7431850319157806,0.1302605693719165,0.2501002931940796,0,824690,1,final,2026-08-30T13:46:52.825323+00:00,7,4,11,1.5,-1.5,8.0,Win
fd082c9fac90847ff16ee7691851778f,baseball,mlb,2026_04_21,07:40 PM,Chicago Cubs,Philadelphia Phillies,total,over,8.0,over_total,-112.0,0.5172053603496323,0.1134889380898173,0.1468591496447834,0,824690,1,final,2026-08-30T13:46:52.825323+00:00,7,4,11,1.5,-1.5,8.0,Win
fd082c9fac90847ff16ee7691851778f,baseball,mlb,2026_04_21,07:40 PM,Chicago Cubs,Philadelphia Phillies,moneyline,home,,home_moneyline,-121.0,0.5623117236426245,0.0270321564051243,0.0327089092502003,0,824690,1,final,2026-08-30T13:46:52.825323+00:00,7,4,11,1.5,-1.5,8.0,Win
07187e7c60013c66b4831e61391ded49,baseball,mlb,2026_04_22,01:10 PM,Tampa Bay Rays,Cincinnati Reds,run_line,away,1.5,away_run_line,-181.0,0.7124486239479829,0.1060666482286363,0.1919806332938319,0,822993,1,final,2026-08-30T13:46:52.825323+00:00,6,1,7,-1.5,1.5,8.5,Loss
07187e7c60013c66b4831e61391ded49,baseball,mlb,2026_04_22,01:10 PM,Tampa Bay Rays,Cincinnati Reds,total,over,8.5,over_total,-112.0,0.5979617733353089,0.1318562138132632,0.1476789594708548,0,822993,1,final,2026-08-30T13:46:52.825323+00:00,6,1,7,-1.5,1.5,8.5,Loss
07187e7c60013c66b4831e61391ded49,baseball,mlb,2026_04_22,01:10 PM,Tampa Bay Rays,Cincinnati Reds,moneyline,away,,away_moneyline,119.0,0.528539282382255,0.1575010284171385,0.1323538053925533,0,822993,1,final,2026-08-30T13:46:52.825323+00:00,6,1,7,-1.5,1.5,8.5,Loss
1716e08eb19cda68f1493c3d9b10107e,baseball,mlb,2026_04_22,06:45 PM,Washington Nationals,Atlanta Braves,run_line,home,1.5,home_run_line,-135.0,0.7264835099708238,0.264619443282545,0.3572362484314358,0,822748,1,final,2026-08-30T13:46:52.825323+00:00,6,8,14,1.5,-1.5,9.0,Loss
1716e08eb19cda68f1493c3d9b10107e,baseball,mlb,2026_04_22,06:45 PM,Washington Nationals,Atlanta Braves,total,over,9.0,over_total,-105.0,0.5628456754051055,0.2217672475481761,0.265476899422747,0,822748,1,final,2026-08-30T13:46:52.825323+00:00,6,8,14,1.5,-1.5,9.0,Win
1716e08eb19cda68f1493c3d9b10107e,baseball,mlb,2026_04_22,06:45 PM,Washington Nationals,Atlanta Braves,moneyline,home,,home_moneyline,119.0,0.5556600459593508,0.2168955006509783,0.1822651265974607,0,822748,1,final,2026-08-30T13:46:52.825323+00:00,6,8,14,1.5,-1.5,9.0,Loss
28a3f2a1820315be48605c5c321f0c19,baseball,mlb,2026_04_22,07:40 PM,Chicago Cubs,Philadelphia Phillies,run_line,away,1.5,away_run_line,-149.0,0.6124212326581688,0.0234421941737184,0.0349288693188403,0,824688,1,final,2026-08-30T13:46:52.825323+00:00,7,2,9,-1.5,1.5,8.5,Loss
28a3f2a1820315be48605c5c321f0c19,baseball,mlb,2026_04_22,07:40 PM,Chicago Cubs,Philadelphia Phillies,total,over,8.5,over_total,-102.0,0.5447743805724083,0.0788669105453576,0.0804442487562647,0,824688,1,final,2026-08-30T13:46:52.825323+00:00,7,2,9,-1.5,1.5,8.5,Win
2a8e5f1a3a4ac585a773ec30d535e4e0,baseball,mlb,2026_04_22,08:05 PM,Texas Rangers,Pittsburgh Pirates,run_line,away,-1.5,away_run_line,144.0,0.4575808414615492,0.11649725316618,0.0809008702542916,0,822913,1,final,2026-08-30T13:46:52.825323+00:00,4,8,12,1.5,-1.5,8.0,Win
2a8e5f1a3a4ac585a773ec30d535e4e0,baseball,mlb,2026_04_22,08:05 PM,Texas Rangers,Pittsburgh Pirates,total,under,8.0,under_total,-107.0,0.5686323873534694,0.2338223936366403,0.2888222035311162,0,822913,1,final,2026-08-30T13:46:52.825323+00:00,4,8,12,1.5,-1.5,8.0,Loss
2a8e5f1a3a4ac585a773ec30d535e4e0,baseball,mlb,2026_04_22,08:05 PM,Texas Rangers,Pittsburgh Pirates,moneyline,away,,away_moneyline,-114.0,0.7052072955683479,0.323810186417776,0.3691436125162646,0,822913,1,final,2026-08-30T13:46:52.825323+00:00,4,8,12,1.5,-1.5,8.0,Win
388c461670fe1eacbca3a3601d06ea5d,baseball,mlb,2026_04_22,12:10 PM,Miami Marlins,St Louis Cardinals,run_line,home,-1.5,home_run_line,159.0,0.6296929542894569,0.6309047516096933,0.396795441263958,0,,,final,2026-08-30T13:46:52.825323+00:00,4,1,5,,,,Win
388c461670fe1eacbca3a3601d06ea5d,baseball,mlb,2026_04_22,12:10 PM,Miami Marlins,St Louis Cardinals,total,over,8.5,over_total,-112.0,0.7249968592831856,0.3723154836431727,0.4169933416803534,0,,,final,2026-08-30T13:46:52.825323+00:00,4,1,5,,,,Loss
388c461670fe1eacbca3a3601d06ea5d,baseball,mlb,2026_04_22,12:10 PM,Miami Marlins,St Louis Cardinals,moneyline,home,,home_moneyline,-131.0,0.8158084884134305,0.4385630597213923,0.5745176082350243,0,,,final,2026-08-30T13:46:52.825323+00:00,4,1,5,,,,Win
863d10a0d1fd4ccb9810966d4740d766,baseball,mlb,2026_04_22,08:40 PM,Colorado Rockies,San Diego Padres,run_line,home,1.5,home_run_line,-112.0,0.6577050274691784,0.2449416591380875,0.274334658234658,0,824367,1,final,2026-08-30T13:46:52.825323+00:00,8,3,11,1.5,-1.5,12.5,Win
863d10a0d1fd4ccb9810966d4740d766,baseball,mlb,2026_04_22,08:40 PM,Colorado Rockies,San Diego Padres,total,under,12.5,under_total,-116.0,0.9710565733261348,0.8081743089521131,0.9374821983844516,0,824367,1,final,2026-08-30T13:46:52.825323+00:00,8,3,11,1.5,-1.5,12.5,Win
a1a9de3dc48cafca34e52ab1babe5d9f,baseball,mlb,2026_04_22,06:40 PM,Detroit Tigers,Milwaukee Brewers,run_line,home,-1.5,home_run_line,159.0,0.4552363613239637,0.179062175829066,0.1126177206472113,0,824286,1,final,2026-08-30T13:46:52.825323+00:00,5,2,7,-1.5,1.5,8.0,Win
a1a9de3dc48cafca34e52ab1babe5d9f,baseball,mlb,2026_04_22,06:40 PM,Detroit Tigers,Milwaukee Brewers,total,under,8.0,under_total,-117.0,0.5268455639004507,0.114329492860639,0.1550344638491755,0,824286,1,final,2026-08-30T13:46:52.825323+00:00,5,2,7,-1.5,1.5,8.0,Win
a1a9de3dc48cafca34e52ab1babe5d9f,baseball,mlb,2026_04_22,06:40 PM,Detroit Tigers,Milwaukee Brewers,moneyline,home,,home_moneyline,-135.0,0.6977007669104786,0.2145161498071293,0.2895968022396246,0,824286,1,final,2026-08-30T13:46:52.825323+00:00,5,2,7,-1.5,1.5,8.0,Win
a51b58a3d9fe032b72e59da66a7243fc,baseball,mlb,2026_04_22,09:45 PM,San Francisco Giants,Los Angeles Dodgers,run_line,home,1.5,home_run_line,108.0,0.7306501939097472,0.5197524033322742,0.4812522253076612,0,823231,1,final,2026-08-30T13:46:52.825323+00:00,3,0,3,1.5,-1.5,7.5,Win
a51b58a3d9fe032b72e59da66a7243fc,baseball,mlb,2026_04_22,09:45 PM,San Francisco Giants,Los Angeles Dodgers,total,under,7.5,under_total,-102.0,0.7114272636895,0.4089049731890097,0.41708307265279,0,823231,1,final,2026-08-30T13:46:52.825323+00:00,3,0,3,1.5,-1.5,7.5,Win
a51b58a3d9fe032b72e59da66a7243fc,baseball,mlb,2026_04_22,09:45 PM,San Francisco Giants,Los Angeles Dodgers,moneyline,home,,home_moneyline,184.0,0.4990876019629434,0.4174087895747591,0.2268526030297604,0,823231,1,final,2026-08-30T13:46:52.825323+00:00,3,0,3,1.5,-1.5,7.5,Win
b8cea4e418d432cea65f9d995118a4bf,baseball,mlb,2026_04_22,04:10 PM,Seattle Mariners,Athletics,run_line,home,-1.5,home_run_line,112.0,0.5968392443964201,0.2652991981204107,0.2368742840360809,0,,,final,2026-08-30T13:46:52.825323+00:00,5,4,9,,,,Loss
b8cea4e418d432cea65f9d995118a4bf,baseball,mlb,2026_04_22,04:10 PM,Seattle Mariners,Athletics,total,over,7.5,over_total,-109.0,0.5828013856946639,0.117481556056741,0.1280548961018477,0,,,final,2026-08-30T13:46:52.825323+00:00,5,4,9,,,,Win
b8cea4e418d432cea65f9d995118a4bf,baseball,mlb,2026_04_22,04:10 PM,Seattle Mariners,Athletics,moneyline,home,,home_moneyline,-192.0,0.8132399799452192,0.2368024695000212,0.4546607414400404,0,,,final,2026-08-30T13:46:52.825323+00:00,5,4,9,,,,Win
d599119eee8f7c6afc027334f7445633,baseball,mlb,2026_04_22,02:10 PM,Kansas City Royals,Baltimore Orioles,run_line,home,-1.5,home_run_line,152.0,0.6313167684046878,0.5909182563798132,0.3887620107761929,0,824123,1,final,2026-08-30T13:46:52.825323+00:00,6,8,14,-1.5,1.5,9.5,Loss
d599119eee8f7c6afc027334f7445633,baseball,mlb,2026_04_22,02:10 PM,Kansas City Royals,Baltimore Orioles,total,under,9.5,under_total,-117.0,0.5895371358140191,0.0934150296721552,0.1092955847164215,0,824123,1,final,2026-08-30T13:46:52.825323+00:00,6,8,14,-1.5,1.5,9.5,Loss
d599119eee8f7c6afc027334f7445633,baseball,mlb,2026_04_22,02:10 PM,Kansas City Royals,Baltimore Orioles,moneyline,home,,home_moneyline,-135.0,0.8314968063637165,0.447420366633136,0.6040174949547338,0,824123,1,final,2026-08-30T13:46:52.825323+00:00,6,8,14,-1.5,1.5,9.5,Loss
dad354a5f508e2a69c2cf2b029462737,baseball,mlb,2026_04_22,07:10 PM,New York Mets,Minnesota Twins,run_line,home,-1.5,home_run_line,135.0,0.5678277122519223,0.3343951237920175,0.2477000916977906,0,823641,1,final,2026-08-30T13:46:52.825323+00:00,3,2,5,-1.5,1.5,8.0,Loss
dad354a5f508e2a69c2cf2b029462737,baseball,mlb,2026_04_22,07:10 PM,New York Mets,Minnesota Twins,total,under,8.0,under_total,-105.0,0.5240076140570153,0.1604303394164982,0.195276581484138,0,823641,1,final,2026-08-30T13:46:52.825323+00:00,3,2,5,-1.5,1.5,8.0,Win
dad354a5f508e2a69c2cf2b029462737,baseball,mlb,2026_04_22,07:10 PM,New York Mets,Minnesota Twins,moneyline,home,,home_moneyline,-163.0,0.8003978558329553,0.2914394851783266,0.4750463608406725,0,823641,1,final,2026-08-30T13:46:52.825323+00:00,3,2,5,-1.5,1.5,8.0,Win
dfff7f7620a1af42549f691892c9c7cd,baseball,mlb,2026_04_22,09:40 PM,Arizona Diamondbacks,Chicago White Sox,run_line,home,-1.5,home_run_line,129.0,0.5368087164175224,0.2292919605961263,0.1777457058884699,0,825097,1,final,2026-08-30T13:46:52.825323+00:00,11,7,18,-1.5,1.5,9.5,Win
dfff7f7620a1af42549f691892c9c7cd,baseball,mlb,2026_04_22,09:40 PM,Arizona Diamondbacks,Chicago White Sox,moneyline,home,,home_moneyline,-156.0,0.747732013909315,0.2270474074409272,0.3541939556078463,0,825097,1,final,2026-08-30T13:46:52.825323+00:00,11,7,18,-1.5,1.5,9.5,Win
e308577ae69b60256ed912a05d931a57,baseball,mlb,2026_04_22,03:07 PM,Los Angeles Angels,Toronto Blue Jays,run_line,away,1.5,away_run_line,-156.0,0.6847321709402608,0.1236630497481203,0.1929143576070677,0,824044,1,final,2026-08-30T13:46:52.825323+00:00,7,3,10,-1.5,1.5,8.0,Loss
e308577ae69b60256ed912a05d931a57,baseball,mlb,2026_04_22,03:07 PM,Los Angeles Angels,Toronto Blue Jays,total,under,8.0,under_total,-107.0,0.6077048970592069,0.3048730386090434,0.3746227707424656,0,824044,1,final,2026-08-30T13:46:52.825323+00:00,7,3,10,-1.5,1.5,8.0,Loss
e308577ae69b60256ed912a05d931a57,baseball,mlb,2026_04_22,03:07 PM,Los Angeles Angels,Toronto Blue Jays,moneyline,away,,away_moneyline,135.0,0.4529019945399988,0.0643196871689972,0.0476442127177756,0,824044,1,final,2026-08-30T13:46:52.825323+00:00,7,3,10,-1.5,1.5,8.0,Loss
e33bac43c9aeb7a52713962ae0686e1f,baseball,mlb,2026_04_22,01:10 PM,Cleveland Guardians,Houston Astros,run_line,away,1.5,away_run_line,-185.0,0.7849244479115693,0.2092079332691745,0.3870346765479726,0,824449,1,final,2026-08-30T13:46:52.825323+00:00,0,2,2,-1.5,1.5,8.0,Win
e33bac43c9aeb7a52713962ae0686e1f,baseball,mlb,2026_04_22,01:10 PM,Cleveland Guardians,Houston Astros,total,under,8.0,under_total,-109.0,0.4600228753408227,0.0216264582928523,0.0273963970910155,0,824449,1,final,2026-08-30T13:46:52.825323+00:00,0,2,2,-1.5,1.5,8.0,Win
e33bac43c9aeb7a52713962ae0686e1f,baseball,mlb,2026_04_22,01:10 PM,Cleveland Guardians,Houston Astros,moneyline,away,,away_moneyline,119.0,0.6105250294830392,0.3370498145678557,0.2832351382923159,0,824449,1,final,2026-08-30T13:46:52.825323+00:00,0,2,2,-1.5,1.5,8.0,Win
ebdf17398c47e7ea946db3d1e80d50e7,baseball,mlb,2026_04_22,06:45 PM,Boston Red Sox,New York Yankees,run_line,away,-1.5,away_run_line,119.0,0.4955173350807416,0.085182963826824,0.0715823225435495,0,824774,1,final,2026-08-30T13:46:52.825323+00:00,1,4,5,1.5,-1.5,7.5,Win
ebdf17398c47e7ea946db3d1e80d50e7,baseball,mlb,2026_04_22,06:45 PM,Boston Red Sox,New York Yankees,total,over,7.5,over_total,-117.0,0.5924930169605487,0.0988973049610177,0.1157098468043908,0,824774,1,final,2026-08-30T13:46:52.825323+00:00,1,4,5,1.5,-1.5,7.5,Loss
ebdf17398c47e7ea946db3d1e80d50e7,baseball,mlb,2026_04_22,06:45 PM,Boston Red Sox,New York Yankees,moneyline,away,,away_moneyline,-142.0,0.7239246481860184,0.2337307384578624,0.3318976486101646,0,824774,1,final,2026-08-30T13:46:52.825323+00:00,1,4,5,1.5,-1.5,7.5,Win
0690cb513a9395d92f4b14ef1ff47d78,baseball,mlb,2026_04_23,02:20 PM,Chicago Cubs,Philadelphia Phillies,run_line,away,-1.5,away_run_line,129.0,0.5287626758820632,0.2108665277699246,0.1634624246278485,0,824689,1,final,2026-08-30T13:46:52.825323+00:00,8,7,15,1.5,-1.5,9.0,Loss
0690cb513a9395d92f4b14ef1ff47d78,baseball,mlb,2026_04_23,02:20 PM,Chicago Cubs,Philadelphia Phillies,total,over,9.0,over_total,-105.0,0.5787468546094882,0.2508972308061306,0.299693939007389,0,824689,1,final,2026-08-30T13:46:52.825323+00:00,8,7,15,1.5,-1.5,9.0,Win
0690cb513a9395d92f4b14ef1ff47d78,baseball,mlb,2026_04_23,02:20 PM,Chicago Cubs,Philadelphia Phillies,moneyline,away,,away_moneyline,-126.0,0.7316216825817912,0.3122738116149586,0.3934650026348479,0,824689,1,final,2026-08-30T13:46:52.825323+00:00,8,7,15,1.5,-1.5,9.0,Loss
1e66733b3f851159b9299af54335356a,baseball,mlb,2026_04_23,07:10 PM,New York Mets,Minnesota Twins,run_line,home,1.5,home_run_line,-175.0,0.6410844849308023,0.0074184763198321,0.0129823335597061,0,823639,1,final,2026-08-30T13:46:52.825323+00:00,10,8,18,1.5,-1.5,7.5,Win
1e66733b3f851159b9299af54335356a,baseball,mlb,2026_04_23,07:10 PM,New York Mets,Minnesota Twins,total,over,7.5,over_total,-109.0,0.6055997377464837,0.1611958274221568,0.175703451890151,0,823639,1,final,2026-08-30T13:46:52.825323+00:00,10,8,18,1.5,-1.5,7.5,Win
1e66733b3f851159b9299af54335356a,baseball,mlb,2026_04_23,07:10 PM,New York Mets,Minnesota Twins,moneyline,away,,away_moneyline,-117.0,0.5750796540402633,0.0666007258695482,0.0779228492673713,0,823639,1,final,2026-08-30T13:46:52.825323+00:00,10,8,18,1.5,-1.5,7.5,Loss
528817a2bf72047f1124e81a7ae55de9,baseball,mlb,2026_04_23,08:05 PM,Texas Rangers,Pittsburgh Pirates,run_line,home,-1.5,home_run_line,129.0,0.4440162086787876,0.0167971178744237,0.0130210216080803,0,822912,1,final,2026-08-30T13:46:52.825323+00:00,6,1,7,-1.5,1.5,8.0,Win
528817a2bf72047f1124e81a7ae55de9,baseball,mlb,2026_04_23,08:05 PM,Texas Rangers,Pittsburgh Pirates,total,over,8.0,over_total,-109.0,0.4939627100355233,0.0835270123251198,0.1054227953691694,0,822912,1,final,2026-08-30T13:46:52.825323+00:00,6,1,7,-1.5,1.5,8.0,Loss
528817a2bf72047f1124e81a7ae55de9,baseball,mlb,2026_04_23,08:05 PM,Texas Rangers,Pittsburgh Pirates,moneyline,home,,home_moneyline,-166.0,0.6680032493634718,0.070414845365563,0.1168886433068348,0,822912,1,final,2026-08-30T13:46:52.825323+00:00,6,1,7,-1.5,1.5,8.0,Win
7350a8d7c4145d7f644e02a87a4bb365,baseball,mlb,2026_04_23,03:45 PM,San Francisco Giants,Los Angeles Dodgers,run_line,home,1.5,home_run_line,-135.0,0.8612798615655499,0.4992649442066978,0.6740076746790423,0,823233,1,final,2026-08-30T13:46:52.825323+00:00,0,3,3,1.5,-1.5,7.0,Loss
7350a8d7c4145d7f644e02a87a4bb365,baseball,mlb,2026_04_23,03:45 PM,San Francisco Giants,Los Angeles Dodgers,total,under,7.0,under_total,-107.0,0.5697138755848349,0.2444649544125133,0.3049784346525619,0,823233,1,final,2026-08-30T13:46:52.825323+00:00,0,3,3,1.5,-1.5,7.0,Win
7350a8d7c4145d7f644e02a87a4bb365,baseball,mlb,2026_04_23,03:45 PM,San Francisco Giants,Los Angeles Dodgers,moneyline,home,,home_moneyline,135.0,0.705266914737316,0.6573772496326926,0.4869461108390314,0,823233,1,final,2026-08-30T13:46:52.825323+00:00,0,3,3,1.5,-1.5,7.0,Loss
a1b5b1f882e1c817603a505107a56d2f,baseball,mlb,2026_04_23,03:40 PM,Arizona Diamondbacks,Chicago White Sox,run_line,home,-1.5,home_run_line,135.0,0.5816366478590934,0.3668461224688695,0.2717378684954589,0,825096,1,final,2026-08-30T13:46:52.825323+00:00,1,4,5,-1.5,1.5,9.0,Loss
a1b5b1f882e1c817603a505107a56d2f,baseball,mlb,2026_04_23,03:40 PM,Arizona Diamondbacks,Chicago White Sox,total,under,9.0,under_total,-121.0,0.6149943238765111,0.2446363098116893,0.3369041005483363,0,825096,1,final,2026-08-30T13:46:52.825323+00:00,1,4,5,-1.5,1.5,9.0,Win
a1b5b1f882e1c817603a505107a56d2f,baseball,mlb,2026_04_23,03:40 PM,Arizona Diamondbacks,Chicago White Sox,moneyline,home,,home_moneyline,-156.0,0.8067157253298816,0.3238411902849338,0.5051922568444966,0,825096,1,final,2026-08-30T13:46:52.825323+00:00,1,4,5,-1.5,1.5,9.0,Loss
ce566623c1d73c8d56830bafe9334cbb,baseball,mlb,2026_04_23,06:10 PM,Boston Red Sox,New York Yankees,total,under,8.5,under_total,-109.0,0.5383716631299029,0.0322906201298138,0.0351967759414971,0,824770,1,final,2026-08-30T13:46:52.825323+00:00,2,4,6,1.5,-1.5,8.5,Win
ce566623c1d73c8d56830bafe9334cbb,baseball,mlb,2026_04_23,06:10 PM,Boston Red Sox,New York Yankees,moneyline,away,,away_moneyline,-156.0,0.6873280498275237,0.1279229535631159,0.1995598075584606,0,824770,1,final,2026-08-30T13:46:52.825323+00:00,2,4,6,1.5,-1.5,8.5,Win
ce701a760fa0f743a20a0f8c455c6f67,baseball,mlb,2026_04_23,01:05 PM,Washington Nationals,Atlanta Braves,run_line,home,1.5,home_run_line,-135.0,0.6960227879834898,0.2115952235268154,0.285653551761201,0,822745,1,final,2026-08-30T13:46:52.825323+00:00,2,7,9,1.5,-1.5,9.0,Loss
ce701a760fa0f743a20a0f8c455c6f67,baseball,mlb,2026_04_23,01:05 PM,Washington Nationals,Atlanta Braves,total,under,9.0,under_total,-102.0,0.5657898152559004,0.2472506254206831,0.2888061206446256,0,822745,1,final,2026-08-30T13:46:52.825323+00:00,2,7,9,1.5,-1.5,9.0,Push
ce701a760fa0f743a20a0f8c455c6f67,baseball,mlb,2026_04_23,01:05 PM,Washington Nationals,Atlanta Braves,moneyline,home,,home_moneyline,112.0,0.4900831217743119,0.0389762181615411,0.0348001947870904,0,822745,1,final,2026-08-30T13:46:52.825323+00:00,2,7,9,1.5,-1.5,9.0,Loss
de14a27d2ad6df38427c5adcc15cb1c1,baseball,mlb,2026_04_23,03:10 PM,Colorado Rockies,San Diego Padres,run_line,home,1.5,home_run_line,-114.0,0.7394249543563964,0.3880433353707793,0.4423694023226883,0,824368,1,final,2026-08-30T13:46:52.825323+00:00,8,10,18,1.5,-1.5,11.0,Loss
de14a27d2ad6df38427c5adcc15cb1c1,baseball,mlb,2026_04_23,03:10 PM,Colorado Rockies,San Diego Padres,total,under,11.0,under_total,-112.0,0.7362867653007492,0.4848413998786099,0.5974867091798072,0,824368,1,final,2026-08-30T13:46:52.825323+00:00,8,10,18,1.5,-1.5,11.0,Loss
de14a27d2ad6df38427c5adcc15cb1c1,baseball,mlb,2026_04_23,03:10 PM,Colorado Rockies,San Diego Padres,moneyline,home,,home_moneyline,129.0,0.5563680936852401,0.2740829345391997,0.2124673911156588,0,824368,1,final,2026-08-30T13:46:52.825323+00:00,8,10,18,1.5,-1.5,11.0,Loss
eb87da969b550c21334d689f9113d312,baseball,mlb,2026_04_23,01:10 PM,Detroit Tigers,Milwaukee Brewers,run_line,home,-1.5,home_run_line,102.0,0.66236266875609,0.3379725908873017,0.3313456773404918,0,824288,1,final,2026-08-30T13:46:52.825323+00:00,5,4,9,-1.5,1.5,7.0,Loss
eb87da969b550c21334d689f9113d312,baseball,mlb,2026_04_23,01:10 PM,Detroit Tigers,Milwaukee Brewers,total,over,7.0,over_total,102.0,0.5414780851800884,0.2340552656320702,0.2669045190994581,0,824288,1,final,2026-08-30T13:46:52.825323+00:00,5,4,9,-1.5,1.5,7.0,Win
eb87da969b550c21334d689f9113d312,baseball,mlb,2026_04_23,01:10 PM,Detroit Tigers,Milwaukee Brewers,moneyline,home,,home_moneyline,-227.0,0.8646742773334796,0.2455880558944836,0.5574848868804781,0,824288,1,final,2026-08-30T13:46:52.825323+00:00,5,4,9,-1.5,1.5,7.0,Win
0bbbb2fddbaa8b74fdca003a5d074d6f,baseball,mlb,2026_04_24,07:40 PM,Milwaukee Brewers,Pittsburgh Pirates,run_line,away,-1.5,away_run_line,129.0,0.4813861884779761,0.1023743716145653,0.079359977995787,0,823800,1,final,2026-08-30T13:46:52.825323+00:00,0,6,6,1.5,-1.5,7.0,Win
0bbbb2fddbaa8b74fdca003a5d074d6f,baseball,mlb,2026_04_24,07:40 PM,Milwaukee Brewers,Pittsburgh Pirates,total,over,7.0,over_total,-109.0,0.7964334287974902,0.612080830147337,0.7291251745287727,0,823800,1,final,2026-08-30T13:46:52.825323+00:00,0,6,6,1.5,-1.5,7.0,Loss
0bbbb2fddbaa8b74fdca003a5d074d6f,baseball,mlb,2026_04_24,07:40 PM,Milwaukee Brewers,Pittsburgh Pirates,moneyline,away,,away_moneyline,-135.0,0.6869377901599926,0.195780597685913,0.2643038068759825,0,823800,1,final,2026-08-30T13:46:52.825323+00:00,0,6,6,1.5,-1.5,7.0,Win
1a7da3935dee427bcfb5038b6aca6b69,baseball,mlb,2026_04_24,07:40 PM,Chicago White Sox,Washington Nationals,run_line,home,1.5,home_run_line,-185.0,0.665301837428159,0.0249244522541909,0.0461102366702531,0,824611,1,final,2026-08-30T13:46:52.825323+00:00,5,4,9,1.5,-1.5,9.0,Win
1a7da3935dee427bcfb5038b6aca6b69,baseball,mlb,2026_04_24,07:40 PM,Chicago White Sox,Washington Nationals,moneyline,away,,away_moneyline,104.0,0.5322291873615833,0.0857475422176299,0.0824495598246441,0,824611,1,final,2026-08-30T13:46:52.825323+00:00,5,4,9,1.5,-1.5,9.0,Loss
1daf20445fbf24373621ac69d10909d6,baseball,mlb,2026_04_24,07:10 PM,New York Mets,Colorado Rockies,run_line,home,-1.5,home_run_line,100.0,0.6082563415551632,0.2165126831103263,0.2165126831103263,0,823638,1,final,2026-08-30T13:46:52.825323+00:00,3,4,7,-1.5,1.5,7.5,Loss
1daf20445fbf24373621ac69d10909d6,baseball,mlb,2026_04_24,07:10 PM,New York Mets,Colorado Rockies,total,over,7.5,over_total,-105.0,0.7937062437491079,0.5496169520815917,0.5770977996856713,0,823638,1,final,2026-08-30T13:46:52.825323+00:00,3,4,7,-1.5,1.5,7.5,Loss
1daf20445fbf24373621ac69d10909d6,baseball,mlb,2026_04_24,07:10 PM,New York Mets,Colorado Rockies,moneyline,home,,home_moneyline,-232.0,0.8021047520783221,0.1478395590086332,0.3429877769000293,0,823638,1,final,2026-08-30T13:46:52.825323+00:00,3,4,7,-1.5,1.5,7.5,Loss
2c16b21f64ac893fc7dd8fd60f2a018c,baseball,mlb,2026_04_24,06:50 PM,Cincinnati Reds,Detroit Tigers,run_line,away,-1.5,away_run_line,119.0,0.4784108643639287,0.0477197929570039,0.0401006663504233,0,824529,1,final,2026-08-30T13:46:52.825323+00:00,9,8,17,1.5,-1.5,8.5,Loss
2c16b21f64ac893fc7dd8fd60f2a018c,baseball,mlb,2026_04_24,06:50 PM,Cincinnati Reds,Detroit Tigers,total,under,8.5,under_total,-105.0,0.5463245071240344,0.0666335615278766,0.0699652396042704,0,824529,1,final,2026-08-30T13:46:52.825323+00:00,9,8,17,1.5,-1.5,8.5,Loss
2c16b21f64ac893fc7dd8fd60f2a018c,baseball,mlb,2026_04_24,06:50 PM,Cincinnati Reds,Detroit Tigers,moneyline,away,,away_moneyline,-135.0,0.7073016816799027,0.2312288532946453,0.3121589519477712,0,824529,1,final,2026-08-30T13:46:52.825323+00:00,9,8,17,1.5,-1.5,8.5,Loss
34a8cd87a97eb098ddeb7d6d4022544d,baseball,mlb,2026_04_24,08:05 PM,Texas Rangers,Athletics,run_line,home,-1.5,home_run_line,135.0,0.5621988199894937,0.3211672269753103,0.2379016496113409,0,,,final,2026-08-30T13:46:52.825323+00:00,1,8,9,,,,Loss
34a8cd87a97eb098ddeb7d6d4022544d,baseball,mlb,2026_04_24,08:05 PM,Texas Rangers,Athletics,total,over,8.5,over_total,-102.0,0.5667634508502717,0.1224138928603418,0.1248621707175487,0,,,final,2026-08-30T13:46:52.825323+00:00,1,8,9,,,,Win
34a8cd87a97eb098ddeb7d6d4022544d,baseball,mlb,2026_04_24,08:05 PM,Texas Rangers,Athletics,moneyline,home,,home_moneyline,-156.0,0.7737473573668285,0.2697392531147955,0.420793234859081,0,,,final,2026-08-30T13:46:52.825323+00:00,1,8,9,,,,Loss
392c482c74dac60779aaf9841598058b,baseball,mlb,2026_04_24,10:15 PM,San Francisco Giants,Miami Marlins,run_line,home,1.5,home_run_line,-181.0,0.6896798941907853,0.0707185097658047,0.1280005026761068,0,823232,1,final,2026-08-30T13:46:52.825323+00:00,4,9,13,1.5,-1.5,7.5,Loss
392c482c74dac60779aaf9841598058b,baseball,mlb,2026_04_24,10:15 PM,San Francisco Giants,Miami Marlins,total,over,7.5,over_total,-107.0,0.5737869162776708,0.1100363707427838,0.1177389166947787,0,823232,1,final,2026-08-30T13:46:52.825323+00:00,4,9,13,1.5,-1.5,7.5,Win
6dfa085cbcdafd48dfe2b4a3ec7d5e04,baseball,mlb,2026_04_24,08:15 PM,St Louis Cardinals,Seattle Mariners,run_line,away,-1.5,away_run_line,108.0,0.5391698986570347,0.1214733892066322,0.1124753603765112,0,,,final,2026-08-30T13:46:52.825323+00:00,2,3,5,,,,Loss
6dfa085cbcdafd48dfe2b4a3ec7d5e04,baseball,mlb,2026_04_24,08:15 PM,St Louis Cardinals,Seattle Mariners,total,over,7.5,over_total,-117.0,0.5585690828575312,0.0359785553853356,0.0420949098008427,0,,,final,2026-08-30T13:46:52.825323+00:00,2,3,5,,,,Loss
6dfa085cbcdafd48dfe2b4a3ec7d5e04,baseball,mlb,2026_04_24,08:15 PM,St Louis Cardinals,Seattle Mariners,moneyline,away,,away_moneyline,-163.0,0.76760538666723,0.2385289367698251,0.3888021669348149,0,,,final,2026-08-30T13:46:52.825323+00:00,2,3,5,,,,Win
781378f4580bd5ca464d5bfa8f1035a2,baseball,mlb,2026_04_24,07:40 PM,Kansas City Royals,Los Angeles Angels,run_line,home,1.5,home_run_line,-178.0,0.837818814919122,0.3085035424017748,0.5491363054751592,0,824124,1,final,2026-08-30T13:46:52.825323+00:00,6,3,9,1.5,-1.5,9.0,Win
781378f4580bd5ca464d5bfa8f1035a2,baseball,mlb,2026_04_24,07:40 PM,Kansas City Royals,Los Angeles Angels,total,over,9.0,over_total,-102.0,0.4662360225565354,0.0539060854156337,0.0632421031171084,0,824124,1,final,2026-08-30T13:46:52.825323+00:00,6,3,9,1.5,-1.5,9.0,Push
781378f4580bd5ca464d5bfa8f1035a2,baseball,mlb,2026_04_24,07:40 PM,Kansas City Royals,Los Angeles Angels,moneyline,home,,home_moneyline,-112.0,0.7082396925708254,0.3405965609376338,0.3814681482501498,0,824124,1,final,2026-08-30T13:46:52.825323+00:00,6,3,9,1.5,-1.5,9.0,Win
7b000b2feb3413984543d3be6ccd448b,baseball,mlb,2026_04_24,08:10 PM,Houston Astros,New York Yankees,run_line,home,1.5,home_run_line,-131.0,0.5788492912602269,0.0207189792451327,0.0271418628111238,0,824204,1,final,2026-08-30T13:46:52.825323+00:00,4,12,16,1.5,-1.5,9.0,Loss
7b000b2feb3413984543d3be6ccd448b,baseball,mlb,2026_04_24,08:10 PM,Houston Astros,New York Yankees,total,under,9.0,under_total,-109.0,0.5451297864700224,0.1736984550381224,0.2172350740090411,0,824204,1,final,2026-08-30T13:46:52.825323+00:00,4,12,16,1.5,-1.5,9.0,Loss
7b000b2feb3413984543d3be6ccd448b,baseball,mlb,2026_04_24,08:10 PM,Houston Astros,New York Yankees,moneyline,away,,away_moneyline,-149.0,0.6477446152536963,0.0824725449541636,0.1228840919817037,0,824204,1,final,2026-08-30T13:46:52.825323+00:00,4,12,16,1.5,-1.5,9.0,Win
8a412fa061b10c75d57bc591bf081271,baseball,mlb,2026_04_24,07:15 PM,Atlanta Braves,Philadelphia Phillies,total,over,9.0,over_total,-109.0,0.5372713886395706,0.1557625509123148,0.1941647003234179,0,824932,1,final,2026-08-30T13:46:52.825323+00:00,5,3,8,-1.5,1.5,9.0,Loss
8a412fa061b10c75d57bc591bf081271,baseball,mlb,2026_04_24,07:15 PM,Atlanta Braves,Philadelphia Phillies,moneyline,home,,home_moneyline,-149.0,0.6097735610634376,0.0190175617771539,0.0283361670479595,0,824932,1,final,2026-08-30T13:46:52.825323+00:00,5,3,8,-1.5,1.5,9.0,Win
932ab74f8b661c6fcaea03f907780fce,baseball,mlb,2026_04_24,07:05 PM,Baltimore Orioles,Boston Red Sox,run_line,away,-1.5,away_run_line,152.0,0.5117203129870806,0.2895351887274433,0.1904836767943705,0,824854,1,final,2026-08-30T13:46:52.825323+00:00,10,3,13,1.5,-1.5,9.0,Loss
932ab74f8b661c6fcaea03f907780fce,baseball,mlb,2026_04_24,07:05 PM,Baltimore Orioles,Boston Red Sox,total,under,9.0,under_total,-117.0,0.5155638045992531,0.0864811979115134,0.1163376791777119,0,824854,1,final,2026-08-30T13:46:52.825323+00:00,10,3,13,1.5,-1.5,9.0,Loss
932ab74f8b661c6fcaea03f907780fce,baseball,mlb,2026_04_24,07:05 PM,Baltimore Orioles,Boston Red Sox,moneyline,away,,away_moneyline,102.0,0.7361469543634566,0.4870168478141823,0.4774674978570414,0,824854,1,final,2026-08-30T13:46:52.825323+00:00,10,3,13,1.5,-1.5,9.0,Loss
988cc0182b2c8cc4ce2bd71787602b09,baseball,mlb,2026_04_24,07:10 PM,Tampa Bay Rays,Minnesota Twins,run_line,home,1.5,home_run_line,-204.0,0.8972707929009147,0.3371094168719513,0.6877032104187808,0,822992,1,final,2026-08-30T13:46:52.825323+00:00,6,2,8,1.5,-1.5,7.5,Win
988cc0182b2c8cc4ce2bd71787602b09,baseball,mlb,2026_04_24,07:10 PM,Tampa Bay Rays,Minnesota Twins,total,over,7.5,over_total,-102.0,0.6956431765410309,0.3776462907969433,0.3851992166128823,0,822992,1,final,2026-08-30T13:46:52.825323+00:00,6,2,8,1.5,-1.5,7.5,Win
988cc0182b2c8cc4ce2bd71787602b09,baseball,mlb,2026_04_24,07:10 PM,Tampa Bay Rays,Minnesota Twins,moneyline,home,,home_moneyline,-126.0,0.8022167967970154,0.438896794254964,0.5530099607612547,0,822992,1,final,2026-08-30T13:46:52.825323+00:00,6,2,8,1.5,-1.5,7.5,Win
c5471ce2c30f59270ff07727d27ce902,baseball,mlb,2026_04_24,07:07 PM,Toronto Blue Jays,Cleveland Guardians,run_line,away,-1.5,away_run_line,135.0,0.4797253518920363,0.1273545769462853,0.094336723663915,0,822827,1,final,2026-08-30T13:46:52.825323+00:00,6,8,14,1.5,-1.5,8.0,Win
c5471ce2c30f59270ff07727d27ce902,baseball,mlb,2026_04_24,07:07 PM,Toronto Blue Jays,Cleveland Guardians,total,over,8.0,over_total,-102.0,0.585970199436323,0.2869392789063066,0.3350591969684394,0,822827,1,final,2026-08-30T13:46:52.825323+00:00,6,8,14,1.5,-1.5,8.0,Win
c5471ce2c30f59270ff07727d27ce902,baseball,mlb,2026_04_24,07:07 PM,Toronto Blue Jays,Cleveland Guardians,moneyline,away,,away_moneyline,-131.0,0.6952846540163998,0.2260362983037278,0.2961075507778834,0,822827,1,final,2026-08-30T13:46:52.825323+00:00,6,8,14,1.5,-1.5,8.0,Win
0230d646bd78d15e54bbc955a0e7d747,baseball,mlb,2026_04_25,07:15 PM,Los Angeles Dodgers,Chicago Cubs,run_line,away,1.5,away_run_line,-163.0,0.7539890903472837,0.2165590844253717,0.352991307613356,0,823960,1,final,2026-08-24T17:45:59.953030+00:00,12,4,16,-1.5,1.5,9.5,Loss
0230d646bd78d15e54bbc955a0e7d747,baseball,mlb,2026_04_25,07:15 PM,Los Angeles Dodgers,Chicago Cubs,total,under,9.5,under_total,-120.0,0.640426752300685,0.1741157125512558,0.2089388550615069,0,823960,1,final,2026-08-24T17:45:59.953030+00:00,12,4,16,-1.5,1.5,9.5,Loss
0230d646bd78d15e54bbc955a0e7d747,baseball,mlb,2026_04_25,07:15 PM,Los Angeles Dodgers,Chicago Cubs,moneyline,away,,away_moneyline,123.0,0.5747703528318613,0.2817378868150506,0.2290551925325614,0,823960,1,final,2026-08-24T17:45:59.953030+00:00,12,4,16,-1.5,1.5,9.5,Loss
08936c478449a51f7fe13f0d1640984f,baseball,mlb,2026_04_25,06:05 PM,Arizona Diamondbacks,San Diego Padres,run_line,away,1.5,away_run_line,-153.0,0.7232622805800877,0.1959827254036743,0.2998535698676218,0,825093,1,final,2026-08-24T17:45:59.953030+00:00,4,6,10,-1.5,1.5,15.5,Win
08936c478449a51f7fe13f0d1640984f,baseball,mlb,2026_04_25,06:05 PM,Arizona Diamondbacks,San Diego Padres,total,under,15.5,under_total,-113.0,0.9902956434241156,0.8666634694631553,0.9793297204933662,0,825093,1,final,2026-08-24T17:45:59.953030+00:00,4,6,10,-1.5,1.5,15.5,Win
08936c478449a51f7fe13f0d1640984f,baseball,mlb,2026_04_25,06:05 PM,Arizona Diamondbacks,San Diego Padres,moneyline,away,,away_moneyline,-102.0,0.5257919767996356,0.0412743069953567,0.0420997931352637,0,825093,1,final,2026-08-24T17:45:59.953030+00:00,4,6,10,-1.5,1.5,15.5,Win
17a28912aee00dc855f859e2835228d9,baseball,mlb,2026_04_25,07:10 PM,Milwaukee Brewers,Pittsburgh Pirates,run_line,home,-1.5,home_run_line,152.0,0.4383609931121147,0.1046697026425289,0.068861646475348,0,823799,1,final,2026-08-24T17:45:59.953030+00:00,3,6,9,-1.5,1.5,8.0,Loss
17a28912aee00dc855f859e2835228d9,baseball,mlb,2026_04_25,07:10 PM,Milwaukee Brewers,Pittsburgh Pirates,total,over,8.0,over_total,-109.0,0.7091874398003047,0.4633881142055185,0.563449507552374,0,823799,1,final,2026-08-24T17:45:59.953030+00:00,3,6,9,-1.5,1.5,8.0,Win
17a28912aee00dc855f859e2835228d9,baseball,mlb,2026_04_25,07:10 PM,Milwaukee Brewers,Pittsburgh Pirates,moneyline,home,,home_moneyline,-142.0,0.6401723657936526,0.0909979755074923,0.1292171252206391,0,823799,1,final,2026-08-24T17:45:59.953030+00:00,3,6,9,-1.5,1.5,8.0,Loss
31a831e88d76ddeb493400030e7b7881,baseball,mlb,2026_04_25,04:10 PM,Chicago White Sox,Washington Nationals,run_line,away,1.5,away_run_line,-175.0,0.6453545718034595,0.0141286128340076,0.0247250724595134,0,824613,1,final,2026-08-24T17:45:59.953030+00:00,3,6,9,-1.5,1.5,8.5,Win
31a831e88d76ddeb493400030e7b7881,baseball,mlb,2026_04_25,04:10 PM,Chicago White Sox,Washington Nationals,total,under,8.5,under_total,102.0,0.5656101751948603,0.1425325538936179,0.1397377979349195,0,824613,1,final,2026-08-24T17:45:59.953030+00:00,3,6,9,-1.5,1.5,8.5,Loss
4231dc4bed4b8aac32157bce916837c9,baseball,mlb,2026_04_25,08:10 PM,Atlanta Braves,Philadelphia Phillies,run_line,home,-1.5,home_run_line,152.0,0.5171658730528343,0.3032580000931426,0.1995118421665411,0,824933,1,final,2026-08-24T17:45:59.953030+00:00,5,8,13,-1.5,1.5,8.5,Loss
4231dc4bed4b8aac32157bce916837c9,baseball,mlb,2026_04_25,08:10 PM,Atlanta Braves,Philadelphia Phillies,total,under,8.5,under_total,-105.0,0.6046315884927169,0.1804711965810187,0.1894947564100697,0,824933,1,final,2026-08-24T17:45:59.953030+00:00,5,8,13,-1.5,1.5,8.5,Loss
4231dc4bed4b8aac32157bce916837c9,baseball,mlb,2026_04_25,08:10 PM,Atlanta Braves,Philadelphia Phillies,moneyline,home,,home_moneyline,-135.0,0.7503866521550515,0.3062286167143488,0.413408632564371,0,824933,1,final,2026-08-24T17:45:59.953030+00:00,5,8,13,-1.5,1.5,8.5,Loss
5ea60d3f2b8cbb37652324db287ef423,baseball,mlb,2026_04_25,04:05 PM,San Francisco Giants,Miami Marlins,run_line,away,-1.5,away_run_line,166.0,0.4894219643628097,0.3018624252050739,0.1818448344608878,0,823229,1,final,2026-08-24T17:45:59.953030+00:00,6,2,8,1.5,-1.5,7.5,Loss
5ea60d3f2b8cbb37652324db287ef423,baseball,mlb,2026_04_25,04:05 PM,San Francisco Giants,Miami Marlins,total,over,7.5,over_total,-107.0,0.7513098962705896,0.4534686778318886,0.4852114852801206,0,823229,1,final,2026-08-24T17:45:59.953030+00:00,6,2,8,1.5,-1.5,7.5,Win
5ea60d3f2b8cbb37652324db287ef423,baseball,mlb,2026_04_25,04:05 PM,San Francisco Giants,Miami Marlins,moneyline,away,,away_moneyline,102.0,0.7004174253865781,0.4148431992808878,0.4067090189028312,0,823229,1,final,2026-08-24T17:45:59.953030+00:00,6,2,8,1.5,-1.5,7.5,Loss
63131db348d369a559938449619679e9,baseball,mlb,2026_04_25,04:10 PM,Tampa Bay Rays,Minnesota Twins,run_line,home,-1.5,home_run_line,159.0,0.4210032884431274,0.0903985170676999,0.0568544132501257,0,822989,1,final,2026-08-24T17:45:59.953030+00:00,6,1,7,-1.5,1.5,8.0,Win
63131db348d369a559938449619679e9,baseball,mlb,2026_04_25,04:10 PM,Tampa Bay Rays,Minnesota Twins,total,over,8.0,over_total,-114.0,0.4707303422670155,0.021506921344145,0.0284382519940149,0,822989,1,final,2026-08-24T17:45:59.953030+00:00,6,1,7,-1.5,1.5,8.0,Loss
63131db348d369a559938449619679e9,baseball,mlb,2026_04_25,04:10 PM,Tampa Bay Rays,Minnesota Twins,moneyline,home,,home_moneyline,-135.0,0.6458527885150597,0.1242622614891779,0.1677540530103901,0,822989,1,final,2026-08-24T17:45:59.953030+00:00,6,1,7,-1.5,1.5,8.0,Win
637539eefe84344993cdd0d125a3e0fa,baseball,mlb,2026_04_25,07:05 PM,Texas Rangers,Athletics,run_line,home,-1.5,home_run_line,149.0,0.4047675949726281,0.007871311481844,0.0052827593837879,0,822910,1,final,2026-08-24T17:45:59.953030+00:00,4,3,7,,,,Loss
637539eefe84344993cdd0d125a3e0fa,baseball,mlb,2026_04_25,07:05 PM,Texas Rangers,Athletics,total,over,8.0,over_total,-104.0,0.6550992104773622,0.3999656980026753,0.4699967506099406,0,822910,1,final,2026-08-24T17:45:59.953030+00:00,4,3,7,,,,Loss
637539eefe84344993cdd0d125a3e0fa,baseball,mlb,2026_04_25,07:05 PM,Texas Rangers,Athletics,moneyline,home,,home_moneyline,-142.0,0.6088619801795592,0.0376380225595303,0.0534459920345331,0,822910,1,final,2026-08-24T17:45:59.953030+00:00,4,3,7,,,,Win
76173d6fb6052a6141d640d803185876,baseball,mlb,2026_04_25,03:07 PM,Toronto Blue Jays,Cleveland Guardians,run_line,away,1.5,away_run_line,-175.0,0.7698147643707807,0.2097089154397982,0.3669906020196468,0,822826,1,final,2026-08-24T17:45:59.953030+00:00,5,3,8,-1.5,1.5,8.0,Loss
76173d6fb6052a6141d640d803185876,baseball,mlb,2026_04_25,03:07 PM,Toronto Blue Jays,Cleveland Guardians,total,under,8.0,under_total,-117.0,0.5059076342855555,0.0766564474244381,0.1040886119462832,0,822826,1,final,2026-08-24T17:45:59.953030+00:00,5,3,8,-1.5,1.5,8.0,Push
76173d6fb6052a6141d640d803185876,baseball,mlb,2026_04_25,03:07 PM,Toronto Blue Jays,Cleveland Guardians,moneyline,away,,away_moneyline,119.0,0.5832450132585464,0.2773065790362166,0.2330307386858963,0,822826,1,final,2026-08-24T17:45:59.953030+00:00,5,3,8,-1.5,1.5,8.0,Loss
923d805add7039794f2363537d65f6c3,baseball,mlb,2026_04_25,07:15 PM,Cincinnati Reds,Detroit Tigers,run_line,home,1.5,home_run_line,-172.0,0.7766046121324853,0.2281189215118373,0.3923645450003602,0,824527,1,final,2026-08-24T17:45:59.953030+00:00,9,2,11,1.5,-1.5,9.5,Win
923d805add7039794f2363537d65f6c3,baseball,mlb,2026_04_25,07:15 PM,Cincinnati Reds,Detroit Tigers,total,under,9.5,under_total,-121.0,0.8197185082038629,0.4971718207690392,0.6015779031305373,0,824527,1,final,2026-08-24T17:45:59.953030+00:00,9,2,11,1.5,-1.5,9.5,Loss
923d805add7039794f2363537d65f6c3,baseball,mlb,2026_04_25,07:15 PM,Cincinnati Reds,Detroit Tigers,moneyline,home,,home_moneyline,-109.0,0.584323411372121,0.1203999355667273,0.1312359297677328,0,824527,1,final,2026-08-24T17:45:59.953030+00:00,9,2,11,1.5,-1.5,9.5,Win
a06835fe8f4774ce140569b5ea8415bf,baseball,mlb,2026_04_25,12:05 PM,Baltimore Orioles,Boston Red Sox,run_line,home,1.5,home_run_line,-192.0,0.6846068489152592,0.0411729160586236,0.0790519988325573,0,824851,1,final,2026-08-24T17:45:59.953030+00:00,1,17,18,1.5,-1.5,7.5,Loss
a06835fe8f4774ce140569b5ea8415bf,baseball,mlb,2026_04_25,12:05 PM,Baltimore Orioles,Boston Red Sox,total,over,7.5,over_total,-114.0,0.6710218959558848,0.2596375941628013,0.2959868573455934,0,824851,1,final,2026-08-24T17:45:59.953030+00:00,1,17,18,1.5,-1.5,7.5,Win
a06835fe8f4774ce140569b5ea8415bf,baseball,mlb,2026_04_25,12:05 PM,Baltimore Orioles,Boston Red Sox,moneyline,away,,away_moneyline,-105.0,0.513573874617904,0.0026918504444792,0.0028264429667032,0,824851,1,final,2026-08-24T17:45:59.953030+00:00,1,17,18,1.5,-1.5,7.5,Win
b266f49858dc754c6db869ecff6d52d5,baseball,mlb,2026_04_25,07:10 PM,Houston Astros,New York Yankees,run_line,home,1.5,home_run_line,-126.0,0.6330125580325939,0.135403477106081,0.1706083811536621,0,824203,1,final,2026-08-24T17:45:59.953030+00:00,3,8,11,1.5,-1.5,9.0,Loss
be47d30294aeb48696725d5dbe33216a,baseball,mlb,2026_04_25,02:15 PM,St Louis Cardinals,Seattle Mariners,run_line,home,1.5,home_run_line,-135.0,0.6814186034645305,0.1861731245493678,0.2513337181416468,0,823070,1,final,2026-08-24T17:45:59.953030+00:00,9,11,20,,,,Loss
be47d30294aeb48696725d5dbe33216a,baseball,mlb,2026_04_25,02:15 PM,St Louis Cardinals,Seattle Mariners,moneyline,home,,home_moneyline,123.0,0.4629259059746921,0.0323247703235634,0.0262803010760677,0,823070,1,final,2026-08-24T17:45:59.953030+00:00,9,11,20,,,,Loss
d8627b6c88e823c4e5eadd5bb0041769,baseball,mlb,2026_04_25,07:10 PM,Kansas City Royals,Los Angeles Angels,run_line,away,1.5,away_run_line,-156.0,0.7248111182703029,0.1894336299820354,0.2955164627719753,0,824121,1,final,2026-08-24T17:45:59.953030+00:00,12,1,13,-1.5,1.5,8.5,Loss
d8627b6c88e823c4e5eadd5bb0041769,baseball,mlb,2026_04_25,07:10 PM,Kansas City Royals,Los Angeles Angels,total,over,8.5,over_total,-112.0,0.5976960801064792,0.1313532944872642,0.1471156898257359,0,824121,1,final,2026-08-24T17:45:59.953030+00:00,12,1,13,-1.5,1.5,8.5,Win
d8627b6c88e823c4e5eadd5bb0041769,baseball,mlb,2026_04_25,07:10 PM,Kansas City Royals,Los Angeles Angels,moneyline,away,,away_moneyline,135.0,0.5449956504086833,0.2807397784604057,0.2079553914521523,0,824121,1,final,2026-08-24T17:45:59.953030+00:00,12,1,13,-1.5,1.5,8.5,Loss
02dcaedecc84abb3770b936306df02d9,baseball,mlb,2026_04_26,04:05 PM,Arizona Diamondbacks,San Diego Padres,total,under,15.5,under_total,-114.0,0.9789155934270746,0.8376134823981927,0.9548793699339396,0,825094,1,final,2026-08-30T13:46:52.825323+00:00,12,7,19,1.5,-1.5,15.5,Loss
02dcaedecc84abb3770b936306df02d9,baseball,mlb,2026_04_26,04:05 PM,Arizona Diamondbacks,San Diego Padres,moneyline,away,,away_moneyline,-131.0,0.6712583920822627,0.1836693784046004,0.2406068857100266,0,825094,1,final,2026-08-30T13:46:52.825323+00:00,12,7,19,1.5,-1.5,15.5,Loss
1461fb537b3598f4090a3bd48ac75aa0,baseball,mlb,2026_04_26,04:10 PM,Los Angeles Dodgers,Chicago Cubs,run_line,home,-1.5,home_run_line,152.0,0.4147377173021096,0.0451390476013162,0.0296967418429712,0,823959,1,final,2026-08-30T13:46:52.825323+00:00,6,0,6,-1.5,1.5,9.0,Win
1461fb537b3598f4090a3bd48ac75aa0,baseball,mlb,2026_04_26,04:10 PM,Los Angeles Dodgers,Chicago Cubs,total,under,9.0,under_total,-102.0,0.585169367856365,0.2837398530681281,0.3307123655511802,0,823959,1,final,2026-08-30T13:46:52.825323+00:00,6,0,6,-1.5,1.5,9.0,Win
1461fb537b3598f4090a3bd48ac75aa0,baseball,mlb,2026_04_26,04:10 PM,Los Angeles Dodgers,Chicago Cubs,moneyline,home,,home_moneyline,-131.0,0.6452495593523645,0.1378064748885203,0.1805264821039618,0,823959,1,final,2026-08-30T13:46:52.825323+00:00,6,0,6,-1.5,1.5,9.0,Win
1e288a31989294698b1a4901c9fda486,baseball,mlb,2026_04_26,02:10 PM,Chicago White Sox,Washington Nationals,run_line,away,1.5,away_run_line,-192.0,0.7996856658202935,0.2161886167683633,0.4150821441952574,0,824612,1,final,2026-08-30T13:46:52.825323+00:00,1,2,3,-1.5,1.5,8.0,Win
1e288a31989294698b1a4901c9fda486,baseball,mlb,2026_04_26,02:10 PM,Chicago White Sox,Washington Nationals,total,over,8.0,over_total,-114.0,0.5311233825851098,0.1301802670168724,0.1712027180138823,0,824612,1,final,2026-08-30T13:46:52.825323+00:00,1,2,3,-1.5,1.5,8.0,Loss
1e288a31989294698b1a4901c9fda486,baseball,mlb,2026_04_26,02:10 PM,Chicago White Sox,Washington Nationals,moneyline,away,,away_moneyline,108.0,0.6449231008265833,0.3414400497192933,0.3161481941845308,0,824612,1,final,2026-08-30T13:46:52.825323+00:00,1,2,3,-1.5,1.5,8.0,Win
3b5d0ef6c7e43cabe937c7a9f10067e9,baseball,mlb,2026_04_26,01:40 PM,New York Mets,Colorado Rockies,run_line,away,1.5,away_run_line,-117.0,0.5754487101611094,0.0672852145723141,0.0787237010496075,0,823635,1,final,2026-08-30T13:46:52.825323+00:00,1,3,4,-1.5,1.5,7.5,Win
3b5d0ef6c7e43cabe937c7a9f10067e9,baseball,mlb,2026_04_26,01:40 PM,New York Mets,Colorado Rockies,total,over,7.5,over_total,-112.0,0.616308029395817,0.1665830556420821,0.186573022319132,0,823635,1,final,2026-08-30T13:46:52.825323+00:00,1,3,4,-1.5,1.5,7.5,Loss
4bd84afb941f32d8212a16abd49c992b,baseball,mlb,2026_04_26,04:10 PM,Kansas City Royals,Los Angeles Angels,run_line,home,1.5,home_run_line,-196.0,0.8131952038440099,0.228090716009321,0.4470578033782691,0,824122,1,final,2026-08-30T13:46:52.825323+00:00,11,9,20,1.5,-1.5,8.5,Win
4bd84afb941f32d8212a16abd49c992b,baseball,mlb,2026_04_26,04:10 PM,Kansas City Royals,Los Angeles Angels,total,over,8.5,over_total,-112.0,0.6114214134836261,0.1573333898082922,0.1762133965852873,0,824122,1,final,2026-08-30T13:46:52.825323+00:00,11,9,20,1.5,-1.5,8.5,Win
4bd84afb941f32d8212a16abd49c992b,baseball,mlb,2026_04_26,04:10 PM,Kansas City Royals,Los Angeles Angels,moneyline,home,,home_moneyline,-121.0,0.6718434254950862,0.2270859259042486,0.2747739703441408,0,824122,1,final,2026-08-30T13:46:52.825323+00:00,11,9,20,1.5,-1.5,8.5,Win
4bfe574e7c5269d65b3a9936e5793ada,baseball,mlb,2026_04_26,01:40 PM,Cincinnati Reds,Detroit Tigers,run_line,home,1.5,home_run_line,-185.0,0.8012387426038783,0.2343407656330016,0.4335304164210531,0,824528,1,final,2026-08-30T13:46:52.825323+00:00,3,8,11,1.5,-1.5,9.0,Loss
4bfe574e7c5269d65b3a9936e5793ada,baseball,mlb,2026_04_26,01:40 PM,Cincinnati Reds,Detroit Tigers,total,under,9.0,under_total,-114.0,0.6138064528332279,0.2737680394176849,0.355273710415235,0,824528,1,final,2026-08-30T13:46:52.825323+00:00,3,8,11,1.5,-1.5,9.0,Loss
4bfe574e7c5269d65b3a9936e5793ada,baseball,mlb,2026_04_26,01:40 PM,Cincinnati Reds,Detroit Tigers,moneyline,home,,home_moneyline,-112.0,0.6336464560442019,0.1994022203693821,0.223330486813708,0,824528,1,final,2026-08-30T13:46:52.825323+00:00,3,8,11,1.5,-1.5,9.0,Loss
70d642527538cc1ee9ace67b17830b01,baseball,mlb,2026_04_26,02:15 PM,St Louis Cardinals,Seattle Mariners,run_line,home,1.5,home_run_line,-142.0,0.6547674236846577,0.1158712431808954,0.1645371653168715,0,,,final,2026-08-30T13:46:52.825323+00:00,2,3,5,,,,Win
70d642527538cc1ee9ace67b17830b01,baseball,mlb,2026_04_26,02:15 PM,St Louis Cardinals,Seattle Mariners,total,over,8.0,over_total,-114.0,0.8384590175457354,0.6416258485542295,0.784548967916034,0,,,final,2026-08-30T13:46:52.825323+00:00,2,3,5,,,,Loss
70d642527538cc1ee9ace67b17830b01,baseball,mlb,2026_04_26,02:15 PM,St Louis Cardinals,Seattle Mariners,moneyline,home,,home_moneyline,119.0,0.4809538513312297,0.053288934415393,0.0447806171557924,0,,,final,2026-08-30T13:46:52.825323+00:00,2,3,5,,,,Loss
7ec692536ced485b4f6b8d0e30b4fef8,baseball,mlb,2026_04_26,01:35 PM,Baltimore Orioles,Boston Red Sox,run_line,away,1.5,away_run_line,-181.0,0.8397724697459779,0.3037351602133689,0.5497606399861977,0,824852,1,final,2026-08-30T13:46:52.825323+00:00,3,5,8,-1.5,1.5,7.5,Win
7ec692536ced485b4f6b8d0e30b4fef8,baseball,mlb,2026_04_26,01:35 PM,Baltimore Orioles,Boston Red Sox,total,over,7.5,over_total,-112.0,0.7253879996740794,0.373055856525936,0.4178225593090483,0,824852,1,final,2026-08-30T13:46:52.825323+00:00,3,5,8,-1.5,1.5,7.5,Win
7ec692536ced485b4f6b8d0e30b4fef8,baseball,mlb,2026_04_26,01:35 PM,Baltimore Orioles,Boston Red Sox,moneyline,away,,away_moneyline,119.0,0.7115924728176182,0.5583875154705837,0.4692332062778014,0,824852,1,final,2026-08-30T13:46:52.825323+00:00,3,5,8,-1.5,1.5,7.5,Win
b5cfe25f8464fa7df106032a0f8176cb,baseball,mlb,2026_04_26,02:10 PM,Houston Astros,New York Yankees,run_line,away,-1.5,away_run_line,112.0,0.5226944161427322,0.1081121622225922,0.0965287162701716,0,824202,1,final,2026-08-30T13:46:52.825323+00:00,7,4,11,1.5,-1.5,9.5,Loss
b5cfe25f8464fa7df106032a0f8176cb,baseball,mlb,2026_04_26,02:10 PM,Houston Astros,New York Yankees,total,over,9.5,over_total,-112.0,0.6773075727836819,0.2820464770548264,0.3158920543014056,0,824202,1,final,2026-08-30T13:46:52.825323+00:00,7,4,11,1.5,-1.5,9.5,Win
b5cfe25f8464fa7df106032a0f8176cb,baseball,mlb,2026_04_26,02:10 PM,Houston Astros,New York Yankees,moneyline,away,,away_moneyline,-142.0,0.7176164996256719,0.2229802317564266,0.3166319290941259,0,824202,1,final,2026-08-30T13:46:52.825323+00:00,7,4,11,1.5,-1.5,9.5,Loss
c26a6d846d17f3b6d042903c4207d68f,baseball,mlb,2026_04_26,01:35 PM,Atlanta Braves,Philadelphia Phillies,run_line,home,-1.5,home_run_line,129.0,0.4614067167155271,0.0566213812785569,0.0438925436267884,0,824934,1,final,2026-08-30T13:46:52.825323+00:00,6,2,8,-1.5,1.5,8.0,Win
c26a6d846d17f3b6d042903c4207d68f,baseball,mlb,2026_04_26,01:35 PM,Atlanta Braves,Philadelphia Phillies,total,over,8.0,over_total,-114.0,0.5893246886545279,0.2322848118769016,0.3029831852450076,0,824934,1,final,2026-08-30T13:46:52.825323+00:00,6,2,8,-1.5,1.5,8.0,Push
c26a6d846d17f3b6d042903c4207d68f,baseball,mlb,2026_04_26,01:35 PM,Atlanta Braves,Philadelphia Phillies,moneyline,home,,home_moneyline,-163.0,0.6764056390553248,0.0913784237518431,0.1489468307155042,0,824934,1,final,2026-08-30T13:46:52.825323+00:00,6,2,8,-1.5,1.5,8.0,Win
cc556f65adbf4288f6798535aeee908d,baseball,mlb,2026_04_26,01:40 PM,Tampa Bay Rays,Minnesota Twins,run_line,home,-1.5,home_run_line,141.0,0.4556957102600276,0.0982266617266665,0.0696642990969266,0,822991,1,final,2026-08-30T13:46:52.825323+00:00,4,2,6,-1.5,1.5,8.5,Win
cc556f65adbf4288f6798535aeee908d,baseball,mlb,2026_04_26,01:40 PM,Tampa Bay Rays,Minnesota Twins,total,over,8.5,over_total,-114.0,0.8152874445473252,0.5304518695888385,0.6047151313312759,0,822991,1,final,2026-08-30T13:46:52.825323+00:00,4,2,6,-1.5,1.5,8.5,Loss
cc556f65adbf4288f6798535aeee908d,baseball,mlb,2026_04_26,01:40 PM,Tampa Bay Rays,Minnesota Twins,moneyline,home,,home_moneyline,-142.0,0.6468890543244008,0.1024447263838379,0.1454715114650498,0,822991,1,final,2026-08-30T13:46:52.825323+00:00,4,2,6,-1.5,1.5,8.5,Win
d39ff9cf8baccfeb8924d92a8ef7f7f7,baseball,mlb,2026_04_26,02:10 PM,Milwaukee Brewers,Pittsburgh Pirates,run_line,home,-1.5,home_run_line,163.0,0.4082118669431843,0.0735972100605746,0.0451516626138494,0,823797,1,final,2026-08-30T13:46:52.825323+00:00,5,0,5,-1.5,1.5,7.5,Win
d39ff9cf8baccfeb8924d92a8ef7f7f7,baseball,mlb,2026_04_26,02:10 PM,Milwaukee Brewers,Pittsburgh Pirates,total,over,7.5,over_total,-112.0,0.8787560757639544,0.6633597148389138,0.7429628806195836,0,823797,1,final,2026-08-30T13:46:52.825323+00:00,5,0,5,-1.5,1.5,7.5,Loss
d39ff9cf8baccfeb8924d92a8ef7f7f7,baseball,mlb,2026_04_26,02:10 PM,Milwaukee Brewers,Pittsburgh Pirates,moneyline,home,,home_moneyline,-131.0,0.5973353532171226,0.0533165388790481,0.069844665931553,0,823797,1,final,2026-08-30T13:46:52.825323+00:00,5,0,5,-1.5,1.5,7.5,Win
d8f901c0fc526d986a568d86c64039d5,baseball,mlb,2026_04_26,02:35 PM,Texas Rangers,Athletics,run_line,away,1.5,away_run_line,-192.0,0.6969116358501506,0.0598864461887709,0.11498197668244,0,,,final,2026-08-30T13:46:52.825323+00:00,1,2,3,,,,Win
d8f901c0fc526d986a568d86c64039d5,baseball,mlb,2026_04_26,02:35 PM,Texas Rangers,Athletics,total,over,8.5,over_total,-112.0,0.5972954586999166,0.1305949753962708,0.1462663724438233,0,,,final,2026-08-30T13:46:52.825323+00:00,1,2,3,,,,Loss
d8f901c0fc526d986a568d86c64039d5,baseball,mlb,2026_04_26,02:35 PM,Texas Rangers,Athletics,moneyline,away,,away_moneyline,108.0,0.5081370053070157,0.0569249710385926,0.0527083065172153,0,,,final,2026-08-30T13:46:52.825323+00:00,1,2,3,,,,Win
f837a42730f5b62ac990bb62b5c144a3,baseball,mlb,2026_04_26,04:05 PM,San Francisco Giants,Miami Marlins,run_line,home,-1.5,home_run_line,152.0,0.4188883789742883,0.0555987150152066,0.0365781019836885,0,823230,1,final,2026-08-30T13:46:52.825323+00:00,6,3,9,-1.5,1.5,7.5,Win
f837a42730f5b62ac990bb62b5c144a3,baseball,mlb,2026_04_26,04:05 PM,San Francisco Giants,Miami Marlins,total,over,7.5,over_total,-105.0,0.6159348316499732,0.2025394332213762,0.212666404882445,0,823230,1,final,2026-08-30T13:46:52.825323+00:00,6,3,9,-1.5,1.5,7.5,Win
f837a42730f5b62ac990bb62b5c144a3,baseball,mlb,2026_04_26,04:05 PM,San Francisco Giants,Miami Marlins,moneyline,home,,home_moneyline,-135.0,0.6427023886700509,0.1187782321293478,0.1603506133746196,0,823230,1,final,2026-08-30T13:46:52.825323+00:00,6,3,9,-1.5,1.5,7.5,Win
f98073ff54e69128fe75a3c5776fb520,baseball,mlb,2026_04_26,01:37 PM,Toronto Blue Jays,Cleveland Guardians,run_line,away,1.5,away_run_line,-185.0,0.6970789660999879,0.0738784072351164,0.1366750533849654,0,822824,1,final,2026-08-30T13:46:52.825323+00:00,4,2,6,-1.5,1.5,8.0,Loss
f98073ff54e69128fe75a3c5776fb520,baseball,mlb,2026_04_26,01:37 PM,Toronto Blue Jays,Cleveland Guardians,total,over,8.0,over_total,-114.0,0.7255935144079629,0.4617804673571705,0.5847279346767355,0,822824,1,final,2026-08-30T13:46:52.825323+00:00,4,2,6,-1.5,1.5,8.0,Loss
f98073ff54e69128fe75a3c5776fb520,baseball,mlb,2026_04_26,01:37 PM,Toronto Blue Jays,Cleveland Guardians,moneyline,away,,away_moneyline,112.0,0.5210794256604433,0.1046883824001398,0.0934717700001249,0,822824,1,final,2026-08-30T13:46:52.825323+00:00,4,2,6,-1.5,1.5,8.0,Loss
0b45fce085ac92932833ba131d0e395d,baseball,mlb,2026_04_27,07:40 PM,Minnesota Twins,Seattle Mariners,run_line,home,1.5,home_run_line,-142.0,0.7584754606659652,0.2926131090222785,0.4155106148116357,0,823719,1,final,2026-08-30T13:46:52.825323+00:00,11,4,15,1.5,-1.5,8.5,Win
0b45fce085ac92932833ba131d0e395d,baseball,mlb,2026_04_27,07:40 PM,Minnesota Twins,Seattle Mariners,total,under,8.5,under_total,-102.0,0.5686273287053947,0.1261051019459774,0.128627203984897,0,823719,1,final,2026-08-30T13:46:52.825323+00:00,11,4,15,1.5,-1.5,8.5,Loss
0b45fce085ac92932833ba131d0e395d,baseball,mlb,2026_04_27,07:40 PM,Minnesota Twins,Seattle Mariners,moneyline,home,,home_moneyline,119.0,0.5751820935774119,0.2596487849345321,0.2181922562475059,0,823719,1,final,2026-08-30T13:46:52.825323+00:00,11,4,15,1.5,-1.5,8.5,Win
1a4159875887b1b0c4fe65b367df29a7,baseball,mlb,2026_04_27,06:10 PM,Cleveland Guardians,Tampa Bay Rays,run_line,home,-1.5,home_run_line,149.0,0.4180141446728938,0.0408552202355054,0.0274196108963124,0,824446,1,final,2026-08-30T13:46:52.825323+00:00,2,3,5,-1.5,1.5,7.5,Loss
1a4159875887b1b0c4fe65b367df29a7,baseball,mlb,2026_04_27,06:10 PM,Cleveland Guardians,Tampa Bay Rays,total,over,7.5,over_total,-114.0,0.8082211425396651,0.5171870570481434,0.5895932450348834,0,824446,1,final,2026-08-30T13:46:52.825323+00:00,2,3,5,-1.5,1.5,7.5,Loss
1a4159875887b1b0c4fe65b367df29a7,baseball,mlb,2026_04_27,06:10 PM,Cleveland Guardians,Tampa Bay Rays,moneyline,home,,home_moneyline,-142.0,0.6186584016378187,0.0543333323686769,0.0771533319635212,0,824446,1,final,2026-08-30T13:46:52.825323+00:00,2,3,5,-1.5,1.5,7.5,Loss
371ff765cd40348073b510b2f45d81e9,baseball,mlb,2026_04_27,08:05 PM,Texas Rangers,New York Yankees,run_line,away,-1.5,away_run_line,-107.0,0.5182413290181542,0.0025790196893265,0.0027595510675794,0,822906,1,final,2026-08-30T13:46:52.825323+00:00,2,4,6,1.5,-1.5,8.0,Win
371ff765cd40348073b510b2f45d81e9,baseball,mlb,2026_04_27,08:05 PM,Texas Rangers,New York Yankees,total,over,8.0,over_total,-112.0,0.6183705866197147,0.292000547727232,0.3722772786335815,0,822906,1,final,2026-08-30T13:46:52.825323+00:00,2,4,6,1.5,-1.5,8.0,Loss
371ff765cd40348073b510b2f45d81e9,baseball,mlb,2026_04_27,08:05 PM,Texas Rangers,New York Yankees,moneyline,away,,away_moneyline,-185.0,0.7294569925592018,0.1237580696182298,0.2289524287937252,0,822906,1,final,2026-08-30T13:46:52.825323+00:00,2,4,6,1.5,-1.5,8.0,Win
4231e596c0ccb42a62c16bf46b6854a6,baseball,mlb,2026_04_27,06:40 PM,Pittsburgh Pirates,St Louis Cardinals,run_line,home,-1.5,home_run_line,159.0,0.4307861393346709,0.1157361008767976,0.072790000551445,0,,,final,2026-08-30T13:46:52.825323+00:00,2,4,6,,,,Loss
4231e596c0ccb42a62c16bf46b6854a6,baseball,mlb,2026_04_27,06:40 PM,Pittsburgh Pirates,St Louis Cardinals,total,over,8.5,over_total,-103.0,0.5275417387038996,0.0397181840474915,0.0409097295689163,0,,,final,2026-08-30T13:46:52.825323+00:00,2,4,6,,,,Loss
4231e596c0ccb42a62c16bf46b6854a6,baseball,mlb,2026_04_27,06:40 PM,Pittsburgh Pirates,St Louis Cardinals,moneyline,home,,home_moneyline,-131.0,0.650447311684969,0.1469719770933422,0.1925332899922783,0,,,final,2026-08-30T13:46:52.825323+00:00,2,4,6,,,,Loss
65f2df473a540a92e7f974a290ed36fb,baseball,mlb,2026_04_27,10:10 PM,Los Angeles Dodgers,Miami Marlins,run_line,away,1.5,away_run_line,119.0,0.5075186247027934,0.1114657880991174,0.0936687294950567,0,823961,1,final,2026-08-30T13:46:52.825323+00:00,5,4,9,-1.5,1.5,8.5,Win
65f2df473a540a92e7f974a290ed36fb,baseball,mlb,2026_04_27,10:10 PM,Los Angeles Dodgers,Miami Marlins,total,over,8.5,over_total,-105.0,0.5969759238487286,0.1655244227522795,0.1738006438898935,0,823961,1,final,2026-08-30T13:46:52.825323+00:00,5,4,9,-1.5,1.5,8.5,Win
65f2df473a540a92e7f974a290ed36fb,baseball,mlb,2026_04_27,10:10 PM,Los Angeles Dodgers,Miami Marlins,moneyline,away,,away_moneyline,248.0,0.2931861234730286,0.0202877096861393,0.0081805280992497,0,823961,1,final,2026-08-30T13:46:52.825323+00:00,5,4,9,-1.5,1.5,8.5,Loss
717163f13d80f9495ad5b88b9396ca1a,baseball,mlb,2026_04_27,09:40 PM,San Diego Padres,Chicago Cubs,run_line,home,1.5,home_run_line,-175.0,0.713708286241501,0.1215415926652156,0.2126977871641275,0,823311,1,final,2026-08-30T13:46:52.825323+00:00,9,7,16,1.5,-1.5,8.0,Win
717163f13d80f9495ad5b88b9396ca1a,baseball,mlb,2026_04_27,09:40 PM,San Diego Padres,Chicago Cubs,total,under,8.0,under_total,-114.0,0.5084473135379588,0.092682129010465,0.1226051393231803,0,823311,1,final,2026-08-30T13:46:52.825323+00:00,9,7,16,1.5,-1.5,8.0,Loss
aede5ca829ddcbc5ee6726a1c0a03117,baseball,mlb,2026_04_27,10:40 PM,Chicago White Sox,Los Angeles Angels,run_line,away,-1.5,away_run_line,129.0,0.5497584887144152,0.2589469391560108,0.2007340613612488,0,824609,1,final,2026-08-30T13:46:52.825323+00:00,8,7,15,1.5,-1.5,9.0,Loss
aede5ca829ddcbc5ee6726a1c0a03117,baseball,mlb,2026_04_27,10:40 PM,Chicago White Sox,Los Angeles Angels,total,over,9.0,over_total,-121.0,0.5382344021171506,0.1085445482746532,0.1501854204478786,0,824609,1,final,2026-08-30T13:46:52.825323+00:00,8,7,15,1.5,-1.5,9.0,Win
aede5ca829ddcbc5ee6726a1c0a03117,baseball,mlb,2026_04_27,10:40 PM,Chicago White Sox,Los Angeles Angels,moneyline,away,,away_moneyline,-120.0,0.7541464083787691,0.38260174869441,0.459122098433292,0,824609,1,final,2026-08-30T13:46:52.825323+00:00,8,7,15,1.5,-1.5,9.0,Loss
eb2a21d7a425f6a975d1eae9da93e4c7,baseball,mlb,2026_04_27,07:07 PM,Toronto Blue Jays,Boston Red Sox,run_line,away,1.5,away_run_line,-185.0,0.6850328484501118,0.0553208746393614,0.1023436180828187,0,822825,1,final,2026-08-30T13:46:52.825323+00:00,0,5,5,-1.5,1.5,7.0,Win
eb2a21d7a425f6a975d1eae9da93e4c7,baseball,mlb,2026_04_27,07:07 PM,Toronto Blue Jays,Boston Red Sox,total,over,7.0,over_total,-117.0,0.4955267604703788,0.064022192380108,0.0876060663908856,0,822825,1,final,2026-08-30T13:46:52.825323+00:00,0,5,5,-1.5,1.5,7.0,Loss
eb2a21d7a425f6a975d1eae9da93e4c7,baseball,mlb,2026_04_27,07:07 PM,Toronto Blue Jays,Boston Red Sox,moneyline,away,,away_moneyline,119.0,0.4666386836558253,0.0219387172062572,0.018435896811981,0,822825,1,final,2026-08-30T13:46:52.825323+00:00,0,5,5,-1.5,1.5,7.0,Win
3c9ebf868da49e615e589bd0d839b640,baseball,mlb,2026_04_28,06:35 PM,Baltimore Orioles,Houston Astros,run_line,away,1.5,away_run_line,-172.0,0.7780646691343145,0.2304278488635671,0.3963359000453355,0,824849,1,final,2026-08-30T13:46:52.825323+00:00,5,3,8,-1.5,1.5,9.0,Loss
3c9ebf868da49e615e589bd0d839b640,baseball,mlb,2026_04_28,06:35 PM,Baltimore Orioles,Houston Astros,total,over,9.0,over_total,-114.0,0.7008860812404214,0.4161093418331337,0.5273125855339121,0,824849,1,final,2026-08-30T13:46:52.825323+00:00,5,3,8,-1.5,1.5,9.0,Loss
3c9ebf868da49e615e589bd0d839b640,baseball,mlb,2026_04_28,06:35 PM,Baltimore Orioles,Houston Astros,moneyline,away,,away_moneyline,119.0,0.6374954485710516,0.3961150323706028,0.3328697751013469,0,824849,1,final,2026-08-30T13:46:52.825323+00:00,5,3,8,-1.5,1.5,9.0,Loss
5a48e526a92801449cb2aff612e11b5f,baseball,mlb,2026_04_28,07:07 PM,Toronto Blue Jays,Boston Red Sox,run_line,home,1.5,home_run_line,-192.0,0.8103990610518231,0.232481905349648,0.4463652582713238,0,822823,1,final,2026-08-30T13:46:52.825323+00:00,3,0,3,1.5,-1.5,7.5,Win
5a48e526a92801449cb2aff612e11b5f,baseball,mlb,2026_04_28,07:07 PM,Toronto Blue Jays,Boston Red Sox,total,under,7.5,under_total,-102.0,0.5651781974798945,0.1192744695190065,0.1216599589093867,0,822823,1,final,2026-08-30T13:46:52.825323+00:00,3,0,3,1.5,-1.5,7.5,Win
5a48e526a92801449cb2aff612e11b5f,baseball,mlb,2026_04_28,07:07 PM,Toronto Blue Jays,Boston Red Sox,moneyline,home,,home_moneyline,-117.0,0.6382415709333217,0.1837471871156479,0.2149842089253081,0,822823,1,final,2026-08-30T13:46:52.825323+00:00,3,0,3,1.5,-1.5,7.5,Win
5a82b72d720f0eb369a8aaea7d673273,baseball,mlb,2026_04_28,06:40 PM,Pittsburgh Pirates,St Louis Cardinals,run_line,away,1.5,away_run_line,-163.0,0.7979404963796219,0.2874745432382857,0.4685835054784056,0,,,final,2026-08-30T13:46:52.825323+00:00,7,11,18,,,,Win
5a82b72d720f0eb369a8aaea7d673273,baseball,mlb,2026_04_28,06:40 PM,Pittsburgh Pirates,St Louis Cardinals,total,over,8.0,over_total,-114.0,0.6708366304105002,0.3711528361577942,0.476406504073801,0,,,final,2026-08-30T13:46:52.825323+00:00,7,11,18,,,,Win
5a82b72d720f0eb369a8aaea7d673273,baseball,mlb,2026_04_28,06:40 PM,Pittsburgh Pirates,St Louis Cardinals,moneyline,away,,away_moneyline,135.0,0.6541631240232033,0.5372833414545279,0.3979876603366872,0,,,final,2026-08-30T13:46:52.825323+00:00,7,11,18,,,,Win
6015a24988595d49a325507fa8543243,baseball,mlb,2026_04_28,07:15 PM,Atlanta Braves,Detroit Tigers,run_line,home,1.5,home_run_line,-192.0,0.928820630461169,0.4125813754930283,0.7921562409466137,0,824931,1,final,2026-08-30T13:46:52.825323+00:00,5,2,7,1.5,-1.5,9.0,Win
6015a24988595d49a325507fa8543243,baseball,mlb,2026_04_28,07:15 PM,Atlanta Braves,Detroit Tigers,total,over,9.0,over_total,-117.0,0.5113392124472484,0.0762217608422914,0.1022513184829864,0,824931,1,final,2026-08-30T13:46:52.825323+00:00,5,2,7,1.5,-1.5,9.0,Loss
6015a24988595d49a325507fa8543243,baseball,mlb,2026_04_28,07:15 PM,Atlanta Braves,Detroit Tigers,moneyline,home,,home_moneyline,-126.0,0.859884294051765,0.5423321464738007,0.683338504556989,0,824931,1,final,2026-08-30T13:46:52.825323+00:00,5,2,7,1.5,-1.5,9.0,Win
630b5c008c0741c01c32f890068fa598,baseball,mlb,2026_04_28,09:40 PM,Athletics,Kansas City Royals,run_line,home,1.5,home_run_line,-163.0,0.6977460325280325,0.1258110831587271,0.2050720655487254,0,,,final,2026-08-30T13:46:52.825323+00:00,1,4,5,,,,Loss
630b5c008c0741c01c32f890068fa598,baseball,mlb,2026_04_28,09:40 PM,Athletics,Kansas City Royals,total,over,9.5,over_total,-102.0,0.6539683723840178,0.2951138355056037,0.3010161122157159,0,,,final,2026-08-30T13:46:52.825323+00:00,1,4,5,,,,Loss
630b5c008c0741c01c32f890068fa598,baseball,mlb,2026_04_28,09:40 PM,Athletics,Kansas City Royals,moneyline,home,,home_moneyline,-102.0,0.5258699461792172,0.0414287169431555,0.0422572912820186,0,,,final,2026-08-30T13:46:52.825323+00:00,1,4,5,,,,Loss
72f79061defb394c2e533967c55edb30,baseball,mlb,2026_04_28,07:40 PM,Milwaukee Brewers,Arizona Diamondbacks,run_line,home,1.5,home_run_line,-192.0,0.7849080005834853,0.1937142508873841,0.3719313617037774,0,823798,1,final,2026-08-30T13:46:52.825323+00:00,13,2,15,1.5,-1.5,8.0,Win
72f79061defb394c2e533967c55edb30,baseball,mlb,2026_04_28,07:40 PM,Milwaukee Brewers,Arizona Diamondbacks,moneyline,home,,home_moneyline,-117.0,0.6157126898234078,0.1419628520656366,0.1660965369167948,0,823798,1,final,2026-08-30T13:46:52.825323+00:00,13,2,15,1.5,-1.5,8.0,Win
7401e0a3694fdfd518a0b949987e61b4,baseball,mlb,2026_04_28,07:40 PM,Minnesota Twins,Seattle Mariners,run_line,home,1.5,home_run_line,-163.0,0.6824398157053448,0.1011145492669061,0.1648167153050569,0,823716,1,final,2026-08-30T13:46:52.825323+00:00,1,7,8,1.5,-1.5,7.5,Loss
7401e0a3694fdfd518a0b949987e61b4,baseball,mlb,2026_04_28,07:40 PM,Minnesota Twins,Seattle Mariners,total,over,7.5,over_total,-107.0,0.7052698237364259,0.3644005001256093,0.3899085351344019,0,823716,1,final,2026-08-30T13:46:52.825323+00:00,1,7,8,1.5,-1.5,7.5,Win
7401e0a3694fdfd518a0b949987e61b4,baseball,mlb,2026_04_28,07:40 PM,Minnesota Twins,Seattle Mariners,moneyline,home,,home_moneyline,108.0,0.4876033017600087,0.0142148676608182,0.0131619145007576,0,823716,1,final,2026-08-30T13:46:52.825323+00:00,1,7,8,1.5,-1.5,7.5,Loss
781a040a058473c689200f515770de83,baseball,mlb,2026_04_28,06:40 PM,Cincinnati Reds,Colorado Rockies,total,under,9.0,under_total,-120.0,0.8054039298408399,0.5584526948773995,0.729907174572967,0,824526,1,final,2026-08-30T13:46:52.825323+00:00,7,2,9,-1.5,1.5,9.0,Push
781a040a058473c689200f515770de83,baseball,mlb,2026_04_28,06:40 PM,Cincinnati Reds,Colorado Rockies,moneyline,home,,home_moneyline,-208.0,0.7362785342170427,0.090258598744467,0.1877378853884916,0,824526,1,final,2026-08-30T13:46:52.825323+00:00,7,2,9,-1.5,1.5,9.0,Win
b2b5566d4285c0ab7ca9f78f4d1a6de7,baseball,mlb,2026_04_28,06:10 PM,Cleveland Guardians,Tampa Bay Rays,run_line,away,1.5,away_run_line,-185.0,0.6953663065758185,0.0712399858059906,0.1317939737410829,0,824447,1,final,2026-08-30T13:46:52.825323+00:00,0,1,1,-1.5,1.5,7.5,Win
b2b5566d4285c0ab7ca9f78f4d1a6de7,baseball,mlb,2026_04_28,06:10 PM,Cleveland Guardians,Tampa Bay Rays,total,over,7.5,over_total,-107.0,0.6526569596047649,0.2626167349363211,0.2809999063818634,0,824447,1,final,2026-08-30T13:46:52.825323+00:00,0,1,1,-1.5,1.5,7.5,Loss
b2b5566d4285c0ab7ca9f78f4d1a6de7,baseball,mlb,2026_04_28,06:10 PM,Cleveland Guardians,Tampa Bay Rays,moneyline,away,,away_moneyline,112.0,0.4982025458116862,0.0561893971207747,0.0501691045721204,0,824447,1,final,2026-08-30T13:46:52.825323+00:00,0,1,1,-1.5,1.5,7.5,Win
bb7e51c3ed5e76ca658d46e6b586c0fa,baseball,mlb,2026_04_28,08:05 PM,Texas Rangers,New York Yankees,run_line,home,1.5,home_run_line,-166.0,0.6958389457436258,0.1150190335409906,0.1909315956780446,0,822908,1,final,2026-08-30T13:46:52.825323+00:00,2,3,5,1.5,-1.5,7.5,Win
bb7e51c3ed5e76ca658d46e6b586c0fa,baseball,mlb,2026_04_28,08:05 PM,Texas Rangers,New York Yankees,total,under,7.5,under_total,-120.0,0.567351401916413,0.0401442368467571,0.0481730842161085,0,822908,1,final,2026-08-30T13:46:52.825323+00:00,2,3,5,1.5,-1.5,7.5,Win
be00405883c8d7ad0c220c8af4c08a53,baseball,mlb,2026_04_28,07:40 PM,Chicago White Sox,Los Angeles Angels,run_line,home,1.5,home_run_line,-142.0,0.6745354130456609,0.1495603518102108,0.2123756995704993,0,824610,1,final,2026-08-30T13:46:52.825323+00:00,5,2,7,1.5,-1.5,7.5,Win
be00405883c8d7ad0c220c8af4c08a53,baseball,mlb,2026_04_28,07:40 PM,Chicago White Sox,Los Angeles Angels,total,over,7.5,over_total,-117.0,0.785274688696979,0.4564496363012348,0.5340460744724448,0,824610,1,final,2026-08-30T13:46:52.825323+00:00,5,2,7,1.5,-1.5,7.5,Loss
be00405883c8d7ad0c220c8af4c08a53,baseball,mlb,2026_04_28,07:40 PM,Chicago White Sox,Los Angeles Angels,moneyline,home,,home_moneyline,119.0,0.4872659495568646,0.0671124295295333,0.0563969996046498,0,824610,1,final,2026-08-30T13:46:52.825323+00:00,5,2,7,1.5,-1.5,7.5,Win
ca628e132f0ee9d811d1967c7062a0a5,baseball,mlb,2026_04_28,06:40 PM,Philadelphia Phillies,San Francisco Giants,run_line,home,-1.5,home_run_line,123.0,0.5247685138411329,0.1702337858657263,0.1384014519233547,0,823473,1,final,2026-08-30T13:46:52.825323+00:00,7,0,7,-1.5,1.5,8.0,Win
ca628e132f0ee9d811d1967c7062a0a5,baseball,mlb,2026_04_28,06:40 PM,Philadelphia Phillies,San Francisco Giants,total,over,8.0,over_total,-107.0,0.6887124294105359,0.4404967631623439,0.5284743341695595,0,823473,1,final,2026-08-30T13:46:52.825323+00:00,7,0,7,-1.5,1.5,8.0,Loss
ca628e132f0ee9d811d1967c7062a0a5,baseball,mlb,2026_04_28,06:40 PM,Philadelphia Phillies,San Francisco Giants,moneyline,home,,home_moneyline,-172.0,0.7289435137933269,0.1527478822778194,0.2627263575178493,0,823473,1,final,2026-08-30T13:46:52.825323+00:00,7,0,7,-1.5,1.5,8.0,Win
d221d6de333533ced3489663067a588d,baseball,mlb,2026_04_28,09:40 PM,San Diego Padres,Chicago Cubs,run_line,away,-1.5,away_run_line,135.0,0.4589790750379958,0.0786008263392901,0.0582228343254001,0,823310,1,final,2026-08-30T13:46:52.825323+00:00,3,8,11,1.5,-1.5,8.5,Win
d221d6de333533ced3489663067a588d,baseball,mlb,2026_04_28,09:40 PM,San Diego Padres,Chicago Cubs,total,over,8.5,over_total,100.0,0.6431211884782742,0.2862423769565483,0.2862423769565483,0,823310,1,final,2026-08-30T13:46:52.825323+00:00,3,8,11,1.5,-1.5,8.5,Win
d221d6de333533ced3489663067a588d,baseball,mlb,2026_04_28,09:40 PM,San Diego Padres,Chicago Cubs,moneyline,away,,away_moneyline,-121.0,0.6685775950140688,0.2211210619678447,0.2675564849810922,0,823310,1,final,2026-08-30T13:46:52.825323+00:00,3,8,11,1.5,-1.5,8.5,Win
fbf763600d3ccdeb10333812e326159f,baseball,mlb,2026_04_28,07:10 PM,New York Mets,Washington Nationals,total,under,7.5,under_total,-102.0,0.5183702050490626,0.0265762884304963,0.0271078141991062,0,823636,1,final,2026-08-30T13:46:52.825323+00:00,8,0,8,-1.5,1.5,7.5,Loss
fbf763600d3ccdeb10333812e326159f,baseball,mlb,2026_04_28,07:10 PM,New York Mets,Washington Nationals,moneyline,home,,home_moneyline,-192.0,0.6840366824662674,0.0403057879174484,0.0773871128015011,0,823636,1,final,2026-08-30T13:46:52.825323+00:00,8,0,8,-1.5,1.5,7.5,Win
1893671667b0416333a1bb815e98c138,baseball,mlb,2026_04_29,09:40 PM,Athletics,Kansas City Royals,run_line,home,1.5,home_run_line,-178.0,0.7395532616380618,0.1550326221088831,0.2759580673538118,0,,,final,2026-08-30T13:46:52.825323+00:00,5,2,7,,,,Win
1893671667b0416333a1bb815e98c138,baseball,mlb,2026_04_29,09:40 PM,Athletics,Kansas City Royals,total,under,10.0,under_total,-109.0,0.7756197673924363,0.5732245963927851,0.6836250650715467,0,,,final,2026-08-30T13:46:52.825323+00:00,5,2,7,,,,Win
3bf2df80de60f0bf82343a646a188fb2,baseball,mlb,2026_04_29,01:40 PM,Minnesota Twins,Seattle Mariners,run_line,home,1.5,home_run_line,-149.0,0.7859596414723005,0.3134493337355892,0.467039507266028,0,823717,1,final,2026-08-30T13:46:52.825323+00:00,3,5,8,1.5,-1.5,7.5,Loss
3bf2df80de60f0bf82343a646a188fb2,baseball,mlb,2026_04_29,01:40 PM,Minnesota Twins,Seattle Mariners,total,over,7.5,over_total,-116.0,0.5849344171694343,0.0891882250741188,0.1034583410859778,0,823717,1,final,2026-08-30T13:46:52.825323+00:00,3,5,8,1.5,-1.5,7.5,Win
3bf2df80de60f0bf82343a646a188fb2,baseball,mlb,2026_04_29,01:40 PM,Minnesota Twins,Seattle Mariners,moneyline,home,,home_moneyline,108.0,0.6166776473974717,0.2826895065867412,0.2617495431358713,0,823717,1,final,2026-08-30T13:46:52.825323+00:00,3,5,8,1.5,-1.5,7.5,Loss
68d4de1e01d8567e0d2e4a137d4b254b,baseball,mlb,2026_04_29,07:15 PM,Atlanta Braves,Detroit Tigers,run_line,away,-1.5,away_run_line,112.0,0.6640484013248413,0.4077826108086637,0.3640916167934497,0,824930,1,final,2026-08-30T13:46:52.825323+00:00,4,3,7,1.5,-1.5,8.0,Loss
68d4de1e01d8567e0d2e4a137d4b254b,baseball,mlb,2026_04_29,07:15 PM,Atlanta Braves,Detroit Tigers,total,over,8.0,over_total,-112.0,0.5983182390536903,0.2572127985411102,0.3291127152623734,0,824930,1,final,2026-08-30T13:46:52.825323+00:00,4,3,7,1.5,-1.5,8.0,Loss
68d4de1e01d8567e0d2e4a137d4b254b,baseball,mlb,2026_04_29,07:15 PM,Atlanta Braves,Detroit Tigers,moneyline,away,,away_moneyline,-149.0,0.8511682136329392,0.4224220482859184,0.6294088519460184,0,824930,1,final,2026-08-30T13:46:52.825323+00:00,4,3,7,1.5,-1.5,8.0,Loss
7760595a4e43ffc332f44c4146b7c5ef,baseball,mlb,2026_04_29,06:40 PM,Cincinnati Reds,Colorado Rockies,run_line,home,-1.5,home_run_line,129.0,0.5470956913624788,0.2528491332200766,0.1960070800155632,0,824525,1,final,2026-08-30T13:46:52.825323+00:00,2,13,15,-1.5,1.5,9.5,Loss
7760595a4e43ffc332f44c4146b7c5ef,baseball,mlb,2026_04_29,06:40 PM,Cincinnati Reds,Colorado Rockies,total,under,9.5,under_total,-120.0,0.7683060610020327,0.4085611118370599,0.4902733342044719,0,824525,1,final,2026-08-30T13:46:52.825323+00:00,2,13,15,-1.5,1.5,9.5,Loss
7760595a4e43ffc332f44c4146b7c5ef,baseball,mlb,2026_04_29,06:40 PM,Cincinnati Reds,Colorado Rockies,moneyline,home,,home_moneyline,-149.0,0.7820846932120364,0.3069737490590407,0.4573908860979707,0,824525,1,final,2026-08-30T13:46:52.825323+00:00,2,13,15,-1.5,1.5,9.5,Loss
80411c6402609069c4467ccdcb494273,baseball,mlb,2026_04_29,03:10 PM,Los Angeles Dodgers,Miami Marlins,run_line,home,-1.5,home_run_line,-105.0,0.6127463444962173,0.1963142916354718,0.2061300062172454,0,823958,1,final,2026-08-30T13:46:52.825323+00:00,2,3,5,-1.5,1.5,8.0,Loss
80411c6402609069c4467ccdcb494273,baseball,mlb,2026_04_29,03:10 PM,Los Angeles Dodgers,Miami Marlins,total,over,8.0,over_total,-114.0,0.4998098082715134,0.0741900599543424,0.0978840652957076,0,823958,1,final,2026-08-30T13:46:52.825323+00:00,2,3,5,-1.5,1.5,8.0,Loss
80411c6402609069c4467ccdcb494273,baseball,mlb,2026_04_29,03:10 PM,Los Angeles Dodgers,Miami Marlins,moneyline,home,,home_moneyline,-227.0,0.8207961435381317,0.1823803477399517,0.4140033893696905,0,823958,1,final,2026-08-30T13:46:52.825323+00:00,2,3,5,-1.5,1.5,8.0,Loss
8fd17a4be77506eba9c4446e52b3ce71,baseball,mlb,2026_04_29,07:10 PM,New York Mets,Washington Nationals,run_line,home,-1.5,home_run_line,135.0,0.5291250312663652,0.2434438234759584,0.1803287581303395,0,823633,1,final,2026-08-30T13:46:52.825323+00:00,2,14,16,-1.5,1.5,7.5,Loss
8fd17a4be77506eba9c4446e52b3ce71,baseball,mlb,2026_04_29,07:10 PM,New York Mets,Washington Nationals,total,over,7.5,over_total,-114.0,0.7583160928829976,0.423505648043522,0.4827964387696151,0,823633,1,final,2026-08-30T13:46:52.825323+00:00,2,14,16,-1.5,1.5,7.5,Win
8fd17a4be77506eba9c4446e52b3ce71,baseball,mlb,2026_04_29,07:10 PM,New York Mets,Washington Nationals,moneyline,home,,home_moneyline,-166.0,0.7375106918485898,0.1817942411549691,0.3017784403172486,0,823633,1,final,2026-08-30T13:46:52.825323+00:00,2,14,16,-1.5,1.5,7.5,Loss
abd0114b226ed04c6bd4daac824f5241,baseball,mlb,2026_04_29,01:10 PM,Chicago White Sox,Los Angeles Angels,run_line,home,1.5,home_run_line,-156.0,0.7210410880263892,0.1832469136843308,0.2858651853475564,0,824608,1,final,2026-08-30T13:46:52.825323+00:00,3,2,5,1.5,-1.5,8.5,Win
abd0114b226ed04c6bd4daac824f5241,baseball,mlb,2026_04_29,01:10 PM,Chicago White Sox,Los Angeles Angels,total,over,8.5,over_total,-114.0,0.7777970277445677,0.4600751222573466,0.5244856393733751,0,824608,1,final,2026-08-30T13:46:52.825323+00:00,3,2,5,1.5,-1.5,8.5,Loss
abd0114b226ed04c6bd4daac824f5241,baseball,mlb,2026_04_29,01:10 PM,Chicago White Sox,Los Angeles Angels,moneyline,home,,home_moneyline,104.0,0.5576461833580215,0.137598214050364,0.1323059750484268,0,824608,1,final,2026-08-30T13:46:52.825323+00:00,3,2,5,1.5,-1.5,8.5,Win
af3e6454c0293bcd38866af00fb22cc1,baseball,mlb,2026_04_29,02:35 PM,Texas Rangers,New York Yankees,run_line,home,1.5,home_run_line,-163.0,0.6313691788197344,0.018712233310369,0.0305009402959015,0,822907,1,final,2026-08-30T13:46:52.825323+00:00,3,0,3,1.5,-1.5,8.5,Win
af3e6454c0293bcd38866af00fb22cc1,baseball,mlb,2026_04_29,02:35 PM,Texas Rangers,New York Yankees,total,under,8.5,under_total,-105.0,0.8043096337804067,0.5703188088093654,0.5988347492498337,0,822907,1,final,2026-08-30T13:46:52.825323+00:00,3,0,3,1.5,-1.5,8.5,Win
af3e6454c0293bcd38866af00fb22cc1,baseball,mlb,2026_04_29,02:35 PM,Texas Rangers,New York Yankees,moneyline,away,,away_moneyline,-120.0,0.6253538092571029,0.146481983638022,0.1757783803656264,0,822907,1,final,2026-08-30T13:46:52.825323+00:00,3,0,3,1.5,-1.5,8.5,Loss
c0a29accc7d25369ec83132f9e4034da,baseball,mlb,2026_04_29,03:07 PM,Toronto Blue Jays,Boston Red Sox,total,under,8.5,under_total,-117.0,0.715283474887809,0.3266368722278167,0.3821651405065455,0,822821,1,final,2026-08-30T13:46:52.825323+00:00,8,1,9,-1.5,1.5,8.5,Loss
c0a29accc7d25369ec83132f9e4034da,baseball,mlb,2026_04_29,03:07 PM,Toronto Blue Jays,Boston Red Sox,moneyline,home,,home_moneyline,-135.0,0.6064152475967589,0.0556117272980618,0.0750758318523834,0,822821,1,final,2026-08-30T13:46:52.825323+00:00,8,1,9,-1.5,1.5,8.5,Win
dbb1f14488d5ad0f783dce845101d4c1,baseball,mlb,2026_04_29,07:40 PM,Milwaukee Brewers,Arizona Diamondbacks,run_line,home,1.5,home_run_line,-188.0,0.8266427940267889,0.2663464078708255,0.5007312467971519,0,823796,1,final,2026-08-30T13:46:52.825323+00:00,2,6,8,1.5,-1.5,8.5,Loss
dbb1f14488d5ad0f783dce845101d4c1,baseball,mlb,2026_04_29,07:40 PM,Milwaukee Brewers,Arizona Diamondbacks,total,over,8.5,over_total,-114.0,0.6710545738046818,0.2596989367912449,0.2960567879420192,0,823796,1,final,2026-08-30T13:46:52.825323+00:00,2,6,8,1.5,-1.5,8.5,Loss
dbb1f14488d5ad0f783dce845101d4c1,baseball,mlb,2026_04_29,07:40 PM,Milwaukee Brewers,Arizona Diamondbacks,moneyline,home,,home_moneyline,-126.0,0.6967886290420242,0.249795477488075,0.3147423016349746,0,823796,1,final,2026-08-30T13:46:52.825323+00:00,2,6,8,1.5,-1.5,8.5,Loss
dbde00d498a1f217c0ee8968123b069f,baseball,mlb,2026_04_29,04:10 PM,San Diego Padres,Chicago Cubs,run_line,home,1.5,home_run_line,-175.0,0.6461784281221657,0.0154232441919748,0.0269906773359557,0,823312,1,final,2026-08-30T13:46:52.825323+00:00,4,5,9,1.5,-1.5,9.0,Win
dbde00d498a1f217c0ee8968123b069f,baseball,mlb,2026_04_29,04:10 PM,San Diego Padres,Chicago Cubs,total,under,9.0,under_total,-114.0,0.4930514199579362,0.0567242716752818,0.0744285870107703,0,823312,1,final,2026-08-30T13:46:52.825323+00:00,4,5,9,1.5,-1.5,9.0,Push
dbde00d498a1f217c0ee8968123b069f,baseball,mlb,2026_04_29,04:10 PM,San Diego Padres,Chicago Cubs,moneyline,away,,away_moneyline,-112.0,0.5646914601944812,0.0688802639395538,0.0771458956123001,0,823312,1,final,2026-08-30T13:46:52.825323+00:00,4,5,9,1.5,-1.5,9.0,Win
de142860d352b18879f2382e67ab3e2e,baseball,mlb,2026_04_29,02:30 PM,Cleveland Guardians,Tampa Bay Rays,run_line,home,1.5,home_run_line,-200.0,0.7027333243355441,0.0540999865033162,0.1081999730066324,0,824445,1,final,2026-08-30T13:46:52.825323+00:00,3,1,4,1.5,-1.5,7.0,Win
de142860d352b18879f2382e67ab3e2e,baseball,mlb,2026_04_29,02:30 PM,Cleveland Guardians,Tampa Bay Rays,total,under,7.0,under_total,-121.0,0.5046337387392281,0.0692659744743622,0.0983221718904553,0,824445,1,final,2026-08-30T13:46:52.825323+00:00,3,1,4,1.5,-1.5,7.0,Win
de142860d352b18879f2382e67ab3e2e,baseball,mlb,2026_04_29,02:30 PM,Cleveland Guardians,Tampa Bay Rays,moneyline,away,,away_moneyline,100.0,0.5298220408236292,0.0596440816472583,0.0596440816472583,0,824445,1,final,2026-08-30T13:46:52.825323+00:00,3,1,4,1.5,-1.5,7.0,Loss
e837e7b2a838ec74034cfbc99b119fb2,baseball,mlb,2026_04_29,06:40 PM,Pittsburgh Pirates,St Louis Cardinals,total,over,8.5,over_total,-114.0,0.6597072368940188,0.2383977955729826,0.2717734869532002,0,,,final,2026-08-30T13:46:52.825323+00:00,4,5,9,,,,Win
e837e7b2a838ec74034cfbc99b119fb2,baseball,mlb,2026_04_29,06:40 PM,Pittsburgh Pirates,St Louis Cardinals,moneyline,home,,home_moneyline,-156.0,0.6164123445411789,0.0115484628368063,0.0180156020254178,0,,,final,2026-08-30T13:46:52.825323+00:00,4,5,9,,,,Loss
0abd6580f0a4c91cb98db1774d582be8,baseball,mlb,2026_04_30,12:15 PM,Atlanta Braves,Detroit Tigers,run_line,away,1.5,away_run_line,-200.0,0.7346705473436402,0.1020058210154604,0.2040116420309207,0,824929,1,final,2026-08-30T13:46:52.825323+00:00,2,5,7,-1.5,1.5,8.5,Win
0abd6580f0a4c91cb98db1774d582be8,baseball,mlb,2026_04_30,12:15 PM,Atlanta Braves,Detroit Tigers,total,under,8.5,under_total,-112.0,0.6301043269107334,0.1926974759381739,0.2158211730507548,0,824929,1,final,2026-08-30T13:46:52.825323+00:00,2,5,7,-1.5,1.5,8.5,Win
0abd6580f0a4c91cb98db1774d582be8,baseball,mlb,2026_04_30,12:15 PM,Atlanta Braves,Detroit Tigers,moneyline,away,,away_moneyline,108.0,0.5347365294379681,0.1122519812309736,0.1039370196583089,0,824929,1,final,2026-08-30T13:46:52.825323+00:00,2,5,7,-1.5,1.5,8.5,Win
6f84f4f2e016877657f3d3ae23ce6760,baseball,mlb,2026_04_30,12:35 PM,Baltimore Orioles,Houston Astros,run_line,home,1.5,home_run_line,-185.0,0.8172550401873407,0.259014521369687,0.4791768645339211,0,824848,1,final,2026-08-30T13:46:52.825323+00:00,10,3,13,1.5,-1.5,9.0,Win
6f84f4f2e016877657f3d3ae23ce6760,baseball,mlb,2026_04_30,12:35 PM,Baltimore Orioles,Houston Astros,total,over,9.0,over_total,-109.0,0.6632223579985755,0.3795252433764364,0.463687506344224,0,824848,1,final,2026-08-30T13:46:52.825323+00:00,10,3,13,1.5,-1.5,9.0,Win
6f84f4f2e016877657f3d3ae23ce6760,baseball,mlb,2026_04_30,12:35 PM,Baltimore Orioles,Houston Astros,moneyline,home,,home_moneyline,-121.0,0.6908823805226255,0.2618595545082667,0.3168500609550025,0,824848,1,final,2026-08-30T13:46:52.825323+00:00,10,3,13,1.5,-1.5,9.0,Win
788f4dc2e6058c5b7725dafd62fd9b9d,baseball,mlb,2026_04_30,07:40 PM,Minnesota Twins,Toronto Blue Jays,run_line,home,1.5,home_run_line,-156.0,0.8133130705322293,0.334667602924684,0.522081460562507,0,823714,1,final,2026-08-30T13:46:52.825323+00:00,7,1,8,1.5,-1.5,8.0,Win
788f4dc2e6058c5b7725dafd62fd9b9d,baseball,mlb,2026_04_30,07:40 PM,Minnesota Twins,Toronto Blue Jays,total,over,8.0,over_total,-102.0,0.4730168464905285,0.0744888546973947,0.0881146647265834,0,823714,1,final,2026-08-30T13:46:52.825323+00:00,7,1,8,1.5,-1.5,8.0,Push
788f4dc2e6058c5b7725dafd62fd9b9d,baseball,mlb,2026_04_30,07:40 PM,Minnesota Twins,Toronto Blue Jays,moneyline,home,,home_moneyline,112.0,0.6604225265277758,0.4000957562388847,0.3572283537847184,0,823714,1,final,2026-08-30T13:46:52.825323+00:00,7,1,8,1.5,-1.5,8.0,Win
a43beaa62a7673615a11856370287f3b,baseball,mlb,2026_04_30,12:35 PM,Pittsburgh Pirates,St Louis Cardinals,run_line,away,1.5,away_run_line,-121.0,0.5911442602160177,0.0796932356011566,0.0964288150773994,0,,,final,2026-08-30T13:46:52.825323+00:00,5,10,15,,,,Win
a43beaa62a7673615a11856370287f3b,baseball,mlb,2026_04_30,12:35 PM,Pittsburgh Pirates,St Louis Cardinals,total,under,7.5,under_total,-121.0,0.6013676705076831,0.0983657453074215,0.11902255182198,0,,,final,2026-08-30T13:46:52.825323+00:00,5,10,15,,,,Loss
c229774bb80147623f1c232bad890e16,baseball,mlb,2026_04_30,12:40 PM,Cincinnati Reds,Colorado Rockies,run_line,away,1.5,away_run_line,-142.0,0.801521866528097,0.3659738852098553,0.5196829169979947,0,824524,1,final,2026-08-30T13:46:52.825323+00:00,6,4,10,-1.5,1.5,9.0,Loss
c229774bb80147623f1c232bad890e16,baseball,mlb,2026_04_30,12:40 PM,Cincinnati Reds,Colorado Rockies,total,over,9.0,over_total,-102.0,0.635513928378469,0.3712544231195815,0.4267713622974018,0,824524,1,final,2026-08-30T13:46:52.825323+00:00,6,4,10,-1.5,1.5,9.0,Win
c229774bb80147623f1c232bad890e16,baseball,mlb,2026_04_30,12:40 PM,Cincinnati Reds,Colorado Rockies,moneyline,away,,away_moneyline,144.0,0.6659611374578491,0.6249451753971518,0.433989705136911,0,824524,1,final,2026-08-30T13:46:52.825323+00:00,6,4,10,-1.5,1.5,9.0,Loss
c31726958fc1b67f38d3673aa8931ab7,baseball,mlb,2026_04_30,03:05 PM,Athletics,Kansas City Royals,run_line,home,-1.5,home_run_line,152.0,0.4095182136254074,0.0319858983360266,0.0210433541684386,0,,,final,2026-08-30T13:46:52.825323+00:00,6,3,9,,,,Win
c31726958fc1b67f38d3673aa8931ab7,baseball,mlb,2026_04_30,03:05 PM,Athletics,Kansas City Royals,total,under,9.5,under_total,-105.0,0.6669082402569732,0.3020589452636142,0.317161892526795,0,,,final,2026-08-30T13:46:52.825323+00:00,6,3,9,,,,Win
c31726958fc1b67f38d3673aa8931ab7,baseball,mlb,2026_04_30,03:05 PM,Athletics,Kansas City Royals,moneyline,home,,home_moneyline,-131.0,0.6341687717340534,0.1182670707676818,0.1549298627056632,0,,,final,2026-08-30T13:46:52.825323+00:00,6,3,9,,,,Win
d1e8ca71cf93b52520848723fb9b56a3,baseball,mlb,2026_04_30,01:10 PM,New York Mets,Washington Nationals,total,under,8.0,under_total,-119.0,0.4678777128371115,0.0005395929871286,0.0007462012800319,0,823634,1,final,2026-08-30T13:46:52.825323+00:00,4,5,9,-1.5,1.5,8.0,Loss
d1e8ca71cf93b52520848723fb9b56a3,baseball,mlb,2026_04_30,01:10 PM,New York Mets,Washington Nationals,moneyline,home,,home_moneyline,-217.0,0.7173689641970987,0.047953740324794,0.1040596165048029,0,823634,1,final,2026-08-30T13:46:52.825323+00:00,4,5,9,-1.5,1.5,8.0,Loss
153461ac6d07b9cf3c047b0052a27400,baseball,mlb,2026_05_01,09:40 PM,Athletics,Cleveland Guardians,run_line,home,1.5,home_run_line,-169.0,0.7085502558180059,0.1278107622191928,0.2160001881504357,0,,,final,2026-08-30T13:46:52.825323+00:00,5,8,13,,,,Loss
153461ac6d07b9cf3c047b0052a27400,baseball,mlb,2026_05_01,09:40 PM,Athletics,Cleveland Guardians,total,under,9.5,under_total,-114.0,0.5611516088395614,0.0533898622075977,0.0608644429166614,0,,,final,2026-08-30T13:46:52.825323+00:00,5,8,13,,,,Loss
224916189ace451ec4c3a758ac5d3b0d,baseball,mlb,2026_05_01,07:10 PM,Miami Marlins,Philadelphia Phillies,run_line,home,1.5,home_run_line,-156.0,0.645639215137607,0.0595105068924832,0.0928363907522739,0,823877,1,final,2026-08-30T13:46:52.825323+00:00,5,6,11,1.5,-1.5,8.0,Win
224916189ace451ec4c3a758ac5d3b0d,baseball,mlb,2026_05_01,07:10 PM,Miami Marlins,Philadelphia Phillies,total,over,8.0,over_total,-105.0,0.6103576381613371,0.314464828703915,0.3764174828448519,0,823877,1,final,2026-08-30T13:46:52.825323+00:00,5,6,11,1.5,-1.5,8.0,Win
4331dd522336be02de34b61018be0cc9,baseball,mlb,2026_05_01,08:15 PM,St Louis Cardinals,Los Angeles Dodgers,run_line,home,1.5,home_run_line,-112.0,0.7737983510383508,0.4646897358940212,0.5204525042013037,0,,,final,2026-08-30T13:46:52.825323+00:00,7,2,9,,,,Win
4331dd522336be02de34b61018be0cc9,baseball,mlb,2026_05_01,08:15 PM,St Louis Cardinals,Los Angeles Dodgers,total,over,8.5,over_total,-105.0,0.6050682720268514,0.1813237691952813,0.1903899576550453,0,,,final,2026-08-30T13:46:52.825323+00:00,7,2,9,,,,Win
4331dd522336be02de34b61018be0cc9,baseball,mlb,2026_05_01,08:15 PM,St Louis Cardinals,Los Angeles Dodgers,moneyline,home,,home_moneyline,144.0,0.6136093655588905,0.4972068519636927,0.3452825360858976,0,,,final,2026-08-30T13:46:52.825323+00:00,7,2,9,,,,Win
4c46549aafa11d0400c4c8c87e755dda,baseball,mlb,2026_05_01,09:40 PM,San Diego Padres,Chicago White Sox,total,over,8.0,over_total,-114.0,0.5792038945655286,0.2147089415455876,0.2805145737103744,0,823309,1,final,2026-08-30T13:46:52.825323+00:00,2,8,10,-1.5,1.5,8.0,Win
5c57e8c626d8c6627101848a75f83307,baseball,mlb,2026_05_01,07:10 PM,Tampa Bay Rays,San Francisco Giants,run_line,away,1.5,away_run_line,-185.0,0.7305224311791692,0.1253994210057472,0.231988928860632,0,822990,1,final,2026-08-30T13:46:52.825323+00:00,3,0,3,-1.5,1.5,7.5,Loss
5c57e8c626d8c6627101848a75f83307,baseball,mlb,2026_05_01,07:10 PM,Tampa Bay Rays,San Francisco Giants,total,over,7.5,over_total,-112.0,0.7022405959168486,0.3292411279854634,0.368750063343719,0,822990,1,final,2026-08-30T13:46:52.825323+00:00,3,0,3,-1.5,1.5,7.5,Loss
5c57e8c626d8c6627101848a75f83307,baseball,mlb,2026_05_01,07:10 PM,Tampa Bay Rays,San Francisco Giants,moneyline,away,,away_moneyline,119.0,0.5504460713030246,0.2054768961536237,0.1726696606332973,0,822990,1,final,2026-08-30T13:46:52.825323+00:00,3,0,3,-1.5,1.5,7.5,Loss
6f2e9ec22774fd2d53ca6ed64f1ec7e5,baseball,mlb,2026_05_01,08:40 PM,Colorado Rockies,Atlanta Braves,run_line,home,1.5,home_run_line,104.0,0.5281209404367267,0.0773667184909225,0.0743910754720409,0,824366,1,final,2026-08-30T13:46:52.825323+00:00,6,8,14,1.5,-1.5,11.0,Loss
6f2e9ec22774fd2d53ca6ed64f1ec7e5,baseball,mlb,2026_05_01,08:40 PM,Colorado Rockies,Atlanta Braves,total,under,11.0,under_total,-112.0,0.6630362131421981,0.3591635894832314,0.4490200144415454,0,824366,1,final,2026-08-30T13:46:52.825323+00:00,6,8,14,1.5,-1.5,11.0,Loss
6f2e9ec22774fd2d53ca6ed64f1ec7e5,baseball,mlb,2026_05_01,08:40 PM,Colorado Rockies,Atlanta Braves,moneyline,away,,away_moneyline,-192.0,0.6869879978563134,0.0447942467398101,0.0860049537404355,0,824366,1,final,2026-08-30T13:46:52.825323+00:00,6,8,14,1.5,-1.5,11.0,Win
71bed1a7ce55f688df69c714d2376fe7,baseball,mlb,2026_05_01,07:10 PM,Boston Red Sox,Houston Astros,run_line,home,1.5,home_run_line,-185.0,0.7122923720264416,0.0973152758245181,0.1800332602753585,0,824772,1,final,2026-08-30T13:46:52.825323+00:00,3,1,4,1.5,-1.5,9.5,Win
71bed1a7ce55f688df69c714d2376fe7,baseball,mlb,2026_05_01,07:10 PM,Boston Red Sox,Houston Astros,total,over,9.5,over_total,-102.0,0.5692618823216931,0.1273617669508036,0.1299090022898197,0,824772,1,final,2026-08-30T13:46:52.825323+00:00,3,1,4,1.5,-1.5,9.5,Loss
99cbbfbfd9560db3b77799bea7dfc475,baseball,mlb,2026_05_01,09:38 PM,Los Angeles Angels,New York Mets,run_line,home,1.5,home_run_line,-149.0,0.8638526994261073,0.4436196117926223,0.6609932215710072,0,824041,1,final,2026-08-30T13:46:52.825323+00:00,3,4,7,1.5,-1.5,9.0,Win
99cbbfbfd9560db3b77799bea7dfc475,baseball,mlb,2026_05_01,09:38 PM,Los Angeles Angels,New York Mets,total,under,9.0,under_total,-105.0,0.633393345835964,0.3554989504636625,0.4236327529083822,0,824041,1,final,2026-08-30T13:46:52.825323+00:00,3,4,7,1.5,-1.5,9.0,Win
99cbbfbfd9560db3b77799bea7dfc475,baseball,mlb,2026_05_01,09:38 PM,Los Angeles Angels,New York Mets,moneyline,home,,home_moneyline,104.0,0.7319412767290274,0.4931602045272159,0.4741925043530923,0,824041,1,final,2026-08-30T13:46:52.825323+00:00,3,4,7,1.5,-1.5,9.0,Loss
a469364d09b62046dd2c9d0acf413e9b,baseball,mlb,2026_05_01,06:45 PM,Washington Nationals,Milwaukee Brewers,total,over,8.0,over_total,-114.0,0.6640619422570002,0.3597916713629547,0.4625297819621801,0,822744,1,final,2026-08-30T13:46:52.825323+00:00,1,6,7,1.5,-1.5,8.0,Loss
a469364d09b62046dd2c9d0acf413e9b,baseball,mlb,2026_05_01,06:45 PM,Washington Nationals,Milwaukee Brewers,moneyline,away,,away_moneyline,-163.0,0.6437067359231085,0.0386188438513959,0.0629487154777752,0,822744,1,final,2026-08-30T13:46:52.825323+00:00,1,6,7,1.5,-1.5,8.0,Win
a69ddb925b6880022ed2ad0e0f2787fd,baseball,mlb,2026_05_01,09:45 PM,Seattle Mariners,Kansas City Royals,run_line,home,-1.5,home_run_line,141.0,0.6187112908231982,0.4910942108839078,0.3482937665843316,0,823146,1,final,2026-08-30T13:46:52.825323+00:00,6,7,13,-1.5,1.5,7.0,Loss
a69ddb925b6880022ed2ad0e0f2787fd,baseball,mlb,2026_05_01,09:45 PM,Seattle Mariners,Kansas City Royals,total,over,7.0,over_total,-112.0,0.5797259710447313,0.2324243587412913,0.3009724154898915,0,823146,1,final,2026-08-30T13:46:52.825323+00:00,6,7,13,-1.5,1.5,7.0,Win
a69ddb925b6880022ed2ad0e0f2787fd,baseball,mlb,2026_05_01,09:45 PM,Seattle Mariners,Kansas City Royals,moneyline,home,,home_moneyline,-156.0,0.8303409800852458,0.3626108391142495,0.5656729090182293,0,823146,1,final,2026-08-30T13:46:52.825323+00:00,6,7,13,-1.5,1.5,7.0,Loss
d4c3dbfeab9d45e50dea2e86b3da477a,baseball,mlb,2026_05_01,08:10 PM,Minnesota Twins,Toronto Blue Jays,run_line,home,1.5,home_run_line,-172.0,0.702331142821828,0.1106632026019605,0.1903407084753722,0,823713,1,final,2026-08-30T13:46:52.825323+00:00,3,7,10,1.5,-1.5,8.5,Loss
d4c3dbfeab9d45e50dea2e86b3da477a,baseball,mlb,2026_05_01,08:10 PM,Minnesota Twins,Toronto Blue Jays,total,over,8.5,over_total,-117.0,0.5421937816778617,0.0056072702914187,0.0065605062409599,0,823713,1,final,2026-08-30T13:46:52.825323+00:00,3,7,10,1.5,-1.5,8.5,Win
eb5e5ee05cf9e2c9e3df8f51d9835b52,baseball,mlb,2026_05_01,06:40 PM,Detroit Tigers,Texas Rangers,run_line,home,1.5,home_run_line,-188.0,0.7780886091067452,0.1919655288443755,0.360895194227426,0,824287,1,final,2026-08-30T13:46:52.825323+00:00,4,5,9,1.5,-1.5,8.0,Win
eb5e5ee05cf9e2c9e3df8f51d9835b52,baseball,mlb,2026_05_01,06:40 PM,Detroit Tigers,Texas Rangers,total,over,8.0,over_total,-117.0,0.7023770195056591,0.4078185049983385,0.5331969081183482,0,824287,1,final,2026-08-30T13:46:52.825323+00:00,4,5,9,1.5,-1.5,8.0,Win
eb5e5ee05cf9e2c9e3df8f51d9835b52,baseball,mlb,2026_05_01,06:40 PM,Detroit Tigers,Texas Rangers,moneyline,home,,home_moneyline,-117.0,0.6283202302720581,0.165346068111424,0.1934548996903661,0,824287,1,final,2026-08-30T13:46:52.825323+00:00,4,5,9,1.5,-1.5,8.0,Loss
f451d4c00cab2b041332088186c10c3c,baseball,mlb,2026_05_01,07:05 PM,New York Yankees,Baltimore Orioles,run_line,home,-1.5,home_run_line,119.0,0.462879018558562,0.0137050506432507,0.0115168492800426,0,823557,1,final,2026-08-30T13:46:52.825323+00:00,7,2,9,-1.5,1.5,8.5,Win
f451d4c00cab2b041332088186c10c3c,baseball,mlb,2026_05_01,07:05 PM,New York Yankees,Baltimore Orioles,moneyline,home,,home_moneyline,-175.0,0.6855679187862761,0.0773210152355767,0.1353117766622592,0,823557,1,final,2026-08-30T13:46:52.825323+00:00,7,2,9,-1.5,1.5,8.5,Win
f9bc114c35828121793d26f1d0d40338,baseball,mlb,2026_05_01,08:15 PM,Pittsburgh Pirates,Cincinnati Reds,run_line,home,-1.5,home_run_line,152.0,0.4619795456989708,0.1641884551614065,0.1080187205009253,0,823389,1,final,2026-08-30T13:46:52.825323+00:00,9,1,10,-1.5,1.5,8.5,Win
f9bc114c35828121793d26f1d0d40338,baseball,mlb,2026_05_01,08:15 PM,Pittsburgh Pirates,Cincinnati Reds,total,under,8.5,under_total,-117.0,0.6142600674696079,0.1392686721444866,0.1629443464090493,0,823389,1,final,2026-08-30T13:46:52.825323+00:00,9,1,10,-1.5,1.5,8.5,Loss
f9bc114c35828121793d26f1d0d40338,baseball,mlb,2026_05_01,08:15 PM,Pittsburgh Pirates,Cincinnati Reds,moneyline,home,,home_moneyline,-135.0,0.6984360462587051,0.2157960805244125,0.2913247087079571,0,823389,1,final,2026-08-30T13:46:52.825323+00:00,9,1,10,-1.5,1.5,8.5,Win
27aba50ebc7d419dd836a458e12b2faf,baseball,mlb,2026_05_02,04:10 PM,Boston Red Sox,Houston Astros,run_line,away,1.5,away_run_line,-192.0,0.8336162598288002,0.2677913951563004,0.5141594787000967,0,824771,1,final,2026-08-30T13:46:52.825323+00:00,3,6,9,-1.5,1.5,9.0,Win
27aba50ebc7d419dd836a458e12b2faf,baseball,mlb,2026_05_02,04:10 PM,Boston Red Sox,Houston Astros,total,over,9.0,over_total,-112.0,0.543805358867026,0.1542813039219185,0.1974655008202692,0,824771,1,final,2026-08-30T13:46:52.825323+00:00,3,6,9,-1.5,1.5,9.0,Push
27aba50ebc7d419dd836a458e12b2faf,baseball,mlb,2026_05_02,04:10 PM,Boston Red Sox,Houston Astros,moneyline,away,,away_moneyline,104.0,0.7071858578405451,0.4426591499947121,0.4256337980718384,0,824771,1,final,2026-08-30T13:46:52.825323+00:00,3,6,9,-1.5,1.5,9.0,Win
2a3a64708f7d4e8c0f5ee57ea757d07c,baseball,mlb,2026_05_02,02:20 PM,Chicago Cubs,Arizona Diamondbacks,run_line,away,1.5,away_run_line,-156.0,0.6990954594683438,0.147233574512154,0.2296843762389602,0,824685,1,final,2026-08-30T13:46:52.825323+00:00,2,0,2,-1.5,1.5,7.0,Loss
2a3a64708f7d4e8c0f5ee57ea757d07c,baseball,mlb,2026_05_02,02:20 PM,Chicago Cubs,Arizona Diamondbacks,total,over,7.0,over_total,-123.0,0.6581179979793461,0.3141667138397498,0.4396156667178489,0,824685,1,final,2026-08-30T13:46:52.825323+00:00,2,0,2,-1.5,1.5,7.0,Loss
2a3a64708f7d4e8c0f5ee57ea757d07c,baseball,mlb,2026_05_02,02:20 PM,Chicago Cubs,Arizona Diamondbacks,moneyline,away,,away_moneyline,141.0,0.5036747023378646,0.2138560326342538,0.1516709451306764,0,824685,1,final,2026-08-30T13:46:52.825323+00:00,2,0,2,-1.5,1.5,7.0,Loss
383d74609e0b5f77bfaf7eaa55477b31,baseball,mlb,2026_05_02,09:40 PM,Seattle Mariners,Kansas City Royals,run_line,home,-1.5,home_run_line,149.0,0.4421674889322283,0.1009970474412484,0.0677832533162741,0,823144,1,final,2026-08-30T13:46:52.825323+00:00,2,3,5,-1.5,1.5,7.5,Loss
383d74609e0b5f77bfaf7eaa55477b31,baseball,mlb,2026_05_02,09:40 PM,Seattle Mariners,Kansas City Royals,total,over,7.5,over_total,-112.0,0.5533274893071134,0.047369890474179,0.0530542773310804,0,823144,1,final,2026-08-30T13:46:52.825323+00:00,2,3,5,-1.5,1.5,7.5,Loss
383d74609e0b5f77bfaf7eaa55477b31,baseball,mlb,2026_05_02,09:40 PM,Seattle Mariners,Kansas City Royals,moneyline,home,,home_moneyline,-142.0,0.6748085719274783,0.1500258761017587,0.2130367440644975,0,823144,1,final,2026-08-30T13:46:52.825323+00:00,2,3,5,-1.5,1.5,7.5,Loss
3d047ad3bc82a8e990a4aeafa447568f,baseball,mlb,2026_05_02,07:15 PM,St Louis Cardinals,Los Angeles Dodgers,run_line,home,1.5,home_run_line,-135.0,0.6349691774148702,0.1053167162407,0.142177566924945,0,,,final,2026-08-30T13:46:52.825323+00:00,3,2,5,,,,Win
3d047ad3bc82a8e990a4aeafa447568f,baseball,mlb,2026_05_02,07:15 PM,St Louis Cardinals,Los Angeles Dodgers,total,over,8.5,over_total,-121.0,0.7101756084351651,0.2970975988774507,0.3594880946417152,0,,,final,2026-08-30T13:46:52.825323+00:00,3,2,5,,,,Loss
446e036e67d7b97011f14ad76cab4645,baseball,mlb,2026_05_02,04:05 PM,Athletics,Cleveland Guardians,run_line,away,1.5,away_run_line,-166.0,0.647007900669658,0.0367716962537891,0.0610410157812901,0,,,final,2026-08-30T13:46:52.825323+00:00,6,14,20,,,,Win
446e036e67d7b97011f14ad76cab4645,baseball,mlb,2026_05_02,04:05 PM,Athletics,Cleveland Guardians,total,over,10.0,over_total,-112.0,0.5622836044760418,0.1815156730883888,0.2302854250000851,0,,,final,2026-08-30T13:46:52.825323+00:00,6,14,20,,,,Win
7bda241ffa570175ee12fdbd71a4b3c9,baseball,mlb,2026_05_02,04:05 PM,Pittsburgh Pirates,Cincinnati Reds,run_line,home,-1.5,home_run_line,152.0,0.4752658421156028,0.1976699221313189,0.1300460014021836,0,823388,1,final,2026-08-30T13:46:52.825323+00:00,17,7,24,-1.5,1.5,8.0,Win
7bda241ffa570175ee12fdbd71a4b3c9,baseball,mlb,2026_05_02,04:05 PM,Pittsburgh Pirates,Cincinnati Reds,total,over,8.0,over_total,-112.0,0.533539857840979,0.1428272940736241,0.1844872415006979,0,823388,1,final,2026-08-30T13:46:52.825323+00:00,17,7,24,-1.5,1.5,8.0,Win
7bda241ffa570175ee12fdbd71a4b3c9,baseball,mlb,2026_05_02,04:05 PM,Pittsburgh Pirates,Cincinnati Reds,moneyline,home,,home_moneyline,-135.0,0.6959972812534827,0.2115508229227292,0.2855936109456843,0,823388,1,final,2026-08-30T13:46:52.825323+00:00,17,7,24,-1.5,1.5,8.0,Win
7dd5007f59f84948d08db8b63132cdec,baseball,mlb,2026_05_02,04:05 PM,Washington Nationals,Milwaukee Brewers,run_line,away,-1.5,away_run_line,129.0,0.4944376802384514,0.1322622877460537,0.102528905229499,0,822746,1,final,2026-08-30T13:46:52.825323+00:00,1,4,5,1.5,-1.5,7.5,Win
7dd5007f59f84948d08db8b63132cdec,baseball,mlb,2026_05_02,04:05 PM,Washington Nationals,Milwaukee Brewers,total,over,7.5,over_total,-102.0,0.7125718396139856,0.4111716823727948,0.4193951160202508,0,822746,1,final,2026-08-30T13:46:52.825323+00:00,1,4,5,1.5,-1.5,7.5,Loss
7dd5007f59f84948d08db8b63132cdec,baseball,mlb,2026_05_02,04:05 PM,Washington Nationals,Milwaukee Brewers,moneyline,away,,away_moneyline,-135.0,0.7097698794594498,0.2355253457257089,0.317959216729707,0,822746,1,final,2026-08-30T13:46:52.825323+00:00,1,4,5,1.5,-1.5,7.5,Win
826eb43891b621623989f26eb6deccab,baseball,mlb,2026_05_02,08:40 PM,San Diego Padres,Chicago White Sox,run_line,away,1.5,away_run_line,-131.0,0.7291776868825242,0.285801875342466,0.3744004566986306,0,823308,1,final,2026-08-30T13:46:52.825323+00:00,0,4,4,-1.5,1.5,8.0,Win
826eb43891b621623989f26eb6deccab,baseball,mlb,2026_05_02,08:40 PM,San Diego Padres,Chicago White Sox,total,over,8.0,over_total,-103.0,0.4906550278696497,0.1036418667379664,0.1236436572531637,0,823308,1,final,2026-08-30T13:46:52.825323+00:00,0,4,4,-1.5,1.5,8.0,Loss
826eb43891b621623989f26eb6deccab,baseball,mlb,2026_05_02,08:40 PM,San Diego Padres,Chicago White Sox,moneyline,away,,away_moneyline,163.0,0.5403915222682122,0.421229703565398,0.2584231310217166,0,823308,1,final,2026-08-30T13:46:52.825323+00:00,0,4,4,-1.5,1.5,8.0,Win
8a401fa09b77692deee8ed01cd058b3d,baseball,mlb,2026_05_02,07:15 PM,Detroit Tigers,Texas Rangers,run_line,away,1.5,away_run_line,-185.0,0.6796494004635625,0.0470274547681908,0.0870007913211531,0,824284,1,final,2026-08-30T13:46:52.825323+00:00,5,1,6,-1.5,1.5,8.0,Loss
8a401fa09b77692deee8ed01cd058b3d,baseball,mlb,2026_05_02,07:15 PM,Detroit Tigers,Texas Rangers,total,over,8.0,over_total,-117.0,0.6642031298277455,0.3450894342466576,0.4552894529905149,0,824284,1,final,2026-08-30T13:46:52.825323+00:00,5,1,6,-1.5,1.5,8.0,Loss
8a401fa09b77692deee8ed01cd058b3d,baseball,mlb,2026_05_02,07:15 PM,Detroit Tigers,Texas Rangers,moneyline,away,,away_moneyline,112.0,0.4927028733208703,0.0445300914402451,0.0397590102145045,0,824284,1,final,2026-08-30T13:46:52.825323+00:00,5,1,6,-1.5,1.5,8.0,Loss
a5c3ef5e48ad39a2a1e04b385a33f7f0,baseball,mlb,2026_05_02,06:10 PM,Tampa Bay Rays,San Francisco Giants,run_line,home,1.5,home_run_line,-185.0,0.6911178881323057,0.0646951249605789,0.1196859811770712,0,822988,1,final,2026-08-30T13:46:52.825323+00:00,5,1,6,1.5,-1.5,7.5,Win
a5c3ef5e48ad39a2a1e04b385a33f7f0,baseball,mlb,2026_05_02,06:10 PM,Tampa Bay Rays,San Francisco Giants,total,under,7.5,under_total,-111.0,0.5484455714491356,0.0425406808627714,0.0472201557576763,0,822988,1,final,2026-08-30T13:46:52.825323+00:00,5,1,6,1.5,-1.5,7.5,Win
a5c3ef5e48ad39a2a1e04b385a33f7f0,baseball,mlb,2026_05_02,06:10 PM,Tampa Bay Rays,San Francisco Giants,moneyline,away,,away_moneyline,-112.0,0.5309287282736201,0.0049722356607808,0.0055689039400746,0,822988,1,final,2026-08-30T13:46:52.825323+00:00,5,1,6,1.5,-1.5,7.5,Loss
ad24319e5623a8196399f98734f3be87,baseball,mlb,2026_05_02,04:10 PM,Miami Marlins,Philadelphia Phillies,run_line,home,1.5,home_run_line,-188.0,0.743839696048459,0.1394991088401924,0.2622583246195619,0,823876,1,final,2026-08-30T13:46:52.825323+00:00,4,0,4,1.5,-1.5,8.5,Win
ad24319e5623a8196399f98734f3be87,baseball,mlb,2026_05_02,04:10 PM,Miami Marlins,Philadelphia Phillies,total,under,8.5,under_total,-114.0,0.6374424715553528,0.1966025343232062,0.2241268891284551,0,823876,1,final,2026-08-30T13:46:52.825323+00:00,4,0,4,1.5,-1.5,8.5,Win
b23ef59a61f5e3a71d93b5ae6eed4786,baseball,mlb,2026_05_02,09:38 PM,Los Angeles Angels,New York Mets,run_line,away,-1.5,away_run_line,135.0,0.4570732645126876,0.0741221716048159,0.0549053122998636,0,824042,1,final,2026-08-30T13:46:52.825323+00:00,4,3,7,1.5,-1.5,8.0,Loss
b23ef59a61f5e3a71d93b5ae6eed4786,baseball,mlb,2026_05_02,09:38 PM,Los Angeles Angels,New York Mets,total,over,8.0,over_total,-105.0,0.6164149057038165,0.3253118264312307,0.3889672884872505,0,824042,1,final,2026-08-30T13:46:52.825323+00:00,4,3,7,1.5,-1.5,8.0,Loss
b23ef59a61f5e3a71d93b5ae6eed4786,baseball,mlb,2026_05_02,09:38 PM,Los Angeles Angels,New York Mets,moneyline,away,,away_moneyline,-126.0,0.6692506920053259,0.2004020348666957,0.2525065639320365,0,824042,1,final,2026-08-30T13:46:52.825323+00:00,4,3,7,1.5,-1.5,8.0,Loss
c0137f0b36b1eea6d91260c926fe437e,baseball,mlb,2026_05_02,02:10 PM,Minnesota Twins,Toronto Blue Jays,run_line,home,1.5,home_run_line,-156.0,0.6699464097596777,0.0993992365287017,0.1550628089847748,0,823715,1,final,2026-08-30T13:46:52.825323+00:00,4,11,15,1.5,-1.5,7.5,Loss
c0137f0b36b1eea6d91260c926fe437e,baseball,mlb,2026_05_02,02:10 PM,Minnesota Twins,Toronto Blue Jays,total,over,7.5,over_total,-113.0,0.7829113127749496,0.475753182487294,0.5376010962106427,0,823715,1,final,2026-08-30T13:46:52.825323+00:00,4,11,15,1.5,-1.5,7.5,Win
c0137f0b36b1eea6d91260c926fe437e,baseball,mlb,2026_05_02,02:10 PM,Minnesota Twins,Toronto Blue Jays,moneyline,home,,home_moneyline,108.0,0.4812369703836766,0.0009728983980472,0.0009008318500437,0,823715,1,final,2026-08-30T13:46:52.825323+00:00,4,11,15,1.5,-1.5,7.5,Loss
d5dfcb82d0a54536cff3e16f1858d180,baseball,mlb,2026_05_02,08:10 PM,Colorado Rockies,Atlanta Braves,run_line,home,1.5,home_run_line,119.0,0.6583189859274065,0.4417185791810201,0.371192083345395,0,824365,1,final,2026-08-30T13:46:52.825323+00:00,1,9,10,1.5,-1.5,9.5,Loss
d5dfcb82d0a54536cff3e16f1858d180,baseball,mlb,2026_05_02,08:10 PM,Colorado Rockies,Atlanta Braves,total,under,9.5,under_total,-105.0,0.5145793816397158,0.0046549832013499,0.0048877323614174,0,824365,1,final,2026-08-30T13:46:52.825323+00:00,1,9,10,1.5,-1.5,9.5,Loss
d5dfcb82d0a54536cff3e16f1858d180,baseball,mlb,2026_05_02,08:10 PM,Colorado Rockies,Atlanta Braves,moneyline,home,,home_moneyline,184.0,0.4612141559695101,0.3098482029534086,0.1683957624746786,0,824365,1,final,2026-08-30T13:46:52.825323+00:00,1,9,10,1.5,-1.5,9.5,Loss
e9452f8c1e4f22f3d7ff43170252ddfe,baseball,mlb,2026_05_02,01:35 PM,New York Yankees,Baltimore Orioles,run_line,away,1.5,away_run_line,-149.0,0.7133289988313162,0.1920732933489779,0.2861892070899772,0,823554,1,final,2026-08-30T13:46:52.825323+00:00,9,4,13,-1.5,1.5,8.5,Loss
e9452f8c1e4f22f3d7ff43170252ddfe,baseball,mlb,2026_05_02,01:35 PM,New York Yankees,Baltimore Orioles,total,over,8.5,over_total,-112.0,0.5380044124625438,0.0183654950183864,0.0205693544205928,0,823554,1,final,2026-08-30T13:46:52.825323+00:00,9,4,13,-1.5,1.5,8.5,Win
e9452f8c1e4f22f3d7ff43170252ddfe,baseball,mlb,2026_05_02,01:35 PM,New York Yankees,Baltimore Orioles,moneyline,away,,away_moneyline,139.0,0.5238123201010854,0.251911445041594,0.1812312554256072,0,823554,1,final,2026-08-30T13:46:52.825323+00:00,9,4,13,-1.5,1.5,8.5,Loss
092612a571aeb504211ec7f4950924e3,baseball,mlb,2026_05_03,01:35 PM,New York Yankees,Baltimore Orioles,run_line,home,-1.5,home_run_line,-117.0,0.5641440179716316,0.0463183923063594,0.0541925189984406,0,823555,1,final,2026-08-30T13:46:52.825323+00:00,11,3,14,-1.5,1.5,9.0,Win
092612a571aeb504211ec7f4950924e3,baseball,mlb,2026_05_03,01:35 PM,New York Yankees,Baltimore Orioles,total,under,9.0,under_total,-112.0,0.4712967114582872,0.0237502304378293,0.0306332083017798,0,823555,1,final,2026-08-30T13:46:52.825323+00:00,11,3,14,-1.5,1.5,9.0,Loss
092612a571aeb504211ec7f4950924e3,baseball,mlb,2026_05_03,01:35 PM,New York Yankees,Baltimore Orioles,moneyline,home,,home_moneyline,-238.0,0.7788066704372456,0.1060363638982733,0.2523665460778901,0,823555,1,final,2026-08-30T13:46:52.825323+00:00,11,3,14,-1.5,1.5,9.0,Win
1c691cd82a568ab8542e6672e53d0125,baseball,mlb,2026_05_03,01:35 PM,Washington Nationals,Milwaukee Brewers,total,under,8.5,under_total,-105.0,0.5614212005266721,0.0961080581711216,0.1009134610796777,0,822742,1,final,2026-08-30T13:46:52.825323+00:00,3,2,5,1.5,-1.5,8.5,Win
1c691cd82a568ab8542e6672e53d0125,baseball,mlb,2026_05_03,01:35 PM,Washington Nationals,Milwaukee Brewers,moneyline,away,,away_moneyline,-135.0,0.6692576881230592,0.1650041237697697,0.2227555670891891,0,822742,1,final,2026-08-30T13:46:52.825323+00:00,3,2,5,1.5,-1.5,8.5,Loss
257b715ef1fa8b967fb27a46de2d3021,baseball,mlb,2026_05_03,04:07 PM,Los Angeles Angels,New York Mets,run_line,home,1.5,home_run_line,-142.0,0.742634431799684,0.2656164260248135,0.3771753249552353,0,824043,1,final,2026-08-30T13:46:52.825323+00:00,1,5,6,1.5,-1.5,9.0,Loss
257b715ef1fa8b967fb27a46de2d3021,baseball,mlb,2026_05_03,04:07 PM,Los Angeles Angels,New York Mets,total,under,9.0,under_total,-112.0,0.6360896850924223,0.3225104197716691,0.4097616739308349,0,824043,1,final,2026-08-30T13:46:52.825323+00:00,1,5,6,1.5,-1.5,9.0,Win
257b715ef1fa8b967fb27a46de2d3021,baseball,mlb,2026_05_03,04:07 PM,Los Angeles Angels,New York Mets,moneyline,home,,home_moneyline,112.0,0.5451602906766781,0.1557398162345578,0.1390534073522836,0,824043,1,final,2026-08-30T13:46:52.825323+00:00,1,5,6,1.5,-1.5,9.0,Loss
341da475ed0042be75b5bc44221f8161,baseball,mlb,2026_05_03,12:45 PM,Minnesota Twins,Toronto Blue Jays,run_line,away,-1.5,away_run_line,152.0,0.5248461056126918,0.3226121861439834,0.2122448593052522,0,823711,1,final,2026-08-30T13:46:52.825323+00:00,4,3,7,1.5,-1.5,8.0,Loss
341da475ed0042be75b5bc44221f8161,baseball,mlb,2026_05_03,12:45 PM,Minnesota Twins,Toronto Blue Jays,total,over,8.0,over_total,-114.0,0.7630528277245737,0.5225351439008599,0.6547035567740874,0,823711,1,final,2026-08-30T13:46:52.825323+00:00,4,3,7,1.5,-1.5,8.0,Loss
341da475ed0042be75b5bc44221f8161,baseball,mlb,2026_05_03,12:45 PM,Minnesota Twins,Toronto Blue Jays,moneyline,away,,away_moneyline,-109.0,0.7216867440717106,0.3837846744127295,0.4183252951098752,0,823711,1,final,2026-08-30T13:46:52.825323+00:00,4,3,7,1.5,-1.5,8.0,Loss
4c6f75a0f0a2e467d79983253235c3a9,baseball,mlb,2026_05_03,01:40 PM,Miami Marlins,Philadelphia Phillies,run_line,home,1.5,home_run_line,-135.0,0.6686797600148393,0.163998100766572,0.2213974360348723,0,823875,1,final,2026-08-30T13:46:52.825323+00:00,2,7,9,1.5,-1.5,8.0,Loss
60f28cce3cfa86c53a2a227c6532203a,baseball,mlb,2026_05_03,04:10 PM,San Diego Padres,Chicago White Sox,run_line,away,1.5,away_run_line,-135.0,0.6789317132849226,0.1818440934959764,0.2454895262195681,0,823307,1,final,2026-08-30T13:46:52.825323+00:00,4,3,7,-1.5,1.5,8.5,Win
60f28cce3cfa86c53a2a227c6532203a,baseball,mlb,2026_05_03,04:10 PM,San Diego Padres,Chicago White Sox,total,under,8.5,under_total,-114.0,0.6229514627227699,0.1694001142339716,0.1931161302267276,0,823307,1,final,2026-08-30T13:46:52.825323+00:00,4,3,7,-1.5,1.5,8.5,Win
60f28cce3cfa86c53a2a227c6532203a,baseball,mlb,2026_05_03,04:10 PM,San Diego Padres,Chicago White Sox,moneyline,away,,away_moneyline,152.0,0.4613048478291809,0.1624882165295358,0.106900142453642,0,823307,1,final,2026-08-30T13:46:52.825323+00:00,4,3,7,-1.5,1.5,8.5,Loss
83a816db7e0b75a4f8d0b9a486ad3113,baseball,mlb,2026_05_03,01:40 PM,Tampa Bay Rays,San Francisco Giants,run_line,home,-1.5,home_run_line,163.0,0.3972964406507417,0.0448896389114505,0.0275396557738961,0,822987,1,final,2026-08-30T13:46:52.825323+00:00,2,1,3,-1.5,1.5,8.0,Loss
83a816db7e0b75a4f8d0b9a486ad3113,baseball,mlb,2026_05_03,01:40 PM,Tampa Bay Rays,San Francisco Giants,total,over,8.0,over_total,-117.0,0.5821063068415491,0.2066641245730485,0.276982392615784,0,822987,1,final,2026-08-30T13:46:52.825323+00:00,2,1,3,-1.5,1.5,8.0,Loss
83a816db7e0b75a4f8d0b9a486ad3113,baseball,mlb,2026_05_03,01:40 PM,Tampa Bay Rays,San Francisco Giants,moneyline,home,,home_moneyline,-131.0,0.6078406220397764,0.0718410968793001,0.0941118369118832,0,822987,1,final,2026-08-30T13:46:52.825323+00:00,2,1,3,-1.5,1.5,8.0,Win
8ca3a46477683553d785413b73444311,baseball,mlb,2026_05_03,02:15 PM,St Louis Cardinals,Los Angeles Dodgers,run_line,home,1.5,home_run_line,-131.0,0.7813821971879901,0.3778571568734785,0.4949928755042569,0,,,final,2026-08-30T13:46:52.825323+00:00,1,4,5,,,,Loss
8ca3a46477683553d785413b73444311,baseball,mlb,2026_05_03,02:15 PM,St Louis Cardinals,Los Angeles Dodgers,total,under,9.5,under_total,-114.0,0.7128487937500236,0.338154753179869,0.3854964186250507,0,,,final,2026-08-30T13:46:52.825323+00:00,1,4,5,,,,Win
8ca3a46477683553d785413b73444311,baseball,mlb,2026_05_03,02:15 PM,St Louis Cardinals,Los Angeles Dodgers,moneyline,home,,home_moneyline,123.0,0.6064431596044183,0.3523682459178527,0.2864782487137014,0,,,final,2026-08-30T13:46:52.825323+00:00,1,4,5,,,,Loss
9e48c32033c5db8cdc98fcd3ecdc2aa2,baseball,mlb,2026_05_03,03:10 PM,Colorado Rockies,Atlanta Braves,run_line,away,-1.5,away_run_line,-109.0,0.5563204700411413,0.0667062223724634,0.0727097823859853,0,824364,1,final,2026-08-30T13:46:52.825323+00:00,6,11,17,1.5,-1.5,10.5,Win
9e48c32033c5db8cdc98fcd3ecdc2aa2,baseball,mlb,2026_05_03,03:10 PM,Colorado Rockies,Atlanta Braves,total,over,10.5,over_total,-105.0,0.5208180434352494,0.0168352276592964,0.0176769890422612,0,824364,1,final,2026-08-30T13:46:52.825323+00:00,6,11,17,1.5,-1.5,10.5,Win
9e48c32033c5db8cdc98fcd3ecdc2aa2,baseball,mlb,2026_05_03,03:10 PM,Colorado Rockies,Atlanta Braves,moneyline,away,,away_moneyline,-166.0,0.7516112138737029,0.2043890535566563,0.3392858289040496,0,824364,1,final,2026-08-30T13:46:52.825323+00:00,6,11,17,1.5,-1.5,10.5,Win
b713b3ae079ed7d21c2a9f7edb043f6b,baseball,mlb,2026_05_03,07:20 PM,Detroit Tigers,Texas Rangers,run_line,home,1.5,home_run_line,-188.0,0.7710284846382891,0.1811500190203576,0.3405620357582726,0,824285,1,final,2026-08-30T13:46:52.825323+00:00,7,1,8,1.5,-1.5,8.0,Win
b713b3ae079ed7d21c2a9f7edb043f6b,baseball,mlb,2026_05_03,07:20 PM,Detroit Tigers,Texas Rangers,moneyline,home,,home_moneyline,-121.0,0.5923830791591373,0.0819558718526394,0.0991666049416937,0,824285,1,final,2026-08-30T13:46:52.825323+00:00,7,1,8,1.5,-1.5,8.0,Win
b7ad1d7b238b8062d64011d24d284989,baseball,mlb,2026_05_03,02:20 PM,Chicago Cubs,Arizona Diamondbacks,run_line,away,1.5,away_run_line,-135.0,0.6808670648715474,0.1852130388504713,0.2500376024481362,0,824687,1,final,2026-08-30T13:46:52.825323+00:00,8,4,12,-1.5,1.5,12.0,Loss
b7ad1d7b238b8062d64011d24d284989,baseball,mlb,2026_05_03,02:20 PM,Chicago Cubs,Arizona Diamondbacks,total,under,12.0,under_total,-112.0,0.69303377518796,0.4072128650089388,0.5041762890307026,0,824687,1,final,2026-08-30T13:46:52.825323+00:00,8,4,12,-1.5,1.5,12.0,Push
b7ad1d7b238b8062d64011d24d284989,baseball,mlb,2026_05_03,02:20 PM,Chicago Cubs,Arizona Diamondbacks,moneyline,away,,away_moneyline,129.0,0.4949067293373988,0.1333364101826433,0.1033615582811188,0,824687,1,final,2026-08-30T13:46:52.825323+00:00,8,4,12,-1.5,1.5,12.0,Loss
b7ecafff68e95721e956a1a960acdd98,baseball,mlb,2026_05_03,01:35 PM,Pittsburgh Pirates,Cincinnati Reds,run_line,home,1.5,home_run_line,-188.0,0.914942505492682,0.4016140509675128,0.755034415818924,0,823387,1,final,2026-08-30T13:46:52.825323+00:00,1,0,1,1.5,-1.5,7.5,Win
b7ecafff68e95721e956a1a960acdd98,baseball,mlb,2026_05_03,01:35 PM,Pittsburgh Pirates,Cincinnati Reds,total,over,7.5,over_total,-107.0,0.7610812344835706,0.4723721078327022,0.5054381553809912,0,823387,1,final,2026-08-30T13:46:52.825323+00:00,1,0,1,1.5,-1.5,7.5,Loss
b7ecafff68e95721e956a1a960acdd98,baseball,mlb,2026_05_03,01:35 PM,Pittsburgh Pirates,Cincinnati Reds,moneyline,home,,home_moneyline,-120.0,0.8362526830481307,0.533129918921573,0.6397559027058876,0,823387,1,final,2026-08-30T13:46:52.825323+00:00,1,0,1,1.5,-1.5,7.5,Win
ba204fb233ca7bb67ee89a3dd893e188,baseball,mlb,2026_05_03,04:05 PM,Athletics,Cleveland Guardians,total,over,9.5,over_total,100.0,0.5120386510291912,0.0240773020583824,0.0240773020583824,0,,,final,2026-08-30T13:46:52.825323+00:00,7,1,8,,,,Loss
ba204fb233ca7bb67ee89a3dd893e188,baseball,mlb,2026_05_03,04:05 PM,Athletics,Cleveland Guardians,moneyline,away,,away_moneyline,-121.0,0.6054661208141777,0.1058513446275479,0.128080126999333,0,,,final,2026-08-30T13:46:52.825323+00:00,7,1,8,,,,Loss
c07320ad7cda17703d445ae8f3b85376,baseball,mlb,2026_05_03,01:35 PM,Boston Red Sox,Houston Astros,run_line,away,1.5,away_run_line,-156.0,0.7874777143560916,0.2922711209946118,0.4559429487515945,0,824769,1,final,2026-08-30T13:46:52.825323+00:00,1,3,4,-1.5,1.5,8.5,Win
c07320ad7cda17703d445ae8f3b85376,baseball,mlb,2026_05_03,01:35 PM,Boston Red Sox,Houston Astros,total,over,8.5,over_total,-120.0,0.6457589969479565,0.1838914944045869,0.2206697932855043,0,824769,1,final,2026-08-30T13:46:52.825323+00:00,1,3,4,-1.5,1.5,8.5,Loss
c07320ad7cda17703d445ae8f3b85376,baseball,mlb,2026_05_03,01:35 PM,Boston Red Sox,Houston Astros,moneyline,away,,away_moneyline,135.0,0.6368315105665866,0.4965540498314786,0.3678178146899841,0,824769,1,final,2026-08-30T13:46:52.825323+00:00,1,3,4,-1.5,1.5,8.5,Win
e05ec850dc5af5d56ee55a4acb831ae9,baseball,mlb,2026_05_03,04:10 PM,Seattle Mariners,Kansas City Royals,run_line,home,1.5,home_run_line,-196.0,0.7187086730635488,0.0853967715653594,0.1673776722681043,0,823145,1,final,2026-08-30T13:46:52.825323+00:00,1,4,5,1.5,-1.5,8.0,Loss
e05ec850dc5af5d56ee55a4acb831ae9,baseball,mlb,2026_05_03,04:10 PM,Seattle Mariners,Kansas City Royals,total,over,8.0,over_total,-107.0,0.4938619229517521,0.0918099212736834,0.1137517649076189,0,823145,1,final,2026-08-30T13:46:52.825323+00:00,1,4,5,1.5,-1.5,8.0,Loss
1be0149112c46951b21b30f3277a53dd,baseball,mlb,2026_05_04,07:05 PM,New York Yankees,Baltimore Orioles,run_line,away,1.5,away_run_line,-114.0,0.6067567800066673,0.1389995694862,0.158459509214268,0,823552,1,final,2026-08-30T13:46:52.825323+00:00,12,1,13,-1.5,1.5,8.5,Loss
1be0149112c46951b21b30f3277a53dd,baseball,mlb,2026_05_04,07:05 PM,New York Yankees,Baltimore Orioles,total,under,8.5,under_total,-112.0,0.5957829935503594,0.1277320949346087,0.1430599463267618,0,823552,1,final,2026-08-30T13:46:52.825323+00:00,12,1,13,-1.5,1.5,8.5,Loss
1be0149112c46951b21b30f3277a53dd,baseball,mlb,2026_05_04,07:05 PM,New York Yankees,Baltimore Orioles,moneyline,away,,away_moneyline,179.0,0.3775335314126368,0.0533185526412567,0.0297869009169031,0,823552,1,final,2026-08-30T13:46:52.825323+00:00,12,1,13,-1.5,1.5,8.5,Loss
25d5af851ff059eb0a390e1f5908f926,baseball,mlb,2026_05_04,08:50 PM,Chicago Cubs,Cincinnati Reds,total,under,11.5,under_total,-117.0,0.6691440884074038,0.2410621126872362,0.2820426718440663,0,824684,1,final,2026-08-30T13:46:52.825323+00:00,5,4,9,-1.5,1.5,11.5,Win
25d5af851ff059eb0a390e1f5908f926,baseball,mlb,2026_05_04,08:50 PM,Chicago Cubs,Cincinnati Reds,moneyline,home,,home_moneyline,-208.0,0.7246358542423169,0.0730184764742001,0.1518784310663361,0,824684,1,final,2026-08-30T13:46:52.825323+00:00,5,4,9,-1.5,1.5,11.5,Win
286159b7ccc29dea1805a4ce6218be0e,baseball,mlb,2026_05_04,07:40 PM,Kansas City Royals,Cleveland Guardians,run_line,home,1.5,home_run_line,-192.0,0.7936478182790397,0.2070060569660399,0.3974516293747963,0,824120,1,final,2026-08-30T13:46:52.825323+00:00,6,2,8,1.5,-1.5,9.0,Win
286159b7ccc29dea1805a4ce6218be0e,baseball,mlb,2026_05_04,07:40 PM,Kansas City Royals,Cleveland Guardians,total,under,9.0,under_total,-105.0,0.8432145391574987,0.7164468086615196,0.8090401463400897,0,824120,1,final,2026-08-30T13:46:52.825323+00:00,6,2,8,1.5,-1.5,9.0,Win
286159b7ccc29dea1805a4ce6218be0e,baseball,mlb,2026_05_04,07:40 PM,Kansas City Royals,Cleveland Guardians,moneyline,home,,home_moneyline,-121.0,0.58847181752801,0.0748121625924813,0.0905227167369024,0,824120,1,final,2026-08-30T13:46:52.825323+00:00,6,2,8,1.5,-1.5,9.0,Win
29183afced82bafdf09738bf1fa00600,baseball,mlb,2026_05_04,08:10 PM,Houston Astros,Los Angeles Dodgers,run_line,home,1.5,home_run_line,104.0,0.7233142837129138,0.4755611387743443,0.4572703257445618,0,824201,1,final,2026-08-30T13:46:52.825323+00:00,3,8,11,1.5,-1.5,9.0,Loss
29183afced82bafdf09738bf1fa00600,baseball,mlb,2026_05_04,08:10 PM,Houston Astros,Los Angeles Dodgers,total,under,9.0,under_total,-107.0,0.6856799055493861,0.4367621755713832,0.5252495001311813,0,824201,1,final,2026-08-30T13:46:52.825323+00:00,3,8,11,1.5,-1.5,9.0,Loss
29183afced82bafdf09738bf1fa00600,baseball,mlb,2026_05_04,08:10 PM,Houston Astros,Los Angeles Dodgers,moneyline,home,,home_moneyline,163.0,0.5119649519062609,0.3464678235134661,0.2125569469407768,0,824201,1,final,2026-08-30T13:46:52.825323+00:00,3,8,11,1.5,-1.5,9.0,Loss
42cd2c9d9860ded679366dcdfe136ea7,baseball,mlb,2026_05_04,06:10 PM,Detroit Tigers,Boston Red Sox,run_line,home,-1.5,home_run_line,112.0,0.5336142669272897,0.1312622458858543,0.1171984338266556,0,824283,1,final,2026-08-30T13:46:52.825323+00:00,4,5,9,-1.5,1.5,7.0,Loss
42cd2c9d9860ded679366dcdfe136ea7,baseball,mlb,2026_05_04,06:10 PM,Detroit Tigers,Boston Red Sox,total,over,7.0,over_total,-105.0,0.5939650437064559,0.292515084794107,0.3542035237008554,0,824283,1,final,2026-08-30T13:46:52.825323+00:00,4,5,9,-1.5,1.5,7.0,Win
42cd2c9d9860ded679366dcdfe136ea7,baseball,mlb,2026_05_04,06:10 PM,Detroit Tigers,Boston Red Sox,moneyline,home,,home_moneyline,-200.0,0.7590324015386453,0.1385486023079678,0.2770972046159358,0,824283,1,final,2026-08-30T13:46:52.825323+00:00,4,5,9,-1.5,1.5,7.0,Loss
6768391de7087c252e7f2dae8ec9bd0b,baseball,mlb,2026_05_04,07:45 PM,St Louis Cardinals,Milwaukee Brewers,run_line,away,-1.5,away_run_line,141.0,0.4919594648092107,0.1856223101901979,0.1316470285036864,0,,,final,2026-08-30T13:46:52.825323+00:00,6,3,9,,,,Loss
6768391de7087c252e7f2dae8ec9bd0b,baseball,mlb,2026_05_04,07:45 PM,St Louis Cardinals,Milwaukee Brewers,total,under,8.5,under_total,-102.0,0.5866784570040862,0.1618534148512293,0.1650904831482539,0,,,final,2026-08-30T13:46:52.825323+00:00,6,3,9,,,,Loss
6768391de7087c252e7f2dae8ec9bd0b,baseball,mlb,2026_05_04,07:45 PM,St Louis Cardinals,Milwaukee Brewers,moneyline,away,,away_moneyline,-117.0,0.7248288744399946,0.3443407329357164,0.4028786575347882,0,,,final,2026-08-30T13:46:52.825323+00:00,6,3,9,,,,Loss
6afb68c3e91d245e69a9eec05286476d,baseball,mlb,2026_05_04,09:40 PM,Seattle Mariners,Atlanta Braves,run_line,home,-1.5,home_run_line,141.0,0.4557621476947268,0.0983867759442915,0.0697778552796394,0,823143,1,final,2026-08-30T13:46:52.825323+00:00,5,4,9,-1.5,1.5,7.5,Loss
6afb68c3e91d245e69a9eec05286476d,baseball,mlb,2026_05_04,09:40 PM,Seattle Mariners,Atlanta Braves,total,over,7.5,over_total,-117.0,0.6910881757374261,0.2817618302138588,0.3296613413502148,0,823143,1,final,2026-08-30T13:46:52.825323+00:00,5,4,9,-1.5,1.5,7.5,Win
6afb68c3e91d245e69a9eec05286476d,baseball,mlb,2026_05_04,09:40 PM,Seattle Mariners,Atlanta Braves,moneyline,home,,home_moneyline,-142.0,0.6733691808438181,0.1475728293253801,0.2095534176420398,0,823143,1,final,2026-08-30T13:46:52.825323+00:00,5,4,9,-1.5,1.5,7.5,Win
724956d85946d94ae169ea8b4f5299b3,baseball,mlb,2026_05_04,06:40 PM,Tampa Bay Rays,Toronto Blue Jays,run_line,home,1.5,home_run_line,-200.0,0.9141691093368078,0.3712536640052117,0.7425073280104235,0,822984,1,final,2026-08-30T13:46:52.825323+00:00,5,1,6,1.5,-1.5,8.0,Win
724956d85946d94ae169ea8b4f5299b3,baseball,mlb,2026_05_04,06:40 PM,Tampa Bay Rays,Toronto Blue Jays,total,under,8.0,under_total,-112.0,0.5287737688458665,0.1379560537095494,0.1790521822674641,0,822984,1,final,2026-08-30T13:46:52.825323+00:00,5,1,6,1.5,-1.5,8.0,Win
724956d85946d94ae169ea8b4f5299b3,baseball,mlb,2026_05_04,06:40 PM,Tampa Bay Rays,Toronto Blue Jays,moneyline,home,,home_moneyline,-126.0,0.8173990171616646,0.4661283958613984,0.587321778785362,0,822984,1,final,2026-08-30T13:46:52.825323+00:00,5,1,6,1.5,-1.5,8.0,Win
80044e6fc3586ebcf9f4df924a6f9519,baseball,mlb,2026_05_04,05:40 PM,Colorado Rockies,New York Mets,total,under,11.0,under_total,-117.0,0.5431741894560531,0.1242082823716768,0.164538989411618,0,824363,1,final,2026-08-30T13:46:52.825323+00:00,2,4,6,1.5,-1.5,11.0,Win
80044e6fc3586ebcf9f4df924a6f9519,baseball,mlb,2026_05_04,05:40 PM,Colorado Rockies,New York Mets,moneyline,away,,away_moneyline,-142.0,0.6776164008807299,0.1548110493882861,0.2198316901313664,0,824363,1,final,2026-08-30T13:46:52.825323+00:00,2,4,6,1.5,-1.5,11.0,Win
a6a446c7235d0fcd72e04a211f04e87a,baseball,mlb,2026_05_04,09:45 PM,San Francisco Giants,San Diego Padres,total,over,8.0,over_total,-107.0,0.4922756672074384,0.0888549446367661,0.1101050762087653,0,823228,1,final,2026-08-30T13:46:52.825323+00:00,3,2,5,1.5,-1.5,8.0,Loss
a6a446c7235d0fcd72e04a211f04e87a,baseball,mlb,2026_05_04,09:45 PM,San Francisco Giants,San Diego Padres,moneyline,away,,away_moneyline,-135.0,0.6610051031737075,0.1506385129320093,0.2033619924582126,0,823228,1,final,2026-08-30T13:46:52.825323+00:00,3,2,5,1.5,-1.5,8.0,Loss
a8b6869ab87cab44f73e7d8fe9c435f5,baseball,mlb,2026_05_04,06:40 PM,Miami Marlins,Philadelphia Phillies,run_line,home,1.5,home_run_line,-175.0,0.8074981687141372,0.2689256936936441,0.4706199639638771,0,823874,1,final,2026-08-30T13:46:52.825323+00:00,0,1,1,1.5,-1.5,8.5,Win
a8b6869ab87cab44f73e7d8fe9c435f5,baseball,mlb,2026_05_04,06:40 PM,Miami Marlins,Philadelphia Phillies,total,over,8.5,over_total,-112.0,0.698066112683003,0.3213394275785414,0.3599001588879664,0,823874,1,final,2026-08-30T13:46:52.825323+00:00,0,1,1,1.5,-1.5,8.5,Loss
a8b6869ab87cab44f73e7d8fe9c435f5,baseball,mlb,2026_05_04,06:40 PM,Miami Marlins,Philadelphia Phillies,moneyline,home,,home_moneyline,-109.0,0.670432447918487,0.2855080882106768,0.3112038161496379,0,823874,1,final,2026-08-30T13:46:52.825323+00:00,0,1,1,1.5,-1.5,8.5,Loss
e07f1907da5ba8bebef841815c5cd9a1,baseball,mlb,2026_05_04,09:38 PM,Los Angeles Angels,Chicago White Sox,run_line,home,-1.5,home_run_line,135.0,0.4710076323181913,0.1068679359477495,0.0791614340353701,0,824039,1,final,2026-08-30T13:46:52.825323+00:00,0,6,6,-1.5,1.5,7.5,Loss
e07f1907da5ba8bebef841815c5cd9a1,baseball,mlb,2026_05_04,09:38 PM,Los Angeles Angels,Chicago White Sox,total,under,7.5,under_total,-105.0,0.5159055466723672,0.0072441625508121,0.0076063706783527,0,824039,1,final,2026-08-30T13:46:52.825323+00:00,0,6,6,-1.5,1.5,7.5,Win
e07f1907da5ba8bebef841815c5cd9a1,baseball,mlb,2026_05_04,09:38 PM,Los Angeles Angels,Chicago White Sox,moneyline,home,,home_moneyline,-156.0,0.7122170741181131,0.1687664806040829,0.2632757097423694,0,824039,1,final,2026-08-30T13:46:52.825323+00:00,0,6,6,-1.5,1.5,7.5,Loss
642027e0dc5d6fe0e383f9c8b6453d6c,baseball,mlb,2026_05_05,07:05 PM,New York Yankees,Texas Rangers,run_line,home,1.5,home_run_line,-181.0,0.8402255221083739,0.3044385177483593,0.5510337171245305,0,823553,1,final,2026-08-30T13:46:52.825323+00:00,7,4,11,1.5,-1.5,8.0,Win
642027e0dc5d6fe0e383f9c8b6453d6c,baseball,mlb,2026_05_05,07:05 PM,New York Yankees,Texas Rangers,moneyline,home,,home_moneyline,-113.0,0.6986937060404705,0.3170067202355768,0.358217593866202,0,823553,1,final,2026-08-30T13:46:52.825323+00:00,7,4,11,1.5,-1.5,8.0,Win
692aeb05691cac285d594067d9c4a24e,baseball,mlb,2026_05_05,06:40 PM,Miami Marlins,Baltimore Orioles,run_line,home,-1.5,home_run_line,159.0,0.4594982864735109,0.1901005619663931,0.119560101865656,0,823873,1,final,2026-08-30T13:46:52.825323+00:00,7,9,16,-1.5,1.5,8.5,Loss
692aeb05691cac285d594067d9c4a24e,baseball,mlb,2026_05_05,06:40 PM,Miami Marlins,Baltimore Orioles,total,under,8.5,under_total,-109.0,0.6622531283834447,0.2698248057994492,0.2941090383213995,0,823873,1,final,2026-08-30T13:46:52.825323+00:00,7,9,16,-1.5,1.5,8.5,Loss
692aeb05691cac285d594067d9c4a24e,baseball,mlb,2026_05_05,06:40 PM,Miami Marlins,Baltimore Orioles,moneyline,home,,home_moneyline,-131.0,0.7017900430761164,0.2375076332105561,0.3111349995058286,0,823873,1,final,2026-08-30T13:46:52.825323+00:00,7,9,16,-1.5,1.5,8.5,Loss
6ce90524a09ef856d3a08a7038715209,baseball,mlb,2026_05_05,08:10 PM,Houston Astros,Los Angeles Dodgers,run_line,home,1.5,home_run_line,112.0,0.7681379827333588,0.6284525233947207,0.561118324459572,0,824200,1,final,2026-08-30T13:46:52.825323+00:00,2,1,3,1.5,-1.5,8.0,Win
6ce90524a09ef856d3a08a7038715209,baseball,mlb,2026_05_05,08:10 PM,Houston Astros,Los Angeles Dodgers,total,over,8.0,over_total,-120.0,0.5569786640680291,0.1514201234509693,0.2089256023681643,0,824200,1,final,2026-08-30T13:46:52.825323+00:00,2,1,3,1.5,-1.5,8.0,Loss
6ce90524a09ef856d3a08a7038715209,baseball,mlb,2026_05_05,08:10 PM,Houston Astros,Los Angeles Dodgers,moneyline,home,,home_moneyline,184.0,0.6011950477736479,0.7073939356771599,0.3844532259115,0,824200,1,final,2026-08-30T13:46:52.825323+00:00,2,1,3,1.5,-1.5,8.0,Win
71ef508a8cbaa38a8e77f003e58f92aa,baseball,mlb,2026_05_05,06:40 PM,Detroit Tigers,Boston Red Sox,total,under,8.5,under_total,-117.0,0.579416243993238,0.0746438029618175,0.0873332494653264,0,824281,1,final,2026-08-30T13:46:52.825323+00:00,3,10,13,-1.5,1.5,8.5,Loss
71ef508a8cbaa38a8e77f003e58f92aa,baseball,mlb,2026_05_05,06:40 PM,Detroit Tigers,Boston Red Sox,moneyline,home,,home_moneyline,-185.0,0.6743127865100593,0.0388061846236049,0.071791441553669,0,824281,1,final,2026-08-30T13:46:52.825323+00:00,3,10,13,-1.5,1.5,8.5,Loss
725a2bc29fdee3828f24905b97afda08,baseball,mlb,2026_05_05,07:40 PM,Kansas City Royals,Cleveland Guardians,run_line,away,-1.5,away_run_line,139.0,0.5401027219323543,0.2908455054183267,0.2092413708045516,0,824119,1,final,2026-08-30T13:46:52.825323+00:00,5,3,8,1.5,-1.5,8.0,Loss
725a2bc29fdee3828f24905b97afda08,baseball,mlb,2026_05_05,07:40 PM,Kansas City Royals,Cleveland Guardians,total,over,8.0,over_total,-102.0,0.7249769841669556,0.5355890257245821,0.606899942988438,0,824119,1,final,2026-08-30T13:46:52.825323+00:00,5,3,8,1.5,-1.5,8.0,Push
725a2bc29fdee3828f24905b97afda08,baseball,mlb,2026_05_05,07:40 PM,Kansas City Royals,Cleveland Guardians,moneyline,away,,away_moneyline,-121.0,0.7396726651016166,0.3509723883260933,0.4246765898745727,0,824119,1,final,2026-08-30T13:46:52.825323+00:00,5,3,8,1.5,-1.5,8.0,Loss
732ae7d99e94ec771af4f2525709bb66,baseball,mlb,2026_05_05,09:40 PM,Seattle Mariners,Atlanta Braves,run_line,away,1.5,away_run_line,-175.0,0.74302885308838,0.1676167691388828,0.2933293459930449,0,823142,1,final,2026-08-30T13:46:52.825323+00:00,2,3,5,-1.5,1.5,8.0,Win
732ae7d99e94ec771af4f2525709bb66,baseball,mlb,2026_05_05,09:40 PM,Seattle Mariners,Atlanta Braves,total,under,8.0,under_total,-112.0,0.5951475078049029,0.2573470994227448,0.3316091615868754,0,823142,1,final,2026-08-30T13:46:52.825323+00:00,2,3,5,-1.5,1.5,8.0,Win
732ae7d99e94ec771af4f2525709bb66,baseball,mlb,2026_05_05,09:40 PM,Seattle Mariners,Atlanta Braves,moneyline,away,,away_moneyline,119.0,0.5337982032193713,0.1690180650504231,0.1420319874373304,0,823142,1,final,2026-08-30T13:46:52.825323+00:00,2,3,5,-1.5,1.5,8.0,Win
7cdd4e1d6b845aedaf71e33a78a0f164,baseball,mlb,2026_05_05,07:40 PM,Chicago Cubs,Cincinnati Reds,moneyline,home,,home_moneyline,-166.0,0.7685470579724647,0.2315272133775638,0.384335174206756,0,824682,1,final,2026-08-30T13:46:52.825323+00:00,3,2,5,,,,Win
8ce45c11dc2d0ef2edaaf6ecd5f2b8ff,baseball,mlb,2026_05_05,09:40 PM,Arizona Diamondbacks,Pittsburgh Pirates,run_line,home,1.5,home_run_line,-188.0,0.6762814080625665,0.036005561287336,0.0676904552201916,0,825092,1,final,2026-08-30T13:46:52.825323+00:00,9,0,9,1.5,-1.5,9.0,Win
8ce45c11dc2d0ef2edaaf6ecd5f2b8ff,baseball,mlb,2026_05_05,09:40 PM,Arizona Diamondbacks,Pittsburgh Pirates,total,under,9.0,under_total,-109.0,0.6403741375571128,0.3457246503001233,0.4271840683154647,0,825092,1,final,2026-08-30T13:46:52.825323+00:00,9,0,9,1.5,-1.5,9.0,Push
8ce45c11dc2d0ef2edaaf6ecd5f2b8ff,baseball,mlb,2026_05_05,09:40 PM,Arizona Diamondbacks,Pittsburgh Pirates,moneyline,away,,away_moneyline,108.0,0.5442537858259596,0.132047874517996,0.1222665504796259,0,825092,1,final,2026-08-30T13:46:52.825323+00:00,9,0,9,1.5,-1.5,9.0,Loss
90becb516bb091bc1f699dadd4f5e4ef,baseball,mlb,2026_05_05,09:45 PM,San Francisco Giants,San Diego Padres,run_line,away,1.5,away_run_line,-192.0,0.7247549813898051,0.1022315341969954,0.1962845456582313,0,823227,1,final,2026-08-30T13:46:52.825323+00:00,5,10,15,-1.5,1.5,7.5,Win
90becb516bb091bc1f699dadd4f5e4ef,baseball,mlb,2026_05_05,09:45 PM,San Francisco Giants,San Diego Padres,total,over,7.5,over_total,-102.0,0.6141652201136745,0.2162879849310021,0.2206137446296222,0,823227,1,final,2026-08-30T13:46:52.825323+00:00,5,10,15,-1.5,1.5,7.5,Win
90becb516bb091bc1f699dadd4f5e4ef,baseball,mlb,2026_05_05,09:45 PM,San Francisco Giants,San Diego Padres,moneyline,away,,away_moneyline,108.0,0.5329323526748851,0.1084992935637612,0.1004623088553343,0,823227,1,final,2026-08-30T13:46:52.825323+00:00,5,10,15,-1.5,1.5,7.5,Win
a3d49ab06b3c4cfdcaeec1ee6be2c11f,baseball,mlb,2026_05_05,09:38 PM,Los Angeles Angels,Chicago White Sox,moneyline,away,,away_moneyline,-105.0,0.5681526987054464,0.1092505069963476,0.114713032346165,0,824040,1,final,2026-08-30T13:46:52.825323+00:00,4,3,7,1.5,-1.5,9.0,Loss
b30fec61cfbf1f3dfe4bb5e70a150f48,baseball,mlb,2026_05_05,06:40 PM,Philadelphia Phillies,Athletics,run_line,away,1.5,away_run_line,-131.0,0.7464253781677642,0.3162157431813244,0.4142426235675353,0,,,final,2026-08-30T13:46:52.825323+00:00,9,1,10,,,,Loss
b30fec61cfbf1f3dfe4bb5e70a150f48,baseball,mlb,2026_05_05,06:40 PM,Philadelphia Phillies,Athletics,total,under,9.0,under_total,-120.0,0.4836724417443653,0.018159859595526,0.0250892357491431,0,,,final,2026-08-30T13:46:52.825323+00:00,9,1,10,,,,Loss
b30fec61cfbf1f3dfe4bb5e70a150f48,baseball,mlb,2026_05_05,06:40 PM,Philadelphia Phillies,Athletics,moneyline,away,,away_moneyline,159.0,0.5667311304514066,0.4678336278691428,0.2942349860812219,0,,,final,2026-08-30T13:46:52.825323+00:00,9,1,10,,,,Loss
d0147770323bf6c913a672f31ac49256,baseball,mlb,2026_05_05,06:40 PM,Tampa Bay Rays,Toronto Blue Jays,total,over,7.0,over_total,-123.0,0.6166141964296624,0.2469537331029184,0.3487515171398969,0,822986,1,final,2026-08-30T13:46:52.825323+00:00,4,3,7,-1.5,1.5,7.0,Push
d0147770323bf6c913a672f31ac49256,baseball,mlb,2026_05_05,06:40 PM,Tampa Bay Rays,Toronto Blue Jays,moneyline,home,,home_moneyline,-131.0,0.5782013245557188,0.019576381468481,0.0256450597237102,0,822986,1,final,2026-08-30T13:46:52.825323+00:00,4,3,7,-1.5,1.5,7.0,Win
d1bb060e1d2465b94fde23b308c82f30,baseball,mlb,2026_05_05,06:45 PM,Washington Nationals,Minnesota Twins,run_line,home,1.5,home_run_line,-175.0,0.7136513148361643,0.1214520661711153,0.2125411157994517,0,822743,1,final,2026-08-30T13:46:52.825323+00:00,3,11,14,1.5,-1.5,9.0,Loss
d1bb060e1d2465b94fde23b308c82f30,baseball,mlb,2026_05_05,06:45 PM,Washington Nationals,Minnesota Twins,total,under,9.0,under_total,-112.0,0.6374531310745368,0.3248916347322709,0.4126936551574912,0,822743,1,final,2026-08-30T13:46:52.825323+00:00,3,11,14,1.5,-1.5,9.0,Loss
1f8259cdeb29bfd068ffa5cbaea3e8d7,baseball,mlb,2026_05_06,04:10 PM,Seattle Mariners,Atlanta Braves,run_line,home,-1.5,home_run_line,152.0,0.5151215033739841,0.2981061885024398,0.1961224924358157,0,823141,1,final,2026-08-30T13:46:52.825323+00:00,3,1,4,-1.5,1.5,8.0,Win
1f8259cdeb29bfd068ffa5cbaea3e8d7,baseball,mlb,2026_05_06,04:10 PM,Seattle Mariners,Atlanta Braves,total,over,8.0,over_total,-117.0,0.576856282873986,0.1976466527374554,0.2651152753649308,0,823141,1,final,2026-08-30T13:46:52.825323+00:00,3,1,4,-1.5,1.5,8.0,Loss
1f8259cdeb29bfd068ffa5cbaea3e8d7,baseball,mlb,2026_05_06,04:10 PM,Seattle Mariners,Atlanta Braves,moneyline,home,,home_moneyline,-135.0,0.7304295526600696,0.2714884805564175,0.3665094487511635,0,823141,1,final,2026-08-30T13:46:52.825323+00:00,3,1,4,-1.5,1.5,8.0,Win
30985b2de1c1ed30f2e2fd8caf711d21,baseball,mlb,2026_05_06,01:10 PM,Tampa Bay Rays,Toronto Blue Jays,run_line,away,1.5,away_run_line,-185.0,0.7562219715865454,0.1649906048765699,0.3052326190216543,0,822985,1,final,2026-08-30T13:46:52.825323+00:00,3,0,3,-1.5,1.5,7.5,Loss
30985b2de1c1ed30f2e2fd8caf711d21,baseball,mlb,2026_05_06,01:10 PM,Tampa Bay Rays,Toronto Blue Jays,total,over,7.5,over_total,-114.0,0.7866632844691233,0.4767187971613367,0.5434594287639238,0,822985,1,final,2026-08-30T13:46:52.825323+00:00,3,0,3,-1.5,1.5,7.5,Loss
30985b2de1c1ed30f2e2fd8caf711d21,baseball,mlb,2026_05_06,01:10 PM,Tampa Bay Rays,Toronto Blue Jays,moneyline,away,,away_moneyline,119.0,0.5952277315224038,0.3035487320340644,0.2550829680958523,0,822985,1,final,2026-08-30T13:46:52.825323+00:00,3,0,3,-1.5,1.5,7.5,Loss
30d2a93f1ca79f37c19806e74ed1cdab,baseball,mlb,2026_05_06,07:40 PM,Kansas City Royals,Cleveland Guardians,run_line,away,1.5,away_run_line,-192.0,0.7057696277788523,0.0733579755803381,0.1408473131142492,0,824118,1,final,2026-08-30T13:46:52.825323+00:00,1,3,4,-1.5,1.5,8.0,Win
30d2a93f1ca79f37c19806e74ed1cdab,baseball,mlb,2026_05_06,07:40 PM,Kansas City Royals,Cleveland Guardians,total,under,8.0,under_total,-117.0,0.5644017651824451,0.1809687367366461,0.2445445232277742,0,824118,1,final,2026-08-30T13:46:52.825323+00:00,1,3,4,-1.5,1.5,8.0,Win
30d2a93f1ca79f37c19806e74ed1cdab,baseball,mlb,2026_05_06,07:40 PM,Kansas City Royals,Cleveland Guardians,moneyline,away,,away_moneyline,108.0,0.4863879640725957,0.0116869652709992,0.0108212641398139,0,824118,1,final,2026-08-30T13:46:52.825323+00:00,1,3,4,-1.5,1.5,8.0,Win
3d9ff7b926b247cb73447ca5c7a7428e,baseball,mlb,2026_05_06,09:20 PM,Colorado Rockies,New York Mets,run_line,home,1.5,home_run_line,-114.0,0.5527472767791503,0.0376133090415626,0.0428791723073815,0,824361,1,final,2026-08-30T13:46:52.825323+00:00,5,10,15,1.5,-1.5,9.5,Loss
3d9ff7b926b247cb73447ca5c7a7428e,baseball,mlb,2026_05_06,09:20 PM,Colorado Rockies,New York Mets,total,under,9.5,under_total,-109.0,0.5688671958894496,0.0907637058797704,0.0989324394089497,0,824361,1,final,2026-08-30T13:46:52.825323+00:00,5,10,15,1.5,-1.5,9.5,Loss
3d9ff7b926b247cb73447ca5c7a7428e,baseball,mlb,2026_05_06,09:20 PM,Colorado Rockies,New York Mets,moneyline,away,,away_moneyline,-166.0,0.6643570588443329,0.0645721545336901,0.1071897765259255,0,824361,1,final,2026-08-30T13:46:52.825323+00:00,5,10,15,1.5,-1.5,9.5,Win
4a14bd2383b640b8cf105c59c99fa882,baseball,mlb,2026_05_06,06:40 PM,Detroit Tigers,Boston Red Sox,run_line,away,-1.5,away_run_line,154.0,0.5774105732023833,0.4666228559340537,0.3030018545026322,0,824282,1,final,2026-08-30T13:46:52.825323+00:00,0,4,4,1.5,-1.5,8.0,Win
4a14bd2383b640b8cf105c59c99fa882,baseball,mlb,2026_05_06,06:40 PM,Detroit Tigers,Boston Red Sox,total,over,8.0,over_total,-112.0,0.6622351816057411,0.3670959664396223,0.4638288750772577,0,824282,1,final,2026-08-30T13:46:52.825323+00:00,0,4,4,1.5,-1.5,8.0,Loss
4a14bd2383b640b8cf105c59c99fa882,baseball,mlb,2026_05_06,06:40 PM,Detroit Tigers,Boston Red Sox,moneyline,away,,away_moneyline,100.0,0.7784238877840128,0.5568477755680257,0.5568477755680257,0,824282,1,final,2026-08-30T13:46:52.825323+00:00,0,4,4,1.5,-1.5,8.0,Win
50bf885c9e829f1de48161f3ec47e5dc,baseball,mlb,2026_05_06,06:45 PM,Washington Nationals,Minnesota Twins,run_line,away,-1.5,away_run_line,119.0,0.6826880569210971,0.4950868446572027,0.4160393652581535,0,822740,1,final,2026-08-30T13:46:52.825323+00:00,15,2,17,1.5,-1.5,9.5,Loss
50bf885c9e829f1de48161f3ec47e5dc,baseball,mlb,2026_05_06,06:45 PM,Washington Nationals,Minnesota Twins,total,over,9.5,over_total,-105.0,0.6731025987526256,0.3141526928027451,0.3298603274428823,0,822740,1,final,2026-08-30T13:46:52.825323+00:00,15,2,17,1.5,-1.5,9.5,Win
50bf885c9e829f1de48161f3ec47e5dc,baseball,mlb,2026_05_06,06:45 PM,Washington Nationals,Minnesota Twins,moneyline,away,,away_moneyline,-135.0,0.8511518658388176,0.4816347294231269,0.6502068847212213,0,822740,1,final,2026-08-30T13:46:52.825323+00:00,15,2,17,1.5,-1.5,9.5,Loss
71fad9f636c723c1e774d7aa9651880b,baseball,mlb,2026_05_06,01:15 PM,St Louis Cardinals,Milwaukee Brewers,moneyline,away,,away_moneyline,-109.0,0.5967144967219363,0.1441589891273824,0.157133298148847,0,,,final,2026-08-30T13:46:52.825323+00:00,2,6,8,,,,Win
7c30fa11564865dd19f2a9c4a7e9d937,baseball,mlb,2026_05_06,04:07 PM,Los Angeles Angels,Chicago White Sox,run_line,home,1.5,home_run_line,-175.0,0.7123515964764697,0.1194096516058809,0.2089668903102917,0,824036,1,final,2026-08-30T13:46:52.825323+00:00,8,2,10,1.5,-1.5,9.0,Win
7c30fa11564865dd19f2a9c4a7e9d937,baseball,mlb,2026_05_06,04:07 PM,Los Angeles Angels,Chicago White Sox,total,under,9.0,under_total,-112.0,0.5854709442541461,0.2330561118280702,0.2982583933226764,0,824036,1,final,2026-08-30T13:46:52.825323+00:00,8,2,10,1.5,-1.5,9.0,Loss
7dd3ac6bd80317fdd884080b8d94dd77,baseball,mlb,2026_05_06,06:40 PM,Miami Marlins,Baltimore Orioles,total,over,8.5,over_total,-114.0,0.8203322077377108,0.5399218636479834,0.615510924558701,0,823872,1,final,2026-08-30T13:46:52.825323+00:00,4,7,11,-1.5,1.5,8.5,Win
8379550b6a949466b56d6ddffad2b2fe,baseball,mlb,2026_05_06,06:40 PM,Philadelphia Phillies,Athletics,run_line,home,-1.5,home_run_line,119.0,0.5199676768945828,0.1387292123991363,0.1165791700833078,0,,,final,2026-08-30T13:46:52.825323+00:00,6,3,9,,,,Win
8379550b6a949466b56d6ddffad2b2fe,baseball,mlb,2026_05_06,06:40 PM,Philadelphia Phillies,Athletics,total,under,8.5,under_total,-109.0,0.6571541081186214,0.2600477852916686,0.2834520859679187,0,,,final,2026-08-30T13:46:52.825323+00:00,6,3,9,,,,Loss
8379550b6a949466b56d6ddffad2b2fe,baseball,mlb,2026_05_06,06:40 PM,Philadelphia Phillies,Athletics,moneyline,home,,home_moneyline,-175.0,0.7588626034074266,0.192498376783099,0.3368721593704232,0,,,final,2026-08-30T13:46:52.825323+00:00,6,3,9,,,,Win
895be7e0cbc697eeffc1f4c9fb60613b,baseball,mlb,2026_05_06,07:05 PM,New York Yankees,Texas Rangers,run_line,away,1.5,away_run_line,-121.0,0.6209044353469055,0.1340485967906293,0.1621988021166613,0,823550,1,final,2026-08-30T13:46:52.825323+00:00,1,6,7,-1.5,1.5,8.5,Win
895be7e0cbc697eeffc1f4c9fb60613b,baseball,mlb,2026_05_06,07:05 PM,New York Yankees,Texas Rangers,moneyline,away,,away_moneyline,169.0,0.4054044611005083,0.0905380003603673,0.0535727812783238,0,823550,1,final,2026-08-30T13:46:52.825323+00:00,1,6,7,-1.5,1.5,8.5,Win
a524558d8c67f4e0116d63123b26e426,baseball,mlb,2026_05_06,07:40 PM,Chicago Cubs,Cincinnati Reds,run_line,home,-1.5,home_run_line,123.0,0.5299986355509533,0.1818969572786257,0.1478837051045738,0,824683,1,final,2026-08-30T13:46:52.825323+00:00,7,6,13,-1.5,1.5,8.0,Loss
a524558d8c67f4e0116d63123b26e426,baseball,mlb,2026_05_06,07:40 PM,Chicago Cubs,Cincinnati Reds,total,under,8.0,under_total,-113.0,0.4588066900777768,0.0044015663708195,0.0057805716488144,0,824683,1,final,2026-08-30T13:46:52.825323+00:00,7,6,13,-1.5,1.5,8.0,Loss
a524558d8c67f4e0116d63123b26e426,baseball,mlb,2026_05_06,07:40 PM,Chicago Cubs,Cincinnati Reds,moneyline,home,,home_moneyline,-175.0,0.7612968276374896,0.1963235862874837,0.3435662760030964,0,824683,1,final,2026-08-30T13:46:52.825323+00:00,7,6,13,-1.5,1.5,8.0,Win
bd85ab302972ab39355e0e7baa91a454,baseball,mlb,2026_05_06,03:45 PM,San Francisco Giants,San Diego Padres,run_line,away,-1.5,away_run_line,144.0,0.6671848587939334,0.6279310554571975,0.4360632329563871,0,823226,1,final,2026-08-30T13:46:52.825323+00:00,1,5,6,1.5,-1.5,8.5,Win
bd85ab302972ab39355e0e7baa91a454,baseball,mlb,2026_05_06,03:45 PM,San Francisco Giants,San Diego Padres,total,over,8.5,over_total,-114.0,0.7473116377066182,0.4028481620106695,0.4592469046921631,0,823226,1,final,2026-08-30T13:46:52.825323+00:00,1,5,6,1.5,-1.5,8.5,Loss
bd85ab302972ab39355e0e7baa91a454,baseball,mlb,2026_05_06,03:45 PM,San Francisco Giants,San Diego Padres,moneyline,away,,away_moneyline,-112.0,0.8424218620426899,0.5945842388665201,0.6659343475305025,0,823226,1,final,2026-08-30T13:46:52.825323+00:00,1,5,6,1.5,-1.5,8.5,Win
de734f0e0ca302bf4a6c20844ec6127c,baseball,mlb,2026_05_06,02:10 PM,Houston Astros,Los Angeles Dodgers,run_line,home,1.5,home_run_line,108.0,0.5515001987087829,0.1471204133142682,0.1362226049206188,0,824198,1,final,2026-08-30T13:46:52.825323+00:00,2,12,14,1.5,-1.5,9.0,Loss
de734f0e0ca302bf4a6c20844ec6127c,baseball,mlb,2026_05_06,02:10 PM,Houston Astros,Los Angeles Dodgers,total,under,9.0,under_total,-119.0,0.4821739406616611,0.0188232710507494,0.0257900869032941,0,824198,1,final,2026-08-30T13:46:52.825323+00:00,2,12,14,1.5,-1.5,9.0,Loss
de899b461227924fc52c2f9492e9fe56,baseball,mlb,2026_05_06,09:40 PM,Arizona Diamondbacks,Pittsburgh Pirates,run_line,home,1.5,home_run_line,-135.0,0.5786329214923076,0.0072499003754984,0.0097873655069228,0,825091,1,final,2026-08-30T13:46:52.825323+00:00,0,1,1,1.5,-1.5,8.0,Win
de899b461227924fc52c2f9492e9fe56,baseball,mlb,2026_05_06,09:40 PM,Arizona Diamondbacks,Pittsburgh Pirates,total,over,8.0,over_total,-105.0,0.598605214815058,0.2933439644227402,0.3518674039075522,0,825091,1,final,2026-08-30T13:46:52.825323+00:00,0,1,1,1.5,-1.5,8.0,Loss
de899b461227924fc52c2f9492e9fe56,baseball,mlb,2026_05_06,09:40 PM,Arizona Diamondbacks,Pittsburgh Pirates,moneyline,away,,away_moneyline,-149.0,0.6329906156800135,0.0578165322437809,0.0861466330432334,0,825091,1,final,2026-08-30T13:46:52.825323+00:00,0,1,1,1.5,-1.5,8.0,Win
fb98c375df55f7f70d2f35b2209bdd61,baseball,mlb,2026_05_07,10:10 PM,San Diego Padres,St Louis Cardinals,run_line,home,-1.5,home_run_line,119.0,0.5333961846776445,0.1681376444440414,0.1412921381882701,0,,,final,2026-08-30T13:46:52.825323+00:00,1,2,3,,,,Loss
fb98c375df55f7f70d2f35b2209bdd61,baseball,mlb,2026_05_07,10:10 PM,San Diego Padres,St Louis Cardinals,total,under,8.0,under_total,-109.0,0.5534731108058288,0.1964196919910754,0.2475610559350699,0,,,final,2026-08-30T13:46:52.825323+00:00,1,2,3,,,,Win
fb98c375df55f7f70d2f35b2209bdd61,baseball,mlb,2026_05_07,10:10 PM,San Diego Padres,St Louis Cardinals,moneyline,home,,home_moneyline,-175.0,0.7745476741955923,0.2171463451645021,0.3800061040378789,0,,,final,2026-08-30T13:46:52.825323+00:00,1,2,3,,,,Loss
0f65cc2fecae3661933682f1525e806d,baseball,mlb,2026_05_08,06:40 PM,Philadelphia Phillies,Colorado Rockies,run_line,away,1.5,away_run_line,-126.0,0.6454783598396103,0.1577627724107295,0.1987810932375192,0,823466,1,final,2026-08-30T13:46:52.825323+00:00,7,9,16,-1.5,1.5,7.5,Win
0f65cc2fecae3661933682f1525e806d,baseball,mlb,2026_05_08,06:40 PM,Philadelphia Phillies,Colorado Rockies,total,over,7.5,over_total,-102.0,0.7394300857377657,0.4643615423434181,0.4736487731902866,0,823466,1,final,2026-08-30T13:46:52.825323+00:00,7,9,16,-1.5,1.5,7.5,Win
0f65cc2fecae3661933682f1525e806d,baseball,mlb,2026_05_08,06:40 PM,Philadelphia Phillies,Colorado Rockies,moneyline,away,,away_moneyline,179.0,0.4458652472782142,0.2439640399062175,0.1362927597241439,0,823466,1,final,2026-08-30T13:46:52.825323+00:00,7,9,16,-1.5,1.5,7.5,Win
24892453777c4e3f95360ff530e09902,baseball,mlb,2026_05_08,09:45 PM,San Diego Padres,St Louis Cardinals,run_line,home,-1.5,home_run_line,141.0,0.775196446127567,0.8682234351674365,0.615761301537189,0,,,final,2026-08-30T13:46:52.825323+00:00,0,6,6,,,,Loss
24892453777c4e3f95360ff530e09902,baseball,mlb,2026_05_08,09:45 PM,San Diego Padres,St Louis Cardinals,moneyline,home,,home_moneyline,-156.0,0.9312422547962692,0.5281924181272108,0.8239801722784492,0,,,final,2026-08-30T13:46:52.825323+00:00,0,6,6,,,,Loss
3d859a4947ba1d62e82366cdebc59d78,baseball,mlb,2026_05_08,07:40 PM,Milwaukee Brewers,New York Yankees,run_line,home,1.5,home_run_line,-149.0,0.6065138116051046,0.0135700610045037,0.0202193908967105,0,823794,1,final,2026-08-30T13:46:52.825323+00:00,6,0,6,1.5,-1.5,7.0,Win
3d859a4947ba1d62e82366cdebc59d78,baseball,mlb,2026_05_08,07:40 PM,Milwaukee Brewers,New York Yankees,total,under,7.0,under_total,100.0,0.4685647416948357,0.085962853038481,0.1009941531695301,0,823794,1,final,2026-08-30T13:46:52.825323+00:00,6,0,6,1.5,-1.5,7.0,Win
3d859a4947ba1d62e82366cdebc59d78,baseball,mlb,2026_05_08,07:40 PM,Milwaukee Brewers,New York Yankees,moneyline,away,,away_moneyline,-135.0,0.6432562093496099,0.119742290349321,0.1616520919715832,0,823794,1,final,2026-08-30T13:46:52.825323+00:00,6,0,6,1.5,-1.5,7.0,Loss
40150285b21b0e818a39c0940eca75d7,baseball,mlb,2026_05_08,06:10 PM,Cincinnati Reds,Houston Astros,run_line,away,1.5,away_run_line,-175.0,0.6670453281294679,0.0482140870605924,0.0843746523560367,0,824522,1,final,2026-08-30T13:46:52.825323+00:00,0,10,10,-1.5,1.5,9.5,Win
40150285b21b0e818a39c0940eca75d7,baseball,mlb,2026_05_08,06:10 PM,Cincinnati Reds,Houston Astros,moneyline,away,,away_moneyline,112.0,0.4727724349709228,0.0022775621383563,0.0020335376235324,0,824522,1,final,2026-08-30T13:46:52.825323+00:00,0,10,10,-1.5,1.5,9.5,Win
6aa50c59681975bb7beff37ab4f46bb5,baseball,mlb,2026_05_08,07:40 PM,Kansas City Royals,Detroit Tigers,run_line,away,1.5,away_run_line,-175.0,0.8512535350187592,0.3376841264580501,0.5909472213015878,0,824116,1,final,2026-08-30T13:46:52.825323+00:00,4,3,7,-1.5,1.5,8.5,Win
6aa50c59681975bb7beff37ab4f46bb5,baseball,mlb,2026_05_08,07:40 PM,Kansas City Royals,Detroit Tigers,total,over,8.5,over_total,-112.0,0.5605181551199312,0.0609807936198698,0.0682984888542542,0,824116,1,final,2026-08-30T13:46:52.825323+00:00,4,3,7,-1.5,1.5,8.5,Loss
6aa50c59681975bb7beff37ab4f46bb5,baseball,mlb,2026_05_08,07:40 PM,Kansas City Royals,Detroit Tigers,moneyline,away,,away_moneyline,123.0,0.7266215910325116,0.6203661480025007,0.5043627219532527,0,824116,1,final,2026-08-30T13:46:52.825323+00:00,4,3,7,-1.5,1.5,8.5,Loss
739421696ed76f3cffaf12c7db22c763,baseball,mlb,2026_05_08,07:10 PM,Boston Red Sox,Tampa Bay Rays,run_line,away,1.5,away_run_line,-181.0,0.6949794710937734,0.0789460297091178,0.1428923137735033,0,824768,1,final,2026-08-30T13:46:52.825323+00:00,2,0,2,-1.5,1.5,8.5,Loss
739421696ed76f3cffaf12c7db22c763,baseball,mlb,2026_05_08,07:10 PM,Boston Red Sox,Tampa Bay Rays,total,under,8.5,under_total,100.0,0.7983074202980946,0.5966148405961893,0.5966148405961893,0,824768,1,final,2026-08-30T13:46:52.825323+00:00,2,0,2,-1.5,1.5,8.5,Win
76929aa734500b152f347bbddf390165,baseball,mlb,2026_05_08,07:05 PM,Baltimore Orioles,Athletics,total,over,9.5,over_total,-105.0,0.575124729464225,0.1228625670492011,0.1290056954016612,0,,,final,2026-08-30T13:46:52.825323+00:00,3,4,7,,,,Loss
79db8c5227deae699a7b9c123aaf6d3f,baseball,mlb,2026_05_08,07:40 PM,Chicago White Sox,Seattle Mariners,run_line,home,1.5,home_run_line,-142.0,0.6288480965822372,0.0716988688232491,0.1018123937290138,0,824607,1,final,2026-08-30T13:46:52.825323+00:00,8,12,20,1.5,-1.5,8.0,Loss
79db8c5227deae699a7b9c123aaf6d3f,baseball,mlb,2026_05_08,07:40 PM,Chicago White Sox,Seattle Mariners,total,under,8.0,under_total,-117.0,0.4913694112220217,0.050276271347326,0.06831435622964,0,824607,1,final,2026-08-30T13:46:52.825323+00:00,8,12,20,1.5,-1.5,8.0,Loss
79db8c5227deae699a7b9c123aaf6d3f,baseball,mlb,2026_05_08,07:40 PM,Chicago White Sox,Seattle Mariners,moneyline,away,,away_moneyline,-142.0,0.601096034317742,0.0244031007386869,0.0346524030489354,0,824607,1,final,2026-08-30T13:46:52.825323+00:00,8,12,20,1.5,-1.5,8.0,Win
92c3e303601373eee3d37fbb858409af,baseball,mlb,2026_05_08,07:07 PM,Toronto Blue Jays,Los Angeles Angels,run_line,away,1.5,away_run_line,-163.0,0.8442018103368181,0.3621170314023507,0.5902507611858315,0,822822,1,final,2026-08-30T13:46:52.825323+00:00,2,0,2,-1.5,1.5,7.5,Loss
92c3e303601373eee3d37fbb858409af,baseball,mlb,2026_05_08,07:07 PM,Toronto Blue Jays,Los Angeles Angels,total,over,7.5,over_total,-102.0,0.8971533242744516,0.7767154068964627,0.7922497150343922,0,822822,1,final,2026-08-30T13:46:52.825323+00:00,2,0,2,-1.5,1.5,7.5,Loss
92c3e303601373eee3d37fbb858409af,baseball,mlb,2026_05_08,07:07 PM,Toronto Blue Jays,Los Angeles Angels,moneyline,away,,away_moneyline,135.0,0.7354542417516817,0.7283174681164521,0.5394944208270016,0,822822,1,final,2026-08-30T13:46:52.825323+00:00,2,0,2,-1.5,1.5,7.5,Loss
9faf187505c47b0f5009cb7d7da5200c,baseball,mlb,2026_05_08,10:10 PM,Los Angeles Dodgers,Atlanta Braves,run_line,home,1.5,home_run_line,-192.0,0.6791259380517185,0.0328373641203221,0.0630477391110184,0,823957,1,final,2026-08-30T13:46:52.825323+00:00,3,1,4,1.5,-1.5,8.0,Win
9faf187505c47b0f5009cb7d7da5200c,baseball,mlb,2026_05_08,10:10 PM,Los Angeles Dodgers,Atlanta Braves,total,over,8.0,over_total,-109.0,0.5153886676202541,0.1228785521794972,0.1547796711198958,0,823957,1,final,2026-08-30T13:46:52.825323+00:00,3,1,4,1.5,-1.5,8.0,Loss
9faf187505c47b0f5009cb7d7da5200c,baseball,mlb,2026_05_08,10:10 PM,Los Angeles Dodgers,Atlanta Braves,moneyline,away,,away_moneyline,100.0,0.5229507206430707,0.0459014412861413,0.0459014412861413,0,823957,1,final,2026-08-30T13:46:52.825323+00:00,3,1,4,1.5,-1.5,8.0,Loss
bb96582815dabc42936e794a19c74217,baseball,mlb,2026_05_08,09:40 PM,Arizona Diamondbacks,New York Mets,moneyline,away,,away_moneyline,-142.0,0.6733457544225886,0.1475329054244114,0.2094967257026643,0,825088,1,final,2026-08-30T13:46:52.825323+00:00,1,3,4,1.5,-1.5,8.5,Win
d03f5e26dab4993281752b81c816fe4b,baseball,mlb,2026_05_08,08:05 PM,Texas Rangers,Chicago Cubs,moneyline,away,,away_moneyline,-142.0,0.6634092349873051,0.1305988370910409,0.1854503486692783,0,822904,1,final,2026-08-30T13:46:52.825323+00:00,1,7,8,1.5,-1.5,8.5,Win
d0f880a5482c5178286681a63048600f,baseball,mlb,2026_05_08,07:15 PM,Cleveland Guardians,Minnesota Twins,run_line,away,1.5,away_run_line,-181.0,0.7856083830426682,0.2196461637292253,0.3975595563498976,0,824443,1,final,2026-08-30T13:46:52.825323+00:00,6,4,10,-1.5,1.5,7.5,Loss
d0f880a5482c5178286681a63048600f,baseball,mlb,2026_05_08,07:15 PM,Cleveland Guardians,Minnesota Twins,total,over,7.5,over_total,-107.0,0.7601277664161673,0.4705275481135202,0.5034644764814665,0,824443,1,final,2026-08-30T13:46:52.825323+00:00,6,4,10,-1.5,1.5,7.5,Win
d0f880a5482c5178286681a63048600f,baseball,mlb,2026_05_08,07:15 PM,Cleveland Guardians,Minnesota Twins,moneyline,away,,away_moneyline,119.0,0.6338825728582751,0.3882028345596224,0.326220869377834,0,824443,1,final,2026-08-30T13:46:52.825323+00:00,6,4,10,-1.5,1.5,7.5,Loss
07fcb9aa4b08eff491227a6d817d08a7,baseball,mlb,2026_05_09,04:10 PM,Miami Marlins,Washington Nationals,total,under,8.5,under_total,-102.0,0.6735023888924634,0.3337988485909566,0.3404748255627759,0,823869,1,final,2026-08-30T13:46:52.825323+00:00,8,7,15,-1.5,1.5,8.5,Loss
07fcb9aa4b08eff491227a6d817d08a7,baseball,mlb,2026_05_09,04:10 PM,Miami Marlins,Washington Nationals,moneyline,home,,home_moneyline,-163.0,0.6326503589434639,0.0207794135100061,0.03387044402131,0,823869,1,final,2026-08-30T13:46:52.825323+00:00,8,7,15,-1.5,1.5,8.5,Win
0d5568f7e3f7c4adba722775d2895494,baseball,mlb,2026_05_09,07:05 PM,Texas Rangers,Chicago Cubs,run_line,away,-1.5,away_run_line,123.0,0.7100664930247715,0.5834482794452405,0.4743481946709272,0,822905,1,final,2026-08-30T13:46:52.825323+00:00,6,0,6,1.5,-1.5,8.5,Loss
0d5568f7e3f7c4adba722775d2895494,baseball,mlb,2026_05_09,07:05 PM,Texas Rangers,Chicago Cubs,total,over,8.5,over_total,-107.0,0.5916218433953802,0.1445394540452683,0.154657215828437,0,822905,1,final,2026-08-30T13:46:52.825323+00:00,6,0,6,1.5,-1.5,8.5,Loss
0d5568f7e3f7c4adba722775d2895494,baseball,mlb,2026_05_09,07:05 PM,Texas Rangers,Chicago Cubs,moneyline,away,,away_moneyline,-142.0,0.8826473537866445,0.5042299972983659,0.7160065961636797,0,822905,1,final,2026-08-30T13:46:52.825323+00:00,6,0,6,1.5,-1.5,8.5,Loss
177cdddf981aae461d064d643293c5f4,baseball,mlb,2026_05_09,04:05 PM,Baltimore Orioles,Athletics,run_line,away,1.5,away_run_line,-185.0,0.8602780950423707,0.3252932815517604,0.6017925708707567,0,,,final,2026-08-30T13:46:52.825323+00:00,2,6,8,,,,Win
177cdddf981aae461d064d643293c5f4,baseball,mlb,2026_05_09,04:05 PM,Baltimore Orioles,Athletics,moneyline,away,,away_moneyline,108.0,0.7442260173153199,0.5479901160158653,0.5073982555702458,0,,,final,2026-08-30T13:46:52.825323+00:00,2,6,8,,,,Win
3d093f3fea09b2f77b6ccf058d9061ea,baseball,mlb,2026_05_09,06:30 PM,Philadelphia Phillies,Colorado Rockies,run_line,away,1.5,away_run_line,-131.0,0.7272963468038447,0.2824843977991458,0.3700545611168811,0,823468,1,final,2026-08-30T13:46:52.825323+00:00,9,3,12,-1.5,1.5,8.5,Loss
3d093f3fea09b2f77b6ccf058d9061ea,baseball,mlb,2026_05_09,06:30 PM,Philadelphia Phillies,Colorado Rockies,total,under,8.5,under_total,-112.0,0.6865034110962596,0.2994528852893485,0.3353872315240703,0,823468,1,final,2026-08-30T13:46:52.825323+00:00,9,3,12,-1.5,1.5,8.5,Loss
3d093f3fea09b2f77b6ccf058d9061ea,baseball,mlb,2026_05_09,06:30 PM,Philadelphia Phillies,Colorado Rockies,moneyline,away,,away_moneyline,163.0,0.5173394155863817,0.3606026629921839,0.2212286276025668,0,823468,1,final,2026-08-30T13:46:52.825323+00:00,9,3,12,-1.5,1.5,8.5,Loss
4cb11bc70bb01deb01ccc535f614ba59,baseball,mlb,2026_05_09,04:10 PM,Cincinnati Reds,Houston Astros,run_line,away,1.5,away_run_line,-149.0,0.9532029187687546,0.5929364212981201,0.883475267734199,0,824523,1,final,2026-08-30T13:46:52.825323+00:00,3,1,4,-1.5,1.5,8.5,Loss
4cb11bc70bb01deb01ccc535f614ba59,baseball,mlb,2026_05_09,04:10 PM,Cincinnati Reds,Houston Astros,moneyline,away,,away_moneyline,139.0,0.8981632113968054,1.1466100752383652,0.8248993347038597,0,824523,1,final,2026-08-30T13:46:52.825323+00:00,3,1,4,-1.5,1.5,8.5,Loss
4e0f5d6412cdfd2b0ade4fee11642753,baseball,mlb,2026_05_09,09:10 PM,Los Angeles Dodgers,Atlanta Braves,run_line,away,1.5,away_run_line,-142.0,0.8489830638040571,0.4468584608491677,0.6345390144058182,0,823955,1,final,2026-08-30T13:46:52.825323+00:00,2,7,9,-1.5,1.5,8.5,Win
4e0f5d6412cdfd2b0ade4fee11642753,baseball,mlb,2026_05_09,09:10 PM,Los Angeles Dodgers,Atlanta Braves,total,over,8.5,over_total,-120.0,0.6260273547893451,0.1477168171137993,0.1772601805365592,0,823955,1,final,2026-08-30T13:46:52.825323+00:00,2,7,9,-1.5,1.5,8.5,Win
4e0f5d6412cdfd2b0ade4fee11642753,baseball,mlb,2026_05_09,09:10 PM,Los Angeles Dodgers,Atlanta Braves,moneyline,away,,away_moneyline,141.0,0.7277551934219026,0.7538900161467854,0.534673770316869,0,823955,1,final,2026-08-30T13:46:52.825323+00:00,2,7,9,-1.5,1.5,8.5,Win
5e7a25171efa4aba6c2670c7d93dbde3,baseball,mlb,2026_05_09,07:15 PM,Arizona Diamondbacks,New York Mets,run_line,away,-1.5,away_run_line,139.0,0.6218735458613098,0.4862777746085305,0.3498401256176479,0,825089,1,final,2026-08-30T13:46:52.825323+00:00,2,1,3,1.5,-1.5,9.0,Loss
5e7a25171efa4aba6c2670c7d93dbde3,baseball,mlb,2026_05_09,07:15 PM,Arizona Diamondbacks,New York Mets,total,under,9.0,under_total,-120.0,0.7416372855385976,0.4582176329053941,0.6099736179679369,0,825089,1,final,2026-08-30T13:46:52.825323+00:00,2,1,3,1.5,-1.5,9.0,Win
5e7a25171efa4aba6c2670c7d93dbde3,baseball,mlb,2026_05_09,07:15 PM,Arizona Diamondbacks,New York Mets,moneyline,away,,away_moneyline,-120.0,0.8506354880516473,0.5594983947613534,0.6713980737136241,0,825089,1,final,2026-08-30T13:46:52.825323+00:00,2,1,3,1.5,-1.5,9.0,Loss
6c26284a3ba72def6e7e0c9db9893fc8,baseball,mlb,2026_05_09,07:10 PM,Chicago White Sox,Seattle Mariners,run_line,home,1.5,home_run_line,-135.0,0.7678920637583668,0.3367009998756756,0.4545463498321621,0,824606,1,final,2026-08-30T13:46:52.825323+00:00,6,1,7,1.5,-1.5,9.0,Win
6c26284a3ba72def6e7e0c9db9893fc8,baseball,mlb,2026_05_09,07:10 PM,Chicago White Sox,Seattle Mariners,total,under,9.0,under_total,-114.0,0.6830786735432122,0.3930114184197908,0.5038273210670586,0,824606,1,final,2026-08-30T13:46:52.825323+00:00,6,1,7,1.5,-1.5,9.0,Win
6c26284a3ba72def6e7e0c9db9893fc8,baseball,mlb,2026_05_09,07:10 PM,Chicago White Sox,Seattle Mariners,moneyline,home,,home_moneyline,119.0,0.5756748219926887,0.2607278601639882,0.219099042154612,0,824606,1,final,2026-08-30T13:46:52.825323+00:00,6,1,7,1.5,-1.5,9.0,Win
6dce302dd60dfcdf0b0f75b0c7526958,baseball,mlb,2026_05_09,03:07 PM,Toronto Blue Jays,Los Angeles Angels,run_line,away,1.5,away_run_line,-142.0,0.8848951835750597,0.5080608058110172,0.7214463442516444,0,822820,1,final,2026-08-30T13:46:52.825323+00:00,14,1,15,-1.5,1.5,8.0,Loss
6dce302dd60dfcdf0b0f75b0c7526958,baseball,mlb,2026_05_09,03:07 PM,Toronto Blue Jays,Los Angeles Angels,total,over,8.0,over_total,-109.0,0.7521183023105,0.5351705203479934,0.6431738179174992,0,822820,1,final,2026-08-30T13:46:52.825323+00:00,14,1,15,-1.5,1.5,8.0,Win
6dce302dd60dfcdf0b0f75b0c7526958,baseball,mlb,2026_05_09,03:07 PM,Toronto Blue Jays,Los Angeles Angels,moneyline,away,,away_moneyline,149.0,0.7928663041485866,0.9742370973299808,0.6538504008926045,0,822820,1,final,2026-08-30T13:46:52.825323+00:00,14,1,15,-1.5,1.5,8.0,Loss
863ff6f33ea468e7a6bac4be2626648a,baseball,mlb,2026_05_09,07:15 PM,San Diego Padres,St Louis Cardinals,run_line,away,1.5,away_run_line,-172.0,0.856677206501427,0.3547453498162103,0.6101620016838815,0,,,final,2026-08-30T13:46:52.825323+00:00,4,2,6,,,,Loss
863ff6f33ea468e7a6bac4be2626648a,baseball,mlb,2026_05_09,07:15 PM,San Diego Padres,St Louis Cardinals,total,over,8.0,over_total,-105.0,0.5611470399646732,0.2253565065851869,0.2719143916237105,0,,,final,2026-08-30T13:46:52.825323+00:00,4,2,6,,,,Loss
863ff6f33ea468e7a6bac4be2626648a,baseball,mlb,2026_05_09,07:15 PM,San Diego Padres,St Louis Cardinals,moneyline,away,,away_moneyline,123.0,0.7352989859888497,0.6397167387551348,0.5200949095570202,0,,,final,2026-08-30T13:46:52.825323+00:00,4,2,6,,,,Loss
9fd60ef171dd7d6b753c07fe32aa37f6,baseball,mlb,2026_05_09,08:15 PM,Cleveland Guardians,Minnesota Twins,run_line,away,-1.5,away_run_line,156.0,0.4425686767822755,0.1329758125626252,0.0852409054888624,0,824444,1,final,2026-08-30T13:46:52.825323+00:00,1,2,3,1.5,-1.5,8.0,Loss
9fd60ef171dd7d6b753c07fe32aa37f6,baseball,mlb,2026_05_09,08:15 PM,Cleveland Guardians,Minnesota Twins,total,over,8.0,over_total,-104.0,0.5266087635009746,0.1665713967707145,0.1999490568182905,0,824444,1,final,2026-08-30T13:46:52.825323+00:00,1,2,3,1.5,-1.5,8.0,Loss
9fd60ef171dd7d6b753c07fe32aa37f6,baseball,mlb,2026_05_09,08:15 PM,Cleveland Guardians,Minnesota Twins,moneyline,away,,away_moneyline,100.0,0.6630959282657913,0.3261918565315826,0.3261918565315826,0,824444,1,final,2026-08-30T13:46:52.825323+00:00,1,2,3,1.5,-1.5,8.0,Win
bf49c6516b601ce34a25f268cb202250,baseball,mlb,2026_05_09,07:10 PM,Milwaukee Brewers,New York Yankees,run_line,home,1.5,home_run_line,-142.0,0.7370544530390775,0.2561068847567376,0.3636717763545674,0,823792,1,final,2026-08-30T13:46:52.825323+00:00,4,3,7,1.5,-1.5,7.5,Win
bf49c6516b601ce34a25f268cb202250,baseball,mlb,2026_05_09,07:10 PM,Milwaukee Brewers,New York Yankees,total,over,7.5,over_total,-109.0,0.7935343415825932,0.5215474989978163,0.5684867739076197,0,823792,1,final,2026-08-30T13:46:52.825323+00:00,4,3,7,1.5,-1.5,7.5,Loss
bf49c6516b601ce34a25f268cb202250,baseball,mlb,2026_05_09,07:10 PM,Milwaukee Brewers,New York Yankees,moneyline,home,,home_moneyline,119.0,0.5697654884102893,0.2477864196185335,0.2082238820323811,0,823792,1,final,2026-08-30T13:46:52.825323+00:00,4,3,7,1.5,-1.5,7.5,Win
dd95987c051582f99dbe07d5424b2a03,baseball,mlb,2026_05_09,07:10 PM,Kansas City Royals,Detroit Tigers,run_line,away,1.5,away_run_line,-175.0,0.797526024948326,0.2532551820616551,0.4431965686078965,0,824115,1,final,2026-08-30T13:46:52.825323+00:00,5,1,6,-1.5,1.5,9.5,Loss
dd95987c051582f99dbe07d5424b2a03,baseball,mlb,2026_05_09,07:10 PM,Kansas City Royals,Detroit Tigers,total,under,9.5,under_total,-121.0,0.7738751739906988,0.4134414334871445,0.5002641345194447,0,824115,1,final,2026-08-30T13:46:52.825323+00:00,5,1,6,-1.5,1.5,9.5,Win
dd95987c051582f99dbe07d5424b2a03,baseball,mlb,2026_05_09,07:10 PM,Kansas City Royals,Detroit Tigers,moneyline,away,,away_moneyline,112.0,0.6230575932637956,0.3208820977192468,0.2865018729636132,0,824115,1,final,2026-08-30T13:46:52.825323+00:00,5,1,6,-1.5,1.5,9.5,Loss
1a0f51cf52137e602d477a383aededcd,baseball,mlb,2026_05_10,04:10 PM,Arizona Diamondbacks,New York Mets,run_line,home,1.5,home_run_line,-169.0,0.6407172647503805,0.0198399066145109,0.0335294421785234,0,825085,1,final,2026-08-30T13:46:52.825323+00:00,5,1,6,1.5,-1.5,8.5,Win
1a0f51cf52137e602d477a383aededcd,baseball,mlb,2026_05_10,04:10 PM,Arizona Diamondbacks,New York Mets,total,under,8.5,under_total,-105.0,0.5693118367147079,0.1115135859668106,0.1170892652651511,0,825085,1,final,2026-08-30T13:46:52.825323+00:00,5,1,6,1.5,-1.5,8.5,Win
1a0f51cf52137e602d477a383aededcd,baseball,mlb,2026_05_10,04:10 PM,Arizona Diamondbacks,New York Mets,moneyline,away,,away_moneyline,-109.0,0.5796582962571912,0.1114548983280088,0.1214858391775297,0,825085,1,final,2026-08-30T13:46:52.825323+00:00,5,1,6,1.5,-1.5,8.5,Loss
1a85cdf5d7c53f361d8dd4b822af8f09,baseball,mlb,2026_05_10,07:20 PM,Kansas City Royals,Detroit Tigers,run_line,home,-1.5,home_run_line,159.0,0.3928200086193483,0.0174038223241119,0.010945800203844,0,824113,1,final,2026-08-30T13:46:52.825323+00:00,3,6,9,-1.5,1.5,8.0,Loss
1a85cdf5d7c53f361d8dd4b822af8f09,baseball,mlb,2026_05_10,07:20 PM,Kansas City Royals,Detroit Tigers,total,under,8.0,under_total,-102.0,0.6396808796797135,0.3913709321487598,0.4559931843058532,0,824113,1,final,2026-08-30T13:46:52.825323+00:00,3,6,9,-1.5,1.5,8.0,Loss
1a85cdf5d7c53f361d8dd4b822af8f09,baseball,mlb,2026_05_10,07:20 PM,Kansas City Royals,Detroit Tigers,moneyline,home,,home_moneyline,-131.0,0.6457040396474718,0.1386078867066105,0.1815763315856597,0,824113,1,final,2026-08-30T13:46:52.825323+00:00,3,6,9,-1.5,1.5,8.0,Loss
24f0fb743655b2176ff9d2f1d17bc2d0,baseball,mlb,2026_05_10,04:05 PM,San Francisco Giants,Pittsburgh Pirates,run_line,away,-1.5,away_run_line,156.0,0.4379924509315094,0.121260674384664,0.0777312015286308,0,823221,1,final,2026-08-30T13:46:52.825323+00:00,7,6,13,1.5,-1.5,8.0,Loss
24f0fb743655b2176ff9d2f1d17bc2d0,baseball,mlb,2026_05_10,04:05 PM,San Francisco Giants,Pittsburgh Pirates,total,over,8.0,over_total,-112.0,0.70219606312372,0.4343167927177402,0.5435997335031143,0,823221,1,final,2026-08-30T13:46:52.825323+00:00,7,6,13,1.5,-1.5,8.0,Win
24f0fb743655b2176ff9d2f1d17bc2d0,baseball,mlb,2026_05_10,04:05 PM,San Francisco Giants,Pittsburgh Pirates,moneyline,away,,away_moneyline,-102.0,0.6404997969581554,0.2684407743681114,0.2738095898554737,0,823221,1,final,2026-08-30T13:46:52.825323+00:00,7,6,13,1.5,-1.5,8.0,Loss
2f41717fcce350329e8ac46662be3d88,baseball,mlb,2026_05_10,12:15 PM,Miami Marlins,Washington Nationals,run_line,away,1.5,away_run_line,-175.0,0.7831278166595659,0.2306294261793178,0.4036014958138061,0,823868,1,final,2026-08-30T13:46:52.825323+00:00,5,2,7,-1.5,1.5,8.5,Loss
2f41717fcce350329e8ac46662be3d88,baseball,mlb,2026_05_10,12:15 PM,Miami Marlins,Washington Nationals,total,under,8.5,under_total,-112.0,0.5416932350326606,0.0253479091689648,0.0283896582692406,0,823868,1,final,2026-08-30T13:46:52.825323+00:00,5,2,7,-1.5,1.5,8.5,Win
2f41717fcce350329e8ac46662be3d88,baseball,mlb,2026_05_10,12:15 PM,Miami Marlins,Washington Nationals,moneyline,away,,away_moneyline,112.0,0.613690868713545,0.3010246416727153,0.2687720014934958,0,823868,1,final,2026-08-30T13:46:52.825323+00:00,5,2,7,-1.5,1.5,8.5,Loss
3751eb6375883244bf07ebaa76d74e35,baseball,mlb,2026_05_10,01:40 PM,Cincinnati Reds,Houston Astros,run_line,away,1.5,away_run_line,-185.0,0.7520531033375527,0.1585682943308244,0.2933513445120252,0,824520,1,final,2026-08-30T13:46:52.825323+00:00,5,0,5,-1.5,1.5,9.0,Loss
3751eb6375883244bf07ebaa76d74e35,baseball,mlb,2026_05_10,01:40 PM,Cincinnati Reds,Houston Astros,total,over,9.0,over_total,100.0,0.6491949728548474,0.4087508430140684,0.4594569210992909,0,824520,1,final,2026-08-30T13:46:52.825323+00:00,5,0,5,-1.5,1.5,9.0,Loss
3751eb6375883244bf07ebaa76d74e35,baseball,mlb,2026_05_10,01:40 PM,Cincinnati Reds,Houston Astros,moneyline,away,,away_moneyline,104.0,0.5973910439437615,0.2186777296452735,0.2102670477358399,0,824520,1,final,2026-08-30T13:46:52.825323+00:00,5,0,5,-1.5,1.5,9.0,Loss
42a6a833eaecf112c826202eb1d596f9,baseball,mlb,2026_05_10,01:35 PM,Baltimore Orioles,Athletics,run_line,away,-1.5,away_run_line,149.0,0.4306457058385082,0.0723078075378855,0.0485287298911983,0,,,final,2026-08-30T13:46:52.825323+00:00,2,1,3,,,,Loss
42a6a833eaecf112c826202eb1d596f9,baseball,mlb,2026_05_10,01:35 PM,Baltimore Orioles,Athletics,total,over,9.5,over_total,-117.0,0.5639618072029071,0.0459804458378705,0.0537971216303085,0,,,final,2026-08-30T13:46:52.825323+00:00,2,1,3,,,,Loss
42a6a833eaecf112c826202eb1d596f9,baseball,mlb,2026_05_10,01:35 PM,Baltimore Orioles,Athletics,moneyline,away,,away_moneyline,-109.0,0.6341761106772607,0.2159890562527291,0.2354280713154747,0,,,final,2026-08-30T13:46:52.825323+00:00,2,1,3,,,,Loss
4d2a59061aec314f7265432aacbe8df1,baseball,mlb,2026_05_10,01:40 PM,Cleveland Guardians,Minnesota Twins,run_line,home,-1.5,home_run_line,149.0,0.5627881246761446,0.4013424304436002,0.269357335868188,0,824440,1,final,2026-08-30T13:46:52.825323+00:00,4,5,9,-1.5,1.5,7.5,Loss
4d2a59061aec314f7265432aacbe8df1,baseball,mlb,2026_05_10,01:40 PM,Cleveland Guardians,Minnesota Twins,total,over,7.5,over_total,-109.0,0.6478049335276214,0.2421213863052557,0.2639123110727288,0,824440,1,final,2026-08-30T13:46:52.825323+00:00,4,5,9,-1.5,1.5,7.5,Win
4d2a59061aec314f7265432aacbe8df1,baseball,mlb,2026_05_10,01:40 PM,Cleveland Guardians,Minnesota Twins,moneyline,home,,home_moneyline,-149.0,0.7790697420709359,0.3019353407762619,0.4498836577566305,0,824440,1,final,2026-08-30T13:46:52.825323+00:00,4,5,9,-1.5,1.5,7.5,Loss
6dd9cd4491079d3cedf1f7d3ff85b358,baseball,mlb,2026_05_10,01:35 PM,Philadelphia Phillies,Colorado Rockies,run_line,away,1.5,away_run_line,112.0,0.6983499925532437,0.4805019842128768,0.429019628761497,0,823463,1,final,2026-08-30T13:46:52.825323+00:00,6,0,6,-1.5,1.5,8.5,Loss
6dd9cd4491079d3cedf1f7d3ff85b358,baseball,mlb,2026_05_10,01:35 PM,Philadelphia Phillies,Colorado Rockies,total,under,8.5,under_total,-112.0,0.6382338757867244,0.2080855505962997,0.2330558166678557,0,823463,1,final,2026-08-30T13:46:52.825323+00:00,6,0,6,-1.5,1.5,8.5,Win
6dd9cd4491079d3cedf1f7d3ff85b358,baseball,mlb,2026_05_10,01:35 PM,Philadelphia Phillies,Colorado Rockies,moneyline,away,,away_moneyline,244.0,0.484584534816523,0.6669707997688392,0.2733486884298521,0,823463,1,final,2026-08-30T13:46:52.825323+00:00,6,0,6,-1.5,1.5,8.5,Loss
73c2cde50707b32c9767a0a8fbb2e7d2,baseball,mlb,2026_05_10,01:35 PM,Boston Red Sox,Tampa Bay Rays,run_line,away,1.5,away_run_line,-185.0,0.6782472190147277,0.044867337401067,0.083004574191974,0,824765,1,final,2026-08-30T13:46:52.825323+00:00,1,4,5,-1.5,1.5,8.0,Win
73c2cde50707b32c9767a0a8fbb2e7d2,baseball,mlb,2026_05_10,01:35 PM,Boston Red Sox,Tampa Bay Rays,total,under,8.0,under_total,-101.0,0.6035827662297184,0.3309483374067379,0.3840979356213952,0,824765,1,final,2026-08-30T13:46:52.825323+00:00,1,4,5,-1.5,1.5,8.0,Win
9bfd5fd962a5ede4a98e0c595c9db46f,baseball,mlb,2026_05_10,01:37 PM,Toronto Blue Jays,Los Angeles Angels,run_line,home,1.5,home_run_line,-172.0,0.8017965568466311,0.2679573457109516,0.4608866346228366,0,822819,1,final,2026-08-30T13:46:52.825323+00:00,1,6,7,1.5,-1.5,8.0,Loss
9bfd5fd962a5ede4a98e0c595c9db46f,baseball,mlb,2026_05_10,01:37 PM,Toronto Blue Jays,Los Angeles Angels,total,over,8.0,over_total,-117.0,0.6561994691057891,0.3318060805463189,0.4385361774510083,0,822819,1,final,2026-08-30T13:46:52.825323+00:00,1,6,7,1.5,-1.5,8.0,Loss
9bfd5fd962a5ede4a98e0c595c9db46f,baseball,mlb,2026_05_10,01:37 PM,Toronto Blue Jays,Los Angeles Angels,moneyline,home,,home_moneyline,-105.0,0.6585869568772351,0.2858126300936494,0.3001032615983319,0,822819,1,final,2026-08-30T13:46:52.825323+00:00,1,6,7,1.5,-1.5,8.0,Loss
ab56a10bb0c4a672e1d846d67e7f703e,baseball,mlb,2026_05_10,04:10 PM,Los Angeles Dodgers,Atlanta Braves,run_line,home,-1.5,home_run_line,152.0,0.4060689691601398,0.0232938022835522,0.0153248699233896,0,823954,1,final,2026-08-30T13:46:52.825323+00:00,2,7,9,-1.5,1.5,8.5,Loss
ab56a10bb0c4a672e1d846d67e7f703e,baseball,mlb,2026_05_10,04:10 PM,Los Angeles Dodgers,Atlanta Braves,moneyline,home,,home_moneyline,-131.0,0.6234621646117043,0.0993874811091883,0.1301976002530368,0,823954,1,final,2026-08-30T13:46:52.825323+00:00,2,7,9,-1.5,1.5,8.5,Loss
bdfc7e1e5ee8e2389bbdfb8f9521a582,baseball,mlb,2026_05_10,04:10 PM,San Diego Padres,St Louis Cardinals,run_line,away,1.5,away_run_line,-185.0,0.9111089172850928,0.4036002239256835,0.7466604142625145,0,,,final,2026-08-30T13:46:52.825323+00:00,3,2,5,,,,Win
bdfc7e1e5ee8e2389bbdfb8f9521a582,baseball,mlb,2026_05_10,04:10 PM,San Diego Padres,St Louis Cardinals,total,over,8.5,over_total,-102.0,0.5654308415817298,0.1197748039167589,0.1221702999950941,0,,,final,2026-08-30T13:46:52.825323+00:00,3,2,5,,,,Loss
bdfc7e1e5ee8e2389bbdfb8f9521a582,baseball,mlb,2026_05_10,04:10 PM,San Diego Padres,St Louis Cardinals,moneyline,away,,away_moneyline,112.0,0.8257131746497393,0.7505119302574472,0.6700999377298636,0,,,final,2026-08-30T13:46:52.825323+00:00,3,2,5,,,,Loss
d58ee5722b0d27c98714b46a090df16f,baseball,mlb,2026_05_10,02:10 PM,Chicago White Sox,Seattle Mariners,run_line,home,1.5,home_run_line,-156.0,0.6563100042283301,0.0770215454003364,0.1201536108245249,0,824605,1,final,2026-08-30T13:46:52.825323+00:00,2,1,3,1.5,-1.5,8.0,Win
d58ee5722b0d27c98714b46a090df16f,baseball,mlb,2026_05_10,02:10 PM,Chicago White Sox,Seattle Mariners,total,under,8.0,under_total,-107.0,0.5656564060188511,0.2283582199553667,0.2821682178676596,0,824605,1,final,2026-08-30T13:46:52.825323+00:00,2,1,3,1.5,-1.5,8.0,Win
d58ee5722b0d27c98714b46a090df16f,baseball,mlb,2026_05_10,02:10 PM,Chicago White Sox,Seattle Mariners,moneyline,away,,away_moneyline,-131.0,0.5773443722724094,0.0180652671368439,0.0236654999492655,0,824605,1,final,2026-08-30T13:46:52.825323+00:00,2,1,3,1.5,-1.5,8.0,Loss
e254b4d802742c85bc156989d1b71346,baseball,mlb,2026_05_10,02:10 PM,Milwaukee Brewers,New York Yankees,run_line,home,1.5,home_run_line,-163.0,0.7693379317530442,0.2413243929512307,0.3933587605105063,0,823793,1,final,2026-08-30T13:46:52.825323+00:00,4,3,7,1.5,-1.5,8.0,Win
e254b4d802742c85bc156989d1b71346,baseball,mlb,2026_05_10,02:10 PM,Milwaukee Brewers,New York Yankees,total,under,8.0,under_total,-107.0,0.4958784108707942,0.0980876694208279,0.1218652253495299,0,823793,1,final,2026-08-30T13:46:52.825323+00:00,4,3,7,1.5,-1.5,8.0,Win
e254b4d802742c85bc156989d1b71346,baseball,mlb,2026_05_10,02:10 PM,Milwaukee Brewers,New York Yankees,moneyline,home,,home_moneyline,104.0,0.5836607386885392,0.19066790692462,0.1833345258890577,0,823793,1,final,2026-08-30T13:46:52.825323+00:00,4,3,7,1.5,-1.5,8.0,Win
f39e9272c26acb799cf16afa62e26316,baseball,mlb,2026_05_10,02:35 PM,Texas Rangers,Chicago Cubs,run_line,home,-1.5,home_run_line,159.0,0.427450282141087,0.1070962307454153,0.06735611996567,0,822902,1,final,2026-08-30T13:46:52.825323+00:00,3,0,3,-1.5,1.5,8.0,Win
f39e9272c26acb799cf16afa62e26316,baseball,mlb,2026_05_10,02:35 PM,Texas Rangers,Chicago Cubs,total,under,8.0,under_total,-112.0,0.4965420812689178,0.0786294549339438,0.1022520801189376,0,822902,1,final,2026-08-30T13:46:52.825323+00:00,3,0,3,-1.5,1.5,8.0,Win
f39e9272c26acb799cf16afa62e26316,baseball,mlb,2026_05_10,02:35 PM,Texas Rangers,Chicago Cubs,moneyline,home,,home_moneyline,-131.0,0.6650501176603513,0.172721963202604,0.2262657717954112,0,822902,1,final,2026-08-30T13:46:52.825323+00:00,3,0,3,-1.5,1.5,8.0,Win
5469c15e3925b64e5437f4ebe23e9b60,baseball,mlb,2026_05_11,06:10 PM,Cleveland Guardians,Los Angeles Angels,run_line,home,-1.5,home_run_line,123.0,0.6595304596453938,0.4707529250092281,0.3827259552920554,0,824441,1,final,2026-08-30T13:46:52.825323+00:00,7,2,9,-1.5,1.5,8.0,Win
5469c15e3925b64e5437f4ebe23e9b60,baseball,mlb,2026_05_11,06:10 PM,Cleveland Guardians,Los Angeles Angels,total,under,8.0,under_total,-117.0,0.6282523959401202,0.2915392086005245,0.3904180766974436,0,824441,1,final,2026-08-30T13:46:52.825323+00:00,7,2,9,-1.5,1.5,8.0,Loss
5469c15e3925b64e5437f4ebe23e9b60,baseball,mlb,2026_05_11,06:10 PM,Cleveland Guardians,Los Angeles Angels,moneyline,home,,home_moneyline,-181.0,0.8773951606109209,0.3621438681307667,0.6554804013166877,0,824441,1,final,2026-08-30T13:46:52.825323+00:00,7,2,9,-1.5,1.5,8.0,Win
80622319ceec1faf47baaee869656e13,baseball,mlb,2026_05_11,08:10 PM,Houston Astros,Seattle Mariners,run_line,home,1.5,home_run_line,-142.0,0.8304419776488206,0.4152602717677083,0.5896695859101456,0,824199,1,final,2026-08-30T13:46:52.825323+00:00,1,3,4,1.5,-1.5,8.5,Loss
80622319ceec1faf47baaee869656e13,baseball,mlb,2026_05_11,08:10 PM,Houston Astros,Seattle Mariners,total,under,8.5,under_total,-113.0,0.6287796286177382,0.1852217778369751,0.209300608955782,0,824199,1,final,2026-08-30T13:46:52.825323+00:00,1,3,4,1.5,-1.5,8.5,Win
80622319ceec1faf47baaee869656e13,baseball,mlb,2026_05_11,08:10 PM,Houston Astros,Seattle Mariners,moneyline,home,,home_moneyline,119.0,0.6777232053720718,0.4842138197648371,0.4069023695502833,0,824199,1,final,2026-08-30T13:46:52.825323+00:00,1,3,4,1.5,-1.5,8.5,Loss
875a5a258588aff680ae69335167dec2,baseball,mlb,2026_05_11,10:10 PM,Los Angeles Dodgers,San Francisco Giants,run_line,away,1.5,away_run_line,-135.0,0.7673165957063797,0.3356992591925867,0.4531939999099922,0,823953,1,final,2026-08-30T13:46:52.825323+00:00,3,9,12,-1.5,1.5,9.5,Win
875a5a258588aff680ae69335167dec2,baseball,mlb,2026_05_11,10:10 PM,Los Angeles Dodgers,San Francisco Giants,total,over,9.5,over_total,-102.0,0.906892265755197,0.7960023302210761,0.8119223768254981,0,823953,1,final,2026-08-30T13:46:52.825323+00:00,3,9,12,-1.5,1.5,9.5,Win
875a5a258588aff680ae69335167dec2,baseball,mlb,2026_05_11,10:10 PM,Los Angeles Dodgers,San Francisco Giants,moneyline,away,,away_moneyline,149.0,0.6421151580143177,0.5988667434556514,0.4019239888964102,0,823953,1,final,2026-08-30T13:46:52.825323+00:00,3,9,12,-1.5,1.5,9.5,Win
8ca76871aa74f5f88b3dba57c6e6e48c,baseball,mlb,2026_05_11,07:07 PM,Toronto Blue Jays,Tampa Bay Rays,run_line,home,-1.5,home_run_line,152.0,0.4143660752353246,0.044202509593018,0.0290805984164592,0,822818,1,final,2026-08-30T13:46:52.825323+00:00,5,8,13,-1.5,1.5,7.5,Loss
8ca76871aa74f5f88b3dba57c6e6e48c,baseball,mlb,2026_05_11,07:07 PM,Toronto Blue Jays,Tampa Bay Rays,total,under,7.5,under_total,-121.0,0.869174010997855,0.5874996399217024,0.7108745643052596,0,822818,1,final,2026-08-30T13:46:52.825323+00:00,5,8,13,-1.5,1.5,7.5,Loss
8ca76871aa74f5f88b3dba57c6e6e48c,baseball,mlb,2026_05_11,07:07 PM,Toronto Blue Jays,Tampa Bay Rays,moneyline,home,,home_moneyline,-135.0,0.7169407359147536,0.24800794770346,0.3348107293996709,0,822818,1,final,2026-08-30T13:46:52.825323+00:00,5,8,13,-1.5,1.5,7.5,Loss
a96772c4a288f0b16b88697b8dfdd837,baseball,mlb,2026_05_11,06:35 PM,Baltimore Orioles,New York Yankees,run_line,home,1.5,home_run_line,-114.0,0.8202081675393685,0.5396890162581129,0.6152454785342487,0,824844,1,final,2026-08-30T13:46:52.825323+00:00,3,2,5,1.5,-1.5,9.0,Win
a96772c4a288f0b16b88697b8dfdd837,baseball,mlb,2026_05_11,06:35 PM,Baltimore Orioles,New York Yankees,total,under,9.0,under_total,-121.0,0.7399583188847412,0.4504333621640262,0.6048697201726287,0,824844,1,final,2026-08-30T13:46:52.825323+00:00,3,2,5,1.5,-1.5,9.0,Win
a96772c4a288f0b16b88697b8dfdd837,baseball,mlb,2026_05_11,06:35 PM,Baltimore Orioles,New York Yankees,moneyline,home,,home_moneyline,144.0,0.6486074866469316,0.582602267418513,0.4045849079295229,0,824844,1,final,2026-08-30T13:46:52.825323+00:00,3,2,5,1.5,-1.5,9.0,Win
aead05342952ab70ff6c1a772b4295d4,baseball,mlb,2026_05_11,08:05 PM,Texas Rangers,Arizona Diamondbacks,run_line,home,-1.5,home_run_line,152.0,0.6670024433557934,0.6808461572565994,0.4479251034582891,0,822901,1,final,2026-08-30T13:46:52.825323+00:00,0,1,1,-1.5,1.5,7.5,Loss
aead05342952ab70ff6c1a772b4295d4,baseball,mlb,2026_05_11,08:05 PM,Texas Rangers,Arizona Diamondbacks,total,over,7.5,over_total,-114.0,0.5657911632412145,0.0620992011721044,0.070793089336199,0,822901,1,final,2026-08-30T13:46:52.825323+00:00,0,1,1,-1.5,1.5,7.5,Loss
aead05342952ab70ff6c1a772b4295d4,baseball,mlb,2026_05_11,08:05 PM,Texas Rangers,Arizona Diamondbacks,moneyline,home,,home_moneyline,-135.0,0.8658563906523126,0.5072314948392107,0.6847625180329345,0,822901,1,final,2026-08-30T13:46:52.825323+00:00,0,1,1,-1.5,1.5,7.5,Loss
a0929cf66d445eec19f118010165e95c,baseball,mlb,2026_05_12,10:10 PM,Los Angeles Dodgers,San Francisco Giants,run_line,away,1.5,away_run_line,123.0,0.6620725803159537,0.4764218541045768,0.3873348407354283,0,823951,1,final,2026-08-30T13:46:52.825323+00:00,2,6,8,-1.5,1.5,9.0,Win
a0929cf66d445eec19f118010165e95c,baseball,mlb,2026_05_12,10:10 PM,Los Angeles Dodgers,San Francisco Giants,total,over,9.0,over_total,-101.0,0.6844605964569146,0.4659158663843669,0.5250614445478811,0,823951,1,final,2026-08-30T13:46:52.825323+00:00,2,6,8,-1.5,1.5,9.0,Loss
a0929cf66d445eec19f118010165e95c,baseball,mlb,2026_05_12,10:10 PM,Los Angeles Dodgers,San Francisco Giants,moneyline,away,,away_moneyline,248.0,0.4838634580800067,0.6838448341184233,0.2757438847251707,0,823951,1,final,2026-08-30T13:46:52.825323+00:00,2,6,8,-1.5,1.5,9.0,Win
002b9c5446f97ad6146eb0b6da64db25,baseball,mlb,2026_05_13,06:45 PM,Boston Red Sox,Philadelphia Phillies,moneyline,home,,home_moneyline,-131.0,0.6179066361402388,0.0895910912091231,0.1173643294839514,0,824763,1,final,2026-08-30T13:46:52.825323+00:00,3,1,4,-1.5,1.5,9.0,Win
15bc05498c54cf822aedf7434d3a8bc6,baseball,mlb,2026_05_13,07:40 PM,Milwaukee Brewers,San Diego Padres,run_line,home,-1.5,home_run_line,149.0,0.5863065340080738,0.4599032696801037,0.3086599125369823,0,823791,1,final,2026-08-30T13:46:52.825323+00:00,1,3,4,-1.5,1.5,7.0,Loss
15bc05498c54cf822aedf7434d3a8bc6,baseball,mlb,2026_05_13,07:40 PM,Milwaukee Brewers,San Diego Padres,total,under,7.0,under_total,-105.0,0.5938509841076596,0.2988102015629272,0.3645664863921696,0,823791,1,final,2026-08-30T13:46:52.825323+00:00,1,3,4,-1.5,1.5,7.0,Win
15bc05498c54cf822aedf7434d3a8bc6,baseball,mlb,2026_05_13,07:40 PM,Milwaukee Brewers,San Diego Padres,moneyline,home,,home_moneyline,-156.0,0.8393002333543583,0.377313203453306,0.5886085973871572,0,823791,1,final,2026-08-30T13:46:52.825323+00:00,1,3,4,-1.5,1.5,7.0,Loss
18791fe8f5ff31b64bb2cff4f5af59a0,baseball,mlb,2026_05_13,07:40 PM,Minnesota Twins,Miami Marlins,run_line,home,1.5,home_run_line,-156.0,0.7986936826399659,0.3106768125373798,0.4846558275583126,0,823710,1,final,2026-08-30T13:46:52.825323+00:00,5,9,14,1.5,-1.5,8.5,Loss
18791fe8f5ff31b64bb2cff4f5af59a0,baseball,mlb,2026_05_13,07:40 PM,Minnesota Twins,Miami Marlins,total,under,8.5,under_total,-109.0,0.8196818552495246,0.5716835573133088,0.6231350774715065,0,823710,1,final,2026-08-30T13:46:52.825323+00:00,5,9,14,1.5,-1.5,8.5,Loss
18791fe8f5ff31b64bb2cff4f5af59a0,baseball,mlb,2026_05_13,07:40 PM,Minnesota Twins,Miami Marlins,moneyline,home,,home_moneyline,104.0,0.6013895024288637,0.2268345849548818,0.2181101778412326,0,823710,1,final,2026-08-30T13:46:52.825323+00:00,5,9,14,1.5,-1.5,8.5,Loss
198e79fae18be9cb416f60f6da4d7996,baseball,mlb,2026_05_13,07:05 PM,Pittsburgh Pirates,Colorado Rockies,run_line,home,-1.5,home_run_line,112.0,0.5459303482982613,0.157372338392314,0.1405110164217088,0,823386,1,final,2026-08-30T13:46:52.825323+00:00,4,10,14,-1.5,1.5,8.5,Loss
198e79fae18be9cb416f60f6da4d7996,baseball,mlb,2026_05_13,07:05 PM,Pittsburgh Pirates,Colorado Rockies,total,under,8.5,under_total,-109.0,0.6449896848912451,0.2367233407547727,0.2580284414227022,0,823386,1,final,2026-08-30T13:46:52.825323+00:00,4,10,14,-1.5,1.5,8.5,Loss
198e79fae18be9cb416f60f6da4d7996,baseball,mlb,2026_05_13,07:05 PM,Pittsburgh Pirates,Colorado Rockies,moneyline,home,,home_moneyline,-185.0,0.7802735023325491,0.2020429630528459,0.373779481647765,0,823386,1,final,2026-08-30T13:46:52.825323+00:00,4,10,14,-1.5,1.5,8.5,Loss
1ae3a00c8d26de69bd61ddda56e9dba1,baseball,mlb,2026_05_13,07:15 PM,Atlanta Braves,Chicago Cubs,run_line,home,1.5,home_run_line,-149.0,0.9091447267561116,0.5193089729011529,0.7737703696227178,0,824928,1,final,2026-08-30T13:46:52.825323+00:00,4,1,5,1.5,-1.5,8.5,Win
1ae3a00c8d26de69bd61ddda56e9dba1,baseball,mlb,2026_05_13,07:15 PM,Atlanta Braves,Chicago Cubs,total,under,8.5,under_total,-105.0,0.678046775463069,0.3238056092374204,0.3399958896992914,0,824928,1,final,2026-08-30T13:46:52.825323+00:00,4,1,5,1.5,-1.5,8.5,Win
1ae3a00c8d26de69bd61ddda56e9dba1,baseball,mlb,2026_05_13,07:15 PM,Atlanta Braves,Chicago Cubs,moneyline,home,,home_moneyline,112.0,0.8073178919358628,0.7115139309040293,0.635280295450026,0,824928,1,final,2026-08-30T13:46:52.825323+00:00,4,1,5,1.5,-1.5,8.5,Win
21ff18fdfd96a55a86867197e834497e,baseball,mlb,2026_05_13,01:05 PM,Baltimore Orioles,New York Yankees,run_line,home,1.5,home_run_line,-126.0,0.7971455471083942,0.4298007432261672,0.5415489364649709,0,824841,1,final,2026-08-30T13:46:52.825323+00:00,7,0,7,1.5,-1.5,9.0,Win
21ff18fdfd96a55a86867197e834497e,baseball,mlb,2026_05_13,01:05 PM,Baltimore Orioles,New York Yankees,total,under,9.0,under_total,-120.0,0.8267710948527357,0.5911869209067796,0.7673101138394952,0,824841,1,final,2026-08-30T13:46:52.825323+00:00,7,0,7,1.5,-1.5,9.0,Win
21ff18fdfd96a55a86867197e834497e,baseball,mlb,2026_05_13,01:05 PM,Baltimore Orioles,New York Yankees,moneyline,home,,home_moneyline,142.0,0.5975226093946985,0.4460047147351702,0.3140878272782889,0,824841,1,final,2026-08-30T13:46:52.825323+00:00,7,0,7,1.5,-1.5,9.0,Win
4546828df054a4ac1c7634c94b4c7012,baseball,mlb,2026_05_13,06:40 PM,Cincinnati Reds,Washington Nationals,run_line,away,1.5,away_run_line,-142.0,0.6890062417654379,0.1742219049805349,0.2473951050723596,0,824519,1,final,2026-08-30T13:46:52.825323+00:00,7,8,15,-1.5,1.5,9.0,Win
4546828df054a4ac1c7634c94b4c7012,baseball,mlb,2026_05_13,06:40 PM,Cincinnati Reds,Washington Nationals,total,under,9.0,under_total,-102.0,0.7371162272667362,0.5593730164258477,0.6336701038044841,0,824519,1,final,2026-08-30T13:46:52.825323+00:00,7,8,15,-1.5,1.5,9.0,Loss
4546828df054a4ac1c7634c94b4c7012,baseball,mlb,2026_05_13,06:40 PM,Cincinnati Reds,Washington Nationals,moneyline,away,,away_moneyline,139.0,0.4584266236840721,0.0956396306049323,0.0688054896438362,0,824519,1,final,2026-08-30T13:46:52.825323+00:00,7,8,15,-1.5,1.5,9.0,Win
4d53bfb528444dbb7721172c9851e6c9,baseball,mlb,2026_05_13,07:40 PM,Chicago White Sox,Kansas City Royals,run_line,home,1.5,home_run_line,-175.0,0.8511035303021813,0.3374484047605706,0.5905347083309986,0,824603,1,final,2026-08-30T13:46:52.825323+00:00,6,5,11,1.5,-1.5,8.0,Win
4d53bfb528444dbb7721172c9851e6c9,baseball,mlb,2026_05_13,07:40 PM,Chicago White Sox,Kansas City Royals,total,under,8.0,under_total,-114.0,0.6953422521677031,0.4196533212358031,0.5401807936111973,0,824603,1,final,2026-08-30T13:46:52.825323+00:00,6,5,11,1.5,-1.5,8.0,Loss
4d53bfb528444dbb7721172c9851e6c9,baseball,mlb,2026_05_13,07:40 PM,Chicago White Sox,Kansas City Royals,moneyline,home,,home_moneyline,-105.0,0.6897151474697016,0.346586716488465,0.3639160523128883,0,824603,1,final,2026-08-30T13:46:52.825323+00:00,6,5,11,1.5,-1.5,8.0,Win
4ea6eeeb6626c218d536f9bca6edbeae,baseball,mlb,2026_05_13,08:05 PM,Texas Rangers,Arizona Diamondbacks,run_line,home,1.5,home_run_line,-196.0,0.8690290588079732,0.312411231669184,0.6123260140716007,0,822900,1,final,2026-08-30T13:46:52.825323+00:00,6,5,11,1.5,-1.5,8.5,Win
4ea6eeeb6626c218d536f9bca6edbeae,baseball,mlb,2026_05_13,08:05 PM,Texas Rangers,Arizona Diamondbacks,total,under,8.5,under_total,-105.0,0.9082195079676664,0.7731904679368723,0.8118499913337159,0,822900,1,final,2026-08-30T13:46:52.825323+00:00,6,5,11,1.5,-1.5,8.5,Loss
4ea6eeeb6626c218d536f9bca6edbeae,baseball,mlb,2026_05_13,08:05 PM,Texas Rangers,Arizona Diamondbacks,moneyline,home,,home_moneyline,-121.0,0.7003010797644915,0.2790623027103525,0.3376653862795263,0,822900,1,final,2026-08-30T13:46:52.825323+00:00,6,5,11,1.5,-1.5,8.5,Win
6ff5fdd2fde54dc43326a02792b3e79f,baseball,mlb,2026_05_13,08:10 PM,Houston Astros,Seattle Mariners,run_line,away,-1.5,away_run_line,123.0,0.5522648767707048,0.2315506751986717,0.1882525814623347,0,824195,1,final,2026-08-30T13:46:52.825323+00:00,4,3,7,1.5,-1.5,9.0,Loss
6ff5fdd2fde54dc43326a02792b3e79f,baseball,mlb,2026_05_13,08:10 PM,Houston Astros,Seattle Mariners,total,under,9.0,under_total,-102.0,0.4846597391317555,0.0912199186923597,0.1071203082671725,0,824195,1,final,2026-08-30T13:46:52.825323+00:00,4,3,7,1.5,-1.5,9.0,Win
6ff5fdd2fde54dc43326a02792b3e79f,baseball,mlb,2026_05_13,08:10 PM,Houston Astros,Seattle Mariners,moneyline,away,,away_moneyline,-126.0,0.7697759855343458,0.3807093073870011,0.4796937273076214,0,824195,1,final,2026-08-30T13:46:52.825323+00:00,4,3,7,1.5,-1.5,9.0,Loss
7018d88c446b88b45928fc75ec91e83c,baseball,mlb,2026_05_13,10:10 PM,Los Angeles Dodgers,San Francisco Giants,run_line,home,-1.5,home_run_line,-112.0,0.6548196572209004,0.2394800654538471,0.2682176733083088,0,823952,1,final,2026-08-30T13:46:52.825323+00:00,4,0,4,-1.5,1.5,8.0,Win
7018d88c446b88b45928fc75ec91e83c,baseball,mlb,2026_05_13,10:10 PM,Los Angeles Dodgers,San Francisco Giants,total,over,8.0,over_total,-105.0,0.5954203809897145,0.2876031689595192,0.3451694670765602,0,823952,1,final,2026-08-30T13:46:52.825323+00:00,4,0,4,-1.5,1.5,8.0,Loss
7018d88c446b88b45928fc75ec91e83c,baseball,mlb,2026_05_13,10:10 PM,Los Angeles Dodgers,San Francisco Giants,moneyline,home,,home_moneyline,-243.0,0.8447682338654972,0.192409482369817,0.4675550421586554,0,823952,1,final,2026-08-30T13:46:52.825323+00:00,4,0,4,-1.5,1.5,8.0,Win
70e80bbf99890d3a610a98c21f3a7419,baseball,mlb,2026_05_13,07:07 PM,Toronto Blue Jays,Tampa Bay Rays,run_line,home,-1.5,home_run_line,135.0,0.5352751437018514,0.2578965876993506,0.1910345094069264,0,822815,1,final,2026-08-30T13:46:52.825323+00:00,5,3,8,-1.5,1.5,7.5,Win
70e80bbf99890d3a610a98c21f3a7419,baseball,mlb,2026_05_13,07:07 PM,Toronto Blue Jays,Tampa Bay Rays,total,over,7.5,over_total,-109.0,0.6648337165428649,0.2747729060317319,0.2995024675745878,0,822815,1,final,2026-08-30T13:46:52.825323+00:00,5,3,8,-1.5,1.5,7.5,Win
70e80bbf99890d3a610a98c21f3a7419,baseball,mlb,2026_05_13,07:07 PM,Toronto Blue Jays,Tampa Bay Rays,moneyline,home,,home_moneyline,-156.0,0.7532042841258475,0.2360275431808778,0.3682029673621696,0,822815,1,final,2026-08-30T13:46:52.825323+00:00,5,3,8,-1.5,1.5,7.5,Win
ca6c0da9264577ed9bb23ff05ee77801,baseball,mlb,2026_05_13,07:10 PM,New York Mets,Detroit Tigers,run_line,home,1.5,home_run_line,-175.0,0.7256811479580945,0.1403560896484341,0.2456231568847597,0,823631,1,final,2026-08-30T13:46:52.825323+00:00,3,2,5,1.5,-1.5,8.0,Win
ca6c0da9264577ed9bb23ff05ee77801,baseball,mlb,2026_05_13,07:10 PM,New York Mets,Detroit Tigers,total,under,8.0,under_total,-112.0,0.6358609764423405,0.3287487847726527,0.4208728998829521,0,823631,1,final,2026-08-30T13:46:52.825323+00:00,3,2,5,1.5,-1.5,8.0,Win
d27ba1c4cb8a441ca047f3a9054aab48,baseball,mlb,2026_05_13,09:40 PM,Athletics,St Louis Cardinals,run_line,away,1.5,away_run_line,-156.0,0.7253018828218242,0.1902389871947882,0.2967728200238698,0,,,final,2026-08-30T13:46:52.825323+00:00,6,2,8,,,,Loss
d27ba1c4cb8a441ca047f3a9054aab48,baseball,mlb,2026_05_13,09:40 PM,Athletics,St Louis Cardinals,total,under,10.0,under_total,-117.0,0.7255629252631267,0.4431436813996483,0.5744537438914813,0,,,final,2026-08-30T13:46:52.825323+00:00,6,2,8,,,,Win
d27ba1c4cb8a441ca047f3a9054aab48,baseball,mlb,2026_05_13,09:40 PM,Athletics,St Louis Cardinals,moneyline,away,,away_moneyline,123.0,0.5250390418818068,0.1708370633964291,0.1388919214605115,0,,,final,2026-08-30T13:46:52.825323+00:00,6,2,8,,,,Loss
bc2f7272b3d5ef426608824387a95824,baseball,mlb,2026_05_14,10:10 PM,Los Angeles Dodgers,San Francisco Giants,run_line,away,1.5,away_run_line,-147.0,0.675263573992081,0.1346265494968979,0.19790102776044,0,823950,1,final,2026-08-30T13:46:52.825323+00:00,5,2,7,-1.5,1.5,8.0,Loss
bc2f7272b3d5ef426608824387a95824,baseball,mlb,2026_05_14,10:10 PM,Los Angeles Dodgers,San Francisco Giants,total,under,8.0,under_total,-104.0,0.5709648793458355,0.2534925081902239,0.3042575733689658,0,823950,1,final,2026-08-30T13:46:52.825323+00:00,5,2,7,-1.5,1.5,8.0,Win
bc2f7272b3d5ef426608824387a95824,baseball,mlb,2026_05_14,10:10 PM,Los Angeles Dodgers,San Francisco Giants,moneyline,away,,away_moneyline,144.0,0.4457135156886029,0.087540978280191,0.0607923460279105,0,823950,1,final,2026-08-30T13:46:52.825323+00:00,5,2,7,-1.5,1.5,8.0,Loss
0a103297db91d5bd1abf13d04b710c2a,baseball,mlb,2026_05_15,07:15 PM,Atlanta Braves,Boston Red Sox,run_line,home,-1.5,home_run_line,135.0,0.5357758104199045,0.2590731544867757,0.1919060403605745,0,824925,1,final,2026-08-30T13:46:52.825323+00:00,3,2,5,-1.5,1.5,8.0,Loss
0a103297db91d5bd1abf13d04b710c2a,baseball,mlb,2026_05_15,07:15 PM,Atlanta Braves,Boston Red Sox,total,under,8.0,under_total,-106.0,0.5858334083532577,0.2704243246563185,0.3302104497795218,0,824925,1,final,2026-08-30T13:46:52.825323+00:00,3,2,5,-1.5,1.5,8.0,Win
0a103297db91d5bd1abf13d04b710c2a,baseball,mlb,2026_05_15,07:15 PM,Atlanta Braves,Boston Red Sox,moneyline,home,,home_moneyline,-156.0,0.7803096970604847,0.2805082208172056,0.4375928244748407,0,824925,1,final,2026-08-30T13:46:52.825323+00:00,3,2,5,-1.5,1.5,8.0,Win
19b80d07edae4ffcb25b42667963c877,baseball,mlb,2026_05_15,06:45 PM,Detroit Tigers,Toronto Blue Jays,run_line,home,1.5,home_run_line,-156.0,0.7413484651848606,0.2165718403033609,0.3378520708732432,0,824280,1,final,2026-08-30T13:46:52.825323+00:00,3,2,5,1.5,-1.5,8.0,Win
19b80d07edae4ffcb25b42667963c877,baseball,mlb,2026_05_15,06:45 PM,Detroit Tigers,Toronto Blue Jays,moneyline,home,,home_moneyline,108.0,0.5515202886453425,0.1471622003823125,0.1362612966502893,0,824280,1,final,2026-08-30T13:46:52.825323+00:00,3,2,5,1.5,-1.5,8.0,Win
204926b2f2e00788f62385d3af31d828,baseball,mlb,2026_05_15,08:40 PM,Colorado Rockies,Arizona Diamondbacks,run_line,home,1.5,home_run_line,-135.0,0.6885293232741825,0.1985510442180214,0.2680439096943287,0,824360,1,final,2026-08-30T13:46:52.825323+00:00,1,9,10,1.5,-1.5,12.0,Loss
204926b2f2e00788f62385d3af31d828,baseball,mlb,2026_05_15,08:40 PM,Colorado Rockies,Arizona Diamondbacks,total,under,12.0,under_total,-107.0,0.931132810332875,0.8339566603204174,0.9224099754725869,0,824360,1,final,2026-08-30T13:46:52.825323+00:00,1,9,10,1.5,-1.5,12.0,Win
2aee6b065d2ab7dd34a7bf34c50ecf64,baseball,mlb,2026_05_15,07:10 PM,Tampa Bay Rays,Miami Marlins,run_line,home,1.5,home_run_line,-200.0,0.8709278739792286,0.3063918109688428,0.6127836219376857,0,822983,1,final,2026-08-30T13:46:52.825323+00:00,7,2,9,1.5,-1.5,8.0,Win
2aee6b065d2ab7dd34a7bf34c50ecf64,baseball,mlb,2026_05_15,07:10 PM,Tampa Bay Rays,Miami Marlins,total,under,8.0,under_total,-113.0,0.6514223720865466,0.35052410653903,0.4514498102978634,0,822983,1,final,2026-08-30T13:46:52.825323+00:00,7,2,9,1.5,-1.5,8.0,Loss
2aee6b065d2ab7dd34a7bf34c50ecf64,baseball,mlb,2026_05_15,07:10 PM,Tampa Bay Rays,Miami Marlins,moneyline,home,,home_moneyline,-125.0,0.7293587803091074,0.3128458045563933,0.3910572556954916,0,822983,1,final,2026-08-30T13:46:52.825323+00:00,7,2,9,1.5,-1.5,8.0,Win
2f427e779ce4322fa3631629afb6f614,baseball,mlb,2026_05_15,09:40 PM,Athletics,San Francisco Giants,total,under,9.5,under_total,-105.0,0.5166539982389252,0.0087054251331396,0.0091406963897966,0,,,final,2026-08-30T13:46:52.825323+00:00,5,2,7,,,,Win
2f427e779ce4322fa3631629afb6f614,baseball,mlb,2026_05_15,09:40 PM,Athletics,San Francisco Giants,moneyline,away,,away_moneyline,114.0,0.5188670642488943,0.1103755174926337,0.0968206293795033,0,,,final,2026-08-30T13:46:52.825323+00:00,5,2,7,,,,Loss
36e963840422a477a4a60c1d4b1b2879,baseball,mlb,2026_05_15,07:40 PM,Chicago White Sox,Chicago Cubs,run_line,home,1.5,home_run_line,-142.0,0.9440066134418188,0.6088000031895784,0.8644960045292015,0,824601,1,final,2026-08-30T13:46:52.825323+00:00,5,10,15,1.5,-1.5,8.5,Loss
36e963840422a477a4a60c1d4b1b2879,baseball,mlb,2026_05_15,07:40 PM,Chicago White Sox,Chicago Cubs,total,over,8.5,over_total,-103.0,0.5076377830928867,0.0004899996879222,0.0005046996785599,0,824601,1,final,2026-08-30T13:46:52.825323+00:00,5,10,15,1.5,-1.5,8.5,Win
36e963840422a477a4a60c1d4b1b2879,baseball,mlb,2026_05_15,07:40 PM,Chicago White Sox,Chicago Cubs,moneyline,home,,home_moneyline,123.0,0.8816285658154402,0.9660317017684316,0.7853916274540096,0,824601,1,final,2026-08-30T13:46:52.825323+00:00,5,10,15,1.5,-1.5,8.5,Loss
4323e1f1f88640843f73a6482a7730d5,baseball,mlb,2026_05_15,08:10 PM,Houston Astros,Texas Rangers,run_line,home,1.5,home_run_line,-178.0,0.6740090001009401,0.0526657417306817,0.0937450202806135,0,824194,1,final,2026-08-30T13:46:52.825323+00:00,2,0,2,1.5,-1.5,8.5,Win
4323e1f1f88640843f73a6482a7730d5,baseball,mlb,2026_05_15,08:10 PM,Houston Astros,Texas Rangers,moneyline,away,,away_moneyline,-112.0,0.5310627983157248,0.0052260110976218,0.0058531324293365,0,824194,1,final,2026-08-30T13:46:52.825323+00:00,2,0,2,1.5,-1.5,8.5,Loss
44a4350d4a8392d58e49e092bee941e9,baseball,mlb,2026_05_15,06:45 PM,Washington Nationals,Baltimore Orioles,run_line,home,1.5,home_run_line,-142.0,0.6986221019127972,0.1906094976260346,0.2706654866289691,0,822739,1,final,2026-08-30T13:46:52.825323+00:00,3,2,5,1.5,-1.5,9.5,Win
44a4350d4a8392d58e49e092bee941e9,baseball,mlb,2026_05_15,06:45 PM,Washington Nationals,Baltimore Orioles,total,under,9.5,under_total,-117.0,0.6942788536203882,0.2876795832104636,0.3365851123562424,0,822739,1,final,2026-08-30T13:46:52.825323+00:00,3,2,5,1.5,-1.5,9.5,Win
44a4350d4a8392d58e49e092bee941e9,baseball,mlb,2026_05_15,06:45 PM,Washington Nationals,Baltimore Orioles,moneyline,home,,home_moneyline,119.0,0.493273733897603,0.0802694772357506,0.0674533422149163,0,822739,1,final,2026-08-30T13:46:52.825323+00:00,3,2,5,1.5,-1.5,9.5,Win
857412c718e5a9787f2d262c8ad16cd5,baseball,mlb,2026_05_15,08:15 PM,St Louis Cardinals,Kansas City Royals,total,under,8.5,under_total,-107.0,0.883094529192158,0.7084165190913715,0.7580056754277673,0,,,final,2026-08-30T13:46:52.825323+00:00,5,4,9,,,,Loss
857412c718e5a9787f2d262c8ad16cd5,baseball,mlb,2026_05_15,08:15 PM,St Louis Cardinals,Kansas City Royals,moneyline,away,,away_moneyline,-105.0,0.6735172908624825,0.3149623297791324,0.330710446268089,0,,,final,2026-08-30T13:46:52.825323+00:00,5,4,9,,,,Loss
8a72d8b519cc92911419682fb63aaf67,baseball,mlb,2026_05_15,09:38 PM,Los Angeles Angels,Los Angeles Dodgers,total,over,9.0,over_total,-105.0,0.4493100615425296,0.0084226391881269,0.0101792738996401,0,824037,1,final,2026-08-30T13:46:52.825323+00:00,0,6,6,1.5,-1.5,9.0,Loss
8a72d8b519cc92911419682fb63aaf67,baseball,mlb,2026_05_15,09:38 PM,Los Angeles Angels,Los Angeles Dodgers,moneyline,away,,away_moneyline,-243.0,0.7828622627643791,0.105027802996634,0.2552175612818204,0,824037,1,final,2026-08-30T13:46:52.825323+00:00,0,6,6,1.5,-1.5,9.0,Win
919b933a4af691070848a940a7d07a84,baseball,mlb,2026_05_15,09:40 PM,Seattle Mariners,San Diego Padres,run_line,away,1.5,away_run_line,-181.0,0.8651357632526301,0.343111323060713,0.6210314947398905,0,823140,1,final,2026-08-30T13:46:52.825323+00:00,0,2,2,-1.5,1.5,7.0,Win
919b933a4af691070848a940a7d07a84,baseball,mlb,2026_05_15,09:40 PM,Seattle Mariners,San Diego Padres,total,over,7.0,over_total,-117.0,0.5004636301703916,0.0727559595016566,0.0995079063087228,0,823140,1,final,2026-08-30T13:46:52.825323+00:00,0,2,2,-1.5,1.5,7.0,Loss
919b933a4af691070848a940a7d07a84,baseball,mlb,2026_05_15,09:40 PM,Seattle Mariners,San Diego Padres,moneyline,away,,away_moneyline,118.0,0.7336734975633319,0.5994082246880637,0.5079730717695454,0,823140,1,final,2026-08-30T13:46:52.825323+00:00,0,2,2,-1.5,1.5,7.0,Win
a051c6df269a83813b248ea222859c65,baseball,mlb,2026_05_15,06:40 PM,Pittsburgh Pirates,Philadelphia Phillies,run_line,away,1.5,away_run_line,-185.0,0.7362366162289256,0.1342023547310475,0.2482743562524379,0,823384,1,final,2026-08-30T13:46:52.825323+00:00,9,11,20,-1.5,1.5,8.0,Win
a051c6df269a83813b248ea222859c65,baseball,mlb,2026_05_15,06:40 PM,Pittsburgh Pirates,Philadelphia Phillies,moneyline,away,,away_moneyline,112.0,0.5417361506753477,0.1484806394317372,0.1325719994926225,0,823384,1,final,2026-08-30T13:46:52.825323+00:00,9,11,20,-1.5,1.5,8.0,Win
afc970260745e8fb77f25865b9aa1d1e,baseball,mlb,2026_05_15,07:15 PM,New York Mets,New York Yankees,run_line,home,1.5,home_run_line,-142.0,0.6187081776530498,0.0544181619157608,0.0772737899203803,0,823629,1,final,2026-08-30T13:46:52.825323+00:00,2,5,7,1.5,-1.5,7.0,Loss
afc970260745e8fb77f25865b9aa1d1e,baseball,mlb,2026_05_15,07:15 PM,New York Mets,New York Yankees,total,over,7.0,over_total,-120.0,0.6392848835075156,0.2968196376440416,0.4069726773185051,0,823629,1,final,2026-08-30T13:46:52.825323+00:00,2,5,7,1.5,-1.5,7.0,Push
d5256fecb9779436e7900fb3f1b19363,baseball,mlb,2026_05_15,07:10 PM,Cleveland Guardians,Cincinnati Reds,run_line,home,-1.5,home_run_line,149.0,0.5029105813712068,0.252247347614305,0.1692935218887953,0,824439,1,final,2026-08-30T13:46:52.825323+00:00,6,7,13,-1.5,1.5,8.0,Loss
d5256fecb9779436e7900fb3f1b19363,baseball,mlb,2026_05_15,07:10 PM,Cleveland Guardians,Cincinnati Reds,total,under,8.0,under_total,-111.0,0.6922268358793922,0.4308568223694469,0.5403980397450108,0,824439,1,final,2026-08-30T13:46:52.825323+00:00,6,7,13,-1.5,1.5,8.0,Loss
d5256fecb9779436e7900fb3f1b19363,baseball,mlb,2026_05_15,07:10 PM,Cleveland Guardians,Cincinnati Reds,moneyline,home,,home_moneyline,-136.0,0.7652181923797328,0.3278786279530656,0.4459149340161694,0,824439,1,final,2026-08-30T13:46:52.825323+00:00,6,7,13,-1.5,1.5,8.0,Loss
2638aded4f2e2359a902072c9d2fba22,baseball,mlb,2026_05_16,04:05 PM,Pittsburgh Pirates,Philadelphia Phillies,run_line,home,1.5,home_run_line,-117.0,0.7894878652438727,0.4642638184437639,0.5431886675792038,0,823382,1,final,2026-08-30T13:46:52.825323+00:00,0,6,6,1.5,-1.5,8.5,Loss
2638aded4f2e2359a902072c9d2fba22,baseball,mlb,2026_05_16,04:05 PM,Pittsburgh Pirates,Philadelphia Phillies,total,under,8.5,under_total,-108.0,0.6522416228453383,0.2561690514058367,0.2766625755183036,0,823382,1,final,2026-08-30T13:46:52.825323+00:00,0,6,6,1.5,-1.5,8.5,Win
2638aded4f2e2359a902072c9d2fba22,baseball,mlb,2026_05_16,04:05 PM,Pittsburgh Pirates,Philadelphia Phillies,moneyline,home,,home_moneyline,140.0,0.6116024035849174,0.4678457686038015,0.3341755490027154,0,823382,1,final,2026-08-30T13:46:52.825323+00:00,0,6,6,1.5,-1.5,8.5,Loss
4b228f8e92985dcf7be730bd8e8c2c5d,baseball,mlb,2026_05_16,07:10 PM,Chicago White Sox,Chicago Cubs,run_line,home,1.5,home_run_line,-175.0,0.760876310206521,0.1956627731816758,0.3424098530679327,0,824600,1,final,2026-08-30T13:46:52.825323+00:00,8,3,11,1.5,-1.5,8.5,Win
4b228f8e92985dcf7be730bd8e8c2c5d,baseball,mlb,2026_05_16,07:10 PM,Chicago White Sox,Chicago Cubs,total,under,8.5,under_total,-108.0,0.7608401029892308,0.4653216798311111,0.5025474142176,0,824600,1,final,2026-08-30T13:46:52.825323+00:00,8,3,11,1.5,-1.5,8.5,Loss
4b228f8e92985dcf7be730bd8e8c2c5d,baseball,mlb,2026_05_16,07:10 PM,Chicago White Sox,Chicago Cubs,moneyline,home,,home_moneyline,-105.0,0.5541940411385532,0.0819978898419371,0.0860977843340339,0,824600,1,final,2026-08-30T13:46:52.825323+00:00,8,3,11,1.5,-1.5,8.5,Win
58b1dff480365011b5d7ad2e1c40baae,baseball,mlb,2026_05_16,07:10 PM,Houston Astros,Texas Rangers,run_line,home,1.5,home_run_line,-142.0,0.688732738843073,0.1737557943663636,0.2467332280002365,0,824193,1,final,2026-08-30T13:46:52.825323+00:00,4,1,5,1.5,-1.5,7.5,Win
58b1dff480365011b5d7ad2e1c40baae,baseball,mlb,2026_05_16,07:10 PM,Houston Astros,Texas Rangers,moneyline,home,,home_moneyline,119.0,0.4726055414833341,0.0350061358485016,0.0294169208810938,0,824193,1,final,2026-08-30T13:46:52.825323+00:00,4,1,5,1.5,-1.5,7.5,Win
6b2d5ebb90ade419f4d5c59b95c1b301,baseball,mlb,2026_05_16,01:10 PM,Detroit Tigers,Toronto Blue Jays,run_line,away,1.5,away_run_line,-196.0,0.7176772866605365,0.0838391676097898,0.1643247685151881,0,824278,1,final,2026-08-30T13:46:52.825323+00:00,1,2,3,-1.5,1.5,8.5,Win
6b2d5ebb90ade419f4d5c59b95c1b301,baseball,mlb,2026_05_16,01:10 PM,Detroit Tigers,Toronto Blue Jays,total,under,8.5,under_total,-117.0,0.8003370328066189,0.4843857787951822,0.5667313611903632,0,824278,1,final,2026-08-30T13:46:52.825323+00:00,1,2,3,-1.5,1.5,8.5,Win
6b2d5ebb90ade419f4d5c59b95c1b301,baseball,mlb,2026_05_16,01:10 PM,Detroit Tigers,Toronto Blue Jays,moneyline,away,,away_moneyline,108.0,0.4855983046437911,0.0100444736590854,0.0093004385732272,0,824278,1,final,2026-08-30T13:46:52.825323+00:00,1,2,3,-1.5,1.5,8.5,Win
8c4164a5b90b37ee80487fbe77607394,baseball,mlb,2026_05_16,09:40 PM,Athletics,San Francisco Giants,run_line,away,1.5,away_run_line,-175.0,0.844001821464458,0.3262885765870054,0.5710050090272596,0,,,final,2026-08-30T13:46:52.825323+00:00,4,6,10,,,,Win
8c4164a5b90b37ee80487fbe77607394,baseball,mlb,2026_05_16,09:40 PM,Athletics,San Francisco Giants,total,under,9.5,under_total,-103.0,0.8135708796533017,0.6034455200934004,0.6215488856962024,0,,,final,2026-08-30T13:46:52.825323+00:00,4,6,10,,,,Loss
8c4164a5b90b37ee80487fbe77607394,baseball,mlb,2026_05_16,09:40 PM,Athletics,San Francisco Giants,moneyline,away,,away_moneyline,112.0,0.6914437133337917,0.4658606722676386,0.4159470288103915,0,,,final,2026-08-30T13:46:52.825323+00:00,4,6,10,,,,Win
8cb0cf3de3f70a1993a155d8d3cfef98,baseball,mlb,2026_05_16,06:10 PM,Cleveland Guardians,Cincinnati Reds,run_line,away,1.5,away_run_line,-142.0,0.5912339168480243,0.0075958301212808,0.0107860787722187,0,824435,1,final,2026-08-30T13:46:52.825323+00:00,7,4,11,-1.5,1.5,8.5,Loss
8cb0cf3de3f70a1993a155d8d3cfef98,baseball,mlb,2026_05_16,06:10 PM,Cleveland Guardians,Cincinnati Reds,total,under,8.5,under_total,-117.0,0.6110794465124688,0.1333695717368012,0.1560423989320573,0,824435,1,final,2026-08-30T13:46:52.825323+00:00,7,4,11,-1.5,1.5,8.5,Loss
8cb0cf3de3f70a1993a155d8d3cfef98,baseball,mlb,2026_05_16,06:10 PM,Cleveland Guardians,Cincinnati Reds,moneyline,home,,home_moneyline,-175.0,0.6417241210498603,0.0084236187926376,0.0147413328871158,0,824435,1,final,2026-08-30T13:46:52.825323+00:00,7,4,11,-1.5,1.5,8.5,Win
a5e515bbcd25515bb500f052064aa31d,baseball,mlb,2026_05_16,07:10 PM,Minnesota Twins,Milwaukee Brewers,run_line,home,1.5,home_run_line,-153.0,0.7922490214569834,0.3100588394027241,0.4743900242861679,0,823706,1,final,2026-08-30T13:46:52.825323+00:00,1,2,3,1.5,-1.5,8.5,Win
a5e515bbcd25515bb500f052064aa31d,baseball,mlb,2026_05_16,07:10 PM,Minnesota Twins,Milwaukee Brewers,total,over,8.5,over_total,-103.0,0.5316169951351605,0.0477500001207531,0.0491825001243757,0,823706,1,final,2026-08-30T13:46:52.825323+00:00,1,2,3,1.5,-1.5,8.5,Loss
a5e515bbcd25515bb500f052064aa31d,baseball,mlb,2026_05_16,07:10 PM,Minnesota Twins,Milwaukee Brewers,moneyline,home,,home_moneyline,104.0,0.6339263989144616,0.2932098537855017,0.2819325517168284,0,823706,1,final,2026-08-30T13:46:52.825323+00:00,1,2,3,1.5,-1.5,8.5,Loss
a6224f9c00c2799d9f58de009bf48393,baseball,mlb,2026_05_16,09:38 PM,Los Angeles Angels,Los Angeles Dodgers,run_line,home,1.5,home_run_line,-142.0,0.6689638622506937,0.1400651736948441,0.1988925466466787,0,824038,1,final,2026-08-30T13:46:52.825323+00:00,2,15,17,1.5,-1.5,8.5,Loss
a6224f9c00c2799d9f58de009bf48393,baseball,mlb,2026_05_16,09:38 PM,Los Angeles Angels,Los Angeles Dodgers,total,under,8.5,under_total,-111.0,0.7571449426680904,0.4392575036303341,0.4875758290296708,0,824038,1,final,2026-08-30T13:46:52.825323+00:00,2,15,17,1.5,-1.5,8.5,Loss
c0881b4a195ada00f7db5d84c6cef8b7,baseball,mlb,2026_05_16,04:10 PM,Tampa Bay Rays,Miami Marlins,total,under,7.5,under_total,-105.0,0.5156168952048706,0.006680604923795,0.0070146351699848,0,822981,1,final,2026-08-30T13:46:52.825323+00:00,5,10,15,-1.5,1.5,7.5,Loss
c0881b4a195ada00f7db5d84c6cef8b7,baseball,mlb,2026_05_16,04:10 PM,Tampa Bay Rays,Miami Marlins,moneyline,home,,home_moneyline,-147.0,0.6033967121986966,0.0138706660753609,0.0203898791307805,0,822981,1,final,2026-08-30T13:46:52.825323+00:00,5,10,15,-1.5,1.5,7.5,Loss
c53d7080fd560dbde65770d1a7facbfd,baseball,mlb,2026_05_16,07:15 PM,New York Mets,New York Yankees,run_line,home,1.5,home_run_line,-149.0,0.6448629489201141,0.0776568743698551,0.115708742811084,0,823627,1,final,2026-08-30T13:46:52.825323+00:00,6,3,9,1.5,-1.5,8.5,Win
c53d7080fd560dbde65770d1a7facbfd,baseball,mlb,2026_05_16,07:15 PM,New York Mets,New York Yankees,total,under,8.5,under_total,-114.0,0.6569657938853668,0.2332515779953377,0.2659067989146849,0,823627,1,final,2026-08-30T13:46:52.825323+00:00,6,3,9,1.5,-1.5,8.5,Loss
c53d7080fd560dbde65770d1a7facbfd,baseball,mlb,2026_05_16,07:15 PM,New York Mets,New York Yankees,moneyline,away,,away_moneyline,-135.0,0.5854065728358447,0.0190410712327666,0.0257054461642351,0,823627,1,final,2026-08-30T13:46:52.825323+00:00,6,3,9,1.5,-1.5,8.5,Loss
ca5e359ff82548cecbaa7a8695e9fbf0,baseball,mlb,2026_05_16,07:15 PM,Atlanta Braves,Boston Red Sox,run_line,home,-1.5,home_run_line,139.0,0.4483845394934391,0.0716390493893195,0.0515388844527478,0,824924,1,final,2026-08-30T13:46:52.825323+00:00,2,3,5,-1.5,1.5,8.0,Loss
ca5e359ff82548cecbaa7a8695e9fbf0,baseball,mlb,2026_05_16,07:15 PM,Atlanta Braves,Boston Red Sox,total,under,8.0,under_total,-114.0,0.4840503555735851,0.0478134551824327,0.0633185983058271,0,824924,1,final,2026-08-30T13:46:52.825323+00:00,2,3,5,-1.5,1.5,8.0,Win
ca5e359ff82548cecbaa7a8695e9fbf0,baseball,mlb,2026_05_16,07:15 PM,Atlanta Braves,Boston Red Sox,moneyline,home,,home_moneyline,-142.0,0.6856069492511745,0.1684287444984804,0.2391688171878422,0,824924,1,final,2026-08-30T13:46:52.825323+00:00,2,3,5,-1.5,1.5,8.0,Loss
cc7b9980605dd66040b354031b4491c8,baseball,mlb,2026_05_16,04:05 PM,Washington Nationals,Baltimore Orioles,run_line,away,-1.5,away_run_line,141.0,0.4591834813994092,0.1066321901725761,0.075625666789061,0,822737,1,final,2026-08-30T13:46:52.825323+00:00,13,3,16,1.5,-1.5,10.0,Loss
cc7b9980605dd66040b354031b4491c8,baseball,mlb,2026_05_16,04:05 PM,Washington Nationals,Baltimore Orioles,total,under,10.0,under_total,-107.0,0.5856857714363587,0.2518068486648294,0.3057403621664593,0,822737,1,final,2026-08-30T13:46:52.825323+00:00,13,3,16,1.5,-1.5,10.0,Loss
cc7b9980605dd66040b354031b4491c8,baseball,mlb,2026_05_16,04:05 PM,Washington Nationals,Baltimore Orioles,moneyline,away,,away_moneyline,-109.0,0.6784290802014343,0.3008410803862364,0.3279167776209977,0,822737,1,final,2026-08-30T13:46:52.825323+00:00,13,3,16,1.5,-1.5,10.0,Loss
d89740dbc48f3d782b0e473629494f6b,baseball,mlb,2026_05_16,07:15 PM,Seattle Mariners,San Diego Padres,total,under,7.0,under_total,-102.0,0.5957631756592554,0.3189779552551713,0.3779417762709868,0,823139,1,final,2026-08-30T13:46:52.825323+00:00,4,7,11,-1.5,1.5,7.0,Loss
d89740dbc48f3d782b0e473629494f6b,baseball,mlb,2026_05_16,07:15 PM,Seattle Mariners,San Diego Padres,moneyline,home,,home_moneyline,-166.0,0.697573704440444,0.1177988275973378,0.1955460538115809,0,823139,1,final,2026-08-30T13:46:52.825323+00:00,4,7,11,-1.5,1.5,7.0,Loss
e794b5b54765be45db1d4e7681c62e39,baseball,mlb,2026_05_16,03:10 PM,Colorado Rockies,Arizona Diamondbacks,run_line,away,-1.5,away_run_line,104.0,0.5514180197502152,0.124892760290439,0.1200891925869606,0,824359,1,final,2026-08-30T13:46:52.825323+00:00,4,2,6,1.5,-1.5,11.0,Loss
e794b5b54765be45db1d4e7681c62e39,baseball,mlb,2026_05_16,03:10 PM,Colorado Rockies,Arizona Diamondbacks,total,under,11.0,under_total,-102.0,0.8465957205885623,0.7399622253727496,0.8058273108799254,0,824359,1,final,2026-08-30T13:46:52.825323+00:00,4,2,6,1.5,-1.5,11.0,Win
e794b5b54765be45db1d4e7681c62e39,baseball,mlb,2026_05_16,03:10 PM,Colorado Rockies,Arizona Diamondbacks,moneyline,away,,away_moneyline,-142.0,0.7841324881052123,0.3363384656440942,0.4776006212146138,0,824359,1,final,2026-08-30T13:46:52.825323+00:00,4,2,6,1.5,-1.5,11.0,Loss
f1f5588e7499f45638568bb30db784a3,baseball,mlb,2026_05_16,03:00 PM,St Louis Cardinals,Kansas City Royals,run_line,away,-1.5,away_run_line,150.0,0.4615201304261498,0.1538003260653746,0.1025335507102496,0,,,final,2026-08-30T13:46:52.825323+00:00,4,2,6,,,,Loss
f1f5588e7499f45638568bb30db784a3,baseball,mlb,2026_05_16,03:00 PM,St Louis Cardinals,Kansas City Royals,total,under,9.0,under_total,-107.0,0.7254102965440421,0.5055807418570666,0.602563572498018,0,,,final,2026-08-30T13:46:52.825323+00:00,4,2,6,,,,Win
f1f5588e7499f45638568bb30db784a3,baseball,mlb,2026_05_16,03:00 PM,St Louis Cardinals,Kansas City Royals,moneyline,away,,away_moneyline,-102.0,0.7124584346905158,0.4109470961518056,0.4191660380748419,0,,,final,2026-08-30T13:46:52.825323+00:00,4,2,6,,,,Loss
0659b2fd47b200a2c0fe612b8a32e5b1,baseball,mlb,2026_05_18,06:40 PM,Philadelphia Phillies,Cincinnati Reds,run_line,away,1.5,away_run_line,-185.0,0.7681161022173311,0.1833139953077802,0.3391308913193935,0,823465,1,final,2026-08-30T13:46:52.825323+00:00,5,4,9,-1.5,1.5,10.0,Win
0659b2fd47b200a2c0fe612b8a32e5b1,baseball,mlb,2026_05_18,06:40 PM,Philadelphia Phillies,Cincinnati Reds,total,under,10.0,under_total,-116.0,0.494669542391715,0.0456842524454463,0.0605348945247817,0,823465,1,final,2026-08-30T13:46:52.825323+00:00,5,4,9,-1.5,1.5,10.0,Win
0659b2fd47b200a2c0fe612b8a32e5b1,baseball,mlb,2026_05_18,06:40 PM,Philadelphia Phillies,Cincinnati Reds,moneyline,away,,away_moneyline,108.0,0.6080713305734418,0.2647883675927589,0.2451744144377397,0,823465,1,final,2026-08-30T13:46:52.825323+00:00,5,4,9,-1.5,1.5,10.0,Loss
13038bc4537d05af00935232c7a96b21,baseball,mlb,2026_05_18,07:05 PM,New York Yankees,Toronto Blue Jays,run_line,away,1.5,away_run_line,-142.0,0.69558808510128,0.185438849257111,0.2633231659450976,0,823549,1,final,2026-08-30T13:46:52.825323+00:00,7,6,13,-1.5,1.5,9.0,Win
13038bc4537d05af00935232c7a96b21,baseball,mlb,2026_05_18,07:05 PM,New York Yankees,Toronto Blue Jays,total,over,9.0,over_total,-105.0,0.513162858705231,0.1295871395292264,0.1559854927653977,0,823549,1,final,2026-08-30T13:46:52.825323+00:00,7,6,13,-1.5,1.5,9.0,Win
13038bc4537d05af00935232c7a96b21,baseball,mlb,2026_05_18,07:05 PM,New York Yankees,Toronto Blue Jays,moneyline,away,,away_moneyline,144.0,0.5107151425323898,0.2461449477790311,0.170933991513216,0,823549,1,final,2026-08-30T13:46:52.825323+00:00,7,6,13,-1.5,1.5,9.0,Loss
14c70bb665938baff9719079a82cbb93,baseball,mlb,2026_05_18,09:40 PM,Seattle Mariners,Chicago White Sox,run_line,away,1.5,away_run_line,-163.0,0.6845922574835376,0.1045875074734379,0.1704776371817038,0,823137,1,final,2026-08-30T13:46:52.825323+00:00,6,1,7,-1.5,1.5,7.5,Loss
14c70bb665938baff9719079a82cbb93,baseball,mlb,2026_05_18,09:40 PM,Seattle Mariners,Chicago White Sox,total,over,7.5,over_total,-101.0,0.6719157887701795,0.3371789459683772,0.3405507354280609,0,823137,1,final,2026-08-30T13:46:52.825323+00:00,6,1,7,-1.5,1.5,7.5,Loss
14c70bb665938baff9719079a82cbb93,baseball,mlb,2026_05_18,09:40 PM,Seattle Mariners,Chicago White Sox,moneyline,away,,away_moneyline,139.0,0.486509610458434,0.1627579689956573,0.1170920640256527,0,823137,1,final,2026-08-30T13:46:52.825323+00:00,6,1,7,-1.5,1.5,7.5,Loss
42fd4ebc22c3536132b84d9c0a55ef29,baseball,mlb,2026_05_18,07:40 PM,Minnesota Twins,Houston Astros,total,under,9.5,under_total,-113.0,0.760723296070667,0.4339297527703719,0.4903406206305207,0,823705,1,final,2026-08-30T13:46:52.825323+00:00,6,3,9,1.5,-1.5,9.5,Win
42fd4ebc22c3536132b84d9c0a55ef29,baseball,mlb,2026_05_18,07:40 PM,Minnesota Twins,Houston Astros,moneyline,away,,away_moneyline,-102.0,0.6138778309458767,0.215718841677128,0.2200332185106707,0,823705,1,final,2026-08-30T13:46:52.825323+00:00,6,3,9,1.5,-1.5,9.5,Loss
5d7782b4079153d44f30c8b3b9ccf495,baseball,mlb,2026_05_18,06:40 PM,Tampa Bay Rays,Baltimore Orioles,run_line,home,-1.5,home_run_line,139.0,0.5803516953076564,0.3870405517852988,0.2784464401333085,0,822980,1,final,2026-08-30T13:46:52.825323+00:00,16,6,22,-1.5,1.5,7.5,Win
5d7782b4079153d44f30c8b3b9ccf495,baseball,mlb,2026_05_18,06:40 PM,Tampa Bay Rays,Baltimore Orioles,total,over,7.5,over_total,-111.0,0.6500156734653774,0.2356153792900417,0.2615330710119463,0,822980,1,final,2026-08-30T13:46:52.825323+00:00,16,6,22,-1.5,1.5,7.5,Win
5d7782b4079153d44f30c8b3b9ccf495,baseball,mlb,2026_05_18,06:40 PM,Tampa Bay Rays,Baltimore Orioles,moneyline,home,,home_moneyline,-149.0,0.7935994952796899,0.3262166062056562,0.4860627432464278,0,822980,1,final,2026-08-30T13:46:52.825323+00:00,16,6,22,-1.5,1.5,7.5,Win
60ea4be5f7a9bd97fd35cbbbe9e208fa,baseball,mlb,2026_05_18,06:40 PM,Miami Marlins,Atlanta Braves,run_line,home,1.5,home_run_line,-175.0,0.7309087401233063,0.1485708773366241,0.2599990353390923,0,823867,1,final,2026-08-30T13:46:52.825323+00:00,12,0,12,1.5,-1.5,8.5,Win
60ea4be5f7a9bd97fd35cbbbe9e208fa,baseball,mlb,2026_05_18,06:40 PM,Miami Marlins,Atlanta Braves,total,over,8.5,over_total,-105.0,0.5620529475360945,0.0973414689990415,0.1022085424489936,0,823867,1,final,2026-08-30T13:46:52.825323+00:00,12,0,12,1.5,-1.5,8.5,Win
60ea4be5f7a9bd97fd35cbbbe9e208fa,baseball,mlb,2026_05_18,06:40 PM,Miami Marlins,Atlanta Braves,moneyline,home,,home_moneyline,-113.0,0.5498086056087822,0.0363648937581466,0.0410923299467057,0,823867,1,final,2026-08-30T13:46:52.825323+00:00,12,0,12,1.5,-1.5,8.5,Win
6990aa317792d95bc36b258c5662a9b4,baseball,mlb,2026_05_18,07:20 PM,Detroit Tigers,Cleveland Guardians,run_line,home,-1.5,home_run_line,141.0,0.4642308888564683,0.1187964421440885,0.0842527958468714,0,824277,1,final,2026-08-30T13:46:52.825323+00:00,2,8,10,-1.5,1.5,8.0,Loss
6990aa317792d95bc36b258c5662a9b4,baseball,mlb,2026_05_18,07:20 PM,Detroit Tigers,Cleveland Guardians,total,over,8.0,over_total,-109.0,0.6546911625612041,0.370366704455215,0.4561792265334016,0,824277,1,final,2026-08-30T13:46:52.825323+00:00,2,8,10,-1.5,1.5,8.0,Win
6990aa317792d95bc36b258c5662a9b4,baseball,mlb,2026_05_18,07:20 PM,Detroit Tigers,Cleveland Guardians,moneyline,home,,home_moneyline,-149.0,0.6728464902272018,0.1244213158830418,0.1853877606657323,0,824277,1,final,2026-08-30T13:46:52.825323+00:00,2,8,10,-1.5,1.5,8.0,Loss
82ca2e0ae47260f1183ee3abf8a69169,baseball,mlb,2026_05_18,07:10 PM,Kansas City Royals,Boston Red Sox,run_line,away,-1.5,away_run_line,142.0,0.4203486279412287,0.0172436796177732,0.0121434363505446,0,824114,1,final,2026-08-30T13:46:52.825323+00:00,1,3,4,1.5,-1.5,9.0,Win
82ca2e0ae47260f1183ee3abf8a69169,baseball,mlb,2026_05_18,07:10 PM,Kansas City Royals,Boston Red Sox,total,under,9.0,under_total,-101.0,0.6455454329820429,0.4017679448764202,0.4595890830591297,0,824114,1,final,2026-08-30T13:46:52.825323+00:00,1,3,4,1.5,-1.5,9.0,Win
82ca2e0ae47260f1183ee3abf8a69169,baseball,mlb,2026_05_18,07:10 PM,Kansas City Royals,Boston Red Sox,moneyline,away,,away_moneyline,-112.0,0.6586861125902387,0.2467987131172375,0.2764145586913059,0,824114,1,final,2026-08-30T13:46:52.825323+00:00,1,3,4,1.5,-1.5,9.0,Win
8bf07e3c1ae5450be5661196332a989f,baseball,mlb,2026_05_18,06:45 PM,Washington Nationals,New York Mets,run_line,away,-1.5,away_run_line,108.0,0.6994397585346094,0.4548346977519875,0.4211432386592477,0,822734,1,final,2026-08-30T13:46:52.825323+00:00,7,16,23,1.5,-1.5,10.5,Win
8bf07e3c1ae5450be5661196332a989f,baseball,mlb,2026_05_18,06:45 PM,Washington Nationals,New York Mets,total,under,10.5,under_total,-116.0,0.8080554043771054,0.5046548909090927,0.5853996734545477,0,822734,1,final,2026-08-30T13:46:52.825323+00:00,7,16,23,1.5,-1.5,10.5,Loss
8bf07e3c1ae5450be5661196332a989f,baseball,mlb,2026_05_18,06:45 PM,Washington Nationals,New York Mets,moneyline,away,,away_moneyline,-136.0,0.8873830851494529,0.5398706477593447,0.7342240809527087,0,822734,1,final,2026-08-30T13:46:52.825323+00:00,7,16,23,1.5,-1.5,10.5,Win
a18a19981ef7d4e6c9f6244dc08e597a,baseball,mlb,2026_05_18,07:40 PM,Chicago Cubs,Milwaukee Brewers,run_line,away,1.5,away_run_line,-135.0,0.8304250026932073,0.4455546343178052,0.6014987563290372,0,824680,1,final,2026-08-30T13:46:52.825323+00:00,3,9,12,-1.5,1.5,10.5,Win
a18a19981ef7d4e6c9f6244dc08e597a,baseball,mlb,2026_05_18,07:40 PM,Chicago Cubs,Milwaukee Brewers,total,under,10.5,under_total,-107.0,0.6070335411947181,0.1743546077318379,0.1865594302730665,0,824680,1,final,2026-08-30T13:46:52.825323+00:00,3,9,12,-1.5,1.5,10.5,Loss
a18a19981ef7d4e6c9f6244dc08e597a,baseball,mlb,2026_05_18,07:40 PM,Chicago Cubs,Milwaukee Brewers,moneyline,away,,away_moneyline,139.0,0.7005347341659001,0.6742780146565013,0.4850920968751807,0,824680,1,final,2026-08-30T13:46:52.825323+00:00,3,9,12,-1.5,1.5,10.5,Win
a8e5153e31f262e9df1bef1566519c3f,baseball,mlb,2026_05_18,09:38 PM,Los Angeles Angels,Athletics,total,under,9.0,under_total,-111.0,0.6215427863837166,0.3020116780360885,0.3811719750326435,0,,,final,2026-08-30T13:46:52.825323+00:00,2,1,3,,,,Win
a8e5153e31f262e9df1bef1566519c3f,baseball,mlb,2026_05_18,09:38 PM,Los Angeles Angels,Athletics,moneyline,away,,away_moneyline,-131.0,0.6572920652861459,0.159041733443509,0.2083446708109969,0,,,final,2026-08-30T13:46:52.825323+00:00,2,1,3,,,,Loss
d98976061eadebf5d9ba5c0632212976,baseball,mlb,2026_05_18,09:40 PM,San Diego Padres,Los Angeles Dodgers,run_line,home,1.5,home_run_line,-136.0,0.6638085896467185,0.151903140857541,0.2065882715662557,0,823301,1,final,2026-08-30T13:46:52.825323+00:00,1,0,1,1.5,-1.5,7.5,Win
d98976061eadebf5d9ba5c0632212976,baseball,mlb,2026_05_18,09:40 PM,San Diego Padres,Los Angeles Dodgers,total,over,7.5,over_total,-113.0,0.6788924403933931,0.2796822106530327,0.3160408980379272,0,823301,1,final,2026-08-30T13:46:52.825323+00:00,1,0,1,1.5,-1.5,7.5,Loss
d98976061eadebf5d9ba5c0632212976,baseball,mlb,2026_05_18,09:40 PM,San Diego Padres,Los Angeles Dodgers,moneyline,home,,home_moneyline,127.0,0.4611413746488041,0.0467909204527854,0.036843244451012,0,823301,1,final,2026-08-30T13:46:52.825323+00:00,1,0,1,1.5,-1.5,7.5,Win
daf39ff0f5f85b7da76274b743b1ab1f,baseball,mlb,2026_05_18,09:40 PM,Arizona Diamondbacks,San Francisco Giants,run_line,away,1.5,away_run_line,-175.0,0.7828092448872362,0.2301288133942283,0.4027254234398996,0,825087,1,final,2026-08-30T13:46:52.825323+00:00,12,2,14,-1.5,1.5,9.0,Loss
daf39ff0f5f85b7da76274b743b1ab1f,baseball,mlb,2026_05_18,09:40 PM,Arizona Diamondbacks,San Francisco Giants,total,under,9.0,under_total,-105.0,0.5701794928274702,0.239570634122531,0.2879332961594557,0,825087,1,final,2026-08-30T13:46:52.825323+00:00,12,2,14,-1.5,1.5,9.0,Loss
daf39ff0f5f85b7da76274b743b1ab1f,baseball,mlb,2026_05_18,09:40 PM,Arizona Diamondbacks,San Francisco Giants,moneyline,away,,away_moneyline,118.0,0.6104070573785716,0.3306873850852863,0.2802435466824459,0,825087,1,final,2026-08-30T13:46:52.825323+00:00,12,2,14,-1.5,1.5,9.0,Loss
00aa355eed768f248a9d925736ced07e,baseball,mlb,2026_05_19,09:40 PM,Arizona Diamondbacks,San Francisco Giants,run_line,home,1.5,home_run_line,-192.0,0.6890790207529655,0.0479743440618019,0.0921107405986595,0,825086,1,final,2026-08-30T13:46:52.825323+00:00,5,3,8,1.5,-1.5,8.5,Win
00aa355eed768f248a9d925736ced07e,baseball,mlb,2026_05_19,09:40 PM,Arizona Diamondbacks,San Francisco Giants,total,under,8.5,under_total,-101.0,0.7558416422160268,0.5041997038160533,0.5092417008542138,0,825086,1,final,2026-08-30T13:46:52.825323+00:00,5,3,8,1.5,-1.5,8.5,Win
00aa355eed768f248a9d925736ced07e,baseball,mlb,2026_05_19,09:40 PM,Arizona Diamondbacks,San Francisco Giants,moneyline,away,,away_moneyline,104.0,0.544566328842167,0.1109153108380207,0.1066493373442507,0,825086,1,final,2026-08-30T13:46:52.825323+00:00,5,3,8,1.5,-1.5,8.5,Loss
0df79000a907b712204a8a3cf32bd442,baseball,mlb,2026_05_19,08:40 PM,Colorado Rockies,Texas Rangers,run_line,away,-1.5,away_run_line,119.0,0.4582255229923033,0.0035138953531441,0.0029528532379363,0,824356,1,final,2026-08-30T13:46:52.825323+00:00,0,10,10,1.5,-1.5,10.5,Win
0df79000a907b712204a8a3cf32bd442,baseball,mlb,2026_05_19,08:40 PM,Colorado Rockies,Texas Rangers,total,under,10.5,under_total,-105.0,0.8705718775712914,0.6996879514487118,0.7346723490211474,0,824356,1,final,2026-08-30T13:46:52.825323+00:00,0,10,10,1.5,-1.5,10.5,Win
0df79000a907b712204a8a3cf32bd442,baseball,mlb,2026_05_19,08:40 PM,Colorado Rockies,Texas Rangers,moneyline,away,,away_moneyline,-131.0,0.7022167619906228,0.2382600917544568,0.3121207201983384,0,824356,1,final,2026-08-30T13:46:52.825323+00:00,0,10,10,1.5,-1.5,10.5,Win
17b57496d4b06d4d4ecabf5046cb5e37,baseball,mlb,2026_05_19,09:40 PM,Seattle Mariners,Chicago White Sox,run_line,home,-1.5,home_run_line,141.0,0.4951828670329142,0.1933907095493232,0.1371565315952647,0,823136,1,final,2026-08-30T13:46:52.825323+00:00,1,2,3,-1.5,1.5,7.5,Loss
17b57496d4b06d4d4ecabf5046cb5e37,baseball,mlb,2026_05_19,09:40 PM,Seattle Mariners,Chicago White Sox,total,over,7.5,over_total,-109.0,0.6485554246119941,0.2435604013202456,0.2654808374390677,0,823136,1,final,2026-08-30T13:46:52.825323+00:00,1,2,3,-1.5,1.5,7.5,Loss
17b57496d4b06d4d4ecabf5046cb5e37,baseball,mlb,2026_05_19,09:40 PM,Seattle Mariners,Chicago White Sox,moneyline,home,,home_moneyline,-156.0,0.7175375195658226,0.1774974680054524,0.2768960500885057,0,823136,1,final,2026-08-30T13:46:52.825323+00:00,1,2,3,-1.5,1.5,7.5,Loss
36672faae36a4b8104686a4a2068f311,baseball,mlb,2026_05_19,09:38 PM,Los Angeles Angels,Athletics,run_line,away,1.5,away_run_line,-185.0,0.9119749258414768,0.404934345215248,0.7491285386482088,0,,,final,2026-08-30T13:46:52.825323+00:00,6,14,20,,,,Win
36672faae36a4b8104686a4a2068f311,baseball,mlb,2026_05_19,09:38 PM,Los Angeles Angels,Athletics,total,under,9.0,under_total,-105.0,0.7446030614755508,0.5516033027228445,0.6420066913598763,0,,,final,2026-08-30T13:46:52.825323+00:00,6,14,20,,,,Loss
36672faae36a4b8104686a4a2068f311,baseball,mlb,2026_05_19,09:38 PM,Los Angeles Angels,Athletics,moneyline,away,,away_moneyline,108.0,0.8069977458299806,0.6785553113263598,0.6282919549318146,0,,,final,2026-08-30T13:46:52.825323+00:00,6,14,20,,,,Win
54706a0490ebce80c512adf788e6b1d2,baseball,mlb,2026_05_19,06:40 PM,Philadelphia Phillies,Cincinnati Reds,run_line,away,1.5,away_run_line,-172.0,0.7614976580229714,0.2042288545479549,0.3512736298224824,0,823464,1,final,2026-08-30T13:46:52.825323+00:00,1,4,5,-1.5,1.5,8.5,Win
54706a0490ebce80c512adf788e6b1d2,baseball,mlb,2026_05_19,06:40 PM,Philadelphia Phillies,Cincinnati Reds,total,under,8.5,under_total,-105.0,0.6964814146220448,0.3597970475954208,0.3777868999751919,0,823464,1,final,2026-08-30T13:46:52.825323+00:00,1,4,5,-1.5,1.5,8.5,Win
54706a0490ebce80c512adf788e6b1d2,baseball,mlb,2026_05_19,06:40 PM,Philadelphia Phillies,Cincinnati Reds,moneyline,away,,away_moneyline,119.0,0.5645589855743794,0.236384178407891,0.1986421667293201,0,823464,1,final,2026-08-30T13:46:52.825323+00:00,1,4,5,-1.5,1.5,8.5,Win
71b59fe2207f3970c30c5dacc7d3956d,baseball,mlb,2026_05_19,07:05 PM,New York Yankees,Toronto Blue Jays,total,over,9.0,over_total,-101.0,0.7471615281716382,0.576862465932987,0.6402096576075295,0,823548,1,final,2026-08-30T13:46:52.825323+00:00,5,4,9,-1.5,1.5,9.0,Push
97bf3716f67af1bbeb31d15893f46ec1,baseball,mlb,2026_05_19,07:40 PM,Minnesota Twins,Houston Astros,run_line,home,-1.5,home_run_line,144.0,0.4870650197427761,0.1884386481723736,0.1308601723419262,0,823704,1,final,2026-08-30T13:46:52.825323+00:00,1,2,3,-1.5,1.5,8.5,Loss
97bf3716f67af1bbeb31d15893f46ec1,baseball,mlb,2026_05_19,07:40 PM,Minnesota Twins,Houston Astros,total,over,8.5,over_total,-106.0,0.6209632572228154,0.2067776508292451,0.2191843098789998,0,823704,1,final,2026-08-30T13:46:52.825323+00:00,1,2,3,-1.5,1.5,8.5,Loss
97bf3716f67af1bbeb31d15893f46ec1,baseball,mlb,2026_05_19,07:40 PM,Minnesota Twins,Houston Astros,moneyline,home,,home_moneyline,-142.0,0.6991725239244767,0.1915475407726996,0.2719975078972336,0,823704,1,final,2026-08-30T13:46:52.825323+00:00,1,2,3,-1.5,1.5,8.5,Loss
9ba5958467f2222cf1204d56f898ed51,baseball,mlb,2026_05_19,07:30 PM,Washington Nationals,New York Mets,run_line,away,-1.5,away_run_line,108.0,0.6223016521881471,0.2943874365513461,0.2725809597697649,0,822736,1,final,2026-08-30T13:46:52.825323+00:00,9,6,15,1.5,-1.5,9.0,Loss
9ba5958467f2222cf1204d56f898ed51,baseball,mlb,2026_05_19,07:30 PM,Washington Nationals,New York Mets,total,under,9.0,under_total,-105.0,0.5753996615079591,0.2492645065721687,0.299413456770227,0,822736,1,final,2026-08-30T13:46:52.825323+00:00,9,6,15,1.5,-1.5,9.0,Loss
9ba5958467f2222cf1204d56f898ed51,baseball,mlb,2026_05_19,07:30 PM,Washington Nationals,New York Mets,moneyline,away,,away_moneyline,-149.0,0.8344089076214154,0.3944148858908216,0.5876781799773243,0,822736,1,final,2026-08-30T13:46:52.825323+00:00,9,6,15,1.5,-1.5,9.0,Loss
9dc0d5b7cb72b6692039e5b9a98b9c02,baseball,mlb,2026_05_19,07:45 PM,St Louis Cardinals,Pittsburgh Pirates,run_line,home,1.5,home_run_line,-181.0,0.7045758858631455,0.0938443310914025,0.1698582392754386,0,,,final,2026-08-30T13:46:52.825323+00:00,9,6,15,,,,Win
9dc0d5b7cb72b6692039e5b9a98b9c02,baseball,mlb,2026_05_19,07:45 PM,St Louis Cardinals,Pittsburgh Pirates,total,over,8.0,over_total,-113.0,0.5997143455347637,0.2549056368558413,0.3289933839214885,0,,,final,2026-08-30T13:46:52.825323+00:00,9,6,15,,,,Win
a1ca821baa20137a228b1dff8e70c21d,baseball,mlb,2026_05_19,07:40 PM,Chicago Cubs,Milwaukee Brewers,total,under,8.0,under_total,-108.0,0.8241461947557478,0.6674243367124518,0.7836512986042369,0,824677,1,final,2026-08-30T13:46:52.825323+00:00,2,5,7,1.5,-1.5,8.0,Win
a1ca821baa20137a228b1dff8e70c21d,baseball,mlb,2026_05_19,07:40 PM,Chicago Cubs,Milwaukee Brewers,moneyline,away,,away_moneyline,-117.0,0.7034983736173424,0.304779034828746,0.3565914707496329,0,824677,1,final,2026-08-30T13:46:52.825323+00:00,2,5,7,1.5,-1.5,8.0,Win
ae09768ff9ace4d90b4d8b78be0ac325,baseball,mlb,2026_05_19,04:10 PM,Miami Marlins,Atlanta Braves,run_line,home,1.5,home_run_line,-135.0,0.8022061416972734,0.3964329133248834,0.5351844329885926,0,823865,1,final,2026-08-30T13:46:52.825323+00:00,4,8,12,1.5,-1.5,8.5,Loss
ae09768ff9ace4d90b4d8b78be0ac325,baseball,mlb,2026_05_19,04:10 PM,Miami Marlins,Atlanta Braves,total,under,8.5,under_total,-116.0,0.7259608815601952,0.3517892277327771,0.4080755041700216,0,823865,1,final,2026-08-30T13:46:52.825323+00:00,4,8,12,1.5,-1.5,8.5,Loss
ae09768ff9ace4d90b4d8b78be0ac325,baseball,mlb,2026_05_19,04:10 PM,Miami Marlins,Atlanta Braves,moneyline,home,,home_moneyline,119.0,0.621990256413222,0.3621586615449561,0.3043350097016439,0,823865,1,final,2026-08-30T13:46:52.825323+00:00,4,8,12,1.5,-1.5,8.5,Loss
c974a8cecb0d3237e2c78f1920c5eaf3,baseball,mlb,2026_05_19,06:40 PM,Tampa Bay Rays,Baltimore Orioles,run_line,home,1.5,home_run_line,-200.0,0.8829107575842479,0.3243661363763719,0.6487322727527436,0,822979,1,final,2026-08-30T13:46:52.825323+00:00,4,1,5,1.5,-1.5,7.5,Win
c974a8cecb0d3237e2c78f1920c5eaf3,baseball,mlb,2026_05_19,06:40 PM,Tampa Bay Rays,Baltimore Orioles,total,under,7.5,under_total,-112.0,0.821166590992283,0.5543510472353927,0.62087317290364,0,822979,1,final,2026-08-30T13:46:52.825323+00:00,4,1,5,1.5,-1.5,7.5,Win
c974a8cecb0d3237e2c78f1920c5eaf3,baseball,mlb,2026_05_19,06:40 PM,Tampa Bay Rays,Baltimore Orioles,moneyline,home,,home_moneyline,-125.0,0.7281195858473329,0.3106152545251992,0.3882690681564991,0,822979,1,final,2026-08-30T13:46:52.825323+00:00,4,1,5,1.5,-1.5,7.5,Win
d66cf630e36e9449d187a5ac8311303c,baseball,mlb,2026_05_19,09:40 PM,San Diego Padres,Los Angeles Dodgers,run_line,home,1.5,home_run_line,-126.0,0.8964759129853128,0.607964732814926,0.7660355633468069,0,823302,1,final,2026-08-30T13:46:52.825323+00:00,4,5,9,1.5,-1.5,8.5,Win
d66cf630e36e9449d187a5ac8311303c,baseball,mlb,2026_05_19,09:40 PM,San Diego Padres,Los Angeles Dodgers,moneyline,home,,home_moneyline,135.0,0.7956296335929297,0.8697296389433848,0.6442441769951,0,823302,1,final,2026-08-30T13:46:52.825323+00:00,4,5,9,1.5,-1.5,8.5,Loss
d830cdcc631105b0bba70245ff339e90,baseball,mlb,2026_05_19,06:40 PM,Detroit Tigers,Cleveland Guardians,run_line,home,1.5,home_run_line,-166.0,0.6388767964228416,0.0237423364366013,0.0394122784847585,0,824276,1,final,2026-08-30T13:46:52.825323+00:00,3,4,7,1.5,-1.5,8.0,Win
d830cdcc631105b0bba70245ff339e90,baseball,mlb,2026_05_19,06:40 PM,Detroit Tigers,Cleveland Guardians,total,over,8.0,over_total,-107.0,0.533182440441354,0.1644331053143612,0.2029217281920545,0,824276,1,final,2026-08-30T13:46:52.825323+00:00,3,4,7,1.5,-1.5,8.0,Loss
d830cdcc631105b0bba70245ff339e90,baseball,mlb,2026_05_19,06:40 PM,Detroit Tigers,Cleveland Guardians,moneyline,away,,away_moneyline,-126.0,0.5707250218490889,0.0236813883959847,0.0298385493789408,0,824276,1,final,2026-08-30T13:46:52.825323+00:00,3,4,7,1.5,-1.5,8.0,Win
ec5b231b8737543f956f9575bc81de01,baseball,mlb,2026_05_19,07:40 PM,Kansas City Royals,Boston Red Sox,run_line,home,1.5,home_run_line,-163.0,0.8940198919145965,0.4424983532118949,0.7212723157353889,0,824112,1,final,2026-08-30T13:46:52.825323+00:00,1,7,8,1.5,-1.5,8.0,Loss
ec5b231b8737543f956f9575bc81de01,baseball,mlb,2026_05_19,07:40 PM,Kansas City Royals,Boston Red Sox,total,over,8.0,over_total,-105.0,0.482565015104653,0.0793122411031195,0.0965161532550105,0,824112,1,final,2026-08-30T13:46:52.825323+00:00,1,7,8,1.5,-1.5,8.0,Push
ec5b231b8737543f956f9575bc81de01,baseball,mlb,2026_05_19,07:40 PM,Kansas City Royals,Boston Red Sox,moneyline,home,,home_moneyline,108.0,0.7916561482175295,0.6466447882924613,0.5987451743448716,0,824112,1,final,2026-08-30T13:46:52.825323+00:00,1,7,8,1.5,-1.5,8.0,Loss
005a4910f335d19816293b6d19644bd0,baseball,mlb,2026_05_20,07:40 PM,Kansas City Royals,Boston Red Sox,run_line,home,1.5,home_run_line,-196.0,0.7337506749192396,0.1081132641637496,0.2119019977609491,0,824111,1,final,2026-08-30T13:46:52.825323+00:00,3,4,7,1.5,-1.5,8.0,Win
005a4910f335d19816293b6d19644bd0,baseball,mlb,2026_05_20,07:40 PM,Kansas City Royals,Boston Red Sox,total,over,8.0,over_total,-107.0,0.6964871309287833,0.4538420630188469,0.5434518848528087,0,824111,1,final,2026-08-30T13:46:52.825323+00:00,3,4,7,1.5,-1.5,8.0,Loss
005a4910f335d19816293b6d19644bd0,baseball,mlb,2026_05_20,07:40 PM,Kansas City Royals,Boston Red Sox,moneyline,home,,home_moneyline,-120.0,0.5664460600311478,0.0384844433904376,0.0461813320685252,0,824111,1,final,2026-08-30T13:46:52.825323+00:00,3,4,7,1.5,-1.5,8.0,Loss
0d1fe29e67867b51d29c32056784a512,baseball,mlb,2026_05_20,03:40 PM,Arizona Diamondbacks,San Francisco Giants,run_line,home,-1.5,home_run_line,152.0,0.4584706071287125,0.1553459299643556,0.1022012697133918,0,825084,1,final,2026-08-30T13:46:52.825323+00:00,6,3,9,-1.5,1.5,9.0,Win
0d1fe29e67867b51d29c32056784a512,baseball,mlb,2026_05_20,03:40 PM,Arizona Diamondbacks,San Francisco Giants,total,over,9.0,over_total,-103.0,0.4681379944463539,0.053132860608389,0.0629400118709153,0,825084,1,final,2026-08-30T13:46:52.825323+00:00,6,3,9,-1.5,1.5,9.0,Push
0d1fe29e67867b51d29c32056784a512,baseball,mlb,2026_05_20,03:40 PM,Arizona Diamondbacks,San Francisco Giants,moneyline,home,,home_moneyline,-135.0,0.6724585875444549,0.1705760597996066,0.2302776807294689,0,825084,1,final,2026-08-30T13:46:52.825323+00:00,6,3,9,-1.5,1.5,9.0,Win
2d368724e0c14ae2d63c7f7016e17330,baseball,mlb,2026_05_20,06:45 PM,Washington Nationals,New York Mets,run_line,home,1.5,home_run_line,-149.0,0.761552805708826,0.2726620712852192,0.4062664862149767,0,822735,1,final,2026-08-30T13:46:52.825323+00:00,8,4,12,1.5,-1.5,9.5,Win
2d368724e0c14ae2d63c7f7016e17330,baseball,mlb,2026_05_20,06:45 PM,Washington Nationals,New York Mets,total,under,9.5,under_total,-107.0,0.8241952743703314,0.5944712317257816,0.6360842179465861,0,822735,1,final,2026-08-30T13:46:52.825323+00:00,8,4,12,1.5,-1.5,9.5,Loss
2d368724e0c14ae2d63c7f7016e17330,baseball,mlb,2026_05_20,06:45 PM,Washington Nationals,New York Mets,moneyline,home,,home_moneyline,104.0,0.5612483973354181,0.1449467305642529,0.1393718563117816,0,822735,1,final,2026-08-30T13:46:52.825323+00:00,8,4,12,1.5,-1.5,9.5,Win
359cc9aec9f8a43ddd53ba06ce331765,baseball,mlb,2026_05_20,09:38 PM,Los Angeles Angels,Athletics,run_line,away,-1.5,away_run_line,125.0,0.6095379862791547,0.371460469128098,0.2971683753024784,0,,,final,2026-08-30T13:46:52.825323+00:00,5,6,11,,,,Loss
359cc9aec9f8a43ddd53ba06ce331765,baseball,mlb,2026_05_20,09:38 PM,Los Angeles Angels,Athletics,total,under,9.5,under_total,-113.0,0.6559010147508489,0.2363443906365556,0.267069161419308,0,,,final,2026-08-30T13:46:52.825323+00:00,5,6,11,,,,Loss
359cc9aec9f8a43ddd53ba06ce331765,baseball,mlb,2026_05_20,09:38 PM,Los Angeles Angels,Athletics,moneyline,away,,away_moneyline,-125.0,0.820511926778556,0.4769214682014009,0.596151835251751,0,,,final,2026-08-30T13:46:52.825323+00:00,5,6,11,,,,Win
3846930337f62766087b0490c958713e,baseball,mlb,2026_05_20,03:10 PM,Colorado Rockies,Texas Rangers,run_line,home,1.5,home_run_line,-135.0,0.6362704588309747,0.1075819098168817,0.1452355782527904,0,824355,1,final,2026-08-30T13:46:52.825323+00:00,4,5,9,1.5,-1.5,10.5,Win
44f850d55bfab7238e84fbd1b0e4c76f,baseball,mlb,2026_05_20,01:05 PM,Philadelphia Phillies,Cincinnati Reds,run_line,away,1.5,away_run_line,-163.0,0.6696751116074324,0.0805187383604584,0.1312455435275473,0,823462,1,final,2026-08-30T13:46:52.825323+00:00,4,9,13,-1.5,1.5,10.0,Win
44f850d55bfab7238e84fbd1b0e4c76f,baseball,mlb,2026_05_20,01:05 PM,Philadelphia Phillies,Cincinnati Reds,total,under,10.0,under_total,-107.0,0.6819414235880907,0.4249883493493664,0.5084948419382612,0,823462,1,final,2026-08-30T13:46:52.825323+00:00,4,9,13,-1.5,1.5,10.0,Loss
44f850d55bfab7238e84fbd1b0e4c76f,baseball,mlb,2026_05_20,01:05 PM,Philadelphia Phillies,Cincinnati Reds,moneyline,away,,away_moneyline,119.0,0.4576314787125354,0.0022129383804525,0.0018596120844139,0,823462,1,final,2026-08-30T13:46:52.825323+00:00,4,9,13,-1.5,1.5,10.0,Win
7a000dccd00ad40a268d4d9160f1e0d3,baseball,mlb,2026_05_20,07:40 PM,Chicago Cubs,Milwaukee Brewers,total,over,6.5,over_total,-109.0,0.6919665066158461,0.3267981640615766,0.3562099988271185,0,824678,1,final,2026-08-30T13:46:52.825323+00:00,0,5,5,1.5,-1.5,6.5,Loss
7a000dccd00ad40a268d4d9160f1e0d3,baseball,mlb,2026_05_20,07:40 PM,Chicago Cubs,Milwaukee Brewers,moneyline,away,,away_moneyline,-103.0,0.5694365429824116,0.1222875555866949,0.1259561822542956,0,824678,1,final,2026-08-30T13:46:52.825323+00:00,0,5,5,1.5,-1.5,6.5,Win
7da6a18b316119afbe4c2a58d5c2cbce,baseball,mlb,2026_05_20,01:10 PM,Tampa Bay Rays,Baltimore Orioles,run_line,home,-1.5,home_run_line,158.0,0.6185026129508572,0.5957367414132115,0.3770485705146908,0,822977,1,final,2026-08-30T13:46:52.825323+00:00,5,3,8,-1.5,1.5,8.5,Win
7da6a18b316119afbe4c2a58d5c2cbce,baseball,mlb,2026_05_20,01:10 PM,Tampa Bay Rays,Baltimore Orioles,total,over,8.5,over_total,-105.0,0.8649721998808179,0.6887552473863586,0.7231930097556766,0,822977,1,final,2026-08-30T13:46:52.825323+00:00,5,3,8,-1.5,1.5,8.5,Loss
7da6a18b316119afbe4c2a58d5c2cbce,baseball,mlb,2026_05_20,01:10 PM,Tampa Bay Rays,Baltimore Orioles,moneyline,home,,home_moneyline,-131.0,0.7934375008847757,0.3991149824762072,0.5228406270438318,0,822977,1,final,2026-08-30T13:46:52.825323+00:00,5,3,8,-1.5,1.5,8.5,Win
831c912e2cd0016f96881ac551738e6e,baseball,mlb,2026_05_20,01:40 PM,Minnesota Twins,Houston Astros,run_line,away,1.5,away_run_line,-163.0,0.7228890164640758,0.1663792106138155,0.2711981133005192,0,823703,1,final,2026-08-30T13:46:52.825323+00:00,4,1,5,-1.5,1.5,8.0,Loss
831c912e2cd0016f96881ac551738e6e,baseball,mlb,2026_05_20,01:40 PM,Minnesota Twins,Houston Astros,total,over,8.0,over_total,-109.0,0.5083165014099067,0.1099290966976059,0.138566170715904,0,823703,1,final,2026-08-30T13:46:52.825323+00:00,4,1,5,-1.5,1.5,8.0,Loss
831c912e2cd0016f96881ac551738e6e,baseball,mlb,2026_05_20,01:40 PM,Minnesota Twins,Houston Astros,moneyline,away,,away_moneyline,127.0,0.5336459274201274,0.2113762552436893,0.1664379962548733,0,823703,1,final,2026-08-30T13:46:52.825323+00:00,4,1,5,-1.5,1.5,8.0,Loss
9090dcea2ce4abd32e09245a44d713d7,baseball,mlb,2026_05_20,07:45 PM,St Louis Cardinals,Pittsburgh Pirates,run_line,home,1.5,home_run_line,-192.0,0.742668584007199,0.1294751381776155,0.2485922653010215,0,,,final,2026-08-30T13:46:52.825323+00:00,0,7,7,,,,Loss
9090dcea2ce4abd32e09245a44d713d7,baseball,mlb,2026_05_20,07:45 PM,St Louis Cardinals,Pittsburgh Pirates,total,under,7.5,under_total,-102.0,0.5597459171825643,0.1085164242242937,0.1106867527087796,0,,,final,2026-08-30T13:46:52.825323+00:00,0,7,7,,,,Win
b0078538407a959dc03f5469df863662,baseball,mlb,2026_05_20,04:10 PM,Seattle Mariners,Chicago White Sox,run_line,away,1.5,away_run_line,-166.0,0.6736664830144705,0.0794896655533081,0.1319528448184915,0,823134,1,final,2026-08-30T13:46:52.825323+00:00,5,4,9,-1.5,1.5,7.5,Win
b0078538407a959dc03f5469df863662,baseball,mlb,2026_05_20,04:10 PM,Seattle Mariners,Chicago White Sox,total,over,7.5,over_total,-105.0,0.5802920219410135,0.1329510904562643,0.1395986449790776,0,823134,1,final,2026-08-30T13:46:52.825323+00:00,5,4,9,-1.5,1.5,7.5,Win
b0078538407a959dc03f5469df863662,baseball,mlb,2026_05_20,04:10 PM,Seattle Mariners,Chicago White Sox,moneyline,away,,away_moneyline,129.0,0.462142653115315,0.0583066756340713,0.0451989733597452,0,823134,1,final,2026-08-30T13:46:52.825323+00:00,5,4,9,-1.5,1.5,7.5,Loss
ce352adc7aae36822a5575bb25b54ff8,baseball,mlb,2026_05_20,06:40 PM,Miami Marlins,Atlanta Braves,run_line,away,-1.5,away_run_line,-108.0,0.5199840241842832,0.0014507132438048,0.0015667703033091,0,823866,1,final,2026-08-30T13:46:52.825323+00:00,1,9,10,1.5,-1.5,7.5,Win
ce352adc7aae36822a5575bb25b54ff8,baseball,mlb,2026_05_20,06:40 PM,Miami Marlins,Atlanta Braves,total,over,7.5,over_total,-103.0,0.7288169685772338,0.4364062584580433,0.4494984462117846,0,823866,1,final,2026-08-30T13:46:52.825323+00:00,1,9,10,1.5,-1.5,7.5,Win
ce352adc7aae36822a5575bb25b54ff8,baseball,mlb,2026_05_20,06:40 PM,Miami Marlins,Atlanta Braves,moneyline,away,,away_moneyline,-204.0,0.7323232978464242,0.0913053065946714,0.1862628254531297,0,823866,1,final,2026-08-30T13:46:52.825323+00:00,1,9,10,1.5,-1.5,7.5,Win
e4390656e1c8d9fd196a4745760cdf05,baseball,mlb,2026_05_20,09:10 PM,New York Yankees,Toronto Blue Jays,run_line,home,-1.5,home_run_line,124.0,0.4552312753216321,0.019718056720456,0.015901658645529,0,823547,1,final,2026-08-30T13:46:52.825323+00:00,1,2,3,-1.5,1.5,8.0,Loss
e4390656e1c8d9fd196a4745760cdf05,baseball,mlb,2026_05_20,09:10 PM,New York Yankees,Toronto Blue Jays,total,over,8.0,over_total,-112.0,0.4901126990404429,0.0643738001665559,0.0835113582366497,0,823547,1,final,2026-08-30T13:46:52.825323+00:00,1,2,3,-1.5,1.5,8.0,Loss
e4390656e1c8d9fd196a4745760cdf05,baseball,mlb,2026_05_20,09:10 PM,New York Yankees,Toronto Blue Jays,moneyline,home,,home_moneyline,-175.0,0.6800786259400583,0.0686949836200916,0.1202162213351602,0,823547,1,final,2026-08-30T13:46:52.825323+00:00,1,2,3,-1.5,1.5,8.0,Loss
eb71b24bcac6134977abdc1add17dd0a,baseball,mlb,2026_05_20,08:40 PM,San Diego Padres,Los Angeles Dodgers,run_line,home,1.5,home_run_line,-126.0,0.5776791138890109,0.0361546011025115,0.0455547973891646,0,823299,1,final,2026-08-30T13:46:52.825323+00:00,0,4,4,1.5,-1.5,7.5,Loss
eb71b24bcac6134977abdc1add17dd0a,baseball,mlb,2026_05_20,08:40 PM,San Diego Padres,Los Angeles Dodgers,total,under,7.5,under_total,-119.0,0.5450083714500451,0.0029985995593267,0.0035683334755988,0,823299,1,final,2026-08-30T13:46:52.825323+00:00,0,4,4,1.5,-1.5,7.5,Win
eb71b24bcac6134977abdc1add17dd0a,baseball,mlb,2026_05_20,08:40 PM,San Diego Padres,Los Angeles Dodgers,moneyline,away,,away_moneyline,-175.0,0.6654700744170409,0.0457386883696355,0.0800427046468623,0,823299,1,final,2026-08-30T13:46:52.825323+00:00,0,4,4,1.5,-1.5,7.5,Win
427339d860a9d7bf7b2075fa02850c56,baseball,mlb,2026_05_21,01:10 PM,Detroit Tigers,Cleveland Guardians,total,over,7.0,over_total,-126.0,0.5946643065470917,0.1993763219497004,0.2896696066922689,0,824274,1,final,2026-08-30T13:46:52.825323+00:00,1,3,4,1.5,-1.5,7.0,Loss
427339d860a9d7bf7b2075fa02850c56,baseball,mlb,2026_05_21,01:10 PM,Detroit Tigers,Cleveland Guardians,moneyline,away,,away_moneyline,-103.0,0.5649474753350253,0.11344016983505,0.1168433749301014,0,824274,1,final,2026-08-30T13:46:52.825323+00:00,1,3,4,1.5,-1.5,7.0,Win
6297516eb97ef4842f3fc5b36d64adb2,baseball,mlb,2026_05_21,01:15 PM,St Louis Cardinals,Pittsburgh Pirates,run_line,away,-1.5,away_run_line,134.0,0.6429640722617905,0.5045359290925897,0.3765193500690968,0,,,final,2026-08-30T13:46:52.825323+00:00,2,6,8,,,,Win
6297516eb97ef4842f3fc5b36d64adb2,baseball,mlb,2026_05_21,01:15 PM,St Louis Cardinals,Pittsburgh Pirates,total,over,7.5,over_total,-117.0,0.5657133019246834,0.0492289445953529,0.0575978651765629,0,,,final,2026-08-30T13:46:52.825323+00:00,2,6,8,,,,Win
6297516eb97ef4842f3fc5b36d64adb2,baseball,mlb,2026_05_21,01:15 PM,St Louis Cardinals,Pittsburgh Pirates,moneyline,away,,away_moneyline,-126.0,0.8492645791998078,0.5232840865012425,0.6593379489915656,0,,,final,2026-08-30T13:46:52.825323+00:00,2,6,8,,,,Win
6a7d1b1febdcfcc35087e32a118d0e3e,baseball,mlb,2026_05_21,04:05 PM,Washington Nationals,New York Mets,run_line,away,-1.5,away_run_line,141.0,0.5259657902497067,0.2675775545017931,0.1897713152494987,0,822733,1,final,2026-08-30T13:46:52.825323+00:00,1,2,3,1.5,-1.5,8.5,Loss
6a7d1b1febdcfcc35087e32a118d0e3e,baseball,mlb,2026_05_21,04:05 PM,Washington Nationals,New York Mets,moneyline,away,,away_moneyline,-114.0,0.7479929291366711,0.4041270775021721,0.4607048683524763,0,822733,1,final,2026-08-30T13:46:52.825323+00:00,1,2,3,1.5,-1.5,8.5,Win
ad313997692fb82ede49e0b3e0c17525,baseball,mlb,2026_05_21,09:38 PM,Los Angeles Angels,Athletics,run_line,home,1.5,home_run_line,-172.0,0.7147835505827858,0.1303553823169636,0.2242112575851774,0,,,final,2026-08-30T13:46:52.825323+00:00,2,3,5,,,,Win
ad313997692fb82ede49e0b3e0c17525,baseball,mlb,2026_05_21,09:38 PM,Los Angeles Angels,Athletics,total,under,8.0,under_total,-102.0,0.4368315519836357,0.0045672483482173,0.0054136293216548,0,,,final,2026-08-30T13:46:52.825323+00:00,2,3,5,,,,Win
cce976ea22886df248e92176cb5f8f26,baseball,mlb,2026_05_21,07:05 PM,New York Yankees,Toronto Blue Jays,run_line,home,-1.5,home_run_line,129.0,0.4458016736327002,0.0208858326188834,0.016190567921615,0,823545,1,final,2026-08-30T13:46:52.825323+00:00,0,2,2,-1.5,1.5,8.0,Loss
cce976ea22886df248e92176cb5f8f26,baseball,mlb,2026_05_21,07:05 PM,New York Yankees,Toronto Blue Jays,moneyline,home,,home_moneyline,-175.0,0.6764887447849919,0.0630537418049872,0.1103440481587276,0,823545,1,final,2026-08-30T13:46:52.825323+00:00,0,2,2,-1.5,1.5,8.0,Loss
fa85c6e14d2b480b97a6f0004286ec0b,baseball,mlb,2026_05_21,06:40 PM,Miami Marlins,Atlanta Braves,run_line,home,1.5,home_run_line,-144.0,0.6292757641041735,0.0662728225098494,0.0954328644141833,0,823864,1,final,2026-08-30T13:46:52.825323+00:00,3,9,12,1.5,-1.5,7.5,Loss
fa85c6e14d2b480b97a6f0004286ec0b,baseball,mlb,2026_05_21,06:40 PM,Miami Marlins,Atlanta Braves,total,over,7.5,over_total,-113.0,0.7706666225037607,0.4526724831265575,0.5115199059330104,0,823864,1,final,2026-08-30T13:46:52.825323+00:00,3,9,12,1.5,-1.5,7.5,Win
0fec3ff922e35049f5bbc3e899ce1cef,baseball,mlb,2026_05_22,07:40 PM,Milwaukee Brewers,Los Angeles Dodgers,run_line,home,1.5,home_run_line,-178.0,0.6468623379754372,0.0102681458268065,0.0182772995717156,0,823788,1,final,2026-08-30T13:46:52.825323+00:00,5,1,6,1.5,-1.5,8.5,Win
0fec3ff922e35049f5bbc3e899ce1cef,baseball,mlb,2026_05_22,07:40 PM,Milwaukee Brewers,Los Angeles Dodgers,total,over,8.5,over_total,-105.0,0.5590646501173709,0.0915071740386766,0.0960825327406104,0,823788,1,final,2026-08-30T13:46:52.825323+00:00,5,1,6,1.5,-1.5,8.5,Loss
0fec3ff922e35049f5bbc3e899ce1cef,baseball,mlb,2026_05_22,07:40 PM,Milwaukee Brewers,Los Angeles Dodgers,moneyline,away,,away_moneyline,-109.0,0.5584374686959421,0.0707654216279991,0.077134309574519,0,823788,1,final,2026-08-30T13:46:52.825323+00:00,5,1,6,1.5,-1.5,8.5,Loss
30849d75479678c5245fbaa4ea9919ec,baseball,mlb,2026_05_22,09:40 PM,San Diego Padres,Athletics,run_line,away,1.5,away_run_line,-192.0,0.7980546813342784,0.2137081611958819,0.4103196694960931,0,,,final,2026-08-30T13:46:52.825323+00:00,7,3,10,,,,Loss
30849d75479678c5245fbaa4ea9919ec,baseball,mlb,2026_05_22,09:40 PM,San Diego Padres,Athletics,total,under,8.0,under_total,-109.0,0.467304035871866,0.0355181349377649,0.0449907415861084,0,,,final,2026-08-30T13:46:52.825323+00:00,7,3,10,,,,Loss
30849d75479678c5245fbaa4ea9919ec,baseball,mlb,2026_05_22,09:40 PM,San Diego Padres,Athletics,moneyline,away,,away_moneyline,108.0,0.6295224789869464,0.3094067562928484,0.2864877373081929,0,,,final,2026-08-30T13:46:52.825323+00:00,7,3,10,,,,Loss
35a7408a1687fdea6b7052d86f74cdb5,baseball,mlb,2026_05_22,09:38 PM,Los Angeles Angels,Texas Rangers,run_line,away,-1.5,away_run_line,106.0,0.4964497883668359,0.0226865640356819,0.0214024189015868,0,824029,1,final,2026-08-30T13:46:52.825323+00:00,9,6,15,1.5,-1.5,7.5,Loss
35a7408a1687fdea6b7052d86f74cdb5,baseball,mlb,2026_05_22,09:38 PM,Los Angeles Angels,Texas Rangers,total,over,7.5,over_total,-116.0,0.6832424759301747,0.272244610352739,0.3158037480091773,0,824029,1,final,2026-08-30T13:46:52.825323+00:00,9,6,15,1.5,-1.5,7.5,Win
35a7408a1687fdea6b7052d86f74cdb5,baseball,mlb,2026_05_22,09:38 PM,Los Angeles Angels,Texas Rangers,moneyline,away,,away_moneyline,-166.0,0.7149767291692287,0.1456856021627399,0.2418380995901483,0,824029,1,final,2026-08-30T13:46:52.825323+00:00,9,6,15,1.5,-1.5,7.5,Loss
668e5f71f74fad13739788e98ce12084,baseball,mlb,2026_05_22,07:15 PM,Baltimore Orioles,Detroit Tigers,run_line,away,1.5,away_run_line,-175.0,0.7290444378353176,0.145641259455499,0.2548722040471233,0,824842,1,final,2026-08-30T13:46:52.825323+00:00,7,4,11,-1.5,1.5,8.5,Loss
668e5f71f74fad13739788e98ce12084,baseball,mlb,2026_05_22,07:15 PM,Baltimore Orioles,Detroit Tigers,total,under,8.5,under_total,-112.0,0.7065273030692596,0.3373552522382413,0.3778378825068303,0,824842,1,final,2026-08-30T13:46:52.825323+00:00,7,4,11,-1.5,1.5,8.5,Loss
668e5f71f74fad13739788e98ce12084,baseball,mlb,2026_05_22,07:15 PM,Baltimore Orioles,Detroit Tigers,moneyline,away,,away_moneyline,118.0,0.5169736609517194,0.1270025808747483,0.1076293058260579,0,824842,1,final,2026-08-30T13:46:52.825323+00:00,7,4,11,-1.5,1.5,8.5,Loss
7298c47d240347dac3ccc27327e2dd9c,baseball,mlb,2026_05_22,07:05 PM,New York Yankees,Tampa Bay Rays,run_line,away,1.5,away_run_line,-166.0,0.785496026803393,0.2586864043957984,0.4294194312970254,0,823546,1,final,2026-08-30T13:46:52.825323+00:00,2,4,6,-1.5,1.5,8.0,Win
7298c47d240347dac3ccc27327e2dd9c,baseball,mlb,2026_05_22,07:05 PM,New York Yankees,Tampa Bay Rays,total,under,8.0,under_total,-114.0,0.553531077250714,0.1742526963393207,0.2296955750955523,0,823546,1,final,2026-08-30T13:46:52.825323+00:00,2,4,6,-1.5,1.5,8.0,Win
7298c47d240347dac3ccc27327e2dd9c,baseball,mlb,2026_05_22,07:05 PM,New York Yankees,Tampa Bay Rays,moneyline,away,,away_moneyline,129.0,0.6011941258144309,0.3767345481150468,0.2920422853605013,0,823546,1,final,2026-08-30T13:46:52.825323+00:00,2,4,6,-1.5,1.5,8.0,Win
7299c6da7b62235dd67f58484e58a33b,baseball,mlb,2026_05_22,07:15 PM,Atlanta Braves,Washington Nationals,run_line,away,1.5,away_run_line,-109.0,0.7375502661144753,0.4142018864029848,0.4514800561792533,0,824922,1,final,2026-08-30T13:46:52.825323+00:00,5,4,9,-1.5,1.5,9.0,Win
7299c6da7b62235dd67f58484e58a33b,baseball,mlb,2026_05_22,07:15 PM,Atlanta Braves,Washington Nationals,total,under,9.0,under_total,-117.0,0.5641156520852868,0.1731799098192272,0.2320739585048156,0,824922,1,final,2026-08-30T13:46:52.825323+00:00,5,4,9,-1.5,1.5,9.0,Push
7299c6da7b62235dd67f58484e58a33b,baseball,mlb,2026_05_22,07:15 PM,Atlanta Braves,Washington Nationals,moneyline,away,,away_moneyline,181.0,0.5461927483796609,0.5348016229468473,0.2954705099153852,0,824922,1,final,2026-08-30T13:46:52.825323+00:00,5,4,9,-1.5,1.5,9.0,Loss
79b579806db1b97214fad9783eef88cd,baseball,mlb,2026_05_22,07:40 PM,Kansas City Royals,Seattle Mariners,run_line,away,-1.5,away_run_line,140.0,0.4228881503813598,0.0149315609152633,0.0106654006537595,0,824110,1,final,2026-08-30T13:46:52.825323+00:00,0,2,2,1.5,-1.5,8.0,Win
79b579806db1b97214fad9783eef88cd,baseball,mlb,2026_05_22,07:40 PM,Kansas City Royals,Seattle Mariners,total,over,8.0,over_total,-112.0,0.5613970149892725,0.192397139233363,0.2476133141533217,0,824110,1,final,2026-08-30T13:46:52.825323+00:00,0,2,2,1.5,-1.5,8.0,Loss
79b579806db1b97214fad9783eef88cd,baseball,mlb,2026_05_22,07:40 PM,Kansas City Royals,Seattle Mariners,moneyline,away,,away_moneyline,-119.0,0.6384238903490361,0.17491455450789,0.2081483198643891,0,824110,1,final,2026-08-30T13:46:52.825323+00:00,0,2,2,1.5,-1.5,8.0,Win
a29760479f428402af00a34cffbc00cf,baseball,mlb,2026_05_22,07:10 PM,Miami Marlins,New York Mets,run_line,away,-1.5,away_run_line,156.0,0.4678971636280928,0.1978167388879175,0.1268056018512292,0,823863,1,final,2026-08-30T13:46:52.825323+00:00,2,1,3,1.5,-1.5,8.0,Loss
a29760479f428402af00a34cffbc00cf,baseball,mlb,2026_05_22,07:10 PM,Miami Marlins,New York Mets,total,over,8.0,over_total,-107.0,0.4674579578665689,0.0423616116624619,0.0525850896847504,0,823863,1,final,2026-08-30T13:46:52.825323+00:00,2,1,3,1.5,-1.5,8.0,Loss
a29760479f428402af00a34cffbc00cf,baseball,mlb,2026_05_22,07:10 PM,Miami Marlins,New York Mets,moneyline,away,,away_moneyline,-105.0,0.6953608526737104,0.3576092837915297,0.3754897479811063,0,823863,1,final,2026-08-30T13:46:52.825323+00:00,2,1,3,1.5,-1.5,8.0,Loss
a5ab3fe9c783f6349643c38556202b88,baseball,mlb,2026_05_22,02:20 PM,Chicago Cubs,Houston Astros,run_line,away,1.5,away_run_line,-185.0,0.7908854370447354,0.2183910786905383,0.4040234955774957,0,824679,1,final,2026-08-30T13:46:52.825323+00:00,2,4,6,-1.5,1.5,7.0,Win
a5ab3fe9c783f6349643c38556202b88,baseball,mlb,2026_05_22,02:20 PM,Chicago Cubs,Houston Astros,total,over,7.0,over_total,-112.0,0.487174477273615,0.0677890247818427,0.088865900775322,0,824679,1,final,2026-08-30T13:46:52.825323+00:00,2,4,6,-1.5,1.5,7.0,Loss
a5ab3fe9c783f6349643c38556202b88,baseball,mlb,2026_05_22,02:20 PM,Chicago Cubs,Houston Astros,moneyline,away,,away_moneyline,119.0,0.6138770192231141,0.3443906720986198,0.289403926133294,0,824679,1,final,2026-08-30T13:46:52.825323+00:00,2,4,6,-1.5,1.5,7.0,Win
b76277870735bb77b65fe5d409036cf6,baseball,mlb,2026_05_22,07:07 PM,Toronto Blue Jays,Pittsburgh Pirates,run_line,home,-1.5,home_run_line,129.0,0.5496203755804789,0.2586306600792967,0.2004888837824006,0,822816,1,final,2026-08-30T13:46:52.825323+00:00,6,2,8,-1.5,1.5,8.0,Win
b76277870735bb77b65fe5d409036cf6,baseball,mlb,2026_05_22,07:07 PM,Toronto Blue Jays,Pittsburgh Pirates,total,over,8.0,over_total,-109.0,0.5984447837077742,0.2721394547585082,0.3388773971056148,0,822816,1,final,2026-08-30T13:46:52.825323+00:00,6,2,8,-1.5,1.5,8.0,Push
b76277870735bb77b65fe5d409036cf6,baseball,mlb,2026_05_22,07:07 PM,Toronto Blue Jays,Pittsburgh Pirates,moneyline,home,,home_moneyline,-166.0,0.7599203906991051,0.2177037585901322,0.3613882392596195,0,822816,1,final,2026-08-30T13:46:52.825323+00:00,6,2,8,-1.5,1.5,8.0,Win
ea533201c1219a43e8c91415af4065b2,baseball,mlb,2026_05_22,06:40 PM,Philadelphia Phillies,Cleveland Guardians,run_line,away,1.5,away_run_line,-153.0,0.6617224551469727,0.0942207918443405,0.1441578115218408,0,823461,1,final,2026-08-30T13:46:52.825323+00:00,0,1,1,-1.5,1.5,6.5,Win
ea533201c1219a43e8c91415af4065b2,baseball,mlb,2026_05_22,06:40 PM,Philadelphia Phillies,Cleveland Guardians,total,over,6.5,over_total,-123.0,0.7348420189049232,0.3322745545999828,0.4086977021579789,0,823461,1,final,2026-08-30T13:46:52.825323+00:00,0,1,1,-1.5,1.5,6.5,Loss
ea533201c1219a43e8c91415af4065b2,baseball,mlb,2026_05_22,06:40 PM,Philadelphia Phillies,Cleveland Guardians,moneyline,away,,away_moneyline,154.0,0.4498790985920614,0.1426929104238359,0.0926577340414518,0,823461,1,final,2026-08-30T13:46:52.825323+00:00,0,1,1,-1.5,1.5,6.5,Win
ed5e4f7c7c0c51b06ffd0fdf93ce8f17,baseball,mlb,2026_05_22,07:10 PM,Boston Red Sox,Minnesota Twins,total,over,7.5,over_total,-111.0,0.6744850053256519,0.2821291542676808,0.3131633612371257,0,824761,1,final,2026-08-30T13:46:52.825323+00:00,6,8,14,-1.5,1.5,7.5,Win
ed5e4f7c7c0c51b06ffd0fdf93ce8f17,baseball,mlb,2026_05_22,07:10 PM,Boston Red Sox,Minnesota Twins,moneyline,home,,home_moneyline,-156.0,0.618196991938464,0.0144771149759408,0.0225842993624678,0,824761,1,final,2026-08-30T13:46:52.825323+00:00,6,8,14,-1.5,1.5,7.5,Loss
188966d9ba86d03383806bac10bc777c,baseball,mlb,2026_05_23,07:15 PM,Cincinnati Reds,St Louis Cardinals,run_line,home,1.5,home_run_line,-163.0,0.7612208481152786,0.2282275034007255,0.3720108305431827,0,,,final,2026-08-30T13:46:52.825323+00:00,7,6,13,,,,Win
188966d9ba86d03383806bac10bc777c,baseball,mlb,2026_05_23,07:15 PM,Cincinnati Reds,St Louis Cardinals,total,under,9.5,under_total,-112.0,0.5798124908259326,0.097502214777658,0.1092024805509769,0,,,final,2026-08-30T13:46:52.825323+00:00,7,6,13,,,,Loss
188966d9ba86d03383806bac10bc777c,baseball,mlb,2026_05_23,07:15 PM,Cincinnati Reds,St Louis Cardinals,moneyline,home,,home_moneyline,-107.0,0.5908958365315437,0.1431349360937341,0.1531543816202955,0,,,final,2026-08-30T13:46:52.825323+00:00,7,6,13,,,,Win
1b110a61227c86ab2f069fb32d6720af,baseball,mlb,2026_05_23,09:40 PM,San Diego Padres,Athletics,run_line,home,1.5,home_run_line,-181.0,0.8023886715932773,0.2456973299321045,0.4447121671771091,0,,,final,2026-08-30T13:46:52.825323+00:00,2,0,2,,,,Win
1b110a61227c86ab2f069fb32d6720af,baseball,mlb,2026_05_23,09:40 PM,San Diego Padres,Athletics,total,under,8.0,under_total,-114.0,0.4674044105451046,0.0169017938030792,0.0223915162256469,0,,,final,2026-08-30T13:46:52.825323+00:00,2,0,2,,,,Win
1b110a61227c86ab2f069fb32d6720af,baseball,mlb,2026_05_23,09:40 PM,San Diego Padres,Athletics,moneyline,home,,home_moneyline,-109.0,0.6361148807064008,0.2197065143819978,0.2394801006763776,0,,,final,2026-08-30T13:46:52.825323+00:00,2,0,2,,,,Win
1d419a4245a0f02f79282579190123f2,baseball,mlb,2026_05_23,03:07 PM,Toronto Blue Jays,Pittsburgh Pirates,run_line,home,1.5,home_run_line,-142.0,0.732854621684641,0.2489494256879092,0.3535081844768311,0,822814,1,final,2026-08-30T13:46:52.825323+00:00,5,2,7,1.5,-1.5,7.5,Win
1d419a4245a0f02f79282579190123f2,baseball,mlb,2026_05_23,03:07 PM,Toronto Blue Jays,Pittsburgh Pirates,total,over,7.5,over_total,-106.0,0.5944869759984619,0.1553237458083317,0.1646431705568316,0,822814,1,final,2026-08-30T13:46:52.825323+00:00,5,2,7,1.5,-1.5,7.5,Loss
1d419a4245a0f02f79282579190123f2,baseball,mlb,2026_05_23,03:07 PM,Toronto Blue Jays,Pittsburgh Pirates,moneyline,home,,home_moneyline,129.0,0.5418355714748458,0.240803458677397,0.1866693478119357,0,822814,1,final,2026-08-30T13:46:52.825323+00:00,5,2,7,1.5,-1.5,7.5,Win
203ad61a573433f885122e8811cd8350,baseball,mlb,2026_05_23,04:10 PM,Kansas City Royals,Seattle Mariners,run_line,home,1.5,home_run_line,-142.0,0.7545620387058378,0.2859437561043152,0.4060401336681274,0,824109,1,final,2026-08-30T13:46:52.825323+00:00,5,0,5,1.5,-1.5,8.5,Win
203ad61a573433f885122e8811cd8350,baseball,mlb,2026_05_23,04:10 PM,Kansas City Royals,Seattle Mariners,total,under,8.5,under_total,-107.0,0.5304656600957594,0.0262279592506748,0.028063916398222,0,824109,1,final,2026-08-30T13:46:52.825323+00:00,5,0,5,1.5,-1.5,8.5,Win
203ad61a573433f885122e8811cd8350,baseball,mlb,2026_05_23,04:10 PM,Kansas City Royals,Seattle Mariners,moneyline,home,,home_moneyline,114.0,0.5735322927270975,0.2273591064359887,0.1994378126631479,0,824109,1,final,2026-08-30T13:46:52.825323+00:00,5,0,5,1.5,-1.5,8.5,Win
5e73a3b37ba9f2d7f8672112ad0b5d3a,baseball,mlb,2026_05_23,02:20 PM,Chicago Cubs,Houston Astros,run_line,away,1.5,away_run_line,-172.0,0.7612374665237543,0.2038173889212859,0.3505659089446118,0,824674,1,final,2026-08-30T13:46:52.825323+00:00,0,3,3,-1.5,1.5,7.5,Win
5e73a3b37ba9f2d7f8672112ad0b5d3a,baseball,mlb,2026_05_23,02:20 PM,Chicago Cubs,Houston Astros,total,over,7.5,over_total,-103.0,0.6835738616696561,0.3472378050382542,0.3576549391894019,0,824674,1,final,2026-08-30T13:46:52.825323+00:00,0,3,3,-1.5,1.5,7.5,Loss
5e73a3b37ba9f2d7f8672112ad0b5d3a,baseball,mlb,2026_05_23,02:20 PM,Chicago Cubs,Houston Astros,moneyline,away,,away_moneyline,129.0,0.5909994710776358,0.353388788767786,0.2739447974944078,0,824674,1,final,2026-08-30T13:46:52.825323+00:00,0,3,3,-1.5,1.5,7.5,Win
613fbf2d89b0e9cffb2d70ebdbe1f178,baseball,mlb,2026_05_23,04:10 PM,Boston Red Sox,Minnesota Twins,run_line,home,1.5,home_run_line,-192.0,0.8341278413458855,0.2685694253802011,0.5156532967299858,0,824760,1,final,2026-08-30T13:46:52.825323+00:00,2,4,6,1.5,-1.5,8.5,Loss
613fbf2d89b0e9cffb2d70ebdbe1f178,baseball,mlb,2026_05_23,04:10 PM,Boston Red Sox,Minnesota Twins,total,over,8.5,over_total,-109.0,0.5926503837923827,0.1363663322257614,0.1486393021260799,0,824760,1,final,2026-08-30T13:46:52.825323+00:00,2,4,6,1.5,-1.5,8.5,Loss
613fbf2d89b0e9cffb2d70ebdbe1f178,baseball,mlb,2026_05_23,04:10 PM,Boston Red Sox,Minnesota Twins,moneyline,home,,home_moneyline,-117.0,0.7022169745027805,0.3024024227957553,0.3538108346710337,0,824760,1,final,2026-08-30T13:46:52.825323+00:00,2,4,6,1.5,-1.5,8.5,Loss
8cd9a8c51a76ba56fe6f4a174a01a9ee,baseball,mlb,2026_05_23,04:10 PM,Miami Marlins,New York Mets,run_line,away,-1.5,away_run_line,152.0,0.4300120201757014,0.0836302908427675,0.0550199281860312,0,823862,1,final,2026-08-30T13:46:52.825323+00:00,4,1,5,1.5,-1.5,8.0,Loss
8cd9a8c51a76ba56fe6f4a174a01a9ee,baseball,mlb,2026_05_23,04:10 PM,Miami Marlins,New York Mets,total,over,8.0,over_total,-102.0,0.4691762394513875,0.0670908624070745,0.0793825422243213,0,823862,1,final,2026-08-30T13:46:52.825323+00:00,4,1,5,1.5,-1.5,8.0,Loss
8cd9a8c51a76ba56fe6f4a174a01a9ee,baseball,mlb,2026_05_23,04:10 PM,Miami Marlins,New York Mets,moneyline,away,,away_moneyline,-105.0,0.6557655324741906,0.2803041348305624,0.2943193415720906,0,823862,1,final,2026-08-30T13:46:52.825323+00:00,4,1,5,1.5,-1.5,8.0,Loss
8d35e402aab765eeda746ea98f694dc6,baseball,mlb,2026_05_23,04:10 PM,Atlanta Braves,Washington Nationals,run_line,away,1.5,away_run_line,-126.0,0.638313722424733,0.1449119148253148,0.1825890126798966,0,824920,1,final,2026-08-30T13:46:52.825323+00:00,0,2,2,-1.5,1.5,9.0,Win
8d35e402aab765eeda746ea98f694dc6,baseball,mlb,2026_05_23,04:10 PM,Atlanta Braves,Washington Nationals,moneyline,away,,away_moneyline,162.0,0.4330886682439573,0.1346923107991682,0.0831434017278816,0,824920,1,final,2026-08-30T13:46:52.825323+00:00,0,2,2,-1.5,1.5,9.0,Win
aa331215453a8e2dcfbcdcaa7cacecbe,baseball,mlb,2026_05_23,10:10 PM,Arizona Diamondbacks,Colorado Rockies,run_line,away,1.5,away_run_line,-144.0,0.7322461382213878,0.2407504008751293,0.3466805772601862,0,825080,1,final,2026-08-30T13:46:52.825323+00:00,5,4,9,-1.5,1.5,9.0,Win
aa331215453a8e2dcfbcdcaa7cacecbe,baseball,mlb,2026_05_23,10:10 PM,Arizona Diamondbacks,Colorado Rockies,total,under,9.0,under_total,100.0,0.4608869061451867,0.0535179166158502,0.0616384142998231,0,825080,1,final,2026-08-30T13:46:52.825323+00:00,5,4,9,-1.5,1.5,9.0,Push
aa331215453a8e2dcfbcdcaa7cacecbe,baseball,mlb,2026_05_23,10:10 PM,Arizona Diamondbacks,Colorado Rockies,moneyline,away,,away_moneyline,148.0,0.5494034605265735,0.3625205821059023,0.2449463392607448,0,825080,1,final,2026-08-30T13:46:52.825323+00:00,5,4,9,-1.5,1.5,9.0,Loss
bb14f988c4cc921c1b5286bf757183f6,baseball,mlb,2026_05_23,06:00 PM,Philadelphia Phillies,Cleveland Guardians,run_line,away,1.5,away_run_line,-131.0,0.7666757926631402,0.3519244893525599,0.4610210810518538,0,823458,1,final,2026-08-30T13:46:52.825323+00:00,3,0,3,-1.5,1.5,7.5,Loss
bb14f988c4cc921c1b5286bf757183f6,baseball,mlb,2026_05_23,06:00 PM,Philadelphia Phillies,Cleveland Guardians,total,under,7.5,under_total,-121.0,0.5616660129163626,0.0258528004505468,0.0312818885451617,0,823458,1,final,2026-08-30T13:46:52.825323+00:00,3,0,3,-1.5,1.5,7.5,Win
bb14f988c4cc921c1b5286bf757183f6,baseball,mlb,2026_05_23,06:00 PM,Philadelphia Phillies,Cleveland Guardians,moneyline,away,,away_moneyline,163.0,0.5721917118432538,0.5048642021477574,0.3097326393544524,0,823458,1,final,2026-08-30T13:46:52.825323+00:00,3,0,3,-1.5,1.5,7.5,Loss
d414dc60c44b7705cece8354be2575d1,baseball,mlb,2026_05_23,04:05 PM,San Francisco Giants,Chicago White Sox,total,over,8.5,over_total,-105.0,0.6232479676783712,0.2168174607053913,0.2276583337406608,0,823222,1,final,2026-08-30T13:46:52.825323+00:00,10,3,13,-1.5,1.5,8.5,Win
e8edd4604077b2fc638f1b2e3db08545,baseball,mlb,2026_05_23,07:15 PM,Milwaukee Brewers,Los Angeles Dodgers,run_line,home,1.5,home_run_line,-156.0,0.7141526840594135,0.1719428661487809,0.2682308711920984,0,823787,1,final,2026-08-30T13:46:52.825323+00:00,3,11,14,1.5,-1.5,9.0,Loss
e8edd4604077b2fc638f1b2e3db08545,baseball,mlb,2026_05_23,07:15 PM,Milwaukee Brewers,Los Angeles Dodgers,total,under,9.0,under_total,-114.0,0.5021715317270654,0.0735268472712224,0.096440187473142,0,823787,1,final,2026-08-30T13:46:52.825323+00:00,3,11,14,1.5,-1.5,9.0,Loss
e8edd4604077b2fc638f1b2e3db08545,baseball,mlb,2026_05_23,07:15 PM,Milwaukee Brewers,Los Angeles Dodgers,moneyline,home,,home_moneyline,102.0,0.5208454201471654,0.052107748697274,0.0510860281345824,0,823787,1,final,2026-08-30T13:46:52.825323+00:00,3,11,14,1.5,-1.5,9.0,Loss
00df9acbb37e0b01ff82cec41f4c57b8,baseball,mlb,2026_05_24,04:30 PM,Atlanta Braves,Washington Nationals,run_line,home,-1.5,home_run_line,127.0,0.4602711304127215,0.0448154660368778,0.0352877685329746,0,824921,1,final,2026-08-30T13:46:52.825323+00:00,1,2,3,-1.5,1.5,8.5,Loss
00df9acbb37e0b01ff82cec41f4c57b8,baseball,mlb,2026_05_24,04:30 PM,Atlanta Braves,Washington Nationals,total,under,8.5,under_total,-114.0,0.7440190028192646,0.3966672509063388,0.4522006660332262,0,824921,1,final,2026-08-30T13:46:52.825323+00:00,1,2,3,-1.5,1.5,8.5,Win
00df9acbb37e0b01ff82cec41f4c57b8,baseball,mlb,2026_05_24,04:30 PM,Atlanta Braves,Washington Nationals,moneyline,home,,home_moneyline,-169.0,0.7140323841400993,0.1365367534537673,0.2307471133368669,0,824921,1,final,2026-08-30T13:46:52.825323+00:00,1,2,3,-1.5,1.5,8.5,Loss
0c7eacfb6fcc01d117cceb47c958a392,baseball,mlb,2026_05_24,02:10 PM,Kansas City Royals,Seattle Mariners,run_line,away,-1.5,away_run_line,119.0,0.4762541000066469,0.0429964790145567,0.0361314949702157,0,824108,1,final,2026-08-30T13:46:52.825323+00:00,8,6,14,1.5,-1.5,8.5,Loss
0c7eacfb6fcc01d117cceb47c958a392,baseball,mlb,2026_05_24,02:10 PM,Kansas City Royals,Seattle Mariners,total,under,8.5,under_total,-107.0,0.6378885835307768,0.2340461382324375,0.2504293679087081,0,824108,1,final,2026-08-30T13:46:52.825323+00:00,8,6,14,1.5,-1.5,8.5,Loss
0c7eacfb6fcc01d117cceb47c958a392,baseball,mlb,2026_05_24,02:10 PM,Kansas City Royals,Seattle Mariners,moneyline,away,,away_moneyline,-142.0,0.7154489381730051,0.2192862185765298,0.3113864303786724,0,824108,1,final,2026-08-30T13:46:52.825323+00:00,8,6,14,1.5,-1.5,8.5,Loss
24764298bc8225d9b8c29e943649671f,baseball,mlb,2026_05_24,01:40 PM,Miami Marlins,New York Mets,run_line,home,1.5,home_run_line,-166.0,0.8001434030575331,0.2821575012849626,0.4683814521330379,0,823861,1,final,2026-08-30T13:46:52.825323+00:00,4,0,4,1.5,-1.5,8.5,Win
24764298bc8225d9b8c29e943649671f,baseball,mlb,2026_05_24,01:40 PM,Miami Marlins,New York Mets,total,over,8.5,over_total,-102.0,0.5056933167167857,0.0014710782038304,0.001500499767907,0,823861,1,final,2026-08-30T13:46:52.825323+00:00,4,0,4,1.5,-1.5,8.5,Loss
24764298bc8225d9b8c29e943649671f,baseball,mlb,2026_05_24,01:40 PM,Miami Marlins,New York Mets,moneyline,home,,home_moneyline,-102.0,0.6433731260263488,0.2741310927188474,0.2796137145732243,0,823861,1,final,2026-08-30T13:46:52.825323+00:00,4,0,4,1.5,-1.5,8.5,Win
30932455872c68aa6d63646b48a38fc5,baseball,mlb,2026_05_24,02:10 PM,Milwaukee Brewers,Los Angeles Dodgers,run_line,away,-1.5,away_run_line,-107.0,0.6000344407585916,0.1608142919348456,0.1720712923702848,0,823786,1,final,2026-08-30T13:46:52.825323+00:00,1,5,6,1.5,-1.5,8.0,Win
30932455872c68aa6d63646b48a38fc5,baseball,mlb,2026_05_24,02:10 PM,Milwaukee Brewers,Los Angeles Dodgers,total,over,8.0,over_total,-112.0,0.4587928818743298,0.0068691698201463,0.0089296953085574,0,823786,1,final,2026-08-30T13:46:52.825323+00:00,1,5,6,1.5,-1.5,8.0,Loss
30932455872c68aa6d63646b48a38fc5,baseball,mlb,2026_05_24,02:10 PM,Milwaukee Brewers,Los Angeles Dodgers,moneyline,away,,away_moneyline,-178.0,0.8144160942080461,0.2719532257856001,0.4840767418983681,0,823786,1,final,2026-08-30T13:46:52.825323+00:00,1,5,6,1.5,-1.5,8.0,Win
36c39001c1807b1162a5ddb493c32855,baseball,mlb,2026_05_24,04:10 PM,San Diego Padres,Athletics,run_line,away,1.5,away_run_line,-156.0,0.6387713576897694,0.0482401767216729,0.0752546756858097,0,,,final,2026-08-30T13:46:52.825323+00:00,2,5,7,,,,Win
36c39001c1807b1162a5ddb493c32855,baseball,mlb,2026_05_24,04:10 PM,San Diego Padres,Athletics,total,under,8.5,under_total,-117.0,0.7491056284127892,0.3893668492784211,0.4555592136557526,0,,,final,2026-08-30T13:46:52.825323+00:00,2,5,7,,,,Win
3d426f5b8c4503c96291d847232b352e,baseball,mlb,2026_05_24,01:35 PM,Boston Red Sox,Minnesota Twins,run_line,home,-1.5,home_run_line,129.0,0.5731220618500277,0.3124495216365635,0.2422089315012119,0,824759,1,final,2026-08-30T13:46:52.825323+00:00,5,6,11,-1.5,1.5,7.5,Loss
3d426f5b8c4503c96291d847232b352e,baseball,mlb,2026_05_24,01:35 PM,Boston Red Sox,Minnesota Twins,total,over,7.5,over_total,-114.0,0.6630125371519957,0.2446024820221674,0.2788468295052708,0,824759,1,final,2026-08-30T13:46:52.825323+00:00,5,6,11,-1.5,1.5,7.5,Win
3d426f5b8c4503c96291d847232b352e,baseball,mlb,2026_05_24,01:35 PM,Boston Red Sox,Minnesota Twins,moneyline,home,,home_moneyline,-156.0,0.7863172874489686,0.2903668306854867,0.4529722558693595,0,824759,1,final,2026-08-30T13:46:52.825323+00:00,5,6,11,-1.5,1.5,7.5,Loss
491a9de98e8b6561bbf422febc6f39af,baseball,mlb,2026_05_24,12:35 PM,Baltimore Orioles,Detroit Tigers,run_line,away,1.5,away_run_line,-192.0,0.6986262136162102,0.0624940332079866,0.1199885437593343,0,824839,1,final,2026-08-30T13:46:52.825323+00:00,5,3,8,-1.5,1.5,8.0,Loss
491a9de98e8b6561bbf422febc6f39af,baseball,mlb,2026_05_24,12:35 PM,Baltimore Orioles,Detroit Tigers,total,over,8.0,over_total,-117.0,0.5156498535963874,0.0910091665389056,0.1230468896509065,0,824839,1,final,2026-08-30T13:46:52.825323+00:00,5,3,8,-1.5,1.5,8.0,Push
491a9de98e8b6561bbf422febc6f39af,baseball,mlb,2026_05_24,12:35 PM,Baltimore Orioles,Detroit Tigers,moneyline,away,,away_moneyline,104.0,0.5021789750902016,0.0244451091840112,0.0235049126769339,0,824839,1,final,2026-08-30T13:46:52.825323+00:00,5,3,8,-1.5,1.5,8.0,Loss
65d8670f338a88af5bde23a17924de49,baseball,mlb,2026_05_24,07:20 PM,Los Angeles Angels,Texas Rangers,run_line,away,-1.5,away_run_line,163.0,0.6114556583991042,0.6081283815896441,0.3730848966807632,0,824028,1,final,2026-08-30T13:46:52.825323+00:00,2,1,3,1.5,-1.5,8.0,Loss
65d8670f338a88af5bde23a17924de49,baseball,mlb,2026_05_24,07:20 PM,Los Angeles Angels,Texas Rangers,total,over,8.0,over_total,-114.0,0.6220835673301723,0.2886658875053529,0.374334242694098,0,824028,1,final,2026-08-30T13:46:52.825323+00:00,2,1,3,1.5,-1.5,8.0,Loss
65d8670f338a88af5bde23a17924de49,baseball,mlb,2026_05_24,07:20 PM,Los Angeles Angels,Texas Rangers,moneyline,away,,away_moneyline,104.0,0.80981947178066,0.6520317224325465,0.6269535792620639,0,824028,1,final,2026-08-30T13:46:52.825323+00:00,2,1,3,1.5,-1.5,8.0,Loss
6810bebc827ff6339e19bf57045954c2,baseball,mlb,2026_05_24,01:35 PM,Philadelphia Phillies,Cleveland Guardians,run_line,home,1.5,home_run_line,-156.0,0.7209707964481429,0.1831315634020804,0.2856852389072457,0,823459,1,final,2026-08-30T13:46:52.825323+00:00,1,3,4,1.5,-1.5,7.5,Loss
6810bebc827ff6339e19bf57045954c2,baseball,mlb,2026_05_24,01:35 PM,Philadelphia Phillies,Cleveland Guardians,total,over,7.5,over_total,-104.0,0.601978874976952,0.1808047163009444,0.1880369049529821,0,823459,1,final,2026-08-30T13:46:52.825323+00:00,1,3,4,1.5,-1.5,7.5,Loss
6810bebc827ff6339e19bf57045954c2,baseball,mlb,2026_05_24,01:35 PM,Philadelphia Phillies,Cleveland Guardians,moneyline,home,,home_moneyline,108.0,0.5264584045249988,0.0950334814119975,0.087993964270368,0,823459,1,final,2026-08-30T13:46:52.825323+00:00,1,3,4,1.5,-1.5,7.5,Loss
8f29a5e5e5da656a595405cea1f3dbae,baseball,mlb,2026_05_24,01:35 PM,New York Yankees,Tampa Bay Rays,run_line,away,1.5,away_run_line,-192.0,0.7893340252454415,0.2004454967274425,0.3848553537166894,0,823544,1,final,2026-08-30T13:46:52.825323+00:00,2,0,2,-1.5,1.5,7.5,Loss
8f29a5e5e5da656a595405cea1f3dbae,baseball,mlb,2026_05_24,01:35 PM,New York Yankees,Tampa Bay Rays,total,over,7.5,over_total,102.0,0.5995373755477147,0.2110654986063836,0.2069269594180232,0,823544,1,final,2026-08-30T13:46:52.825323+00:00,2,0,2,-1.5,1.5,7.5,Loss
8f29a5e5e5da656a595405cea1f3dbae,baseball,mlb,2026_05_24,01:35 PM,New York Yankees,Tampa Bay Rays,moneyline,away,,away_moneyline,108.0,0.6231545166274579,0.2961613945851125,0.2742235135047338,0,823544,1,final,2026-08-30T13:46:52.825323+00:00,2,0,2,-1.5,1.5,7.5,Loss
928ebc4404b9485931a3c4232720dc5b,baseball,mlb,2026_05_24,04:10 PM,Arizona Diamondbacks,Colorado Rockies,run_line,away,1.5,away_run_line,-126.0,0.6867924647126097,0.2318658494051568,0.2921509702504978,0,825081,1,final,2026-08-30T13:46:52.825323+00:00,9,1,10,-1.5,1.5,9.0,Loss
928ebc4404b9485931a3c4232720dc5b,baseball,mlb,2026_05_24,04:10 PM,Arizona Diamondbacks,Colorado Rockies,total,under,9.0,under_total,100.0,0.6821821663880568,0.4752697488077761,0.5345547677126571,0,825081,1,final,2026-08-30T13:46:52.825323+00:00,9,1,10,-1.5,1.5,9.0,Loss
928ebc4404b9485931a3c4232720dc5b,baseball,mlb,2026_05_24,04:10 PM,Arizona Diamondbacks,Colorado Rockies,moneyline,away,,away_moneyline,162.0,0.4637032049611953,0.2149023969983319,0.1326558006162541,0,825081,1,final,2026-08-30T13:46:52.825323+00:00,9,1,10,-1.5,1.5,9.0,Loss
a3077ecb7ee3e8827e0af9e701b5e0b7,baseball,mlb,2026_05_24,06:05 PM,Baltimore Orioles,Detroit Tigers,run_line,home,1.5,home_run_line,-200.0,0.7810361615798027,0.171554242369704,0.3431084847394081,0,824840,2,final,2026-08-30T13:46:52.825323+00:00,1,4,5,1.5,-1.5,8.5,Loss
a3077ecb7ee3e8827e0af9e701b5e0b7,baseball,mlb,2026_05_24,06:05 PM,Baltimore Orioles,Detroit Tigers,total,over,8.5,over_total,-105.0,0.5211969705791166,0.0175750377973228,0.018453789687189,0,824840,2,final,2026-08-30T13:46:52.825323+00:00,1,4,5,1.5,-1.5,8.5,Loss
a3077ecb7ee3e8827e0af9e701b5e0b7,baseball,mlb,2026_05_24,06:05 PM,Baltimore Orioles,Detroit Tigers,moneyline,home,,home_moneyline,-120.0,0.6165321566368341,0.1303089538341959,0.156370744601035,0,824840,2,final,2026-08-30T13:46:52.825323+00:00,1,4,5,1.5,-1.5,8.5,Loss
bcb23e6708172d9bcdc2a18e01b320ce,baseball,mlb,2026_05_24,04:05 PM,San Francisco Giants,Chicago White Sox,run_line,home,1.5,home_run_line,-181.0,0.8448245011922837,0.3115783692543188,0.5639568483503171,0,823220,1,final,2026-08-30T13:46:52.825323+00:00,8,5,13,1.5,-1.5,8.0,Win
bcb23e6708172d9bcdc2a18e01b320ce,baseball,mlb,2026_05_24,04:05 PM,San Francisco Giants,Chicago White Sox,total,over,8.0,over_total,-105.0,0.5521485707159346,0.2088704343073478,0.2523362067339232,0,823220,1,final,2026-08-30T13:46:52.825323+00:00,8,5,13,1.5,-1.5,8.0,Win
bcb23e6708172d9bcdc2a18e01b320ce,baseball,mlb,2026_05_24,04:05 PM,San Francisco Giants,Chicago White Sox,moneyline,home,,home_moneyline,-109.0,0.715841680704049,0.3725771675884977,0.4061091126714623,0,823220,1,final,2026-08-30T13:46:52.825323+00:00,8,5,13,1.5,-1.5,8.0,Win
f70aa43669ed4dd4d5fa56bbe2964822,baseball,mlb,2026_05_24,12:15 PM,Toronto Blue Jays,Pittsburgh Pirates,run_line,away,1.5,away_run_line,-158.0,0.6874136331429992,0.122485552853758,0.1935271735089378,0,822813,1,final,2026-08-30T13:46:52.825323+00:00,1,4,5,-1.5,1.5,7.5,Win
f70aa43669ed4dd4d5fa56bbe2964822,baseball,mlb,2026_05_24,12:15 PM,Toronto Blue Jays,Pittsburgh Pirates,total,under,7.5,under_total,-107.0,0.5818769301561726,0.1256871452553994,0.1344852454232774,0,822813,1,final,2026-08-30T13:46:52.825323+00:00,1,4,5,-1.5,1.5,7.5,Win
f70aa43669ed4dd4d5fa56bbe2964822,baseball,mlb,2026_05_24,12:15 PM,Toronto Blue Jays,Pittsburgh Pirates,moneyline,away,,away_moneyline,135.0,0.4598957133715988,0.0807549264232572,0.0598184640172275,0,822813,1,final,2026-08-30T13:46:52.825323+00:00,1,4,5,-1.5,1.5,7.5,Win
fb835eef241cc0456eb7fed048643f00,baseball,mlb,2026_05_24,02:20 PM,Chicago Cubs,Houston Astros,run_line,away,1.5,away_run_line,-149.0,0.7112844199568334,0.1886565138875942,0.2810982056925152,0,824676,1,final,2026-08-30T13:46:52.825323+00:00,5,8,13,-1.5,1.5,7.0,Win
fb835eef241cc0456eb7fed048643f00,baseball,mlb,2026_05_24,02:20 PM,Chicago Cubs,Houston Astros,moneyline,away,,away_moneyline,147.0,0.4972084930273329,0.2281049777775123,0.1551734542704164,0,824676,1,final,2026-08-30T13:46:52.825323+00:00,5,8,13,-1.5,1.5,7.0,Win
011a0f191f610c90c293fdadb7e987f6,baseball,mlb,2026_05_25,02:10 PM,Milwaukee Brewers,St Louis Cardinals,run_line,home,-1.5,home_run_line,-107.0,0.6366628663514288,0.2316748909789325,0.2478921333474576,0,,,final,2026-08-30T13:46:52.825323+00:00,5,1,6,,,,Win
011a0f191f610c90c293fdadb7e987f6,baseball,mlb,2026_05_25,02:10 PM,Milwaukee Brewers,St Louis Cardinals,moneyline,home,,home_moneyline,-232.0,0.8501230991086914,0.2165554694141618,0.5024086890408554,0,,,final,2026-08-30T13:46:52.825323+00:00,5,1,6,,,,Win
07cd090c6a690c5a8478fc3834d0421b,baseball,mlb,2026_05_25,01:35 PM,Baltimore Orioles,Tampa Bay Rays,run_line,away,-1.5,away_run_line,129.0,0.6860250898856926,0.570997455838236,0.4426336866963068,0,824838,1,final,2026-08-30T13:46:52.825323+00:00,9,7,16,1.5,-1.5,7.5,Loss
07cd090c6a690c5a8478fc3834d0421b,baseball,mlb,2026_05_25,01:35 PM,Baltimore Orioles,Tampa Bay Rays,moneyline,away,,away_moneyline,-126.0,0.8808223599966614,0.5798877250733765,0.7306585335924547,0,824838,1,final,2026-08-30T13:46:52.825323+00:00,9,7,16,1.5,-1.5,7.5,Loss
56f5691dc9526c1284405c8be014cd55,baseball,mlb,2026_05_25,02:10 PM,Chicago White Sox,Minnesota Twins,total,under,8.5,under_total,-116.0,0.5543193517277389,0.0321808618378586,0.037329799731916,0,824598,1,final,2026-08-30T13:46:52.825323+00:00,3,1,4,1.5,-1.5,8.5,Win
56f5691dc9526c1284405c8be014cd55,baseball,mlb,2026_05_25,02:10 PM,Chicago White Sox,Minnesota Twins,moneyline,away,,away_moneyline,-113.0,0.6135582927170441,0.1565302331746048,0.1768791634873036,0,824598,1,final,2026-08-30T13:46:52.825323+00:00,3,1,4,1.5,-1.5,8.5,Loss
664888c720cda0a13b39fa74f0032e0e,baseball,mlb,2026_05_25,09:10 PM,Los Angeles Dodgers,Colorado Rockies,run_line,away,1.5,away_run_line,127.0,0.7800025081903725,0.7706056935921457,0.6067761366867289,0,823948,1,final,2026-08-30T13:46:52.825323+00:00,5,3,8,-1.5,1.5,9.0,Loss
664888c720cda0a13b39fa74f0032e0e,baseball,mlb,2026_05_25,09:10 PM,Los Angeles Dodgers,Colorado Rockies,total,under,9.0,under_total,-119.0,0.6406886122035371,0.2968867244579554,0.4004726052386619,0,823948,1,final,2026-08-30T13:46:52.825323+00:00,5,3,8,-1.5,1.5,9.0,Win
664888c720cda0a13b39fa74f0032e0e,baseball,mlb,2026_05_25,09:10 PM,Los Angeles Dodgers,Colorado Rockies,moneyline,away,,away_moneyline,266.0,0.5987046981545825,1.191259195245772,0.4478418027239744,0,823948,1,final,2026-08-30T13:46:52.825323+00:00,5,3,8,-1.5,1.5,9.0,Loss
70d5dc9048e8c374d09b9848b71eeea5,baseball,mlb,2026_05_25,04:10 PM,New York Mets,Cincinnati Reds,total,over,7.5,over_total,-107.0,0.5474424145404488,0.0590708393446067,0.0632057980987291,0,823625,1,final,2026-08-30T13:46:52.825323+00:00,2,7,9,-1.5,1.5,7.5,Win
7123a44993110990cac606ecf9dd4292,baseball,mlb,2026_05_25,06:40 PM,San Diego Padres,Philadelphia Phillies,run_line,home,1.5,home_run_line,-166.0,0.6292911034724882,0.008382129660734,0.0139143352368185,0,823296,1,final,2026-08-30T13:46:52.825323+00:00,0,3,3,1.5,-1.5,7.5,Loss
7123a44993110990cac606ecf9dd4292,baseball,mlb,2026_05_25,06:40 PM,San Diego Padres,Philadelphia Phillies,total,under,7.5,under_total,-114.0,0.6220945498099256,0.1677915233274043,0.1912823365932409,0,823296,1,final,2026-08-30T13:46:52.825323+00:00,0,3,3,1.5,-1.5,7.5,Win
7123a44993110990cac606ecf9dd4292,baseball,mlb,2026_05_25,06:40 PM,San Diego Padres,Philadelphia Phillies,moneyline,away,,away_moneyline,-126.0,0.6176503691357651,0.1078490747990705,0.135889834246829,0,823296,1,final,2026-08-30T13:46:52.825323+00:00,0,3,3,1.5,-1.5,7.5,Win
74ffd45f125fe46746cf345bf6c2758b,baseball,mlb,2026_05_25,06:10 PM,Cleveland Guardians,Washington Nationals,total,under,8.0,under_total,-106.0,0.5529100042180146,0.2097451375681596,0.2570946829400635,0,824437,1,final,2026-08-30T13:46:52.825323+00:00,2,10,12,-1.5,1.5,8.0,Loss
74ffd45f125fe46746cf345bf6c2758b,baseball,mlb,2026_05_25,06:10 PM,Cleveland Guardians,Washington Nationals,moneyline,home,,home_moneyline,-178.0,0.6995452076555145,0.09254813330468,0.1647356772823304,0,824437,1,final,2026-08-30T13:46:52.825323+00:00,2,10,12,-1.5,1.5,8.0,Loss
8c78facf9134823f8b8caaecab733fe5,baseball,mlb,2026_05_25,01:35 PM,Pittsburgh Pirates,Chicago Cubs,run_line,home,1.5,home_run_line,-172.0,0.6940098818785954,0.0975039992498718,0.1677068787097795,0,823380,1,final,2026-08-30T13:46:52.825323+00:00,2,1,3,1.5,-1.5,8.0,Win
8c78facf9134823f8b8caaecab733fe5,baseball,mlb,2026_05_25,01:35 PM,Pittsburgh Pirates,Chicago Cubs,total,under,8.0,under_total,-109.0,0.7064002874028654,0.4664942455578818,0.5726242701840933,0,823380,1,final,2026-08-30T13:46:52.825323+00:00,2,1,3,1.5,-1.5,8.0,Win
8c78facf9134823f8b8caaecab733fe5,baseball,mlb,2026_05_25,01:35 PM,Pittsburgh Pirates,Chicago Cubs,moneyline,away,,away_moneyline,-121.0,0.5500910844520694,0.0047118154041931,0.0057012966390736,0,823380,1,final,2026-08-30T13:46:52.825323+00:00,2,1,3,1.5,-1.5,8.0,Loss
8fb262f6c182cf0135648235b653fcdc,baseball,mlb,2026_05_25,07:07 PM,Toronto Blue Jays,Miami Marlins,run_line,home,-1.5,home_run_line,129.0,0.514713572931502,0.1786940820131395,0.1385225441962322,0,822812,1,final,2026-08-30T13:46:52.825323+00:00,2,8,10,-1.5,1.5,7.5,Loss
8fb262f6c182cf0135648235b653fcdc,baseball,mlb,2026_05_25,07:07 PM,Toronto Blue Jays,Miami Marlins,total,under,7.5,under_total,-111.0,0.5744488744448979,0.0919703829538149,0.1020871250787346,0,822812,1,final,2026-08-30T13:46:52.825323+00:00,2,8,10,-1.5,1.5,7.5,Loss
8fb262f6c182cf0135648235b653fcdc,baseball,mlb,2026_05_25,07:07 PM,Toronto Blue Jays,Miami Marlins,moneyline,home,,home_moneyline,-172.0,0.7604225091241885,0.2025286190801121,0.3483492248177928,0,822812,1,final,2026-08-30T13:46:52.825323+00:00,2,8,10,-1.5,1.5,7.5,Loss
bc69f749f6c99f6d4bfe0f276b216404,baseball,mlb,2026_05_25,05:05 PM,San Francisco Giants,Arizona Diamondbacks,run_line,home,-1.5,home_run_line,149.0,0.4030616316679285,0.0036234628531421,0.0024318542638537,0,823219,1,final,2026-08-30T13:46:52.825323+00:00,2,6,8,-1.5,1.5,7.5,Loss
bc69f749f6c99f6d4bfe0f276b216404,baseball,mlb,2026_05_25,05:05 PM,San Francisco Giants,Arizona Diamondbacks,total,over,7.5,over_total,-113.0,0.5852862632162401,0.103238708540346,0.116659740650591,0,823219,1,final,2026-08-30T13:46:52.825323+00:00,2,6,8,-1.5,1.5,7.5,Win
bc69f749f6c99f6d4bfe0f276b216404,baseball,mlb,2026_05_25,05:05 PM,San Francisco Giants,Arizona Diamondbacks,moneyline,home,,home_moneyline,-136.0,0.6287051376933698,0.0909883271737888,0.1237441249563526,0,823219,1,final,2026-08-30T13:46:52.825323+00:00,2,6,8,-1.5,1.5,7.5,Loss
c6ff6f73bf527a17ffd4a0fad2e61698,baseball,mlb,2026_05_25,07:05 PM,Texas Rangers,Houston Astros,run_line,away,1.5,away_run_line,-178.0,0.7040613772004632,0.0996014767512853,0.1772906286172879,0,822899,1,final,2026-08-30T13:46:52.825323+00:00,0,9,9,-1.5,1.5,8.5,Win
c6ff6f73bf527a17ffd4a0fad2e61698,baseball,mlb,2026_05_25,07:05 PM,Texas Rangers,Houston Astros,total,under,8.5,under_total,-116.0,0.6348002992705248,0.1820419365727013,0.2111686464243336,0,822899,1,final,2026-08-30T13:46:52.825323+00:00,0,9,9,-1.5,1.5,8.5,Loss
c6ff6f73bf527a17ffd4a0fad2e61698,baseball,mlb,2026_05_25,07:05 PM,Texas Rangers,Houston Astros,moneyline,away,,away_moneyline,112.0,0.4925652298678664,0.0442382873198767,0.0394984708213186,0,822899,1,final,2026-08-30T13:46:52.825323+00:00,0,9,9,-1.5,1.5,8.5,Win
e03d047a725cd7870eb6b6eaf8b23942,baseball,mlb,2026_05_25,09:40 PM,Athletics,Seattle Mariners,total,under,10.5,under_total,-107.0,0.8536847131166886,0.6515208935995754,0.6971273561515454,0,,,final,2026-08-30T13:46:52.825323+00:00,2,9,11,,,,Loss
e03d047a725cd7870eb6b6eaf8b23942,baseball,mlb,2026_05_25,09:40 PM,Athletics,Seattle Mariners,moneyline,away,,away_moneyline,-114.0,0.6493765865082944,0.2190051711646932,0.2496658951277501,0,,,final,2026-08-30T13:46:52.825323+00:00,2,9,11,,,,Win
e94284827b5744a1519040f323631cda,baseball,mlb,2026_05_25,03:40 PM,Kansas City Royals,New York Yankees,run_line,home,1.5,home_run_line,-135.0,0.6202655414939762,0.0797214981561806,0.107624022510844,0,824107,1,final,2026-08-30T13:46:52.825323+00:00,3,4,7,1.5,-1.5,9.0,Win
e94284827b5744a1519040f323631cda,baseball,mlb,2026_05_25,03:40 PM,Kansas City Royals,New York Yankees,total,under,9.0,under_total,-109.0,0.4943455291079759,0.0790042199854735,0.0991111068740238,0,824107,1,final,2026-08-30T13:46:52.825323+00:00,3,4,7,1.5,-1.5,9.0,Win
e94284827b5744a1519040f323631cda,baseball,mlb,2026_05_25,03:40 PM,Kansas City Royals,New York Yankees,moneyline,away,,away_moneyline,-142.0,0.5955927740131772,0.0150243050083724,0.0213345131118888,0,824107,1,final,2026-08-30T13:46:52.825323+00:00,3,4,7,1.5,-1.5,9.0,Win
178bf0e15a0e6812cdf47d0523e51ac7,baseball,mlb,2026_05_26,09:45 PM,San Francisco Giants,Arizona Diamondbacks,run_line,away,-1.5,away_run_line,150.0,0.4922870006900635,0.2307175017251586,0.1538116678167724,0,823216,1,final,2026-08-30T13:46:52.825323+00:00,5,7,12,1.5,-1.5,8.0,Win
178bf0e15a0e6812cdf47d0523e51ac7,baseball,mlb,2026_05_26,09:45 PM,San Francisco Giants,Arizona Diamondbacks,total,under,8.0,under_total,-111.0,0.6495746150905746,0.3577102096765165,0.4527116409349361,0,823216,1,final,2026-08-30T13:46:52.825323+00:00,5,7,12,1.5,-1.5,8.0,Loss
178bf0e15a0e6812cdf47d0523e51ac7,baseball,mlb,2026_05_26,09:45 PM,San Francisco Giants,Arizona Diamondbacks,moneyline,away,,away_moneyline,-113.0,0.7494374783382757,0.4126564857172803,0.4663018288605269,0,823216,1,final,2026-08-30T13:46:52.825323+00:00,5,7,12,1.5,-1.5,8.0,Win
2a617b3c38b4cfff06d9866d761bb481,baseball,mlb,2026_05_26,06:40 PM,Pittsburgh Pirates,Chicago Cubs,run_line,away,1.5,away_run_line,-196.0,0.7087744835829979,0.0703941180641192,0.1379724714056736,0,823379,1,final,2026-08-30T13:46:52.825323+00:00,12,1,13,-1.5,1.5,8.0,Loss
2a617b3c38b4cfff06d9866d761bb481,baseball,mlb,2026_05_26,06:40 PM,Pittsburgh Pirates,Chicago Cubs,total,under,8.0,under_total,-107.0,0.5699217328059948,0.2361874360598397,0.291700011994692,0,823379,1,final,2026-08-30T13:46:52.825323+00:00,12,1,13,-1.5,1.5,8.0,Loss
2a617b3c38b4cfff06d9866d761bb481,baseball,mlb,2026_05_26,06:40 PM,Pittsburgh Pirates,Chicago Cubs,moneyline,away,,away_moneyline,108.0,0.4897043163654157,0.0185849780400646,0.0172083130000599,0,823379,1,final,2026-08-30T13:46:52.825323+00:00,12,1,13,-1.5,1.5,8.0,Loss
3612f76561632387afb3c6779ef370b1,baseball,mlb,2026_05_26,06:35 PM,Baltimore Orioles,Tampa Bay Rays,run_line,home,1.5,home_run_line,-172.0,0.667382328572772,0.0553953103011279,0.09527993371794,0,824837,1,final,2026-08-30T13:46:52.825323+00:00,6,1,7,1.5,-1.5,8.5,Win
3612f76561632387afb3c6779ef370b1,baseball,mlb,2026_05_26,06:35 PM,Baltimore Orioles,Tampa Bay Rays,total,under,8.5,under_total,-101.0,0.6594543889160138,0.3123795264566216,0.3155033217211878,0,824837,1,final,2026-08-30T13:46:52.825323+00:00,6,1,7,1.5,-1.5,8.5,Win
3612f76561632387afb3c6779ef370b1,baseball,mlb,2026_05_26,06:35 PM,Baltimore Orioles,Tampa Bay Rays,moneyline,away,,away_moneyline,-114.0,0.5579783548546949,0.0474330520956554,0.0540736793890472,0,824837,1,final,2026-08-30T13:46:52.825323+00:00,6,1,7,1.5,-1.5,8.5,Loss
42ec808f3f2b51bde3830094a2d31f59,baseball,mlb,2026_05_26,07:10 PM,New York Mets,Cincinnati Reds,run_line,home,1.5,home_run_line,-172.0,0.6623626307926453,0.0474571835790671,0.0816263557559954,0,823624,1,final,2026-08-30T13:46:52.825323+00:00,2,7,9,1.5,-1.5,7.5,Loss
42ec808f3f2b51bde3830094a2d31f59,baseball,mlb,2026_05_26,07:10 PM,New York Mets,Cincinnati Reds,total,over,7.5,over_total,100.0,0.5669157818485477,0.1338315636970954,0.1338315636970954,0,823624,1,final,2026-08-30T13:46:52.825323+00:00,2,7,9,1.5,-1.5,7.5,Win
42ec808f3f2b51bde3830094a2d31f59,baseball,mlb,2026_05_26,07:10 PM,New York Mets,Cincinnati Reds,moneyline,away,,away_moneyline,-121.0,0.5535742082375826,0.0110735538884776,0.0133990002050578,0,823624,1,final,2026-08-30T13:46:52.825323+00:00,2,7,9,1.5,-1.5,7.5,Win
57c63aa916ea5b39518da155c32b24ee,baseball,mlb,2026_05_26,07:40 PM,Chicago White Sox,Minnesota Twins,run_line,home,1.5,home_run_line,-172.0,0.6943415728933351,0.0980285338778323,0.1686090782698715,0,824597,1,final,2026-08-30T13:46:52.825323+00:00,3,5,8,1.5,-1.5,7.5,Loss
57c63aa916ea5b39518da155c32b24ee,baseball,mlb,2026_05_26,07:40 PM,Chicago White Sox,Minnesota Twins,total,under,7.5,under_total,-102.0,0.6272966372047788,0.2422933403467185,0.247139207153653,0,824597,1,final,2026-08-30T13:46:52.825323+00:00,3,5,8,1.5,-1.5,7.5,Loss
6c64b931bb7cda75b570159a5a4ed328,baseball,mlb,2026_05_26,06:40 PM,Detroit Tigers,Los Angeles Angels,run_line,away,1.5,away_run_line,-188.0,0.7471208181603641,0.144525508671196,0.2717079563018487,0,824275,1,final,2026-08-30T13:46:52.825323+00:00,6,10,16,-1.5,1.5,8.5,Win
6c64b931bb7cda75b570159a5a4ed328,baseball,mlb,2026_05_26,06:40 PM,Detroit Tigers,Los Angeles Angels,moneyline,away,,away_moneyline,112.0,0.5672063801697002,0.2024775259597644,0.1807835053212182,0,824275,1,final,2026-08-30T13:46:52.825323+00:00,6,10,16,-1.5,1.5,8.5,Win
82e37a8a126f9724f8872ec1669446da,baseball,mlb,2026_05_26,09:40 PM,San Diego Padres,Philadelphia Phillies,total,under,8.0,under_total,-119.0,0.5621975843196664,0.1690147805614241,0.2323515075812532,0,823294,1,final,2026-08-30T13:46:52.825323+00:00,3,4,7,1.5,-1.5,8.0,Win
82e37a8a126f9724f8872ec1669446da,baseball,mlb,2026_05_26,09:40 PM,San Diego Padres,Philadelphia Phillies,moneyline,away,,away_moneyline,104.0,0.5988052369725759,0.2215626834240549,0.2130410417538989,0,823294,1,final,2026-08-30T13:46:52.825323+00:00,3,4,7,1.5,-1.5,8.0,Win
990789f1b2f666667f7dad0fe7d8b8b8,baseball,mlb,2026_05_26,06:45 PM,Boston Red Sox,Atlanta Braves,run_line,home,1.5,home_run_line,-175.0,0.72359343695117,0.1370754009232671,0.2398819516157173,0,824758,1,final,2026-08-30T13:46:52.825323+00:00,6,7,13,1.5,-1.5,8.0,Win
990789f1b2f666667f7dad0fe7d8b8b8,baseball,mlb,2026_05_26,06:45 PM,Boston Red Sox,Atlanta Braves,total,under,8.0,under_total,-101.0,0.4380273422435801,0.0112040011526312,0.0131503311636543,0,824758,1,final,2026-08-30T13:46:52.825323+00:00,6,7,13,1.5,-1.5,8.0,Loss
990789f1b2f666667f7dad0fe7d8b8b8,baseball,mlb,2026_05_26,06:45 PM,Boston Red Sox,Atlanta Braves,moneyline,home,,home_moneyline,-105.0,0.5255490406100574,0.0260719364291595,0.0273755332506175,0,824758,1,final,2026-08-30T13:46:52.825323+00:00,6,7,13,1.5,-1.5,8.0,Loss
99d8354792f828bd962e089d4ab8c5bf,baseball,mlb,2026_05_26,07:40 PM,Milwaukee Brewers,St Louis Cardinals,run_line,away,1.5,away_run_line,-147.0,0.7763178774831854,0.3044252771316107,0.4475051573834678,0,,,final,2026-08-30T13:46:52.825323+00:00,6,0,6,,,,Loss
99d8354792f828bd962e089d4ab8c5bf,baseball,mlb,2026_05_26,07:40 PM,Milwaukee Brewers,St Louis Cardinals,total,under,8.0,under_total,-117.0,0.6201904293689023,0.2777670578725014,0.3724781791357205,0,,,final,2026-08-30T13:46:52.825323+00:00,6,0,6,,,,Win
99d8354792f828bd962e089d4ab8c5bf,baseball,mlb,2026_05_26,07:40 PM,Milwaukee Brewers,St Louis Cardinals,moneyline,away,,away_moneyline,149.0,0.5792258877316462,0.4422724604517991,0.2968271546656369,0,,,final,2026-08-30T13:46:52.825323+00:00,6,0,6,,,,Loss
a688baa4f466d96e091e81af30a03a59,baseball,mlb,2026_05_26,09:40 PM,Athletics,Seattle Mariners,run_line,away,-1.5,away_run_line,135.0,0.5398943220768629,0.2687516568806278,0.1990753013930577,0,,,final,2026-08-30T13:46:52.825323+00:00,1,4,5,,,,Win
a688baa4f466d96e091e81af30a03a59,baseball,mlb,2026_05_26,09:40 PM,Athletics,Seattle Mariners,total,under,9.5,under_total,-113.0,0.6879229883065827,0.2967043938876289,0.3352759650930209,0,,,final,2026-08-30T13:46:52.825323+00:00,1,4,5,,,,Win
a688baa4f466d96e091e81af30a03a59,baseball,mlb,2026_05_26,09:40 PM,Athletics,Seattle Mariners,moneyline,away,,away_moneyline,-117.0,0.7662007875917047,0.4210732556188028,0.4926557090739992,0,,,final,2026-08-30T13:46:52.825323+00:00,1,4,5,,,,Win
acd23c21d644ac44611a206f197cdd6b,baseball,mlb,2026_05_26,10:10 PM,Los Angeles Dodgers,Colorado Rockies,run_line,away,1.5,away_run_line,-107.0,0.6492545680770718,0.2560345382425597,0.2739569559195388,0,823949,1,final,2026-08-30T13:46:52.825323+00:00,15,6,21,-1.5,1.5,9.0,Loss
acd23c21d644ac44611a206f197cdd6b,baseball,mlb,2026_05_26,10:10 PM,Los Angeles Dodgers,Colorado Rockies,total,under,9.0,under_total,-114.0,0.665162082981749,0.3625414626018675,0.4664248635661897,0,823949,1,final,2026-08-30T13:46:52.825323+00:00,15,6,21,-1.5,1.5,9.0,Loss
acd23c21d644ac44611a206f197cdd6b,baseball,mlb,2026_05_26,10:10 PM,Los Angeles Dodgers,Colorado Rockies,moneyline,away,,away_moneyline,192.0,0.4188336859289207,0.2229943629124482,0.1161428973502335,0,823949,1,final,2026-08-30T13:46:52.825323+00:00,15,6,21,-1.5,1.5,9.0,Loss
b50993453829a9cf93015ffb4cce5262,baseball,mlb,2026_05_26,07:07 PM,Toronto Blue Jays,Miami Marlins,total,over,8.0,over_total,-103.0,0.5133524628023464,0.1465890178637467,0.1745180183791437,0,822811,1,final,2026-08-30T13:46:52.825323+00:00,8,1,9,-1.5,1.5,8.0,Win
b50993453829a9cf93015ffb4cce5262,baseball,mlb,2026_05_26,07:07 PM,Toronto Blue Jays,Miami Marlins,moneyline,home,,home_moneyline,-142.0,0.5966635492208501,0.0168491472637022,0.0239257891144571,0,822811,1,final,2026-08-30T13:46:52.825323+00:00,8,1,9,-1.5,1.5,8.0,Win
ba00397c03fc2b6ae2ee60c76dbab901,baseball,mlb,2026_05_26,07:40 PM,Kansas City Royals,New York Yankees,run_line,home,1.5,home_run_line,104.0,0.5848472226978099,0.1930883343035321,0.1856618599072424,0,824106,1,final,2026-08-30T13:46:52.825323+00:00,1,15,16,1.5,-1.5,9.0,Loss
ba00397c03fc2b6ae2ee60c76dbab901,baseball,mlb,2026_05_26,07:40 PM,Kansas City Royals,New York Yankees,total,under,9.0,under_total,-119.0,0.7255947699974075,0.4375147403384473,0.5798940675627567,0,824106,1,final,2026-08-30T13:46:52.825323+00:00,1,15,16,1.5,-1.5,9.0,Loss
d8d4e1b2c44eb56c7b6ab81de4f6b385,baseball,mlb,2026_05_26,08:05 PM,Texas Rangers,Houston Astros,run_line,away,1.5,away_run_line,-185.0,0.767764347602216,0.1827721030628732,0.3381283906663156,0,822898,1,final,2026-08-30T13:46:52.825323+00:00,10,7,17,-1.5,1.5,8.0,Loss
d8d4e1b2c44eb56c7b6ab81de4f6b385,baseball,mlb,2026_05_26,08:05 PM,Texas Rangers,Houston Astros,total,under,8.0,under_total,-107.0,0.5522935066532813,0.2037307444257809,0.2520939225913153,0,822898,1,final,2026-08-30T13:46:52.825323+00:00,10,7,17,-1.5,1.5,8.0,Loss
d8d4e1b2c44eb56c7b6ab81de4f6b385,baseball,mlb,2026_05_26,08:05 PM,Texas Rangers,Houston Astros,moneyline,away,,away_moneyline,114.0,0.5749091321730255,0.2303055428502747,0.2020224060090129,0,822898,1,final,2026-08-30T13:46:52.825323+00:00,10,7,17,-1.5,1.5,8.0,Loss
e3e38b1f0ba0517d7e95030e6f0b6a8d,baseball,mlb,2026_05_26,06:10 PM,Cleveland Guardians,Washington Nationals,run_line,away,1.5,away_run_line,-188.0,0.7258799849880841,0.1119863599817458,0.2105343567656823,0,824434,1,final,2026-08-30T13:46:52.825323+00:00,3,6,9,-1.5,1.5,7.5,Win
e3e38b1f0ba0517d7e95030e6f0b6a8d,baseball,mlb,2026_05_26,06:10 PM,Cleveland Guardians,Washington Nationals,total,under,7.5,under_total,-103.0,0.5912136068189653,0.1652073998470868,0.1701636218424994,0,824434,1,final,2026-08-30T13:46:52.825323+00:00,3,6,9,-1.5,1.5,7.5,Loss
e3e38b1f0ba0517d7e95030e6f0b6a8d,baseball,mlb,2026_05_26,06:10 PM,Cleveland Guardians,Washington Nationals,moneyline,away,,away_moneyline,112.0,0.5102526036853235,0.0817355198128859,0.0729781426900767,0,824434,1,final,2026-08-30T13:46:52.825323+00:00,3,6,9,-1.5,1.5,7.5,Win
0320eab1e5e078823858b2f7f29d919a,baseball,mlb,2026_05_27,01:10 PM,Cleveland Guardians,Washington Nationals,run_line,away,1.5,away_run_line,-131.0,0.7254950498011926,0.2793080649166066,0.3658935650407548,0,824432,1,final,2026-08-30T13:46:52.825323+00:00,3,2,5,-1.5,1.5,7.5,Win
0320eab1e5e078823858b2f7f29d919a,baseball,mlb,2026_05_27,01:10 PM,Cleveland Guardians,Washington Nationals,total,over,7.5,over_total,-117.0,0.5401392488416566,0.0017967264840983,0.002102169986395,0,824432,1,final,2026-08-30T13:46:52.825323+00:00,3,2,5,-1.5,1.5,7.5,Loss
0320eab1e5e078823858b2f7f29d919a,baseball,mlb,2026_05_27,01:10 PM,Cleveland Guardians,Washington Nationals,moneyline,away,,away_moneyline,158.0,0.5256733621469243,0.3562372743390647,0.2254666293285219,0,824432,1,final,2026-08-30T13:46:52.825323+00:00,3,2,5,-1.5,1.5,7.5,Loss
08f2eded5b37b8a80dd09b88ff5a13bc,baseball,mlb,2026_05_27,01:40 PM,Milwaukee Brewers,St Louis Cardinals,run_line,away,1.5,away_run_line,-166.0,0.6901748643502159,0.1059428549226351,0.1758651391715743,0,,,final,2026-08-30T13:46:52.825323+00:00,2,1,3,,,,Win
08f2eded5b37b8a80dd09b88ff5a13bc,baseball,mlb,2026_05_27,01:40 PM,Milwaukee Brewers,St Louis Cardinals,total,over,8.5,over_total,-102.0,0.5639720924877013,0.1168859086521141,0.1192236268251564,0,,,final,2026-08-30T13:46:52.825323+00:00,2,1,3,,,,Loss
08f2eded5b37b8a80dd09b88ff5a13bc,baseball,mlb,2026_05_27,01:40 PM,Milwaukee Brewers,St Louis Cardinals,moneyline,away,,away_moneyline,127.0,0.496126911155423,0.1262080883228102,0.0993764474982757,0,,,final,2026-08-30T13:46:52.825323+00:00,2,1,3,,,,Loss
0bf247d0cff39f586755507c71b2d50c,baseball,mlb,2026_05_27,03:45 PM,San Francisco Giants,Arizona Diamondbacks,run_line,home,1.5,home_run_line,-156.0,0.7373990675650589,0.2100907775426608,0.3277416129665508,0,823217,1,final,2026-08-30T13:46:52.825323+00:00,2,3,5,1.5,-1.5,7.5,Win
0bf247d0cff39f586755507c71b2d50c,baseball,mlb,2026_05_27,03:45 PM,San Francisco Giants,Arizona Diamondbacks,total,over,7.5,over_total,-106.0,0.6961281745751483,0.3528528675705712,0.3740240396248054,0,823217,1,final,2026-08-30T13:46:52.825323+00:00,2,3,5,1.5,-1.5,7.5,Loss
0bf247d0cff39f586755507c71b2d50c,baseball,mlb,2026_05_27,03:45 PM,San Francisco Giants,Arizona Diamondbacks,moneyline,home,,home_moneyline,112.0,0.5591488353065935,0.1853955308499784,0.165531723973195,0,823217,1,final,2026-08-30T13:46:52.825323+00:00,2,3,5,1.5,-1.5,7.5,Loss
163227043e0edc8544e84f24250fe6b3,baseball,mlb,2026_05_27,06:35 PM,Baltimore Orioles,Tampa Bay Rays,run_line,home,1.5,home_run_line,-172.0,0.6740250227495044,0.0659000359759605,0.113348061878652,0,824836,1,final,2026-08-30T13:46:52.825323+00:00,11,2,13,1.5,-1.5,9.0,Win
163227043e0edc8544e84f24250fe6b3,baseball,mlb,2026_05_27,06:35 PM,Baltimore Orioles,Tampa Bay Rays,total,under,9.0,under_total,-109.0,0.6963875521891318,0.4434966156051888,0.5420754786830879,0,824836,1,final,2026-08-30T13:46:52.825323+00:00,11,2,13,1.5,-1.5,9.0,Loss
163227043e0edc8544e84f24250fe6b3,baseball,mlb,2026_05_27,06:35 PM,Baltimore Orioles,Tampa Bay Rays,moneyline,away,,away_moneyline,-114.0,0.5546847774195615,0.0412503716472469,0.0470254236778615,0,824836,1,final,2026-08-30T13:46:52.825323+00:00,11,2,13,1.5,-1.5,9.0,Loss
228dd3c2e156b75b9ed49b10de2e6765,baseball,mlb,2026_05_27,08:05 PM,Texas Rangers,Houston Astros,run_line,away,1.5,away_run_line,-156.0,0.6143002491190059,0.0080824600927276,0.0126086377446551,0,822897,1,final,2026-08-30T13:46:52.825323+00:00,3,4,7,-1.5,1.5,7.5,Win
228dd3c2e156b75b9ed49b10de2e6765,baseball,mlb,2026_05_27,08:05 PM,Texas Rangers,Houston Astros,total,over,7.5,over_total,-107.0,0.5776965193557971,0.1175998084733647,0.1258317950665002,0,822897,1,final,2026-08-30T13:46:52.825323+00:00,3,4,7,-1.5,1.5,7.5,Loss
22b2c62258204f36738be815101ba92b,baseball,mlb,2026_05_27,06:40 PM,Detroit Tigers,Los Angeles Angels,run_line,away,1.5,away_run_line,-200.0,0.6836475346145574,0.0254713019218359,0.0509426038436722,0,824270,1,final,2026-08-30T13:46:52.825323+00:00,4,0,4,-1.5,1.5,7.5,Loss
22b2c62258204f36738be815101ba92b,baseball,mlb,2026_05_27,06:40 PM,Detroit Tigers,Los Angeles Angels,total,over,7.5,over_total,-109.0,0.6221923581514563,0.1930110353546273,0.2103820285365437,0,824270,1,final,2026-08-30T13:46:52.825323+00:00,4,0,4,-1.5,1.5,7.5,Loss
2b326f001d0f02dd0d2032f5291d9966,baseball,mlb,2026_05_27,06:40 PM,Pittsburgh Pirates,Chicago Cubs,run_line,home,1.5,home_run_line,-175.0,0.6759557225871395,0.0622161354940764,0.1088782371146337,0,823376,1,final,2026-08-30T13:46:52.825323+00:00,4,10,14,1.5,-1.5,8.5,Loss
2b326f001d0f02dd0d2032f5291d9966,baseball,mlb,2026_05_27,06:40 PM,Pittsburgh Pirates,Chicago Cubs,total,under,8.5,under_total,100.0,0.7972195465379743,0.5944390930759487,0.5944390930759487,0,823376,1,final,2026-08-30T13:46:52.825323+00:00,4,10,14,1.5,-1.5,8.5,Loss
2b326f001d0f02dd0d2032f5291d9966,baseball,mlb,2026_05_27,06:40 PM,Pittsburgh Pirates,Chicago Cubs,moneyline,away,,away_moneyline,-105.0,0.5691352437480932,0.1111688092224676,0.116727249683591,0,823376,1,final,2026-08-30T13:46:52.825323+00:00,4,10,14,1.5,-1.5,8.5,Win
37259b2bbe7415ecdf587502c33a932d,baseball,mlb,2026_05_27,04:10 PM,San Diego Padres,Philadelphia Phillies,total,under,7.0,under_total,104.0,0.5478166357611272,0.262054187639913,0.2945384109494966,0,823295,1,final,2026-08-30T13:46:52.825323+00:00,0,3,3,1.5,-1.5,7.0,Win
37259b2bbe7415ecdf587502c33a932d,baseball,mlb,2026_05_27,04:10 PM,San Diego Padres,Philadelphia Phillies,moneyline,away,,away_moneyline,-163.0,0.6961203591543862,0.123188064157077,0.2007965445760356,0,823295,1,final,2026-08-30T13:46:52.825323+00:00,0,3,3,1.5,-1.5,7.0,Win
5245e46d5b599afb14e52536df8267e9,baseball,mlb,2026_05_27,07:40 PM,Chicago White Sox,Minnesota Twins,run_line,home,-1.5,home_run_line,163.0,0.3927139352514621,0.0328376497113451,0.0201457973689234,0,824596,1,final,2026-08-30T13:46:52.825323+00:00,15,2,17,-1.5,1.5,8.0,Win
5245e46d5b599afb14e52536df8267e9,baseball,mlb,2026_05_27,07:40 PM,Chicago White Sox,Minnesota Twins,total,under,8.0,under_total,-105.0,0.4889853991068545,0.0936970403111089,0.11426617780465,0,824596,1,final,2026-08-30T13:46:52.825323+00:00,15,2,17,-1.5,1.5,8.0,Loss
5245e46d5b599afb14e52536df8267e9,baseball,mlb,2026_05_27,07:40 PM,Chicago White Sox,Minnesota Twins,moneyline,home,,home_moneyline,-125.0,0.6257781741596661,0.126400713487399,0.1580008918592487,0,824596,1,final,2026-08-30T13:46:52.825323+00:00,15,2,17,-1.5,1.5,8.0,Win
6dd8c66f2fcc65059e5f099901f4a42b,baseball,mlb,2026_05_27,01:07 PM,Toronto Blue Jays,Miami Marlins,run_line,away,1.5,away_run_line,-163.0,0.7423019899378169,0.1977019837646985,0.3222542335364585,0,822809,1,final,2026-08-30T13:46:52.825323+00:00,2,1,3,-1.5,1.5,7.5,Win
6dd8c66f2fcc65059e5f099901f4a42b,baseball,mlb,2026_05_27,01:07 PM,Toronto Blue Jays,Miami Marlins,total,over,7.5,over_total,-113.0,0.5308249249160903,0.0005814956382939,0.0006570900712721,0,822809,1,final,2026-08-30T13:46:52.825323+00:00,2,1,3,-1.5,1.5,7.5,Loss
6dd8c66f2fcc65059e5f099901f4a42b,baseball,mlb,2026_05_27,01:07 PM,Toronto Blue Jays,Miami Marlins,moneyline,away,,away_moneyline,134.0,0.5479000973184379,0.2820862277251446,0.2105121102426453,0,822809,1,final,2026-08-30T13:46:52.825323+00:00,2,1,3,-1.5,1.5,7.5,Loss
880e1e94ed3cbd5f07937fd05887eb09,baseball,mlb,2026_05_27,06:45 PM,Boston Red Sox,Atlanta Braves,run_line,away,-1.5,away_run_line,135.0,0.5564465929813556,0.3076494935061855,0.2278885137082856,0,824756,1,final,2026-08-30T13:46:52.825323+00:00,8,0,8,1.5,-1.5,8.0,Loss
880e1e94ed3cbd5f07937fd05887eb09,baseball,mlb,2026_05_27,06:45 PM,Boston Red Sox,Atlanta Braves,total,under,8.0,under_total,-102.0,0.5104073018904157,0.1489380538401261,0.1762644808359668,0,824756,1,final,2026-08-30T13:46:52.825323+00:00,8,0,8,1.5,-1.5,8.0,Push
880e1e94ed3cbd5f07937fd05887eb09,baseball,mlb,2026_05_27,06:45 PM,Boston Red Sox,Atlanta Braves,moneyline,away,,away_moneyline,-120.0,0.7895756130237775,0.447555290543592,0.5370663486523106,0,824756,1,final,2026-08-30T13:46:52.825323+00:00,8,0,8,1.5,-1.5,8.0,Loss
a9124c7ee5e65da688ee0e5e3c192445,baseball,mlb,2026_05_27,07:40 PM,Kansas City Royals,New York Yankees,run_line,away,-1.5,away_run_line,104.0,0.4983154946046675,0.0165636089935217,0.0159265471091554,0,824104,1,final,2026-08-30T13:46:52.825323+00:00,0,7,7,1.5,-1.5,9.0,Win
a9124c7ee5e65da688ee0e5e3c192445,baseball,mlb,2026_05_27,07:40 PM,Kansas City Royals,New York Yankees,total,over,9.0,over_total,-112.0,0.6212082768152428,0.2908415821371372,0.3680636568587651,0,824104,1,final,2026-08-30T13:46:52.825323+00:00,0,7,7,1.5,-1.5,9.0,Loss
a9124c7ee5e65da688ee0e5e3c192445,baseball,mlb,2026_05_27,07:40 PM,Kansas City Royals,New York Yankees,moneyline,away,,away_moneyline,-156.0,0.698903486516594,0.1469185419759491,0.2291929254824804,0,824104,1,final,2026-08-30T13:46:52.825323+00:00,0,7,7,1.5,-1.5,9.0,Win
adfc9cd4529fc7b4ed6fb31e0e3d714c,baseball,mlb,2026_05_27,03:05 PM,Athletics,Seattle Mariners,run_line,home,1.5,home_run_line,-147.0,0.6276167470408736,0.0545669150958894,0.0802133651909575,0,,,final,2026-08-30T13:46:52.825323+00:00,1,9,10,,,,Loss
adfc9cd4529fc7b4ed6fb31e0e3d714c,baseball,mlb,2026_05_27,03:05 PM,Athletics,Seattle Mariners,total,under,9.0,under_total,-106.0,0.6640715115677356,0.4046420393292346,0.484157057369955,0,,,final,2026-08-30T13:46:52.825323+00:00,1,9,10,,,,Loss
adfc9cd4529fc7b4ed6fb31e0e3d714c,baseball,mlb,2026_05_27,03:05 PM,Athletics,Seattle Mariners,moneyline,away,,away_moneyline,-131.0,0.6069281255717637,0.0702320382219647,0.0920039700707738,0,,,final,2026-08-30T13:46:52.825323+00:00,1,9,10,,,,Win
ded9b9a083989d5a8249364b1eb5a293,baseball,mlb,2026_05_27,07:10 PM,New York Mets,Cincinnati Reds,run_line,home,1.5,home_run_line,-185.0,0.7956423724854533,0.2257193305856983,0.4175807615835419,0,823626,1,final,2026-08-30T13:46:52.825323+00:00,4,2,6,1.5,-1.5,8.0,Win
ded9b9a083989d5a8249364b1eb5a293,baseball,mlb,2026_05_27,07:10 PM,New York Mets,Cincinnati Reds,total,under,8.0,under_total,-102.0,0.6820876427350258,0.4678296553429529,0.5404323046588214,0,823626,1,final,2026-08-30T13:46:52.825323+00:00,4,2,6,1.5,-1.5,8.0,Win
ded9b9a083989d5a8249364b1eb5a293,baseball,mlb,2026_05_27,07:10 PM,New York Mets,Cincinnati Reds,moneyline,home,,home_moneyline,-120.0,0.6004339440949841,0.1007955641741373,0.1209546770089648,0,823626,1,final,2026-08-30T13:46:52.825323+00:00,4,2,6,1.5,-1.5,8.0,Win
26a9e538184a6f2d2c207fd1872bd028,baseball,mlb,2026_05_28,02:10 PM,Chicago White Sox,Minnesota Twins,run_line,away,1.5,away_run_line,-172.0,0.6589082347617082,0.0419944177627014,0.0722303985518465,0,824595,1,final,2026-08-30T13:46:52.825323+00:00,6,2,8,-1.5,1.5,7.5,Loss
28a4545a50aea1be3bff69f0dea3afcc,baseball,mlb,2026_05_28,01:10 PM,Detroit Tigers,Los Angeles Angels,run_line,away,1.5,away_run_line,-181.0,0.7289722008154267,0.131719273089143,0.2384118842913489,0,824272,1,final,2026-08-30T13:46:52.825323+00:00,1,7,8,-1.5,1.5,8.5,Win
28a4545a50aea1be3bff69f0dea3afcc,baseball,mlb,2026_05_28,01:10 PM,Detroit Tigers,Los Angeles Angels,total,over,8.5,over_total,-103.0,0.7576571453583134,0.4932466068712391,0.5080440050773762,0,824272,1,final,2026-08-30T13:46:52.825323+00:00,1,7,8,-1.5,1.5,8.5,Loss
28a4545a50aea1be3bff69f0dea3afcc,baseball,mlb,2026_05_28,01:10 PM,Detroit Tigers,Los Angeles Angels,moneyline,away,,away_moneyline,112.0,0.5660621575736244,0.2000517740560838,0.1786176554072177,0,824272,1,final,2026-08-30T13:46:52.825323+00:00,1,7,8,-1.5,1.5,8.5,Win
5bacfc86e437d15ee2ffef91a1562308,baseball,mlb,2026_05_28,08:05 PM,Texas Rangers,Houston Astros,run_line,away,1.5,away_run_line,-192.0,0.6978658675839777,0.0613376736172996,0.1177683333452153,0,822896,1,final,2026-08-30T13:46:52.825323+00:00,1,5,6,-1.5,1.5,7.5,Win
5bacfc86e437d15ee2ffef91a1562308,baseball,mlb,2026_05_28,08:05 PM,Texas Rangers,Houston Astros,total,over,7.5,over_total,102.0,0.744118181165136,0.5031187259535748,0.4932536528956615,0,822896,1,final,2026-08-30T13:46:52.825323+00:00,1,5,6,-1.5,1.5,7.5,Loss
5bacfc86e437d15ee2ffef91a1562308,baseball,mlb,2026_05_28,08:05 PM,Texas Rangers,Houston Astros,moneyline,away,,away_moneyline,119.0,0.5119473121796031,0.1211646136733308,0.1018190030868325,0,822896,1,final,2026-08-30T13:46:52.825323+00:00,1,5,6,-1.5,1.5,7.5,Win
6072e0886fb927d9ece5f578024d31e2,baseball,mlb,2026_05_28,04:10 PM,Boston Red Sox,Atlanta Braves,run_line,away,-1.5,away_run_line,129.0,0.4409164566402267,0.0096986857061192,0.0075183610124955,0,824757,1,final,2026-08-30T13:46:52.825323+00:00,2,10,12,1.5,-1.5,6.5,Win
6072e0886fb927d9ece5f578024d31e2,baseball,mlb,2026_05_28,04:10 PM,Boston Red Sox,Atlanta Braves,total,over,6.5,over_total,-125.0,0.6296718584128085,0.1334093451430552,0.1667616814288189,0,824757,1,final,2026-08-30T13:46:52.825323+00:00,2,10,12,1.5,-1.5,6.5,Win
6072e0886fb927d9ece5f578024d31e2,baseball,mlb,2026_05_28,04:10 PM,Boston Red Sox,Atlanta Braves,moneyline,away,,away_moneyline,-136.0,0.6816607683705277,0.182881921584151,0.2487194133544454,0,824757,1,final,2026-08-30T13:46:52.825323+00:00,2,10,12,1.5,-1.5,6.5,Win
f83cd7ff929aebf58050093ee52c8a86,baseball,mlb,2026_05_28,06:35 PM,Baltimore Orioles,Toronto Blue Jays,total,under,8.5,under_total,-104.0,0.5151711306089217,0.0105279869636542,0.0109491064422003,0,824834,1,final,2026-08-30T13:46:52.825323+00:00,1,2,3,-1.5,1.5,8.5,Win
f83cd7ff929aebf58050093ee52c8a86,baseball,mlb,2026_05_28,06:35 PM,Baltimore Orioles,Toronto Blue Jays,moneyline,home,,home_moneyline,-131.0,0.6088538015969696,0.0736276959458011,0.0964522816889994,0,824834,1,final,2026-08-30T13:46:52.825323+00:00,1,2,3,-1.5,1.5,8.5,Loss
0efc76f321b5fc7e72e7e7641d5667f6,baseball,mlb,2026_05_29,06:40 PM,Cincinnati Reds,Atlanta Braves,run_line,away,-1.5,away_run_line,114.0,0.5321527167856819,0.1388068139213591,0.1217603630889116,0,824515,1,final,2026-08-30T13:46:52.825323+00:00,3,8,11,1.5,-1.5,9.5,Win
0efc76f321b5fc7e72e7e7641d5667f6,baseball,mlb,2026_05_29,06:40 PM,Cincinnati Reds,Atlanta Braves,total,under,9.5,under_total,-117.0,0.5639273905658293,0.0459166132716663,0.0537224375278496,0,824515,1,final,2026-08-30T13:46:52.825323+00:00,3,8,11,1.5,-1.5,9.5,Loss
0efc76f321b5fc7e72e7e7641d5667f6,baseball,mlb,2026_05_29,06:40 PM,Cincinnati Reds,Atlanta Braves,moneyline,away,,away_moneyline,-135.0,0.7470434504887941,0.3004089693693823,0.405552108648666,0,824515,1,final,2026-08-30T13:46:52.825323+00:00,3,8,11,1.5,-1.5,9.5,Win
1587b2f52f5f1a490cebb01e524ec361,baseball,mlb,2026_05_29,07:40 PM,Chicago White Sox,Detroit Tigers,run_line,home,1.5,home_run_line,-181.0,0.7385656524611572,0.1466129742629014,0.2653694834158518,0,824594,1,final,2026-08-30T13:46:52.825323+00:00,4,3,7,1.5,-1.5,8.5,Win
1587b2f52f5f1a490cebb01e524ec361,baseball,mlb,2026_05_29,07:40 PM,Chicago White Sox,Detroit Tigers,moneyline,home,,home_moneyline,-112.0,0.5545363451518907,0.0496580818946501,0.0556170517220081,0,824594,1,final,2026-08-30T13:46:52.825323+00:00,4,3,7,1.5,-1.5,8.5,Win
18e8a4acb1d40019544cfef0a5f07ef1,baseball,mlb,2026_05_29,10:15 PM,Los Angeles Dodgers,Philadelphia Phillies,run_line,home,1.5,home_run_line,-188.0,0.6992256101011036,0.0711541261123289,0.1337697570911784,0,823946,1,final,2026-08-30T13:46:52.825323+00:00,4,2,6,1.5,-1.5,8.0,Win
18e8a4acb1d40019544cfef0a5f07ef1,baseball,mlb,2026_05_29,10:15 PM,Los Angeles Dodgers,Philadelphia Phillies,moneyline,away,,away_moneyline,100.0,0.502764804029009,0.005529608058018,0.005529608058018,0,823946,1,final,2026-08-30T13:46:52.825323+00:00,4,2,6,1.5,-1.5,8.0,Loss
2106f4fc8ef576eac2a39262d02f66e7,baseball,mlb,2026_05_29,08:40 PM,Colorado Rockies,San Francisco Giants,run_line,away,-1.5,away_run_line,-101.0,0.8238027002685262,0.6394489381581561,0.6458434275397377,0,824353,1,final,2026-08-30T13:46:52.825323+00:00,8,6,14,1.5,-1.5,10.5,Loss
2106f4fc8ef576eac2a39262d02f66e7,baseball,mlb,2026_05_29,08:40 PM,Colorado Rockies,San Francisco Giants,total,over,10.5,over_total,-106.0,0.562047742722792,0.0922814622725958,0.0978183500089515,0,824353,1,final,2026-08-30T13:46:52.825323+00:00,8,6,14,1.5,-1.5,10.5,Win
2106f4fc8ef576eac2a39262d02f66e7,baseball,mlb,2026_05_29,08:40 PM,Colorado Rockies,San Francisco Giants,moneyline,away,,away_moneyline,-153.0,0.9376982112053924,0.550572859052054,0.8423764743496428,0,824353,1,final,2026-08-30T13:46:52.825323+00:00,8,6,14,1.5,-1.5,10.5,Loss
26c7991c125b7365c82472e2468e59a6,baseball,mlb,2026_05_29,09:40 PM,Athletics,New York Yankees,run_line,away,-1.5,away_run_line,119.0,0.4648640153991092,0.0180521937240492,0.0151699106924783,0,,,final,2026-08-30T13:46:52.825323+00:00,2,8,10,,,,Win
26c7991c125b7365c82472e2468e59a6,baseball,mlb,2026_05_29,09:40 PM,Athletics,New York Yankees,total,under,9.5,under_total,-112.0,0.6371969181523192,0.2061227379311755,0.2308574664829166,0,,,final,2026-08-30T13:46:52.825323+00:00,2,8,10,,,,Loss
26c7991c125b7365c82472e2468e59a6,baseball,mlb,2026_05_29,09:40 PM,Athletics,New York Yankees,moneyline,away,,away_moneyline,-142.0,0.6895811362967876,0.175201654815652,0.248786349838226,0,,,final,2026-08-30T13:46:52.825323+00:00,2,8,10,,,,Win
274a30921628d47bff96d4b5f37f6a19,baseball,mlb,2026_05_29,08:10 PM,Houston Astros,Milwaukee Brewers,run_line,home,1.5,home_run_line,-151.0,0.7210706596777412,0.1986008978749207,0.2998873557911304,0,824191,1,final,2026-08-30T13:46:52.825323+00:00,4,5,9,1.5,-1.5,8.5,Win
274a30921628d47bff96d4b5f37f6a19,baseball,mlb,2026_05_29,08:10 PM,Houston Astros,Milwaukee Brewers,total,under,8.5,under_total,-114.0,0.6174793940078406,0.1591279852427884,0.1814059031767788,0,824191,1,final,2026-08-30T13:46:52.825323+00:00,4,5,9,1.5,-1.5,8.5,Loss
274a30921628d47bff96d4b5f37f6a19,baseball,mlb,2026_05_29,08:10 PM,Houston Astros,Milwaukee Brewers,moneyline,home,,home_moneyline,112.0,0.5175341448258253,0.0971723870307497,0.0867610598488835,0,824191,1,final,2026-08-30T13:46:52.825323+00:00,4,5,9,1.5,-1.5,8.5,Loss
4018fbc29a76d2079208cbe8913a9de1,baseball,mlb,2026_05_29,07:15 PM,St Louis Cardinals,Chicago Cubs,run_line,home,1.5,home_run_line,-151.0,0.6031537781002247,0.0025933662460688,0.0039159830315641,0,,,final,2026-08-30T13:46:52.825323+00:00,6,5,11,,,,Win
4018fbc29a76d2079208cbe8913a9de1,baseball,mlb,2026_05_29,07:15 PM,St Louis Cardinals,Chicago Cubs,total,over,7.5,over_total,-112.0,0.6010881581178364,0.1377740135801903,0.1543068952098131,0,,,final,2026-08-30T13:46:52.825323+00:00,6,5,11,,,,Win
4018fbc29a76d2079208cbe8913a9de1,baseball,mlb,2026_05_29,07:15 PM,St Louis Cardinals,Chicago Cubs,moneyline,away,,away_moneyline,-136.0,0.6198737150603463,0.075663211428248,0.1029019675424172,0,,,final,2026-08-30T13:46:52.825323+00:00,6,5,11,,,,Loss
57848c1e5cf12fb46c9c6e5c89c1022e,baseball,mlb,2026_05_29,08:05 PM,Texas Rangers,Kansas City Royals,run_line,away,1.5,away_run_line,-192.0,0.7978839359181107,0.2134484858754604,0.4098210928808835,0,822894,1,final,2026-08-30T13:46:52.825323+00:00,9,1,10,-1.5,1.5,7.5,Loss
57848c1e5cf12fb46c9c6e5c89c1022e,baseball,mlb,2026_05_29,08:05 PM,Texas Rangers,Kansas City Royals,total,over,7.5,over_total,-103.0,0.56986437583283,0.1231307601365484,0.1268246829406449,0,822894,1,final,2026-08-30T13:46:52.825323+00:00,9,1,10,-1.5,1.5,7.5,Win
57848c1e5cf12fb46c9c6e5c89c1022e,baseball,mlb,2026_05_29,08:05 PM,Texas Rangers,Kansas City Royals,moneyline,away,,away_moneyline,114.0,0.6330034662664545,0.3546274178102129,0.3110766822896603,0,822894,1,final,2026-08-30T13:46:52.825323+00:00,9,1,10,-1.5,1.5,7.5,Loss
6493e9132fdd464eebd5031d8ad02c41,baseball,mlb,2026_05_29,07:10 PM,New York Mets,Miami Marlins,total,under,7.5,under_total,-123.0,0.5797384156922893,0.0510704609705733,0.0628166669938052,0,823623,1,final,2026-08-30T13:46:52.825323+00:00,9,7,16,1.5,-1.5,7.5,Loss
6493e9132fdd464eebd5031d8ad02c41,baseball,mlb,2026_05_29,07:10 PM,New York Mets,Miami Marlins,moneyline,away,,away_moneyline,-103.0,0.5930642319346279,0.1688547483760141,0.1739203908272946,0,823623,1,final,2026-08-30T13:46:52.825323+00:00,9,7,16,1.5,-1.5,7.5,Loss
765d27e397e587aa1885002dd751e9da,baseball,mlb,2026_05_29,06:45 PM,Pittsburgh Pirates,Minnesota Twins,run_line,away,1.5,away_run_line,-192.0,0.6667902224516837,0.0140767966452692,0.027027449558917,0,823377,1,final,2026-08-30T13:46:52.825323+00:00,6,5,11,-1.5,1.5,8.0,Win
765d27e397e587aa1885002dd751e9da,baseball,mlb,2026_05_29,06:45 PM,Pittsburgh Pirates,Minnesota Twins,total,over,8.0,over_total,-109.0,0.460872971363928,0.0220385427859645,0.0278789640417642,0,823377,1,final,2026-08-30T13:46:52.825323+00:00,6,5,11,-1.5,1.5,8.0,Win
8c92a04b11da0a1f6f84d1dfd48fbf9d,baseball,mlb,2026_05_29,06:45 PM,Washington Nationals,San Diego Padres,run_line,home,1.5,home_run_line,-175.0,0.6483983443509306,0.0189116839800338,0.033095446965059,0,822732,1,final,2026-08-30T13:46:52.825323+00:00,5,7,12,1.5,-1.5,9.5,Loss
8c92a04b11da0a1f6f84d1dfd48fbf9d,baseball,mlb,2026_05_29,06:45 PM,Washington Nationals,San Diego Padres,total,under,9.5,under_total,-121.0,0.6240956824151251,0.1398772381301048,0.1692514581374267,0,822732,1,final,2026-08-30T13:46:52.825323+00:00,5,7,12,1.5,-1.5,9.5,Loss
8c92a04b11da0a1f6f84d1dfd48fbf9d,baseball,mlb,2026_05_29,06:45 PM,Washington Nationals,San Diego Padres,moneyline,away,,away_moneyline,-104.0,0.5619861118920294,0.1023573733266731,0.10645166825974,0,822732,1,final,2026-08-30T13:46:52.825323+00:00,5,7,12,1.5,-1.5,9.5,Win
95952a4215c0c1d281c4dcbed7471d28,baseball,mlb,2026_05_29,07:10 PM,Tampa Bay Rays,Los Angeles Angels,total,over,8.0,over_total,-107.0,0.602133003770507,0.2889755131572704,0.3530132295677085,0,822978,1,final,2026-08-30T13:46:52.825323+00:00,8,5,13,-1.5,1.5,8.0,Win
95952a4215c0c1d281c4dcbed7471d28,baseball,mlb,2026_05_29,07:10 PM,Tampa Bay Rays,Los Angeles Angels,moneyline,home,,home_moneyline,-172.0,0.656385633312498,0.0380051875639504,0.0653689226099947,0,822978,1,final,2026-08-30T13:46:52.825323+00:00,8,5,13,-1.5,1.5,8.0,Win
bc8152dee5f6a9c85e452cc78f0747e4,baseball,mlb,2026_05_29,10:10 PM,Seattle Mariners,Arizona Diamondbacks,run_line,away,1.5,away_run_line,-192.0,0.7746463857144977,0.178108044940799,0.3419674462863336,0,823135,1,final,2026-08-30T13:46:52.825323+00:00,7,6,13,-1.5,1.5,7.0,Win
bc8152dee5f6a9c85e452cc78f0747e4,baseball,mlb,2026_05_29,10:10 PM,Seattle Mariners,Arizona Diamondbacks,total,over,7.0,over_total,-117.0,0.4770638466015156,0.0311798345941622,0.0427355745044646,0,823135,1,final,2026-08-30T13:46:52.825323+00:00,7,6,13,-1.5,1.5,7.0,Win
bc8152dee5f6a9c85e452cc78f0747e4,baseball,mlb,2026_05_29,10:10 PM,Seattle Mariners,Arizona Diamondbacks,moneyline,away,,away_moneyline,114.0,0.5884528467863716,0.2592890921228352,0.2274465720375747,0,823135,1,final,2026-08-30T13:46:52.825323+00:00,7,6,13,-1.5,1.5,7.0,Loss
d32dadf5a576ba276bac1775287783ba,baseball,mlb,2026_05_29,07:10 PM,Cleveland Guardians,Boston Red Sox,run_line,away,1.5,away_run_line,-200.0,0.808342483048698,0.212513724573047,0.4250274491460941,0,824433,1,final,2026-08-30T13:46:52.825323+00:00,4,3,7,-1.5,1.5,8.0,Win
d32dadf5a576ba276bac1775287783ba,baseball,mlb,2026_05_29,07:10 PM,Cleveland Guardians,Boston Red Sox,total,under,8.0,under_total,-113.0,0.4714911891754563,0.0281736337727027,0.0369944798379652,0,824433,1,final,2026-08-30T13:46:52.825323+00:00,4,3,7,-1.5,1.5,8.0,Win
d32dadf5a576ba276bac1775287783ba,baseball,mlb,2026_05_29,07:10 PM,Cleveland Guardians,Boston Red Sox,moneyline,away,,away_moneyline,108.0,0.644843803329393,0.3412751109251373,0.3159954730788309,0,824433,1,final,2026-08-30T13:46:52.825323+00:00,4,3,7,-1.5,1.5,8.0,Loss
ddd9481c210fa90dea318ad8e185cf22,baseball,mlb,2026_05_29,07:05 PM,Baltimore Orioles,Toronto Blue Jays,run_line,away,1.5,away_run_line,-192.0,0.7230979270847434,0.0997114307747142,0.1914459470874512,0,824835,1,final,2026-08-30T13:46:52.825323+00:00,5,6,11,-1.5,1.5,9.0,Win
ddd9481c210fa90dea318ad8e185cf22,baseball,mlb,2026_05_29,07:05 PM,Baltimore Orioles,Toronto Blue Jays,total,under,9.0,under_total,-112.0,0.509620818175783,0.09518353422639,0.122611810230921,0,824835,1,final,2026-08-30T13:46:52.825323+00:00,5,6,11,-1.5,1.5,9.0,Loss
ddd9481c210fa90dea318ad8e185cf22,baseball,mlb,2026_05_29,07:05 PM,Baltimore Orioles,Toronto Blue Jays,moneyline,away,,away_moneyline,108.0,0.5321036335728554,0.1067755578315392,0.0988662572514252,0,824835,1,final,2026-08-30T13:46:52.825323+00:00,5,6,11,-1.5,1.5,9.0,Win
63299501,baseball,mlb,2026_05_30,04:05 PM,Texas Rangers,Kansas City Royals,run_line,home,1.5,home_run_line,-196.0,0.8142680550799173,0.229710940324773,0.4502334430365551,0,822893,1,final,2026-08-30T13:46:52.825323+00:00,7,6,13,1.5,-1.5,8.0,Win
63299501,baseball,mlb,2026_05_30,04:05 PM,Texas Rangers,Kansas City Royals,moneyline,home,,home_moneyline,-120.0,0.656781658648072,0.2040997075214654,0.2449196490257584,0,822893,1,final,2026-08-30T13:46:52.825323+00:00,7,6,13,1.5,-1.5,8.0,Win
63299521,baseball,mlb,2026_05_30,02:10 PM,Chicago White Sox,Detroit Tigers,run_line,home,1.5,home_run_line,-175.0,0.6854946337842927,0.0772058530896027,0.1351102429068047,0,824593,1,final,2026-08-30T13:46:52.825323+00:00,7,1,8,1.5,-1.5,7.5,Win
63299639,baseball,mlb,2026_05_30,04:05 PM,Washington Nationals,San Diego Padres,run_line,home,1.5,home_run_line,-158.0,0.7656709280980739,0.2502727813247027,0.3954309944930305,0,822731,1,final,2026-08-30T13:46:52.825323+00:00,9,4,13,1.5,-1.5,7.5,Win
63299639,baseball,mlb,2026_05_30,04:05 PM,Washington Nationals,San Diego Padres,total,over,7.5,over_total,-109.0,0.6690902260469207,0.2829344701266646,0.3083985724380644,0,822731,1,final,2026-08-30T13:46:52.825323+00:00,9,4,13,1.5,-1.5,7.5,Win
63299639,baseball,mlb,2026_05_30,04:05 PM,Washington Nationals,San Diego Padres,moneyline,home,,home_moneyline,112.0,0.5957846721246101,0.2630635049041734,0.2348781293787262,0,822731,1,final,2026-08-30T13:46:52.825323+00:00,9,4,13,1.5,-1.5,7.5,Win
63299695,baseball,mlb,2026_05_30,04:10 PM,Houston Astros,Milwaukee Brewers,run_line,home,1.5,home_run_line,-172.0,0.7254054619881021,0.1471528236090917,0.2531028566076377,0,824190,1,final,2026-08-30T13:46:52.825323+00:00,9,2,11,1.5,-1.5,9.0,Win
63299695,baseball,mlb,2026_05_30,04:10 PM,Houston Astros,Milwaukee Brewers,total,under,9.0,under_total,-121.0,0.5229601945933184,0.0850353543188423,0.1182507962098878,0,824190,1,final,2026-08-30T13:46:52.825323+00:00,9,2,11,1.5,-1.5,9.0,Loss
63299695,baseball,mlb,2026_05_30,04:10 PM,Houston Astros,Milwaukee Brewers,moneyline,home,,home_moneyline,-103.0,0.533856981033458,0.0521647296096308,0.0537296714979197,0,824190,1,final,2026-08-30T13:46:52.825323+00:00,9,2,11,1.5,-1.5,9.0,Win
63299705,baseball,mlb,2026_05_30,04:05 PM,Baltimore Orioles,Toronto Blue Jays,run_line,away,-1.5,away_run_line,135.0,0.4299526123694195,0.0103886390681358,0.0076952881986191,0,824833,1,final,2026-08-30T13:46:52.825323+00:00,6,5,11,1.5,-1.5,7.5,Loss
63299705,baseball,mlb,2026_05_30,04:05 PM,Baltimore Orioles,Toronto Blue Jays,moneyline,away,,away_moneyline,-126.0,0.6676042059273766,0.1974488138062466,0.248785505395871,0,824833,1,final,2026-08-30T13:46:52.825323+00:00,6,5,11,1.5,-1.5,7.5,Loss
63300023,baseball,mlb,2026_05_30,07:15 PM,St Louis Cardinals,Chicago Cubs,run_line,home,1.5,home_run_line,-156.0,0.6215161916021925,0.0199240067318031,0.0310814505016127,0,,,final,2026-08-30T13:46:52.825323+00:00,1,6,7,,,,Loss
63300023,baseball,mlb,2026_05_30,07:15 PM,St Louis Cardinals,Chicago Cubs,moneyline,away,,away_moneyline,-136.0,0.602125712650308,0.0448652072461228,0.0610166818547269,0,,,final,2026-08-30T13:46:52.825323+00:00,1,6,7,,,,Win
63300113,baseball,mlb,2026_05_30,09:10 PM,Colorado Rockies,San Francisco Giants,run_line,away,-1.5,away_run_line,131.0,0.594217147573874,0.3726416108956489,0.2844592449585106,0,824352,1,final,2026-08-30T13:46:52.825323+00:00,8,3,11,1.5,-1.5,11.0,Loss
63300113,baseball,mlb,2026_05_30,09:10 PM,Colorado Rockies,San Francisco Giants,total,under,11.0,under_total,-114.0,0.5804675548716414,0.2036174488176637,0.2619813355069089,0,824352,1,final,2026-08-30T13:46:52.825323+00:00,8,3,11,1.5,-1.5,11.0,Push
63300113,baseball,mlb,2026_05_30,09:10 PM,Colorado Rockies,San Francisco Giants,moneyline,away,,away_moneyline,-117.0,0.7919085938169779,0.4687535457973009,0.548441648582842,0,824352,1,final,2026-08-30T13:46:52.825323+00:00,8,3,11,1.5,-1.5,11.0,Loss
63300119,baseball,mlb,2026_05_30,07:15 PM,Cincinnati Reds,Atlanta Braves,total,under,9.5,under_total,-117.0,0.563604949172634,0.0453185809441162,0.0530227397046159,0,824513,1,final,2026-08-30T13:46:52.825323+00:00,2,5,7,1.5,-1.5,9.5,Win
63300119,baseball,mlb,2026_05_30,07:15 PM,Cincinnati Reds,Atlanta Braves,moneyline,away,,away_moneyline,-133.0,0.6508140676804229,0.1401479531544252,0.1863967776953855,0,824513,1,final,2026-08-30T13:46:52.825323+00:00,2,5,7,1.5,-1.5,9.5,Win
63300315,baseball,mlb,2026_05_30,10:10 PM,Los Angeles Dodgers,Philadelphia Phillies,total,under,8.5,under_total,-114.0,0.6460024046309092,0.2126711806229348,0.2424451459101457,0,823945,1,final,2026-08-30T13:46:52.825323+00:00,3,4,7,-1.5,1.5,8.5,Win
63300315,baseball,mlb,2026_05_30,10:10 PM,Los Angeles Dodgers,Philadelphia Phillies,moneyline,home,,home_moneyline,-126.0,0.55969395408274,0.0038955049420574,0.0049083362269923,0,823945,1,final,2026-08-30T13:46:52.825323+00:00,3,4,7,-1.5,1.5,8.5,Loss
63300415,baseball,mlb,2026_05_30,04:10 PM,Cleveland Guardians,Boston Red Sox,run_line,away,1.5,away_run_line,-217.0,0.6988287922134635,0.0208697102841839,0.0452872713166792,0,824431,1,final,2026-08-30T13:46:52.825323+00:00,1,9,10,-1.5,1.5,6.5,Win
63300415,baseball,mlb,2026_05_30,04:10 PM,Cleveland Guardians,Boston Red Sox,total,over,6.5,over_total,-102.0,0.611215166616454,0.2104457221227811,0.2146546365652369,0,824431,1,final,2026-08-30T13:46:52.825323+00:00,1,9,10,-1.5,1.5,6.5,Win
63300457,baseball,mlb,2026_05_30,04:05 PM,Pittsburgh Pirates,Minnesota Twins,run_line,home,-1.5,home_run_line,140.0,0.4649292820408395,0.1158302768980148,0.0827359120700105,0,823375,1,final,2026-08-30T13:46:52.825323+00:00,10,9,19,-1.5,1.5,8.5,Loss
63300457,baseball,mlb,2026_05_30,04:05 PM,Pittsburgh Pirates,Minnesota Twins,moneyline,home,,home_moneyline,-156.0,0.6905957157237739,0.1332852770851673,0.2079250322528611,0,823375,1,final,2026-08-30T13:46:52.825323+00:00,10,9,19,-1.5,1.5,8.5,Win
63300689,baseball,mlb,2026_05_30,04:10 PM,Tampa Bay Rays,Los Angeles Angels,run_line,home,-1.5,home_run_line,135.0,0.4751809431847003,0.1166752164840456,0.0864260862844782,0,822975,1,final,2026-08-30T13:46:52.825323+00:00,3,14,17,-1.5,1.5,7.0,Loss
63300689,baseball,mlb,2026_05_30,04:10 PM,Tampa Bay Rays,Los Angeles Angels,total,over,7.0,over_total,-112.0,0.4992922782583001,0.08973669126735,0.1175014066702412,0,822975,1,final,2026-08-30T13:46:52.825323+00:00,3,14,17,-1.5,1.5,7.0,Win
63300689,baseball,mlb,2026_05_30,04:10 PM,Tampa Bay Rays,Los Angeles Angels,moneyline,home,,home_moneyline,-169.0,0.7145630704748935,0.1373814553712802,0.2321746595774635,0,822975,1,final,2026-08-30T13:46:52.825323+00:00,3,14,17,-1.5,1.5,7.0,Loss
63300779,baseball,mlb,2026_05_30,04:30 PM,New York Mets,Miami Marlins,run_line,away,1.5,away_run_line,-200.0,0.7152980922118563,0.0729471383177844,0.1458942766355687,0,823622,1,final,2026-08-30T13:46:52.825323+00:00,6,1,7,-1.5,1.5,7.0,Loss
63300779,baseball,mlb,2026_05_30,04:30 PM,New York Mets,Miami Marlins,total,over,7.0,over_total,-117.0,0.5442756014560544,0.1493974091080013,0.2032331816671919,0,823622,1,final,2026-08-30T13:46:52.825323+00:00,6,1,7,-1.5,1.5,7.0,Push
63300779,baseball,mlb,2026_05_30,04:30 PM,New York Mets,Miami Marlins,moneyline,away,,away_moneyline,108.0,0.51230635499203,0.0655972183834225,0.0607381651698356,0,823622,1,final,2026-08-30T13:46:52.825323+00:00,6,1,7,-1.5,1.5,7.0,Loss
63299609,baseball,mlb,2026_05_31,04:10 PM,Seattle Mariners,Arizona Diamondbacks,run_line,away,1.5,away_run_line,-188.0,0.6809588059363427,0.0431709367535462,0.081161361096667,0,823133,1,final,2026-08-30T13:46:52.825323+00:00,3,2,5,-1.5,1.5,7.5,Win
63299609,baseball,mlb,2026_05_31,04:10 PM,Seattle Mariners,Arizona Diamondbacks,moneyline,away,,away_moneyline,119.0,0.4629853272239418,0.0139378666204326,0.0117124929583466,0,823133,1,final,2026-08-30T13:46:52.825323+00:00,3,2,5,-1.5,1.5,7.5,Loss
63299725,baseball,mlb,2026_05_31,01:35 PM,Washington Nationals,San Diego Padres,total,over,8.5,over_total,100.0,0.7863281461356346,0.5726562922712694,0.5726562922712695,0,822729,1,final,2026-08-30T13:46:52.825323+00:00,4,2,6,1.5,-1.5,8.5,Loss
63299725,baseball,mlb,2026_05_31,01:35 PM,Washington Nationals,San Diego Padres,moneyline,away,,away_moneyline,-111.0,0.5727324393612335,0.0887076099569394,0.0984654470522028,0,822729,1,final,2026-08-30T13:46:52.825323+00:00,4,2,6,1.5,-1.5,8.5,Loss
63299785,baseball,mlb,2026_05_31,02:10 PM,Houston Astros,Milwaukee Brewers,total,under,7.5,under_total,-111.0,0.6590911981264151,0.2528670522943568,0.280682428046736,0,824187,1,final,2026-08-30T13:46:52.825323+00:00,0,2,2,1.5,-1.5,7.5,Win
63299785,baseball,mlb,2026_05_31,02:10 PM,Houston Astros,Milwaukee Brewers,moneyline,away,,away_moneyline,-196.0,0.7586183962220103,0.1456685983760972,0.2855104528171504,0,824187,1,final,2026-08-30T13:46:52.825323+00:00,0,2,2,1.5,-1.5,7.5,Win
63299961,baseball,mlb,2026_05_31,01:40 PM,Tampa Bay Rays,Los Angeles Angels,run_line,away,1.5,away_run_line,-108.0,0.702151846542105,0.3522924451922025,0.3804758408075785,0,822976,1,final,2026-08-30T13:46:52.825323+00:00,5,2,7,-1.5,1.5,7.5,Loss
63299961,baseball,mlb,2026_05_31,01:40 PM,Tampa Bay Rays,Los Angeles Angels,total,over,7.5,over_total,-131.0,0.7198639421875384,0.2693784018726818,0.3528857064532134,0,822976,1,final,2026-08-30T13:46:52.825323+00:00,5,2,7,-1.5,1.5,7.5,Loss
63299961,baseball,mlb,2026_05_31,01:40 PM,Tampa Bay Rays,Los Angeles Angels,moneyline,away,,away_moneyline,189.0,0.5146875753884885,0.4874470928727319,0.2579085147474771,0,822976,1,final,2026-08-30T13:46:52.825323+00:00,5,2,7,-1.5,1.5,7.5,Loss
63300063,baseball,mlb,2026_05_31,04:05 PM,Athletics,New York Yankees,run_line,home,1.5,home_run_line,-103.0,0.5172564163839175,0.019447111902284,0.0200305252593525,0,,,final,2026-08-30T13:46:52.825323+00:00,8,13,21,,,,Loss
63300063,baseball,mlb,2026_05_31,04:05 PM,Athletics,New York Yankees,total,under,10.0,under_total,-119.0,0.52258632578443,0.0851986739385642,0.1156671742572953,0,,,final,2026-08-30T13:46:52.825323+00:00,8,13,21,,,,Loss
63300063,baseball,mlb,2026_05_31,04:05 PM,Athletics,New York Yankees,moneyline,away,,away_moneyline,-188.0,0.6961982681366772,0.0665164958689523,0.1250510122336302,0,,,final,2026-08-30T13:46:52.825323+00:00,8,13,21,,,,Win
63300093,baseball,mlb,2026_05_31,01:40 PM,Cincinnati Reds,Atlanta Braves,run_line,home,1.5,home_run_line,-135.0,0.6735051160377196,0.1723977945841783,0.2327370226886409,0,824512,1,final,2026-08-30T13:46:52.825323+00:00,6,4,10,1.5,-1.5,9.5,Win
63300093,baseball,mlb,2026_05_31,01:40 PM,Cincinnati Reds,Atlanta Braves,total,under,9.5,under_total,-131.0,0.6587032443193126,0.1615301483798563,0.2116044943776119,0,824512,1,final,2026-08-30T13:46:52.825323+00:00,6,4,10,1.5,-1.5,9.5,Loss
63300093,baseball,mlb,2026_05_31,01:40 PM,Cincinnati Reds,Atlanta Braves,moneyline,home,,home_moneyline,119.0,0.4652045420399732,0.0187979470675412,0.0157965941744043,0,824512,1,final,2026-08-30T13:46:52.825323+00:00,6,4,10,1.5,-1.5,9.5,Win
63300095,baseball,mlb,2026_05_31,01:40 PM,Cleveland Guardians,Boston Red Sox,total,over,7.5,over_total,-131.0,0.5846110468715331,0.030879021582627,0.0404515182732414,0,824430,1,final,2026-08-30T13:46:52.825323+00:00,4,9,13,1.5,-1.5,7.5,Win
63300095,baseball,mlb,2026_05_31,01:40 PM,Cleveland Guardians,Boston Red Sox,moneyline,away,,away_moneyline,-166.0,0.6585894299492896,0.0553300504006688,0.0918478836651103,0,824430,1,final,2026-08-30T13:46:52.825323+00:00,4,9,13,1.5,-1.5,7.5,Win
63300183,baseball,mlb,2026_05_31,12:15 PM,Baltimore Orioles,Toronto Blue Jays,total,under,8.5,under_total,-103.0,0.5908813585216972,0.1645525803874227,0.1694891577990454,0,824832,1,final,2026-08-30T13:46:52.825323+00:00,9,5,14,-6.5,6.5,8.5,Loss
63300337,baseball,mlb,2026_05_31,01:40 PM,New York Mets,Miami Marlins,total,over,7.5,over_total,-120.0,0.6025095140455257,0.1046007757501304,0.1255209309001565,0,823621,1,final,2026-08-30T13:46:52.825323+00:00,10,1,11,-1.5,1.5,7.5,Win
63300337,baseball,mlb,2026_05_31,01:40 PM,New York Mets,Miami Marlins,moneyline,home,,home_moneyline,-138.0,0.6055464247997717,0.0443481819010556,0.0612004910234568,0,823621,1,final,2026-08-30T13:46:52.825323+00:00,10,1,11,-1.5,1.5,7.5,Win
63300377,baseball,mlb,2026_05_31,03:10 PM,Colorado Rockies,San Francisco Giants,total,over,11.0,over_total,-113.0,0.4777272534261834,0.0186686521034625,0.0239226048106277,0,824354,1,final,2026-08-30T13:46:52.825323+00:00,6,19,25,1.5,-1.5,11.0,Win
63300377,baseball,mlb,2026_05_31,03:10 PM,Colorado Rockies,San Francisco Giants,moneyline,away,,away_moneyline,-117.0,0.5863672767236999,0.0875358893080588,0.1024169904904288,0,824354,1,final,2026-08-30T13:46:52.825323+00:00,6,19,25,1.5,-1.5,11.0,Win
63300393,baseball,mlb,2026_05_31,04:10 PM,Los Angeles Dodgers,Philadelphia Phillies,run_line,away,1.5,away_run_line,-105.0,0.7612485152145467,0.4862471011331626,0.5105594561898208,0,823944,1,final,2026-08-30T13:46:52.825323+00:00,9,1,10,-1.5,1.5,9.0,Loss
63300393,baseball,mlb,2026_05_31,04:10 PM,Los Angeles Dodgers,Philadelphia Phillies,moneyline,away,,away_moneyline,194.0,0.5916480892898847,0.7394453825122609,0.3811574136661138,0,823944,1,final,2026-08-30T13:46:52.825323+00:00,9,1,10,-1.5,1.5,9.0,Loss
63300573,baseball,mlb,2026_05_31,02:35 PM,Texas Rangers,Kansas City Royals,run_line,home,1.5,home_run_line,-188.0,0.7593822121098954,0.1633089206789888,0.3070207708764988,0,822895,1,final,2026-08-30T13:46:52.825323+00:00,6,3,9,1.5,-1.5,7.5,Win
63300573,baseball,mlb,2026_05_31,02:35 PM,Texas Rangers,Kansas City Royals,total,over,7.5,over_total,-107.0,0.6804394629644951,0.316364194707014,0.3385096883365049,0,822895,1,final,2026-08-30T13:46:52.825323+00:00,6,3,9,1.5,-1.5,7.5,Win
63300573,baseball,mlb,2026_05_31,02:35 PM,Texas Rangers,Kansas City Royals,moneyline,home,,home_moneyline,-116.0,0.5880461609758366,0.0949825066446612,0.1101797077078069,0,822895,1,final,2026-08-30T13:46:52.825323+00:00,6,3,9,1.5,-1.5,7.5,Win
63300621,baseball,mlb,2026_05_31,07:20 PM,St Louis Cardinals,Chicago Cubs,total,over,8.5,over_total,-105.0,0.6401685130819488,0.2498528112552334,0.2623454518179951,0,,,final,2026-08-30T13:46:52.825323+00:00,5,1,6,,,,Loss
63300621,baseball,mlb,2026_05_31,07:20 PM,St Louis Cardinals,Chicago Cubs,moneyline,away,,away_moneyline,-102.0,0.5441402344864266,0.0776110526103739,0.0791632736625814,0,,,final,2026-08-30T13:46:52.825323+00:00,5,1,6,,,,Loss
63300635,baseball,mlb,2026_05_31,02:10 PM,Chicago White Sox,Detroit Tigers,run_line,home,-1.5,home_run_line,158.0,0.4052936678682726,0.0456576631001433,0.0288972551266729,0,824592,1,final,2026-08-30T13:46:52.825323+00:00,2,1,3,-1.5,1.5,8.0,Loss
63300635,baseball,mlb,2026_05_31,02:10 PM,Chicago White Sox,Detroit Tigers,total,over,8.0,over_total,-104.0,0.4398670903745467,0.0019409581164417,0.002344818744918,0,824592,1,final,2026-08-30T13:46:52.825323+00:00,2,1,3,-1.5,1.5,8.0,Loss
63300635,baseball,mlb,2026_05_31,02:10 PM,Chicago White Sox,Detroit Tigers,moneyline,home,,home_moneyline,-136.0,0.6319314731784897,0.0965869681626734,0.1313582767012358,0,824592,1,final,2026-08-30T13:46:52.825323+00:00,2,1,3,-1.5,1.5,8.0,Win
63299391,baseball,mlb,2026_06_01,07:40 PM,Milwaukee Brewers,San Francisco Giants,total,over,7.5,over_total,102.0,0.5962624838640584,0.2044502174053979,0.2004413896131352,0,823781,1,final,2026-08-30T13:46:52.825323+00:00,16,2,18,-1.5,1.5,7.5,Win
63299391,baseball,mlb,2026_06_01,07:40 PM,Milwaukee Brewers,San Francisco Giants,moneyline,home,,home_moneyline,-149.0,0.6062682611934879,0.0131597116589159,0.0196079703717847,0,823781,1,final,2026-08-30T13:46:52.825323+00:00,16,2,18,-1.5,1.5,7.5,Win
63300903,baseball,mlb,2026_06_01,07:45 PM,St Louis Cardinals,Texas Rangers,run_line,home,1.5,home_run_line,-166.0,0.7075423354942971,0.133772658081223,0.2220626124148303,0,,,final,2026-08-30T13:46:52.825323+00:00,1,2,3,,,,Win
63300903,baseball,mlb,2026_06_01,07:45 PM,St Louis Cardinals,Texas Rangers,total,over,7.5,over_total,-105.0,0.5936639402657847,0.1590581690903416,0.1670110775448587,0,,,final,2026-08-30T13:46:52.825323+00:00,1,2,3,,,,Loss
63300903,baseball,mlb,2026_06_01,07:45 PM,St Louis Cardinals,Texas Rangers,moneyline,home,,home_moneyline,108.0,0.5075437077585807,0.0556909121378479,0.0515656593868962,0,,,final,2026-08-30T13:46:52.825323+00:00,1,2,3,,,,Loss
63301179,baseball,mlb,2026_06_01,09:40 PM,Arizona Diamondbacks,Los Angeles Dodgers,run_line,home,1.5,home_run_line,-119.0,0.6814338563504821,0.2540673490819798,0.3023401454075559,0,825078,1,final,2026-08-30T13:46:52.825323+00:00,4,1,5,1.5,-1.5,8.5,Win
63301179,baseball,mlb,2026_06_01,09:40 PM,Arizona Diamondbacks,Los Angeles Dodgers,total,under,8.5,under_total,-103.0,0.5460254443985118,0.0761472350766785,0.0784316521289789,0,825078,1,final,2026-08-30T13:46:52.825323+00:00,4,1,5,1.5,-1.5,8.5,Win
63301179,baseball,mlb,2026_06_01,09:40 PM,Arizona Diamondbacks,Los Angeles Dodgers,moneyline,home,,home_moneyline,140.0,0.4734294514769028,0.1362306835445665,0.0973076311032619,0,825078,1,final,2026-08-30T13:46:52.825323+00:00,4,1,5,1.5,-1.5,8.5,Win
63301821,baseball,mlb,2026_06_01,06:40 PM,Tampa Bay Rays,Detroit Tigers,run_line,away,1.5,away_run_line,-151.0,0.6459644213025006,0.0737554287876005,0.1113706974692766,0,822974,1,final,2026-08-30T13:46:52.825323+00:00,9,10,19,-1.5,1.5,8.0,Win
63301821,baseball,mlb,2026_06_01,06:40 PM,Tampa Bay Rays,Detroit Tigers,total,over,8.0,over_total,-117.0,0.5375913453438086,0.1295602993079085,0.1747362052795868,0,822974,1,final,2026-08-30T13:46:52.825323+00:00,9,10,19,-1.5,1.5,8.0,Win
63301821,baseball,mlb,2026_06_01,06:40 PM,Tampa Bay Rays,Detroit Tigers,moneyline,away,,away_moneyline,134.0,0.4382608985003029,0.0255305024907088,0.0190526137990363,0,822974,1,final,2026-08-30T13:46:52.825323+00:00,9,10,19,-1.5,1.5,8.0,Win
63302413,baseball,mlb,2026_06_01,09:38 PM,Los Angeles Angels,Colorado Rockies,run_line,home,-1.5,home_run_line,100.0,0.5969902524436684,0.1939805048873368,0.1939805048873368,0,824027,1,final,2026-08-30T13:46:52.825323+00:00,8,9,17,-1.5,1.5,8.0,Loss
63302413,baseball,mlb,2026_06_01,09:38 PM,Los Angeles Angels,Colorado Rockies,total,over,8.0,over_total,-114.0,0.6205991380558553,0.2861277393196507,0.3711477162708797,0,824027,1,final,2026-08-30T13:46:52.825323+00:00,8,9,17,-1.5,1.5,8.0,Win
63302413,baseball,mlb,2026_06_01,09:38 PM,Los Angeles Angels,Colorado Rockies,moneyline,home,,home_moneyline,-208.0,0.7983015986822842,0.1821004442026133,0.3787689239414354,0,824027,1,final,2026-08-30T13:46:52.825323+00:00,8,9,17,-1.5,1.5,8.0,Loss
63302977,baseball,mlb,2026_06_01,07:40 PM,Minnesota Twins,Chicago White Sox,run_line,away,1.5,away_run_line,-169.0,0.702098126738743,0.1175408052823778,0.1986439609272184,0,823702,1,final,2026-08-30T13:46:52.825323+00:00,9,6,15,-1.5,1.5,8.0,Loss
63302977,baseball,mlb,2026_06_01,07:40 PM,Minnesota Twins,Chicago White Sox,total,over,8.0,over_total,-106.0,0.5600465219789086,0.2183116088533525,0.2659641897844277,0,823702,1,final,2026-08-30T13:46:52.825323+00:00,9,6,15,-1.5,1.5,8.0,Win
63302977,baseball,mlb,2026_06_01,07:40 PM,Minnesota Twins,Chicago White Sox,moneyline,away,,away_moneyline,119.0,0.5111982714996951,0.1195242145843322,0.100440516457422,0,823702,1,final,2026-08-30T13:46:52.825323+00:00,9,6,15,-1.5,1.5,8.0,Loss
63303327,baseball,mlb,2026_06_01,09:40 PM,Seattle Mariners,New York Mets,run_line,home,-1.5,home_run_line,163.0,0.478752989559378,0.259120362541164,0.1589695475712663,0,823131,1,final,2026-08-30T13:46:52.825323+00:00,3,2,5,-1.5,1.5,7.0,Loss
63303327,baseball,mlb,2026_06_01,09:40 PM,Seattle Mariners,New York Mets,total,over,7.0,over_total,-125.0,0.6700046103837621,0.3244659069186469,0.4600826771733401,0,823131,1,final,2026-08-30T13:46:52.825323+00:00,3,2,5,-1.5,1.5,7.0,Loss
63303327,baseball,mlb,2026_06_01,09:40 PM,Seattle Mariners,New York Mets,moneyline,home,,home_moneyline,-131.0,0.6990813384974668,0.23273121521309,0.304877891929148,0,823131,1,final,2026-08-30T13:46:52.825323+00:00,3,2,5,-1.5,1.5,7.0,Win
63303797,baseball,mlb,2026_06_01,07:10 PM,Cincinnati Reds,Kansas City Royals,run_line,away,1.5,away_run_line,-175.0,0.7268718592266614,0.1422272073561821,0.2488976128733188,0,824510,1,final,2026-08-30T13:46:52.825323+00:00,2,9,11,-1.5,1.5,9.5,Win
63303797,baseball,mlb,2026_06_01,07:10 PM,Cincinnati Reds,Kansas City Royals,total,over,9.5,over_total,-103.0,0.5625049947724154,0.1086263489203916,0.1118851393880033,0,824510,1,final,2026-08-30T13:46:52.825323+00:00,2,9,11,-1.5,1.5,9.5,Win
63303797,baseball,mlb,2026_06_01,07:10 PM,Cincinnati Reds,Kansas City Royals,moneyline,away,,away_moneyline,108.0,0.5561501828811458,0.1567923803927833,0.1451781299933178,0,824510,1,final,2026-08-30T13:46:52.825323+00:00,2,9,11,-1.5,1.5,9.5,Win
63303827,baseball,mlb,2026_06_01,06:45 PM,Washington Nationals,Miami Marlins,run_line,home,-1.5,home_run_line,145.0,0.4890938102434133,0.1982798350963626,0.1367447138595603,0,822730,1,final,2026-08-30T13:46:52.825323+00:00,3,7,10,-1.5,1.5,8.0,Loss
63303827,baseball,mlb,2026_06_01,06:45 PM,Washington Nationals,Miami Marlins,total,over,8.0,over_total,-119.0,0.5661288558756918,0.1710260875911797,0.2337062374257636,0,822730,1,final,2026-08-30T13:46:52.825323+00:00,3,7,10,-1.5,1.5,8.0,Win
63303827,baseball,mlb,2026_06_01,06:45 PM,Washington Nationals,Miami Marlins,moneyline,home,,home_moneyline,-138.0,0.7064821944687851,0.2184258136490642,0.3014276228357087,0,822730,1,final,2026-08-30T13:46:52.825323+00:00,3,7,10,-1.5,1.5,8.0,Loss
63299333,baseball,mlb,2026_06_02,07:10 PM,Cincinnati Reds,Kansas City Royals,run_line,away,1.5,away_run_line,-188.0,0.7876468997288738,0.2066080166059343,0.3884230712191565,0,824511,1,final,2026-08-30T13:46:52.825323+00:00,4,3,7,-1.5,1.5,9.0,Win
63299333,baseball,mlb,2026_06_02,07:10 PM,Cincinnati Reds,Kansas City Royals,total,over,9.0,over_total,-106.0,0.643951135131253,0.3627200972736513,0.4326200205108382,0,824511,1,final,2026-08-30T13:46:52.825323+00:00,4,3,7,-1.5,1.5,9.0,Loss
63299333,baseball,mlb,2026_06_02,07:10 PM,Cincinnati Reds,Kansas City Royals,moneyline,away,,away_moneyline,106.0,0.6466562727831737,0.3321119219333379,0.3133131338993754,0,824511,1,final,2026-08-30T13:46:52.825323+00:00,4,3,7,-1.5,1.5,9.0,Loss
63300829,baseball,mlb,2026_06_02,09:40 PM,Arizona Diamondbacks,Los Angeles Dodgers,total,under,9.0,under_total,-105.0,0.4723056409296732,0.0537597703138038,0.0650049622134027,0,825079,1,final,2026-08-30T13:46:52.825323+00:00,5,6,11,1.5,-1.5,9.0,Loss
63300829,baseball,mlb,2026_06_02,09:40 PM,Arizona Diamondbacks,Los Angeles Dodgers,moneyline,away,,away_moneyline,-120.0,0.608325955023676,0.1152642508767394,0.1383171010520871,0,825079,1,final,2026-08-30T13:46:52.825323+00:00,5,6,11,1.5,-1.5,9.0,Win
63300971,baseball,mlb,2026_06_02,08:10 PM,Houston Astros,Pittsburgh Pirates,run_line,home,1.5,home_run_line,-178.0,0.6794720082520582,0.0611978555846752,0.1089321829407218,0,824189,1,final,2026-08-30T13:46:52.825323+00:00,6,10,16,1.5,-1.5,9.0,Loss
63300971,baseball,mlb,2026_06_02,08:10 PM,Houston Astros,Pittsburgh Pirates,total,under,9.0,under_total,-112.0,0.5126692269408946,0.1008139208667389,0.1298437803032828,0,824189,1,final,2026-08-30T13:46:52.825323+00:00,6,10,16,1.5,-1.5,9.0,Loss
63300971,baseball,mlb,2026_06_02,08:10 PM,Houston Astros,Pittsburgh Pirates,moneyline,away,,away_moneyline,-105.0,0.5254618800834859,0.0259017658772819,0.027196854171146,0,824189,1,final,2026-08-30T13:46:52.825323+00:00,6,10,16,1.5,-1.5,9.0,Win
63301079,baseball,mlb,2026_06_02,06:40 PM,Philadelphia Phillies,San Diego Padres,run_line,away,1.5,away_run_line,-166.0,0.7686031239946091,0.2316170541118434,0.3844843098256601,0,823460,1,final,2026-08-30T13:46:52.825323+00:00,3,2,5,-1.5,1.5,8.0,Win
63301079,baseball,mlb,2026_06_02,06:40 PM,Philadelphia Phillies,San Diego Padres,total,under,8.0,under_total,-105.0,0.4923194676974803,0.1000955922580725,0.1220536821524008,0,823460,1,final,2026-08-30T13:46:52.825323+00:00,3,2,5,-1.5,1.5,8.0,Win
63301079,baseball,mlb,2026_06_02,06:40 PM,Philadelphia Phillies,San Diego Padres,moneyline,away,,away_moneyline,127.0,0.5829793369645493,0.3233630949095269,0.2546166101649817,0,823460,1,final,2026-08-30T13:46:52.825323+00:00,3,2,5,-1.5,1.5,8.0,Loss
63301197,baseball,mlb,2026_06_02,07:40 PM,Minnesota Twins,Chicago White Sox,run_line,home,1.5,home_run_line,-161.0,0.6788803454846841,0.1005451563447361,0.1618777017150254,0,823700,1,final,2026-08-30T13:46:52.825323+00:00,6,4,10,1.5,-1.5,8.0,Win
63301197,baseball,mlb,2026_06_02,07:40 PM,Minnesota Twins,Chicago White Sox,total,under,8.0,under_total,-111.0,0.4917010765123584,0.0735967449302588,0.0948721960623572,0,823700,1,final,2026-08-30T13:46:52.825323+00:00,6,4,10,1.5,-1.5,8.0,Loss
63301257,baseball,mlb,2026_06_02,07:40 PM,Milwaukee Brewers,San Francisco Giants,run_line,away,1.5,away_run_line,100.0,0.6097103539348869,0.2194207078697738,0.2194207078697738,0,823782,1,final,2026-08-30T13:46:52.825323+00:00,8,3,11,-1.5,1.5,7.0,Loss
63301257,baseball,mlb,2026_06_02,07:40 PM,Milwaukee Brewers,San Francisco Giants,total,over,7.0,over_total,-117.0,0.7004107313285829,0.4105487089552366,0.540619025030802,0,823782,1,final,2026-08-30T13:46:52.825323+00:00,8,3,11,-1.5,1.5,7.0,Win
63301257,baseball,mlb,2026_06_02,07:40 PM,Milwaukee Brewers,San Francisco Giants,moneyline,away,,away_moneyline,219.0,0.399118671385881,0.2731885617209602,0.1247436354890229,0,823782,1,final,2026-08-30T13:46:52.825323+00:00,8,3,11,-1.5,1.5,7.0,Loss
63301441,baseball,mlb,2026_06_02,06:45 PM,Boston Red Sox,Baltimore Orioles,run_line,home,-1.5,home_run_line,148.0,0.427583007193953,0.0604058578410033,0.0408147688114887,0,824754,1,final,2026-08-30T13:46:52.825323+00:00,2,4,6,-1.5,1.5,8.5,Loss
63301441,baseball,mlb,2026_06_02,06:45 PM,Boston Red Sox,Baltimore Orioles,total,under,8.5,under_total,-104.0,0.5100619314612689,0.0005060963278736,0.0005263401809885,0,824754,1,final,2026-08-30T13:46:52.825323+00:00,2,4,6,-1.5,1.5,8.5,Win
63301441,baseball,mlb,2026_06_02,06:45 PM,Boston Red Sox,Baltimore Orioles,moneyline,home,,home_moneyline,-136.0,0.6509288611801138,0.1295530238125506,0.1761921123850686,0,824754,1,final,2026-08-30T13:46:52.825323+00:00,2,4,6,-1.5,1.5,8.5,Loss
63301777,baseball,mlb,2026_06_02,06:45 PM,Washington Nationals,Miami Marlins,run_line,home,1.5,home_run_line,-181.0,0.923706238617686,0.4340411770804957,0.7856145305156975,0,822728,1,final,2026-08-30T13:46:52.825323+00:00,3,7,10,1.5,-1.5,9.0,Loss
63301777,baseball,mlb,2026_06_02,06:45 PM,Washington Nationals,Miami Marlins,moneyline,home,,home_moneyline,-114.0,0.8475194586829541,0.5909575803346683,0.6736916415815218,0,822728,1,final,2026-08-30T13:46:52.825323+00:00,3,7,10,1.5,-1.5,9.0,Loss
63302279,baseball,mlb,2026_06_02,07:05 PM,New York Yankees,Cleveland Guardians,run_line,away,1.5,away_run_line,-114.0,0.5806564646755528,0.0900042407067394,0.1026048344056829,0,823541,1,final,2026-08-30T13:46:52.825323+00:00,4,9,13,-1.5,1.5,7.5,Win
63302279,baseball,mlb,2026_06_02,07:05 PM,New York Yankees,Cleveland Guardians,total,over,7.5,over_total,-101.0,0.6097477905985897,0.2134584743595697,0.2155930591031654,0,823541,1,final,2026-08-30T13:46:52.825323+00:00,4,9,13,-1.5,1.5,7.5,Win
63302443,baseball,mlb,2026_06_02,08:05 PM,Chicago Cubs,Athletics,total,over,7.5,over_total,-103.0,0.6650954087005323,0.3108191064680393,0.3201436796620805,0,,,final,2026-08-30T13:46:52.825323+00:00,1,2,3,,,,Loss
63302443,baseball,mlb,2026_06_02,08:05 PM,Chicago Cubs,Athletics,moneyline,home,,home_moneyline,-133.0,0.585928676280205,0.0264765531826147,0.0352138157328776,0,,,final,2026-08-30T13:46:52.825323+00:00,1,2,3,,,,Loss
63302527,baseball,mlb,2026_06_02,07:15 PM,Atlanta Braves,Toronto Blue Jays,run_line,home,1.5,home_run_line,-204.0,0.7117597392519653,0.060661572218615,0.1237496073259747,0,824918,1,final,2026-08-30T13:46:52.825323+00:00,4,3,7,1.5,-1.5,7.5,Win
63302527,baseball,mlb,2026_06_02,07:15 PM,Atlanta Braves,Toronto Blue Jays,total,over,7.5,over_total,-111.0,0.6038939402977566,0.1479425351606004,0.1642162140282665,0,824918,1,final,2026-08-30T13:46:52.825323+00:00,4,3,7,1.5,-1.5,7.5,Loss
63302911,baseball,mlb,2026_06_02,07:45 PM,St Louis Cardinals,Texas Rangers,total,over,7.0,over_total,-108.0,0.4863138259473289,0.0823073773534554,0.1040527645655702,0,,,final,2026-08-30T13:46:52.825323+00:00,4,7,11,,,,Win
63302911,baseball,mlb,2026_06_02,07:45 PM,St Louis Cardinals,Texas Rangers,moneyline,away,,away_moneyline,-111.0,0.5995298690951804,0.1396468682800276,0.1550080237908306,0,,,final,2026-08-30T13:46:52.825323+00:00,4,7,11,,,,Win
63303253,baseball,mlb,2026_06_02,06:40 PM,Tampa Bay Rays,Detroit Tigers,run_line,away,1.5,away_run_line,-163.0,0.6576169005089971,0.0610628517415106,0.0995324483386624,0,822971,1,final,2026-08-30T13:46:52.825323+00:00,0,8,8,-1.5,1.5,8.0,Win
63303253,baseball,mlb,2026_06_02,06:40 PM,Tampa Bay Rays,Detroit Tigers,total,over,8.0,over_total,-113.0,0.6678734520929529,0.3713721405833402,0.4728244700181075,0,822971,1,final,2026-08-30T13:46:52.825323+00:00,0,8,8,-1.5,1.5,8.0,Push
63303253,baseball,mlb,2026_06_02,06:40 PM,Tampa Bay Rays,Detroit Tigers,moneyline,away,,away_moneyline,123.0,0.4656846231094949,0.0384767095341735,0.0312818776700598,0,822971,1,final,2026-08-30T13:46:52.825323+00:00,0,8,8,-1.5,1.5,8.0,Win
63299145,baseball,mlb,2026_06_03,08:10 PM,Houston Astros,Pittsburgh Pirates,run_line,home,1.5,home_run_line,-133.0,0.6522903277367722,0.1427341831779545,0.1898364636266793,0,824188,1,final,2026-08-30T13:46:52.825323+00:00,11,9,20,1.5,-1.5,7.5,Win
63299145,baseball,mlb,2026_06_03,08:10 PM,Houston Astros,Pittsburgh Pirates,total,over,7.5,over_total,-114.0,0.5655757455936963,0.061694820675886,0.07033209557051,0,824188,1,final,2026-08-30T13:46:52.825323+00:00,11,9,20,1.5,-1.5,7.5,Win
63301315,baseball,mlb,2026_06_03,07:40 PM,Milwaukee Brewers,San Francisco Giants,run_line,home,-1.5,home_run_line,135.0,0.4870367224702472,0.144536297805081,0.1070639243000599,0,823780,1,final,2026-08-30T13:46:52.825323+00:00,0,1,1,-1.5,1.5,8.0,Loss
63301315,baseball,mlb,2026_06_03,07:40 PM,Milwaukee Brewers,San Francisco Giants,total,over,8.0,over_total,-105.0,0.6049480185102649,0.3047552995569658,0.3651497923279054,0,823780,1,final,2026-08-30T13:46:52.825323+00:00,0,1,1,-1.5,1.5,8.0,Loss
63301315,baseball,mlb,2026_06_03,07:40 PM,Milwaukee Brewers,San Francisco Giants,moneyline,home,,home_moneyline,-156.0,0.70069497354442,0.1498584181241764,0.2337791322737152,0,823780,1,final,2026-08-30T13:46:52.825323+00:00,0,1,1,-1.5,1.5,8.0,Loss
63301793,baseball,mlb,2026_06_03,06:40 PM,Philadelphia Phillies,San Diego Padres,run_line,home,-1.5,home_run_line,102.0,0.5056174967213111,0.0213473433770483,0.020928768016714,0,823456,1,final,2026-08-30T13:46:52.825323+00:00,3,2,5,-1.5,1.5,7.5,Loss
63301793,baseball,mlb,2026_06_03,06:40 PM,Philadelphia Phillies,San Diego Padres,total,over,7.5,over_total,-114.0,0.6664500025494504,0.2510552679437053,0.2862030054558241,0,823456,1,final,2026-08-30T13:46:52.825323+00:00,3,2,5,-1.5,1.5,7.5,Loss
63301793,baseball,mlb,2026_06_03,06:40 PM,Philadelphia Phillies,San Diego Padres,moneyline,home,,home_moneyline,-222.0,0.7255911518439002,0.0524340130348461,0.1164035089373584,0,823456,1,final,2026-08-30T13:46:52.825323+00:00,3,2,5,-1.5,1.5,7.5,Win
63301849,baseball,mlb,2026_06_03,01:40 PM,Minnesota Twins,Chicago White Sox,run_line,away,1.5,away_run_line,-158.0,0.6799334192917987,0.1102710264385067,0.1742282217728405,0,823701,1,final,2026-08-30T13:46:52.825323+00:00,0,8,8,-1.5,1.5,8.5,Win
63301849,baseball,mlb,2026_06_03,01:40 PM,Minnesota Twins,Chicago White Sox,total,over,8.5,over_total,-119.0,0.5965614359476452,0.0978735669960866,0.116469544725343,0,823701,1,final,2026-08-30T13:46:52.825323+00:00,0,8,8,-1.5,1.5,8.5,Loss
63301849,baseball,mlb,2026_06_03,01:40 PM,Minnesota Twins,Chicago White Sox,moneyline,away,,away_moneyline,129.0,0.4863181997909429,0.1136686775212592,0.088115253892449,0,823701,1,final,2026-08-30T13:46:52.825323+00:00,0,8,8,-1.5,1.5,8.5,Win
63301907,baseball,mlb,2026_06_03,07:10 PM,Cincinnati Reds,Kansas City Royals,run_line,home,-1.5,home_run_line,135.0,0.4505946426500683,0.0588974102276607,0.0436277112797485,0,824509,1,final,2026-08-30T13:46:52.825323+00:00,2,5,7,-1.5,1.5,8.5,Loss
63301907,baseball,mlb,2026_06_03,07:10 PM,Cincinnati Reds,Kansas City Royals,moneyline,home,,home_moneyline,-158.0,0.6730451422948026,0.0990230804560698,0.1564564671205905,0,824509,1,final,2026-08-30T13:46:52.825323+00:00,2,5,7,-1.5,1.5,8.5,Loss
63302343,baseball,mlb,2026_06_03,07:45 PM,St Louis Cardinals,Texas Rangers,run_line,away,-1.5,away_run_line,154.0,0.6487008342240299,0.6477001189290359,0.4205844928110623,0,,,final,2026-08-30T13:46:52.825323+00:00,5,3,8,,,,Loss
63302343,baseball,mlb,2026_06_03,07:45 PM,St Louis Cardinals,Texas Rangers,total,over,8.0,over_total,-113.0,0.4646197015711171,0.0139566035552328,0.0182993678174953,0,,,final,2026-08-30T13:46:52.825323+00:00,5,3,8,,,,Push
63302343,baseball,mlb,2026_06_03,07:45 PM,St Louis Cardinals,Texas Rangers,moneyline,away,,away_moneyline,-104.0,0.8502426270167363,0.6677836145328289,0.694494959114142,0,,,final,2026-08-30T13:46:52.825323+00:00,5,3,8,,,,Loss
63302363,baseball,mlb,2026_06_03,06:45 PM,Boston Red Sox,Baltimore Orioles,run_line,away,1.5,away_run_line,-163.0,0.6411659677985757,0.0345193222762294,0.056266495310254,0,824755,1,final,2026-08-30T13:46:52.825323+00:00,8,1,9,-1.5,1.5,9.0,Loss
63302469,baseball,mlb,2026_06_03,01:05 PM,Washington Nationals,Miami Marlins,run_line,away,-1.5,away_run_line,150.0,0.4052294997720391,0.0130737494300976,0.0087158329533985,0,822727,1,final,2026-08-30T13:46:52.825323+00:00,1,4,5,1.5,-1.5,8.0,Win
63302469,baseball,mlb,2026_06_03,01:05 PM,Washington Nationals,Miami Marlins,total,over,8.0,over_total,-119.0,0.7012852490795358,0.3959651072483359,0.5266932618236791,0,822727,1,final,2026-08-30T13:46:52.825323+00:00,1,4,5,1.5,-1.5,8.0,Loss
63302469,baseball,mlb,2026_06_03,01:05 PM,Washington Nationals,Miami Marlins,moneyline,away,,away_moneyline,-111.0,0.6046367546171891,0.1493545515696117,0.1657835522422691,0,822727,1,final,2026-08-30T13:46:52.825323+00:00,1,4,5,1.5,-1.5,8.0,Win
63302603,baseball,mlb,2026_06_03,09:38 PM,Los Angeles Angels,Colorado Rockies,run_line,away,1.5,away_run_line,-158.0,0.7595232301239827,0.2402341352657437,0.3795699337198753,0,824024,1,final,2026-08-30T13:46:52.825323+00:00,11,4,15,-1.5,1.5,8.5,Loss
63302603,baseball,mlb,2026_06_03,09:38 PM,Los Angeles Angels,Colorado Rockies,total,over,8.5,over_total,-114.0,0.6215234259962543,0.166719413712267,0.1900601316319843,0,824024,1,final,2026-08-30T13:46:52.825323+00:00,11,4,15,-1.5,1.5,8.5,Win
63302603,baseball,mlb,2026_06_03,09:38 PM,Los Angeles Angels,Colorado Rockies,moneyline,away,,away_moneyline,129.0,0.5948807113859003,0.3622768290737117,0.2808347512199314,0,824024,1,final,2026-08-30T13:46:52.825323+00:00,11,4,15,-1.5,1.5,8.5,Loss
63302715,baseball,mlb,2026_06_03,07:15 PM,Atlanta Braves,Toronto Blue Jays,run_line,home,-1.5,home_run_line,139.0,0.5901595383310321,0.4104812966111668,0.2953102853317746,0,824917,1,final,2026-08-30T13:46:52.825323+00:00,7,3,10,-1.5,1.5,8.0,Win
63302715,baseball,mlb,2026_06_03,07:15 PM,Atlanta Braves,Toronto Blue Jays,total,over,8.0,over_total,-114.0,0.6149647485741228,0.2764794181674894,0.359011790909061,0,824917,1,final,2026-08-30T13:46:52.825323+00:00,7,3,10,-1.5,1.5,8.0,Win
63302715,baseball,mlb,2026_06_03,07:15 PM,Atlanta Braves,Toronto Blue Jays,moneyline,home,,home_moneyline,-149.0,0.7931695511915511,0.3254981090382296,0.4849921824669622,0,824917,1,final,2026-08-30T13:46:52.825323+00:00,7,3,10,-1.5,1.5,8.0,Win
63302833,baseball,mlb,2026_06_03,08:05 PM,Chicago Cubs,Athletics,run_line,away,1.5,away_run_line,-196.0,0.6820762366228141,0.0300743165324131,0.0589456604035296,0,,,final,2026-08-30T13:46:52.825323+00:00,4,5,9,,,,Win
63302833,baseball,mlb,2026_06_03,08:05 PM,Chicago Cubs,Athletics,total,under,9.0,under_total,-119.0,0.6170312003686215,0.2566626401148199,0.3475193271282878,0,,,final,2026-08-30T13:46:52.825323+00:00,4,5,9,,,,Push
63302849,baseball,mlb,2026_06_03,01:10 PM,Tampa Bay Rays,Detroit Tigers,run_line,away,1.5,away_run_line,-169.0,0.6754258989271867,0.0750861941503742,0.1268956681141322,0,822973,1,final,2026-08-30T13:46:52.825323+00:00,2,7,9,-1.5,1.5,8.0,Win
63302849,baseball,mlb,2026_06_03,01:10 PM,Tampa Bay Rays,Detroit Tigers,total,over,8.0,over_total,-108.0,0.4647017376061011,0.0331461378093803,0.0415367551749035,0,822973,1,final,2026-08-30T13:46:52.825323+00:00,2,7,9,-1.5,1.5,8.0,Win
63302849,baseball,mlb,2026_06_03,01:10 PM,Tampa Bay Rays,Detroit Tigers,moneyline,away,,away_moneyline,123.0,0.4669666184956715,0.0413355592453474,0.0336061457279247,0,822973,1,final,2026-08-30T13:46:52.825323+00:00,2,7,9,-1.5,1.5,8.0,Win
63303087,baseball,mlb,2026_06_03,03:40 PM,Seattle Mariners,New York Mets,run_line,away,1.5,away_run_line,-188.0,0.6673536895529097,0.0223290563363722,0.04197862591238,0,823130,1,final,2026-08-30T13:46:52.825323+00:00,1,7,8,-1.5,1.5,7.0,Win
63303087,baseball,mlb,2026_06_03,03:40 PM,Seattle Mariners,New York Mets,total,over,7.0,over_total,-125.0,0.6489037148453138,0.2909140213657476,0.414590440966516,0,823130,1,final,2026-08-30T13:46:52.825323+00:00,1,7,8,-1.5,1.5,7.0,Win
63303087,baseball,mlb,2026_06_03,03:40 PM,Seattle Mariners,New York Mets,moneyline,away,,away_moneyline,123.0,0.4620979780862501,0.0304784911323376,0.0247792610832013,0,823130,1,final,2026-08-30T13:46:52.825323+00:00,1,7,8,-1.5,1.5,7.0,Win
63303717,baseball,mlb,2026_06_03,09:40 PM,Arizona Diamondbacks,Los Angeles Dodgers,run_line,away,-1.5,away_run_line,-114.0,0.633689343455866,0.1895571885925906,0.2160951949955533,0,825077,1,final,2026-08-30T13:46:52.825323+00:00,0,7,7,1.5,-1.5,9.0,Win
63303717,baseball,mlb,2026_06_03,09:40 PM,Arizona Diamondbacks,Los Angeles Dodgers,total,under,9.0,under_total,-111.0,0.7151163611755181,0.463792729303309,0.5748388529670349,0,825077,1,final,2026-08-30T13:46:52.825323+00:00,0,7,7,1.5,-1.5,9.0,Win
63303717,baseball,mlb,2026_06_03,09:40 PM,Arizona Diamondbacks,Los Angeles Dodgers,moneyline,away,,away_moneyline,-196.0,0.8559046973746648,0.2925907674637793,0.5734779042290077,0,825077,1,final,2026-08-30T13:46:52.825323+00:00,0,7,7,1.5,-1.5,9.0,Win
63303801,baseball,mlb,2026_06_03,07:05 PM,New York Yankees,Cleveland Guardians,run_line,away,1.5,away_run_line,-158.0,0.7698062603266538,0.2570254124321307,0.4061001516427667,0,823540,1,final,2026-08-30T13:46:52.825323+00:00,4,5,9,-1.5,1.5,7.5,Win
63303801,baseball,mlb,2026_06_03,07:05 PM,New York Yankees,Cleveland Guardians,total,under,7.5,under_total,-123.0,0.5623775861038125,0.0195951357817088,0.0241020170115018,0,823540,1,final,2026-08-30T13:46:52.825323+00:00,4,5,9,-1.5,1.5,7.5,Loss
63303801,baseball,mlb,2026_06_03,07:05 PM,New York Yankees,Cleveland Guardians,moneyline,away,,away_moneyline,135.0,0.5767191705508989,0.3552900507946126,0.2631778154034166,0,823540,1,final,2026-08-30T13:46:52.825323+00:00,4,5,9,-1.5,1.5,7.5,Win
63299451,baseball,mlb,2026_06_04,07:15 PM,Atlanta Braves,Toronto Blue Jays,total,over,7.5,over_total,100.0,0.6951552353110597,0.3903104706221195,0.3903104706221196,0,824919,1,final,2026-08-30T13:46:52.825323+00:00,2,7,9,-1.5,1.5,7.5,Win
63299451,baseball,mlb,2026_06_04,07:15 PM,Atlanta Braves,Toronto Blue Jays,moneyline,home,,home_moneyline,-200.0,0.6887165928917277,0.0330748893375916,0.0661497786751831,0,824919,1,final,2026-08-30T13:46:52.825323+00:00,2,7,9,-1.5,1.5,7.5,Loss
63301039,baseball,mlb,2026_06_04,08:10 PM,Houston Astros,Pittsburgh Pirates,run_line,away,-1.5,away_run_line,152.0,0.3988532953077384,0.0051103041755007,0.0033620422207241,0,824185,1,final,2026-08-30T13:46:52.825323+00:00,1,5,6,1.5,-1.5,8.5,Win
63301039,baseball,mlb,2026_06_04,08:10 PM,Houston Astros,Pittsburgh Pirates,total,over,8.5,over_total,-109.0,0.6210386810842504,0.1907989389597095,0.2079708434660834,0,824185,1,final,2026-08-30T13:46:52.825323+00:00,1,5,6,1.5,-1.5,8.5,Loss
63301039,baseball,mlb,2026_06_04,08:10 PM,Houston Astros,Pittsburgh Pirates,moneyline,away,,away_moneyline,-107.0,0.6056497864401859,0.1716776242347522,0.1836950579311849,0,824185,1,final,2026-08-30T13:46:52.825323+00:00,1,5,6,1.5,-1.5,8.5,Win
63301333,baseball,mlb,2026_06_04,01:35 PM,New York Yankees,Cleveland Guardians,run_line,away,1.5,away_run_line,-149.0,0.6913597012076904,0.1553595006759389,0.231485656007149,0,823542,1,final,2026-08-30T13:46:52.825323+00:00,2,1,3,-1.5,1.5,8.5,Win
63301333,baseball,mlb,2026_06_04,01:35 PM,New York Yankees,Cleveland Guardians,total,under,8.5,under_total,-112.0,0.6458792489714693,0.2225571498388525,0.2492640078195148,0,823542,1,final,2026-08-30T13:46:52.825323+00:00,2,1,3,-1.5,1.5,8.5,Win
63301333,baseball,mlb,2026_06_04,01:35 PM,New York Yankees,Cleveland Guardians,moneyline,away,,away_moneyline,141.0,0.4744605517381074,0.1434499296888389,0.1017375387864106,0,823542,1,final,2026-08-30T13:46:52.825323+00:00,2,1,3,-1.5,1.5,8.5,Loss
63301717,baseball,mlb,2026_06_04,01:35 PM,Boston Red Sox,Baltimore Orioles,run_line,home,1.5,home_run_line,-181.0,0.686098718882152,0.0651587845628989,0.117937400058847,0,824753,1,final,2026-08-30T13:46:52.825323+00:00,2,8,10,1.5,-1.5,10.5,Loss
63301717,baseball,mlb,2026_06_04,01:35 PM,Boston Red Sox,Baltimore Orioles,total,under,10.5,under_total,-117.0,0.6465262699452906,0.199112825454086,0.2329620057812806,0,824753,1,final,2026-08-30T13:46:52.825323+00:00,2,8,10,1.5,-1.5,10.5,Win
63302275,baseball,mlb,2026_06_04,02:10 PM,Milwaukee Brewers,San Francisco Giants,run_line,away,1.5,away_run_line,-126.0,0.6804306717064873,0.2204550143306833,0.2777733180566612,0,823779,1,final,2026-08-30T13:46:52.825323+00:00,9,12,21,-1.5,1.5,9.0,Win
63302275,baseball,mlb,2026_06_04,02:10 PM,Milwaukee Brewers,San Francisco Giants,total,under,9.0,under_total,100.0,0.4918822956601176,0.1149719869322736,0.1323353656000191,0,823779,1,final,2026-08-30T13:46:52.825323+00:00,9,12,21,-1.5,1.5,9.0,Loss
63302275,baseball,mlb,2026_06_04,02:10 PM,Milwaukee Brewers,San Francisco Giants,moneyline,away,,away_moneyline,152.0,0.4779496011967046,0.2044329950156955,0.1344953914576944,0,823779,1,final,2026-08-30T13:46:52.825323+00:00,9,12,21,-1.5,1.5,9.0,Win
63302649,baseball,mlb,2026_06_04,08:05 PM,Chicago Cubs,Athletics,run_line,away,1.5,away_run_line,-181.0,0.6921028845131838,0.0744801687746112,0.1348091054820464,0,,,final,2026-08-30T13:46:52.825323+00:00,7,6,13,,,,Win
63302649,baseball,mlb,2026_06_04,08:05 PM,Chicago Cubs,Athletics,total,over,10.0,over_total,-117.0,0.5105912604393603,0.0687516887165928,0.0915914326232753,0,,,final,2026-08-30T13:46:52.825323+00:00,7,6,13,,,,Win
63302649,baseball,mlb,2026_06_04,08:05 PM,Chicago Cubs,Athletics,moneyline,away,,away_moneyline,112.0,0.5167697252050557,0.095551817434718,0.0853141227095698,0,,,final,2026-08-30T13:46:52.825323+00:00,7,6,13,,,,Loss
63303117,baseball,mlb,2026_06_04,01:05 PM,Philadelphia Phillies,San Diego Padres,run_line,home,-1.5,home_run_line,110.0,0.566563732432075,0.1897838381073575,0.1725307619157796,0,823457,1,final,2026-08-30T13:46:52.825323+00:00,6,4,10,-1.5,1.5,8.0,Win
63303117,baseball,mlb,2026_06_04,01:05 PM,Philadelphia Phillies,San Diego Padres,total,over,8.0,over_total,-111.0,0.5026921788036227,0.091293368006331,0.1172493475001621,0,823457,1,final,2026-08-30T13:46:52.825323+00:00,6,4,10,-1.5,1.5,8.0,Win
63303117,baseball,mlb,2026_06_04,01:05 PM,Philadelphia Phillies,San Diego Padres,moneyline,home,,home_moneyline,-192.0,0.7832053235793884,0.1911247629436534,0.3669595448518145,0,823457,1,final,2026-08-30T13:46:52.825323+00:00,6,4,10,-1.5,1.5,8.0,Win
63303517,baseball,mlb,2026_06_04,07:40 PM,Minnesota Twins,Kansas City Royals,run_line,home,1.5,home_run_line,-163.0,0.8766620031871313,0.4144914529951873,0.6756210683821553,0,823698,1,final,2026-08-30T13:46:52.825323+00:00,6,8,14,1.5,-1.5,9.0,Loss
63303517,baseball,mlb,2026_06_04,07:40 PM,Minnesota Twins,Kansas City Royals,total,under,9.0,under_total,-103.0,0.5468073165034635,0.2060137520023472,0.2434328131484733,0,823698,1,final,2026-08-30T13:46:52.825323+00:00,6,8,14,1.5,-1.5,9.0,Loss
63303517,baseball,mlb,2026_06_04,07:40 PM,Minnesota Twins,Kansas City Royals,moneyline,home,,home_moneyline,-105.0,0.7603020870770741,0.4843993128647637,0.508619278508002,0,823698,1,final,2026-08-30T13:46:52.825323+00:00,6,8,14,1.5,-1.5,9.0,Loss
63303705,baseball,mlb,2026_06_04,09:40 PM,Arizona Diamondbacks,Los Angeles Dodgers,run_line,home,1.5,home_run_line,-135.0,0.739947133838023,0.2880561218661881,0.3888757645193541,0,825076,1,final,2026-08-30T13:46:52.825323+00:00,3,2,5,1.5,-1.5,9.5,Win
63303705,baseball,mlb,2026_06_04,09:40 PM,Arizona Diamondbacks,Los Angeles Dodgers,total,under,9.5,under_total,-116.0,0.7169049463972457,0.3349264519121125,0.3885146842180506,0,825076,1,final,2026-08-30T13:46:52.825323+00:00,3,2,5,1.5,-1.5,9.5,Win
63303705,baseball,mlb,2026_06_04,09:40 PM,Arizona Diamondbacks,Los Angeles Dodgers,moneyline,home,,home_moneyline,119.0,0.5463845704973578,0.1965822093892135,0.1651951339405156,0,825076,1,final,2026-08-30T13:46:52.825323+00:00,3,2,5,1.5,-1.5,9.5,Win
63299195,baseball,mlb,2026_06_05,08:15 PM,Texas Rangers,Cleveland Guardians,run_line,away,-1.5,away_run_line,134.0,0.5762518291919992,0.3484292803092781,0.2600218509770732,0,822892,1,final,2026-08-30T13:46:52.825323+00:00,3,2,5,1.5,-1.5,7.5,Loss
63299195,baseball,mlb,2026_06_05,08:15 PM,Texas Rangers,Cleveland Guardians,total,over,7.5,over_total,-114.0,0.781852600323522,0.4676882146424009,0.5331645646923371,0,822892,1,final,2026-08-30T13:46:52.825323+00:00,3,2,5,1.5,-1.5,7.5,Loss
63299195,baseball,mlb,2026_06_05,08:15 PM,Texas Rangers,Cleveland Guardians,moneyline,away,,away_moneyline,-126.0,0.7767746263650682,0.3932624250675032,0.4955106555850541,0,822892,1,final,2026-08-30T13:46:52.825323+00:00,3,2,5,1.5,-1.5,7.5,Loss
63299231,baseball,mlb,2026_06_05,06:40 PM,Detroit Tigers,Seattle Mariners,total,over,7.5,over_total,-114.0,0.597368431569228,0.121375827682586,0.1383684435581481,0,824271,1,final,2026-08-30T13:46:52.825323+00:00,7,3,10,1.5,-1.5,7.5,Win
63299231,baseball,mlb,2026_06_05,06:40 PM,Detroit Tigers,Seattle Mariners,moneyline,away,,away_moneyline,-125.0,0.6451432488335584,0.1612578479004052,0.2015723098755065,0,824271,1,final,2026-08-30T13:46:52.825323+00:00,7,3,10,1.5,-1.5,7.5,Loss
63300949,baseball,mlb,2026_06_05,08:40 PM,Colorado Rockies,Milwaukee Brewers,total,under,12.0,under_total,-112.0,0.7226632065960357,0.4581165249208163,0.5639710217567084,0,824350,1,final,2026-08-30T13:46:52.825323+00:00,7,9,16,1.5,-1.5,12.0,Loss
63300949,baseball,mlb,2026_06_05,08:40 PM,Colorado Rockies,Milwaukee Brewers,moneyline,away,,away_moneyline,-158.0,0.7132666054111603,0.1647011657979704,0.2602278419607934,0,824350,1,final,2026-08-30T13:46:52.825323+00:00,7,9,16,1.5,-1.5,12.0,Win
63301249,baseball,mlb,2026_06_05,07:07 PM,Toronto Blue Jays,Baltimore Orioles,run_line,away,1.5,away_run_line,-163.0,0.7356928961988719,0.1870382312902043,0.3048723170030331,0,822810,1,final,2026-08-30T13:46:52.825323+00:00,3,13,16,-1.5,1.5,8.5,Win
63301249,baseball,mlb,2026_06_05,07:07 PM,Toronto Blue Jays,Baltimore Orioles,total,over,8.5,over_total,-101.0,0.5190792405994595,0.0330190827771423,0.0333492736049137,0,822810,1,final,2026-08-30T13:46:52.825323+00:00,3,13,16,-1.5,1.5,8.5,Win
63301249,baseball,mlb,2026_06_05,07:07 PM,Toronto Blue Jays,Baltimore Orioles,moneyline,away,,away_moneyline,124.0,0.5521557372956097,0.2368288515421659,0.1909910093081983,0,822810,1,final,2026-08-30T13:46:52.825323+00:00,3,13,16,-1.5,1.5,8.5,Win
63301255,baseball,mlb,2026_06_05,10:10 PM,Los Angeles Dodgers,Los Angeles Angels,run_line,away,1.5,away_run_line,-131.0,0.6981290821348831,0.2310520455966258,0.3026781797315798,0,823943,1,final,2026-08-30T13:46:52.825323+00:00,1,0,1,-1.5,1.5,8.0,Win
63301255,baseball,mlb,2026_06_05,10:10 PM,Los Angeles Dodgers,Los Angeles Angels,moneyline,away,,away_moneyline,163.0,0.4925202666561515,0.2953283013056784,0.1811830069359989,0,823943,1,final,2026-08-30T13:46:52.825323+00:00,1,0,1,-1.5,1.5,8.0,Loss
63301389,baseball,mlb,2026_06_05,09:30 PM,Minnesota Twins,Kansas City Royals,run_line,home,1.5,home_run_line,-196.0,0.6887734088997975,0.0401884134405106,0.0787692903434005,0,823699,1,final,2026-08-30T13:46:52.825323+00:00,5,3,8,1.5,-1.5,8.5,Win
63301389,baseball,mlb,2026_06_05,09:30 PM,Minnesota Twins,Kansas City Royals,total,under,8.5,under_total,-108.0,0.5781205432874401,0.1134173426276624,0.1224907300378754,0,823699,1,final,2026-08-30T13:46:52.825323+00:00,5,3,8,1.5,-1.5,8.5,Win
63301389,baseball,mlb,2026_06_05,09:30 PM,Minnesota Twins,Kansas City Royals,moneyline,away,,away_moneyline,-105.0,0.5207345401572026,0.0166721974497763,0.0175058073222652,0,823699,1,final,2026-08-30T13:46:52.825323+00:00,5,3,8,1.5,-1.5,8.5,Loss
63301407,baseball,mlb,2026_06_05,07:05 PM,New York Yankees,Boston Red Sox,run_line,away,1.5,away_run_line,-175.0,0.707946189310062,0.1124868689158118,0.1968520206026705,0,823538,1,final,2026-08-30T13:46:52.825323+00:00,3,5,8,-1.5,1.5,8.0,Win
63301407,baseball,mlb,2026_06_05,07:05 PM,New York Yankees,Boston Red Sox,total,under,8.0,under_total,-106.0,0.4498893503610622,0.0138955698297341,0.0171187832242064,0,823538,1,final,2026-08-30T13:46:52.825323+00:00,3,5,8,-1.5,1.5,8.0,Push
63301407,baseball,mlb,2026_06_05,07:05 PM,New York Yankees,Boston Red Sox,moneyline,away,,away_moneyline,123.0,0.5031299605451711,0.1219798120157316,0.0991705788745785,0,823538,1,final,2026-08-30T13:46:52.825323+00:00,3,5,8,-1.5,1.5,8.0,Win
63301583,baseball,mlb,2026_06_05,07:15 PM,Atlanta Braves,Pittsburgh Pirates,total,over,8.5,over_total,-104.0,0.5502807408977748,0.0793968379148659,0.0825727114314605,0,824914,1,final,2026-08-30T13:46:52.825323+00:00,6,3,9,-1.5,1.5,8.5,Win
63301583,baseball,mlb,2026_06_05,07:15 PM,Atlanta Braves,Pittsburgh Pirates,moneyline,home,,home_moneyline,-144.0,0.6172724281625501,0.0459338366087653,0.0661447247166223,0,824914,1,final,2026-08-30T13:46:52.825323+00:00,6,3,9,-1.5,1.5,8.5,Win
63301997,baseball,mlb,2026_06_05,06:40 PM,Philadelphia Phillies,Chicago White Sox,run_line,home,-1.5,home_run_line,114.0,0.4968063716723909,0.0631656353789165,0.0554084520867689,0,823455,1,final,2026-08-30T13:46:52.825323+00:00,8,6,14,-1.5,1.5,8.5,Win
63301997,baseball,mlb,2026_06_05,06:40 PM,Philadelphia Phillies,Chicago White Sox,total,over,8.5,over_total,-111.0,0.6233049040842387,0.184840853709679,0.2051733476177436,0,823455,1,final,2026-08-30T13:46:52.825323+00:00,8,6,14,-1.5,1.5,8.5,Win
63301997,baseball,mlb,2026_06_05,06:40 PM,Philadelphia Phillies,Chicago White Sox,moneyline,home,,home_moneyline,-188.0,0.7085012873000914,0.0853636741618422,0.1604837074242633,0,823455,1,final,2026-08-30T13:46:52.825323+00:00,8,6,14,-1.5,1.5,8.5,Win
63302201,baseball,mlb,2026_06_05,09:40 PM,San Diego Padres,New York Mets,total,over,7.0,over_total,-125.0,0.6668033900019623,0.319396904569149,0.4532513986211324,0,823293,1,final,2026-08-30T13:46:52.825323+00:00,0,5,5,-1.5,1.5,7.0,Loss
63302623,baseball,mlb,2026_06_05,08:15 PM,St Louis Cardinals,Cincinnati Reds,run_line,away,1.5,away_run_line,-175.0,0.7494057967419815,0.1776376805945423,0.310865941040449,0,,,final,2026-08-30T13:46:52.825323+00:00,10,3,13,,,,Loss
63302623,baseball,mlb,2026_06_05,08:15 PM,St Louis Cardinals,Cincinnati Reds,total,over,9.0,over_total,-105.0,0.4799003611152785,0.0668588591796022,0.0806834296590871,0,,,final,2026-08-30T13:46:52.825323+00:00,10,3,13,,,,Win
63302623,baseball,mlb,2026_06_05,08:15 PM,St Louis Cardinals,Cincinnati Reds,moneyline,away,,away_moneyline,119.0,0.5797065184574225,0.2695572754217552,0.2265187188418111,0,,,final,2026-08-30T13:46:52.825323+00:00,10,3,13,,,,Loss
63303331,baseball,mlb,2026_06_05,07:10 PM,Miami Marlins,Tampa Bay Rays,run_line,away,-1.5,away_run_line,123.0,0.513443963978258,0.1449800396715153,0.1178699509524514,0,823860,1,final,2026-08-30T13:46:52.825323+00:00,0,6,6,1.5,-1.5,8.0,Win
63303331,baseball,mlb,2026_06_05,07:10 PM,Miami Marlins,Tampa Bay Rays,total,over,8.0,over_total,-101.0,0.510761259042356,0.1515258385031245,0.1769384709271989,0,823860,1,final,2026-08-30T13:46:52.825323+00:00,0,6,6,1.5,-1.5,8.0,Loss
63303331,baseball,mlb,2026_06_05,07:10 PM,Miami Marlins,Tampa Bay Rays,moneyline,away,,away_moneyline,-142.0,0.7351730234509113,0.25290050475437,0.3591187167512052,0,823860,1,final,2026-08-30T13:46:52.825323+00:00,0,6,6,1.5,-1.5,8.0,Win
63303571,baseball,mlb,2026_06_05,08:10 PM,Houston Astros,Athletics,run_line,home,1.5,home_run_line,-181.0,0.6820573889149193,0.0588846756082448,0.1065812628509231,0,,,final,2026-08-30T13:46:52.825323+00:00,5,1,6,,,,Win
63303813,baseball,mlb,2026_06_05,09:40 PM,Arizona Diamondbacks,Washington Nationals,run_line,away,1.5,away_run_line,-181.0,0.8352748406711923,0.2967526531967128,0.5371223022860503,0,825073,1,final,2026-08-30T13:46:52.825323+00:00,1,14,15,-1.5,1.5,9.0,Win
63303813,baseball,mlb,2026_06_05,09:40 PM,Arizona Diamondbacks,Washington Nationals,moneyline,away,,away_moneyline,112.0,0.7009511386404996,0.4860164139178593,0.4339432267123743,0,825073,1,final,2026-08-30T13:46:52.825323+00:00,1,14,15,-1.5,1.5,9.0,Win
63301677,baseball,mlb,2026_06_06,04:10 PM,Houston Astros,Athletics,run_line,home,1.5,home_run_line,-175.0,0.733630166963079,0.1528474052276955,0.2674829591484672,0,,,final,2026-08-30T13:46:52.825323+00:00,13,2,15,,,,Win
63301677,baseball,mlb,2026_06_06,04:10 PM,Houston Astros,Athletics,total,under,9.0,under_total,102.0,0.484566423180049,0.1102300007980673,0.1244178598764241,0,,,final,2026-08-30T13:46:52.825323+00:00,13,2,15,,,,Loss
63301677,baseball,mlb,2026_06_06,04:10 PM,Houston Astros,Athletics,moneyline,home,,home_moneyline,-114.0,0.5489666752839006,0.030516390445217,0.0347886851075474,0,,,final,2026-08-30T13:46:52.825323+00:00,13,2,15,,,,Win
63301727,baseball,mlb,2026_06_06,01:10 PM,Detroit Tigers,Seattle Mariners,run_line,home,1.5,home_run_line,-149.0,0.6759230180614189,0.1295626274986125,0.1930483149729329,0,824269,1,final,2026-08-30T13:46:52.825323+00:00,0,4,4,1.5,-1.5,8.5,Loss
63301727,baseball,mlb,2026_06_06,01:10 PM,Detroit Tigers,Seattle Mariners,moneyline,home,,home_moneyline,112.0,0.4740966807031929,0.005084963090769,0.004540145616758,0,824269,1,final,2026-08-30T13:46:52.825323+00:00,0,4,4,1.5,-1.5,8.5,Loss
63301995,baseball,mlb,2026_06_06,04:10 PM,Atlanta Braves,Pittsburgh Pirates,total,under,8.5,under_total,-114.0,0.7245876835633949,0.3601909147593553,0.410617642825665,0,824915,1,final,2026-08-30T13:46:52.825323+00:00,6,3,9,1.5,-1.5,8.5,Loss
63301995,baseball,mlb,2026_06_06,04:10 PM,Atlanta Braves,Pittsburgh Pirates,moneyline,away,,away_moneyline,-105.0,0.6033790546652066,0.1780257733939747,0.1869270620636735,0,824915,1,final,2026-08-30T13:46:52.825323+00:00,6,3,9,1.5,-1.5,8.5,Loss
63302245,baseball,mlb,2026_06_06,02:10 PM,Minnesota Twins,Kansas City Royals,run_line,away,1.5,away_run_line,-169.0,0.6763344584683207,0.0765323628874454,0.1293396932797826,0,823697,1,final,2026-08-30T13:46:52.825323+00:00,2,3,5,-1.5,1.5,8.5,Win
63302245,baseball,mlb,2026_06_06,02:10 PM,Minnesota Twins,Kansas City Royals,total,over,8.5,over_total,-101.0,0.5934433747973387,0.1810110726164859,0.1828211833426507,0,823697,1,final,2026-08-30T13:46:52.825323+00:00,2,3,5,-1.5,1.5,8.5,Loss
63302245,baseball,mlb,2026_06_06,02:10 PM,Minnesota Twins,Kansas City Royals,moneyline,away,,away_moneyline,124.0,0.4814601615639212,0.0784707619031834,0.0632828725025673,0,823697,1,final,2026-08-30T13:46:52.825323+00:00,2,3,5,-1.5,1.5,8.5,Win
63302467,baseball,mlb,2026_06_06,10:10 PM,Los Angeles Dodgers,Los Angeles Angels,run_line,away,1.5,away_run_line,134.0,0.644940017144056,0.509159640117091,0.3799698806843963,0,823942,1,final,2026-08-30T13:46:52.825323+00:00,9,2,11,-1.5,1.5,8.5,Loss
63302467,baseball,mlb,2026_06_06,10:10 PM,Los Angeles Dodgers,Los Angeles Angels,total,over,8.5,over_total,-120.0,0.6206704372140721,0.1378958015591321,0.1654749618709586,0,823942,1,final,2026-08-30T13:46:52.825323+00:00,9,2,11,-1.5,1.5,8.5,Win
63302467,baseball,mlb,2026_06_06,10:10 PM,Los Angeles Dodgers,Los Angeles Angels,moneyline,away,,away_moneyline,282.0,0.4455036182464553,0.7018238217014592,0.2488736956388153,0,823942,1,final,2026-08-30T13:46:52.825323+00:00,9,2,11,-1.5,1.5,8.5,Loss
63302493,baseball,mlb,2026_06_06,04:10 PM,Miami Marlins,Tampa Bay Rays,run_line,home,1.5,home_run_line,-136.0,0.6743772396338896,0.1702428570117495,0.2315302855359795,0,823859,1,final,2026-08-30T13:46:52.825323+00:00,4,3,7,1.5,-1.5,8.0,Win
63302493,baseball,mlb,2026_06_06,04:10 PM,Miami Marlins,Tampa Bay Rays,total,under,8.0,under_total,-111.0,0.4768511130364405,0.0457794263078601,0.0590415880130731,0,823859,1,final,2026-08-30T13:46:52.825323+00:00,4,3,7,1.5,-1.5,8.0,Win
63302493,baseball,mlb,2026_06_06,04:10 PM,Miami Marlins,Tampa Bay Rays,moneyline,home,,home_moneyline,123.0,0.4563404841147745,0.0176392795759472,0.014340877704022,0,823859,1,final,2026-08-30T13:46:52.825323+00:00,4,3,7,1.5,-1.5,8.0,Win
63302719,baseball,mlb,2026_06_06,04:10 PM,Arizona Diamondbacks,Washington Nationals,run_line,away,1.5,away_run_line,-151.0,0.8385301166990257,0.3938480747778505,0.5947105929145544,0,825075,1,final,2026-08-30T13:46:52.825323+00:00,1,6,7,-1.5,1.5,9.0,Win
63302719,baseball,mlb,2026_06_06,04:10 PM,Arizona Diamondbacks,Washington Nationals,total,over,9.0,over_total,-114.0,0.6441698687235781,0.3204615922911506,0.411047170927476,0,825075,1,final,2026-08-30T13:46:52.825323+00:00,1,6,7,-1.5,1.5,9.0,Loss
63302719,baseball,mlb,2026_06_06,04:10 PM,Arizona Diamondbacks,Washington Nationals,moneyline,away,,away_moneyline,135.0,0.7212590113944709,0.6949586767770066,0.514784205020005,0,825075,1,final,2026-08-30T13:46:52.825323+00:00,1,6,7,-1.5,1.5,9.0,Win
63302831,baseball,mlb,2026_06_06,04:05 PM,Philadelphia Phillies,Chicago White Sox,run_line,away,1.5,away_run_line,-175.0,0.7381535620486905,0.159955597505085,0.2799222956338989,0,823454,1,final,2026-08-30T13:46:52.825323+00:00,3,6,9,-1.5,1.5,10.0,Win
63302831,baseball,mlb,2026_06_06,04:05 PM,Philadelphia Phillies,Chicago White Sox,total,under,10.0,under_total,-114.0,0.5773288230752338,0.2033070770728806,0.2632403046102545,0,823454,1,final,2026-08-30T13:46:52.825323+00:00,3,6,9,-1.5,1.5,10.0,Win
63302831,baseball,mlb,2026_06_06,04:05 PM,Philadelphia Phillies,Chicago White Sox,moneyline,away,,away_moneyline,108.0,0.558966975040159,0.1626513080835308,0.1506030630403062,0,823454,1,final,2026-08-30T13:46:52.825323+00:00,3,6,9,-1.5,1.5,10.0,Win
63302917,baseball,mlb,2026_06_06,02:20 PM,Chicago Cubs,San Francisco Giants,run_line,away,1.5,away_run_line,-163.0,0.7741368796637458,0.2490674806844486,0.4059799935156514,0,824669,1,final,2026-08-30T13:46:52.825323+00:00,3,2,5,-1.5,1.5,8.0,Win
63302917,baseball,mlb,2026_06_06,02:20 PM,Chicago Cubs,San Francisco Giants,total,over,8.0,over_total,-113.0,0.5761167754483414,0.213805205265426,0.2770166156691221,0,824669,1,final,2026-08-30T13:46:52.825323+00:00,3,2,5,-1.5,1.5,8.0,Loss
63302917,baseball,mlb,2026_06_06,02:20 PM,Chicago Cubs,San Francisco Giants,moneyline,away,,away_moneyline,123.0,0.6115138072409592,0.3636757901473388,0.2956713741035276,0,824669,1,final,2026-08-30T13:46:52.825323+00:00,3,2,5,-1.5,1.5,8.0,Loss
63303125,baseball,mlb,2026_06_06,07:35 PM,Texas Rangers,Cleveland Guardians,run_line,away,-1.5,away_run_line,164.0,0.4452533004210979,0.1754687131116985,0.1069931177510356,0,822891,1,final,2026-08-30T13:46:52.825323+00:00,0,6,6,1.5,-1.5,8.0,Win
63303125,baseball,mlb,2026_06_06,07:35 PM,Texas Rangers,Cleveland Guardians,total,under,8.0,under_total,-108.0,0.5987313663931768,0.2834875019290407,0.3520673702292539,0,822891,1,final,2026-08-30T13:46:52.825323+00:00,0,6,6,1.5,-1.5,8.0,Win
63303125,baseball,mlb,2026_06_06,07:35 PM,Texas Rangers,Cleveland Guardians,moneyline,away,,away_moneyline,-102.0,0.6965379188985521,0.3794182315441912,0.3870065961750751,0,822891,1,final,2026-08-30T13:46:52.825323+00:00,0,6,6,1.5,-1.5,8.0,Win
63303365,baseball,mlb,2026_06_06,10:10 PM,San Diego Padres,New York Mets,run_line,home,1.5,home_run_line,-169.0,0.7781099019842017,0.2385299623298831,0.4031156363375025,0,823292,1,final,2026-08-30T13:46:52.825323+00:00,3,2,5,1.5,-1.5,7.5,Win
63303365,baseball,mlb,2026_06_06,10:10 PM,San Diego Padres,New York Mets,total,over,7.5,over_total,-119.0,0.5627378170585611,0.0356267389565117,0.0423958193582489,0,823292,1,final,2026-08-30T13:46:52.825323+00:00,3,2,5,1.5,-1.5,7.5,Loss
63303365,baseball,mlb,2026_06_06,10:10 PM,San Diego Padres,New York Mets,moneyline,home,,home_moneyline,100.0,0.6028096370999473,0.2056192741998945,0.2056192741998945,0,823292,1,final,2026-08-30T13:46:52.825323+00:00,3,2,5,1.5,-1.5,7.5,Win
63303447,baseball,mlb,2026_06_06,02:15 PM,St Louis Cardinals,Cincinnati Reds,run_line,away,1.5,away_run_line,-188.0,0.6945423954362935,0.0639798398173006,0.1202820988565252,0,,,final,2026-08-30T13:46:52.825323+00:00,6,5,11,,,,Win
63303447,baseball,mlb,2026_06_06,02:15 PM,St Louis Cardinals,Cincinnati Reds,total,over,9.5,over_total,-105.0,0.5241743693715532,0.023388054487318,0.0245574572116839,0,,,final,2026-08-30T13:46:52.825323+00:00,6,5,11,,,,Win
63303447,baseball,mlb,2026_06_06,02:15 PM,St Louis Cardinals,Cincinnati Reds,moneyline,away,,away_moneyline,104.0,0.5103629267761659,0.0411403706233783,0.0395580486763254,0,,,final,2026-08-30T13:46:52.825323+00:00,6,5,11,,,,Loss
63303473,baseball,mlb,2026_06_06,03:07 PM,Toronto Blue Jays,Baltimore Orioles,run_line,away,-1.5,away_run_line,149.0,0.4362319311643031,0.0862175085991148,0.0578640997309494,0,822808,1,final,2026-08-30T13:46:52.825323+00:00,6,4,10,1.5,-1.5,8.0,Loss
63303473,baseball,mlb,2026_06_06,03:07 PM,Toronto Blue Jays,Baltimore Orioles,moneyline,away,,away_moneyline,-112.0,0.6640613327368896,0.2569732369662552,0.2878100254022059,0,822808,1,final,2026-08-30T13:46:52.825323+00:00,6,4,10,1.5,-1.5,8.0,Loss
63303689,baseball,mlb,2026_06_06,09:10 PM,Colorado Rockies,Milwaukee Brewers,run_line,away,-1.5,away_run_line,-163.0,0.7684325523224027,0.2398635660171282,0.3909776126079192,0,824351,1,final,2026-08-30T13:46:52.825323+00:00,1,7,8,1.5,-1.5,10.5,Win
63303689,baseball,mlb,2026_06_06,09:10 PM,Colorado Rockies,Milwaukee Brewers,total,under,10.5,under_total,-112.0,0.6178846625985175,0.1695673970614795,0.189915484708857,0,824351,1,final,2026-08-30T13:46:52.825323+00:00,1,7,8,1.5,-1.5,10.5,Win
63303689,baseball,mlb,2026_06_06,09:10 PM,Colorado Rockies,Milwaukee Brewers,moneyline,away,,away_moneyline,-277.0,0.9151853041125436,0.245577110651368,0.6802485965042895,0,824351,1,final,2026-08-30T13:46:52.825323+00:00,1,7,8,1.5,-1.5,10.5,Win
63299429,baseball,mlb,2026_06_07,01:35 PM,New York Yankees,Boston Red Sox,total,over,8.0,over_total,-113.0,0.4624266813419624,0.009928036281217,0.0130188524480261,0,823537,1,final,2026-08-30T13:46:52.825323+00:00,6,1,7,-1.5,1.5,8.0,Loss
63299429,baseball,mlb,2026_06_07,01:35 PM,New York Yankees,Boston Red Sox,moneyline,home,,home_moneyline,-172.0,0.6413903808962276,0.0142917651382203,0.0245818360377391,0,823537,1,final,2026-08-30T13:46:52.825323+00:00,6,1,7,-1.5,1.5,8.0,Win
63300873,baseball,mlb,2026_06_07,02:15 PM,St Louis Cardinals,Cincinnati Reds,total,over,9.0,over_total,-119.0,0.5001662918092293,0.0491352362042276,0.0671046977347119,0,,,final,2026-08-30T13:46:52.825323+00:00,5,3,8,,,,Loss
63301181,baseball,mlb,2026_06_07,04:10 PM,San Diego Padres,New York Mets,run_line,home,1.5,home_run_line,-196.0,0.6939989926340125,0.0480801113248352,0.094237018196677,0,823291,1,final,2026-08-30T13:46:52.825323+00:00,3,7,10,1.5,-1.5,7.5,Loss
63301181,baseball,mlb,2026_06_07,04:10 PM,San Diego Padres,New York Mets,total,under,7.5,under_total,-102.0,0.5116379994917819,0.0132438813464698,0.0135087589733992,0,823291,1,final,2026-08-30T13:46:52.825323+00:00,3,7,10,1.5,-1.5,7.5,Loss
63301181,baseball,mlb,2026_06_07,04:10 PM,San Diego Padres,New York Mets,moneyline,away,,away_moneyline,-108.0,0.5225830351407825,0.0064562158266923,0.0069727130928276,0,823291,1,final,2026-08-30T13:46:52.825323+00:00,3,7,10,1.5,-1.5,7.5,Win
63301451,baseball,mlb,2026_06_07,01:40 PM,Miami Marlins,Tampa Bay Rays,run_line,home,1.5,home_run_line,-175.0,0.6940488658819197,0.0906482178144452,0.1586343811752792,0,823857,1,final,2026-08-30T13:46:52.825323+00:00,4,1,5,1.5,-1.5,8.5,Win
63301451,baseball,mlb,2026_06_07,01:40 PM,Miami Marlins,Tampa Bay Rays,total,over,8.5,over_total,-102.0,0.525470623390748,0.0406379012248144,0.0414506592493107,0,823857,1,final,2026-08-30T13:46:52.825323+00:00,4,1,5,1.5,-1.5,8.5,Loss
63301627,baseball,mlb,2026_06_07,01:40 PM,Detroit Tigers,Seattle Mariners,run_line,away,-1.5,away_run_line,136.0,0.5230422392354113,0.2343796845955708,0.1723380033790961,0,824268,1,final,2026-08-30T13:46:52.825323+00:00,5,4,9,1.5,-1.5,8.5,Loss
63301627,baseball,mlb,2026_06_07,01:40 PM,Detroit Tigers,Seattle Mariners,total,over,8.5,over_total,-105.0,0.5223490191059242,0.0198242753972807,0.0208154891671447,0,824268,1,final,2026-08-30T13:46:52.825323+00:00,5,4,9,1.5,-1.5,8.5,Win
63301627,baseball,mlb,2026_06_07,01:40 PM,Detroit Tigers,Seattle Mariners,moneyline,away,,away_moneyline,-120.0,0.7429549305303531,0.3620840393056472,0.4345008471667769,0,824268,1,final,2026-08-30T13:46:52.825323+00:00,5,4,9,1.5,-1.5,8.5,Loss
63301753,baseball,mlb,2026_06_07,03:10 PM,Colorado Rockies,Milwaukee Brewers,run_line,away,-1.5,away_run_line,-125.0,0.6751346827968001,0.2152424290342403,0.2690530362928002,0,824349,1,final,2026-08-30T13:46:52.825323+00:00,4,12,16,1.5,-1.5,12.5,Win
63301753,baseball,mlb,2026_06_07,03:10 PM,Colorado Rockies,Milwaukee Brewers,total,under,12.5,under_total,-116.0,0.6315926084410299,0.1760689950281246,0.2042400342326246,0,824349,1,final,2026-08-30T13:46:52.825323+00:00,4,12,16,1.5,-1.5,12.5,Loss
63301753,baseball,mlb,2026_06_07,03:10 PM,Colorado Rockies,Milwaukee Brewers,moneyline,away,,away_moneyline,-185.0,0.8430877476448065,0.2988108544798371,0.5528000807876987,0,824349,1,final,2026-08-30T13:46:52.825323+00:00,4,12,16,1.5,-1.5,12.5,Win
63301789,baseball,mlb,2026_06_07,02:10 PM,Houston Astros,Athletics,run_line,away,-1.5,away_run_line,138.0,0.4444227932951672,0.0577262480424978,0.0418306145235492,0,,,final,2026-08-30T13:46:52.825323+00:00,0,5,5,,,,Win
63301789,baseball,mlb,2026_06_07,02:10 PM,Houston Astros,Athletics,total,over,9.0,over_total,-113.0,0.4822930919995581,0.0388803853957684,0.050487000413271,0,,,final,2026-08-30T13:46:52.825323+00:00,0,5,5,,,,Loss
63301789,baseball,mlb,2026_06_07,02:10 PM,Houston Astros,Athletics,moneyline,away,,away_moneyline,-111.0,0.6564395168171837,0.2478264689047367,0.2750873804842577,0,,,final,2026-08-30T13:46:52.825323+00:00,0,5,5,,,,Win
63302133,baseball,mlb,2026_06_07,02:10 PM,Minnesota Twins,Kansas City Royals,run_line,home,1.5,home_run_line,-172.0,0.6596921650704541,0.0432341215067648,0.0743626889916353,0,823696,1,final,2026-08-30T13:46:52.825323+00:00,5,6,11,1.5,-1.5,9.0,Win
63302133,baseball,mlb,2026_06_07,02:10 PM,Minnesota Twins,Kansas City Royals,total,over,9.0,over_total,-111.0,0.4836865118891065,0.0491409031902154,0.062675458162852,0,823696,1,final,2026-08-30T13:46:52.825323+00:00,5,6,11,1.5,-1.5,9.0,Win
63302133,baseball,mlb,2026_06_07,02:10 PM,Minnesota Twins,Kansas City Royals,moneyline,away,,away_moneyline,-111.0,0.537262136142992,0.021282078614156,0.0236231072617132,0,823696,1,final,2026-08-30T13:46:52.825323+00:00,5,6,11,1.5,-1.5,9.0,Win
63302231,baseball,mlb,2026_06_07,04:10 PM,Los Angeles Dodgers,Los Angeles Angels,run_line,home,-1.5,home_run_line,-101.0,0.5512806245901588,0.0971030251744744,0.0980740554262191,0,823941,1,final,2026-08-30T13:46:52.825323+00:00,5,13,18,-1.5,1.5,8.5,Loss
63302231,baseball,mlb,2026_06_07,04:10 PM,Los Angeles Dodgers,Los Angeles Angels,total,over,8.5,over_total,-109.0,0.6538126700080924,0.2536408076301956,0.2764684803169132,0,823941,1,final,2026-08-30T13:46:52.825323+00:00,5,13,18,-1.5,1.5,8.5,Win
63302231,baseball,mlb,2026_06_07,04:10 PM,Los Angeles Dodgers,Los Angeles Angels,moneyline,home,,home_moneyline,-208.0,0.7564057019153207,0.1200622893746097,0.2497295618991879,0,823941,1,final,2026-08-30T13:46:52.825323+00:00,5,13,18,-1.5,1.5,8.5,Loss
63302761,baseball,mlb,2026_06_07,01:37 PM,Toronto Blue Jays,Baltimore Orioles,run_line,away,1.5,away_run_line,-181.0,0.6902339342734456,0.0715786493416474,0.129557355308382,0,822807,1,final,2026-08-30T13:46:52.825323+00:00,6,4,10,-1.5,1.5,8.0,Loss
63302761,baseball,mlb,2026_06_07,01:37 PM,Toronto Blue Jays,Baltimore Orioles,moneyline,away,,away_moneyline,118.0,0.4843527148816667,0.0558889184420334,0.0473634902051131,0,822807,1,final,2026-08-30T13:46:52.825323+00:00,6,4,10,-1.5,1.5,8.0,Loss
63302837,baseball,mlb,2026_06_07,01:35 PM,Philadelphia Phillies,Chicago White Sox,run_line,away,1.5,away_run_line,-142.0,0.7244074573516163,0.2345535540781065,0.3330660467909113,0,823453,1,final,2026-08-30T13:46:52.825323+00:00,9,5,14,-1.5,1.5,9.5,Loss
63302837,baseball,mlb,2026_06_07,01:35 PM,Philadelphia Phillies,Chicago White Sox,total,under,9.5,under_total,-108.0,0.5854733173115035,0.127578240748081,0.1377845000079275,0,823453,1,final,2026-08-30T13:46:52.825323+00:00,9,5,14,-1.5,1.5,9.5,Loss
63302837,baseball,mlb,2026_06_07,01:35 PM,Philadelphia Phillies,Chicago White Sox,moneyline,away,,away_moneyline,141.0,0.5394706922689785,0.3001243683682382,0.2128541619632895,0,823453,1,final,2026-08-30T13:46:52.825323+00:00,9,5,14,-1.5,1.5,9.5,Loss
63303495,baseball,mlb,2026_06_07,01:35 PM,Atlanta Braves,Pittsburgh Pirates,total,over,9.0,over_total,100.0,0.4520199211787117,0.0351536514519645,0.0404582922595779,0,824916,1,final,2026-08-30T13:46:52.825323+00:00,3,2,5,-1.5,1.5,9.0,Loss
63303519,baseball,mlb,2026_06_07,03:15 PM,Arizona Diamondbacks,Washington Nationals,run_line,away,1.5,away_run_line,-181.0,0.7880555914857555,0.2234454210358967,0.404436212074973,0,825074,1,final,2026-08-30T13:46:52.825323+00:00,5,1,6,-1.5,1.5,8.0,Loss
63303519,baseball,mlb,2026_06_07,03:15 PM,Arizona Diamondbacks,Washington Nationals,total,over,8.0,over_total,-119.0,0.8404868391187656,0.6137882147567874,0.7828678853852293,0,825074,1,final,2026-08-30T13:46:52.825323+00:00,5,1,6,-1.5,1.5,8.0,Loss
63303519,baseball,mlb,2026_06_07,03:15 PM,Arizona Diamondbacks,Washington Nationals,moneyline,away,,away_moneyline,112.0,0.6555170799074561,0.389696209403807,0.3479430441105419,0,825074,1,final,2026-08-30T13:46:52.825323+00:00,5,1,6,-1.5,1.5,8.0,Loss
63303593,baseball,mlb,2026_06_07,08:30 PM,Chicago Cubs,San Francisco Giants,run_line,home,1.5,home_run_line,-212.0,0.7587068125608905,0.1165873845235747,0.2471652551899783,0,824670,1,final,2026-08-30T13:46:52.825323+00:00,1,2,3,1.5,-1.5,8.0,Win
63303593,baseball,mlb,2026_06_07,08:30 PM,Chicago Cubs,San Francisco Giants,total,over,8.0,over_total,-105.0,0.5313845588502132,0.1705978300288644,0.2066380051212734,0,824670,1,final,2026-08-30T13:46:52.825323+00:00,1,2,3,1.5,-1.5,8.0,Loss
63303593,baseball,mlb,2026_06_07,08:30 PM,Chicago Cubs,San Francisco Giants,moneyline,home,,home_moneyline,-120.0,0.5854159994690326,0.0732626656932262,0.0879151988318715,0,824670,1,final,2026-08-30T13:46:52.825323+00:00,1,2,3,1.5,-1.5,8.0,Loss
63303673,baseball,mlb,2026_06_07,02:35 PM,Texas Rangers,Cleveland Guardians,run_line,away,1.5,away_run_line,-188.0,0.6817463864202367,0.0443774430267456,0.0834295928902815,0,822890,1,final,2026-08-30T13:46:52.825323+00:00,10,0,10,-1.5,1.5,7.5,Loss
63303673,baseball,mlb,2026_06_07,02:35 PM,Texas Rangers,Cleveland Guardians,moneyline,away,,away_moneyline,119.0,0.4628917336076602,0.0137328966007759,0.0115402492443495,0,822890,1,final,2026-08-30T13:46:52.825323+00:00,10,0,10,-1.5,1.5,7.5,Loss
63302359,baseball,mlb,2026_06_08,06:35 PM,Baltimore Orioles,Seattle Mariners,run_line,home,1.5,home_run_line,-149.0,0.6691825080990503,0.1182982853467351,0.1762644451666353,0,824829,1,final,2026-08-30T13:46:52.825323+00:00,3,6,9,1.5,-1.5,9.0,Loss
63302359,baseball,mlb,2026_06_08,06:35 PM,Baltimore Orioles,Seattle Mariners,total,under,9.0,under_total,-119.0,0.7323413644976356,0.448432195135965,0.5933739687498071,0,824829,1,final,2026-08-30T13:46:52.825323+00:00,3,6,9,1.5,-1.5,9.0,Push
63302787,baseball,mlb,2026_06_08,07:07 PM,Toronto Blue Jays,Philadelphia Phillies,run_line,away,-1.5,away_run_line,-106.0,0.6314195700100681,0.2270984096422077,0.2407243142207403,0,822806,1,final,2026-08-30T13:46:52.825323+00:00,2,5,7,1.5,-1.5,7.5,Win
63302787,baseball,mlb,2026_06_08,07:07 PM,Toronto Blue Jays,Philadelphia Phillies,total,under,7.5,under_total,-112.0,0.5507129736258809,0.0424209857918459,0.0475115040868674,0,822806,1,final,2026-08-30T13:46:52.825323+00:00,2,5,7,1.5,-1.5,7.5,Win
63302787,baseball,mlb,2026_06_08,07:07 PM,Toronto Blue Jays,Philadelphia Phillies,moneyline,away,,away_moneyline,-188.0,0.8513054303236175,0.3041274677297969,0.5717596393320183,0,822806,1,final,2026-08-30T13:46:52.825323+00:00,2,5,7,1.5,-1.5,7.5,Win
63302909,baseball,mlb,2026_06_08,06:40 PM,Tampa Bay Rays,Boston Red Sox,run_line,home,1.5,home_run_line,-175.0,0.7138094504133162,0.1217005649352112,0.2129759886366196,0,822972,1,final,2026-08-30T13:46:52.825323+00:00,3,1,4,1.5,-1.5,8.0,Win
63302909,baseball,mlb,2026_06_08,06:40 PM,Tampa Bay Rays,Boston Red Sox,total,under,8.0,under_total,-119.0,0.5353402718385344,0.1218169913196617,0.1678990702995808,0,822972,1,final,2026-08-30T13:46:52.825323+00:00,3,1,4,1.5,-1.5,8.0,Win
63303263,baseball,mlb,2026_06_08,06:40 PM,Cleveland Guardians,New York Yankees,run_line,home,1.5,home_run_line,-204.0,0.8200645476398484,0.2220569729534995,0.4529962248251391,0,824427,1,final,2026-08-30T13:46:52.825323+00:00,5,7,12,1.5,-1.5,7.5,Loss
63303263,baseball,mlb,2026_06_08,06:40 PM,Cleveland Guardians,New York Yankees,total,over,7.5,over_total,-116.0,0.5733799529199266,0.0676730157819321,0.0785006983070413,0,824427,1,final,2026-08-30T13:46:52.825323+00:00,5,7,12,1.5,-1.5,7.5,Win
63303263,baseball,mlb,2026_06_08,06:40 PM,Cleveland Guardians,New York Yankees,moneyline,home,,home_moneyline,-119.0,0.6673387713528585,0.2281276548426556,0.2714719092627601,0,824427,1,final,2026-08-30T13:46:52.825323+00:00,5,7,12,1.5,-1.5,7.5,Loss
63301655,baseball,mlb,2026_06_09,08:30 PM,Detroit Tigers,Minnesota Twins,run_line,home,-1.5,home_run_line,164.0,0.6002566397542066,0.5846775289511055,0.3565106883848205,0,824267,1,final,2026-08-30T13:46:52.825323+00:00,10,4,14,-1.5,1.5,8.5,Win
63301655,baseball,mlb,2026_06_09,08:30 PM,Detroit Tigers,Minnesota Twins,total,under,8.5,under_total,-111.0,0.5378900379395378,0.0224756577048872,0.0249479800524248,0,824267,1,final,2026-08-30T13:46:52.825323+00:00,10,4,14,-1.5,1.5,8.5,Loss
63301655,baseball,mlb,2026_06_09,08:30 PM,Detroit Tigers,Minnesota Twins,moneyline,home,,home_moneyline,-131.0,0.8142987340971239,0.4359008211941648,0.5710300757643562,0,824267,1,final,2026-08-30T13:46:52.825323+00:00,10,4,14,-1.5,1.5,8.5,Win
63301687,baseball,mlb,2026_06_09,06:35 PM,Baltimore Orioles,Seattle Mariners,run_line,home,1.5,home_run_line,-163.0,0.7619824105033584,0.2294562819778114,0.3740137396238324,0,824830,1,final,2026-08-30T13:46:52.825323+00:00,5,6,11,1.5,-1.5,8.5,Win
63301687,baseball,mlb,2026_06_09,06:35 PM,Baltimore Orioles,Seattle Mariners,total,under,8.5,under_total,100.0,0.5771359412682311,0.1542718825364621,0.1542718825364621,0,824830,1,final,2026-08-30T13:46:52.825323+00:00,5,6,11,1.5,-1.5,8.5,Loss
63301687,baseball,mlb,2026_06_09,06:35 PM,Baltimore Orioles,Seattle Mariners,moneyline,home,,home_moneyline,-101.0,0.579314576449138,0.1528933650126409,0.1544222986627673,0,824830,1,final,2026-08-30T13:46:52.825323+00:00,5,6,11,1.5,-1.5,8.5,Loss
63302059,baseball,mlb,2026_06_09,06:40 PM,Cleveland Guardians,New York Yankees,total,under,8.5,under_total,-105.0,0.5747383062359395,0.122108121698739,0.1282135277836759,0,824429,1,final,2026-08-30T13:46:52.825323+00:00,2,3,5,1.5,-1.5,8.5,Win
63302059,baseball,mlb,2026_06_09,06:40 PM,Cleveland Guardians,New York Yankees,moneyline,away,,away_moneyline,-138.0,0.6663805325563822,0.1492649764378186,0.2059856674841896,0,824429,1,final,2026-08-30T13:46:52.825323+00:00,2,3,5,1.5,-1.5,8.5,Win
63302479,baseball,mlb,2026_06_09,08:40 PM,Colorado Rockies,Chicago Cubs,run_line,away,-1.5,away_run_line,-104.0,0.6256408711434182,0.2272186318582434,0.2363073771325731,0,824347,1,final,2026-08-30T13:46:52.825323+00:00,7,3,10,1.5,-1.5,12.5,Loss
63302479,baseball,mlb,2026_06_09,08:40 PM,Colorado Rockies,Chicago Cubs,total,under,12.5,under_total,-114.0,0.7297186306426291,0.3698226926098477,0.4215978695752263,0,824347,1,final,2026-08-30T13:46:52.825323+00:00,7,3,10,1.5,-1.5,12.5,Win
63302479,baseball,mlb,2026_06_09,08:40 PM,Colorado Rockies,Chicago Cubs,moneyline,away,,away_moneyline,-156.0,0.81200796226041,0.3325258867863139,0.5187403833866497,0,824347,1,final,2026-08-30T13:46:52.825323+00:00,7,3,10,1.5,-1.5,12.5,Loss
63302797,baseball,mlb,2026_06_09,06:40 PM,Pittsburgh Pirates,Los Angeles Dodgers,run_line,away,-1.5,away_run_line,152.0,0.4727530881822583,0.1913377822192909,0.1258801198811125,0,823374,1,final,2026-08-30T13:46:52.825323+00:00,3,12,15,1.5,-1.5,8.5,Win
63302797,baseball,mlb,2026_06_09,06:40 PM,Pittsburgh Pirates,Los Angeles Dodgers,total,under,8.5,under_total,-116.0,0.552738978703889,0.0292380982762069,0.0339161940004,0,823374,1,final,2026-08-30T13:46:52.825323+00:00,3,12,15,1.5,-1.5,8.5,Loss
63302797,baseball,mlb,2026_06_09,06:40 PM,Pittsburgh Pirates,Los Angeles Dodgers,moneyline,away,,away_moneyline,-109.0,0.7023707543359649,0.3467475931762995,0.3779548765621666,0,823374,1,final,2026-08-30T13:46:52.825323+00:00,3,12,15,1.5,-1.5,8.5,Win
63302839,baseball,mlb,2026_06_09,07:40 PM,Chicago White Sox,Atlanta Braves,run_line,away,-1.5,away_run_line,100.0,0.5408061863565894,0.0816123727131787,0.0816123727131787,0,824591,1,final,2026-08-30T13:46:52.825323+00:00,6,5,11,1.5,-1.5,9.0,Loss
63302839,baseball,mlb,2026_06_09,07:40 PM,Chicago White Sox,Atlanta Braves,total,under,9.0,under_total,100.0,0.5869279273721862,0.2985445831662837,0.3410724765694392,0,824591,1,final,2026-08-30T13:46:52.825323+00:00,6,5,11,1.5,-1.5,9.0,Loss
63302839,baseball,mlb,2026_06_09,07:40 PM,Chicago White Sox,Atlanta Braves,moneyline,away,,away_moneyline,-158.0,0.7696514624789025,0.2567726412630178,0.4057007731955683,0,824591,1,final,2026-08-30T13:46:52.825323+00:00,6,5,11,1.5,-1.5,9.0,Loss
63303449,baseball,mlb,2026_06_09,09:38 PM,Los Angeles Angels,Houston Astros,run_line,away,-1.5,away_run_line,135.0,0.49786066201568,0.1699725557368481,0.1259055968421097,0,824023,1,final,2026-08-30T13:46:52.825323+00:00,10,1,11,1.5,-1.5,8.5,Loss
63303449,baseball,mlb,2026_06_09,09:38 PM,Los Angeles Angels,Houston Astros,total,under,8.5,under_total,-108.0,0.751051873834323,0.4464702755327704,0.482187897575392,0,824023,1,final,2026-08-30T13:46:52.825323+00:00,10,1,11,1.5,-1.5,8.5,Loss
63303449,baseball,mlb,2026_06_09,09:38 PM,Los Angeles Angels,Houston Astros,moneyline,away,,away_moneyline,-126.0,0.7512076614285026,0.3474042181177903,0.4377293148284157,0,824023,1,final,2026-08-30T13:46:52.825323+00:00,10,1,11,1.5,-1.5,8.5,Loss
63303851,baseball,mlb,2026_06_09,06:40 PM,Miami Marlins,Arizona Diamondbacks,run_line,away,1.5,away_run_line,-208.0,0.7331354014125038,0.0856043443992844,0.1780570363505117,0,823858,1,final,2026-08-30T13:46:52.825323+00:00,10,6,16,-1.5,1.5,7.5,Loss
63303851,baseball,mlb,2026_06_09,06:40 PM,Miami Marlins,Arizona Diamondbacks,total,over,7.5,over_total,-117.0,0.566894438073797,0.0514195988206321,0.0601609306201395,0,823858,1,final,2026-08-30T13:46:52.825323+00:00,10,6,16,-1.5,1.5,7.5,Win
63303851,baseball,mlb,2026_06_09,06:40 PM,Miami Marlins,Arizona Diamondbacks,moneyline,away,,away_moneyline,108.0,0.5391763301190369,0.1214867666475967,0.1124877468959228,0,823858,1,final,2026-08-30T13:46:52.825323+00:00,10,6,16,-1.5,1.5,7.5,Loss
63301019,baseball,mlb,2026_06_10,06:40 PM,Miami Marlins,Arizona Diamondbacks,run_line,home,1.5,home_run_line,-181.0,0.8605573134283553,0.3360033429467834,0.6081660507336784,0,823856,1,final,2026-08-30T13:46:52.825323+00:00,8,0,8,1.5,-1.5,8.0,Win
63301019,baseball,mlb,2026_06_10,06:40 PM,Miami Marlins,Arizona Diamondbacks,moneyline,home,,home_moneyline,-107.0,0.7338364345752428,0.4196648781035075,0.4490414195707528,0,823856,1,final,2026-08-30T13:46:52.825323+00:00,8,0,8,1.5,-1.5,8.0,Win
63301321,baseball,mlb,2026_06_10,06:40 PM,Pittsburgh Pirates,Los Angeles Dodgers,run_line,home,1.5,home_run_line,104.0,0.6079423596810765,0.2402024137493961,0.2309638593744192,0,823372,1,final,2026-08-30T13:46:52.825323+00:00,9,8,17,1.5,-1.5,8.5,Win
63301321,baseball,mlb,2026_06_10,06:40 PM,Pittsburgh Pirates,Los Angeles Dodgers,total,under,8.5,under_total,-116.0,0.8374790341791339,0.5594437188163182,0.6489547138269293,0,823372,1,final,2026-08-30T13:46:52.825323+00:00,9,8,17,1.5,-1.5,8.5,Loss
63301375,baseball,mlb,2026_06_10,09:38 PM,Los Angeles Angels,Houston Astros,total,under,8.5,under_total,-114.0,0.7620246062606546,0.4304672433314043,0.4907326573978008,0,824022,1,final,2026-08-30T13:46:52.825323+00:00,3,2,5,-1.5,1.5,8.5,Win
63301375,baseball,mlb,2026_06_10,09:38 PM,Los Angeles Angels,Houston Astros,moneyline,home,,home_moneyline,-123.0,0.6255601850546709,0.1341457013592815,0.1649992126719161,0,824022,1,final,2026-08-30T13:46:52.825323+00:00,3,2,5,-1.5,1.5,8.5,Win
63302269,baseball,mlb,2026_06_10,08:40 PM,Colorado Rockies,Chicago Cubs,run_line,home,1.5,home_run_line,-105.0,0.7455262215329774,0.4555511944215273,0.4783287541426037,0,824348,1,final,2026-08-30T13:46:52.825323+00:00,3,2,5,1.5,-1.5,12.5,Win
63302269,baseball,mlb,2026_06_10,08:40 PM,Colorado Rockies,Chicago Cubs,total,under,12.5,under_total,-116.0,0.8504879899497929,0.5836672916306487,0.6770540582915526,0,824348,1,final,2026-08-30T13:46:52.825323+00:00,3,2,5,1.5,-1.5,12.5,Win
63302269,baseball,mlb,2026_06_10,08:40 PM,Colorado Rockies,Chicago Cubs,moneyline,home,,home_moneyline,144.0,0.5722071822425916,0.3961855246719235,0.2751288365777246,0,824348,1,final,2026-08-30T13:46:52.825323+00:00,3,2,5,1.5,-1.5,12.5,Win
63302367,baseball,mlb,2026_06_10,06:40 PM,Detroit Tigers,Minnesota Twins,total,over,9.0,over_total,-121.0,0.5439327735403742,0.118386531187004,0.1636971688321709,0,824266,1,final,2026-08-30T13:46:52.825323+00:00,4,6,10,-1.5,1.5,9.0,Win
63302609,baseball,mlb,2026_06_10,09:05 PM,Athletics,Milwaukee Brewers,run_line,home,1.5,home_run_line,-156.0,0.6118005105343691,0.0039803249794774,0.0062093069679848,0,,,final,2026-08-30T13:46:52.825323+00:00,4,3,7,,,,Win
63302609,baseball,mlb,2026_06_10,09:05 PM,Athletics,Milwaukee Brewers,total,under,14.5,under_total,-103.0,0.9909652079497772,0.9530673515903376,0.9816593721380475,0,,,final,2026-08-30T13:46:52.825323+00:00,4,3,7,,,,Win
63302609,baseball,mlb,2026_06_10,09:05 PM,Athletics,Milwaukee Brewers,moneyline,away,,away_moneyline,-111.0,0.6271077981848047,0.1920697785314755,0.2131974541699379,0,,,final,2026-08-30T13:46:52.825323+00:00,4,3,7,,,,Loss
63303445,baseball,mlb,2026_06_10,07:40 PM,Chicago White Sox,Atlanta Braves,run_line,away,-1.5,away_run_line,112.0,0.5094531968449181,0.0800407773112263,0.0714649797421664,0,824590,1,final,2026-08-30T13:46:52.825323+00:00,2,1,3,1.5,-1.5,7.5,Loss
63303445,baseball,mlb,2026_06_10,07:40 PM,Chicago White Sox,Atlanta Braves,total,under,7.5,under_total,-114.0,0.7209774157512223,0.3534137453575577,0.4028916697076158,0,824590,1,final,2026-08-30T13:46:52.825323+00:00,2,1,3,1.5,-1.5,7.5,Win
63303445,baseball,mlb,2026_06_10,07:40 PM,Chicago White Sox,Atlanta Braves,moneyline,away,,away_moneyline,-151.0,0.7754195342134481,0.2889424045534801,0.4363030308757547,0,824590,1,final,2026-08-30T13:46:52.825323+00:00,2,1,3,1.5,-1.5,7.5,Loss
63303615,baseball,mlb,2026_06_10,01:10 PM,Cleveland Guardians,New York Yankees,run_line,home,1.5,home_run_line,-208.0,0.7437989024265075,0.1013945285930977,0.2109006194736431,0,824428,1,final,2026-08-30T13:46:52.825323+00:00,4,8,12,1.5,-1.5,8.0,Loss
63303615,baseball,mlb,2026_06_10,01:10 PM,Cleveland Guardians,New York Yankees,total,under,8.0,under_total,-116.0,0.701845102858737,0.4198816929169574,0.549111054539772,0,824428,1,final,2026-08-30T13:46:52.825323+00:00,4,8,12,1.5,-1.5,8.0,Loss
63303869,baseball,mlb,2026_06_10,06:35 PM,Baltimore Orioles,Seattle Mariners,run_line,away,-1.5,away_run_line,129.0,0.6426442227139391,0.4716552700149206,0.3656242403216437,0,824831,1,final,2026-08-30T13:46:52.825323+00:00,7,2,9,1.5,-1.5,9.0,Loss
63303869,baseball,mlb,2026_06_10,06:35 PM,Baltimore Orioles,Seattle Mariners,total,over,9.0,over_total,-108.0,0.4972460030226253,0.0865192502309328,0.1072626907708622,0,824831,1,final,2026-08-30T13:46:52.825323+00:00,7,2,9,1.5,-1.5,9.0,Push
63303869,baseball,mlb,2026_06_10,06:35 PM,Baltimore Orioles,Seattle Mariners,moneyline,away,,away_moneyline,-125.0,0.8335271537950185,0.5003488768310334,0.6254360960387917,0,824831,1,final,2026-08-30T13:46:52.825323+00:00,7,2,9,1.5,-1.5,9.0,Loss
63301431,baseball,mlb,2026_06_11,01:10 PM,Detroit Tigers,Minnesota Twins,run_line,away,1.5,away_run_line,-192.0,0.6989285835243504,0.0629538874432831,0.1208714638911035,0,824265,1,final,2026-08-30T13:46:52.825323+00:00,11,0,11,-1.5,1.5,9.5,Loss
63301431,baseball,mlb,2026_06_11,01:10 PM,Detroit Tigers,Minnesota Twins,total,under,9.5,under_total,-112.0,0.6502759596777615,0.2308794951043343,0.2585850345168544,0,824265,1,final,2026-08-30T13:46:52.825323+00:00,11,0,11,-1.5,1.5,9.5,Loss
63301431,baseball,mlb,2026_06_11,01:10 PM,Detroit Tigers,Minnesota Twins,moneyline,away,,away_moneyline,108.0,0.4988334197744969,0.0375735131309535,0.0347902899360681,0,824265,1,final,2026-08-30T13:46:52.825323+00:00,11,0,11,-1.5,1.5,9.5,Loss
63302121,baseball,mlb,2026_06_11,07:05 PM,Baltimore Orioles,Seattle Mariners,run_line,home,1.5,home_run_line,-172.0,0.9616418132412514,0.5207358907070954,0.8956657320162038,0,824827,1,final,2026-08-30T13:46:52.825323+00:00,7,5,12,1.5,-1.5,8.5,Win
63302121,baseball,mlb,2026_06_11,07:05 PM,Baltimore Orioles,Seattle Mariners,total,under,8.5,under_total,-108.0,0.5532037579343883,0.0654294597254885,0.0706638165035276,0,824827,1,final,2026-08-30T13:46:52.825323+00:00,7,5,12,1.5,-1.5,8.5,Loss
63302121,baseball,mlb,2026_06_11,07:05 PM,Baltimore Orioles,Seattle Mariners,moneyline,home,,home_moneyline,-102.0,0.9130095222095715,0.8081168969248373,0.8242792348633345,0,824827,1,final,2026-08-30T13:46:52.825323+00:00,7,5,12,1.5,-1.5,8.5,Win
63303573,baseball,mlb,2026_06_11,06:40 PM,Pittsburgh Pirates,Los Angeles Dodgers,run_line,home,1.5,home_run_line,-114.0,0.5881168455093151,0.1040088152543283,0.1185700493899343,0,823371,1,final,2026-08-30T13:46:52.825323+00:00,6,8,14,1.5,-1.5,9.5,Loss
63303573,baseball,mlb,2026_06_11,06:40 PM,Pittsburgh Pirates,Los Angeles Dodgers,total,under,9.5,under_total,-117.0,0.6147877692982677,0.1402474011771291,0.164089459377241,0,823371,1,final,2026-08-30T13:46:52.825323+00:00,6,8,14,1.5,-1.5,9.5,Loss
63303779,baseball,mlb,2026_06_11,03:10 PM,Colorado Rockies,Chicago Cubs,run_line,home,1.5,home_run_line,-120.0,0.6463621974393658,0.1849973619721707,0.2219968343666048,0,824346,1,final,2026-08-30T13:46:52.825323+00:00,3,9,12,1.5,-1.5,11.0,Loss
63303779,baseball,mlb,2026_06_11,03:10 PM,Colorado Rockies,Chicago Cubs,total,under,11.0,under_total,-105.0,0.617862950597039,0.3164336406374222,0.3733750348762555,0,824346,1,final,2026-08-30T13:46:52.825323+00:00,3,9,12,1.5,-1.5,11.0,Loss
63303779,baseball,mlb,2026_06_11,03:10 PM,Colorado Rockies,Chicago Cubs,moneyline,home,,home_moneyline,127.0,0.4486629235455359,0.0184648364483663,0.0145392412979263,0,824346,1,final,2026-08-30T13:46:52.825323+00:00,3,9,12,1.5,-1.5,11.0,Loss
63303803,baseball,mlb,2026_06_11,01:10 PM,Miami Marlins,Arizona Diamondbacks,run_line,home,-1.5,home_run_line,163.0,0.5869147298802656,0.5435857395850985,0.333488183794539,0,823855,1,final,2026-08-30T13:46:52.825323+00:00,2,0,2,-1.5,1.5,8.5,Win
63303803,baseball,mlb,2026_06_11,01:10 PM,Miami Marlins,Arizona Diamondbacks,total,over,8.5,over_total,-120.0,0.5658623825397175,0.037414367989482,0.0448972415873784,0,823855,1,final,2026-08-30T13:46:52.825323+00:00,2,0,2,-1.5,1.5,8.5,Loss
63303803,baseball,mlb,2026_06_11,01:10 PM,Miami Marlins,Arizona Diamondbacks,moneyline,home,,home_moneyline,-131.0,0.7946500615780775,0.4012531620193578,0.5256416422453589,0,823855,1,final,2026-08-30T13:46:52.825323+00:00,2,0,2,-1.5,1.5,8.5,Win
63299179,baseball,mlb,2026_06_12,07:15 PM,Cincinnati Reds,Arizona Diamondbacks,total,under,9.5,under_total,-119.0,0.6089870070543852,0.1207407944950452,0.1436815454491037,0,824507,1,final,2026-08-30T13:46:52.825323+00:00,2,5,7,1.5,-1.5,9.5,Win
63299179,baseball,mlb,2026_06_12,07:15 PM,Cincinnati Reds,Arizona Diamondbacks,moneyline,away,,away_moneyline,-117.0,0.6157959652447096,0.1421173030607008,0.1662772445810198,0,824507,1,final,2026-08-30T13:46:52.825323+00:00,2,5,7,1.5,-1.5,9.5,Win
63299233,baseball,mlb,2026_06_12,08:30 PM,New York Mets,Atlanta Braves,run_line,home,1.5,home_run_line,-196.0,0.6639229051934902,0.0026590813126177,0.0052117993727308,0,823617,1,final,2026-08-30T13:46:52.825323+00:00,7,5,12,1.5,-1.5,8.0,Win
63299233,baseball,mlb,2026_06_12,08:30 PM,New York Mets,Atlanta Braves,total,over,8.0,over_total,-114.0,0.552229890549618,0.1674986451840664,0.2196972892000686,0,823617,1,final,2026-08-30T13:46:52.825323+00:00,7,5,12,1.5,-1.5,8.0,Win
63299233,baseball,mlb,2026_06_12,08:30 PM,New York Mets,Atlanta Braves,moneyline,away,,away_moneyline,-105.0,0.5382309482632566,0.0508318513711198,0.0533734439396758,0,823617,1,final,2026-08-30T13:46:52.825323+00:00,7,5,12,1.5,-1.5,8.0,Loss
63300881,baseball,mlb,2026_06_12,10:05 PM,Athletics,Colorado Rockies,run_line,away,1.5,away_run_line,-113.0,0.6288020035215727,0.185263953540663,0.2093482675009495,0,,,final,2026-08-30T13:46:52.825323+00:00,6,4,10,,,,Loss
63300881,baseball,mlb,2026_06_12,10:05 PM,Athletics,Colorado Rockies,total,under,13.5,under_total,-105.0,0.9167533943926824,0.7898518652428561,0.8293444585049989,0,,,final,2026-08-30T13:46:52.825323+00:00,6,4,10,,,,Win
63300881,baseball,mlb,2026_06_12,10:05 PM,Athletics,Colorado Rockies,moneyline,away,,away_moneyline,158.0,0.420875411583023,0.0858585618841993,0.0543408619520249,0,,,final,2026-08-30T13:46:52.825323+00:00,6,4,10,,,,Loss
63302273,baseball,mlb,2026_06_12,07:40 PM,Chicago White Sox,Los Angeles Dodgers,run_line,home,1.5,home_run_line,-136.0,0.577359305006897,0.0018882057472624,0.002567959816277,0,824588,1,final,2026-08-30T13:46:52.825323+00:00,8,2,10,1.5,-1.5,9.0,Win
63302273,baseball,mlb,2026_06_12,07:40 PM,Chicago White Sox,Los Angeles Dodgers,total,over,9.0,over_total,-102.0,0.5271241075612986,0.1704364222435921,0.1990268141322872,0,824588,1,final,2026-08-30T13:46:52.825323+00:00,8,2,10,1.5,-1.5,9.0,Win
63302273,baseball,mlb,2026_06_12,07:40 PM,Chicago White Sox,Los Angeles Dodgers,moneyline,away,,away_moneyline,-149.0,0.6288273694287267,0.0508591609916304,0.0757801498775295,0,824588,1,final,2026-08-30T13:46:52.825323+00:00,8,2,10,1.5,-1.5,9.0,Loss
63302575,baseball,mlb,2026_06_12,07:10 PM,Cleveland Guardians,Detroit Tigers,run_line,away,-1.5,away_run_line,158.0,0.517196959554967,0.334368155651815,0.2116254149695031,0,824425,1,final,2026-08-30T13:46:52.825323+00:00,3,2,5,1.5,-1.5,8.5,Loss
63302575,baseball,mlb,2026_06_12,07:10 PM,Cleveland Guardians,Detroit Tigers,moneyline,away,,away_moneyline,-102.0,0.7414424324322778,0.4683467779541186,0.4777137135132011,0,824425,1,final,2026-08-30T13:46:52.825323+00:00,3,2,5,1.5,-1.5,8.5,Loss
63302871,baseball,mlb,2026_06_12,07:37 PM,Toronto Blue Jays,New York Yankees,run_line,home,1.5,home_run_line,-188.0,0.8235877511915195,0.2616663422508383,0.4919327234315762,0,822803,1,final,2026-08-30T13:46:52.825323+00:00,8,5,13,1.5,-1.5,8.0,Win
63302871,baseball,mlb,2026_06_12,07:37 PM,Toronto Blue Jays,New York Yankees,total,over,8.0,over_total,-103.0,0.5004565880777349,0.1222373889053187,0.1457060532947773,0,822803,1,final,2026-08-30T13:46:52.825323+00:00,8,5,13,1.5,-1.5,8.0,Win
63302871,baseball,mlb,2026_06_12,07:37 PM,Toronto Blue Jays,New York Yankees,moneyline,home,,home_moneyline,-111.0,0.6786007321317384,0.2899527430612325,0.3218475447979682,0,822803,1,final,2026-08-30T13:46:52.825323+00:00,8,5,13,1.5,-1.5,8.0,Win
63303195,baseball,mlb,2026_06_12,07:40 PM,Milwaukee Brewers,Philadelphia Phillies,run_line,away,1.5,away_run_line,-104.0,0.8038068810398167,0.5766981128088713,0.599766037321226,0,823778,1,final,2026-08-30T13:46:52.825323+00:00,6,0,6,-1.5,1.5,7.5,Loss
63303195,baseball,mlb,2026_06_12,07:40 PM,Milwaukee Brewers,Philadelphia Phillies,total,under,7.5,under_total,-102.0,0.5800252472753257,0.1486774504864291,0.1516509994961577,0,823778,1,final,2026-08-30T13:46:52.825323+00:00,6,0,6,-1.5,1.5,7.5,Win
63303195,baseball,mlb,2026_06_12,07:40 PM,Milwaukee Brewers,Philadelphia Phillies,moneyline,away,,away_moneyline,209.0,0.626249477065911,0.935110884133665,0.4474214756620407,0,823778,1,final,2026-08-30T13:46:52.825323+00:00,6,0,6,-1.5,1.5,7.5,Loss
63303583,baseball,mlb,2026_06_12,06:40 PM,Pittsburgh Pirates,Miami Marlins,total,under,8.5,under_total,-114.0,0.743057963719193,0.3948631950518185,0.450144042359073,0,823370,1,final,2026-08-30T13:46:52.825323+00:00,3,8,11,-1.5,1.5,8.5,Loss
63303583,baseball,mlb,2026_06_12,06:40 PM,Pittsburgh Pirates,Miami Marlins,moneyline,home,,home_moneyline,-149.0,0.6486219048232805,0.0839386194697775,0.1250685430099684,0,823370,1,final,2026-08-30T13:46:52.825323+00:00,3,8,11,-1.5,1.5,8.5,Loss
63299171,baseball,mlb,2026_06_13,04:10 PM,Cleveland Guardians,Detroit Tigers,total,over,7.5,over_total,-117.0,0.6436106253633611,0.1937051769559774,0.2266350570384936,0,824426,1,final,2026-08-30T13:46:52.825323+00:00,3,1,4,1.5,-1.5,7.5,Loss
63299171,baseball,mlb,2026_06_13,04:10 PM,Cleveland Guardians,Detroit Tigers,moneyline,away,,away_moneyline,-136.0,0.6439942790533467,0.1175194842396312,0.1598264985658982,0,824426,1,final,2026-08-30T13:46:52.825323+00:00,3,1,4,1.5,-1.5,7.5,Loss
63299299,baseball,mlb,2026_06_13,03:07 PM,Toronto Blue Jays,New York Yankees,run_line,home,1.5,home_run_line,-175.0,0.6800736301321808,0.0686871330648555,0.1202024828634971,0,822802,1,final,2026-08-30T13:46:52.825323+00:00,1,3,4,1.5,-1.5,7.5,Loss
63299299,baseball,mlb,2026_06_13,03:07 PM,Toronto Blue Jays,New York Yankees,total,under,7.5,under_total,-104.0,0.5460290873118822,0.0710570558809997,0.0738993381162396,0,822802,1,final,2026-08-30T13:46:52.825323+00:00,1,3,4,1.5,-1.5,7.5,Win
63299299,baseball,mlb,2026_06_13,03:07 PM,Toronto Blue Jays,New York Yankees,moneyline,away,,away_moneyline,-117.0,0.5449091274555189,0.0106434244260478,0.012452806578476,0,822802,1,final,2026-08-30T13:46:52.825323+00:00,1,3,4,1.5,-1.5,7.5,Win
63300913,baseball,mlb,2026_06_13,07:10 PM,Milwaukee Brewers,Philadelphia Phillies,run_line,home,-1.5,home_run_line,124.0,0.656364318182689,0.4702560727292235,0.3792387683300189,0,823776,1,final,2026-08-30T13:46:52.825323+00:00,8,9,17,-1.5,1.5,8.5,Loss
63300913,baseball,mlb,2026_06_13,07:10 PM,Milwaukee Brewers,Philadelphia Phillies,total,under,8.5,under_total,-116.0,0.596939546063681,0.1115426030151301,0.129389419497551,0,823776,1,final,2026-08-30T13:46:52.825323+00:00,8,9,17,-1.5,1.5,8.5,Loss
63300913,baseball,mlb,2026_06_13,07:10 PM,Milwaukee Brewers,Philadelphia Phillies,moneyline,home,,home_moneyline,-175.0,0.8605104828221696,0.3522307587205522,0.6164038277609662,0,823776,1,final,2026-08-30T13:46:52.825323+00:00,8,9,17,-1.5,1.5,8.5,Loss
63301217,baseball,mlb,2026_06_13,10:05 PM,Athletics,Colorado Rockies,run_line,away,1.5,away_run_line,-125.0,0.6377706794275968,0.1479872229696743,0.1849840287120928,0,,,final,2026-08-30T13:46:52.825323+00:00,7,5,12,,,,Loss
63301217,baseball,mlb,2026_06_13,10:05 PM,Athletics,Colorado Rockies,total,under,14.5,under_total,-111.0,0.9271378029655444,0.7623970849164854,0.8462607642572987,0,,,final,2026-08-30T13:46:52.825323+00:00,7,5,12,,,,Win
63301217,baseball,mlb,2026_06_13,10:05 PM,Athletics,Colorado Rockies,moneyline,away,,away_moneyline,148.0,0.4391425520596095,0.0890735291078315,0.060184816964751,0,,,final,2026-08-30T13:46:52.825323+00:00,7,5,12,,,,Loss
63301585,baseball,mlb,2026_06_13,04:05 PM,Pittsburgh Pirates,Miami Marlins,run_line,home,1.5,home_run_line,-196.0,0.8150469824717157,0.2308872796511623,0.4525390681162784,0,823369,1,final,2026-08-30T13:46:52.825323+00:00,3,2,5,1.5,-1.5,9.0,Win
63301585,baseball,mlb,2026_06_13,04:05 PM,Pittsburgh Pirates,Miami Marlins,total,under,9.0,under_total,-104.0,0.5915757803165651,0.2845831388451436,0.3379324320923857,0,823369,1,final,2026-08-30T13:46:52.825323+00:00,3,2,5,1.5,-1.5,9.0,Win
63301585,baseball,mlb,2026_06_13,04:05 PM,Pittsburgh Pirates,Miami Marlins,moneyline,home,,home_moneyline,-120.0,0.6571293198967747,0.2047370864774202,0.2456845037729043,0,823369,1,final,2026-08-30T13:46:52.825323+00:00,3,2,5,1.5,-1.5,9.0,Win
63302453,baseball,mlb,2026_06_13,04:10 PM,Cincinnati Reds,Arizona Diamondbacks,run_line,home,1.5,home_run_line,-126.0,0.5669982214314221,0.0169968098690584,0.0214159804350138,0,824508,1,final,2026-08-30T13:46:52.825323+00:00,2,1,3,1.5,-1.5,9.5,Win
63302453,baseball,mlb,2026_06_13,04:10 PM,Cincinnati Reds,Arizona Diamondbacks,total,under,9.5,under_total,-114.0,0.76656798856063,0.4389960487015337,0.5004554955197485,0,824508,1,final,2026-08-30T13:46:52.825323+00:00,2,1,3,1.5,-1.5,9.5,Win
63302453,baseball,mlb,2026_06_13,04:10 PM,Cincinnati Reds,Arizona Diamondbacks,moneyline,away,,away_moneyline,-149.0,0.6728457053051524,0.1244200041676708,0.1853858062098295,0,824508,1,final,2026-08-30T13:46:52.825323+00:00,2,1,3,1.5,-1.5,9.5,Loss
63302587,baseball,mlb,2026_06_13,04:10 PM,New York Mets,Atlanta Braves,run_line,home,1.5,home_run_line,-196.0,0.9350384906550652,0.4120989450709147,0.8077139323389929,0,823616,1,final,2026-08-30T13:46:52.825323+00:00,1,3,4,1.5,-1.5,8.5,Loss
63302587,baseball,mlb,2026_06_13,04:10 PM,New York Mets,Atlanta Braves,total,over,8.5,over_total,-105.0,0.632738814685547,0.2353472096241632,0.2471145701053714,0,823616,1,final,2026-08-30T13:46:52.825323+00:00,1,3,4,1.5,-1.5,8.5,Loss
63302587,baseball,mlb,2026_06_13,04:10 PM,New York Mets,Atlanta Braves,moneyline,home,,home_moneyline,-119.0,0.8704944515366101,0.6020023940043497,0.7163828488651761,0,823616,1,final,2026-08-30T13:46:52.825323+00:00,1,3,4,1.5,-1.5,8.5,Loss
63302699,baseball,mlb,2026_06_13,04:10 PM,Chicago White Sox,Los Angeles Dodgers,run_line,away,-1.5,away_run_line,-120.0,0.6125159970250088,0.1229459945458495,0.1475351934550193,0,824587,1,final,2026-08-30T13:46:52.825323+00:00,1,7,8,1.5,-1.5,8.0,Win
63302699,baseball,mlb,2026_06_13,04:10 PM,Chicago White Sox,Los Angeles Dodgers,total,under,8.0,under_total,-103.0,0.4472802905178253,0.0211050587689042,0.0252644172700522,0,824587,1,final,2026-08-30T13:46:52.825323+00:00,1,7,8,1.5,-1.5,8.0,Push
63302699,baseball,mlb,2026_06_13,04:10 PM,Chicago White Sox,Los Angeles Dodgers,moneyline,away,,away_moneyline,-208.0,0.8280919814624504,0.2262131263963209,0.4705233029043474,0,824587,1,final,2026-08-30T13:46:52.825323+00:00,1,7,8,1.5,-1.5,8.0,Win
63299225,baseball,mlb,2026_06_14,01:40 PM,New York Mets,Atlanta Braves,run_line,home,1.5,home_run_line,-192.0,0.7652692966162964,0.1638470552706177,0.3145863461195858,0,823615,1,final,2026-08-30T13:46:52.825323+00:00,8,1,9,1.5,-1.5,8.5,Win
63299225,baseball,mlb,2026_06_14,01:40 PM,New York Mets,Atlanta Braves,total,under,8.5,under_total,-108.0,0.5912650929107613,0.1387327715318367,0.1498313932543837,0,823615,1,final,2026-08-30T13:46:52.825323+00:00,8,1,9,1.5,-1.5,8.5,Loss
63299225,baseball,mlb,2026_06_14,01:40 PM,New York Mets,Atlanta Braves,moneyline,home,,home_moneyline,-116.0,0.5825522668961252,0.0847524969789914,0.0983128964956302,0,823615,1,final,2026-08-30T13:46:52.825323+00:00,8,1,9,1.5,-1.5,8.5,Win
63301783,baseball,mlb,2026_06_14,12:15 PM,Pittsburgh Pirates,Miami Marlins,total,over,7.0,over_total,-108.0,0.6903804295969653,0.4434897198662142,0.5405165138837169,0,823368,1,final,2026-08-30T13:46:52.825323+00:00,2,4,6,-1.5,1.5,7.0,Loss
63302091,baseball,mlb,2026_06_14,02:10 PM,Chicago White Sox,Los Angeles Dodgers,run_line,home,1.5,home_run_line,104.0,0.6798910257038913,0.3869776924359382,0.3720939350345559,0,824586,1,final,2026-08-30T13:46:52.825323+00:00,6,4,10,1.5,-1.5,10.0,Win
63302091,baseball,mlb,2026_06_14,02:10 PM,Chicago White Sox,Los Angeles Dodgers,total,under,10.0,under_total,-114.0,0.4723785459014344,0.0117726041994301,0.0153384932442258,0,824586,1,final,2026-08-30T13:46:52.825323+00:00,6,4,10,1.5,-1.5,10.0,Push
63302091,baseball,mlb,2026_06_14,02:10 PM,Chicago White Sox,Los Angeles Dodgers,moneyline,home,,home_moneyline,158.0,0.4919984703947933,0.2693560536185666,0.1704785149484599,0,824586,1,final,2026-08-30T13:46:52.825323+00:00,6,4,10,1.5,-1.5,10.0,Win
63302635,baseball,mlb,2026_06_14,01:40 PM,Cincinnati Reds,Arizona Diamondbacks,run_line,home,1.5,home_run_line,-169.0,0.6738400052440858,0.0725619018382193,0.1226296141065907,0,824506,1,final,2026-08-30T13:46:52.825323+00:00,3,5,8,1.5,-1.5,9.5,Loss
63302635,baseball,mlb,2026_06_14,01:40 PM,Cincinnati Reds,Arizona Diamondbacks,total,under,9.5,under_total,-105.0,0.591176039655022,0.1542008393264715,0.161910881292795,0,824506,1,final,2026-08-30T13:46:52.825323+00:00,3,5,8,1.5,-1.5,9.5,Win
63302655,baseball,mlb,2026_06_14,03:05 PM,Athletics,Colorado Rockies,run_line,away,1.5,away_run_line,-116.0,0.5574323966837866,0.0379775662387749,0.0440539768369789,0,,,final,2026-08-30T13:46:52.825323+00:00,9,23,32,,,,Win
63302655,baseball,mlb,2026_06_14,03:05 PM,Athletics,Colorado Rockies,total,under,14.0,under_total,-112.0,0.8659465772302666,0.6907657174401645,0.8157955254736775,0,,,final,2026-08-30T13:46:52.825323+00:00,9,23,32,,,,Loss
63302655,baseball,mlb,2026_06_14,03:05 PM,Athletics,Colorado Rockies,moneyline,home,,home_moneyline,-181.0,0.6491836719461647,0.0078486840711173,0.0142061181687225,0,,,final,2026-08-30T13:46:52.825323+00:00,9,23,32,,,,Loss
63302869,baseball,mlb,2026_06_14,02:10 PM,Milwaukee Brewers,Philadelphia Phillies,run_line,home,1.5,home_run_line,-175.0,0.6526381584231837,0.0255742489507173,0.0447549356637551,0,823777,1,final,2026-08-30T13:46:52.825323+00:00,4,0,4,1.5,-1.5,7.0,Win
63302869,baseball,mlb,2026_06_14,02:10 PM,Milwaukee Brewers,Philadelphia Phillies,total,over,7.0,over_total,-104.0,0.4656260753650234,0.0604358740366444,0.0736929889736993,0,823777,1,final,2026-08-30T13:46:52.825323+00:00,4,0,4,1.5,-1.5,7.0,Loss
63302869,baseball,mlb,2026_06_14,02:10 PM,Milwaukee Brewers,Philadelphia Phillies,moneyline,away,,away_moneyline,-120.0,0.5778278031112406,0.0593509723706078,0.0712211668447292,0,823777,1,final,2026-08-30T13:46:52.825323+00:00,4,0,4,1.5,-1.5,7.0,Loss
63303833,baseball,mlb,2026_06_14,01:37 PM,Toronto Blue Jays,New York Yankees,run_line,home,1.5,home_run_line,-163.0,0.7210718594364293,0.1634472333238092,0.2664189903178089,0,822801,1,final,2026-08-30T13:46:52.825323+00:00,3,8,11,1.5,-1.5,8.5,Loss
63303833,baseball,mlb,2026_06_14,01:37 PM,Toronto Blue Jays,New York Yankees,moneyline,home,,home_moneyline,108.0,0.5303287615052666,0.1030838239309546,0.0954479851212542,0,822801,1,final,2026-08-30T13:46:52.825323+00:00,3,8,11,1.5,-1.5,8.5,Loss
63299361,baseball,mlb,2026_06_15,08:10 PM,Houston Astros,Detroit Tigers,run_line,away,1.5,away_run_line,-188.0,0.736944614246134,0.128936430334503,0.2424004890288659,0,824181,1,final,2026-08-30T13:46:52.825323+00:00,3,9,12,-1.5,1.5,9.0,Win
63299361,baseball,mlb,2026_06_15,08:10 PM,Houston Astros,Detroit Tigers,total,under,9.0,under_total,-120.0,0.5058709747609437,0.0581358699158136,0.0802525081242805,0,824181,1,final,2026-08-30T13:46:52.825323+00:00,3,9,12,-1.5,1.5,9.0,Loss
63299361,baseball,mlb,2026_06_15,08:10 PM,Houston Astros,Detroit Tigers,moneyline,away,,away_moneyline,108.0,0.5513945855225048,0.1469007378868099,0.1360192017470462,0,824181,1,final,2026-08-30T13:46:52.825323+00:00,3,9,12,-1.5,1.5,9.0,Win
63300953,baseball,mlb,2026_06_15,08:05 PM,Chicago Cubs,Colorado Rockies,run_line,away,1.5,away_run_line,-120.0,0.5640746670540373,0.0341368895990683,0.040964267518882,0,824666,1,final,2026-08-30T13:46:52.825323+00:00,5,4,9,-1.5,1.5,9.5,Win
63300953,baseball,mlb,2026_06_15,08:05 PM,Chicago Cubs,Colorado Rockies,total,over,9.5,over_total,100.0,0.6966966262173933,0.3933932524347865,0.3933932524347865,0,824666,1,final,2026-08-30T13:46:52.825323+00:00,5,4,9,-1.5,1.5,9.5,Loss
63300953,baseball,mlb,2026_06_15,08:05 PM,Chicago Cubs,Colorado Rockies,moneyline,away,,away_moneyline,169.0,0.3721162407884933,0.0009926877210471,0.0005873891840514,0,824666,1,final,2026-08-30T13:46:52.825323+00:00,5,4,9,-1.5,1.5,9.5,Loss
63300977,baseball,mlb,2026_06_15,10:10 PM,Los Angeles Dodgers,Tampa Bay Rays,run_line,away,1.5,away_run_line,-156.0,0.6602842710491668,0.0835434191576069,0.1303277338858668,0,823938,1,final,2026-08-30T13:46:52.825323+00:00,4,3,7,-1.5,1.5,9.0,Win
63300977,baseball,mlb,2026_06_15,10:10 PM,Los Angeles Dodgers,Tampa Bay Rays,moneyline,away,,away_moneyline,140.0,0.4582505913969758,0.0998014193527419,0.0712867281091014,0,823938,1,final,2026-08-30T13:46:52.825323+00:00,4,3,7,-1.5,1.5,9.0,Loss
63301303,baseball,mlb,2026_06_15,06:40 PM,Philadelphia Phillies,Miami Marlins,run_line,away,1.5,away_run_line,-120.0,0.6445834577867859,0.1817363392757742,0.218083607130929,0,823452,1,final,2026-08-30T13:46:52.825323+00:00,7,0,7,-1.5,1.5,8.0,Loss
63301303,baseball,mlb,2026_06_15,06:40 PM,Philadelphia Phillies,Miami Marlins,total,over,8.0,over_total,-101.0,0.5091615631159377,0.1484781381829202,0.1734068724727809,0,823452,1,final,2026-08-30T13:46:52.825323+00:00,7,0,7,-1.5,1.5,8.0,Loss
63301303,baseball,mlb,2026_06_15,06:40 PM,Philadelphia Phillies,Miami Marlins,moneyline,away,,away_moneyline,168.0,0.4336145785289877,0.1620870704576871,0.0964803990819566,0,823452,1,final,2026-08-30T13:46:52.825323+00:00,7,0,7,-1.5,1.5,8.0,Loss
63301387,baseball,mlb,2026_06_15,09:40 PM,Athletics,Pittsburgh Pirates,run_line,away,1.5,away_run_line,-181.0,0.7025986006431408,0.0907746230979147,0.1643020678072257,0,,,final,2026-08-30T13:46:52.825323+00:00,11,2,13,,,,Loss
63301387,baseball,mlb,2026_06_15,09:40 PM,Athletics,Pittsburgh Pirates,moneyline,away,,away_moneyline,104.0,0.5318859602533391,0.0850473589168119,0.0817763066507805,0,,,final,2026-08-30T13:46:52.825323+00:00,11,2,13,,,,Loss
63301683,baseball,mlb,2026_06_15,09:40 PM,Arizona Diamondbacks,Los Angeles Angels,run_line,away,1.5,away_run_line,-192.0,0.8113118698570763,0.2338701354076371,0.4490306599826629,0,825071,1,final,2026-08-30T13:46:52.825323+00:00,4,3,7,-1.5,1.5,9.0,Win
63301683,baseball,mlb,2026_06_15,09:40 PM,Arizona Diamondbacks,Los Angeles Angels,moneyline,away,,away_moneyline,108.0,0.6656377386514394,0.3845264963949939,0.3560430522175869,0,825071,1,final,2026-08-30T13:46:52.825323+00:00,4,3,7,-1.5,1.5,9.0,Loss
63301751,baseball,mlb,2026_06_15,07:45 PM,St Louis Cardinals,San Diego Padres,run_line,away,1.5,away_run_line,-169.0,0.6995267374784302,0.1134478839153709,0.1917269238169771,0,,,final,2026-08-30T13:46:52.825323+00:00,3,0,3,,,,Loss
63301751,baseball,mlb,2026_06_15,07:45 PM,St Louis Cardinals,San Diego Padres,total,under,8.5,under_total,-109.0,0.5748031973760648,0.1021455802898857,0.1113386825159754,0,,,final,2026-08-30T13:46:52.825323+00:00,3,0,3,,,,Win
63301751,baseball,mlb,2026_06_15,07:45 PM,St Louis Cardinals,San Diego Padres,moneyline,away,,away_moneyline,127.0,0.4936611963595639,0.12061091573621,0.0949692249891417,0,,,final,2026-08-30T13:46:52.825323+00:00,3,0,3,,,,Loss
63302919,baseball,mlb,2026_06_15,07:10 PM,Cincinnati Reds,New York Mets,total,under,8.0,under_total,-103.0,0.6947295157274658,0.4837125494347522,0.5626396112982166,0,824505,1,final,2026-08-30T13:46:52.825323+00:00,12,0,12,-1.5,1.5,8.0,Loss
63302919,baseball,mlb,2026_06_15,07:10 PM,Cincinnati Reds,New York Mets,moneyline,home,,home_moneyline,-144.0,0.6196527840001486,0.049967217333585,0.0719527929603624,0,824505,1,final,2026-08-30T13:46:52.825323+00:00,12,0,12,-1.5,1.5,8.0,Win
63303721,baseball,mlb,2026_06_15,08:05 PM,Texas Rangers,Minnesota Twins,run_line,home,-1.5,home_run_line,129.0,0.5305054232809765,0.2148574193134362,0.1665561390026637,0,822887,1,final,2026-08-30T13:46:52.825323+00:00,2,4,6,-1.5,1.5,8.0,Loss
63303721,baseball,mlb,2026_06_15,08:05 PM,Texas Rangers,Minnesota Twins,total,over,8.0,over_total,-109.0,0.5674993422623216,0.2171244860870619,0.2717120768386962,0,822887,1,final,2026-08-30T13:46:52.825323+00:00,2,4,6,-1.5,1.5,8.0,Loss
63303721,baseball,mlb,2026_06_15,08:05 PM,Texas Rangers,Minnesota Twins,moneyline,home,,home_moneyline,-172.0,0.7455507945733161,0.1790105588601278,0.3078981612394198,0,822887,1,final,2026-08-30T13:46:52.825323+00:00,2,4,6,-1.5,1.5,8.0,Loss
63300987,baseball,mlb,2026_06_16,09:40 PM,Seattle Mariners,Baltimore Orioles,run_line,away,1.5,away_run_line,-169.0,0.6557571123454471,0.0437790723131672,0.0739866322092525,0,823128,1,final,2026-08-30T13:46:52.825323+00:00,3,1,4,-1.5,1.5,7.5,Loss
63301283,baseball,mlb,2026_06_16,08:05 PM,Texas Rangers,Minnesota Twins,run_line,away,1.5,away_run_line,-181.0,0.770098776860231,0.1955677143520713,0.353977562977249,0,822888,1,final,2026-08-30T13:46:52.825323+00:00,2,12,14,-1.5,1.5,8.0,Win
63301283,baseball,mlb,2026_06_16,08:05 PM,Texas Rangers,Minnesota Twins,total,over,8.0,over_total,-116.0,0.6557434871671852,0.3358795256154452,0.4401692557088829,0,822888,1,final,2026-08-30T13:46:52.825323+00:00,2,12,14,-1.5,1.5,8.0,Win
63301283,baseball,mlb,2026_06_16,08:05 PM,Texas Rangers,Minnesota Twins,moneyline,away,,away_moneyline,119.0,0.612849859220688,0.3421411916933068,0.2875136064649636,0,822888,1,final,2026-08-30T13:46:52.825323+00:00,2,12,14,-1.5,1.5,8.0,Win
63301337,baseball,mlb,2026_06_16,06:40 PM,Philadelphia Phillies,Miami Marlins,run_line,away,1.5,away_run_line,-144.0,0.6318309394503769,0.0706024251798054,0.1016674922589197,0,823451,1,final,2026-08-30T13:46:52.825323+00:00,8,2,10,-1.5,1.5,8.0,Loss
63301337,baseball,mlb,2026_06_16,06:40 PM,Philadelphia Phillies,Miami Marlins,total,over,8.0,over_total,-107.0,0.4671160107860819,0.041717540203162,0.0517866276562711,0,823451,1,final,2026-08-30T13:46:52.825323+00:00,8,2,10,-1.5,1.5,8.0,Win
63301337,baseball,mlb,2026_06_16,06:40 PM,Philadelphia Phillies,Miami Marlins,moneyline,away,,away_moneyline,148.0,0.4138270140653343,0.0262909948820291,0.0177641857311006,0,823451,1,final,2026-08-30T13:46:52.825323+00:00,8,2,10,-1.5,1.5,8.0,Loss
63301365,baseball,mlb,2026_06_16,08:10 PM,Houston Astros,Detroit Tigers,run_line,away,1.5,away_run_line,-172.0,0.6928788208287782,0.09571534456644,0.1646303926542767,0,824182,1,final,2026-08-30T13:46:52.825323+00:00,4,2,6,-1.5,1.5,7.5,Loss
63301365,baseball,mlb,2026_06_16,08:10 PM,Houston Astros,Detroit Tigers,total,over,7.5,over_total,-119.0,0.5953463350319288,0.0956373728738858,0.1138084737199241,0,824182,1,final,2026-08-30T13:46:52.825323+00:00,4,2,6,-1.5,1.5,7.5,Loss
63301365,baseball,mlb,2026_06_16,08:10 PM,Houston Astros,Detroit Tigers,moneyline,away,,away_moneyline,129.0,0.4884835575307202,0.1186273467453493,0.0919591835235266,0,824182,1,final,2026-08-30T13:46:52.825323+00:00,4,2,6,-1.5,1.5,7.5,Loss
63301449,baseball,mlb,2026_06_16,08:05 PM,Chicago Cubs,Colorado Rockies,run_line,away,1.5,away_run_line,-120.0,0.669447829908586,0.2273210214990741,0.2727852257988892,0,824667,1,final,2026-08-30T13:46:52.825323+00:00,2,5,7,-1.5,1.5,9.5,Win
63301449,baseball,mlb,2026_06_16,08:05 PM,Chicago Cubs,Colorado Rockies,total,under,9.5,under_total,-111.0,0.6404803020927998,0.2174895832574844,0.2414134374158077,0,824667,1,final,2026-08-30T13:46:52.825323+00:00,2,5,7,-1.5,1.5,9.5,Win
63301449,baseball,mlb,2026_06_16,08:05 PM,Chicago Cubs,Colorado Rockies,moneyline,away,,away_moneyline,159.0,0.4621723622921354,0.1970264183366306,0.1239159863752393,0,824667,1,final,2026-08-30T13:46:52.825323+00:00,2,5,7,-1.5,1.5,9.5,Win
63301883,baseball,mlb,2026_06_16,07:10 PM,Cincinnati Reds,New York Mets,run_line,home,1.5,home_run_line,-156.0,0.6300839929808524,0.0339839884813988,0.053015022030982,0,824504,1,final,2026-08-30T13:46:52.825323+00:00,5,3,8,1.5,-1.5,9.5,Win
63301883,baseball,mlb,2026_06_16,07:10 PM,Cincinnati Reds,New York Mets,total,under,9.5,under_total,-106.0,0.7216057802828438,0.4023659503609985,0.4265079073826583,0,824504,1,final,2026-08-30T13:46:52.825323+00:00,5,3,8,1.5,-1.5,9.5,Win
63301883,baseball,mlb,2026_06_16,07:10 PM,Cincinnati Reds,New York Mets,moneyline,away,,away_moneyline,-126.0,0.5957026959685452,0.0684826134038985,0.086288092888912,0,824504,1,final,2026-08-30T13:46:52.825323+00:00,5,3,8,1.5,-1.5,9.5,Loss
63301927,baseball,mlb,2026_06_16,06:45 PM,Boston Red Sox,Toronto Blue Jays,run_line,home,1.5,home_run_line,-172.0,0.6511909040313775,0.029790266840318,0.0512392589653468,0,824750,1,final,2026-08-30T13:46:52.825323+00:00,1,6,7,1.5,-1.5,7.5,Loss
63301927,baseball,mlb,2026_06_16,06:45 PM,Boston Red Sox,Toronto Blue Jays,total,over,7.5,over_total,-112.0,0.5573863856186451,0.0550528013495781,0.0616591375115275,0,824750,1,final,2026-08-30T13:46:52.825323+00:00,1,6,7,1.5,-1.5,7.5,Loss
63301927,baseball,mlb,2026_06_16,06:45 PM,Boston Red Sox,Toronto Blue Jays,moneyline,away,,away_moneyline,-117.0,0.568453927000846,0.0543119842665262,0.0635450215918357,0,824750,1,final,2026-08-30T13:46:52.825323+00:00,1,6,7,1.5,-1.5,7.5,Win
63302381,baseball,mlb,2026_06_16,07:05 PM,New York Yankees,Chicago White Sox,run_line,home,-1.5,home_run_line,148.0,0.5203507834460589,0.2904699429462261,0.1962634749636662,0,823535,1,final,2026-08-30T13:46:52.825323+00:00,12,2,14,-1.5,1.5,7.5,Win
63302381,baseball,mlb,2026_06_16,07:05 PM,New York Yankees,Chicago White Sox,total,over,7.5,over_total,-117.0,0.710729030719796,0.3181897407367157,0.3722819966619573,0,823535,1,final,2026-08-30T13:46:52.825323+00:00,12,2,14,-1.5,1.5,7.5,Win
63302381,baseball,mlb,2026_06_16,07:05 PM,New York Yankees,Chicago White Sox,moneyline,home,,home_moneyline,-144.0,0.734652163098613,0.2448272763615386,0.3525512779606158,0,823535,1,final,2026-08-30T13:46:52.825323+00:00,12,2,14,-1.5,1.5,7.5,Win
63302605,baseball,mlb,2026_06_16,07:45 PM,St Louis Cardinals,San Diego Padres,moneyline,away,,away_moneyline,-102.0,0.5795572364246281,0.1477506054683808,0.1507056175777486,0,,,final,2026-08-30T13:46:52.825323+00:00,3,2,5,,,,Loss
63303259,baseball,mlb,2026_06_16,09:40 PM,Arizona Diamondbacks,Los Angeles Angels,run_line,away,-1.5,away_run_line,149.0,0.4370470157234369,0.0882470691513579,0.0592262209069517,0,825070,1,final,2026-08-30T13:46:52.825323+00:00,0,7,7,1.5,-1.5,8.5,Win
63303259,baseball,mlb,2026_06_16,09:40 PM,Arizona Diamondbacks,Los Angeles Angels,total,under,8.5,under_total,-101.0,0.5149759702108965,0.0248531684395068,0.0251017001239019,0,825070,1,final,2026-08-30T13:46:52.825323+00:00,0,7,7,1.5,-1.5,8.5,Win
63303259,baseball,mlb,2026_06_16,09:40 PM,Arizona Diamondbacks,Los Angeles Angels,moneyline,away,,away_moneyline,-107.0,0.6615829454845349,0.2798847636943808,0.2994766971529873,0,825070,1,final,2026-08-30T13:46:52.825323+00:00,0,7,7,1.5,-1.5,8.5,Win
63303411,baseball,mlb,2026_06_16,07:40 PM,Milwaukee Brewers,Cleveland Guardians,run_line,away,1.5,away_run_line,-163.0,0.7077375757325242,0.141932407470269,0.2313498241765385,0,823775,1,final,2026-08-30T13:46:52.825323+00:00,2,1,3,-1.5,1.5,8.0,Win
63303411,baseball,mlb,2026_06_16,07:40 PM,Milwaukee Brewers,Cleveland Guardians,total,over,8.0,over_total,-119.0,0.6110472818118311,0.2472364501874867,0.3353616054821789,0,823775,1,final,2026-08-30T13:46:52.825323+00:00,2,1,3,-1.5,1.5,8.0,Loss
63303411,baseball,mlb,2026_06_16,07:40 PM,Milwaukee Brewers,Cleveland Guardians,moneyline,away,,away_moneyline,129.0,0.5236055406730495,0.1990566881412834,0.1543075101870414,0,823775,1,final,2026-08-30T13:46:52.825323+00:00,2,1,3,-1.5,1.5,8.0,Loss
63303487,baseball,mlb,2026_06_16,09:40 PM,Athletics,Pittsburgh Pirates,run_line,away,1.5,away_run_line,-169.0,0.707381222322759,0.1259499929279417,0.2128554880482216,0,,,final,2026-08-30T13:46:52.825323+00:00,5,6,11,,,,Win
63303487,baseball,mlb,2026_06_16,09:40 PM,Athletics,Pittsburgh Pirates,total,over,10.5,over_total,-120.0,0.6383260161739264,0.1702643629855316,0.204317235582638,0,,,final,2026-08-30T13:46:52.825323+00:00,5,6,11,,,,Win
63303487,baseball,mlb,2026_06_16,09:40 PM,Athletics,Pittsburgh Pirates,moneyline,away,,away_moneyline,112.0,0.54636929879326,0.1583029134417113,0.1413418870015279,0,,,final,2026-08-30T13:46:52.825323+00:00,5,6,11,,,,Win
63303733,baseball,mlb,2026_06_16,10:10 PM,Los Angeles Dodgers,Tampa Bay Rays,run_line,home,-1.5,home_run_line,142.0,0.5039009194506748,0.2194402250706331,0.1545353697680515,0,823939,1,final,2026-08-30T13:46:52.825323+00:00,1,0,1,-1.5,1.5,8.5,Loss
63303733,baseball,mlb,2026_06_16,10:10 PM,Los Angeles Dodgers,Tampa Bay Rays,total,over,8.5,over_total,102.0,0.67041293469392,0.3542341280817185,0.3472883608644299,0,823939,1,final,2026-08-30T13:46:52.825323+00:00,1,0,1,-1.5,1.5,8.5,Loss
63303733,baseball,mlb,2026_06_16,10:10 PM,Los Angeles Dodgers,Tampa Bay Rays,moneyline,home,,home_moneyline,-151.0,0.7108524360027532,0.1816156386535832,0.2742396143669104,0,823939,1,final,2026-08-30T13:46:52.825323+00:00,1,0,1,-1.5,1.5,8.5,Win
63299187,baseball,mlb,2026_06_17,02:10 PM,Houston Astros,Detroit Tigers,run_line,home,1.5,home_run_line,-175.0,0.6373552376191086,0.0015582305443135,0.0027269034525486,0,824178,1,final,2026-08-30T13:46:52.825323+00:00,4,2,6,1.5,-1.5,8.5,Win
63299187,baseball,mlb,2026_06_17,02:10 PM,Houston Astros,Detroit Tigers,total,under,8.5,under_total,-117.0,0.6463858647251509,0.1988524157722885,0.2326573264535775,0,824178,1,final,2026-08-30T13:46:52.825323+00:00,4,2,6,1.5,-1.5,8.5,Win
63299187,baseball,mlb,2026_06_17,02:10 PM,Houston Astros,Detroit Tigers,moneyline,away,,away_moneyline,-112.0,0.5930506817200275,0.122560218970052,0.1372674452464582,0,824178,1,final,2026-08-30T13:46:52.825323+00:00,4,2,6,1.5,-1.5,8.5,Loss
63301015,baseball,mlb,2026_06_17,02:15 PM,St Louis Cardinals,San Diego Padres,total,under,10.5,under_total,-123.0,0.7868403599371734,0.4265479696421923,0.5246540026598966,0,,,final,2026-08-30T13:46:52.825323+00:00,1,6,7,,,,Win
63301015,baseball,mlb,2026_06_17,02:15 PM,St Louis Cardinals,San Diego Padres,moneyline,away,,away_moneyline,102.0,0.558877718035907,0.1289329904325322,0.1264048925809138,0,,,final,2026-08-30T13:46:52.825323+00:00,1,6,7,,,,Win
63301609,baseball,mlb,2026_06_17,12:40 PM,Cincinnati Reds,New York Mets,run_line,home,1.5,home_run_line,-149.0,0.6650780832399772,0.1114392129312369,0.1660444272675431,0,824503,1,final,2026-08-30T13:46:52.825323+00:00,1,9,10,1.5,-1.5,9.0,Loss
63301609,baseball,mlb,2026_06_17,12:40 PM,Cincinnati Reds,New York Mets,total,under,9.0,under_total,-105.0,0.7121459089766993,0.4954287795101957,0.5812609042798862,0,824503,1,final,2026-08-30T13:46:52.825323+00:00,1,9,10,1.5,-1.5,9.0,Loss
63302151,baseball,mlb,2026_06_17,01:05 PM,Philadelphia Phillies,Miami Marlins,run_line,home,1.5,home_run_line,-188.0,0.691576860460319,0.059436892620063,0.1117413581257185,0,823450,1,final,2026-08-30T13:46:52.825323+00:00,4,12,16,1.5,-1.5,9.0,Loss
63302151,baseball,mlb,2026_06_17,01:05 PM,Philadelphia Phillies,Miami Marlins,total,under,9.0,under_total,-105.0,0.4855909569189491,0.0794392268019329,0.0960273244686611,0,823450,1,final,2026-08-30T13:46:52.825323+00:00,4,12,16,1.5,-1.5,9.0,Loss
63299229,baseball,mlb,2026_08_03,08:40 PM,Colorado Rockies,Tampa Bay Rays,run_line,home,1.5,home_run_line,-105.0,0.6131926512402005,0.1971856524213437,0.2070449350424109,0,824324,1,final,2026-08-30T13:46:52.825323+00:00,9,13,22,1.5,-1.5,11.5,Loss
63299229,baseball,mlb,2026_08_03,08:40 PM,Colorado Rockies,Tampa Bay Rays,total,under,11.5,under_total,-117.0,0.6495262349493738,0.2046768631112318,0.2394719298401411,0,824324,1,final,2026-08-30T13:46:52.825323+00:00,9,13,22,1.5,-1.5,11.5,Loss
63299229,baseball,mlb,2026_08_03,08:40 PM,Colorado Rockies,Tampa Bay Rays,moneyline,home,,home_moneyline,143.0,0.4173637404094005,0.0141938891948432,0.0099257966397505,0,824324,1,final,2026-08-30T13:46:52.825323+00:00,9,13,22,1.5,-1.5,11.5,Loss
63301673,baseball,mlb,2026_08_03,09:40 PM,Arizona Diamondbacks,San Diego Padres,run_line,home,1.5,home_run_line,-196.0,0.7114675602807081,0.074461213485151,0.1459439784308958,0,825095,1,final,2026-08-30T13:46:52.825323+00:00,5,1,6,1.5,-1.5,9.0,Win
63301673,baseball,mlb,2026_08_03,09:40 PM,Arizona Diamondbacks,San Diego Padres,total,over,9.0,over_total,-105.0,0.5007573452140973,0.1062891556793974,0.1280768668854272,0,825095,1,final,2026-08-30T13:46:52.825323+00:00,5,1,6,1.5,-1.5,9.0,Loss
63302147,baseball,mlb,2026_08_03,08:05 PM,Texas Rangers,San Francisco Giants,run_line,home,-1.5,home_run_line,169.0,0.4694367231158212,0.262784785181559,0.1554939557287331,0,822867,1,final,2026-08-30T13:46:52.825323+00:00,1,5,6,-1.5,1.5,8.0,Loss
63302147,baseball,mlb,2026_08_03,08:05 PM,Texas Rangers,San Francisco Giants,total,over,8.0,over_total,-116.0,0.6751265525463155,0.3681195552927566,0.4803291449910535,0,822867,1,final,2026-08-30T13:46:52.825323+00:00,1,5,6,-1.5,1.5,8.0,Loss
63302147,baseball,mlb,2026_08_03,08:05 PM,Texas Rangers,San Francisco Giants,moneyline,home,,home_moneyline,-125.0,0.6761468612189421,0.2170643501940958,0.2713304377426196,0,822867,1,final,2026-08-30T13:46:52.825323+00:00,1,5,6,-1.5,1.5,8.0,Loss
63302355,baseball,mlb,2026_08_03,08:05 PM,Chicago Cubs,Los Angeles Dodgers,run_line,home,1.5,home_run_line,-163.0,0.7164406789148083,0.155974837758249,0.2542389855459459,0,824647,1,final,2026-08-30T13:46:52.825323+00:00,10,5,15,1.5,-1.5,8.0,Win
63302355,baseball,mlb,2026_08_03,08:05 PM,Chicago Cubs,Los Angeles Dodgers,total,under,8.0,under_total,-108.0,0.4873435677046623,0.0776498903102257,0.0974076050269466,0,824647,1,final,2026-08-30T13:46:52.825323+00:00,10,5,15,1.5,-1.5,8.0,Loss
63302355,baseball,mlb,2026_08_03,08:05 PM,Chicago Cubs,Los Angeles Dodgers,moneyline,home,,home_moneyline,104.0,0.5101843550556431,0.0407760843135118,0.0392077733783767,0,824647,1,final,2026-08-30T13:46:52.825323+00:00,10,5,15,1.5,-1.5,8.0,Win
63303271,baseball,mlb,2026_08_03,08:10 PM,Houston Astros,Toronto Blue Jays,run_line,away,1.5,away_run_line,-181.0,0.6482588751195856,0.0064129497712903,0.0116074390860353,0,824160,1,final,2026-08-30T13:46:52.825323+00:00,1,3,4,-1.5,1.5,9.0,Win
63303271,baseball,mlb,2026_08_03,08:10 PM,Houston Astros,Toronto Blue Jays,total,under,9.0,under_total,-102.0,0.5036690006152214,0.1282574572874388,0.1505084006849899,0,824160,1,final,2026-08-30T13:46:52.825323+00:00,1,3,4,-1.5,1.5,9.0,Win
63301505,baseball,mlb,2026_08_05,07:40 PM,Kansas City Royals,Minnesota Twins,run_line,home,1.5,home_run_line,-192.0,0.7144433786784903,0.0865493050735375,0.166174665741192,0,824082,1,final,2026-08-30T13:46:52.825323+00:00,2,1,3,1.5,-1.5,8.5,Win
63302129,baseball,mlb,2026_08_05,06:40 PM,Cincinnati Reds,Athletics,run_line,away,1.5,away_run_line,-156.0,0.8312717360114581,0.3641382334547003,0.5680556441893327,0,,,final,2026-08-30T13:46:52.825323+00:00,3,2,5,,,,Win
63302129,baseball,mlb,2026_08_05,06:40 PM,Cincinnati Reds,Athletics,total,over,9.5,over_total,-113.0,0.5988176881863339,0.1287448458733545,0.1454816758368906,0,,,final,2026-08-30T13:46:52.825323+00:00,3,2,5,,,,Loss
63302129,baseball,mlb,2026_08_05,06:40 PM,Cincinnati Reds,Athletics,moneyline,away,,away_moneyline,137.0,0.7073373324443165,0.6763894778930302,0.4937149473671752,0,,,final,2026-08-30T13:46:52.825323+00:00,3,2,5,,,,Loss
63302307,baseball,mlb,2026_08_05,07:05 PM,Philadelphia Phillies,Washington Nationals,run_line,away,1.5,away_run_line,-128.0,0.5747017169304782,0.0236874332824144,0.0303199146014903,0,823429,1,final,2026-08-30T13:46:52.825323+00:00,4,10,14,-1.5,1.5,9.5,Win
63302307,baseball,mlb,2026_08_05,07:05 PM,Philadelphia Phillies,Washington Nationals,total,over,9.5,over_total,-111.0,0.6363277246222676,0.209595945002689,0.2326514989529848,0,823429,1,final,2026-08-30T13:46:52.825323+00:00,4,10,14,-1.5,1.5,9.5,Win
63302307,baseball,mlb,2026_08_05,07:05 PM,Philadelphia Phillies,Washington Nationals,moneyline,away,,away_moneyline,174.0,0.3781631640205059,0.0361670694161864,0.0207856720782679,0,823429,1,final,2026-08-30T13:46:52.825323+00:00,4,10,14,-1.5,1.5,9.5,Win
63302777,baseball,mlb,2026_08_05,07:15 PM,Atlanta Braves,Miami Marlins,run_line,away,1.5,away_run_line,-196.0,0.6935068204158421,0.047336830832088,0.0927801884308925,0,824889,1,final,2026-08-30T13:46:52.825323+00:00,4,1,5,-1.5,1.5,8.5,Loss
63302777,baseball,mlb,2026_08_05,07:15 PM,Atlanta Braves,Miami Marlins,total,under,8.5,under_total,-111.0,0.6413238227000102,0.2190930323396591,0.2431932658970216,0,824889,1,final,2026-08-30T13:46:52.825323+00:00,4,1,5,-1.5,1.5,8.5,Win
63302777,baseball,mlb,2026_08_05,07:15 PM,Atlanta Braves,Miami Marlins,moneyline,away,,away_moneyline,114.0,0.4778416639491751,0.0225811608512347,0.0198080358344165,0,824889,1,final,2026-08-30T13:46:52.825323+00:00,4,1,5,-1.5,1.5,8.5,Loss
63303153,baseball,mlb,2026_08_05,08:05 PM,New York Yankees,St Louis Cardinals,run_line,away,1.5,away_run_line,-156.0,0.6492244388707433,0.0653939509673735,0.1020145635091028,0,,,final,2026-08-30T13:46:52.825323+00:00,1,3,4,,,,Win
63303153,baseball,mlb,2026_08_05,08:05 PM,New York Yankees,St Louis Cardinals,total,over,8.5,over_total,-105.0,0.5741500310208736,0.1209595843740864,0.1270075635927908,0,,,final,2026-08-30T13:46:52.825323+00:00,1,3,4,,,,Loss
63303153,baseball,mlb,2026_08_05,08:05 PM,New York Yankees,St Louis Cardinals,moneyline,away,,away_moneyline,144.0,0.445968757348107,0.0881637679293809,0.0612248388398479,0,,,final,2026-08-30T13:46:52.825323+00:00,1,3,4,,,,Win
63303799,baseball,mlb,2026_08_05,07:10 PM,Boston Red Sox,Chicago White Sox,run_line,home,-1.5,home_run_line,152.0,0.4615259253053467,0.1630453317694737,0.1072666656378116,0,824728,1,final,2026-08-30T13:46:52.825323+00:00,4,0,4,-1.5,1.5,8.0,Win
63303799,baseball,mlb,2026_08_05,07:10 PM,Boston Red Sox,Chicago White Sox,moneyline,home,,home_moneyline,-128.0,0.6899144132584025,0.2289100486165294,0.2930048622291578,0,824728,1,final,2026-08-30T13:46:52.825323+00:00,4,0,4,-1.5,1.5,8.0,Win
63303629,baseball,mlb,2026_08_06,09:40 PM,Arizona Diamondbacks,San Diego Padres,run_line,home,1.5,home_run_line,-181.0,0.6605367130265943,0.0254741235385249,0.0461081636047299,0,825053,1,final,2026-08-30T13:46:52.825323+00:00,1,5,6,1.5,-1.5,9.0,Loss
63303629,baseball,mlb,2026_08_06,09:40 PM,Arizona Diamondbacks,San Diego Padres,total,under,9.0,under_total,-112.0,0.5976758826595463,0.2548116746419812,0.3255995118700841,0,825053,1,final,2026-08-30T13:46:52.825323+00:00,1,5,6,1.5,-1.5,9.0,Win
63303629,baseball,mlb,2026_08_06,09:40 PM,Arizona Diamondbacks,San Diego Padres,moneyline,away,,away_moneyline,-104.0,0.5587802334466145,0.0960689194529746,0.0999116762310937,0,825053,1,final,2026-08-30T13:46:52.825323+00:00,1,5,6,1.5,-1.5,9.0,Win
63299197,baseball,mlb,2026_08_07,10:15 PM,San Francisco Giants,Detroit Tigers,run_line,home,1.5,home_run_line,-166.0,0.7114835308010511,0.1400880674281903,0.2325461919307958,0,823191,1,final,2026-08-30T13:46:52.825323+00:00,5,2,7,1.5,-1.5,8.5,Win
63299197,baseball,mlb,2026_08_07,10:15 PM,San Francisco Giants,Detroit Tigers,total,over,8.5,over_total,-105.0,0.5308347386928616,0.036391632686063,0.0382112143203662,0,823191,1,final,2026-08-30T13:46:52.825323+00:00,5,2,7,1.5,-1.5,8.5,Loss
63299197,baseball,mlb,2026_08_07,10:15 PM,San Francisco Giants,Detroit Tigers,moneyline,home,,home_moneyline,100.0,0.520643015549233,0.0412860310984659,0.0412860310984659,0,823191,1,final,2026-08-30T13:46:52.825323+00:00,5,2,7,1.5,-1.5,8.5,Win
63302281,baseball,mlb,2026_08_07,09:40 PM,Arizona Diamondbacks,Los Angeles Dodgers,run_line,home,1.5,home_run_line,-109.0,0.5294609068290781,0.0152048580484158,0.0165732952727732,0,825051,1,final,2026-08-30T13:46:52.825323+00:00,4,3,7,1.5,-1.5,9.0,Win
63302281,baseball,mlb,2026_08_07,09:40 PM,Arizona Diamondbacks,Los Angeles Dodgers,total,under,9.0,under_total,100.0,0.4881820199269557,0.1076773058558467,0.1239541271227547,0,825051,1,final,2026-08-30T13:46:52.825323+00:00,4,3,7,1.5,-1.5,9.0,Win
63302281,baseball,mlb,2026_08_07,09:40 PM,Arizona Diamondbacks,Los Angeles Dodgers,moneyline,away,,away_moneyline,-188.0,0.6934394092373289,0.0622901588316529,0.1171054986035073,0,825051,1,final,2026-08-30T13:46:52.825323+00:00,4,3,7,1.5,-1.5,9.0,Loss
63303359,baseball,mlb,2026_08_07,09:45 PM,Seattle Mariners,Tampa Bay Rays,run_line,away,-1.5,away_run_line,174.0,0.3692594830252322,0.0117709834891364,0.0067649330397335,0,823103,1,final,2026-08-30T13:46:52.825323+00:00,1,2,3,1.5,-1.5,7.0,Loss
63303359,baseball,mlb,2026_08_07,09:45 PM,Seattle Mariners,Tampa Bay Rays,total,under,7.0,under_total,-119.0,0.5061770485735844,0.0790349669989785,0.1103243476487269,0,823103,1,final,2026-08-30T13:46:52.825323+00:00,1,2,3,1.5,-1.5,7.0,Win
63303359,baseball,mlb,2026_08_07,09:45 PM,Seattle Mariners,Tampa Bay Rays,moneyline,away,,away_moneyline,-102.0,0.620593814042854,0.2290191219280046,0.2335995043665648,0,823103,1,final,2026-08-30T13:46:52.825323+00:00,1,2,3,1.5,-1.5,7.0,Win
63303527,baseball,mlb,2026_08_07,09:40 PM,San Diego Padres,Houston Astros,run_line,home,-1.5,home_run_line,163.0,0.5346099561692412,0.4060241847251045,0.2490945918558922,0,823266,1,final,2026-08-30T13:46:52.825323+00:00,3,6,9,-1.5,1.5,8.0,Loss
63303527,baseball,mlb,2026_08_07,09:40 PM,San Diego Padres,Houston Astros,total,over,8.0,over_total,-116.0,0.6995451435281945,0.4083549963138358,0.5297106544903918,0,823266,1,final,2026-08-30T13:46:52.825323+00:00,3,6,9,-1.5,1.5,8.0,Win
63303527,baseball,mlb,2026_08_07,09:40 PM,San Diego Padres,Houston Astros,moneyline,home,,home_moneyline,-126.0,0.7370553091891969,0.322019840291734,0.4057449987675849,0,823266,1,final,2026-08-30T13:46:52.825323+00:00,3,6,9,-1.5,1.5,8.0,Loss
63301523,baseball,mlb,2026_08_08,09:50 PM,Seattle Mariners,Tampa Bay Rays,run_line,away,-1.5,away_run_line,173.0,0.3790768556674275,0.0348798159720771,0.0201617433364607,0,823102,1,final,2026-08-30T13:46:52.825323+00:00,2,3,5,1.5,-1.5,7.0,Loss
63301523,baseball,mlb,2026_08_08,09:50 PM,Seattle Mariners,Tampa Bay Rays,total,over,7.0,over_total,-120.0,0.4957492997514769,0.053823383877181,0.0755371446688105,0,823102,1,final,2026-08-30T13:46:52.825323+00:00,2,3,5,1.5,-1.5,7.0,Loss
63301523,baseball,mlb,2026_08_08,09:50 PM,Seattle Mariners,Tampa Bay Rays,moneyline,away,,away_moneyline,-101.0,0.6119490974356473,0.2178392929164863,0.220017685845651,0,823102,1,final,2026-08-30T13:46:52.825323+00:00,2,3,5,1.5,-1.5,7.0,Win
63302019,baseball,mlb,2026_08_09,08:20 PM,San Diego Padres,Houston Astros,run_line,home,-1.5,home_run_line,158.0,0.4041886043802107,0.0428065993009436,0.0270927843676858,0,823268,1,final,2026-08-30T13:46:52.825323+00:00,7,2,9,-1.5,1.5,8.5,Win
63302019,baseball,mlb,2026_08_09,08:20 PM,San Diego Padres,Houston Astros,total,over,8.5,over_total,-116.0,0.6018169540612901,0.1206246730796434,0.1399246207723864,0,823268,1,final,2026-08-30T13:46:52.825323+00:00,7,2,9,-1.5,1.5,8.5,Win
63302019,baseball,mlb,2026_08_09,08:20 PM,San Diego Padres,Houston Astros,moneyline,home,,home_moneyline,-126.0,0.6136166948028952,0.1006140716305896,0.1267737302545429,0,823268,1,final,2026-08-30T13:46:52.825323+00:00,7,2,9,-1.5,1.5,8.5,Win
63301611,baseball,mlb,2026_08_10,09:40 PM,Arizona Diamondbacks,Colorado Rockies,run_line,away,1.5,away_run_line,-142.0,0.6872851691126163,0.1712888093327684,0.2432301092525313,0,825048,1,final,2026-08-30T13:46:52.825323+00:00,9,0,9,-1.5,1.5,8.5,Loss
63301611,baseball,mlb,2026_08_10,09:40 PM,Arizona Diamondbacks,Colorado Rockies,total,over,8.5,over_total,-117.0,0.5537977915912768,0.0271292373957869,0.0317412077530707,0,825048,1,final,2026-08-30T13:46:52.825323+00:00,9,0,9,-1.5,1.5,8.5,Win
63301611,baseball,mlb,2026_08_10,09:40 PM,Arizona Diamondbacks,Colorado Rockies,moneyline,away,,away_moneyline,149.0,0.4913923735726783,0.223567010195969,0.1500449732858852,0,825048,1,final,2026-08-30T13:46:52.825323+00:00,9,0,9,-1.5,1.5,8.5,Loss
63301633,baseball,mlb,2026_08_10,09:45 PM,San Francisco Giants,Houston Astros,total,over,8.0,over_total,-116.0,0.6054326910597598,0.2509482508801828,0.3321507575527071,0,823189,1,final,2026-08-30T13:46:52.825323+00:00,3,6,9,1.5,-1.5,8.0,Win
63301633,baseball,mlb,2026_08_10,09:45 PM,San Francisco Giants,Houston Astros,moneyline,away,,away_moneyline,-163.0,0.7012141074557309,0.131406811416302,0.2141931026085721,0,823189,1,final,2026-08-30T13:46:52.825323+00:00,3,6,9,1.5,-1.5,8.0,Win
63301787,baseball,mlb,2026_08_10,09:40 PM,Athletics,Tampa Bay Rays,run_line,home,1.5,home_run_line,-120.0,0.6302421296368603,0.1554439043342439,0.1865326852010927,0,,,final,2026-08-30T13:46:52.825323+00:00,6,10,16,,,,Loss
63301787,baseball,mlb,2026_08_10,09:40 PM,Athletics,Tampa Bay Rays,total,under,10.0,under_total,-113.0,0.514384775898477,0.093445698642152,0.1205204815202104,0,,,final,2026-08-30T13:46:52.825323+00:00,6,10,16,,,,Loss
63301787,baseball,mlb,2026_08_10,09:40 PM,Athletics,Tampa Bay Rays,moneyline,home,,home_moneyline,134.0,0.4274113929151154,0.0001426594213698,0.0001064622547535,0,,,final,2026-08-30T13:46:52.825323+00:00,6,10,16,,,,Loss
63302511,baseball,mlb,2026_08_10,09:40 PM,San Diego Padres,Milwaukee Brewers,moneyline,away,,away_moneyline,-112.0,0.631000133302399,0.1943931094652553,0.2177202826010858,0,823265,1,final,2026-08-30T13:46:52.825323+00:00,3,2,5,1.5,-1.5,7.5,Loss
63302689,baseball,mlb,2026_08_10,10:10 PM,Los Angeles Dodgers,Kansas City Royals,run_line,away,1.5,away_run_line,120.0,0.6506532087349441,0.4314370592168772,0.3595308826807309,0,823918,1,final,2026-08-30T13:46:52.825323+00:00,6,5,11,-1.5,1.5,7.5,Win
63302689,baseball,mlb,2026_08_10,10:10 PM,Los Angeles Dodgers,Kansas City Royals,total,over,7.5,over_total,-111.0,0.600245161632601,0.1410065685088182,0.1565172910447882,0,823918,1,final,2026-08-30T13:46:52.825323+00:00,6,5,11,-1.5,1.5,7.5,Win
63302689,baseball,mlb,2026_08_10,10:10 PM,Los Angeles Dodgers,Kansas City Royals,moneyline,away,,away_moneyline,258.0,0.4358847464601955,0.5604673923274999,0.2172354233827518,0,823918,1,final,2026-08-30T13:46:52.825323+00:00,6,5,11,-1.5,1.5,7.5,Loss
63303747,baseball,mlb,2026_08_10,09:38 PM,Los Angeles Angels,Texas Rangers,run_line,home,1.5,home_run_line,-169.0,0.6748461109728925,0.0741633364006395,0.1253360385170807,0,823998,1,final,2026-08-30T13:46:52.825323+00:00,1,4,5,1.5,-1.5,8.0,Loss
63303747,baseball,mlb,2026_08_10,09:38 PM,Los Angeles Angels,Texas Rangers,total,under,8.0,under_total,-105.0,0.4577708143729472,0.033319205986921,0.0406603882597729,0,823998,1,final,2026-08-30T13:46:52.825323+00:00,1,4,5,1.5,-1.5,8.0,Win
63299331,baseball,mlb,2026_08_11,07:45 PM,St Louis Cardinals,Philadelphia Phillies,run_line,home,1.5,home_run_line,-120.0,0.6358684594125132,0.1657588422562741,0.1989106107075291,0,,,final,2026-08-30T13:46:52.825323+00:00,2,0,2,,,,Win
63299331,baseball,mlb,2026_08_11,07:45 PM,St Louis Cardinals,Philadelphia Phillies,total,under,8.0,under_total,-103.0,0.5851537911927827,0.28525957101481,0.3384974288031221,0,,,final,2026-08-30T13:46:52.825323+00:00,2,0,2,,,,Win
63299389,baseball,mlb,2026_08_11,10:10 PM,Los Angeles Dodgers,Kansas City Royals,total,over,8.0,over_total,-119.0,0.5579546355620442,0.1569986617375499,0.2147883979292916,0,823917,1,final,2026-08-30T13:46:52.825323+00:00,5,4,9,-1.5,1.5,8.0,Win
63300869,baseball,mlb,2026_08_11,09:38 PM,Los Angeles Angels,Texas Rangers,run_line,away,-1.5,away_run_line,112.0,0.5017429834282513,0.0636951248678927,0.0568706472034757,0,823997,1,final,2026-08-30T13:46:52.825323+00:00,3,2,5,1.5,-1.5,9.0,Loss
63300869,baseball,mlb,2026_08_11,09:38 PM,Los Angeles Angels,Texas Rangers,total,over,9.0,over_total,-119.0,0.6042349601757251,0.2295189684203596,0.3095012547407521,0,823997,1,final,2026-08-30T13:46:52.825323+00:00,3,2,5,1.5,-1.5,9.0,Loss
63300869,baseball,mlb,2026_08_11,09:38 PM,Los Angeles Angels,Texas Rangers,moneyline,away,,away_moneyline,-144.0,0.7037153697898297,0.1924065988105447,0.2770655022871846,0,823997,1,final,2026-08-30T13:46:52.825323+00:00,3,2,5,1.5,-1.5,9.0,Loss
63301047,baseball,mlb,2026_08_11,09:45 PM,San Francisco Giants,Houston Astros,run_line,away,-1.5,away_run_line,-116.0,0.5844463124660686,0.0882793404540585,0.102404034926708,0,823186,1,final,2026-08-30T13:46:52.825323+00:00,4,1,5,1.5,-1.5,8.0,Loss
63301047,baseball,mlb,2026_08_11,09:45 PM,San Francisco Giants,Houston Astros,total,over,8.0,over_total,-106.0,0.5185190102950301,0.1420613983212024,0.1739608064538395,0,823186,1,final,2026-08-30T13:46:52.825323+00:00,4,1,5,1.5,-1.5,8.0,Loss
63301047,baseball,mlb,2026_08_11,09:45 PM,San Francisco Giants,Houston Astros,moneyline,away,,away_moneyline,-196.0,0.796691356540858,0.2031665384494589,0.3982064153609396,0,823186,1,final,2026-08-30T13:46:52.825323+00:00,4,1,5,1.5,-1.5,8.0,Loss
63301205,baseball,mlb,2026_08_11,07:40 PM,Minnesota Twins,Baltimore Orioles,total,under,9.5,under_total,-116.0,0.6229965736694163,0.1600625854533957,0.185672599125939,0,823673,1,final,2026-08-30T13:46:52.825323+00:00,2,5,7,1.5,-1.5,9.5,Win
63301205,baseball,mlb,2026_08_11,07:40 PM,Minnesota Twins,Baltimore Orioles,moneyline,away,,away_moneyline,-102.0,0.5566888928040025,0.1024623171216516,0.1045115634640848,0,823673,1,final,2026-08-30T13:46:52.825323+00:00,2,5,7,1.5,-1.5,9.5,Win
63301259,baseball,mlb,2026_08_11,09:40 PM,San Diego Padres,Milwaukee Brewers,run_line,away,-1.5,away_run_line,123.0,0.4960654194258028,0.1062258853195401,0.08636250838987,0,823264,1,final,2026-08-30T13:46:52.825323+00:00,11,2,13,1.5,-1.5,7.5,Loss
63301259,baseball,mlb,2026_08_11,09:40 PM,San Diego Padres,Milwaukee Brewers,total,over,7.5,over_total,-112.0,0.6864135687907935,0.2992828266397163,0.3351967658364823,0,823264,1,final,2026-08-30T13:46:52.825323+00:00,11,2,13,1.5,-1.5,7.5,Win
63301259,baseball,mlb,2026_08_11,09:40 PM,San Diego Padres,Milwaukee Brewers,moneyline,away,,away_moneyline,-144.0,0.7142561632794158,0.21026738777901,0.3027850384017745,0,823264,1,final,2026-08-30T13:46:52.825323+00:00,11,2,13,1.5,-1.5,7.5,Loss
63302181,baseball,mlb,2026_08_11,07:40 PM,Chicago White Sox,Cincinnati Reds,run_line,away,1.5,away_run_line,-158.0,0.7076625445210578,0.1555502309267904,0.245769364864329,0,824563,1,final,2026-08-30T13:46:52.825323+00:00,4,5,9,-1.5,1.5,8.0,Win
63302181,baseball,mlb,2026_08_11,07:40 PM,Chicago White Sox,Cincinnati Reds,total,under,8.0,under_total,-105.0,0.4770885718083961,0.0707863021685692,0.0863576229802249,0,824563,1,final,2026-08-30T13:46:52.825323+00:00,4,5,9,-1.5,1.5,8.0,Loss
63302181,baseball,mlb,2026_08_11,07:40 PM,Chicago White Sox,Cincinnati Reds,moneyline,away,,away_moneyline,135.0,0.4995974453772739,0.1740539966365937,0.1289288863974768,0,824563,1,final,2026-08-30T13:46:52.825323+00:00,4,5,9,-1.5,1.5,8.0,Win
63302765,baseball,mlb,2026_08_11,09:40 PM,Athletics,Tampa Bay Rays,run_line,away,-1.5,away_run_line,-101.0,0.5159358976463562,0.0267635190783919,0.0270311542691758,0,,,final,2026-08-30T13:46:52.825323+00:00,4,12,16,,,,Win
63302765,baseball,mlb,2026_08_11,09:40 PM,Athletics,Tampa Bay Rays,total,under,10.0,under_total,-111.0,0.5524797589557627,0.1718189198295692,0.2171232876612768,0,,,final,2026-08-30T13:46:52.825323+00:00,4,12,16,,,,Loss
63302765,baseball,mlb,2026_08_11,09:40 PM,Athletics,Tampa Bay Rays,moneyline,away,,away_moneyline,-169.0,0.7310132351264584,0.1635654452604573,0.2764256024901732,0,,,final,2026-08-30T13:46:52.825323+00:00,4,12,16,,,,Win
63303059,baseball,mlb,2026_08_11,09:40 PM,Arizona Diamondbacks,Colorado Rockies,run_line,away,1.5,away_run_line,-136.0,0.6767069412068314,0.1742855744471485,0.2370283812481221,0,825046,1,final,2026-08-30T13:46:52.825323+00:00,2,3,5,-1.5,1.5,9.0,Win
63303059,baseball,mlb,2026_08_11,09:40 PM,Arizona Diamondbacks,Colorado Rockies,total,under,9.0,under_total,102.0,0.5206863476995678,0.1817870430935661,0.204853699343882,0,825046,1,final,2026-08-30T13:46:52.825323+00:00,2,3,5,-1.5,1.5,9.0,Win
63303059,baseball,mlb,2026_08_11,09:40 PM,Arizona Diamondbacks,Colorado Rockies,moneyline,away,,away_moneyline,149.0,0.4701706572495839,0.170724936551464,0.1145804943298415,0,825046,1,final,2026-08-30T13:46:52.825323+00:00,2,3,5,-1.5,1.5,9.0,Win
63301615,baseball,mlb,2026_08_12,10:10 PM,Los Angeles Dodgers,Kansas City Royals,run_line,away,1.5,away_run_line,-116.0,0.6996838137670262,0.3028595152903244,0.3513170377367764,0,823916,1,final,2026-08-30T13:46:52.825323+00:00,4,2,6,-1.5,1.5,9.0,Loss
63301615,baseball,mlb,2026_08_12,10:10 PM,Los Angeles Dodgers,Kansas City Royals,total,over,9.0,over_total,-120.0,0.4841023892761893,0.0171981170637758,0.0237127389920575,0,823916,1,final,2026-08-30T13:46:52.825323+00:00,4,2,6,-1.5,1.5,9.0,Loss
63301615,baseball,mlb,2026_08_12,10:10 PM,Los Angeles Dodgers,Kansas City Royals,moneyline,away,,away_moneyline,186.0,0.5133551171846141,0.4681956351479965,0.2517180834129013,0,823916,1,final,2026-08-30T13:46:52.825323+00:00,4,2,6,-1.5,1.5,9.0,Loss
63303245,baseball,mlb,2026_08_13,10:10 PM,Los Angeles Dodgers,Milwaukee Brewers,run_line,away,1.5,away_run_line,-175.0,0.7612593028173384,0.1962646187129604,0.3434630827476807,0,823915,1,final,2026-08-30T13:46:52.825323+00:00,4,5,9,-1.5,1.5,8.5,Win
63303245,baseball,mlb,2026_08_13,10:10 PM,Los Angeles Dodgers,Milwaukee Brewers,total,over,8.5,over_total,-105.0,0.5459566346772815,0.0659153343699305,0.0692111010884271,0,823915,1,final,2026-08-30T13:46:52.825323+00:00,4,5,9,-1.5,1.5,8.5,Win
63303245,baseball,mlb,2026_08_13,10:10 PM,Los Angeles Dodgers,Milwaukee Brewers,moneyline,away,,away_moneyline,124.0,0.5903957626719969,0.3224865083852732,0.2600697648268331,0,823915,1,final,2026-08-30T13:46:52.825323+00:00,4,5,9,-1.5,1.5,8.5,Win
63302073,baseball,mlb,2026_08_14,10:15 PM,San Francisco Giants,Colorado Rockies,total,over,7.5,over_total,-112.0,0.5283454409584187,8.244181414979179e-05,9.233483184776682e-05,0,823185,1,final,2026-08-30T13:46:52.825323+00:00,2,5,7,-1.5,1.5,7.5,Loss
63302073,baseball,mlb,2026_08_14,10:15 PM,San Francisco Giants,Colorado Rockies,moneyline,home,,home_moneyline,-131.0,0.5711098153541999,0.0070715064642761,0.0092636734682015,0,823185,1,final,2026-08-30T13:46:52.825323+00:00,2,5,7,-1.5,1.5,7.5,Loss
63302243,baseball,mlb,2026_08_14,09:38 PM,Los Angeles Angels,Kansas City Royals,run_line,home,1.5,home_run_line,-181.0,0.7802038913437204,0.2112557650142841,0.3823729346758542,0,823993,1,final,2026-08-30T13:46:52.825323+00:00,6,7,13,1.5,-1.5,9.0,Win
63302243,baseball,mlb,2026_08_14,09:38 PM,Los Angeles Angels,Kansas City Royals,total,under,9.0,under_total,-120.0,0.5039423464713695,0.0546787167579501,0.075486980714366,0,823993,1,final,2026-08-30T13:46:52.825323+00:00,6,7,13,1.5,-1.5,9.0,Loss
63302243,baseball,mlb,2026_08_14,09:38 PM,Los Angeles Angels,Kansas City Royals,moneyline,home,,home_moneyline,-111.0,0.6129931348204489,0.1652392022262587,0.1834155144711473,0,823993,1,final,2026-08-30T13:46:52.825323+00:00,6,7,13,1.5,-1.5,9.0,Loss
63301263,baseball,mlb,2026_08_15,09:38 PM,Los Angeles Angels,Kansas City Royals,run_line,away,1.5,away_run_line,-163.0,0.7224330316629939,0.1656434805359963,0.2699988732736739,0,823990,1,final,2026-08-30T13:46:52.825323+00:00,1,0,1,-1.5,1.5,8.0,Win
63301263,baseball,mlb,2026_08_15,09:38 PM,Los Angeles Angels,Kansas City Royals,total,over,8.0,over_total,-117.0,0.4869113267354416,0.0399533751424086,0.0541585976820841,0,823990,1,final,2026-08-30T13:46:52.825323+00:00,1,0,1,-1.5,1.5,8.0,Loss
63301263,baseball,mlb,2026_08_15,09:38 PM,Los Angeles Angels,Kansas City Royals,moneyline,away,,away_moneyline,129.0,0.5308480961475746,0.2156421401779458,0.1671644497503455,0,823990,1,final,2026-08-30T13:46:52.825323+00:00,1,0,1,-1.5,1.5,8.0,Loss
63303001,baseball,mlb,2026_08_16,07:20 PM,Houston Astros,Seattle Mariners,run_line,away,1.5,away_run_line,-188.0,0.6586863776951408,0.0090514722138328,0.0170167677620055,0,824156,1,final,2026-08-30T13:46:52.825323+00:00,2,3,5,-1.5,1.5,7.5,Win
63303001,baseball,mlb,2026_08_16,07:20 PM,Houston Astros,Seattle Mariners,total,over,7.5,over_total,-119.0,0.5483006718287293,0.0090575389116951,0.0107784713049172,0,824156,1,final,2026-08-30T13:46:52.825323+00:00,2,3,5,-1.5,1.5,7.5,Loss
63301243,baseball,mlb,2026_08_17,06:40 PM,Philadelphia Phillies,Miami Marlins,run_line,away,1.5,away_run_line,-106.0,0.5727302377119612,0.1130417827232452,0.1198242896866401,0,823427,1,final,2026-08-30T13:46:52.825323+00:00,6,5,11,-1.5,1.5,8.0,Win
63301243,baseball,mlb,2026_08_17,06:40 PM,Philadelphia Phillies,Miami Marlins,total,over,8.0,over_total,-116.0,0.4901338520086973,0.0493220440031885,0.066269957821142,0,823427,1,final,2026-08-30T13:46:52.825323+00:00,6,5,11,-1.5,1.5,8.0,Win
63301243,baseball,mlb,2026_08_17,06:40 PM,Philadelphia Phillies,Miami Marlins,moneyline,away,,away_moneyline,208.0,0.3494300253958878,0.0762444782193345,0.0366559991439107,0,823427,1,final,2026-08-30T13:46:52.825323+00:00,6,5,11,-1.5,1.5,8.0,Loss
63301899,baseball,mlb,2026_08_17,07:05 PM,Pittsburgh Pirates,Detroit Tigers,run_line,home,1.5,home_run_line,-169.0,0.636266133728165,0.0127549702537064,0.0215558997287637,0,823343,1,final,2026-08-30T13:46:52.825323+00:00,5,8,13,1.5,-1.5,8.0,Loss
63301899,baseball,mlb,2026_08_17,07:05 PM,Pittsburgh Pirates,Detroit Tigers,moneyline,away,,away_moneyline,-123.0,0.5832666117366674,0.0574671090835514,0.0706845441727682,0,823343,1,final,2026-08-30T13:46:52.825323+00:00,5,8,13,1.5,-1.5,8.0,Win
63302053,baseball,mlb,2026_08_17,07:10 PM,New York Mets,San Diego Padres,run_line,home,1.5,home_run_line,-204.0,0.7428098184813257,0.1069322785211912,0.21814184818323,0,823589,1,final,2026-08-30T13:46:52.825323+00:00,2,1,3,1.5,-1.5,8.0,Win
63302053,baseball,mlb,2026_08_17,07:10 PM,New York Mets,San Diego Padres,total,over,8.0,over_total,-116.0,0.4779217524068959,0.0273703821584467,0.0368089238413404,0,823589,1,final,2026-08-30T13:46:52.825323+00:00,2,1,3,1.5,-1.5,8.0,Loss
63302053,baseball,mlb,2026_08_17,07:10 PM,New York Mets,San Diego Padres,moneyline,home,,home_moneyline,-120.0,0.5578825168689051,0.0227846142596592,0.0273415371115911,0,823589,1,final,2026-08-30T13:46:52.825323+00:00,2,1,3,1.5,-1.5,8.0,Win
63302235,baseball,mlb,2026_08_17,07:10 PM,Boston Red Sox,Arizona Diamondbacks,total,over,9.0,over_total,-104.0,0.5349176810175064,0.1750684643127301,0.2082734288293965,0,824725,1,final,2026-08-30T13:46:52.825323+00:00,11,1,12,-1.5,1.5,9.0,Win
63302473,baseball,mlb,2026_08_17,07:40 PM,Kansas City Royals,Athletics,run_line,away,1.5,away_run_line,-120.0,0.6938049281577465,0.2719757016225352,0.3263708419470423,0,,,final,2026-08-30T13:46:52.825323+00:00,9,5,14,,,,Loss
63302473,baseball,mlb,2026_08_17,07:40 PM,Kansas City Royals,Athletics,total,under,9.0,under_total,-114.0,0.4893719302906074,0.0499260025213364,0.065516705385375,0,,,final,2026-08-30T13:46:52.825323+00:00,9,5,14,,,,Loss
63302473,baseball,mlb,2026_08_17,07:40 PM,Kansas City Royals,Athletics,moneyline,away,,away_moneyline,163.0,0.4953897955361298,0.3028751622600212,0.1858129829816081,0,,,final,2026-08-30T13:46:52.825323+00:00,9,5,14,,,,Loss
63302751,baseball,mlb,2026_08_17,08:40 PM,Colorado Rockies,Los Angeles Dodgers,total,under,11.0,under_total,-119.0,0.5600511409525843,0.146316563715495,0.1968831372268047,0,824320,1,final,2026-08-30T13:46:52.825323+00:00,5,11,16,1.5,-1.5,11.0,Loss
63302751,baseball,mlb,2026_08_17,08:40 PM,Colorado Rockies,Los Angeles Dodgers,moneyline,away,,away_moneyline,-277.0,0.8093514766882388,0.1015361253121518,0.2812550671146604,0,824320,1,final,2026-08-30T13:46:52.825323+00:00,5,11,16,1.5,-1.5,11.0,Win
63302815,baseball,mlb,2026_08_17,06:05 PM,Tampa Bay Rays,Baltimore Orioles,run_line,home,-1.5,home_run_line,135.0,0.4569696189790952,0.0738786046008737,0.0547248922969435,0,822939,1,final,2026-08-30T13:46:52.825323+00:00,7,6,13,-1.5,1.5,8.0,Loss
63302815,baseball,mlb,2026_08_17,06:05 PM,Tampa Bay Rays,Baltimore Orioles,total,over,8.0,over_total,-102.0,0.5550080658616812,0.2296622699407396,0.2694229259588385,0,822939,1,final,2026-08-30T13:46:52.825323+00:00,7,6,13,-1.5,1.5,8.0,Win
63302815,baseball,mlb,2026_08_17,06:05 PM,Tampa Bay Rays,Baltimore Orioles,moneyline,home,,home_moneyline,-163.0,0.6752505461383744,0.0895146848735735,0.1459089363439247,0,822939,1,final,2026-08-30T13:46:52.825323+00:00,7,6,13,-1.5,1.5,8.0,Win
63303451,baseball,mlb,2026_08_17,08:30 PM,Minnesota Twins,Atlanta Braves,run_line,home,1.5,home_run_line,-156.0,0.6609637588826089,0.0846584761150506,0.1320672227394788,0,823668,1,final,2026-08-30T13:46:52.825323+00:00,4,2,6,1.5,-1.5,9.0,Win
63303451,baseball,mlb,2026_08_17,08:30 PM,Minnesota Twins,Atlanta Braves,total,over,9.0,over_total,-117.0,0.5303445147275938,0.1098634248489721,0.147110393374531,0,823668,1,final,2026-08-30T13:46:52.825323+00:00,4,2,6,1.5,-1.5,9.0,Loss
63303579,baseball,mlb,2026_08_17,07:40 PM,Chicago Cubs,Chicago White Sox,run_line,away,1.5,away_run_line,-149.0,0.6373441285003696,0.0650918657489396,0.0969868799659201,0,824641,1,final,2026-08-30T13:46:52.825323+00:00,7,5,12,-1.5,1.5,8.0,Loss
63303579,baseball,mlb,2026_08_17,07:40 PM,Chicago Cubs,Chicago White Sox,total,under,8.0,under_total,-104.0,0.450392347985146,0.0230454892192416,0.0278554756925657,0,824641,1,final,2026-08-30T13:46:52.825323+00:00,7,5,12,-1.5,1.5,8.0,Loss
63303579,baseball,mlb,2026_08_17,07:40 PM,Chicago Cubs,Chicago White Sox,moneyline,away,,away_moneyline,142.0,0.413896831289219,0.00163033171991,0.001148120929514,0,824641,1,final,2026-08-30T13:46:52.825323+00:00,7,5,12,-1.5,1.5,8.0,Loss
63299303,baseball,mlb,2026_08_18,08:10 PM,Houston Astros,Los Angeles Angels,run_line,away,1.5,away_run_line,-144.0,0.7626988159472505,0.2923507714661744,0.4209851109112913,0,824154,1,final,2026-08-30T13:46:52.825323+00:00,1,3,4,-1.5,1.5,9.0,Win
63299303,baseball,mlb,2026_08_18,08:10 PM,Houston Astros,Los Angeles Angels,total,under,9.0,under_total,-102.0,0.4536624148886992,0.0301834572624119,0.0354589889349099,0,824154,1,final,2026-08-30T13:46:52.825323+00:00,1,3,4,-1.5,1.5,9.0,Win
63299303,baseball,mlb,2026_08_18,08:10 PM,Houston Astros,Los Angeles Angels,moneyline,away,,away_moneyline,142.0,0.5924722687832392,0.4337828904554388,0.3054809087714358,0,824154,1,final,2026-08-30T13:46:52.825323+00:00,1,3,4,-1.5,1.5,9.0,Win
63300863,baseball,mlb,2026_08_18,07:40 PM,Minnesota Twins,Atlanta Braves,run_line,home,1.5,home_run_line,-158.0,0.682402354875782,0.1143025794807073,0.1805980755795175,0,823667,1,final,2026-08-30T13:46:52.825323+00:00,4,1,5,1.5,-1.5,8.5,Win
63300863,baseball,mlb,2026_08_18,07:40 PM,Minnesota Twins,Atlanta Braves,moneyline,home,,home_moneyline,108.0,0.4842989975743986,0.0073419149547491,0.0067980694025453,0,823667,1,final,2026-08-30T13:46:52.825323+00:00,4,1,5,1.5,-1.5,8.5,Win
63301327,baseball,mlb,2026_08_18,07:40 PM,Kansas City Royals,Athletics,run_line,home,-1.5,home_run_line,144.0,0.4101449902616626,0.0007537762384568,0.0005234557211505,0,,,final,2026-08-30T13:46:52.825323+00:00,4,3,7,,,,Loss
63301327,baseball,mlb,2026_08_18,07:40 PM,Kansas City Royals,Athletics,total,under,9.5,under_total,-106.0,0.6910284818196879,0.3429421439137331,0.3635186725485571,0,,,final,2026-08-30T13:46:52.825323+00:00,4,3,7,,,,Win
63301327,baseball,mlb,2026_08_18,07:40 PM,Kansas City Royals,Athletics,moneyline,home,,home_moneyline,-144.0,0.6377758454341671,0.080675738096783,0.1161730628593677,0,,,final,2026-08-30T13:46:52.825323+00:00,4,3,7,,,,Win
63301807,baseball,mlb,2026_08_18,07:10 PM,New York Mets,San Diego Padres,run_line,home,1.5,home_run_line,-172.0,0.6759170246229143,0.0688920389385621,0.1184943069743268,0,823586,1,final,2026-08-30T13:46:52.825323+00:00,2,5,7,1.5,-1.5,8.5,Loss
63302785,baseball,mlb,2026_08_18,08:40 PM,Colorado Rockies,Los Angeles Dodgers,total,under,11.5,under_total,-106.0,0.658401709788248,0.2795353982677273,0.2963075221637909,0,824319,1,final,2026-08-30T13:46:52.825323+00:00,6,7,13,1.5,-1.5,11.5,Loss
63302785,baseball,mlb,2026_08_18,08:40 PM,Colorado Rockies,Los Angeles Dodgers,moneyline,away,,away_moneyline,-196.0,0.7390120826636297,0.1160590636144611,0.2274757646843438,0,824319,1,final,2026-08-30T13:46:52.825323+00:00,6,7,13,1.5,-1.5,11.5,Win
63302835,baseball,mlb,2026_08_18,07:40 PM,Milwaukee Brewers,Seattle Mariners,run_line,home,-1.5,home_run_line,139.0,0.4444284818554033,0.0621840716344139,0.0447367421830316,0,823749,1,final,2026-08-30T13:46:52.825323+00:00,22,0,22,-1.5,1.5,7.5,Win
63302835,baseball,mlb,2026_08_18,07:40 PM,Milwaukee Brewers,Seattle Mariners,total,over,7.5,over_total,-116.0,0.7021150518727002,0.3073866483146828,0.3565685120450322,0,823749,1,final,2026-08-30T13:46:52.825323+00:00,22,0,22,-1.5,1.5,7.5,Win
63302835,baseball,mlb,2026_08_18,07:40 PM,Milwaukee Brewers,Seattle Mariners,moneyline,home,,home_moneyline,-163.0,0.6602564657185144,0.0653217821102409,0.1064745048396928,0,823749,1,final,2026-08-30T13:46:52.825323+00:00,22,0,22,-1.5,1.5,7.5,Win
63303147,baseball,mlb,2026_08_18,07:10 PM,Boston Red Sox,Arizona Diamondbacks,run_line,away,1.5,away_run_line,-149.0,0.6075876681095034,0.0153646265722573,0.0228932935926633,0,824723,1,final,2026-08-30T13:46:52.825323+00:00,9,4,13,-1.5,1.5,8.5,Loss
63303355,baseball,mlb,2026_08_18,08:08 PM,Chicago Cubs,Chicago White Sox,run_line,away,1.5,away_run_line,-156.0,0.7310359788930999,0.1996487858758562,0.3114521059663357,0,824639,1,final,2026-08-30T13:46:52.825323+00:00,4,3,7,-1.5,1.5,8.5,Win
63303355,baseball,mlb,2026_08_18,08:08 PM,Chicago Cubs,Chicago White Sox,total,under,8.5,under_total,-107.0,0.5422212825194446,0.04897014468715,0.0523980548152505,0,824639,1,final,2026-08-30T13:46:52.825323+00:00,4,3,7,-1.5,1.5,8.5,Win
63303355,baseball,mlb,2026_08_18,08:08 PM,Chicago Cubs,Chicago White Sox,moneyline,away,,away_moneyline,141.0,0.5395325962707581,0.3002735570125272,0.2129599695124305,0,824639,1,final,2026-08-30T13:46:52.825323+00:00,4,3,7,-1.5,1.5,8.5,Loss
63303381,baseball,mlb,2026_08_18,06:40 PM,Cleveland Guardians,San Francisco Giants,run_line,away,1.5,away_run_line,-136.0,0.6025015762189548,0.0455174410858334,0.0619037198767334,0,824398,1,final,2026-08-30T13:46:52.825323+00:00,8,1,9,-1.5,1.5,8.0,Loss
63303381,baseball,mlb,2026_08_18,06:40 PM,Cleveland Guardians,San Francisco Giants,total,over,8.0,over_total,-112.0,0.6906197693827301,0.4149604610881214,0.5208606935568499,0,824398,1,final,2026-08-30T13:46:52.825323+00:00,8,1,9,-1.5,1.5,8.0,Win
63303381,baseball,mlb,2026_08_18,06:40 PM,Cleveland Guardians,San Francisco Giants,moneyline,away,,away_moneyline,174.0,0.4029888625329995,0.1041894833404186,0.0598790134140337,0,824398,1,final,2026-08-30T13:46:52.825323+00:00,8,1,9,-1.5,1.5,8.0,Loss
63300969,baseball,mlb,2026_08_19,04:40 PM,Colorado Rockies,Los Angeles Dodgers,run_line,home,1.5,home_run_line,104.0,0.5155384332453973,0.0516984038206105,0.0497100036736638,0,824318,1,final,2026-08-30T13:46:52.825323+00:00,4,6,10,1.5,-1.5,11.5,Loss
63300969,baseball,mlb,2026_08_19,04:40 PM,Colorado Rockies,Los Angeles Dodgers,total,under,11.5,under_total,-114.0,0.7738220838655966,0.4526133855020848,0.5159792594723767,0,824318,1,final,2026-08-30T13:46:52.825323+00:00,4,6,10,1.5,-1.5,11.5,Win
63300969,baseball,mlb,2026_08_19,04:40 PM,Colorado Rockies,Los Angeles Dodgers,moneyline,away,,away_moneyline,-200.0,0.7003650341012757,0.0505475511519135,0.1010951023038271,0,824318,1,final,2026-08-30T13:46:52.825323+00:00,4,6,10,1.5,-1.5,11.5,Win
63301001,baseball,mlb,2026_08_19,03:40 PM,Kansas City Royals,Athletics,moneyline,home,,home_moneyline,-136.0,0.5775235486533131,0.0021732167807493,0.002955574821819,0,,,final,2026-08-30T13:46:52.825323+00:00,9,7,16,,,,Win
63301957,baseball,mlb,2026_08_19,02:35 PM,Baltimore Orioles,New York Yankees,run_line,home,1.5,home_run_line,-163.0,0.6316179890157554,0.0191136877984274,0.0311553111114367,0,824801,1,final,2026-08-30T13:46:52.825323+00:00,3,5,8,1.5,-1.5,9.0,Loss
63301957,baseball,mlb,2026_08_19,02:35 PM,Baltimore Orioles,New York Yankees,total,under,9.0,under_total,100.0,0.6890245686500267,0.48768244101853,0.5477321232423215,0,824801,1,final,2026-08-30T13:46:52.825323+00:00,3,5,8,1.5,-1.5,9.0,Win
63301957,baseball,mlb,2026_08_19,02:35 PM,Baltimore Orioles,New York Yankees,moneyline,away,,away_moneyline,-121.0,0.6056477234135965,0.1061830320198748,0.1284814687440485,0,824801,1,final,2026-08-30T13:46:52.825323+00:00,3,5,8,1.5,-1.5,9.0,Win
63302179,baseball,mlb,2026_08_19,02:40 PM,Tampa Bay Rays,Toronto Blue Jays,run_line,home,-1.5,home_run_line,102.0,0.5238877902499223,0.0582533363048429,0.0571111140243558,0,822937,1,final,2026-08-30T13:46:52.825323+00:00,7,6,13,-1.5,1.5,7.5,Loss
63302179,baseball,mlb,2026_08_19,02:40 PM,Tampa Bay Rays,Toronto Blue Jays,total,over,7.5,over_total,-119.0,0.6859577715661458,0.2623928737225709,0.3122475197298593,0,822937,1,final,2026-08-30T13:46:52.825323+00:00,7,6,13,-1.5,1.5,7.5,Win
63302179,baseball,mlb,2026_08_19,02:40 PM,Tampa Bay Rays,Toronto Blue Jays,moneyline,home,,home_moneyline,-217.0,0.7405993025180021,0.0818893036783716,0.1776997889820666,0,822937,1,final,2026-08-30T13:46:52.825323+00:00,7,6,13,-1.5,1.5,7.5,Win
63302593,baseball,mlb,2026_08_19,04:05 PM,Texas Rangers,Washington Nationals,run_line,home,-1.5,home_run_line,154.0,0.4145126995934709,0.0528622569674162,0.0343261408879325,0,822860,1,final,2026-08-30T13:46:52.825323+00:00,0,6,6,-1.5,1.5,7.5,Loss
63302593,baseball,mlb,2026_08_19,04:05 PM,Texas Rangers,Washington Nationals,total,over,7.5,over_total,-111.0,0.6596188004656625,0.2538699720563493,0.2817956689825477,0,822860,1,final,2026-08-30T13:46:52.825323+00:00,0,6,6,-1.5,1.5,7.5,Loss
63302593,baseball,mlb,2026_08_19,04:05 PM,Texas Rangers,Washington Nationals,moneyline,home,,home_moneyline,-144.0,0.6328832264982647,0.0723854671220596,0.1042350726557657,0,822860,1,final,2026-08-30T13:46:52.825323+00:00,0,6,6,-1.5,1.5,7.5,Loss
63302703,baseball,mlb,2026_08_19,04:10 PM,Boston Red Sox,Arizona Diamondbacks,run_line,away,1.5,away_run_line,-175.0,0.7290951663677235,0.1457209757207083,0.2550117075112397,0,824722,1,final,2026-08-30T13:46:52.825323+00:00,6,7,13,-1.5,1.5,8.0,Win
63302703,baseball,mlb,2026_08_19,04:10 PM,Boston Red Sox,Arizona Diamondbacks,total,over,8.0,over_total,-119.0,0.5108151631306409,0.0751273530478712,0.1033610549572173,0,824722,1,final,2026-08-30T13:46:52.825323+00:00,6,7,13,-1.5,1.5,8.0,Win
63302703,baseball,mlb,2026_08_19,04:10 PM,Boston Red Sox,Arizona Diamondbacks,moneyline,away,,away_moneyline,131.0,0.5423133344240413,0.2527438025195354,0.1929342003965919,0,824722,1,final,2026-08-30T13:46:52.825323+00:00,6,7,13,-1.5,1.5,8.0,Win
63302727,baseball,mlb,2026_08_19,02:40 PM,Cincinnati Reds,St Louis Cardinals,run_line,home,-1.5,home_run_line,144.0,0.5651886440178648,0.3790602914035901,0.2632363134747154,0,,,final,2026-08-30T13:46:52.825323+00:00,5,4,9,,,,Loss
63302727,baseball,mlb,2026_08_19,02:40 PM,Cincinnati Reds,St Louis Cardinals,total,over,8.5,over_total,-111.0,0.7138480163024898,0.356954337295724,0.3962193143982536,0,,,final,2026-08-30T13:46:52.825323+00:00,5,4,9,,,,Win
63302727,baseball,mlb,2026_08_19,02:40 PM,Cincinnati Reds,St Louis Cardinals,moneyline,home,,home_moneyline,-149.0,0.7632299809176913,0.2754648674396318,0.4104426524850514,0,,,final,2026-08-30T13:46:52.825323+00:00,5,4,9,,,,Win
63303693,baseball,mlb,2026_08_19,03:40 PM,Milwaukee Brewers,Seattle Mariners,total,over,7.0,over_total,-119.0,0.5370874410727949,0.1292130071679875,0.178959464675517,0,823748,1,final,2026-08-30T13:46:52.825323+00:00,5,7,12,-1.5,1.5,7.0,Win
63303693,baseball,mlb,2026_08_19,03:40 PM,Milwaukee Brewers,Seattle Mariners,moneyline,home,,home_moneyline,-125.0,0.5896491665831186,0.0613684998496135,0.0767106248120168,0,823748,1,final,2026-08-30T13:46:52.825323+00:00,5,7,12,-1.5,1.5,7.0,Loss
63303707,baseball,mlb,2026_08_19,06:05 PM,Philadelphia Phillies,Miami Marlins,run_line,away,1.5,away_run_line,-196.0,0.6963557634200959,0.0516393161854509,0.1012130597234836,0,823424,1,final,2026-08-30T13:46:52.825323+00:00,4,1,5,-1.5,1.5,8.5,Loss
63303707,baseball,mlb,2026_08_19,06:05 PM,Philadelphia Phillies,Miami Marlins,moneyline,away,,away_moneyline,108.0,0.4975884686250331,0.0349840147400688,0.0323926062408045,0,823424,1,final,2026-08-30T13:46:52.825323+00:00,4,1,5,-1.5,1.5,8.5,Loss
63299301,baseball,mlb,2026_08_26,12:10 PM,San Diego Padres,Pittsburgh Pirates,total,under,8.5,under_total,-119.0,0.6306990222865128,0.1606982006785404,0.191230858807463,0,823255,1,final,2026-08-30T13:46:52.825323+00:00,3,0,3,-1.5,1.5,8.5,Win
63299301,baseball,mlb,2026_08_26,12:10 PM,San Diego Padres,Pittsburgh Pirates,moneyline,home,,home_moneyline,-135.0,0.5838881919626129,0.0163979637867706,0.0221372511121402,0,823255,1,final,2026-08-30T13:46:52.825323+00:00,3,0,3,-1.5,1.5,8.5,Win
63300889,baseball,mlb,2026_08_26,03:15 PM,Atlanta Braves,Los Angeles Dodgers,run_line,home,1.5,home_run_line,-158.0,0.6456530942205961,0.054294293094391,0.0857849830891378,0,824878,1,final,2026-08-30T13:46:52.825323+00:00,6,5,11,1.5,-1.5,8.5,Win
63300889,baseball,mlb,2026_08_26,03:15 PM,Atlanta Braves,Los Angeles Dodgers,total,under,8.5,under_total,-101.0,0.5363198499528322,0.0673296023813789,0.0680028984051927,0,824878,1,final,2026-08-30T13:46:52.825323+00:00,6,5,11,1.5,-1.5,8.5,Loss
63300889,baseball,mlb,2026_08_26,03:15 PM,Atlanta Braves,Los Angeles Dodgers,moneyline,away,,away_moneyline,-119.0,0.5699988569954111,0.0489894931260086,0.0582974968199503,0,824878,1,final,2026-08-30T13:46:52.825323+00:00,6,5,11,1.5,-1.5,8.5,Loss
63301827,baseball,mlb,2026_08_26,02:40 PM,Miami Marlins,Boston Red Sox,run_line,home,1.5,home_run_line,-156.0,0.6697735969204544,0.0991156462284379,0.1546204081163631,0,823825,1,final,2026-08-30T13:46:52.825323+00:00,4,0,4,1.5,-1.5,7.5,Win
63301827,baseball,mlb,2026_08_26,02:40 PM,Miami Marlins,Boston Red Sox,total,over,7.5,over_total,-114.0,0.5767020361092661,0.082581015152482,0.0941423572738294,0,823825,1,final,2026-08-30T13:46:52.825323+00:00,4,0,4,1.5,-1.5,7.5,Loss
63302283,baseball,mlb,2026_08_26,03:45 PM,St Louis Cardinals,Baltimore Orioles,run_line,home,1.5,home_run_line,-178.0,0.669319897848166,0.0453423123696077,0.0807093160179016,0,,,final,2026-08-30T13:46:52.825323+00:00,7,8,15,,,,Win
63302283,baseball,mlb,2026_08_26,03:45 PM,St Louis Cardinals,Baltimore Orioles,total,under,8.5,under_total,-116.0,0.6899674716703412,0.2847670162137387,0.330329738807937,0,,,final,2026-08-30T13:46:52.825323+00:00,7,8,15,,,,Loss
63302283,baseball,mlb,2026_08_26,03:45 PM,St Louis Cardinals,Baltimore Orioles,moneyline,away,,away_moneyline,-108.0,0.5597213608297102,0.0779818801164791,0.0842204305257974,0,,,final,2026-08-30T13:46:52.825323+00:00,7,8,15,,,,Win
63302549,baseball,mlb,2026_08_26,02:45 PM,Washington Nationals,Colorado Rockies,total,over,9.0,over_total,-111.0,0.4971528041858782,0.0739047451096069,0.0941695733906339,0,822692,1,final,2026-08-30T13:46:52.825323+00:00,1,13,14,-1.5,1.5,9.0,Win
63302549,baseball,mlb,2026_08_26,02:45 PM,Washington Nationals,Colorado Rockies,moneyline,home,,home_moneyline,-129.0,0.5637629353402273,0.0007884666117212,0.0010171219291204,0,822692,1,final,2026-08-30T13:46:52.825323+00:00,1,13,14,-1.5,1.5,9.0,Loss
63302741,baseball,mlb,2026_08_26,12:10 PM,Seattle Mariners,Philadelphia Phillies,run_line,home,1.5,home_run_line,-158.0,0.7014856243800341,0.1454638676585367,0.2298329109004879,0,823096,1,final,2026-08-30T13:46:52.825323+00:00,0,6,6,1.5,-1.5,7.0,Loss
63302741,baseball,mlb,2026_08_26,12:10 PM,Seattle Mariners,Philadelphia Phillies,total,over,7.0,over_total,-104.0,0.479214520254835,0.08621838002833,0.1050237594034724,0,823096,1,final,2026-08-30T13:46:52.825323+00:00,0,6,6,1.5,-1.5,7.0,Loss
63302741,baseball,mlb,2026_08_26,12:10 PM,Seattle Mariners,Philadelphia Phillies,moneyline,home,,home_moneyline,125.0,0.4861573604338506,0.0938540609761637,0.0750832487809311,0,823096,1,final,2026-08-30T13:46:52.825323+00:00,0,6,6,1.5,-1.5,7.0,Loss
63303453,baseball,mlb,2026_08_26,03:07 PM,Toronto Blue Jays,Kansas City Royals,run_line,home,-1.5,home_run_line,134.0,0.4553902908669652,0.0656132806286984,0.0489651347975361,0,822772,1,final,2026-08-30T13:46:52.825323+00:00,3,0,3,-1.5,1.5,8.5,Win
63303453,baseball,mlb,2026_08_26,03:07 PM,Toronto Blue Jays,Kansas City Royals,moneyline,home,,home_moneyline,-153.0,0.6796708166921801,0.1239001086478532,0.1895671662312155,0,822772,1,final,2026-08-30T13:46:52.825323+00:00,3,0,3,-1.5,1.5,8.5,Win
63301425,baseball,mlb,2026_08_29,06:07 PM,Los Angeles Angels,Philadelphia Phillies,run_line,away,-1.5,away_run_line,-138.0,0.5974537279879403,0.0303912120371723,0.0419398726112979,0,823986,1,final,2026-08-30T13:46:52.825323+00:00,2,4,6,1.5,-1.5,8.0,Win
63301425,baseball,mlb,2026_08_29,06:07 PM,Los Angeles Angels,Philadelphia Phillies,moneyline,away,,away_moneyline,-232.0,0.8152509750853748,0.1666522574497604,0.3866332372834442,0,823986,1,final,2026-08-30T13:46:52.825323+00:00,2,4,6,1.5,-1.5,8.0,Win
63303351,baseball,mlb,2026_08_29,06:05 PM,Athletics,Baltimore Orioles,run_line,home,1.5,home_run_line,-131.0,0.5787765142230054,0.0205906472176657,0.0269737478551421,0,,,final,2026-08-30T13:46:52.825323+00:00,3,5,8,,,,Loss
63303351,baseball,mlb,2026_08_29,06:05 PM,Athletics,Baltimore Orioles,total,under,10.0,under_total,-119.0,0.6503218819480587,0.307594239617464,0.4116400182176427,0,,,final,2026-08-30T13:46:52.825323+00:00,3,5,8,,,,Win
63303351,baseball,mlb,2026_08_29,06:05 PM,Athletics,Baltimore Orioles,moneyline,away,,away_moneyline,-140.0,0.6451255000753381,0.1059294287005796,0.1483012001808114,0,,,final,2026-08-30T13:46:52.825323+00:00,3,5,8,,,,Win
