game_id,sport,league,game_date,game_time,home_team,away_team,market_type,bet_side,line,take_bet,dk_odds_american,model_prob,ev,kelly,low_confidence,gamePk,gameNumber,game_status,final_scores_generated_at,final_home_score,final_away_score,final_total,home_run_line,away_run_line,total,bet_result,side_group,ev_value,odds_value,moneyline_odds_value,run_line_value,total_value,kelly_value,model_prob_value,day_night,ev_bucket,odds_bucket,run_line_bucket,total_bucket,kelly_bucket,model_prob_bucket,win_prob_bucket,total_range_bucket,run_line_side
3954fca33e068341fbcf893afefbc2e6,baseball,mlb,2026_03_26,04:10 PM,Cincinnati Reds,Boston Red Sox,run_line,home,1.5,home_run_line,-126.0,0.7067677229790585,0.2676944872481526,0.3372950539326722,False,824541,1,final,2026-08-28T17:43:21.077345+00:00,0,3,3,1.5,-1.5,8.0,Loss,HOME,0.2676944872481526,-126.0,,1.5,8.0,0.3372950539326722,0.7067677229790585,Day,0.10_plus,minus_149_to_minus_125,1.0_to_1.9,5_to_9.9,0.20_plus,70_to_74.9,70_to_74.9,8.0_to_8.5,+1.5
7dc467f8d7fca948c9e9ca103825d968,baseball,mlb,2026_03_26,01:15 PM,New York Mets,Pittsburgh Pirates,run_line,home,1.5,home_run_line,-212.0,0.7928987112595387,0.166907537325359,0.3538439791297609,False,823649,1,final,2026-08-28T17:43:21.077345+00:00,11,7,18,1.5,-1.5,7.0,Win,HOME,0.166907537325359,-212.0,,1.5,7.0,0.3538439791297609,0.7928987112595387,Day,0.10_plus,minus_200_or_lower,1.0_to_1.9,5_to_9.9,0.20_plus,75_to_79.9,75_to_79.9,7.0_to_7.5,+1.5
938a5275d47936ba93f9663f6415f344,baseball,mlb,2026_03_26,04:10 PM,Houston Astros,Los Angeles Angels,run_line,away,1.5,away_run_line,-131.0,0.5802358528490261,0.0231639847948474,0.0303448200812501,False,824218,1,final,2026-08-28T17:43:21.077345+00:00,0,3,3,-1.5,1.5,8.0,Win,AWAY,0.0231639847948474,-131.0,,1.5,8.0,0.0303448200812501,0.5802358528490261,Day,0.02_to_0.0299,minus_149_to_minus_125,1.0_to_1.9,5_to_9.9,0.03_to_0.0499,55_to_59.9,55_to_59.9,8.0_to_8.5,+1.5
a6a0dde319f89b70eb1cf1e004b81fe6,baseball,mlb,2026_03_26,08:30 PM,Los Angeles Dodgers,Arizona Diamondbacks,run_line,away,1.5,away_run_line,108.0,0.5365562770788119,0.1160370563239288,0.1074417188184525,False,823974,1,final,2026-08-28T17:43:21.077345+00:00,8,2,10,-1.5,1.5,9.0,Loss,AWAY,0.1160370563239288,108.0,,1.5,9.0,0.1074417188184525,0.5365562770788119,Night,0.10_plus,plus_101_to_plus_125,1.0_to_1.9,5_to_9.9,0.10_to_0.1499,50_to_54.9,50_to_54.9,9.0_to_9.5,+1.5
c52d19ac74eb2f89bfb7bc284970d655,baseball,mlb,2026_03_26,03:05 PM,Baltimore Orioles,Minnesota Twins,run_line,home,-1.5,home_run_line,158.0,0.4857891941265446,0.253336120846485,0.1603393169914463,False,824865,1,final,2026-08-28T17:43:21.077345+00:00,2,1,3,-1.5,1.5,8.5,Loss,HOME,0.253336120846485,158.0,,-1.5,8.5,0.1603393169914463,0.4857891941265446,Day,0.10_plus,plus_151_to_plus_200,1.0_to_1.9,5_to_9.9,0.15_to_0.1999,<50,<50,8.5_to_9.0,-1.5
cfdeb0596b2f626db8901c8a4dc5ea7c,baseball,mlb,2026_03_26,04:15 PM,St Louis Cardinals,Tampa Bay Rays,run_line,home,1.5,home_run_line,-163.0,0.7197272413773425,0.1612776962100679,0.2628826448224106,False,,,final,2026-08-28T17:43:21.077345+00:00,9,7,16,,,,Win,HOME,0.1612776962100679,-163.0,,,,0.2628826448224106,0.7197272413773425,Day,0.10_plus,minus_199_to_minus_150,UNBUCKETED,UNBUCKETED,0.20_plus,70_to_74.9,70_to_74.9,UNBUCKETED,UNBUCKETED
cfdeb0596b2f626db8901c8a4dc5ea7c,baseball,mlb,2026_03_26,04:15 PM,St Louis Cardinals,Tampa Bay Rays,moneyline,home,,home_moneyline,104.0,0.5198226146796602,0.0604381339465067,0.0581135903331795,False,,,final,2026-08-28T17:43:21.077345+00:00,9,7,16,,,,Win,HOME,0.0604381339465067,104.0,104.0,,,0.0581135903331795,0.5198226146796602,Day,0.05_to_0.0749,plus_101_to_plus_125,UNBUCKETED,UNBUCKETED,0.05_to_0.0999,50_to_54.9,50_to_54.9,UNBUCKETED,UNBUCKETED
ded68cb95818777b5dd185d53a79acff,baseball,mlb,2026_03_26,04:10 PM,San Diego Padres,Detroit Tigers,run_line,home,1.5,home_run_line,-156.0,0.6278483340910134,0.0303152149185859,0.0472917352729942,False,823325,1,final,2026-08-28T17:43:21.077345+00:00,2,8,10,1.5,-1.5,7.0,Loss,HOME,0.0303152149185859,-156.0,,1.5,7.0,0.0472917352729942,0.6278483340910134,Day,0.03_to_0.0399,minus_199_to_minus_150,1.0_to_1.9,5_to_9.9,0.03_to_0.0499,60_to_64.9,60_to_64.9,7.0_to_7.5,+1.5
3a7909f4e2e9f0bedff35e657a6b5cbe,baseball,mlb,2026_03_27,08:15 PM,Houston Astros,Los Angeles Angels,run_line,away,1.5,away_run_line,-156.0,0.6931200306191017,0.1374277425544232,0.2143872783849002,False,824216,1,final,2026-08-28T17:43:21.077345+00:00,2,6,8,-1.5,1.5,8.5,Win,AWAY,0.1374277425544232,-156.0,,1.5,8.5,0.2143872783849002,0.6931200306191017,Night,0.10_plus,minus_199_to_minus_150,1.0_to_1.9,5_to_9.9,0.20_plus,65_to_69.9,65_to_69.9,8.5_to_9.0,+1.5
45eec2b395c23c0449b2d9ee928b3f8d,baseball,mlb,2026_03_27,07:10 PM,Miami Marlins,Colorado Rockies,run_line,away,1.5,away_run_line,-131.0,0.5679876697817536,0.0015660436609548,0.0020515171958506,False,823893,1,final,2026-08-28T17:43:21.077345+00:00,2,1,3,-1.5,1.5,7.5,Win,AWAY,0.0015660436609548,-131.0,,1.5,7.5,0.0020515171958506,0.5679876697817536,Night,0.00_to_0.0099,minus_149_to_minus_125,1.0_to_1.9,5_to_9.9,0.001_to_0.0099,55_to_59.9,55_to_59.9,7.5_to_8.0,+1.5
487285d7a2811bab184f43dff7b4f563,baseball,mlb,2026_03_27,04:35 PM,San Francisco Giants,New York Yankees,run_line,home,1.5,home_run_line,-163.0,0.7122282726108694,0.1491781331083352,0.2431603569665865,False,823243,1,final,2026-08-28T17:43:21.077345+00:00,0,3,3,1.5,-1.5,7.5,Loss,HOME,0.1491781331083352,-163.0,,1.5,7.5,0.2431603569665865,0.7122282726108694,Day,0.10_plus,minus_199_to_minus_150,1.0_to_1.9,5_to_9.9,0.20_plus,70_to_74.9,70_to_74.9,7.5_to_8.0,+1.5
487285d7a2811bab184f43dff7b4f563,baseball,mlb,2026_03_27,04:35 PM,San Francisco Giants,New York Yankees,moneyline,home,,home_moneyline,108.0,0.5072613321444959,0.0551035708605514,0.0510218248708809,False,823243,1,final,2026-08-28T17:43:21.077345+00:00,0,3,3,1.5,-1.5,7.5,Loss,HOME,0.0551035708605514,108.0,108.0,1.5,7.5,0.0510218248708809,0.5072613321444959,Day,0.05_to_0.0749,plus_101_to_plus_125,1.0_to_1.9,5_to_9.9,0.05_to_0.0999,50_to_54.9,50_to_54.9,7.5_to_8.0,+1.5
5a803a22e56c7ecf1ff614f2cd9124c3,baseball,mlb,2026_03_27,09:40 PM,San Diego Padres,Detroit Tigers,run_line,home,1.5,home_run_line,-200.0,0.6762203823351278,0.0143305735026917,0.0286611470053834,False,823324,1,final,2026-08-28T17:43:21.077345+00:00,2,5,7,1.5,-1.5,7.5,Loss,HOME,0.0143305735026917,-200.0,,1.5,7.5,0.0286611470053834,0.6762203823351278,Night,0.01_to_0.0199,minus_200_or_lower,1.0_to_1.9,5_to_9.9,0.02_to_0.0299,65_to_69.9,65_to_69.9,7.5_to_8.0,+1.5
88ab453feed0e220f331817b3aec9b00,baseball,mlb,2026_03_27,07:15 PM,Atlanta Braves,Kansas City Royals,run_line,home,-1.5,home_run_line,152.0,0.4197641471509739,0.057805650820454,0.0380300334345093,False,824946,1,final,2026-08-28T17:43:21.077345+00:00,6,0,6,-1.5,1.5,7.5,Win,HOME,0.057805650820454,152.0,,-1.5,7.5,0.0380300334345093,0.4197641471509739,Night,0.05_to_0.0749,plus_151_to_plus_200,1.0_to_1.9,5_to_9.9,0.03_to_0.0499,<50,<50,7.5_to_8.0,-1.5
88ab453feed0e220f331817b3aec9b00,baseball,mlb,2026_03_27,07:15 PM,Atlanta Braves,Kansas City Royals,total,over,7.5,over_total,100.0,0.6795914713929511,0.3591829427859022,0.3591829427859022,False,824946,1,final,2026-08-28T17:43:21.077345+00:00,6,0,6,-1.5,1.5,7.5,Loss,OVER,0.3591829427859022,100.0,,,7.5,0.3591829427859022,0.6795914713929511,Night,0.10_plus,minus_100_to_plus_100,UNBUCKETED,5_to_9.9,0.20_plus,65_to_69.9,65_to_69.9,7.5_to_8.0,UNBUCKETED
964bf73d6e6a9d5e87ffb96d1703af2e,baseball,mlb,2026_03_27,10:10 PM,Los Angeles Dodgers,Arizona Diamondbacks,run_line,away,1.5,away_run_line,-107.0,0.6413901510614558,0.2408201987824427,0.2576776126972137,False,823971,1,final,2026-08-28T17:43:21.077345+00:00,5,4,9,-1.5,1.5,8.5,Win,AWAY,0.2408201987824427,-107.0,,1.5,8.5,0.2576776126972137,0.6413901510614558,Night,0.10_plus,minus_109_to_minus_101,1.0_to_1.9,5_to_9.9,0.20_plus,60_to_64.9,60_to_64.9,8.5_to_9.0,+1.5
dc68cc35f657fa8af1c2f9310055cb33,baseball,mlb,2026_03_27,09:45 PM,Seattle Mariners,Cleveland Guardians,run_line,home,-1.5,home_run_line,129.0,0.4429048250781537,0.0142520494289719,0.0110481003325364,False,823162,1,final,2026-08-28T17:43:21.077345+00:00,5,1,6,-1.5,1.5,7.0,Win,HOME,0.0142520494289719,129.0,,-1.5,7.0,0.0110481003325364,0.4429048250781537,Night,0.01_to_0.0199,plus_126_to_plus_150,1.0_to_1.9,5_to_9.9,0.01_to_0.0199,<50,<50,7.0_to_7.5,-1.5
f827191f31f31298e4dd836d72eabdbc,baseball,mlb,2026_03_27,07:07 PM,Toronto Blue Jays,Athletics,run_line,home,-1.5,home_run_line,112.0,0.4755952728399917,0.0082619784207824,0.0073767664471272,False,,,final,2026-08-28T17:43:21.077345+00:00,3,2,5,,,,Loss,HOME,0.0082619784207824,112.0,,,,0.0073767664471272,0.4755952728399917,Night,0.00_to_0.0099,plus_101_to_plus_125,UNBUCKETED,UNBUCKETED,0.001_to_0.0099,<50,<50,UNBUCKETED,UNBUCKETED
0b1c8f9394e800658a0fd429a8685edd,baseball,mlb,2026_03_28,08:40 PM,San Diego Padres,Detroit Tigers,run_line,home,1.5,home_run_line,-175.0,0.7171545916175442,0.1269572153989981,0.2221751269482466,False,823323,1,final,2026-08-28T17:43:21.077345+00:00,3,0,3,1.5,-1.5,8.0,Win,HOME,0.1269572153989981,-175.0,,1.5,8.0,0.2221751269482466,0.7171545916175442,Night,0.10_plus,minus_199_to_minus_150,1.0_to_1.9,5_to_9.9,0.20_plus,70_to_74.9,70_to_74.9,8.0_to_8.5,+1.5
16b3a35b258eb3bcae569dd205bfd706,baseball,mlb,2026_03_28,03:07 PM,Toronto Blue Jays,Athletics,run_line,home,-1.5,home_run_line,119.0,0.5001518087652034,0.0953324611957953,0.0801113119292398,False,,,final,2026-08-28T17:43:21.077345+00:00,8,7,15,,,,Loss,HOME,0.0953324611957953,119.0,,,,0.0801113119292398,0.5001518087652034,Day,0.075_to_0.0999,plus_101_to_plus_125,UNBUCKETED,UNBUCKETED,0.05_to_0.0999,50_to_54.9,50_to_54.9,UNBUCKETED,UNBUCKETED
1a825b96d509d162a93aedec56ed8927,baseball,mlb,2026_03_28,04:10 PM,Miami Marlins,Colorado Rockies,run_line,away,1.5,away_run_line,-142.0,0.6071776119252165,0.0347674794781858,0.0493698208590237,False,823892,1,final,2026-08-28T17:43:21.077345+00:00,4,3,7,-1.5,1.5,7.5,Win,AWAY,0.0347674794781858,-142.0,,1.5,7.5,0.0493698208590237,0.6071776119252165,Day,0.03_to_0.0399,minus_149_to_minus_125,1.0_to_1.9,5_to_9.9,0.03_to_0.0499,60_to_64.9,60_to_64.9,7.5_to_8.0,+1.5
2262e13c280ca7610f5186dd2c77b23d,baseball,mlb,2026_03_28,07:10 PM,Houston Astros,Los Angeles Angels,run_line,home,-1.5,home_run_line,141.0,0.5436727684650898,0.3102513720008666,0.2200364340431677,False,824213,1,final,2026-08-28T17:43:21.077345+00:00,11,9,20,-1.5,1.5,8.5,Win,HOME,0.3102513720008666,141.0,,-1.5,8.5,0.2200364340431677,0.5436727684650898,Night,0.10_plus,plus_126_to_plus_150,1.0_to_1.9,5_to_9.9,0.20_plus,50_to_54.9,50_to_54.9,8.5_to_9.0,-1.5
2676d7ac3c89974581ba5cd216b0424f,baseball,mlb,2026_03_28,07:10 PM,Milwaukee Brewers,Chicago White Sox,run_line,away,1.5,away_run_line,-131.0,0.5751110083555884,0.0141270452682511,0.0185064293014089,False,823811,1,final,2026-08-28T17:43:21.077345+00:00,6,1,7,-1.5,1.5,8.5,Loss,AWAY,0.0141270452682511,-131.0,,1.5,8.5,0.0185064293014089,0.5751110083555884,Night,0.01_to_0.0199,minus_149_to_minus_125,1.0_to_1.9,5_to_9.9,0.01_to_0.0199,55_to_59.9,55_to_59.9,8.5_to_9.0,+1.5
4e515c128a5ccbd9a666705e73a055ea,baseball,mlb,2026_03_28,04:10 PM,Cincinnati Reds,Boston Red Sox,run_line,home,1.5,home_run_line,-126.0,0.7314107455384069,0.311895464219682,0.3929882849167995,False,824540,1,final,2026-08-28T17:43:21.077345+00:00,6,5,11,1.5,-1.5,7.5,Win,HOME,0.311895464219682,-126.0,,1.5,7.5,0.3929882849167995,0.7314107455384069,Day,0.10_plus,minus_149_to_minus_125,1.0_to_1.9,5_to_9.9,0.20_plus,70_to_74.9,70_to_74.9,7.5_to_8.0,+1.5
7055a07016cd9cb5636dd11078ce1667,baseball,mlb,2026_03_28,02:15 PM,St Louis Cardinals,Tampa Bay Rays,run_line,home,1.5,home_run_line,-185.0,0.7142445014052644,0.1003226102729748,0.1855968290050035,False,,,final,2026-08-28T17:43:21.077345+00:00,6,5,11,,,,Win,HOME,0.1003226102729748,-185.0,,,,0.1855968290050035,0.7142445014052644,Day,0.10_plus,minus_199_to_minus_150,UNBUCKETED,UNBUCKETED,0.15_to_0.1999,70_to_74.9,70_to_74.9,UNBUCKETED,UNBUCKETED
70e647daf98ec717652b7a06c7a93e6e,baseball,mlb,2026_03_28,02:20 PM,Chicago Cubs,Washington Nationals,run_line,home,-1.5,home_run_line,-117.0,0.5448861044627687,0.0106007236617164,0.0124028466842082,False,824701,1,final,2026-08-28T17:43:21.077345+00:00,10,2,12,-1.5,1.5,9.0,Win,HOME,0.0106007236617164,-117.0,,-1.5,9.0,0.0124028466842082,0.5448861044627687,Day,0.01_to_0.0199,minus_124_to_minus_110,1.0_to_1.9,5_to_9.9,0.01_to_0.0199,50_to_54.9,50_to_54.9,9.0_to_9.5,-1.5
70e647daf98ec717652b7a06c7a93e6e,baseball,mlb,2026_03_28,02:20 PM,Chicago Cubs,Washington Nationals,moneyline,home,,home_moneyline,-227.0,0.7420971016108926,0.0690121243469685,0.1566575222676186,False,824701,1,final,2026-08-28T17:43:21.077345+00:00,10,2,12,-1.5,1.5,9.0,Win,HOME,0.0690121243469685,-227.0,-227.0,-1.5,9.0,0.1566575222676186,0.7420971016108926,Day,0.05_to_0.0749,minus_200_or_lower,1.0_to_1.9,5_to_9.9,0.15_to_0.1999,70_to_74.9,70_to_74.9,9.0_to_9.5,-1.5
83fb92be857af525695a1086c6d0eaaf,baseball,mlb,2026_03_28,04:05 PM,Philadelphia Phillies,Texas Rangers,run_line,home,1.5,home_run_line,-196.0,0.7036059187248205,0.0625885303191164,0.1226735194254685,False,823488,1,final,2026-08-28T17:43:21.077345+00:00,4,5,9,1.5,-1.5,7.5,Win,HOME,0.0625885303191164,-196.0,,1.5,7.5,0.1226735194254685,0.7036059187248205,Day,0.05_to_0.0749,minus_199_to_minus_150,1.0_to_1.9,5_to_9.9,0.10_to_0.1499,70_to_74.9,70_to_74.9,7.5_to_8.0,+1.5
83fb92be857af525695a1086c6d0eaaf,baseball,mlb,2026_03_28,04:05 PM,Philadelphia Phillies,Texas Rangers,total,over,7.5,over_total,104.0,0.6907315605500168,0.4090923835220344,0.3933580610788792,False,823488,1,final,2026-08-28T17:43:21.077345+00:00,4,5,9,1.5,-1.5,7.5,Win,OVER,0.4090923835220344,104.0,,,7.5,0.3933580610788792,0.6907315605500168,Day,0.10_plus,plus_101_to_plus_125,UNBUCKETED,5_to_9.9,0.20_plus,65_to_69.9,65_to_69.9,7.5_to_8.0,UNBUCKETED
93188dfe3185656f40aad93e25a4bead,baseball,mlb,2026_03_28,04:10 PM,New York Mets,Pittsburgh Pirates,run_line,away,1.5,away_run_line,-149.0,0.6438675732769175,0.075993461382231,0.1132302574595243,False,823651,1,final,2026-08-28T17:43:21.077345+00:00,4,2,6,-1.5,1.5,8.0,Loss,AWAY,0.075993461382231,-149.0,,1.5,8.0,0.1132302574595243,0.6438675732769175,Day,0.075_to_0.0999,minus_149_to_minus_125,1.0_to_1.9,5_to_9.9,0.10_to_0.1499,60_to_64.9,60_to_64.9,8.0_to_8.5,+1.5
9f95aca01eff5725132691732b38a03e,baseball,mlb,2026_03_28,09:10 PM,Los Angeles Dodgers,Arizona Diamondbacks,run_line,away,1.5,away_run_line,-107.0,0.5639374060063961,0.090981710685271,0.09735043043324,False,823973,1,final,2026-08-28T17:43:21.077345+00:00,3,2,5,-1.5,1.5,9.0,Win,AWAY,0.090981710685271,-107.0,,1.5,9.0,0.09735043043324,0.5639374060063961,Night,0.075_to_0.0999,minus_109_to_minus_101,1.0_to_1.9,5_to_9.9,0.05_to_0.0999,55_to_59.9,55_to_59.9,9.0_to_9.5,+1.5
c016bc529dccaa041545262bfb133323,baseball,mlb,2026_03_28,09:40 PM,Seattle Mariners,Cleveland Guardians,run_line,home,-1.5,home_run_line,119.0,0.532413858794152,0.165986350759193,0.1394843283690697,False,823161,1,final,2026-08-28T17:43:21.077345+00:00,5,6,11,-1.5,1.5,7.0,Loss,HOME,0.165986350759193,119.0,,-1.5,7.0,0.1394843283690697,0.532413858794152,Night,0.10_plus,plus_101_to_plus_125,1.0_to_1.9,5_to_9.9,0.10_to_0.1499,50_to_54.9,50_to_54.9,7.0_to_7.5,-1.5
e0d4956a76de96648305fd7ef0d96800,baseball,mlb,2026_03_28,07:15 PM,Atlanta Braves,Kansas City Royals,run_line,away,1.5,away_run_line,-166.0,0.6634631865216173,0.0631398049081337,0.1048120761475019,False,824945,1,final,2026-08-28T17:43:21.077345+00:00,6,2,8,-1.5,1.5,8.5,Loss,AWAY,0.0631398049081337,-166.0,,1.5,8.5,0.1048120761475019,0.6634631865216173,Night,0.05_to_0.0749,minus_199_to_minus_150,1.0_to_1.9,5_to_9.9,0.10_to_0.1499,65_to_69.9,65_to_69.9,8.5_to_9.0,+1.5
e4be161112d6550a383416acab9cc6cb,baseball,mlb,2026_03_28,07:15 PM,San Francisco Giants,New York Yankees,moneyline,away,,away_moneyline,-131.0,0.6139451803253616,0.0826056233218206,0.1082133665515851,False,823241,1,final,2026-08-28T17:43:21.077345+00:00,1,3,4,1.5,-1.5,8.5,Win,AWAY,0.0826056233218206,-131.0,-131.0,-1.5,8.5,0.1082133665515851,0.6139451803253616,Night,0.075_to_0.0999,minus_149_to_minus_125,1.0_to_1.9,5_to_9.9,0.10_to_0.1499,60_to_64.9,60_to_64.9,8.5_to_9.0,-1.5
1cc0a701f7797bb7a857a7b86d813bc3,baseball,mlb,2026_03_29,02:20 PM,Chicago Cubs,Washington Nationals,run_line,away,1.5,away_run_line,102.0,0.6428892055928002,0.2986361952974563,0.2927805836249572,False,824700,1,final,2026-08-28T17:43:21.077345+00:00,3,6,9,-1.5,1.5,9.5,Win,AWAY,0.2986361952974563,102.0,,1.5,9.5,0.2927805836249572,0.6428892055928002,Day,0.10_plus,plus_101_to_plus_125,1.0_to_1.9,5_to_9.9,0.20_plus,60_to_64.9,60_to_64.9,9.5_to_10.0,+1.5
24c5b56e3ca8ad6f391c82da33200b32,baseball,mlb,2026_03_29,02:10 PM,Milwaukee Brewers,Chicago White Sox,run_line,away,1.5,away_run_line,-149.0,0.6050296798583825,0.0110898676828001,0.0165239028473724,False,823810,1,final,2026-08-28T17:43:21.077345+00:00,9,7,16,-1.5,1.5,7.5,Loss,AWAY,0.0110898676828001,-149.0,,1.5,7.5,0.0165239028473724,0.6050296798583825,Day,0.01_to_0.0199,minus_149_to_minus_125,1.0_to_1.9,5_to_9.9,0.01_to_0.0199,60_to_64.9,60_to_64.9,7.5_to_8.0,+1.5
285b503fee35b6ef594efb5a51af4852,baseball,mlb,2026_03_29,01:35 PM,Philadelphia Phillies,Texas Rangers,run_line,away,1.5,away_run_line,-175.0,0.775602423269688,0.2188038079952239,0.3829066639916418,False,823487,1,final,2026-08-28T17:43:21.077345+00:00,3,8,11,-1.5,1.5,8.0,Win,AWAY,0.2188038079952239,-175.0,,1.5,8.0,0.3829066639916418,0.775602423269688,Day,0.10_plus,minus_199_to_minus_150,1.0_to_1.9,5_to_9.9,0.20_plus,75_to_79.9,75_to_79.9,8.0_to_8.5,+1.5
691a2e76d0dd8b75857aa006417cd71f,baseball,mlb,2026_03_29,07:20 PM,Seattle Mariners,Cleveland Guardians,run_line,home,-1.5,home_run_line,135.0,0.6024372712851082,0.4157275875200041,0.307946361125929,False,823160,1,final,2026-08-28T17:43:21.077345+00:00,8,0,8,-1.5,1.5,7.5,Win,HOME,0.4157275875200041,135.0,,-1.5,7.5,0.307946361125929,0.6024372712851082,Night,0.10_plus,plus_126_to_plus_150,1.0_to_1.9,5_to_9.9,0.20_plus,60_to_64.9,60_to_64.9,7.5_to_8.0,-1.5
7082df2b4cf69fb66b014bcf17e6e2d4,baseball,mlb,2026_03_29,02:15 PM,St Louis Cardinals,Tampa Bay Rays,run_line,home,1.5,home_run_line,-181.0,0.7903113296890807,0.226947423439954,0.4107748364263167,False,,,final,2026-08-28T17:43:21.077345+00:00,7,11,18,,,,Loss,HOME,0.226947423439954,-181.0,,,,0.4107748364263167,0.7903113296890807,Day,0.10_plus,minus_199_to_minus_150,UNBUCKETED,UNBUCKETED,0.20_plus,75_to_79.9,75_to_79.9,UNBUCKETED,UNBUCKETED
844d46d06a891478c7e9933444ef67f7,baseball,mlb,2026_03_29,01:37 PM,Toronto Blue Jays,Athletics,run_line,home,-1.5,home_run_line,123.0,0.5231969223251179,0.166729136785013,0.1355521437276528,False,,,final,2026-08-28T17:43:21.077345+00:00,5,2,7,,,,Win,HOME,0.166729136785013,123.0,,,,0.1355521437276528,0.5231969223251179,Day,0.10_plus,plus_101_to_plus_125,UNBUCKETED,UNBUCKETED,0.10_to_0.1499,50_to_54.9,50_to_54.9,UNBUCKETED,UNBUCKETED
8fe8daacad929f4573b3727c48c408a3,baseball,mlb,2026_03_29,01:35 PM,Baltimore Orioles,Minnesota Twins,run_line,away,1.5,away_run_line,-163.0,0.6349699736952041,0.0245221047965564,0.0399710308183868,False,824864,1,final,2026-08-28T17:43:21.077345+00:00,8,6,14,-1.5,1.5,9.0,Loss,AWAY,0.0245221047965564,-163.0,,1.5,9.0,0.0399710308183868,0.6349699736952041,Day,0.02_to_0.0299,minus_199_to_minus_150,1.0_to_1.9,5_to_9.9,0.03_to_0.0499,60_to_64.9,60_to_64.9,9.0_to_9.5,+1.5
8fe8daacad929f4573b3727c48c408a3,baseball,mlb,2026_03_29,01:35 PM,Baltimore Orioles,Minnesota Twins,total,over,9.0,over_total,100.0,0.5050775933626812,0.1384670264977681,0.1588492683686502,False,824864,1,final,2026-08-28T17:43:21.077345+00:00,8,6,14,-1.5,1.5,9.0,Win,OVER,0.1384670264977681,100.0,,,9.0,0.1588492683686502,0.5050775933626812,Day,0.10_plus,minus_100_to_plus_100,UNBUCKETED,5_to_9.9,0.15_to_0.1999,50_to_54.9,50_to_54.9,9.0_to_9.5,UNBUCKETED
b14a5b9c91da30ed32754a658ccd291a,baseball,mlb,2026_03_29,01:40 PM,Cincinnati Reds,Boston Red Sox,run_line,home,1.5,home_run_line,-142.0,0.7335839296606826,0.2501923308301774,0.355273109778852,False,824538,1,final,2026-08-28T17:43:21.077345+00:00,3,2,5,1.5,-1.5,8.0,Win,HOME,0.2501923308301774,-142.0,,1.5,8.0,0.355273109778852,0.7335839296606826,Day,0.10_plus,minus_149_to_minus_125,1.0_to_1.9,5_to_9.9,0.20_plus,70_to_74.9,70_to_74.9,8.0_to_8.5,+1.5
cba87f51d6aaf782f15d618c9783d976,baseball,mlb,2026_03_29,01:35 PM,Atlanta Braves,Kansas City Royals,run_line,away,1.5,away_run_line,-166.0,0.6569880233874976,0.0527639410908093,0.0875881422107436,False,824944,1,final,2026-08-28T17:43:21.077345+00:00,1,4,5,-1.5,1.5,8.0,Win,AWAY,0.0527639410908093,-166.0,,1.5,8.0,0.0875881422107436,0.6569880233874976,Day,0.05_to_0.0749,minus_199_to_minus_150,1.0_to_1.9,5_to_9.9,0.05_to_0.0999,65_to_69.9,65_to_69.9,8.0_to_8.5,+1.5
d9fde1830516f8d110396de3488df17b,baseball,mlb,2026_03_29,01:40 PM,Miami Marlins,Colorado Rockies,run_line,away,1.5,away_run_line,-135.0,0.6358036628144588,0.106769338973317,0.144138607613978,False,823891,1,final,2026-08-28T17:43:21.077345+00:00,4,3,7,-1.5,1.5,8.0,Win,AWAY,0.106769338973317,-135.0,,1.5,8.0,0.144138607613978,0.6358036628144588,Day,0.10_plus,minus_149_to_minus_125,1.0_to_1.9,5_to_9.9,0.10_to_0.1499,60_to_64.9,60_to_64.9,8.0_to_8.5,+1.5
efc716ec5ed02ff75164fec236e0d60b,baseball,mlb,2026_03_29,02:10 PM,Houston Astros,Los Angeles Angels,run_line,home,-1.5,home_run_line,119.0,0.5602112336035945,0.226862601591872,0.1906408416738419,False,824215,1,final,2026-08-28T17:43:21.077345+00:00,9,7,16,-1.5,1.5,8.5,Win,HOME,0.226862601591872,119.0,,-1.5,8.5,0.1906408416738419,0.5602112336035945,Day,0.10_plus,plus_101_to_plus_125,1.0_to_1.9,5_to_9.9,0.15_to_0.1999,55_to_59.9,55_to_59.9,8.5_to_9.0,-1.5
0ead2ddb81bd23c5cf3c8bf29237af4b,baseball,mlb,2026_03_30,07:07 PM,Toronto Blue Jays,Colorado Rockies,run_line,away,1.5,away_run_line,104.0,0.7464636632728288,0.5227858730765707,0.5026787241120871,False,822834,1,final,2026-08-28T17:43:21.077345+00:00,5,14,19,-1.5,1.5,8.5,Win,AWAY,0.5227858730765707,104.0,,1.5,8.5,0.5026787241120871,0.7464636632728288,Night,0.10_plus,plus_101_to_plus_125,1.0_to_1.9,5_to_9.9,0.20_plus,70_to_74.9,70_to_74.9,8.5_to_9.0,+1.5
1285603c30d60465769201640920f04e,baseball,mlb,2026_03_30,06:40 PM,Philadelphia Phillies,Washington Nationals,run_line,away,1.5,away_run_line,-142.0,0.6996597611912962,0.1923779028753076,0.2731766220829368,False,823484,1,final,2026-08-28T17:43:21.077345+00:00,2,13,15,-1.5,1.5,9.0,Win,AWAY,0.1923779028753076,-142.0,,1.5,9.0,0.2731766220829368,0.6996597611912962,Night,0.10_plus,minus_149_to_minus_125,1.0_to_1.9,5_to_9.9,0.20_plus,65_to_69.9,65_to_69.9,9.0_to_9.5,+1.5
24e5dec72a26c2b5304dda6d4fc9b9d4,baseball,mlb,2026_03_30,10:10 PM,Arizona Diamondbacks,Detroit Tigers,run_line,home,1.5,home_run_line,-181.0,0.7681571950599329,0.1925534354245366,0.3485217181184112,False,825108,1,final,2026-08-28T17:43:21.077345+00:00,9,6,15,1.5,-1.5,9.0,Win,HOME,0.1925534354245366,-181.0,,1.5,9.0,0.3485217181184112,0.7681571950599329,Night,0.10_plus,minus_199_to_minus_150,1.0_to_1.9,5_to_9.9,0.20_plus,75_to_79.9,75_to_79.9,9.0_to_9.5,+1.5
27331c71f78dcb268af96a5483952ca2,baseball,mlb,2026_03_30,09:40 PM,Seattle Mariners,New York Yankees,run_line,home,1.5,home_run_line,-181.0,0.7827493376797087,0.2152075352928073,0.3895256388799813,False,823159,1,final,2026-08-28T17:43:21.077345+00:00,2,1,3,1.5,-1.5,7.5,Win,HOME,0.2152075352928073,-181.0,,1.5,7.5,0.3895256388799813,0.7827493376797087,Night,0.10_plus,minus_199_to_minus_150,1.0_to_1.9,5_to_9.9,0.20_plus,75_to_79.9,75_to_79.9,7.5_to_8.0,+1.5
2f906e6f0a0b0f77103ad3de874d8d6c,baseball,mlb,2026_03_30,07:45 PM,St Louis Cardinals,New York Mets,run_line,home,1.5,home_run_line,-131.0,0.620387168163542,0.0939651591280776,0.1230943584577818,False,,,final,2026-08-28T17:43:21.077345+00:00,2,4,6,,,,Loss,HOME,0.0939651591280776,-131.0,,,,0.1230943584577818,0.620387168163542,Night,0.075_to_0.0999,minus_149_to_minus_125,UNBUCKETED,UNBUCKETED,0.10_to_0.1499,60_to_64.9,60_to_64.9,UNBUCKETED,UNBUCKETED
302b4128aeb5c50b679d20539e8816c4,baseball,mlb,2026_03_30,06:40 PM,Miami Marlins,Chicago White Sox,run_line,away,1.5,away_run_line,-181.0,0.6459187027222416,0.0027798644472369,0.0050315546494988,False,823890,1,final,2026-08-28T17:43:21.077345+00:00,4,9,13,-1.5,1.5,8.0,Win,AWAY,0.0027798644472369,-181.0,,1.5,8.0,0.0050315546494988,0.6459187027222416,Night,0.00_to_0.0099,minus_199_to_minus_150,1.0_to_1.9,5_to_9.9,0.001_to_0.0099,60_to_64.9,60_to_64.9,8.0_to_8.5,+1.5
4f499b3c97433774d26ebe998b1e9c54,baseball,mlb,2026_03_30,10:10 PM,Los Angeles Dodgers,Cleveland Guardians,run_line,away,1.5,away_run_line,-126.0,0.5968912942504709,0.0706145436556064,0.0889743250060642,False,823972,1,final,2026-08-28T17:43:21.077345+00:00,2,4,6,-1.5,1.5,8.5,Win,AWAY,0.0706145436556064,-126.0,,1.5,8.5,0.0889743250060642,0.5968912942504709,Night,0.05_to_0.0749,minus_149_to_minus_125,1.0_to_1.9,5_to_9.9,0.05_to_0.0999,55_to_59.9,55_to_59.9,8.5_to_9.0,+1.5
640970e11703be5ad9c5087e476eecc7,baseball,mlb,2026_03_30,06:35 PM,Baltimore Orioles,Texas Rangers,run_line,home,1.5,home_run_line,-188.0,0.6809587732093134,0.0431708866185227,0.0811612668428226,False,824863,1,final,2026-08-28T17:43:21.077345+00:00,2,5,7,1.5,-1.5,9.0,Loss,HOME,0.0431708866185227,-188.0,,1.5,9.0,0.0811612668428226,0.6809587732093134,Night,0.04_to_0.0499,minus_199_to_minus_150,1.0_to_1.9,5_to_9.9,0.05_to_0.0999,65_to_69.9,65_to_69.9,9.0_to_9.5,+1.5
7493ee494cdbb239513b5032bd1d2702,baseball,mlb,2026_03_30,04:10 PM,Kansas City Royals,Minnesota Twins,run_line,away,1.5,away_run_line,-149.0,0.6637900652834672,0.1092867533931767,0.1628372625558331,False,824135,1,final,2026-08-28T17:43:21.077345+00:00,3,1,4,-1.5,1.5,9.5,Loss,AWAY,0.1092867533931767,-149.0,,1.5,9.5,0.1628372625558331,0.6637900652834672,Day,0.10_plus,minus_149_to_minus_125,1.0_to_1.9,5_to_9.9,0.15_to_0.1999,65_to_69.9,65_to_69.9,9.5_to_10.0,+1.5
8cc66b3ce898ffcf08e40f6acbdb82d8,baseball,mlb,2026_03_30,07:15 PM,Atlanta Braves,Athletics,run_line,away,1.5,away_run_line,-163.0,0.6203171404001719,0.0008798032223633,0.0014340792524521,False,,,final,2026-08-28T17:43:21.077345+00:00,4,0,4,,,,Loss,AWAY,0.0008798032223633,-163.0,,,,0.0014340792524521,0.6203171404001719,Night,0.00_to_0.0099,minus_199_to_minus_150,UNBUCKETED,UNBUCKETED,0.001_to_0.0099,60_to_64.9,60_to_64.9,UNBUCKETED,UNBUCKETED
a482d9f2b799c59df8b639db5cce02e5,baseball,mlb,2026_03_30,08:10 PM,Houston Astros,Boston Red Sox,run_line,home,1.5,home_run_line,-166.0,0.8605983354222025,0.3790310676042523,0.6291915722230588,False,824214,1,final,2026-08-28T17:43:21.077345+00:00,8,1,9,1.5,-1.5,8.5,Win,HOME,0.3790310676042523,-166.0,,1.5,8.5,0.6291915722230588,0.8605983354222025,Night,0.10_plus,minus_199_to_minus_150,1.0_to_1.9,5_to_9.9,0.20_plus,80_plus,80_plus,8.5_to_9.0,+1.5
b9044eb7a2798e7b9c463104de35f476,baseball,mlb,2026_03_30,09:40 PM,San Diego Padres,San Francisco Giants,run_line,home,1.5,home_run_line,-185.0,0.7017264376974502,0.081038025642018,0.1499203474377332,False,823320,1,final,2026-08-28T17:43:21.077345+00:00,2,3,5,1.5,-1.5,8.5,Win,HOME,0.081038025642018,-185.0,,1.5,8.5,0.1499203474377332,0.7017264376974502,Night,0.075_to_0.0999,minus_199_to_minus_150,1.0_to_1.9,5_to_9.9,0.10_to_0.1499,70_to_74.9,70_to_74.9,8.5_to_9.0,+1.5
cb56684da584f70f8c48dec3ad5bdb7c,baseball,mlb,2026_03_30,07:40 PM,Chicago Cubs,Los Angeles Angels,run_line,home,-1.5,home_run_line,112.0,0.494784451989213,0.0489430382171316,0.0436991412652961,False,824702,1,final,2026-08-28T17:43:21.077345+00:00,7,2,9,-1.5,1.5,9.5,Win,HOME,0.0489430382171316,112.0,,-1.5,9.5,0.0436991412652961,0.494784451989213,Night,0.04_to_0.0499,plus_101_to_plus_125,1.0_to_1.9,5_to_9.9,0.03_to_0.0499,<50,<50,9.5_to_10.0,-1.5
023399264d3924b30aa040acd7837804,baseball,mlb,2026_03_31,07:15 PM,Atlanta Braves,Athletics,run_line,away,1.5,away_run_line,-163.0,0.6219985735140898,0.0035927903938994,0.0058562483420562,False,,,final,2026-08-28T17:43:21.077345+00:00,2,5,7,,,,Win,AWAY,0.0035927903938994,-163.0,,,,0.0058562483420562,0.6219985735140898,Night,0.00_to_0.0099,minus_199_to_minus_150,UNBUCKETED,UNBUCKETED,0.001_to_0.0099,60_to_64.9,60_to_64.9,UNBUCKETED,UNBUCKETED
293dc85524404aab44c5329de3f56664,baseball,mlb,2026_03_31,09:40 PM,San Diego Padres,San Francisco Giants,run_line,home,1.5,home_run_line,-149.0,0.7096252918690469,0.1858838770160582,0.2769669767539266,False,823322,1,final,2026-08-28T17:43:21.077345+00:00,3,9,12,1.5,-1.5,7.5,Loss,HOME,0.1858838770160582,-149.0,,1.5,7.5,0.2769669767539266,0.7096252918690469,Night,0.10_plus,minus_149_to_minus_125,1.0_to_1.9,5_to_9.9,0.20_plus,70_to_74.9,70_to_74.9,7.5_to_8.0,+1.5
3606100715aa7a59a44cebf83296c1ee,baseball,mlb,2026_03_31,10:10 PM,Los Angeles Dodgers,Cleveland Guardians,run_line,away,1.5,away_run_line,-107.0,0.569179143164831,0.1011222676179441,0.1082008263512002,False,823969,1,final,2026-08-28T17:43:21.077345+00:00,4,1,5,-1.5,1.5,8.0,Loss,AWAY,0.1011222676179441,-107.0,,1.5,8.0,0.1082008263512002,0.569179143164831,Night,0.10_plus,minus_109_to_minus_101,1.0_to_1.9,5_to_9.9,0.10_to_0.1499,55_to_59.9,55_to_59.9,8.0_to_8.5,+1.5
445445096cf76e57c1a9dee969e15995,baseball,mlb,2026_03_31,06:40 PM,Cincinnati Reds,Pittsburgh Pirates,run_line,home,1.5,home_run_line,-166.0,0.7833788338009335,0.2552937939219777,0.4237876979104832,False,824537,1,final,2026-08-28T17:43:21.077345+00:00,3,8,11,1.5,-1.5,9.0,Loss,HOME,0.2552937939219777,-166.0,,1.5,9.0,0.4237876979104832,0.7833788338009335,Night,0.10_plus,minus_199_to_minus_150,1.0_to_1.9,5_to_9.9,0.20_plus,75_to_79.9,75_to_79.9,9.0_to_9.5,+1.5
484bcc5bc25e0e38e25dcac48903ccea,baseball,mlb,2026_03_31,06:40 PM,Philadelphia Phillies,Washington Nationals,run_line,away,1.5,away_run_line,-135.0,0.6028195490981786,0.0493525484301626,0.0666259403807196,False,823485,1,final,2026-08-28T17:43:21.077345+00:00,3,2,5,-1.5,1.5,9.0,Win,AWAY,0.0493525484301626,-135.0,,1.5,9.0,0.0666259403807196,0.6028195490981786,Night,0.04_to_0.0499,minus_149_to_minus_125,1.0_to_1.9,5_to_9.9,0.05_to_0.0999,60_to_64.9,60_to_64.9,9.0_to_9.5,+1.5
5fa4f7bd1d1be2a30a40c0d7f653d9ff,baseball,mlb,2026_03_31,08:10 PM,Houston Astros,Boston Red Sox,run_line,home,-1.5,home_run_line,144.0,0.4865631792639439,0.1872141574040231,0.1300098315305715,False,824212,1,final,2026-08-28T17:43:21.077345+00:00,9,2,11,-1.5,1.5,7.5,Win,HOME,0.1872141574040231,144.0,,-1.5,7.5,0.1300098315305715,0.4865631792639439,Night,0.10_plus,plus_126_to_plus_150,1.0_to_1.9,5_to_9.9,0.10_to_0.1499,<50,<50,7.5_to_8.0,-1.5
85518e9fa7d88ada5c7ef6acc3fb06fc,baseball,mlb,2026_03_31,09:40 PM,Arizona Diamondbacks,Detroit Tigers,run_line,home,1.5,home_run_line,-181.0,0.7250315956665252,0.1256015380237214,0.2273387838229357,False,825107,1,final,2026-08-28T17:43:21.077345+00:00,7,5,12,1.5,-1.5,9.0,Win,HOME,0.1256015380237214,-181.0,,1.5,9.0,0.2273387838229357,0.7250315956665252,Night,0.10_plus,minus_199_to_minus_150,1.0_to_1.9,5_to_9.9,0.20_plus,70_to_74.9,70_to_74.9,9.0_to_9.5,+1.5
8d928227a51e9c7b63c36bcf0a8083f0,baseball,mlb,2026_03_31,09:40 PM,Seattle Mariners,New York Yankees,moneyline,away,,away_moneyline,-114.0,0.583139981562876,0.0946662811794341,0.1079195605445547,False,823158,1,final,2026-08-28T17:43:21.077345+00:00,0,5,5,1.5,-1.5,7.0,Win,AWAY,0.0946662811794341,-114.0,-114.0,-1.5,7.0,0.1079195605445547,0.583139981562876,Night,0.075_to_0.0999,minus_124_to_minus_110,1.0_to_1.9,5_to_9.9,0.10_to_0.1499,55_to_59.9,55_to_59.9,7.0_to_7.5,-1.5
a7ee9fc9ac1db47a494d6c4c39dfc4de,baseball,mlb,2026_03_31,06:35 PM,Baltimore Orioles,Texas Rangers,run_line,away,-1.5,away_run_line,135.0,0.4372905499126679,0.0276327922947696,0.0204687350331627,False,824861,1,final,2026-08-28T17:43:21.077345+00:00,5,8,13,1.5,-1.5,8.5,Win,AWAY,0.0276327922947696,135.0,,-1.5,8.5,0.0204687350331627,0.4372905499126679,Night,0.02_to_0.0299,plus_126_to_plus_150,1.0_to_1.9,5_to_9.9,0.02_to_0.0299,<50,<50,8.5_to_9.0,-1.5
b294b3f2eb02e42a436d439795c7f125,baseball,mlb,2026_03_31,07:45 PM,St Louis Cardinals,New York Mets,run_line,home,1.5,home_run_line,-117.0,0.686376193290875,0.2730225123429048,0.3194363394411986,False,,,final,2026-08-28T17:43:21.077345+00:00,3,0,3,,,,Win,HOME,0.2730225123429048,-117.0,,,,0.3194363394411986,0.686376193290875,Night,0.10_plus,minus_124_to_minus_110,UNBUCKETED,UNBUCKETED,0.20_plus,65_to_69.9,65_to_69.9,UNBUCKETED,UNBUCKETED
b724336c8a25a94c67ba0d63ea2c98a0,baseball,mlb,2026_03_31,07:07 PM,Toronto Blue Jays,Colorado Rockies,run_line,away,1.5,away_run_line,104.0,0.5117470336212473,0.0439639485873444,0.0422730274878312,False,822836,1,final,2026-08-28T17:43:21.077345+00:00,5,1,6,-1.5,1.5,8.5,Loss,AWAY,0.0439639485873444,104.0,,1.5,8.5,0.0422730274878312,0.5117470336212473,Night,0.04_to_0.0499,plus_101_to_plus_125,1.0_to_1.9,5_to_9.9,0.03_to_0.0499,50_to_54.9,50_to_54.9,8.5_to_9.0,+1.5
03100440c2d895c0a6ffd0e94af916a9,baseball,mlb,2026_04_01,03:40 PM,Arizona Diamondbacks,Detroit Tigers,run_line,home,1.5,home_run_line,-126.0,0.6448690783297768,0.1566699341470598,0.1974041170252954,False,825106,1,final,2026-08-28T17:43:21.077345+00:00,1,0,1,1.5,-1.5,7.5,Win,HOME,0.1566699341470598,-126.0,,1.5,7.5,0.1974041170252954,0.6448690783297768,Day,0.10_plus,minus_149_to_minus_125,1.0_to_1.9,5_to_9.9,0.15_to_0.1999,60_to_64.9,60_to_64.9,7.5_to_8.0,+1.5
0ab4430c93f4388372c2e69d5d140069,baseball,mlb,2026_04_01,12:40 PM,Cincinnati Reds,Pittsburgh Pirates,run_line,home,1.5,home_run_line,-120.0,0.6557657263492802,0.2022371649736802,0.2426845979684165,False,824536,1,final,2026-08-28T17:43:21.077345+00:00,3,8,11,1.5,-1.5,7.5,Loss,HOME,0.2022371649736802,-120.0,,1.5,7.5,0.2426845979684165,0.6557657263492802,Day,0.10_plus,minus_124_to_minus_110,1.0_to_1.9,5_to_9.9,0.20_plus,65_to_69.9,65_to_69.9,7.5_to_8.0,+1.5
24f243aa4931d665a39634650fab8767,baseball,mlb,2026_04_01,01:07 PM,Toronto Blue Jays,Colorado Rockies,run_line,away,1.5,away_run_line,108.0,0.6257780223532756,0.3016182864948133,0.2792761911989012,False,822835,1,final,2026-08-28T17:43:21.077345+00:00,1,2,3,-1.5,1.5,7.5,Win,AWAY,0.3016182864948133,108.0,,1.5,7.5,0.2792761911989012,0.6257780223532756,Day,0.10_plus,plus_101_to_plus_125,1.0_to_1.9,5_to_9.9,0.20_plus,60_to_64.9,60_to_64.9,7.5_to_8.0,+1.5
25b209388bb30aa144af568ffd0b3921,baseball,mlb,2026_04_01,04:10 PM,Seattle Mariners,New York Yankees,run_line,away,-1.5,away_run_line,158.0,0.3974777697205091,0.0254926458789135,0.0161345859993122,False,823157,1,final,2026-08-28T17:43:21.077345+00:00,3,5,8,1.5,-1.5,7.5,Win,AWAY,0.0254926458789135,158.0,,-1.5,7.5,0.0161345859993122,0.3974777697205091,Day,0.02_to_0.0299,plus_151_to_plus_200,1.0_to_1.9,5_to_9.9,0.01_to_0.0199,<50,<50,7.5_to_8.0,-1.5
25b209388bb30aa144af568ffd0b3921,baseball,mlb,2026_04_01,04:10 PM,Seattle Mariners,New York Yankees,total,over,7.5,over_total,102.0,0.6067974708366917,0.225730891090117,0.2213047951863893,False,823157,1,final,2026-08-28T17:43:21.077345+00:00,3,5,8,1.5,-1.5,7.5,Win,OVER,0.225730891090117,102.0,,,7.5,0.2213047951863893,0.6067974708366917,Day,0.10_plus,plus_101_to_plus_125,UNBUCKETED,5_to_9.9,0.20_plus,60_to_64.9,60_to_64.9,7.5_to_8.0,UNBUCKETED
321f53de67eea12b85a524534e30a5ba,baseball,mlb,2026_04_01,01:10 PM,Miami Marlins,Chicago White Sox,run_line,home,-1.5,home_run_line,141.0,0.5175202293944197,0.2472237528405514,0.1753359949223769,False,823889,1,final,2026-08-28T17:43:21.077345+00:00,10,0,10,-1.5,1.5,7.5,Win,HOME,0.2472237528405514,141.0,,-1.5,7.5,0.1753359949223769,0.5175202293944197,Day,0.10_plus,plus_126_to_plus_150,1.0_to_1.9,5_to_9.9,0.15_to_0.1999,50_to_54.9,50_to_54.9,7.5_to_8.0,-1.5
4dabf3c25d679f972f575c9dfd6f7c94,baseball,mlb,2026_04_01,12:35 PM,Baltimore Orioles,Texas Rangers,run_line,home,1.5,home_run_line,-175.0,0.7918986922092849,0.2444122306145906,0.4277214035755334,False,824860,1,final,2026-08-28T17:43:21.077345+00:00,8,3,11,1.5,-1.5,8.5,Win,HOME,0.2444122306145906,-175.0,,1.5,8.5,0.4277214035755334,0.7918986922092849,Day,0.10_plus,minus_199_to_minus_150,1.0_to_1.9,5_to_9.9,0.20_plus,75_to_79.9,75_to_79.9,8.5_to_9.0,+1.5
53d62d8a9267d511ebf7cd7fa665db9e,baseball,mlb,2026_04_01,01:05 PM,Philadelphia Phillies,Washington Nationals,run_line,away,1.5,away_run_line,102.0,0.7191978498439117,0.4527796566847015,0.4439016242006878,False,823483,1,final,2026-08-28T17:43:21.077345+00:00,6,5,11,-1.5,1.5,8.0,Win,AWAY,0.4527796566847015,102.0,,1.5,8.0,0.4439016242006878,0.7191978498439117,Day,0.10_plus,plus_101_to_plus_125,1.0_to_1.9,5_to_9.9,0.20_plus,70_to_74.9,70_to_74.9,8.0_to_8.5,+1.5
5fe99c93584b4bf570646386c809ec41,baseball,mlb,2026_04_01,02:20 PM,Chicago Cubs,Los Angeles Angels,run_line,home,-1.5,home_run_line,158.0,0.4310906233492546,0.1122138082410768,0.0710213976209347,False,824698,1,final,2026-08-28T17:43:21.077345+00:00,6,2,8,-1.5,1.5,6.5,Win,HOME,0.1122138082410768,158.0,,-1.5,6.5,0.0710213976209347,0.4310906233492546,Day,0.10_plus,plus_151_to_plus_200,1.0_to_1.9,5_to_9.9,0.05_to_0.0999,<50,<50,6.5_to_7.0,-1.5
6942f51396ca14022ebe5ceba3757999,baseball,mlb,2026_04_01,12:15 PM,Atlanta Braves,Athletics,run_line,away,1.5,away_run_line,-120.0,0.5820745364331055,0.06713665012736,0.0805639801528319,False,,,final,2026-08-28T17:43:21.077345+00:00,5,1,6,,,,Loss,AWAY,0.06713665012736,-120.0,,,,0.0805639801528319,0.5820745364331055,Day,0.05_to_0.0749,minus_124_to_minus_110,UNBUCKETED,UNBUCKETED,0.05_to_0.0999,55_to_59.9,55_to_59.9,UNBUCKETED,UNBUCKETED
6adbbe821c88271b3ccca51eb9d54dee,baseball,mlb,2026_04_01,01:40 PM,Milwaukee Brewers,Tampa Bay Rays,run_line,home,-1.5,home_run_line,152.0,0.4557824144222711,0.1485716843441231,0.0977445291737652,False,823806,1,final,2026-08-28T17:43:21.077345+00:00,8,2,10,-1.5,1.5,7.0,Win,HOME,0.1485716843441231,152.0,,-1.5,7.0,0.0977445291737652,0.4557824144222711,Day,0.10_plus,plus_151_to_plus_200,1.0_to_1.9,5_to_9.9,0.05_to_0.0999,<50,<50,7.0_to_7.5,-1.5
6e5e041ab28b3e4d10c68fb1fdd50a89,baseball,mlb,2026_04_01,04:10 PM,San Diego Padres,San Francisco Giants,run_line,home,-1.5,home_run_line,141.0,0.4542092100871844,0.0946441963101145,0.0671235434823506,False,823321,1,final,2026-08-28T17:43:21.077345+00:00,7,1,8,-1.5,1.5,8.0,Win,HOME,0.0946441963101145,141.0,,-1.5,8.0,0.0671235434823506,0.4542092100871844,Day,0.075_to_0.0999,plus_126_to_plus_150,1.0_to_1.9,5_to_9.9,0.05_to_0.0999,<50,<50,8.0_to_8.5,-1.5
7d8eb7e9ca4020fe2b949197c47e54a4,baseball,mlb,2026_04_01,02:10 PM,Houston Astros,Boston Red Sox,run_line,home,1.5,home_run_line,-142.0,0.6898922992300931,0.1757319465752289,0.2495393641368253,False,824211,1,final,2026-08-28T17:43:21.077345+00:00,6,4,10,1.5,-1.5,7.0,Win,HOME,0.1757319465752289,-142.0,,1.5,7.0,0.2495393641368253,0.6898922992300931,Day,0.10_plus,minus_149_to_minus_125,1.0_to_1.9,5_to_9.9,0.20_plus,65_to_69.9,65_to_69.9,7.0_to_7.5,+1.5
bdae690ae030bd8c713b1b5a3f21cfee,baseball,mlb,2026_04_01,02:15 PM,St Louis Cardinals,New York Mets,run_line,home,1.5,home_run_line,-117.0,0.7309070629176402,0.3556139543002388,0.4160683265312792,False,,,final,2026-08-28T17:43:21.077345+00:00,2,1,3,,,,Win,HOME,0.3556139543002388,-117.0,,,,0.4160683265312792,0.7309070629176402,Day,0.10_plus,minus_124_to_minus_110,UNBUCKETED,UNBUCKETED,0.20_plus,70_to_74.9,70_to_74.9,UNBUCKETED,UNBUCKETED
cc33d68ceec04cd9b09a8c631d7574a0,baseball,mlb,2026_04_01,07:40 PM,Kansas City Royals,Minnesota Twins,run_line,home,1.5,home_run_line,-163.0,0.8607134446906685,0.3887585027831031,0.6336763595364581,False,824136,1,final,2026-08-28T17:43:21.077345+00:00,13,9,22,1.5,-1.5,8.5,Win,HOME,0.3887585027831031,-163.0,,1.5,8.5,0.6336763595364581,0.8607134446906685,Night,0.10_plus,minus_199_to_minus_150,1.0_to_1.9,5_to_9.9,0.20_plus,80_plus,80_plus,8.5_to_9.0,+1.5
fd93ab95f0912b81f977d64ebcc5df42,baseball,mlb,2026_04_01,08:20 PM,Los Angeles Dodgers,Cleveland Guardians,run_line,away,1.5,away_run_line,100.0,0.5818197685656394,0.1636395371312788,0.1636395371312788,False,823970,1,final,2026-08-28T17:43:21.077345+00:00,1,4,5,-1.5,1.5,8.5,Win,AWAY,0.1636395371312788,100.0,,1.5,8.5,0.1636395371312788,0.5818197685656394,Night,0.10_plus,minus_100_to_plus_100,1.0_to_1.9,5_to_9.9,0.15_to_0.1999,55_to_59.9,55_to_59.9,8.5_to_9.0,+1.5
c7e9785b27cff0b87f132c7c63daea75,baseball,mlb,2026_04_02,09:45 PM,San Francisco Giants,New York Mets,run_line,home,1.5,home_run_line,-163.0,0.7235000624054564,0.167365131365859,0.2728051641263502,False,823242,1,final,2026-08-28T17:43:21.077345+00:00,7,2,9,1.5,-1.5,7.0,Win,HOME,0.167365131365859,-163.0,,1.5,7.0,0.2728051641263502,0.7235000624054564,Night,0.10_plus,minus_199_to_minus_150,1.0_to_1.9,5_to_9.9,0.20_plus,70_to_74.9,70_to_74.9,7.0_to_7.5,+1.5
e55dd97cbbe9b080f6059d380832d84f,baseball,mlb,2026_04_02,09:40 PM,Arizona Diamondbacks,Atlanta Braves,run_line,away,-1.5,away_run_line,129.0,0.5463465716734439,0.2511336491321865,0.1946772473892919,False,825105,1,final,2026-08-28T17:43:21.077345+00:00,2,17,19,1.5,-1.5,8.5,Win,AWAY,0.2511336491321865,129.0,,-1.5,8.5,0.1946772473892919,0.5463465716734439,Night,0.10_plus,plus_126_to_plus_150,1.0_to_1.9,5_to_9.9,0.15_to_0.1999,50_to_54.9,50_to_54.9,8.5_to_9.0,-1.5
02a4ac33822ef29632a98a54a26c6e72,baseball,mlb,2026_04_03,05:05 PM,Minnesota Twins,Tampa Bay Rays,run_line,home,1.5,home_run_line,-181.0,0.7444374278405782,0.1557288244375827,0.2818691722320247,False,823732,1,final,2026-08-28T17:43:21.077345+00:00,10,4,14,1.5,-1.5,7.5,Win,HOME,0.1557288244375827,-181.0,,1.5,7.5,0.2818691722320247,0.7444374278405782,Night,0.10_plus,minus_199_to_minus_150,1.0_to_1.9,5_to_9.9,0.20_plus,70_to_74.9,70_to_74.9,7.5_to_8.0,+1.5
0f9bae674791b2ef6540b6c885ca8d67,baseball,mlb,2026_04_03,01:05 PM,Washington Nationals,Los Angeles Dodgers,run_line,away,-1.5,away_run_line,-172.0,0.7662682019017375,0.2117729704492594,0.3642495091727261,False,822758,1,final,2026-08-28T17:43:21.077345+00:00,6,13,19,1.5,-1.5,9.0,Win,AWAY,0.2117729704492594,-172.0,,-1.5,9.0,0.3642495091727261,0.7662682019017375,Day,0.10_plus,minus_199_to_minus_150,1.0_to_1.9,5_to_9.9,0.20_plus,75_to_79.9,75_to_79.9,9.0_to_9.5,-1.5
292a9ce022187e0a27729ba402751e8c,baseball,mlb,2026_04_03,02:10 PM,Boston Red Sox,San Diego Padres,moneyline,away,,away_moneyline,102.0,0.5372451095628886,0.085235121317035,0.0835638444284657,False,824786,1,final,2026-08-28T17:43:21.077345+00:00,5,2,7,1.5,-1.5,9.0,Loss,AWAY,0.085235121317035,102.0,102.0,-1.5,9.0,0.0835638444284657,0.5372451095628886,Day,0.075_to_0.0999,plus_101_to_plus_125,1.0_to_1.9,5_to_9.9,0.05_to_0.0999,50_to_54.9,50_to_54.9,9.0_to_9.5,-1.5
2bb9ef2181cdb59b76492b604e5256d6,baseball,mlb,2026_04_03,01:35 PM,New York Yankees,Miami Marlins,run_line,away,1.5,away_run_line,-142.0,0.6707959496646205,0.1431874635129448,0.2033261981883816,False,823568,1,final,2026-08-28T17:43:21.077345+00:00,8,2,10,-1.5,1.5,7.5,Loss,AWAY,0.1431874635129448,-142.0,,1.5,7.5,0.2033261981883816,0.6707959496646205,Day,0.10_plus,minus_149_to_minus_125,1.0_to_1.9,5_to_9.9,0.20_plus,65_to_69.9,65_to_69.9,7.5_to_8.0,+1.5
79116c311ac42e78eb951ee46440d09f,baseball,mlb,2026_04_03,04:12 PM,Pittsburgh Pirates,Baltimore Orioles,run_line,home,1.5,home_run_line,-163.0,0.6878787294712679,0.1098902199444384,0.1791210585094347,False,823406,1,final,2026-08-28T17:43:21.077345+00:00,5,4,9,1.5,-1.5,8.5,Win,HOME,0.1098902199444384,-163.0,,1.5,8.5,0.1791210585094347,0.6878787294712679,Day,0.10_plus,minus_199_to_minus_150,1.0_to_1.9,5_to_9.9,0.15_to_0.1999,65_to_69.9,65_to_69.9,8.5_to_9.0,+1.5
86847e700f1f4f34225dc6187f7c1257,baseball,mlb,2026_04_03,02:10 PM,Chicago White Sox,Toronto Blue Jays,run_line,home,1.5,home_run_line,102.0,0.7364733658640418,0.4876761990453644,0.4781139206327102,False,824621,1,final,2026-08-28T17:43:21.077345+00:00,5,4,9,1.5,-1.5,7.5,Win,HOME,0.4876761990453644,102.0,,1.5,7.5,0.4781139206327102,0.7364733658640418,Day,0.10_plus,plus_101_to_plus_125,1.0_to_1.9,5_to_9.9,0.20_plus,70_to_74.9,70_to_74.9,7.5_to_8.0,+1.5
8f72c90df46c96451049020f8482d5c7,baseball,mlb,2026_04_03,04:05 PM,Texas Rangers,Cincinnati Reds,run_line,home,-1.5,home_run_line,129.0,0.4585241050500115,0.0500202005645262,0.0387753492748266,False,822919,1,final,2026-08-28T17:43:21.077345+00:00,3,5,8,-1.5,1.5,7.5,Loss,HOME,0.0500202005645262,129.0,,-1.5,7.5,0.0387753492748266,0.4585241050500115,Day,0.05_to_0.0749,plus_126_to_plus_150,1.0_to_1.9,5_to_9.9,0.03_to_0.0499,<50,<50,7.5_to_8.0,-1.5
9c1e11abdcd795ef8ff437128ea5e829,baseball,mlb,2026_04_03,04:10 PM,Cleveland Guardians,Chicago Cubs,run_line,home,1.5,home_run_line,-181.0,0.7347919892544137,0.1407544142568522,0.2547654898049024,False,824458,1,final,2026-08-28T17:43:21.077345+00:00,4,1,5,1.5,-1.5,8.0,Win,HOME,0.1407544142568522,-181.0,,1.5,8.0,0.2547654898049024,0.7347919892544137,Day,0.10_plus,minus_199_to_minus_150,1.0_to_1.9,5_to_9.9,0.20_plus,70_to_74.9,70_to_74.9,8.0_to_8.5,+1.5
c58c47a59e543a1a6aa0202a6ca69a25,baseball,mlb,2026_04_03,09:38 PM,Los Angeles Angels,Seattle Mariners,run_line,away,-1.5,away_run_line,104.0,0.492032687678728,0.0037466828646051,0.0036025796775049,False,824056,1,final,2026-08-28T17:43:21.077345+00:00,1,3,4,1.5,-1.5,8.0,Win,AWAY,0.0037466828646051,104.0,,-1.5,8.0,0.0036025796775049,0.492032687678728,Night,0.00_to_0.0099,plus_101_to_plus_125,1.0_to_1.9,5_to_9.9,0.001_to_0.0099,<50,<50,8.0_to_8.5,-1.5
d9a1b05c6ab0703ea7c26b6fc732451f,baseball,mlb,2026_04_03,10:15 PM,San Francisco Giants,New York Mets,run_line,home,1.5,home_run_line,-156.0,0.6153321087218142,0.0097757681588745,0.0152501983278442,False,823240,1,final,2026-08-28T17:43:21.077345+00:00,3,10,13,1.5,-1.5,7.5,Loss,HOME,0.0097757681588745,-156.0,,1.5,7.5,0.0152501983278442,0.6153321087218142,Night,0.00_to_0.0099,minus_199_to_minus_150,1.0_to_1.9,5_to_9.9,0.01_to_0.0199,60_to_64.9,60_to_64.9,7.5_to_8.0,+1.5
dcf384a7692bd7df83a96e49919f2dc0,baseball,mlb,2026_04_03,04:10 PM,Colorado Rockies,Philadelphia Phillies,run_line,away,-1.5,away_run_line,-131.0,0.6009590218030872,0.0597063666909398,0.0782153403651313,False,824377,1,final,2026-08-28T17:43:21.077345+00:00,1,10,11,1.5,-1.5,10.0,Win,AWAY,0.0597063666909398,-131.0,,-1.5,10.0,0.0782153403651313,0.6009590218030872,Day,0.05_to_0.0749,minus_149_to_minus_125,1.0_to_1.9,10_to_14.9,0.05_to_0.0999,60_to_64.9,60_to_64.9,10.0_to_10.5,-1.5
2c78d22f888a922842d18ab0938e9db4,baseball,mlb,2026_04_04,08:10 PM,Colorado Rockies,Philadelphia Phillies,run_line,home,1.5,home_run_line,129.0,0.5567064676572906,0.2748578109351955,0.2130680704923995,False,824378,1,final,2026-08-24T17:45:59.953030+00:00,1,2,3,1.5,-1.5,10.0,Win,HOME,0.2748578109351955,129.0,,1.5,10.0,0.2130680704923995,0.5567064676572906,Night,0.10_plus,plus_126_to_plus_150,1.0_to_1.9,10_to_14.9,0.20_plus,55_to_59.9,55_to_59.9,10.0_to_10.5,+1.5
2f55ab2592008c576ce6bba0557199d8,baseball,mlb,2026_04_04,01:10 PM,Detroit Tigers,St Louis Cardinals,run_line,away,1.5,away_run_line,-163.0,0.6837918560819274,0.1032960622671588,0.168372581495469,False,824295,1,final,2026-08-24T17:45:59.953030+00:00,11,6,17,,,,Loss,AWAY,0.1032960622671588,-163.0,,,,0.168372581495469,0.6837918560819274,Day,0.10_plus,minus_199_to_minus_150,UNBUCKETED,UNBUCKETED,0.15_to_0.1999,65_to_69.9,65_to_69.9,UNBUCKETED,UNBUCKETED
312f9e53b1d64ed1a38adc48dd3b1ce7,baseball,mlb,2026_04_04,07:15 PM,Arizona Diamondbacks,Atlanta Braves,run_line,away,-1.5,away_run_line,152.0,0.4271631197449573,0.0764510617572924,0.0502967511561133,False,825104,1,final,2026-08-24T17:45:59.953030+00:00,2,1,3,1.5,-1.5,9.5,Loss,AWAY,0.0764510617572924,152.0,,-1.5,9.5,0.0502967511561133,0.4271631197449573,Night,0.075_to_0.0999,plus_151_to_plus_200,1.0_to_1.9,5_to_9.9,0.05_to_0.0999,<50,<50,9.5_to_10.0,-1.5
312f9e53b1d64ed1a38adc48dd3b1ce7,baseball,mlb,2026_04_04,07:15 PM,Arizona Diamondbacks,Atlanta Braves,total,under,9.5,under_total,-109.0,0.7385147184567146,0.416051157407829,0.4534957615745336,False,825104,1,final,2026-08-24T17:45:59.953030+00:00,2,1,3,1.5,-1.5,9.5,Win,UNDER,0.416051157407829,-109.0,,,9.5,0.4534957615745336,0.7385147184567146,Night,0.10_plus,minus_109_to_minus_101,UNBUCKETED,5_to_9.9,0.20_plus,70_to_74.9,70_to_74.9,9.5_to_10.0,UNBUCKETED
376d4054f0497d9efc59db45c18f76ae,baseball,mlb,2026_04_04,04:10 PM,Boston Red Sox,San Diego Padres,run_line,away,1.5,away_run_line,-175.0,0.7038705348126152,0.1060822689912524,0.1856439707346917,False,824782,1,final,2026-08-24T17:45:59.953030+00:00,2,3,5,-1.5,1.5,8.0,Win,AWAY,0.1060822689912524,-175.0,,1.5,8.0,0.1856439707346917,0.7038705348126152,Day,0.10_plus,minus_199_to_minus_150,1.0_to_1.9,5_to_9.9,0.15_to_0.1999,70_to_74.9,70_to_74.9,8.0_to_8.5,+1.5
415818bc74e8e550d87f1a25d6276e94,baseball,mlb,2026_04_04,09:05 PM,San Francisco Giants,New York Mets,run_line,home,1.5,home_run_line,-166.0,0.7171531944359317,0.1491731910840832,0.2476274971995783,False,823239,1,final,2026-08-24T17:45:59.953030+00:00,0,9,9,1.5,-1.5,7.5,Loss,HOME,0.1491731910840832,-166.0,,1.5,7.5,0.2476274971995783,0.7171531944359317,Night,0.10_plus,minus_199_to_minus_150,1.0_to_1.9,5_to_9.9,0.20_plus,70_to_74.9,70_to_74.9,7.5_to_8.0,+1.5
415818bc74e8e550d87f1a25d6276e94,baseball,mlb,2026_04_04,09:05 PM,San Francisco Giants,New York Mets,moneyline,home,,home_moneyline,102.0,0.5308386658091029,0.0722941049343879,0.070876573465086,False,823239,1,final,2026-08-24T17:45:59.953030+00:00,0,9,9,1.5,-1.5,7.5,Loss,HOME,0.0722941049343879,102.0,102.0,1.5,7.5,0.070876573465086,0.5308386658091029,Night,0.05_to_0.0749,plus_101_to_plus_125,1.0_to_1.9,5_to_9.9,0.05_to_0.0999,50_to_54.9,50_to_54.9,7.5_to_8.0,+1.5
41fa4cec7f51caff22b1eab7e4523008,baseball,mlb,2026_04_04,07:05 PM,New York Yankees,Miami Marlins,run_line,away,1.5,away_run_line,-135.0,0.6061210755076096,0.0550996499576907,0.0743845274428825,False,823569,1,final,2026-08-24T17:45:59.953030+00:00,9,7,16,-1.5,1.5,8.0,Loss,AWAY,0.0550996499576907,-135.0,,1.5,8.0,0.0743845274428825,0.6061210755076096,Night,0.05_to_0.0749,minus_149_to_minus_125,1.0_to_1.9,5_to_9.9,0.05_to_0.0999,60_to_64.9,60_to_64.9,8.0_to_8.5,+1.5
489e828d67b83a0f938e9fc1910929af,baseball,mlb,2026_04_04,02:10 PM,Chicago White Sox,Toronto Blue Jays,run_line,home,1.5,home_run_line,-109.0,0.7491301219871431,0.4364054632597516,0.4756819549531291,False,824622,1,final,2026-08-24T17:45:59.953030+00:00,6,3,9,1.5,-1.5,8.5,Win,HOME,0.4364054632597516,-109.0,,1.5,8.5,0.4756819549531291,0.7491301219871431,Day,0.10_plus,minus_109_to_minus_101,1.0_to_1.9,5_to_9.9,0.20_plus,70_to_74.9,70_to_74.9,8.5_to_9.0,+1.5
a17bc682d534fc4be2a0873853346c69,baseball,mlb,2026_04_04,09:38 PM,Los Angeles Angels,Seattle Mariners,run_line,home,1.5,home_run_line,-120.0,0.7669174055179985,0.4060152434496638,0.4872182921395965,False,824054,1,final,2026-08-24T17:45:59.953030+00:00,1,0,1,1.5,-1.5,9.5,Win,HOME,0.4060152434496638,-120.0,,1.5,9.5,0.4872182921395965,0.7669174055179985,Night,0.10_plus,minus_124_to_minus_110,1.0_to_1.9,5_to_9.9,0.20_plus,75_to_79.9,75_to_79.9,9.5_to_10.0,+1.5
aa08785add4f89977cb0595e43894b03,baseball,mlb,2026_04_04,07:10 PM,Minnesota Twins,Tampa Bay Rays,run_line,away,-1.5,away_run_line,152.0,0.4419242423980926,0.1136490908431933,0.0747691387126271,False,823730,1,final,2026-08-24T17:45:59.953030+00:00,1,7,8,1.5,-1.5,7.5,Win,AWAY,0.1136490908431933,152.0,,-1.5,7.5,0.0747691387126271,0.4419242423980926,Night,0.10_plus,plus_151_to_plus_200,1.0_to_1.9,5_to_9.9,0.05_to_0.0999,<50,<50,7.5_to_8.0,-1.5
b3e6bdc5fabee63ec7b5666bb48e3a9a,baseball,mlb,2026_04_04,07:10 PM,Kansas City Royals,Milwaukee Brewers,run_line,home,1.5,home_run_line,-188.0,0.7523035996161483,0.152465088773674,0.2866343668945072,False,824134,2,final,2026-08-24T17:45:59.953030+00:00,8,2,10,1.5,-1.5,8.0,Win,HOME,0.152465088773674,-188.0,,1.5,8.0,0.2866343668945072,0.7523035996161483,Night,0.10_plus,minus_199_to_minus_150,1.0_to_1.9,5_to_9.9,0.20_plus,75_to_79.9,75_to_79.9,8.0_to_8.5,+1.5
b8f46c3336a07f5da37ff815cf155d69,baseball,mlb,2026_04_04,07:05 PM,Texas Rangers,Cincinnati Reds,run_line,away,1.5,away_run_line,-172.0,0.7504487469006981,0.186756157889476,0.3212205915698988,False,822920,1,final,2026-08-24T17:45:59.953030+00:00,0,2,2,-1.5,1.5,8.0,Win,AWAY,0.186756157889476,-172.0,,1.5,8.0,0.3212205915698988,0.7504487469006981,Night,0.10_plus,minus_199_to_minus_150,1.0_to_1.9,5_to_9.9,0.20_plus,75_to_79.9,75_to_79.9,8.0_to_8.5,+1.5
bb76dc664e8c6ea5005c7c5328bb484f,baseball,mlb,2026_04_04,04:05 PM,Athletics,Houston Astros,run_line,away,-1.5,away_run_line,135.0,0.4713762849307138,0.1077342695871774,0.0798031626571684,False,825027,1,final,2026-08-24T17:45:59.953030+00:00,0,11,11,,,,Win,AWAY,0.1077342695871774,135.0,,,,0.0798031626571684,0.4713762849307138,Day,0.10_plus,plus_126_to_plus_150,UNBUCKETED,UNBUCKETED,0.05_to_0.0999,<50,<50,UNBUCKETED,UNBUCKETED
cb5d17981ace91c9c0c11d20c49ea047,baseball,mlb,2026_04_04,04:05 PM,Washington Nationals,Los Angeles Dodgers,run_line,away,-1.5,away_run_line,-175.0,0.7508074238266628,0.1798402374418986,0.3147204155233225,False,822757,1,final,2026-08-24T17:45:59.953030+00:00,5,10,15,1.5,-1.5,9.5,Win,AWAY,0.1798402374418986,-175.0,,-1.5,9.5,0.3147204155233225,0.7508074238266628,Day,0.10_plus,minus_199_to_minus_150,1.0_to_1.9,5_to_9.9,0.20_plus,75_to_79.9,75_to_79.9,9.5_to_10.0,-1.5
da18e0cacf2048f6b3e14df98e9a184c,baseball,mlb,2026_04_04,04:05 PM,Pittsburgh Pirates,Baltimore Orioles,run_line,home,1.5,home_run_line,-181.0,0.7330293883591585,0.1380180007122846,0.2498125812892354,False,823404,1,final,2026-08-24T17:45:59.953030+00:00,3,2,5,1.5,-1.5,8.5,Win,HOME,0.1380180007122846,-181.0,,1.5,8.5,0.2498125812892354,0.7330293883591585,Day,0.10_plus,minus_199_to_minus_150,1.0_to_1.9,5_to_9.9,0.20_plus,70_to_74.9,70_to_74.9,8.5_to_9.0,+1.5
11db8321335040098def7d046fc1e7fd,baseball,mlb,2026_04_05,03:45 PM,Washington Nationals,Los Angeles Dodgers,run_line,home,1.5,home_run_line,108.0,0.5781824760374943,0.2026195501579881,0.1876106945907297,False,822756,1,final,2026-08-28T17:43:21.077345+00:00,6,8,14,1.5,-1.5,9.0,Loss,HOME,0.2026195501579881,108.0,,1.5,9.0,0.1876106945907297,0.5781824760374943,Day,0.10_plus,plus_101_to_plus_125,1.0_to_1.9,5_to_9.9,0.15_to_0.1999,55_to_59.9,55_to_59.9,9.0_to_9.5,+1.5
29fe747229e417a970662db96f7b507a,baseball,mlb,2026_04_05,01:10 PM,Cleveland Guardians,Chicago Cubs,run_line,home,1.5,home_run_line,-149.0,0.6915220245121362,0.155630765795449,0.231889841035219,False,824459,1,final,2026-08-28T17:43:21.077345+00:00,0,1,1,1.5,-1.5,7.5,Win,HOME,0.155630765795449,-149.0,,1.5,7.5,0.231889841035219,0.6915220245121362,Day,0.10_plus,minus_149_to_minus_125,1.0_to_1.9,5_to_9.9,0.20_plus,65_to_69.9,65_to_69.9,7.5_to_8.0,+1.5
2b9ccede64dae0b4bcf9d3be43f46109,baseball,mlb,2026_04_05,01:35 PM,Pittsburgh Pirates,Baltimore Orioles,run_line,home,-1.5,home_run_line,152.0,0.4861923260066637,0.2252046615367924,0.1481609615373634,False,823405,1,final,2026-08-28T17:43:21.077345+00:00,8,2,10,-1.5,1.5,8.5,Win,HOME,0.2252046615367924,152.0,,-1.5,8.5,0.1481609615373634,0.4861923260066637,Day,0.10_plus,plus_151_to_plus_200,1.0_to_1.9,5_to_9.9,0.10_to_0.1499,<50,<50,8.5_to_9.0,-1.5
318f813f9377b7ebede8b485f5ebef63,baseball,mlb,2026_04_05,02:10 PM,Chicago White Sox,Toronto Blue Jays,run_line,home,1.5,home_run_line,-131.0,0.6386463828788662,0.1261627056871608,0.1652731444501808,False,824620,1,final,2026-08-28T17:43:21.077345+00:00,3,0,3,1.5,-1.5,8.0,Win,HOME,0.1261627056871608,-131.0,,1.5,8.0,0.1652731444501808,0.6386463828788662,Day,0.10_plus,minus_149_to_minus_125,1.0_to_1.9,5_to_9.9,0.15_to_0.1999,60_to_64.9,60_to_64.9,8.0_to_8.5,+1.5
4c267806bb7b5fed26df010d063685b8,baseball,mlb,2026_04_05,02:35 PM,Texas Rangers,Cincinnati Reds,run_line,away,1.5,away_run_line,-200.0,0.6705000852276903,0.0057501278415355,0.011500255683071,False,822917,1,final,2026-08-28T17:43:21.077345+00:00,1,2,3,-1.5,1.5,7.5,Win,AWAY,0.0057501278415355,-200.0,,1.5,7.5,0.011500255683071,0.6705000852276903,Day,0.00_to_0.0099,minus_200_or_lower,1.0_to_1.9,5_to_9.9,0.01_to_0.0199,65_to_69.9,65_to_69.9,7.5_to_8.0,+1.5
6713ad4fbeae608d336734ee11015eb2,baseball,mlb,2026_04_05,04:10 PM,Arizona Diamondbacks,Atlanta Braves,run_line,away,-1.5,away_run_line,139.0,0.4927581625339892,0.1776920084562341,0.1278359773066433,False,825102,1,final,2026-08-28T17:43:21.077345+00:00,6,5,11,1.5,-1.5,9.0,Loss,AWAY,0.1776920084562341,139.0,,-1.5,9.0,0.1278359773066433,0.4927581625339892,Day,0.10_plus,plus_126_to_plus_150,1.0_to_1.9,5_to_9.9,0.10_to_0.1499,<50,<50,9.0_to_9.5,-1.5
6cfb88cfd2f02bcfc42f9513be8da728,baseball,mlb,2026_04_05,05:10 PM,New York Yankees,Miami Marlins,run_line,away,1.5,away_run_line,108.0,0.6611692994200058,0.375232142793612,0.3474371692533444,False,823566,1,final,2026-08-28T17:43:21.077345+00:00,6,7,13,-1.5,1.5,8.0,Win,AWAY,0.375232142793612,108.0,,1.5,8.0,0.3474371692533444,0.6611692994200058,Night,0.10_plus,plus_101_to_plus_125,1.0_to_1.9,5_to_9.9,0.20_plus,65_to_69.9,65_to_69.9,8.0_to_8.5,+1.5
6e92e4380327a4202b28a449cec82e36,baseball,mlb,2026_04_05,02:10 PM,Kansas City Royals,Milwaukee Brewers,run_line,home,-1.5,home_run_line,163.0,0.401074501842047,0.0548259398445836,0.0336355459169223,False,824131,1,final,2026-08-28T17:43:21.077345+00:00,5,8,13,-1.5,1.5,7.5,Loss,HOME,0.0548259398445836,163.0,,-1.5,7.5,0.0336355459169223,0.401074501842047,Day,0.05_to_0.0749,plus_151_to_plus_200,1.0_to_1.9,5_to_9.9,0.03_to_0.0499,<50,<50,7.5_to_8.0,-1.5
91cb43db006ffd2bfb2bb937ec974414,baseball,mlb,2026_04_05,03:10 PM,Colorado Rockies,Philadelphia Phillies,run_line,home,1.5,home_run_line,-102.0,0.6551233058180108,0.297401056619982,0.3033490777523817,False,824379,1,final,2026-08-28T17:43:21.077345+00:00,4,1,5,1.5,-1.5,11.0,Win,HOME,0.297401056619982,-102.0,,1.5,11.0,0.3033490777523817,0.6551233058180108,Day,0.10_plus,minus_109_to_minus_101,1.0_to_1.9,10_to_14.9,0.20_plus,65_to_69.9,65_to_69.9,11.0_to_11.5,+1.5
a90501690931f0257555636a2bba3fbf,baseball,mlb,2026_04_05,01:35 PM,Boston Red Sox,San Diego Padres,run_line,away,1.5,away_run_line,-149.0,0.7071463557061605,0.1817412253076105,0.2707944257083395,False,824781,1,final,2026-08-28T17:43:21.077345+00:00,6,8,14,-1.5,1.5,9.0,Win,AWAY,0.1817412253076105,-149.0,,1.5,9.0,0.2707944257083395,0.7071463557061605,Day,0.10_plus,minus_149_to_minus_125,1.0_to_1.9,5_to_9.9,0.20_plus,70_to_74.9,70_to_74.9,9.0_to_9.5,+1.5
ac0a6ca9e9cf87ea71536972e31230cc,baseball,mlb,2026_04_05,04:05 PM,Athletics,Houston Astros,run_line,home,1.5,home_run_line,-149.0,0.6075131933216041,0.015240168705231,0.0227078513707942,False,,,final,2026-08-28T17:43:21.077345+00:00,12,10,22,,,,Win,HOME,0.015240168705231,-149.0,,,,0.0227078513707942,0.6075131933216041,Day,0.01_to_0.0199,minus_149_to_minus_125,UNBUCKETED,UNBUCKETED,0.02_to_0.0299,60_to_64.9,60_to_64.9,UNBUCKETED,UNBUCKETED
b58a8d0376af31bc90316319ce719acf,baseball,mlb,2026_04_05,04:30 PM,Cleveland Guardians,Chicago Cubs,run_line,home,1.5,home_run_line,-169.0,0.7765987331118639,0.2361246106928483,0.3990505920709138,False,824460,2,final,2026-08-28T17:43:21.077345+00:00,6,5,11,1.5,-1.5,7.5,Win,HOME,0.2361246106928483,-169.0,,1.5,7.5,0.3990505920709138,0.7765987331118639,Day,0.10_plus,minus_199_to_minus_150,1.0_to_1.9,5_to_9.9,0.20_plus,75_to_79.9,75_to_79.9,7.5_to_8.0,+1.5
f546541ad061224570d6c2508ff82661,baseball,mlb,2026_04_05,04:05 PM,San Francisco Giants,New York Mets,run_line,home,1.5,home_run_line,-204.0,0.705241558577888,0.0509482049395977,0.1039343380767793,False,823238,1,final,2026-08-28T17:43:21.077345+00:00,2,5,7,1.5,-1.5,7.0,Loss,HOME,0.0509482049395977,-204.0,,1.5,7.0,0.1039343380767793,0.705241558577888,Day,0.05_to_0.0749,minus_200_or_lower,1.0_to_1.9,5_to_9.9,0.10_to_0.1499,70_to_74.9,70_to_74.9,7.0_to_7.5,+1.5
f9328a738af71bb6fd039c0c537f6b09,baseball,mlb,2026_04_05,04:07 PM,Los Angeles Angels,Seattle Mariners,run_line,home,1.5,home_run_line,-112.0,0.6213138769823843,0.1760584100023701,0.1971854192026546,False,824053,1,final,2026-08-28T17:43:21.077345+00:00,8,7,15,1.5,-1.5,9.0,Win,HOME,0.1760584100023701,-112.0,,1.5,9.0,0.1971854192026546,0.6213138769823843,Day,0.10_plus,minus_124_to_minus_110,1.0_to_1.9,5_to_9.9,0.15_to_0.1999,60_to_64.9,60_to_64.9,9.0_to_9.5,+1.5
0bbb2fe84dad148ca7acd671cfd4278a,baseball,mlb,2026_04_06,09:38 PM,Los Angeles Angels,Atlanta Braves,run_line,home,1.5,home_run_line,-121.0,0.6723729436554287,0.2280530623789236,0.2759442054784974,False,824052,1,final,2026-08-28T17:43:21.077345+00:00,6,2,8,1.5,-1.5,7.5,Win,HOME,0.2280530623789236,-121.0,,1.5,7.5,0.2759442054784974,0.6723729436554287,Night,0.10_plus,minus_124_to_minus_110,1.0_to_1.9,5_to_9.9,0.20_plus,65_to_69.9,65_to_69.9,7.5_to_8.0,+1.5
48b9e30cc5595d9696cc12db0aef6114,baseball,mlb,2026_04_06,04:10 PM,Tampa Bay Rays,Chicago Cubs,run_line,home,1.5,home_run_line,-175.0,0.8219106350178134,0.2915738550279925,0.5102542462989867,False,823002,1,final,2026-08-28T17:43:21.077345+00:00,6,4,10,1.5,-1.5,8.0,Win,HOME,0.2915738550279925,-175.0,,1.5,8.0,0.5102542462989867,0.8219106350178134,Day,0.10_plus,minus_199_to_minus_150,1.0_to_1.9,5_to_9.9,0.20_plus,80_plus,80_plus,8.0_to_8.5,+1.5
5c34cdfbbae06991923848f910bcad7e,baseball,mlb,2026_04_06,07:07 PM,Toronto Blue Jays,Los Angeles Dodgers,run_line,away,-1.5,away_run_line,112.0,0.622049290937383,0.3187444967872521,0.2845933007029037,False,822832,1,final,2026-08-28T17:43:21.077345+00:00,2,14,16,1.5,-1.5,8.5,Win,AWAY,0.3187444967872521,112.0,,-1.5,8.5,0.2845933007029037,0.622049290937383,Night,0.10_plus,plus_101_to_plus_125,1.0_to_1.9,5_to_9.9,0.20_plus,60_to_64.9,60_to_64.9,8.5_to_9.0,-1.5
6852a6697b356bb6e8a0216138056714,baseball,mlb,2026_04_06,06:45 PM,Boston Red Sox,Milwaukee Brewers,run_line,home,1.5,home_run_line,-172.0,0.677251241576011,0.0710019634225291,0.1221233770867501,False,824783,1,final,2026-08-28T17:43:21.077345+00:00,6,8,14,1.5,-1.5,8.0,Loss,HOME,0.0710019634225291,-172.0,,1.5,8.0,0.1221233770867501,0.677251241576011,Night,0.05_to_0.0749,minus_199_to_minus_150,1.0_to_1.9,5_to_9.9,0.10_to_0.1499,65_to_69.9,65_to_69.9,8.0_to_8.5,+1.5
71afed60c85a1e206512b59088d8479f,baseball,mlb,2026_04_06,08:05 PM,Texas Rangers,Seattle Mariners,run_line,home,1.5,home_run_line,-204.0,0.7359804929741212,0.0967552444320236,0.1973806986413283,False,822918,1,final,2026-08-28T17:43:21.077345+00:00,2,1,3,1.5,-1.5,7.5,Win,HOME,0.0967552444320236,-204.0,,1.5,7.5,0.1973806986413283,0.7359804929741212,Night,0.075_to_0.0999,minus_200_or_lower,1.0_to_1.9,5_to_9.9,0.15_to_0.1999,70_to_74.9,70_to_74.9,7.5_to_8.0,+1.5
7b162981e371aa40406814eda380bb75,baseball,mlb,2026_04_06,07:40 PM,Chicago White Sox,Baltimore Orioles,run_line,home,1.5,home_run_line,-135.0,0.747410051595303,0.301047126851083,0.4064136212489621,False,824619,1,final,2026-08-28T17:43:21.077345+00:00,1,2,3,1.5,-1.5,9.0,Win,HOME,0.301047126851083,-135.0,,1.5,9.0,0.4064136212489621,0.747410051595303,Night,0.10_plus,minus_149_to_minus_125,1.0_to_1.9,5_to_9.9,0.20_plus,70_to_74.9,70_to_74.9,9.0_to_9.5,+1.5
8638889acbe04188b2fcf40386691db5,baseball,mlb,2026_04_06,06:40 PM,Pittsburgh Pirates,San Diego Padres,run_line,away,1.5,away_run_line,-185.0,0.6952427009491012,0.0710495663269938,0.1314416977049385,False,823401,1,final,2026-08-28T17:43:21.077345+00:00,0,5,5,-1.5,1.5,8.5,Win,AWAY,0.0710495663269938,-185.0,,1.5,8.5,0.1314416977049385,0.6952427009491012,Night,0.05_to_0.0749,minus_199_to_minus_150,1.0_to_1.9,5_to_9.9,0.10_to_0.1499,65_to_69.9,65_to_69.9,8.5_to_9.0,+1.5
9587d8ccb994fa95ccf0d6ea51bb3393,baseball,mlb,2026_04_06,07:40 PM,Minnesota Twins,Detroit Tigers,run_line,home,-1.5,home_run_line,169.0,0.410657171424836,0.1046677911328088,0.0619336042205969,False,823728,1,final,2026-08-28T17:43:21.077345+00:00,7,3,10,-1.5,1.5,7.0,Win,HOME,0.1046677911328088,169.0,,-1.5,7.0,0.0619336042205969,0.410657171424836,Night,0.10_plus,plus_151_to_plus_200,1.0_to_1.9,5_to_9.9,0.05_to_0.0999,<50,<50,7.0_to_7.5,-1.5
990a59a7449ed13a05090cf52c0e8d90,baseball,mlb,2026_04_06,06:45 PM,Washington Nationals,St Louis Cardinals,run_line,home,1.5,home_run_line,-172.0,0.6970476208842942,0.1023078655844653,0.1759695288052802,False,,,final,2026-08-28T17:43:21.077345+00:00,9,6,15,,,,Win,HOME,0.1023078655844653,-172.0,,,,0.1759695288052802,0.6970476208842942,Night,0.10_plus,minus_199_to_minus_150,UNBUCKETED,UNBUCKETED,0.15_to_0.1999,65_to_69.9,65_to_69.9,UNBUCKETED,UNBUCKETED
c9b16007bef6e68c3d559ee080921941,baseball,mlb,2026_04_06,08:40 PM,Colorado Rockies,Houston Astros,run_line,home,1.5,home_run_line,100.0,0.5576005694336121,0.1152011388672242,0.1152011388672242,False,824376,1,final,2026-08-28T17:43:21.077345+00:00,9,7,16,1.5,-1.5,10.5,Win,HOME,0.1152011388672242,100.0,,1.5,10.5,0.1152011388672242,0.5576005694336121,Night,0.10_plus,minus_100_to_plus_100,1.0_to_1.9,10_to_14.9,0.10_to_0.1499,55_to_59.9,55_to_59.9,10.5_to_11.0,+1.5
e7bc40f9611b8baa6328e83959820910,baseball,mlb,2026_04_06,06:10 PM,Cleveland Guardians,Kansas City Royals,run_line,away,-1.5,away_run_line,162.0,0.3940213301653852,0.0323358850333093,0.0199604228600674,False,824456,1,final,2026-08-28T17:43:21.077345+00:00,2,4,6,1.5,-1.5,7.5,Win,AWAY,0.0323358850333093,162.0,,-1.5,7.5,0.0199604228600674,0.3940213301653852,Night,0.03_to_0.0399,plus_151_to_plus_200,1.0_to_1.9,5_to_9.9,0.01_to_0.0199,<50,<50,7.5_to_8.0,-1.5
e7bc40f9611b8baa6328e83959820910,baseball,mlb,2026_04_06,06:10 PM,Cleveland Guardians,Kansas City Royals,total,over,7.5,over_total,100.0,0.581328537842785,0.1626570756855701,0.1626570756855701,False,824456,1,final,2026-08-28T17:43:21.077345+00:00,2,4,6,1.5,-1.5,7.5,Loss,OVER,0.1626570756855701,100.0,,,7.5,0.1626570756855701,0.581328537842785,Night,0.10_plus,minus_100_to_plus_100,UNBUCKETED,5_to_9.9,0.15_to_0.1999,55_to_59.9,55_to_59.9,7.5_to_8.0,UNBUCKETED
e82a29b726b7958743405c67fec4b61a,baseball,mlb,2026_04_06,09:45 PM,San Francisco Giants,Philadelphia Phillies,run_line,home,1.5,home_run_line,-172.0,0.6740097745806686,0.0658759225926852,0.1133065868594186,False,823237,1,final,2026-08-28T17:43:21.077345+00:00,4,6,10,1.5,-1.5,8.0,Loss,HOME,0.0658759225926852,-172.0,,1.5,8.0,0.1133065868594186,0.6740097745806686,Night,0.05_to_0.0749,minus_199_to_minus_150,1.0_to_1.9,5_to_9.9,0.10_to_0.1499,65_to_69.9,65_to_69.9,8.0_to_8.5,+1.5
102415b79cd3e2bf336ad8c7792ba6a2,baseball,mlb,2026_04_07,07:05 PM,New York Yankees,Athletics,run_line,home,-1.5,home_run_line,102.0,0.6391993352710784,0.2911826572475784,0.2854731933799788,False,,,final,2026-08-28T17:43:21.077345+00:00,5,3,8,,,,Win,HOME,0.2911826572475784,102.0,,,,0.2854731933799788,0.6391993352710784,Night,0.10_plus,plus_101_to_plus_125,UNBUCKETED,UNBUCKETED,0.20_plus,60_to_64.9,60_to_64.9,UNBUCKETED,UNBUCKETED
180be1fd7e6956dee1a43586959cf909,baseball,mlb,2026_04_07,09:38 PM,Los Angeles Angels,Atlanta Braves,moneyline,away,,away_moneyline,-142.0,0.6422203000017174,0.0944881169043352,0.134173126004156,False,824051,1,final,2026-08-28T17:43:21.077345+00:00,2,7,9,1.5,-1.5,8.5,Win,AWAY,0.0944881169043352,-142.0,-142.0,-1.5,8.5,0.134173126004156,0.6422203000017174,Night,0.075_to_0.0999,minus_149_to_minus_125,1.0_to_1.9,5_to_9.9,0.10_to_0.1499,60_to_64.9,60_to_64.9,8.5_to_9.0,-1.5
1a5f8eab5c69c278ea5154ff16256884,baseball,mlb,2026_04_07,09:45 PM,San Francisco Giants,Philadelphia Phillies,run_line,home,1.5,home_run_line,-135.0,0.7659502915788013,0.3333208779334689,0.4499831852101831,False,823235,1,final,2026-08-28T17:43:21.077345+00:00,6,0,6,1.5,-1.5,7.0,Win,HOME,0.3333208779334689,-135.0,,1.5,7.0,0.4499831852101831,0.7659502915788013,Night,0.10_plus,minus_149_to_minus_125,1.0_to_1.9,5_to_9.9,0.20_plus,75_to_79.9,75_to_79.9,7.0_to_7.5,+1.5
1f445ebef3c39eb365683bafea3e03b5,baseball,mlb,2026_04_07,06:40 PM,Tampa Bay Rays,Chicago Cubs,run_line,away,1.5,away_run_line,-181.0,0.6463834259419043,0.0035013408269342,0.0063374268967511,False,822999,1,final,2026-08-28T17:43:21.077345+00:00,2,9,11,-1.5,1.5,7.5,Win,AWAY,0.0035013408269342,-181.0,,1.5,7.5,0.0063374268967511,0.6463834259419043,Night,0.00_to_0.0099,minus_199_to_minus_150,1.0_to_1.9,5_to_9.9,0.001_to_0.0099,60_to_64.9,60_to_64.9,7.5_to_8.0,+1.5
27c6eeeda2f37653edfab1288fc8d1db,baseball,mlb,2026_04_07,06:45 PM,Washington Nationals,St Louis Cardinals,run_line,home,1.5,home_run_line,-185.0,0.7368059045306953,0.1350793664391791,0.2498968279124815,False,,,final,2026-08-28T17:43:21.077345+00:00,6,7,13,,,,Win,HOME,0.1350793664391791,-185.0,,,,0.2498968279124815,0.7368059045306953,Night,0.10_plus,minus_199_to_minus_150,UNBUCKETED,UNBUCKETED,0.20_plus,70_to_74.9,70_to_74.9,UNBUCKETED,UNBUCKETED
2f6016ab5acb82146f38a5f9453224fa,baseball,mlb,2026_04_07,03:10 PM,Chicago White Sox,Baltimore Orioles,moneyline,away,,away_moneyline,-142.0,0.6439642677654955,0.0974602309806331,0.1383935279924991,False,824618,1,final,2026-08-28T17:43:21.077345+00:00,2,4,6,1.5,-1.5,7.0,Win,AWAY,0.0974602309806331,-142.0,-142.0,-1.5,7.0,0.1383935279924991,0.6439642677654955,Day,0.075_to_0.0999,minus_149_to_minus_125,1.0_to_1.9,5_to_9.9,0.10_to_0.1499,60_to_64.9,60_to_64.9,7.0_to_7.5,-1.5
34c5b69d9dd0d7d28dcc752eae1cf3ee,baseball,mlb,2026_04_07,08:05 PM,Texas Rangers,Seattle Mariners,run_line,home,1.5,home_run_line,-166.0,0.7450594428265632,0.1938904324811192,0.3218581179186581,False,822916,1,final,2026-08-28T17:43:21.077345+00:00,3,2,5,1.5,-1.5,7.5,Win,HOME,0.1938904324811192,-166.0,,1.5,7.5,0.3218581179186581,0.7450594428265632,Night,0.10_plus,minus_199_to_minus_150,1.0_to_1.9,5_to_9.9,0.20_plus,70_to_74.9,70_to_74.9,7.5_to_8.0,+1.5
60f04be9ddd5105e10aa2fb477a3258a,baseball,mlb,2026_04_07,04:10 PM,New York Mets,Arizona Diamondbacks,run_line,home,-1.5,home_run_line,139.0,0.4610331525518893,0.1018692345990155,0.0732872191359823,False,823648,1,final,2026-08-28T17:43:21.077345+00:00,4,3,7,-1.5,1.5,7.0,Loss,HOME,0.1018692345990155,139.0,,-1.5,7.0,0.0732872191359823,0.4610331525518893,Day,0.10_plus,plus_126_to_plus_150,1.0_to_1.9,5_to_9.9,0.05_to_0.0999,<50,<50,7.0_to_7.5,-1.5
6884c2daf73ff285509cbbcc3d531c93,baseball,mlb,2026_04_07,07:40 PM,Minnesota Twins,Detroit Tigers,run_line,home,1.5,home_run_line,-131.0,0.7267637026453111,0.2815451550463117,0.3688241531106685,False,823727,1,final,2026-08-28T17:43:21.077345+00:00,4,2,6,1.5,-1.5,6.5,Win,HOME,0.2815451550463117,-131.0,,1.5,6.5,0.3688241531106685,0.7267637026453111,Night,0.10_plus,minus_149_to_minus_125,1.0_to_1.9,5_to_9.9,0.20_plus,70_to_74.9,70_to_74.9,6.5_to_7.0,+1.5
737f5efdae425ee79614f3733ac854fc,baseball,mlb,2026_04_07,06:40 PM,Pittsburgh Pirates,San Diego Padres,run_line,home,-1.5,home_run_line,144.0,0.4355759606887486,0.0628053440805465,0.0436148222781573,False,823402,1,final,2026-08-28T17:43:21.077345+00:00,7,1,8,-1.5,1.5,6.5,Win,HOME,0.0628053440805465,144.0,,-1.5,6.5,0.0436148222781573,0.4355759606887486,Night,0.05_to_0.0749,plus_126_to_plus_150,1.0_to_1.9,5_to_9.9,0.03_to_0.0499,<50,<50,6.5_to_7.0,-1.5
96d192b9d73482f9d651313a2422fb78,baseball,mlb,2026_04_07,07:07 PM,Toronto Blue Jays,Los Angeles Dodgers,run_line,home,1.5,home_run_line,-131.0,0.6754940423053917,0.1911383494087439,0.2503912377254545,False,822831,1,final,2026-08-28T17:43:21.077345+00:00,1,4,5,1.5,-1.5,7.5,Loss,HOME,0.1911383494087439,-131.0,,1.5,7.5,0.2503912377254545,0.6754940423053917,Night,0.10_plus,minus_149_to_minus_125,1.0_to_1.9,5_to_9.9,0.20_plus,65_to_69.9,65_to_69.9,7.5_to_8.0,+1.5
a028589ce492c9027a1dcaf75f436276,baseball,mlb,2026_04_07,06:45 PM,Boston Red Sox,Milwaukee Brewers,total,over,7.0,over_total,100.0,0.4930932092517585,0.1313556283579204,0.1536627246844346,False,824780,1,final,2026-08-28T17:43:21.077345+00:00,3,2,5,-1.5,1.5,7.0,Loss,OVER,0.1313556283579204,100.0,,,7.0,0.1536627246844346,0.4930932092517585,Night,0.10_plus,minus_100_to_plus_100,UNBUCKETED,5_to_9.9,0.15_to_0.1999,<50,<50,7.0_to_7.5,UNBUCKETED
a8ff4cf1d716757bfb7db919dd280201,baseball,mlb,2026_04_07,08:40 PM,Colorado Rockies,Houston Astros,run_line,home,1.5,home_run_line,100.0,0.7095970057582446,0.4191940115164891,0.4191940115164891,False,824375,1,final,2026-08-28T17:43:21.077345+00:00,5,1,6,1.5,-1.5,10.5,Win,HOME,0.4191940115164891,100.0,,1.5,10.5,0.4191940115164891,0.7095970057582446,Night,0.10_plus,minus_100_to_plus_100,1.0_to_1.9,10_to_14.9,0.20_plus,70_to_74.9,70_to_74.9,10.5_to_11.0,+1.5
a8ff4cf1d716757bfb7db919dd280201,baseball,mlb,2026_04_07,08:40 PM,Colorado Rockies,Houston Astros,total,under,10.5,under_total,-107.0,0.7112633802013733,0.3759955112306943,0.4023151970168428,False,824375,1,final,2026-08-28T17:43:21.077345+00:00,5,1,6,1.5,-1.5,10.5,Win,UNDER,0.3759955112306943,-107.0,,,10.5,0.4023151970168428,0.7112633802013733,Night,0.10_plus,minus_109_to_minus_101,UNBUCKETED,10_to_14.9,0.20_plus,70_to_74.9,70_to_74.9,10.5_to_11.0,UNBUCKETED
cdbfd5e28cb2a7740714cfb069042ee5,baseball,mlb,2026_04_07,01:10 PM,Cleveland Guardians,Kansas City Royals,run_line,home,1.5,home_run_line,-200.0,0.7413362146299933,0.1120043219449899,0.2240086438899799,False,824457,1,final,2026-08-28T17:43:21.077345+00:00,2,1,3,1.5,-1.5,6.5,Win,HOME,0.1120043219449899,-200.0,,1.5,6.5,0.2240086438899799,0.7413362146299933,Day,0.10_plus,minus_200_or_lower,1.0_to_1.9,5_to_9.9,0.20_plus,70_to_74.9,70_to_74.9,6.5_to_7.0,+1.5
f30f9a55dc0c96a5bbfbcbd3e4f60344,baseball,mlb,2026_04_07,06:40 PM,Miami Marlins,Cincinnati Reds,run_line,away,1.5,away_run_line,-192.0,0.7522860215713365,0.1441016578064078,0.2766751829883029,False,823887,1,final,2026-08-28T17:43:21.077345+00:00,3,6,9,-1.5,1.5,7.0,Win,AWAY,0.1441016578064078,-192.0,,1.5,7.0,0.2766751829883029,0.7522860215713365,Night,0.10_plus,minus_199_to_minus_150,1.0_to_1.9,5_to_9.9,0.20_plus,75_to_79.9,75_to_79.9,7.0_to_7.5,+1.5
00d50aafe35c1d5cd48cc12b8dc26bbb,baseball,mlb,2026_04_08,03:10 PM,Colorado Rockies,Houston Astros,run_line,home,1.5,home_run_line,-109.0,0.7822617893927186,0.4999331558080568,0.544927139830782,False,824374,1,final,2026-08-28T17:43:21.077345+00:00,9,1,10,1.5,-1.5,11.5,Win,HOME,0.4999331558080568,-109.0,,1.5,11.5,0.544927139830782,0.7822617893927186,Day,0.10_plus,minus_109_to_minus_101,1.0_to_1.9,10_to_14.9,0.20_plus,75_to_79.9,75_to_79.9,11.5_to_12.0,+1.5
00d50aafe35c1d5cd48cc12b8dc26bbb,baseball,mlb,2026_04_08,03:10 PM,Colorado Rockies,Houston Astros,total,under,11.5,under_total,-114.0,0.7705678156358831,0.4465044960182368,0.5090151254607899,False,824374,1,final,2026-08-28T17:43:21.077345+00:00,9,1,10,1.5,-1.5,11.5,Win,UNDER,0.4465044960182368,-114.0,,,11.5,0.5090151254607899,0.7705678156358831,Day,0.10_plus,minus_124_to_minus_110,UNBUCKETED,10_to_14.9,0.20_plus,75_to_79.9,75_to_79.9,11.5_to_12.0,UNBUCKETED
15b87c6f572dbd799229c124977cd9cc,baseball,mlb,2026_04_08,02:10 PM,Chicago White Sox,Baltimore Orioles,run_line,home,1.5,home_run_line,-135.0,0.6844226192420464,0.1914023371991178,0.258393155218809,False,824617,1,final,2026-08-28T17:43:21.077345+00:00,3,5,8,1.5,-1.5,7.5,Loss,HOME,0.1914023371991178,-135.0,,1.5,7.5,0.258393155218809,0.6844226192420464,Day,0.10_plus,minus_149_to_minus_125,1.0_to_1.9,5_to_9.9,0.20_plus,65_to_69.9,65_to_69.9,7.5_to_8.0,+1.5
160de2c0d9ab7767e9268364d732e3a3,baseball,mlb,2026_04_08,01:10 PM,Cleveland Guardians,Kansas City Royals,run_line,home,1.5,home_run_line,-166.0,0.7723908672552597,0.2376865704210788,0.3945597068989909,False,824455,1,final,2026-08-28T17:43:21.077345+00:00,10,2,12,1.5,-1.5,7.0,Win,HOME,0.2376865704210788,-166.0,,1.5,7.0,0.3945597068989909,0.7723908672552597,Day,0.10_plus,minus_199_to_minus_150,1.0_to_1.9,5_to_9.9,0.20_plus,75_to_79.9,75_to_79.9,7.0_to_7.5,+1.5
2f7d7c64bfe4e6ab5864b9f70ae4ba1a,baseball,mlb,2026_04_08,06:40 PM,Tampa Bay Rays,Chicago Cubs,run_line,home,1.5,home_run_line,-181.0,0.7523016141457096,0.1679378650549414,0.3039675357494439,False,823000,1,final,2026-08-28T17:43:21.077345+00:00,2,6,8,1.5,-1.5,8.0,Loss,HOME,0.1679378650549414,-181.0,,1.5,8.0,0.3039675357494439,0.7523016141457096,Night,0.10_plus,minus_199_to_minus_150,1.0_to_1.9,5_to_9.9,0.20_plus,75_to_79.9,75_to_79.9,8.0_to_8.5,+1.5
3096b597fdfee7ae162b7e06d7b349db,baseball,mlb,2026_04_08,02:35 PM,Texas Rangers,Seattle Mariners,run_line,home,1.5,home_run_line,-163.0,0.7835873765629311,0.2643158284420299,0.4308348003605088,False,822915,1,final,2026-08-28T17:43:21.077345+00:00,3,0,3,1.5,-1.5,7.5,Win,HOME,0.2643158284420299,-163.0,,1.5,7.5,0.4308348003605088,0.7835873765629311,Day,0.10_plus,minus_199_to_minus_150,1.0_to_1.9,5_to_9.9,0.20_plus,75_to_79.9,75_to_79.9,7.5_to_8.0,+1.5
3905b085d9465ee22fdad2d16362cd7a,baseball,mlb,2026_04_08,07:40 PM,Minnesota Twins,Detroit Tigers,run_line,home,1.5,home_run_line,-135.0,0.7153153055802383,0.2451784948989332,0.3309909681135599,False,823726,1,final,2026-08-28T17:43:21.077345+00:00,8,6,14,1.5,-1.5,8.0,Win,HOME,0.2451784948989332,-135.0,,1.5,8.0,0.3309909681135599,0.7153153055802383,Night,0.10_plus,minus_149_to_minus_125,1.0_to_1.9,5_to_9.9,0.20_plus,70_to_74.9,70_to_74.9,8.0_to_8.5,+1.5
672bd33686c333c6153712db080ee8a9,baseball,mlb,2026_04_08,03:07 PM,Toronto Blue Jays,Los Angeles Dodgers,run_line,home,1.5,home_run_line,-121.0,0.7652381031986799,0.3976662876603991,0.4811762080690827,False,822833,1,final,2026-08-28T17:43:21.077345+00:00,4,3,7,1.5,-1.5,7.5,Win,HOME,0.3976662876603991,-121.0,,1.5,7.5,0.4811762080690827,0.7652381031986799,Day,0.10_plus,minus_124_to_minus_110,1.0_to_1.9,5_to_9.9,0.20_plus,75_to_79.9,75_to_79.9,7.5_to_8.0,+1.5
74300b0d6c081e81f663475a7fbc6023,baseball,mlb,2026_04_08,03:45 PM,San Francisco Giants,Philadelphia Phillies,run_line,home,1.5,home_run_line,-149.0,0.66014353744273,0.1031928914311393,0.1537574082323976,False,823234,1,final,2026-08-28T17:43:21.077345+00:00,5,0,5,1.5,-1.5,8.0,Win,HOME,0.1031928914311393,-149.0,,1.5,8.0,0.1537574082323976,0.66014353744273,Day,0.10_plus,minus_149_to_minus_125,1.0_to_1.9,5_to_9.9,0.15_to_0.1999,65_to_69.9,65_to_69.9,8.0_to_8.5,+1.5
b97b93f7e524bcb6df93185f3a28b91d,baseball,mlb,2026_04_08,07:05 PM,New York Yankees,Athletics,run_line,away,1.5,away_run_line,-126.0,0.665152527078168,0.1930513580925867,0.2432447111966595,False,,,final,2026-08-28T17:43:21.077345+00:00,2,3,5,,,,Win,AWAY,0.1930513580925867,-126.0,,,,0.2432447111966595,0.665152527078168,Night,0.10_plus,minus_149_to_minus_125,UNBUCKETED,UNBUCKETED,0.20_plus,65_to_69.9,65_to_69.9,UNBUCKETED,UNBUCKETED
d52d861ea5ed462b15486ffb7493bbc4,baseball,mlb,2026_04_08,12:35 PM,Pittsburgh Pirates,San Diego Padres,run_line,home,1.5,home_run_line,-181.0,0.6541137773132811,0.0155026045581878,0.0280597142503199,False,823403,1,final,2026-08-28T17:43:21.077345+00:00,2,8,10,1.5,-1.5,7.5,Loss,HOME,0.0155026045581878,-181.0,,1.5,7.5,0.0280597142503199,0.6541137773132811,Day,0.01_to_0.0199,minus_199_to_minus_150,1.0_to_1.9,5_to_9.9,0.02_to_0.0299,65_to_69.9,65_to_69.9,7.5_to_8.0,+1.5
d52d861ea5ed462b15486ffb7493bbc4,baseball,mlb,2026_04_08,12:35 PM,Pittsburgh Pirates,San Diego Padres,total,over,7.5,over_total,100.0,0.6154888370189664,0.2309776740379328,0.2309776740379328,False,823403,1,final,2026-08-28T17:43:21.077345+00:00,2,8,10,1.5,-1.5,7.5,Win,OVER,0.2309776740379328,100.0,,,7.5,0.2309776740379328,0.6154888370189664,Day,0.10_plus,minus_100_to_plus_100,UNBUCKETED,5_to_9.9,0.20_plus,60_to_64.9,60_to_64.9,7.5_to_8.0,UNBUCKETED
e82c967c1c766b4626e30f8560c26373,baseball,mlb,2026_04_08,04:07 PM,Los Angeles Angels,Atlanta Braves,run_line,away,-1.5,away_run_line,123.0,0.470598111709273,0.0494337891116787,0.0401900724485193,False,824050,1,final,2026-08-28T17:43:21.077345+00:00,2,8,10,1.5,-1.5,8.5,Win,AWAY,0.0494337891116787,123.0,,-1.5,8.5,0.0401900724485193,0.470598111709273,Day,0.04_to_0.0499,plus_101_to_plus_125,1.0_to_1.9,5_to_9.9,0.03_to_0.0499,<50,<50,8.5_to_9.0,-1.5
ed3937bc90189b707190e2ab6060520c,baseball,mlb,2026_04_08,01:35 PM,Boston Red Sox,Milwaukee Brewers,run_line,home,-1.5,home_run_line,152.0,0.4995381116667265,0.2588360414001509,0.1702868693422045,False,824779,1,final,2026-08-28T17:43:21.077345+00:00,5,0,5,-1.5,1.5,7.5,Win,HOME,0.2588360414001509,152.0,,-1.5,7.5,0.1702868693422045,0.4995381116667265,Day,0.10_plus,plus_151_to_plus_200,1.0_to_1.9,5_to_9.9,0.15_to_0.1999,<50,<50,7.5_to_8.0,-1.5
24a184f33e22a7efc5cc7c836d3b270a,baseball,mlb,2026_04_09,07:10 PM,New York Mets,Arizona Diamondbacks,run_line,away,1.5,away_run_line,-156.0,0.693153018792341,0.1374818769925596,0.214471728108393,False,823645,1,final,2026-08-28T17:43:21.077345+00:00,1,7,8,-1.5,1.5,7.0,Win,AWAY,0.1374818769925596,-156.0,,1.5,7.0,0.214471728108393,0.693153018792341,Night,0.10_plus,minus_199_to_minus_150,1.0_to_1.9,5_to_9.9,0.20_plus,65_to_69.9,65_to_69.9,7.0_to_7.5,+1.5
4a900f08d0a609bca4a6bda0d78e00a5,baseball,mlb,2026_04_09,01:40 PM,Minnesota Twins,Detroit Tigers,run_line,home,1.5,home_run_line,-149.0,0.7375854683436223,0.2326092726010868,0.3465878161756194,False,823724,1,final,2026-08-28T17:43:21.077345+00:00,3,1,4,1.5,-1.5,8.0,Win,HOME,0.2326092726010868,-149.0,,1.5,8.0,0.3465878161756194,0.7375854683436223,Day,0.10_plus,minus_149_to_minus_125,1.0_to_1.9,5_to_9.9,0.20_plus,70_to_74.9,70_to_74.9,8.0_to_8.5,+1.5
7852034521d5a37d9d67116eba334699,baseball,mlb,2026_04_09,12:10 PM,Miami Marlins,Cincinnati Reds,run_line,away,1.5,away_run_line,-192.0,0.7011716526939599,0.0663652218053976,0.1274212258663632,False,823884,1,final,2026-08-28T17:43:21.077345+00:00,8,1,9,-1.5,1.5,8.0,Loss,AWAY,0.0663652218053976,-192.0,,1.5,8.0,0.1274212258663632,0.7011716526939599,Day,0.05_to_0.0749,minus_199_to_minus_150,1.0_to_1.9,5_to_9.9,0.10_to_0.1499,70_to_74.9,70_to_74.9,8.0_to_8.5,+1.5
842973bf2205e8427934b84ebfa68898,baseball,mlb,2026_04_09,01:35 PM,New York Yankees,Athletics,run_line,away,1.5,away_run_line,-117.0,0.5542172678254917,0.0279072403259121,0.0326514711813171,False,,,final,2026-08-28T17:43:21.077345+00:00,0,1,1,,,,Win,AWAY,0.0279072403259121,-117.0,,,,0.0326514711813171,0.5542172678254917,Day,0.02_to_0.0299,minus_124_to_minus_110,UNBUCKETED,UNBUCKETED,0.03_to_0.0499,55_to_59.9,55_to_59.9,UNBUCKETED,UNBUCKETED
eef70c714ae56d35f8173ff025e0e8bd,baseball,mlb,2026_04_09,07:40 PM,Kansas City Royals,Chicago White Sox,run_line,away,1.5,away_run_line,-131.0,0.6771860923438582,0.1941220406979482,0.2542998733143123,False,824130,1,final,2026-08-28T17:43:21.077345+00:00,0,2,2,-1.5,1.5,9.5,Win,AWAY,0.1941220406979482,-131.0,,1.5,9.5,0.2542998733143123,0.6771860923438582,Night,0.10_plus,minus_149_to_minus_125,1.0_to_1.9,5_to_9.9,0.20_plus,65_to_69.9,65_to_69.9,9.5_to_10.0,+1.5
eef70c714ae56d35f8173ff025e0e8bd,baseball,mlb,2026_04_09,07:40 PM,Kansas City Royals,Chicago White Sox,total,under,9.5,under_total,-119.0,0.7848742313184622,0.444432408897002,0.5288745665874324,False,824130,1,final,2026-08-28T17:43:21.077345+00:00,0,2,2,-1.5,1.5,9.5,Win,UNDER,0.444432408897002,-119.0,,,9.5,0.5288745665874324,0.7848742313184622,Night,0.10_plus,minus_124_to_minus_110,UNBUCKETED,5_to_9.9,0.20_plus,75_to_79.9,75_to_79.9,9.5_to_10.0,UNBUCKETED
23f579057c07153cd0fc94f5986b5182,baseball,mlb,2026_04_10,06:40 PM,Philadelphia Phillies,Arizona Diamondbacks,run_line,away,1.5,away_run_line,-135.0,0.6940732975840176,0.2082016661647714,0.2810722493224413,False,823482,1,final,2026-08-28T17:43:21.077345+00:00,4,5,9,-1.5,1.5,8.5,Win,AWAY,0.2082016661647714,-135.0,,1.5,8.5,0.2810722493224413,0.6940732975840176,Night,0.10_plus,minus_149_to_minus_125,1.0_to_1.9,5_to_9.9,0.20_plus,65_to_69.9,65_to_69.9,8.5_to_9.0,+1.5
36591f5636cf3c3e62dda6b7e8fb3440,baseball,mlb,2026_04_10,08:15 PM,St Louis Cardinals,Boston Red Sox,run_line,home,1.5,home_run_line,-142.0,0.6484139022484028,0.1050434108740385,0.1491616434411347,False,,,final,2026-08-28T17:43:21.077345+00:00,3,2,5,,,,Win,HOME,0.1050434108740385,-142.0,,,,0.1491616434411347,0.6484139022484028,Night,0.10_plus,minus_149_to_minus_125,UNBUCKETED,UNBUCKETED,0.10_to_0.1499,60_to_64.9,60_to_64.9,UNBUCKETED,UNBUCKETED
39a0ae7c44c6cccf57ea26ef0948ff20,baseball,mlb,2026_04_10,07:10 PM,New York Mets,Athletics,run_line,away,1.5,away_run_line,-163.0,0.7135398864362483,0.1512944179922288,0.2466099013273331,False,,,final,2026-08-28T17:43:21.077345+00:00,0,4,4,,,,Win,AWAY,0.1512944179922288,-163.0,,,,0.2466099013273331,0.7135398864362483,Night,0.10_plus,minus_199_to_minus_150,UNBUCKETED,UNBUCKETED,0.20_plus,70_to_74.9,70_to_74.9,UNBUCKETED,UNBUCKETED
42e0046642eb115deabbf499117c8534,baseball,mlb,2026_04_10,06:40 PM,Detroit Tigers,Miami Marlins,run_line,home,-1.5,home_run_line,135.0,0.4693749196334961,0.1030310611387159,0.0763193045471969,False,824297,1,final,2026-08-28T17:43:21.077345+00:00,2,0,2,-1.5,1.5,8.5,Win,HOME,0.1030310611387159,135.0,,-1.5,8.5,0.0763193045471969,0.4693749196334961,Night,0.10_plus,plus_126_to_plus_150,1.0_to_1.9,5_to_9.9,0.05_to_0.0999,<50,<50,8.5_to_9.0,-1.5
59f40327564ee4d08604733d721958f5,baseball,mlb,2026_04_10,09:40 PM,San Diego Padres,Colorado Rockies,run_line,away,1.5,away_run_line,-135.0,0.6341330095538632,0.1038611647789471,0.1402125724515784,False,823318,1,final,2026-08-28T17:43:21.077345+00:00,5,2,7,-1.5,1.5,8.0,Loss,AWAY,0.1038611647789471,-135.0,,1.5,8.0,0.1402125724515784,0.6341330095538632,Night,0.10_plus,minus_149_to_minus_125,1.0_to_1.9,5_to_9.9,0.10_to_0.1499,60_to_64.9,60_to_64.9,8.0_to_8.5,+1.5
726827eb314c5b9295dc278e7a0ca37c,baseball,mlb,2026_04_10,07:15 PM,Atlanta Braves,Cleveland Guardians,run_line,home,-1.5,home_run_line,149.0,0.6050607531066019,0.506601275235439,0.3400008558627106,False,824941,1,final,2026-08-28T17:43:21.077345+00:00,11,5,16,-1.5,1.5,8.5,Win,HOME,0.506601275235439,149.0,,-1.5,8.5,0.3400008558627106,0.6050607531066019,Night,0.10_plus,plus_126_to_plus_150,1.0_to_1.9,5_to_9.9,0.20_plus,60_to_64.9,60_to_64.9,8.5_to_9.0,-1.5
8039217c4e7279df26ad2bbd8d8a3ca0,baseball,mlb,2026_04_10,06:45 PM,Cincinnati Reds,Los Angeles Angels,run_line,away,1.5,away_run_line,-131.0,0.6777100592467235,0.195045982335825,0.255510236859931,False,824534,1,final,2026-08-28T17:43:21.077345+00:00,2,10,12,-1.5,1.5,9.0,Win,AWAY,0.195045982335825,-131.0,,1.5,9.0,0.255510236859931,0.6777100592467235,Night,0.10_plus,minus_149_to_minus_125,1.0_to_1.9,5_to_9.9,0.20_plus,65_to_69.9,65_to_69.9,9.0_to_9.5,+1.5
a75e638966e5f1f6faed34c459043f44,baseball,mlb,2026_04_10,09:40 PM,Seattle Mariners,Houston Astros,run_line,away,1.5,away_run_line,-185.0,0.6845783071640001,0.054620635360757,0.1010481754174004,False,823156,1,final,2026-08-28T17:43:21.077345+00:00,9,6,15,-1.5,1.5,7.5,Loss,AWAY,0.054620635360757,-185.0,,1.5,7.5,0.1010481754174004,0.6845783071640001,Night,0.05_to_0.0749,minus_199_to_minus_150,1.0_to_1.9,5_to_9.9,0.10_to_0.1499,65_to_69.9,65_to_69.9,7.5_to_8.0,+1.5
a75e638966e5f1f6faed34c459043f44,baseball,mlb,2026_04_10,09:40 PM,Seattle Mariners,Houston Astros,moneyline,away,,away_moneyline,119.0,0.4954525413443545,0.0850410655441362,0.0714630802891901,False,823156,1,final,2026-08-28T17:43:21.077345+00:00,9,6,15,-1.5,1.5,7.5,Loss,AWAY,0.0850410655441362,119.0,119.0,1.5,7.5,0.0714630802891901,0.4954525413443545,Night,0.075_to_0.0999,plus_101_to_plus_125,1.0_to_1.9,5_to_9.9,0.05_to_0.0999,<50,<50,7.5_to_8.0,+1.5
af16b3a5b13ea6dff32c681b29262f9e,baseball,mlb,2026_04_10,07:40 PM,Kansas City Royals,Chicago White Sox,run_line,home,-1.5,home_run_line,123.0,0.4926620713326479,0.0986364190718047,0.0801922106274836,False,824128,1,final,2026-08-28T17:43:21.077345+00:00,2,0,2,-1.5,1.5,8.0,Win,HOME,0.0986364190718047,123.0,,-1.5,8.0,0.0801922106274836,0.4926620713326479,Night,0.075_to_0.0999,plus_101_to_plus_125,1.0_to_1.9,5_to_9.9,0.05_to_0.0999,<50,<50,8.0_to_8.5,-1.5
b8b97be2c6361ef8c7839ad60c57adc3,baseball,mlb,2026_04_10,07:10 PM,Tampa Bay Rays,New York Yankees,run_line,home,1.5,home_run_line,-135.0,0.8106705487274085,0.4111672514884519,0.55507578950941,False,822997,1,final,2026-08-28T17:43:21.077345+00:00,5,3,8,1.5,-1.5,8.0,Win,HOME,0.4111672514884519,-135.0,,1.5,8.0,0.55507578950941,0.8106705487274085,Night,0.10_plus,minus_149_to_minus_125,1.0_to_1.9,5_to_9.9,0.20_plus,80_plus,80_plus,8.0_to_8.5,+1.5
cba7f4f927e5e141eef8113b0ae66a4b,baseball,mlb,2026_04_10,07:40 PM,Milwaukee Brewers,Washington Nationals,run_line,away,1.5,away_run_line,-131.0,0.7181795209190611,0.2664081628420083,0.348994693323031,False,823808,1,final,2026-08-28T17:43:21.077345+00:00,3,7,10,-1.5,1.5,8.0,Win,AWAY,0.2664081628420083,-131.0,,1.5,8.0,0.348994693323031,0.7181795209190611,Night,0.10_plus,minus_149_to_minus_125,1.0_to_1.9,5_to_9.9,0.20_plus,70_to_74.9,70_to_74.9,8.0_to_8.5,+1.5
e346f0bf21a45185de1dcf8a928deedf,baseball,mlb,2026_04_10,10:10 PM,Los Angeles Dodgers,Texas Rangers,run_line,away,1.5,away_run_line,-105.0,0.6276607685609128,0.2254329290951153,0.2367045755498712,False,823968,1,final,2026-08-28T17:43:21.077345+00:00,8,7,15,-1.5,1.5,9.0,Win,AWAY,0.2254329290951153,-105.0,,1.5,9.0,0.2367045755498712,0.6276607685609128,Night,0.10_plus,minus_109_to_minus_101,1.0_to_1.9,5_to_9.9,0.20_plus,60_to_64.9,60_to_64.9,9.0_to_9.5,+1.5
fde5a00c9e07284677e2086060505663,baseball,mlb,2026_04_10,07:07 PM,Toronto Blue Jays,Minnesota Twins,run_line,home,-1.5,home_run_line,139.0,0.5986428857407761,0.4307564969204549,0.309896760374428,False,822829,1,final,2026-08-28T17:43:21.077345+00:00,10,4,14,-1.5,1.5,9.0,Win,HOME,0.4307564969204549,139.0,,-1.5,9.0,0.309896760374428,0.5986428857407761,Night,0.10_plus,plus_126_to_plus_150,1.0_to_1.9,5_to_9.9,0.20_plus,55_to_59.9,55_to_59.9,9.0_to_9.5,-1.5
07dae97a577c9f8fc2d464d68dfba8ed,baseball,mlb,2026_04_11,07:15 PM,Baltimore Orioles,San Francisco Giants,run_line,home,1.5,home_run_line,-166.0,0.6854609831647371,0.0983892862760245,0.1633262152182006,False,824857,1,final,2026-08-28T17:43:21.077345+00:00,6,2,8,1.5,-1.5,7.5,Win,HOME,0.0983892862760245,-166.0,,1.5,7.5,0.1633262152182006,0.6854609831647371,Night,0.075_to_0.0999,minus_199_to_minus_150,1.0_to_1.9,5_to_9.9,0.15_to_0.1999,65_to_69.9,65_to_69.9,7.5_to_8.0,+1.5
07dae97a577c9f8fc2d464d68dfba8ed,baseball,mlb,2026_04_11,07:15 PM,Baltimore Orioles,San Francisco Giants,total,over,7.5,over_total,100.0,0.5826567895788288,0.1653135791576577,0.1653135791576577,False,824857,1,final,2026-08-28T17:43:21.077345+00:00,6,2,8,1.5,-1.5,7.5,Win,OVER,0.1653135791576577,100.0,,,7.5,0.1653135791576577,0.5826567895788288,Night,0.10_plus,minus_100_to_plus_100,UNBUCKETED,5_to_9.9,0.15_to_0.1999,55_to_59.9,55_to_59.9,7.5_to_8.0,UNBUCKETED
0e8be2dcf9f09a0e06d78026cce411cc,baseball,mlb,2026_04_11,04:10 PM,Cincinnati Reds,Los Angeles Angels,run_line,home,-1.5,home_run_line,144.0,0.496498168249571,0.2114555305289531,0.1468441184228842,False,824535,1,final,2026-08-28T17:43:21.077345+00:00,7,3,10,-1.5,1.5,9.0,Win,HOME,0.2114555305289531,144.0,,-1.5,9.0,0.1468441184228842,0.496498168249571,Day,0.10_plus,plus_126_to_plus_150,1.0_to_1.9,5_to_9.9,0.10_to_0.1499,<50,<50,9.0_to_9.5,-1.5
5205127abeb3d8f956e9e3201fd85f68,baseball,mlb,2026_04_11,08:40 PM,San Diego Padres,Colorado Rockies,run_line,away,1.5,away_run_line,-156.0,0.627797338927865,0.0302315305482914,0.0471611876553344,False,823316,1,final,2026-08-28T17:43:21.077345+00:00,9,5,14,-1.5,1.5,8.5,Loss,AWAY,0.0302315305482914,-156.0,,1.5,8.5,0.0471611876553344,0.627797338927865,Night,0.03_to_0.0399,minus_199_to_minus_150,1.0_to_1.9,5_to_9.9,0.03_to_0.0499,60_to_64.9,60_to_64.9,8.5_to_9.0,+1.5
5242327588eadc6af4c8050a32d92f63,baseball,mlb,2026_04_11,07:15 PM,Atlanta Braves,Cleveland Guardians,run_line,home,1.5,home_run_line,-188.0,0.6669677128291472,0.021737772844651,0.0408670129479439,False,824939,1,final,2026-08-28T17:43:21.077345+00:00,0,6,6,1.5,-1.5,8.0,Loss,HOME,0.021737772844651,-188.0,,1.5,8.0,0.0408670129479439,0.6669677128291472,Night,0.02_to_0.0299,minus_199_to_minus_150,1.0_to_1.9,5_to_9.9,0.03_to_0.0499,65_to_69.9,65_to_69.9,8.0_to_8.5,+1.5
56e59f81876d8980be713a90fbef9a3d,baseball,mlb,2026_04_11,09:10 PM,Los Angeles Dodgers,Texas Rangers,run_line,away,1.5,away_run_line,-135.0,0.7026024553191021,0.2230487185184371,0.30111576999989,False,823967,1,final,2026-08-28T17:43:21.077345+00:00,6,3,9,-1.5,1.5,8.5,Loss,AWAY,0.2230487185184371,-135.0,,1.5,8.5,0.30111576999989,0.7026024553191021,Night,0.10_plus,minus_149_to_minus_125,1.0_to_1.9,5_to_9.9,0.20_plus,70_to_74.9,70_to_74.9,8.5_to_9.0,+1.5
760efdb51921a34fbd7c8547eafcb545,baseball,mlb,2026_04_11,07:10 PM,Milwaukee Brewers,Washington Nationals,run_line,home,-1.5,home_run_line,119.0,0.5159994481937203,0.1300387915442475,0.1092762954153341,False,823805,1,final,2026-08-28T17:43:21.077345+00:00,1,3,4,-1.5,1.5,8.0,Loss,HOME,0.1300387915442475,119.0,,-1.5,8.0,0.1092762954153341,0.5159994481937203,Night,0.10_plus,plus_101_to_plus_125,1.0_to_1.9,5_to_9.9,0.10_to_0.1499,50_to_54.9,50_to_54.9,8.0_to_8.5,-1.5
8d82bf3147f99fc93e30a28642eb19c1,baseball,mlb,2026_04_11,07:15 PM,St Louis Cardinals,Boston Red Sox,run_line,home,1.5,home_run_line,-142.0,0.737855488340499,0.2574720294253574,0.3656102817840075,False,,,final,2026-08-28T17:43:21.077345+00:00,1,7,8,,,,Loss,HOME,0.2574720294253574,-142.0,,,,0.3656102817840075,0.737855488340499,Night,0.10_plus,minus_149_to_minus_125,UNBUCKETED,UNBUCKETED,0.20_plus,70_to_74.9,70_to_74.9,UNBUCKETED,UNBUCKETED
a0e79d40ffa34443e7b94247edbd9363,baseball,mlb,2026_04_11,06:10 PM,Tampa Bay Rays,New York Yankees,run_line,home,1.5,home_run_line,-107.0,0.7423578597436126,0.4361502520273628,0.4666807696692781,False,822996,1,final,2026-08-28T17:43:21.077345+00:00,5,4,9,1.5,-1.5,7.5,Win,HOME,0.4361502520273628,-107.0,,1.5,7.5,0.4666807696692781,0.7423578597436126,Night,0.10_plus,minus_109_to_minus_101,1.0_to_1.9,5_to_9.9,0.20_plus,70_to_74.9,70_to_74.9,7.5_to_8.0,+1.5
a23f07d17eae739724cce22627234e9d,baseball,mlb,2026_04_11,01:10 PM,Detroit Tigers,Miami Marlins,run_line,home,-1.5,home_run_line,149.0,0.4431946305141419,0.1035546299802132,0.0694997516645727,False,824294,1,final,2026-08-28T17:43:21.077345+00:00,6,1,7,-1.5,1.5,7.5,Win,HOME,0.1035546299802132,149.0,,-1.5,7.5,0.0694997516645727,0.4431946305141419,Day,0.10_plus,plus_126_to_plus_150,1.0_to_1.9,5_to_9.9,0.05_to_0.0999,<50,<50,7.5_to_8.0,-1.5
ead7229cac20dbbe3dbf60560e0434bb,baseball,mlb,2026_04_11,09:40 PM,Seattle Mariners,Houston Astros,run_line,away,1.5,away_run_line,-175.0,0.7059887361545067,0.109410871099939,0.1914690244248935,False,823155,1,final,2026-08-28T17:43:21.077345+00:00,8,7,15,-1.5,1.5,7.5,Win,AWAY,0.109410871099939,-175.0,,1.5,7.5,0.1914690244248935,0.7059887361545067,Night,0.10_plus,minus_199_to_minus_150,1.0_to_1.9,5_to_9.9,0.15_to_0.1999,70_to_74.9,70_to_74.9,7.5_to_8.0,+1.5
ff2eed0425501f8822f495d136bacbb3,baseball,mlb,2026_04_11,04:10 PM,New York Mets,Athletics,run_line,home,-1.5,home_run_line,135.0,0.4435292900789217,0.0422938316854661,0.0313287642114563,False,,,final,2026-08-28T17:43:21.077345+00:00,6,11,17,,,,Loss,HOME,0.0422938316854661,135.0,,,,0.0313287642114563,0.4435292900789217,Day,0.04_to_0.0499,plus_126_to_plus_150,UNBUCKETED,UNBUCKETED,0.03_to_0.0499,<50,<50,UNBUCKETED,UNBUCKETED
09f98bac3897ce216acb197781ef8add,baseball,mlb,2026_04_12,01:40 PM,Tampa Bay Rays,New York Yankees,run_line,home,1.5,home_run_line,-142.0,0.6961830493135319,0.1864528023512304,0.2647629793387472,False,822998,1,final,2026-08-28T17:43:21.077345+00:00,5,4,9,1.5,-1.5,7.5,Win,HOME,0.1864528023512304,-142.0,,1.5,7.5,0.2647629793387472,0.6961830493135319,Day,0.10_plus,minus_149_to_minus_125,1.0_to_1.9,5_to_9.9,0.20_plus,65_to_69.9,65_to_69.9,7.5_to_8.0,+1.5
118a6e3080de70ad7b82922f6a69fc7c,baseball,mlb,2026_04_12,01:40 PM,Detroit Tigers,Miami Marlins,run_line,home,-1.5,home_run_line,112.0,0.5334242884155066,0.130859491440874,0.1168388316436375,False,824293,1,final,2026-08-28T17:43:21.077345+00:00,8,2,10,-1.5,1.5,6.5,Win,HOME,0.130859491440874,112.0,,-1.5,6.5,0.1168388316436375,0.5334242884155066,Day,0.10_plus,plus_101_to_plus_125,1.0_to_1.9,5_to_9.9,0.10_to_0.1499,50_to_54.9,50_to_54.9,6.5_to_7.0,-1.5
118a6e3080de70ad7b82922f6a69fc7c,baseball,mlb,2026_04_12,01:40 PM,Detroit Tigers,Miami Marlins,total,over,6.5,over_total,100.0,0.714376999556808,0.428753999113616,0.428753999113616,False,824293,1,final,2026-08-28T17:43:21.077345+00:00,8,2,10,-1.5,1.5,6.5,Win,OVER,0.428753999113616,100.0,,,6.5,0.428753999113616,0.714376999556808,Day,0.10_plus,minus_100_to_plus_100,UNBUCKETED,5_to_9.9,0.20_plus,70_to_74.9,70_to_74.9,6.5_to_7.0,UNBUCKETED
37a92ce7648fc0715c4a6411c5bcb637,baseball,mlb,2026_04_12,04:10 PM,San Diego Padres,Colorado Rockies,run_line,away,1.5,away_run_line,-117.0,0.5471103165276243,0.0147259716794401,0.0172293868649448,False,823317,1,final,2026-08-28T17:43:21.077345+00:00,7,2,9,-1.5,1.5,7.5,Loss,AWAY,0.0147259716794401,-117.0,,1.5,7.5,0.0172293868649448,0.5471103165276243,Day,0.01_to_0.0199,minus_124_to_minus_110,1.0_to_1.9,5_to_9.9,0.01_to_0.0199,50_to_54.9,50_to_54.9,7.5_to_8.0,+1.5
396adc6bdadc61665a790a130d131bec,baseball,mlb,2026_04_12,04:10 PM,Los Angeles Dodgers,Texas Rangers,run_line,away,1.5,away_run_line,-192.0,0.7534447144585893,0.145863836572438,0.2800585662190811,False,823966,1,final,2026-08-28T17:43:21.077345+00:00,2,5,7,-1.5,1.5,8.5,Win,AWAY,0.145863836572438,-192.0,,1.5,8.5,0.2800585662190811,0.7534447144585893,Day,0.10_plus,minus_199_to_minus_150,1.0_to_1.9,5_to_9.9,0.20_plus,75_to_79.9,75_to_79.9,8.5_to_9.0,+1.5
48ddab368fb44b8c7e5c7ef18e0ba99a,baseball,mlb,2026_04_12,02:20 PM,Chicago Cubs,Pittsburgh Pirates,run_line,away,1.5,away_run_line,-142.0,0.6515640355204528,0.1104119478587999,0.1567849659594958,False,824696,1,final,2026-08-28T17:43:21.077345+00:00,7,6,13,-1.5,1.5,12.5,Win,AWAY,0.1104119478587999,-142.0,,1.5,12.5,0.1567849659594958,0.6515640355204528,Day,0.10_plus,minus_149_to_minus_125,1.0_to_1.9,10_to_14.9,0.15_to_0.1999,65_to_69.9,65_to_69.9,12.5_to_13.0,+1.5
6656a7aa341ece1a4bb860481931621a,baseball,mlb,2026_04_12,04:10 PM,Seattle Mariners,Houston Astros,run_line,home,-1.5,home_run_line,141.0,0.468692462511295,0.1295488346522209,0.0918786061363268,False,823154,1,final,2026-08-28T17:43:21.077345+00:00,6,1,7,-1.5,1.5,8.0,Win,HOME,0.1295488346522209,141.0,,-1.5,8.0,0.0918786061363268,0.468692462511295,Day,0.10_plus,plus_126_to_plus_150,1.0_to_1.9,5_to_9.9,0.05_to_0.0999,<50,<50,8.0_to_8.5,-1.5
b078df49b4b246be7446b434bca64f28,baseball,mlb,2026_04_12,07:20 PM,Atlanta Braves,Cleveland Guardians,run_line,home,-1.5,home_run_line,112.0,0.5376121785359571,0.139737818496229,0.1247659093716331,False,824938,1,final,2026-08-28T17:43:21.077345+00:00,13,1,14,-1.5,1.5,7.5,Win,HOME,0.139737818496229,112.0,,-1.5,7.5,0.1247659093716331,0.5376121785359571,Night,0.10_plus,plus_101_to_plus_125,1.0_to_1.9,5_to_9.9,0.10_to_0.1499,50_to_54.9,50_to_54.9,7.5_to_8.0,-1.5
b438d512032c8841846d4e9f4b6a061b,baseball,mlb,2026_04_12,02:10 PM,Milwaukee Brewers,Washington Nationals,run_line,away,1.5,away_run_line,-131.0,0.7592592390927662,0.3388464445070913,0.4438888423042896,False,823804,1,final,2026-08-28T17:43:21.077345+00:00,6,8,14,-1.5,1.5,8.0,Win,AWAY,0.3388464445070913,-131.0,,1.5,8.0,0.4438888423042896,0.7592592390927662,Day,0.10_plus,minus_149_to_minus_125,1.0_to_1.9,5_to_9.9,0.20_plus,75_to_79.9,75_to_79.9,8.0_to_8.5,+1.5
b71115505615845619d9ea17e964e30f,baseball,mlb,2026_04_12,05:10 PM,Kansas City Royals,Chicago White Sox,run_line,away,1.5,away_run_line,-121.0,0.6892361482075454,0.2588527996187402,0.3132118875386755,False,824126,1,final,2026-08-28T17:43:21.077345+00:00,5,6,11,-1.5,1.5,9.0,Win,AWAY,0.2588527996187402,-121.0,,1.5,9.0,0.3132118875386755,0.6892361482075454,Night,0.10_plus,minus_124_to_minus_110,1.0_to_1.9,5_to_9.9,0.20_plus,65_to_69.9,65_to_69.9,9.0_to_9.5,+1.5
b83acf62bfc5d9a65fbea3ae78974c7b,baseball,mlb,2026_04_12,01:35 PM,Philadelphia Phillies,Arizona Diamondbacks,run_line,away,1.5,away_run_line,-172.0,0.6662829922185536,0.0536568249037592,0.0922897388344658,False,823479,1,final,2026-08-28T17:43:21.077345+00:00,3,4,7,-1.5,1.5,8.5,Win,AWAY,0.0536568249037592,-172.0,,1.5,8.5,0.0922897388344658,0.6662829922185536,Day,0.05_to_0.0749,minus_199_to_minus_150,1.0_to_1.9,5_to_9.9,0.05_to_0.0999,65_to_69.9,65_to_69.9,8.5_to_9.0,+1.5
bed40c80b9530acfcc89be0795309682,baseball,mlb,2026_04_12,02:15 PM,St Louis Cardinals,Boston Red Sox,run_line,home,1.5,home_run_line,-156.0,0.6917875344714701,0.1352410822095919,0.2109760882469634,False,,,final,2026-08-28T17:43:21.077345+00:00,3,9,12,,,,Loss,HOME,0.1352410822095919,-156.0,,,,0.2109760882469634,0.6917875344714701,Day,0.10_plus,minus_199_to_minus_150,UNBUCKETED,UNBUCKETED,0.20_plus,65_to_69.9,65_to_69.9,UNBUCKETED,UNBUCKETED
e2d6559de3f32042d39f5da40364950a,baseball,mlb,2026_04_12,01:35 PM,Baltimore Orioles,San Francisco Giants,run_line,away,1.5,away_run_line,-192.0,0.7467867927961376,0.1357382473774595,0.260617434964722,False,824859,1,final,2026-08-28T17:43:21.077345+00:00,6,2,8,-1.5,1.5,8.5,Loss,AWAY,0.1357382473774595,-192.0,,1.5,8.5,0.260617434964722,0.7467867927961376,Day,0.10_plus,minus_199_to_minus_150,1.0_to_1.9,5_to_9.9,0.20_plus,70_to_74.9,70_to_74.9,8.5_to_9.0,+1.5
f032258401e01dc5335139248b940efc,baseball,mlb,2026_04_12,01:40 PM,Cincinnati Reds,Los Angeles Angels,run_line,home,1.5,home_run_line,-188.0,0.7510811639378292,0.1505924213515681,0.2831137521409481,False,824533,1,final,2026-08-28T17:43:21.077345+00:00,6,9,15,1.5,-1.5,8.5,Loss,HOME,0.1505924213515681,-188.0,,1.5,8.5,0.2831137521409481,0.7510811639378292,Day,0.10_plus,minus_199_to_minus_150,1.0_to_1.9,5_to_9.9,0.20_plus,75_to_79.9,75_to_79.9,8.5_to_9.0,+1.5
41cfc5f9fbe204005b41506b477dbe2a,baseball,mlb,2026_04_13,07:05 PM,New York Yankees,Los Angeles Angels,run_line,away,1.5,away_run_line,-135.0,0.6525959668882174,0.1360003868054153,0.1836005221873109,False,823563,1,final,2026-08-28T17:43:21.077345+00:00,11,10,21,-1.5,1.5,9.0,Win,AWAY,0.1360003868054153,-135.0,,1.5,9.0,0.1836005221873109,0.6525959668882174,Night,0.10_plus,minus_149_to_minus_125,1.0_to_1.9,5_to_9.9,0.15_to_0.1999,65_to_69.9,65_to_69.9,9.0_to_9.5,+1.5
970acfb69adcb4bf8fc9ce89662aa43e,baseball,mlb,2026_04_13,07:45 PM,St Louis Cardinals,Cleveland Guardians,run_line,home,1.5,home_run_line,-172.0,0.6751697922225305,0.0677103690960947,0.116461834845283,False,,,final,2026-08-28T17:43:21.077345+00:00,3,9,12,,,,Loss,HOME,0.0677103690960947,-172.0,,,,0.116461834845283,0.6751697922225305,Night,0.05_to_0.0749,minus_199_to_minus_150,UNBUCKETED,UNBUCKETED,0.10_to_0.1499,65_to_69.9,65_to_69.9,UNBUCKETED,UNBUCKETED
a5f186ae13718f117194fdc34bae1f01,baseball,mlb,2026_04_13,09:40 PM,Athletics,Texas Rangers,run_line,home,1.5,home_run_line,-142.0,0.6660714709579986,0.1351358871256032,0.1918929597183565,False,,,final,2026-08-28T17:43:21.077345+00:00,1,8,9,,,,Loss,HOME,0.1351358871256032,-142.0,,,,0.1918929597183565,0.6660714709579986,Night,0.10_plus,minus_149_to_minus_125,UNBUCKETED,UNBUCKETED,0.15_to_0.1999,65_to_69.9,65_to_69.9,UNBUCKETED,UNBUCKETED
af4723d660204fd1fb7719261eb7f74b,baseball,mlb,2026_04_13,10:10 PM,Los Angeles Dodgers,New York Mets,run_line,away,1.5,away_run_line,-149.0,0.6026339961789843,0.0070863426078326,0.0105586504856708,False,823964,1,final,2026-08-28T17:43:21.077345+00:00,4,0,4,-1.5,1.5,9.0,Loss,AWAY,0.0070863426078326,-149.0,,1.5,9.0,0.0105586504856708,0.6026339961789843,Night,0.00_to_0.0099,minus_149_to_minus_125,1.0_to_1.9,5_to_9.9,0.01_to_0.0199,60_to_64.9,60_to_64.9,9.0_to_9.5,+1.5
d10f53a6fb57a00a4e08f7d5fe1d10de,baseball,mlb,2026_04_13,04:10 PM,Seattle Mariners,Houston Astros,run_line,home,-1.5,home_run_line,123.0,0.4705231814099031,0.049266694544084,0.0400542232065723,False,823153,1,final,2026-08-28T17:43:21.077345+00:00,6,2,8,-1.5,1.5,7.5,Win,HOME,0.049266694544084,123.0,,-1.5,7.5,0.0400542232065723,0.4705231814099031,Day,0.04_to_0.0499,plus_101_to_plus_125,1.0_to_1.9,5_to_9.9,0.03_to_0.0499,<50,<50,7.5_to_8.0,-1.5
d68d87788cfa956ebee8d3a758c79ff0,baseball,mlb,2026_04_13,07:40 PM,Minnesota Twins,Boston Red Sox,run_line,home,1.5,home_run_line,-126.0,0.7292084048244063,0.3079452340501254,0.3880109949031581,False,823725,1,final,2026-08-28T17:43:21.077345+00:00,13,6,19,1.5,-1.5,7.5,Win,HOME,0.3079452340501254,-126.0,,1.5,7.5,0.3880109949031581,0.7292084048244063,Night,0.10_plus,minus_149_to_minus_125,1.0_to_1.9,5_to_9.9,0.20_plus,70_to_74.9,70_to_74.9,7.5_to_8.0,+1.5
d68d87788cfa956ebee8d3a758c79ff0,baseball,mlb,2026_04_13,07:40 PM,Minnesota Twins,Boston Red Sox,total,over,7.5,over_total,102.0,0.7523831570859353,0.5198139773135892,0.5096215463858718,False,823725,1,final,2026-08-28T17:43:21.077345+00:00,13,6,19,1.5,-1.5,7.5,Win,OVER,0.5198139773135892,102.0,,,7.5,0.5096215463858718,0.7523831570859353,Night,0.10_plus,plus_101_to_plus_125,UNBUCKETED,5_to_9.9,0.20_plus,75_to_79.9,75_to_79.9,7.5_to_8.0,UNBUCKETED
dcb7f3b019ab5e225b354b9e8c2b291e,baseball,mlb,2026_04_13,06:40 PM,Philadelphia Phillies,Chicago Cubs,run_line,away,1.5,away_run_line,-135.0,0.5809489967226371,0.0112815868875535,0.0152301422981972,False,823481,1,final,2026-08-28T17:43:21.077345+00:00,13,7,20,-1.5,1.5,8.0,Loss,AWAY,0.0112815868875535,-135.0,,1.5,8.0,0.0152301422981972,0.5809489967226371,Night,0.01_to_0.0199,minus_149_to_minus_125,1.0_to_1.9,5_to_9.9,0.01_to_0.0199,55_to_59.9,55_to_59.9,8.0_to_8.5,+1.5
df0e15c1b18c2572248e1e6fa22b5271,baseball,mlb,2026_04_13,06:40 PM,Pittsburgh Pirates,Washington Nationals,run_line,home,-1.5,home_run_line,102.0,0.7557381769955469,0.5265911175310047,0.516265801500985,False,823400,1,final,2026-08-28T17:43:21.077345+00:00,16,5,21,-1.5,1.5,7.5,Win,HOME,0.5265911175310047,102.0,,-1.5,7.5,0.516265801500985,0.7557381769955469,Night,0.10_plus,plus_101_to_plus_125,1.0_to_1.9,5_to_9.9,0.20_plus,75_to_79.9,75_to_79.9,7.5_to_8.0,-1.5
df0e15c1b18c2572248e1e6fa22b5271,baseball,mlb,2026_04_13,06:40 PM,Pittsburgh Pirates,Washington Nationals,total,over,7.5,over_total,104.0,0.7966035463335894,0.6250712345205226,0.6010300331928103,False,823400,1,final,2026-08-28T17:43:21.077345+00:00,16,5,21,-1.5,1.5,7.5,Win,OVER,0.6250712345205226,104.0,,,7.5,0.6010300331928103,0.7966035463335894,Night,0.10_plus,plus_101_to_plus_125,UNBUCKETED,5_to_9.9,0.20_plus,75_to_79.9,75_to_79.9,7.5_to_8.0,UNBUCKETED
eb7b6453caa8162c84f45e9a1f779847,baseball,mlb,2026_04_13,07:15 PM,Atlanta Braves,Miami Marlins,run_line,home,-1.5,home_run_line,144.0,0.5008087923030652,0.221973453219479,0.154148231402416,False,824937,1,final,2026-08-28T17:43:21.077345+00:00,4,10,14,-1.5,1.5,8.0,Loss,HOME,0.221973453219479,144.0,,-1.5,8.0,0.154148231402416,0.5008087923030652,Night,0.10_plus,plus_126_to_plus_150,1.0_to_1.9,5_to_9.9,0.15_to_0.1999,50_to_54.9,50_to_54.9,8.0_to_8.5,-1.5
f0a7004057c75d3a27566a9cadac71de,baseball,mlb,2026_04_13,06:35 PM,Baltimore Orioles,Arizona Diamondbacks,run_line,away,1.5,away_run_line,-192.0,0.8062716306493929,0.2262047716126187,0.4343131614962275,False,824856,1,final,2026-08-28T17:43:21.077345+00:00,9,7,16,-1.5,1.5,8.5,Loss,AWAY,0.2262047716126187,-192.0,,1.5,8.5,0.4343131614962275,0.8062716306493929,Night,0.10_plus,minus_199_to_minus_150,1.0_to_1.9,5_to_9.9,0.20_plus,80_plus,80_plus,8.5_to_9.0,+1.5
385f86efd6c56a30190e6bb26a224fe6,baseball,mlb,2026_04_14,06:35 PM,Baltimore Orioles,Arizona Diamondbacks,run_line,away,1.5,away_run_line,-175.0,0.6768335050392926,0.0635955079188883,0.1112921388580547,False,824853,1,final,2026-08-28T17:43:21.077345+00:00,3,4,7,-1.5,1.5,8.5,Win,AWAY,0.0635955079188883,-175.0,,1.5,8.5,0.1112921388580547,0.6768335050392926,Night,0.05_to_0.0749,minus_199_to_minus_150,1.0_to_1.9,5_to_9.9,0.10_to_0.1499,65_to_69.9,65_to_69.9,8.5_to_9.0,+1.5
3de0bc35b00fae1cd6acfbadcf023411,baseball,mlb,2026_04_14,07:40 PM,Chicago White Sox,Tampa Bay Rays,run_line,home,1.5,home_run_line,-149.0,0.6940000836338434,0.1597719518444764,0.2380602082482698,False,824616,1,final,2026-08-28T17:43:21.077345+00:00,5,8,13,1.5,-1.5,7.5,Loss,HOME,0.1597719518444764,-149.0,,1.5,7.5,0.2380602082482698,0.6940000836338434,Night,0.10_plus,minus_149_to_minus_125,1.0_to_1.9,5_to_9.9,0.20_plus,65_to_69.9,65_to_69.9,7.5_to_8.0,+1.5
42f96d05fcb3bf3aefe7588b7e0de883,baseball,mlb,2026_04_14,06:40 PM,Philadelphia Phillies,Chicago Cubs,run_line,away,1.5,away_run_line,-166.0,0.8512823563442787,0.3641030529372178,0.6044110678757814,False,823478,1,final,2026-08-28T17:43:21.077345+00:00,4,10,14,-1.5,1.5,9.5,Win,AWAY,0.3641030529372178,-166.0,,1.5,9.5,0.6044110678757814,0.8512823563442787,Night,0.10_plus,minus_199_to_minus_150,1.0_to_1.9,5_to_9.9,0.20_plus,80_plus,80_plus,9.5_to_10.0,+1.5
441105a5d9e63b9467a1b49e493aff1f,baseball,mlb,2026_04_14,06:40 PM,Detroit Tigers,Kansas City Royals,run_line,home,1.5,home_run_line,-200.0,0.7855911595946111,0.1783867393919167,0.3567734787838333,False,824292,1,final,2026-08-28T17:43:21.077345+00:00,2,1,3,1.5,-1.5,7.5,Win,HOME,0.1783867393919167,-200.0,,1.5,7.5,0.3567734787838333,0.7855911595946111,Night,0.10_plus,minus_200_or_lower,1.0_to_1.9,5_to_9.9,0.20_plus,75_to_79.9,75_to_79.9,7.5_to_8.0,+1.5
4f93a0b7adae6d305b4095cc30172ed9,baseball,mlb,2026_04_14,09:40 PM,Athletics,Texas Rangers,run_line,away,-1.5,away_run_line,135.0,0.4275668212863521,0.0047820300229275,0.0035422444614278,False,,,final,2026-08-28T17:43:21.077345+00:00,2,1,3,,,,Loss,AWAY,0.0047820300229275,135.0,,,,0.0035422444614278,0.4275668212863521,Night,0.00_to_0.0099,plus_126_to_plus_150,UNBUCKETED,UNBUCKETED,0.001_to_0.0099,<50,<50,UNBUCKETED,UNBUCKETED
62e56fb8e25706db1f4b277d3dab18de,baseball,mlb,2026_04_14,07:40 PM,Minnesota Twins,Boston Red Sox,run_line,home,1.5,home_run_line,-142.0,0.7287843068726667,0.2420126919942629,0.3436580226318533,False,823723,1,final,2026-08-28T17:43:21.077345+00:00,6,0,6,1.5,-1.5,8.0,Win,HOME,0.2420126919942629,-142.0,,1.5,8.0,0.3436580226318533,0.7287843068726667,Night,0.10_plus,minus_149_to_minus_125,1.0_to_1.9,5_to_9.9,0.20_plus,70_to_74.9,70_to_74.9,8.0_to_8.5,+1.5
70099d392f8cdba638b5d8e7d6dce3e2,baseball,mlb,2026_04_14,09:40 PM,San Diego Padres,Seattle Mariners,run_line,home,1.5,home_run_line,-166.0,0.7223772551625303,0.1575442763447774,0.2615234987323304,False,823315,1,final,2026-08-28T17:43:21.077345+00:00,4,1,5,1.5,-1.5,7.0,Win,HOME,0.1575442763447774,-166.0,,1.5,7.0,0.2615234987323304,0.7223772551625303,Night,0.10_plus,minus_199_to_minus_150,1.0_to_1.9,5_to_9.9,0.20_plus,70_to_74.9,70_to_74.9,7.0_to_7.5,+1.5
9d2cb684d156eddca29c13df0d0bce22,baseball,mlb,2026_04_14,07:40 PM,Milwaukee Brewers,Toronto Blue Jays,run_line,home,1.5,home_run_line,-200.0,0.70275527297251,0.0541329094587648,0.1082658189175298,False,823802,1,final,2026-08-28T17:43:21.077345+00:00,7,9,16,1.5,-1.5,7.0,Loss,HOME,0.0541329094587648,-200.0,,1.5,7.0,0.1082658189175298,0.70275527297251,Night,0.05_to_0.0749,minus_200_or_lower,1.0_to_1.9,5_to_9.9,0.10_to_0.1499,70_to_74.9,70_to_74.9,7.0_to_7.5,+1.5
be2fbbe5b663cd7dc72d23031f2498ec,baseball,mlb,2026_04_14,07:15 PM,Atlanta Braves,Miami Marlins,run_line,home,-1.5,home_run_line,129.0,0.4485700148104272,0.0272253339158783,0.0211049100123087,False,824935,1,final,2026-08-28T17:43:21.077345+00:00,6,5,11,-1.5,1.5,8.5,Loss,HOME,0.0272253339158783,129.0,,-1.5,8.5,0.0211049100123087,0.4485700148104272,Night,0.02_to_0.0299,plus_126_to_plus_150,1.0_to_1.9,5_to_9.9,0.02_to_0.0299,<50,<50,8.5_to_9.0,-1.5
c0eef6d4f9ed3511fcfdb17153b8f0a3,baseball,mlb,2026_04_14,07:45 PM,St Louis Cardinals,Cleveland Guardians,run_line,away,-1.5,away_run_line,135.0,0.4612020972285504,0.0838249284870933,0.0620925396200692,False,,,final,2026-08-28T17:43:21.077345+00:00,6,5,11,,,,Loss,AWAY,0.0838249284870933,135.0,,,,0.0620925396200692,0.4612020972285504,Night,0.075_to_0.0999,plus_126_to_plus_150,UNBUCKETED,UNBUCKETED,0.05_to_0.0999,<50,<50,UNBUCKETED,UNBUCKETED
d5bcde6808790e2d31facdd85fadb43e,baseball,mlb,2026_04_14,06:55 PM,Pittsburgh Pirates,Washington Nationals,run_line,away,1.5,away_run_line,-131.0,0.6014573968624093,0.0605851807268436,0.0793665867521652,False,823398,1,final,2026-08-28T17:43:21.077345+00:00,4,5,9,-1.5,1.5,9.0,Win,AWAY,0.0605851807268436,-131.0,,1.5,9.0,0.0793665867521652,0.6014573968624093,Night,0.05_to_0.0749,minus_149_to_minus_125,1.0_to_1.9,5_to_9.9,0.05_to_0.0999,60_to_64.9,60_to_64.9,9.0_to_9.5,+1.5
e24b161253e29f8c9ef92e6906b29364,baseball,mlb,2026_04_14,07:05 PM,New York Yankees,Los Angeles Angels,run_line,away,1.5,away_run_line,-131.0,0.7990670887275152,0.4090419656187478,0.53584497496056,False,823562,1,final,2026-08-28T17:43:21.077345+00:00,1,7,8,-1.5,1.5,9.0,Win,AWAY,0.4090419656187478,-131.0,,1.5,9.0,0.53584497496056,0.7990670887275152,Night,0.10_plus,minus_149_to_minus_125,1.0_to_1.9,5_to_9.9,0.20_plus,75_to_79.9,75_to_79.9,9.0_to_9.5,+1.5
fb1c5d37a9a3812d5d1e0b5ab2f3e768,baseball,mlb,2026_04_14,06:40 PM,Cincinnati Reds,San Francisco Giants,run_line,home,1.5,home_run_line,-175.0,0.6677949649209681,0.0493920877329498,0.0864361535326623,False,824531,1,final,2026-08-28T17:43:21.077345+00:00,2,1,3,1.5,-1.5,9.0,Win,HOME,0.0493920877329498,-175.0,,1.5,9.0,0.0864361535326623,0.6677949649209681,Night,0.04_to_0.0499,minus_199_to_minus_150,1.0_to_1.9,5_to_9.9,0.05_to_0.0999,65_to_69.9,65_to_69.9,9.0_to_9.5,+1.5
0addbc8d6735535fe5cf8e6aa6c955e1,baseball,mlb,2026_04_15,08:10 PM,Houston Astros,Colorado Rockies,run_line,away,1.5,away_run_line,-131.0,0.6244977999458884,0.101213677767177,0.132589917875002,False,824209,1,final,2026-08-28T17:43:21.077345+00:00,3,1,4,-1.5,1.5,8.5,Loss,AWAY,0.101213677767177,-131.0,,1.5,8.5,0.132589917875002,0.6244977999458884,Night,0.10_plus,minus_149_to_minus_125,1.0_to_1.9,5_to_9.9,0.10_to_0.1499,60_to_64.9,60_to_64.9,8.5_to_9.0,+1.5
2e63bbfb5214a9cb7474c49a13d013d6,baseball,mlb,2026_04_15,07:15 PM,Atlanta Braves,Miami Marlins,run_line,home,-1.5,home_run_line,123.0,0.4634516064372701,0.0334970823551123,0.0272334002887092,False,824936,1,final,2026-08-28T17:43:21.077345+00:00,6,3,9,-1.5,1.5,9.0,Win,HOME,0.0334970823551123,123.0,,-1.5,9.0,0.0272334002887092,0.4634516064372701,Night,0.03_to_0.0399,plus_101_to_plus_125,1.0_to_1.9,5_to_9.9,0.02_to_0.0299,<50,<50,9.0_to_9.5,-1.5
30d1ac7c8c0a6c6b760667043f6569aa,baseball,mlb,2026_04_15,12:35 PM,Baltimore Orioles,Arizona Diamondbacks,run_line,away,1.5,away_run_line,-149.0,0.7243830639502264,0.2105461941181636,0.3137138292360638,False,824855,1,final,2026-08-28T17:43:21.077345+00:00,5,8,13,-1.5,1.5,9.0,Win,AWAY,0.2105461941181636,-149.0,,1.5,9.0,0.3137138292360638,0.7243830639502264,Day,0.10_plus,minus_149_to_minus_125,1.0_to_1.9,5_to_9.9,0.20_plus,70_to_74.9,70_to_74.9,9.0_to_9.5,+1.5
5dde1728cec88d86d8dbbaa27a572697,baseball,mlb,2026_04_15,06:40 PM,Cincinnati Reds,San Francisco Giants,run_line,home,1.5,home_run_line,-166.0,0.7605863411718952,0.2187708840465307,0.3631596675172411,False,824532,1,final,2026-08-28T17:43:21.077345+00:00,8,3,11,1.5,-1.5,9.0,Win,HOME,0.2187708840465307,-166.0,,1.5,9.0,0.3631596675172411,0.7605863411718952,Night,0.10_plus,minus_199_to_minus_150,1.0_to_1.9,5_to_9.9,0.20_plus,75_to_79.9,75_to_79.9,9.0_to_9.5,+1.5
69d8354de162a3ae1d59bf8aa804c3ca,baseball,mlb,2026_04_15,06:40 PM,Detroit Tigers,Kansas City Royals,run_line,away,1.5,away_run_line,-192.0,0.6956036146478253,0.0578971639435679,0.1111625547716502,False,824291,1,final,2026-08-28T17:43:21.077345+00:00,2,1,3,-1.5,1.5,8.0,Win,AWAY,0.0578971639435679,-192.0,,1.5,8.0,0.1111625547716502,0.6956036146478253,Night,0.05_to_0.0749,minus_199_to_minus_150,1.0_to_1.9,5_to_9.9,0.10_to_0.1499,65_to_69.9,65_to_69.9,8.0_to_8.5,+1.5
748d289cf73992eb235de4c4f66d4175,baseball,mlb,2026_04_15,06:40 PM,Philadelphia Phillies,Chicago Cubs,run_line,away,1.5,away_run_line,-172.0,0.7233362043474175,0.1438805092005672,0.2474744758249757,False,823477,1,final,2026-08-28T17:43:21.077345+00:00,2,11,13,-1.5,1.5,8.5,Win,AWAY,0.1438805092005672,-172.0,,1.5,8.5,0.2474744758249757,0.7233362043474175,Night,0.10_plus,minus_199_to_minus_150,1.0_to_1.9,5_to_9.9,0.20_plus,70_to_74.9,70_to_74.9,8.5_to_9.0,+1.5
851336f466000da358ea664a9302c8f4,baseball,mlb,2026_04_15,07:40 PM,Chicago White Sox,Tampa Bay Rays,moneyline,away,,away_moneyline,-121.0,0.5958502706816285,0.0882885109143796,0.1068290982063992,False,824615,1,final,2026-08-28T17:43:21.077345+00:00,3,8,11,1.5,-1.5,8.0,Win,AWAY,0.0882885109143796,-121.0,-121.0,-1.5,8.0,0.1068290982063992,0.5958502706816285,Night,0.075_to_0.0999,minus_124_to_minus_110,1.0_to_1.9,5_to_9.9,0.10_to_0.1499,55_to_59.9,55_to_59.9,8.0_to_8.5,-1.5
a9a5304518c8a2714a581f284aa4cb4f,baseball,mlb,2026_04_15,07:05 PM,New York Yankees,Los Angeles Angels,run_line,away,1.5,away_run_line,-120.0,0.7785328595406479,0.4273102424911876,0.5127722909894253,False,823561,1,final,2026-08-28T17:43:21.077345+00:00,5,4,9,-1.5,1.5,10.5,Win,AWAY,0.4273102424911876,-120.0,,1.5,10.5,0.5127722909894253,0.7785328595406479,Night,0.10_plus,minus_124_to_minus_110,1.0_to_1.9,10_to_14.9,0.20_plus,75_to_79.9,75_to_79.9,10.5_to_11.0,+1.5
ae6a5b39c2617185d491849bed3ddff8,baseball,mlb,2026_04_15,09:40 PM,Athletics,Texas Rangers,run_line,away,1.5,away_run_line,-188.0,0.7181878936406758,0.1002027306835884,0.1883811336851463,False,,,final,2026-08-28T17:43:21.077345+00:00,6,5,11,,,,Win,AWAY,0.1002027306835884,-188.0,,,,0.1883811336851463,0.7181878936406758,Night,0.10_plus,minus_199_to_minus_150,UNBUCKETED,UNBUCKETED,0.15_to_0.1999,70_to_74.9,70_to_74.9,UNBUCKETED,UNBUCKETED
bc75992fc84ef71ac01271077d656ba0,baseball,mlb,2026_04_15,06:40 PM,Pittsburgh Pirates,Washington Nationals,run_line,away,1.5,away_run_line,-135.0,0.648187130123061,0.128325745029032,0.1732397557891932,False,823399,1,final,2026-08-28T17:43:21.077345+00:00,2,0,2,-1.5,1.5,9.0,Loss,AWAY,0.128325745029032,-135.0,,1.5,9.0,0.1732397557891932,0.648187130123061,Night,0.10_plus,minus_149_to_minus_125,1.0_to_1.9,5_to_9.9,0.15_to_0.1999,60_to_64.9,60_to_64.9,9.0_to_9.5,+1.5
c4b632a3318002ec947a0861f17d8583,baseball,mlb,2026_04_15,10:10 PM,Los Angeles Dodgers,New York Mets,run_line,home,-1.5,home_run_line,-105.0,0.5463901201269683,0.0667616631050334,0.0700997462602849,False,823963,1,final,2026-08-28T17:43:21.077345+00:00,8,2,10,-1.5,1.5,8.0,Win,HOME,0.0667616631050334,-105.0,,-1.5,8.0,0.0700997462602849,0.5463901201269683,Night,0.05_to_0.0749,minus_109_to_minus_101,1.0_to_1.9,5_to_9.9,0.05_to_0.0999,50_to_54.9,50_to_54.9,8.0_to_8.5,-1.5
e1d1d3bf816d477e6f48db9e600d48bf,baseball,mlb,2026_04_15,07:40 PM,Milwaukee Brewers,Toronto Blue Jays,run_line,home,1.5,home_run_line,-163.0,0.6960845453484326,0.1231302786910293,0.2007023542663776,False,823803,1,final,2026-08-28T17:43:21.077345+00:00,2,1,3,1.5,-1.5,7.5,Win,HOME,0.1231302786910293,-163.0,,1.5,7.5,0.2007023542663776,0.6960845453484326,Night,0.10_plus,minus_199_to_minus_150,1.0_to_1.9,5_to_9.9,0.20_plus,65_to_69.9,65_to_69.9,7.5_to_8.0,+1.5
e39af7619a05b0b5a99bc6dcd7fbc12b,baseball,mlb,2026_04_15,01:40 PM,Minnesota Twins,Boston Red Sox,run_line,home,1.5,home_run_line,-156.0,0.6973164374720734,0.1443141538003254,0.2251300799285078,False,823722,1,final,2026-08-28T17:43:21.077345+00:00,5,9,14,1.5,-1.5,8.0,Loss,HOME,0.1443141538003254,-156.0,,1.5,8.0,0.2251300799285078,0.6973164374720734,Day,0.10_plus,minus_199_to_minus_150,1.0_to_1.9,5_to_9.9,0.20_plus,65_to_69.9,65_to_69.9,8.0_to_8.5,+1.5
f330db82278ea4535ef5b2b1571ee7d1,baseball,mlb,2026_04_15,01:20 PM,St Louis Cardinals,Cleveland Guardians,run_line,away,-1.5,away_run_line,149.0,0.4161358548354307,0.0361782785402224,0.0242807238524983,False,,,final,2026-08-28T17:43:21.077345+00:00,5,3,8,,,,Loss,AWAY,0.0361782785402224,149.0,,,,0.0242807238524983,0.4161358548354307,Day,0.03_to_0.0399,plus_126_to_plus_150,UNBUCKETED,UNBUCKETED,0.02_to_0.0299,<50,<50,UNBUCKETED,UNBUCKETED
f3b41be4bbb9dbffe13b5c0c9f57bb50,baseball,mlb,2026_04_15,09:40 PM,San Diego Padres,Seattle Mariners,run_line,home,1.5,home_run_line,-178.0,0.8048273936030749,0.2569776147283977,0.4574201542165481,False,823314,1,final,2026-08-28T17:43:21.077345+00:00,7,6,13,1.5,-1.5,8.0,Win,HOME,0.2569776147283977,-178.0,,1.5,8.0,0.4574201542165481,0.8048273936030749,Night,0.10_plus,minus_199_to_minus_150,1.0_to_1.9,5_to_9.9,0.20_plus,80_plus,80_plus,8.0_to_8.5,+1.5
1be686414809592c870949866675b3f0,baseball,mlb,2026_04_16,03:05 PM,Athletics,Texas Rangers,run_line,home,1.5,home_run_line,-163.0,0.7713565549443526,0.2445814352783113,0.3986677395036473,False,,,final,2026-08-28T17:43:21.077345+00:00,6,9,15,,,,Loss,HOME,0.2445814352783113,-163.0,,,,0.3986677395036473,0.7713565549443526,Day,0.10_plus,minus_199_to_minus_150,UNBUCKETED,UNBUCKETED,0.20_plus,75_to_79.9,75_to_79.9,UNBUCKETED,UNBUCKETED
25ef39bccec531e95be4427ad60576d2,baseball,mlb,2026_04_16,01:35 PM,New York Yankees,Los Angeles Angels,run_line,away,1.5,away_run_line,104.0,0.871684200700935,0.7782357694299074,0.7483036244518341,False,823560,1,final,2026-08-28T17:43:21.077345+00:00,4,11,15,-1.5,1.5,9.5,Win,AWAY,0.7782357694299074,104.0,,1.5,9.5,0.7483036244518341,0.871684200700935,Day,0.10_plus,plus_101_to_plus_125,1.0_to_1.9,5_to_9.9,0.20_plus,80_plus,80_plus,9.5_to_10.0,+1.5
2813553c6a0cdab5c77497cf373aa7af,baseball,mlb,2026_04_16,08:10 PM,Houston Astros,Colorado Rockies,run_line,away,1.5,away_run_line,-131.0,0.6917882423668913,0.2198708701278768,0.2880308398675188,False,824208,1,final,2026-08-28T17:43:21.077345+00:00,2,3,5,-1.5,1.5,8.5,Win,AWAY,0.2198708701278768,-131.0,,1.5,8.5,0.2880308398675188,0.6917882423668913,Night,0.10_plus,minus_149_to_minus_125,1.0_to_1.9,5_to_9.9,0.20_plus,65_to_69.9,65_to_69.9,8.5_to_9.0,+1.5
34fa181a3e06104ac8bb8d652bffbae7,baseball,mlb,2026_04_16,08:40 PM,San Diego Padres,Seattle Mariners,run_line,home,1.5,home_run_line,-166.0,0.7803702949861904,0.2504728823272688,0.4157849846632664,False,823313,1,final,2026-08-28T17:43:21.077345+00:00,5,2,7,1.5,-1.5,8.0,Win,HOME,0.2504728823272688,-166.0,,1.5,8.0,0.4157849846632664,0.7803702949861904,Night,0.10_plus,minus_199_to_minus_150,1.0_to_1.9,5_to_9.9,0.20_plus,75_to_79.9,75_to_79.9,8.0_to_8.5,+1.5
50a6b335289549d2d3f41d9072e8d031,baseball,mlb,2026_04_16,06:10 PM,Cleveland Guardians,Baltimore Orioles,run_line,home,1.5,home_run_line,-196.0,0.8226645126556713,0.2423913048269321,0.475086957460787,False,824453,1,final,2026-08-28T17:43:21.077345+00:00,4,2,6,1.5,-1.5,8.0,Win,HOME,0.2423913048269321,-196.0,,1.5,8.0,0.475086957460787,0.8226645126556713,Night,0.10_plus,minus_199_to_minus_150,1.0_to_1.9,5_to_9.9,0.20_plus,80_plus,80_plus,8.0_to_8.5,+1.5
58f0238587c37c6200e35bece1cdc6a2,baseball,mlb,2026_04_16,12:40 PM,Cincinnati Reds,San Francisco Giants,run_line,away,1.5,away_run_line,-200.0,0.7155299875582939,0.0732949813374408,0.1465899626748816,False,824530,1,final,2026-08-28T17:43:21.077345+00:00,0,3,3,-1.5,1.5,8.0,Win,AWAY,0.0732949813374408,-200.0,,1.5,8.0,0.1465899626748816,0.7155299875582939,Day,0.05_to_0.0749,minus_200_or_lower,1.0_to_1.9,5_to_9.9,0.10_to_0.1499,70_to_74.9,70_to_74.9,8.0_to_8.5,+1.5
74f39156689a078022ede0ab999cd304,baseball,mlb,2026_04_16,12:35 PM,Pittsburgh Pirates,Washington Nationals,run_line,home,-1.5,home_run_line,123.0,0.5081024488047126,0.1330684608345089,0.1081857405158609,False,823396,1,final,2026-08-28T17:43:21.077345+00:00,7,8,15,-1.5,1.5,9.0,Loss,HOME,0.1330684608345089,123.0,,-1.5,9.0,0.1081857405158609,0.5081024488047126,Day,0.10_plus,plus_101_to_plus_125,1.0_to_1.9,5_to_9.9,0.10_to_0.1499,50_to_54.9,50_to_54.9,9.0_to_9.5,-1.5
74f39156689a078022ede0ab999cd304,baseball,mlb,2026_04_16,12:35 PM,Pittsburgh Pirates,Washington Nationals,total,over,9.0,over_total,100.0,0.5835460956975276,0.2874421275075557,0.3267687223681228,False,823396,1,final,2026-08-28T17:43:21.077345+00:00,7,8,15,-1.5,1.5,9.0,Win,OVER,0.2874421275075557,100.0,,,9.0,0.3267687223681228,0.5835460956975276,Day,0.10_plus,minus_100_to_plus_100,UNBUCKETED,5_to_9.9,0.20_plus,55_to_59.9,55_to_59.9,9.0_to_9.5,UNBUCKETED
99d0656dfdf7a804df87e510c4687f62,baseball,mlb,2026_04_16,02:10 PM,Chicago White Sox,Tampa Bay Rays,run_line,home,1.5,home_run_line,-149.0,0.8028358518666499,0.3416518598308442,0.5090612711479581,False,824614,1,final,2026-08-28T17:43:21.077345+00:00,3,5,8,1.5,-1.5,8.0,Loss,HOME,0.3416518598308442,-149.0,,1.5,8.0,0.5090612711479581,0.8028358518666499,Day,0.10_plus,minus_149_to_minus_125,1.0_to_1.9,5_to_9.9,0.20_plus,80_plus,80_plus,8.0_to_8.5,+1.5
d28f023fdea4d8299ebf509d22707293,baseball,mlb,2026_04_16,01:40 PM,Milwaukee Brewers,Toronto Blue Jays,run_line,away,1.5,away_run_line,-192.0,0.6674804856132954,0.0151265718702204,0.029043017990823,False,823801,1,final,2026-08-28T17:43:21.077345+00:00,2,1,3,-1.5,1.5,8.5,Win,AWAY,0.0151265718702204,-192.0,,1.5,8.5,0.029043017990823,0.6674804856132954,Day,0.01_to_0.0199,minus_199_to_minus_150,1.0_to_1.9,5_to_9.9,0.02_to_0.0299,65_to_69.9,65_to_69.9,8.5_to_9.0,+1.5
0d33220f9d453b16cf8525818ee29051,baseball,mlb,2026_04_17,09:40 PM,Seattle Mariners,Texas Rangers,run_line,away,1.5,away_run_line,-217.0,0.8186898553496615,0.195966286386372,0.425246841458427,False,823152,1,final,2026-08-28T17:43:21.077345+00:00,0,5,5,-1.5,1.5,6.5,Win,AWAY,0.195966286386372,-217.0,,1.5,6.5,0.425246841458427,0.8186898553496615,Night,0.10_plus,minus_200_or_lower,1.0_to_1.9,5_to_9.9,0.20_plus,80_plus,80_plus,6.5_to_7.0,+1.5
261a880b71d678f267d194c3e11c1880,baseball,mlb,2026_04_17,08:10 PM,Houston Astros,St Louis Cardinals,run_line,home,-1.5,home_run_line,149.0,0.5735467766659573,0.4281314738982338,0.2873365596632442,False,,,final,2026-08-28T17:43:21.077345+00:00,4,9,13,,,,Loss,HOME,0.4281314738982338,149.0,,,,0.2873365596632442,0.5735467766659573,Night,0.10_plus,plus_126_to_plus_150,UNBUCKETED,UNBUCKETED,0.20_plus,55_to_59.9,55_to_59.9,UNBUCKETED,UNBUCKETED
45655eea8b0523564f56d5ba45520388,baseball,mlb,2026_04_17,02:20 PM,Chicago Cubs,New York Mets,run_line,away,1.5,away_run_line,-149.0,0.6075856601752982,0.0153612710312029,0.0228882938364925,False,824693,1,final,2026-08-28T17:43:21.077345+00:00,12,4,16,-1.5,1.5,10.5,Loss,AWAY,0.0153612710312029,-149.0,,1.5,10.5,0.0228882938364925,0.6075856601752982,Day,0.01_to_0.0199,minus_149_to_minus_125,1.0_to_1.9,10_to_14.9,0.02_to_0.0299,60_to_64.9,60_to_64.9,10.5_to_11.0,+1.5
49988d9d2bd029a05b88766f7a72ca27,baseball,mlb,2026_04_17,09:38 PM,Los Angeles Angels,San Diego Padres,run_line,home,-1.5,home_run_line,139.0,0.6078444382384691,0.4527482073899413,0.3257181348129073,False,824048,1,final,2026-08-28T17:43:21.077345+00:00,8,0,8,-1.5,1.5,8.5,Win,HOME,0.4527482073899413,139.0,,-1.5,8.5,0.3257181348129073,0.6078444382384691,Night,0.10_plus,plus_126_to_plus_150,1.0_to_1.9,5_to_9.9,0.20_plus,60_to_64.9,60_to_64.9,8.5_to_9.0,-1.5
4dab71b3bef20d97c215141ed121a95b,baseball,mlb,2026_04_17,09:40 PM,Athletics,Chicago White Sox,run_line,away,1.5,away_run_line,-156.0,0.7110392950786459,0.1668337150008547,0.2602605954013335,False,,,final,2026-08-28T17:43:21.077345+00:00,2,9,11,,,,Win,AWAY,0.1668337150008547,-156.0,,,,0.2602605954013335,0.7110392950786459,Night,0.10_plus,minus_199_to_minus_150,UNBUCKETED,UNBUCKETED,0.20_plus,70_to_74.9,70_to_74.9,UNBUCKETED,UNBUCKETED
534d4f4aa2042d0efb0d307c77b7b0bf,baseball,mlb,2026_04_17,06:45 PM,Pittsburgh Pirates,Tampa Bay Rays,run_line,home,-1.5,home_run_line,149.0,0.5052936889287855,0.2581812854326759,0.1732760304917288,False,823397,1,final,2026-08-28T17:43:21.077345+00:00,5,1,6,-1.5,1.5,8.5,Win,HOME,0.2581812854326759,149.0,,-1.5,8.5,0.1732760304917288,0.5052936889287855,Night,0.10_plus,plus_126_to_plus_150,1.0_to_1.9,5_to_9.9,0.15_to_0.1999,50_to_54.9,50_to_54.9,8.5_to_9.0,-1.5
6c36be674cd46d59ac8a57a727b8a4ca,baseball,mlb,2026_04_17,07:10 PM,Miami Marlins,Milwaukee Brewers,run_line,home,1.5,home_run_line,-178.0,0.7669108654536215,0.1977596662702627,0.3520122059610678,False,823883,1,final,2026-08-28T17:43:21.077345+00:00,5,7,12,1.5,-1.5,8.5,Loss,HOME,0.1977596662702627,-178.0,,1.5,8.5,0.3520122059610678,0.7669108654536215,Night,0.10_plus,minus_199_to_minus_150,1.0_to_1.9,5_to_9.9,0.20_plus,75_to_79.9,75_to_79.9,8.5_to_9.0,+1.5
7067ff8b35400b4b9c0c1b2cf807fe58,baseball,mlb,2026_04_17,06:40 PM,Philadelphia Phillies,Atlanta Braves,run_line,away,-1.5,away_run_line,141.0,0.5082637308454798,0.2249155913376064,0.1595146037855364,False,823476,1,final,2026-08-28T17:43:21.077345+00:00,0,9,9,1.5,-1.5,9.5,Win,AWAY,0.2249155913376064,141.0,,-1.5,9.5,0.1595146037855364,0.5082637308454798,Night,0.10_plus,plus_126_to_plus_150,1.0_to_1.9,5_to_9.9,0.15_to_0.1999,50_to_54.9,50_to_54.9,9.5_to_10.0,-1.5
72adcb72b594dcf90c1756f4f9358d4c,baseball,mlb,2026_04_17,06:45 PM,Washington Nationals,San Francisco Giants,run_line,home,1.5,home_run_line,-135.0,0.7181908355805795,0.2501840471217496,0.3377484636143618,False,822752,1,final,2026-08-28T17:43:21.077345+00:00,5,10,15,1.5,-1.5,8.0,Loss,HOME,0.2501840471217496,-135.0,,1.5,8.0,0.3377484636143618,0.7181908355805795,Night,0.10_plus,minus_149_to_minus_125,1.0_to_1.9,5_to_9.9,0.20_plus,70_to_74.9,70_to_74.9,8.0_to_8.5,+1.5
7e51baba35f9e72d4028c265cbceb500,baseball,mlb,2026_04_17,08:10 PM,Minnesota Twins,Cincinnati Reds,run_line,away,1.5,away_run_line,-142.0,0.7296191452541143,0.2434354447288427,0.3456783315149567,False,823720,1,final,2026-08-28T17:43:21.077345+00:00,1,2,3,-1.5,1.5,7.5,Win,AWAY,0.2434354447288427,-142.0,,1.5,7.5,0.3456783315149567,0.7296191452541143,Night,0.10_plus,minus_149_to_minus_125,1.0_to_1.9,5_to_9.9,0.20_plus,70_to_74.9,70_to_74.9,7.5_to_8.0,+1.5
a1ab635fdacdca4f7d8f471d141a873f,baseball,mlb,2026_04_17,07:05 PM,New York Yankees,Kansas City Royals,run_line,away,1.5,away_run_line,-142.0,0.6637741666824021,0.1312207629376147,0.1863334833714129,False,823559,1,final,2026-08-28T17:43:21.077345+00:00,4,2,6,-1.5,1.5,8.5,Loss,AWAY,0.1312207629376147,-142.0,,1.5,8.5,0.1863334833714129,0.6637741666824021,Night,0.10_plus,minus_149_to_minus_125,1.0_to_1.9,5_to_9.9,0.15_to_0.1999,65_to_69.9,65_to_69.9,8.5_to_9.0,+1.5
e0edf79975e2cd47e757ea67749e43fd,baseball,mlb,2026_04_17,08:40 PM,Colorado Rockies,Los Angeles Dodgers,run_line,away,-1.5,away_run_line,-185.0,0.6994961297318214,0.0776021458030762,0.143563969735691,False,824373,1,final,2026-08-28T17:43:21.077345+00:00,1,7,8,1.5,-1.5,9.5,Win,AWAY,0.0776021458030762,-185.0,,-1.5,9.5,0.143563969735691,0.6994961297318214,Night,0.075_to_0.0999,minus_199_to_minus_150,1.0_to_1.9,5_to_9.9,0.10_to_0.1499,65_to_69.9,65_to_69.9,9.5_to_10.0,-1.5
ed205a37de8d35d5fe44ef82f8644637,baseball,mlb,2026_04_17,09:40 PM,Arizona Diamondbacks,Toronto Blue Jays,run_line,away,1.5,away_run_line,-175.0,0.6697808613642486,0.0525127821438191,0.0918973687516837,False,825101,1,final,2026-08-28T17:43:21.077345+00:00,6,3,9,-1.5,1.5,9.0,Loss,AWAY,0.0525127821438191,-175.0,,1.5,9.0,0.0918973687516837,0.6697808613642486,Night,0.05_to_0.0749,minus_199_to_minus_150,1.0_to_1.9,5_to_9.9,0.05_to_0.0999,65_to_69.9,65_to_69.9,9.0_to_9.5,+1.5
f396e7f6c0d265d701a8b7123bbcee83,baseball,mlb,2026_04_17,07:15 PM,Boston Red Sox,Detroit Tigers,run_line,home,-1.5,home_run_line,159.0,0.3982339913721386,0.0314260376538388,0.0197648035558735,False,824778,1,final,2026-08-28T17:43:21.077345+00:00,1,0,1,-1.5,1.5,7.5,Loss,HOME,0.0314260376538388,159.0,,-1.5,7.5,0.0197648035558735,0.3982339913721386,Night,0.03_to_0.0399,plus_151_to_plus_200,1.0_to_1.9,5_to_9.9,0.01_to_0.0199,<50,<50,7.5_to_8.0,-1.5
18200eb582e3bee33b38016accc8cc4e,baseball,mlb,2026_04_18,09:38 PM,Los Angeles Angels,San Diego Padres,run_line,home,1.5,home_run_line,-175.0,0.6455071455129953,0.014368371520421,0.0251446501607369,False,824049,1,final,2026-08-28T17:43:21.077345+00:00,1,4,5,1.5,-1.5,9.5,Loss,HOME,0.014368371520421,-175.0,,1.5,9.5,0.0251446501607369,0.6455071455129953,Night,0.01_to_0.0199,minus_199_to_minus_150,1.0_to_1.9,5_to_9.9,0.02_to_0.0299,60_to_64.9,60_to_64.9,9.5_to_10.0,+1.5
23317fc37d8b970abb36b16450935fe2,baseball,mlb,2026_04_18,07:10 PM,Houston Astros,St Louis Cardinals,run_line,away,1.5,away_run_line,-163.0,0.649393891588381,0.0477950520720502,0.0779059348774421,False,,,final,2026-08-28T17:43:21.077345+00:00,5,7,12,,,,Win,AWAY,0.0477950520720502,-163.0,,,,0.0779059348774421,0.649393891588381,Night,0.04_to_0.0499,minus_199_to_minus_150,UNBUCKETED,UNBUCKETED,0.05_to_0.0999,60_to_64.9,60_to_64.9,UNBUCKETED,UNBUCKETED
2ea66f343279c5bb39b4cb87f04810e7,baseball,mlb,2026_04_18,02:20 PM,Chicago Cubs,New York Mets,run_line,home,1.5,home_run_line,-185.0,0.7787787106140468,0.1997401758108288,0.3695193252500334,False,824694,1,final,2026-08-28T17:43:21.077345+00:00,4,2,6,1.5,-1.5,8.5,Win,HOME,0.1997401758108288,-185.0,,1.5,8.5,0.3695193252500334,0.7787787106140468,Day,0.10_plus,minus_199_to_minus_150,1.0_to_1.9,5_to_9.9,0.20_plus,75_to_79.9,75_to_79.9,8.5_to_9.0,+1.5
38325b462bdab2c582eec8fa2fe82395,baseball,mlb,2026_04_18,06:10 PM,Cleveland Guardians,Baltimore Orioles,run_line,home,-1.5,home_run_line,159.0,0.4855763527857391,0.257642753715064,0.1620394677453234,False,824451,1,final,2026-08-28T17:43:21.077345+00:00,4,2,6,-1.5,1.5,7.5,Win,HOME,0.257642753715064,159.0,,-1.5,7.5,0.1620394677453234,0.4855763527857391,Night,0.10_plus,plus_151_to_plus_200,1.0_to_1.9,5_to_9.9,0.15_to_0.1999,<50,<50,7.5_to_8.0,-1.5
53626d17dd82b37d118427fbbb6fda67,baseball,mlb,2026_04_18,04:10 PM,Boston Red Sox,Detroit Tigers,run_line,home,1.5,home_run_line,-121.0,0.5935203135110576,0.0840329693053203,0.1016798928594375,False,824775,1,final,2026-08-28T17:43:21.077345+00:00,1,4,5,1.5,-1.5,7.0,Loss,HOME,0.0840329693053203,-121.0,,1.5,7.0,0.1016798928594375,0.5935203135110576,Day,0.075_to_0.0999,minus_124_to_minus_110,1.0_to_1.9,5_to_9.9,0.10_to_0.1499,55_to_59.9,55_to_59.9,7.0_to_7.5,+1.5
6e5129c6e0fc6e1f6fcaff97e0a79ebc,baseball,mlb,2026_04_18,08:10 PM,Arizona Diamondbacks,Toronto Blue Jays,run_line,home,1.5,home_run_line,-192.0,0.7611599221277852,0.1575973815693401,0.302586972613133,False,825098,1,final,2026-08-28T17:43:21.077345+00:00,6,2,8,1.5,-1.5,9.0,Win,HOME,0.1575973815693401,-192.0,,1.5,9.0,0.302586972613133,0.7611599221277852,Night,0.10_plus,minus_199_to_minus_150,1.0_to_1.9,5_to_9.9,0.20_plus,75_to_79.9,75_to_79.9,9.0_to_9.5,+1.5
779cfb39de4fd07ffa6e5e9e2a7fec4d,baseball,mlb,2026_04_18,01:35 PM,New York Yankees,Kansas City Royals,run_line,home,-1.5,home_run_line,123.0,0.4983763226220057,0.1113791994470727,0.0905521946724168,False,823558,1,final,2026-08-28T17:43:21.077345+00:00,13,4,17,-1.5,1.5,8.0,Win,HOME,0.1113791994470727,123.0,,-1.5,8.0,0.0905521946724168,0.4983763226220057,Day,0.10_plus,plus_101_to_plus_125,1.0_to_1.9,5_to_9.9,0.05_to_0.0999,<50,<50,8.0_to_8.5,-1.5
912d3bf4c4f1b996c5903aa3b6e3bc2a,baseball,mlb,2026_04_18,07:15 PM,Philadelphia Phillies,Atlanta Braves,run_line,away,1.5,away_run_line,-208.0,0.7357348582769182,0.0894535401408211,0.1860633634929081,False,823474,1,final,2026-08-28T17:43:21.077345+00:00,1,3,4,-1.5,1.5,7.0,Win,AWAY,0.0894535401408211,-208.0,,1.5,7.0,0.1860633634929081,0.7357348582769182,Night,0.075_to_0.0999,minus_200_or_lower,1.0_to_1.9,5_to_9.9,0.15_to_0.1999,70_to_74.9,70_to_74.9,7.0_to_7.5,+1.5
9b611b49a26ba77a07349b2b50bab4ad,baseball,mlb,2026_04_18,03:30 PM,Pittsburgh Pirates,Tampa Bay Rays,run_line,away,1.5,away_run_line,-156.0,0.6543238724222921,0.0737622521801715,0.1150691134010676,False,823394,1,final,2026-08-28T17:43:21.077345+00:00,7,8,15,-1.5,1.5,7.0,Win,AWAY,0.0737622521801715,-156.0,,1.5,7.0,0.1150691134010676,0.6543238724222921,Day,0.05_to_0.0749,minus_199_to_minus_150,1.0_to_1.9,5_to_9.9,0.10_to_0.1499,65_to_69.9,65_to_69.9,7.0_to_7.5,+1.5
b4b4c5e63320cc913bd4ac9d7c447f23,baseball,mlb,2026_04_18,07:15 PM,Seattle Mariners,Texas Rangers,run_line,away,1.5,away_run_line,-181.0,0.6504588260043176,0.0098283431337746,0.0177893010721323,False,823151,1,final,2026-08-28T17:43:21.077345+00:00,7,3,10,-1.5,1.5,7.0,Loss,AWAY,0.0098283431337746,-181.0,,1.5,7.0,0.0177893010721323,0.6504588260043176,Night,0.00_to_0.0099,minus_199_to_minus_150,1.0_to_1.9,5_to_9.9,0.01_to_0.0199,65_to_69.9,65_to_69.9,7.0_to_7.5,+1.5
c3b12d49874633d7b722325998bebdd3,baseball,mlb,2026_04_18,04:05 PM,Athletics,Chicago White Sox,run_line,away,1.5,away_run_line,-149.0,0.6987240625063376,0.1676663863360943,0.2498229156407805,False,,,final,2026-08-28T17:43:21.077345+00:00,7,6,13,,,,Win,AWAY,0.1676663863360943,-149.0,,,,0.2498229156407805,0.6987240625063376,Day,0.10_plus,minus_149_to_minus_125,UNBUCKETED,UNBUCKETED,0.20_plus,65_to_69.9,65_to_69.9,UNBUCKETED,UNBUCKETED
de78c77cca84245548d38b8c40c65391,baseball,mlb,2026_04_18,08:10 PM,Colorado Rockies,Los Angeles Dodgers,run_line,home,1.5,home_run_line,159.0,0.5808345562815216,0.5043615007691409,0.3172084910497741,False,824372,1,final,2026-08-28T17:43:21.077345+00:00,4,3,7,1.5,-1.5,11.5,Win,HOME,0.5043615007691409,159.0,,1.5,11.5,0.3172084910497741,0.5808345562815216,Night,0.10_plus,plus_151_to_plus_200,1.0_to_1.9,10_to_14.9,0.20_plus,55_to_59.9,55_to_59.9,11.5_to_12.0,+1.5
de78c77cca84245548d38b8c40c65391,baseball,mlb,2026_04_18,08:10 PM,Colorado Rockies,Los Angeles Dodgers,total,under,11.5,under_total,-117.0,0.731311188435015,0.3563634862427201,0.4169452789039825,False,824372,1,final,2026-08-28T17:43:21.077345+00:00,4,3,7,1.5,-1.5,11.5,Win,UNDER,0.3563634862427201,-117.0,,,11.5,0.4169452789039825,0.731311188435015,Night,0.10_plus,minus_124_to_minus_110,UNBUCKETED,10_to_14.9,0.20_plus,70_to_74.9,70_to_74.9,11.5_to_12.0,UNBUCKETED
e2145c6f89c91d068baad1ef60cb1205,baseball,mlb,2026_04_18,02:10 PM,Minnesota Twins,Cincinnati Reds,run_line,away,1.5,away_run_line,-181.0,0.6731445317783483,0.0450475880094798,0.0815361342971587,False,823721,1,final,2026-08-28T17:43:21.077345+00:00,4,5,9,-1.5,1.5,8.0,Win,AWAY,0.0450475880094798,-181.0,,1.5,8.0,0.0815361342971587,0.6731445317783483,Day,0.04_to_0.0499,minus_199_to_minus_150,1.0_to_1.9,5_to_9.9,0.05_to_0.0999,65_to_69.9,65_to_69.9,8.0_to_8.5,+1.5
f191de07e9e709e1723e5815840236c0,baseball,mlb,2026_04_18,04:10 PM,Miami Marlins,Milwaukee Brewers,run_line,home,1.5,home_run_line,-181.0,0.6477850228922678,0.0056773007332997,0.0102759143272724,False,823882,1,final,2026-08-28T17:43:21.077345+00:00,2,5,7,1.5,-1.5,7.5,Loss,HOME,0.0056773007332997,-181.0,,1.5,7.5,0.0102759143272724,0.6477850228922678,Day,0.00_to_0.0099,minus_199_to_minus_150,1.0_to_1.9,5_to_9.9,0.01_to_0.0199,60_to_64.9,60_to_64.9,7.5_to_8.0,+1.5
045dc8de81396e0de88fa0884e58750f,baseball,mlb,2026_04_19,02:10 PM,Houston Astros,St Louis Cardinals,run_line,away,1.5,away_run_line,-163.0,0.670318506988818,0.0815568548347185,0.1329376733805913,False,,,final,2026-08-28T17:43:21.077345+00:00,5,7,12,,,,Win,AWAY,0.0815568548347185,-163.0,,,,0.1329376733805913,0.670318506988818,Day,0.075_to_0.0999,minus_199_to_minus_150,UNBUCKETED,UNBUCKETED,0.10_to_0.1499,65_to_69.9,65_to_69.9,UNBUCKETED,UNBUCKETED
0d7765b227447b5fb746d1178be90177,baseball,mlb,2026_04_19,07:20 PM,Philadelphia Phillies,Atlanta Braves,run_line,home,1.5,home_run_line,-188.0,0.6596680670835811,0.0105553368088902,0.0198440332007134,False,823475,1,final,2026-08-28T17:43:21.077345+00:00,2,4,6,1.5,-1.5,8.0,Loss,HOME,0.0105553368088902,-188.0,,1.5,8.0,0.0198440332007134,0.6596680670835811,Night,0.01_to_0.0199,minus_199_to_minus_150,1.0_to_1.9,5_to_9.9,0.01_to_0.0199,65_to_69.9,65_to_69.9,8.0_to_8.5,+1.5
0e8cd1402139869a8535c9d0d09acb45,baseball,mlb,2026_04_19,04:10 PM,Arizona Diamondbacks,Toronto Blue Jays,run_line,home,1.5,home_run_line,-185.0,0.7044165247143745,0.0851822137491715,0.1575870954359675,False,825100,1,final,2026-08-28T17:43:21.077345+00:00,4,10,14,1.5,-1.5,8.0,Loss,HOME,0.0851822137491715,-185.0,,1.5,8.0,0.1575870954359675,0.7044165247143745,Day,0.075_to_0.0999,minus_199_to_minus_150,1.0_to_1.9,5_to_9.9,0.15_to_0.1999,70_to_74.9,70_to_74.9,8.0_to_8.5,+1.5
1048fb9b5524c70651232a93456ec26c,baseball,mlb,2026_04_19,01:35 PM,Washington Nationals,San Francisco Giants,run_line,home,1.5,home_run_line,-126.0,0.7399763894710533,0.3272592382576034,0.4123466402045803,False,822750,1,final,2026-08-28T17:43:21.077345+00:00,3,0,3,1.5,-1.5,8.0,Win,HOME,0.3272592382576034,-126.0,,1.5,8.0,0.4123466402045803,0.7399763894710533,Day,0.10_plus,minus_149_to_minus_125,1.0_to_1.9,5_to_9.9,0.20_plus,70_to_74.9,70_to_74.9,8.0_to_8.5,+1.5
22dc10f0ffdfd73bd79c7bdf5266e95f,baseball,mlb,2026_04_19,04:10 PM,Seattle Mariners,Texas Rangers,run_line,away,1.5,away_run_line,-181.0,0.6990167435049324,0.0852138393640109,0.1542370492488598,False,823150,1,final,2026-08-28T17:43:21.077345+00:00,5,2,7,-1.5,1.5,7.0,Loss,AWAY,0.0852138393640109,-181.0,,1.5,7.0,0.1542370492488598,0.6990167435049324,Day,0.075_to_0.0999,minus_199_to_minus_150,1.0_to_1.9,5_to_9.9,0.15_to_0.1999,65_to_69.9,65_to_69.9,7.0_to_7.5,+1.5
4c4e3a56911954f45c048e7f6a7f4822,baseball,mlb,2026_04_19,01:40 PM,Cleveland Guardians,Baltimore Orioles,run_line,home,1.5,home_run_line,-200.0,0.7760987854141064,0.1641481781211595,0.3282963562423191,False,824452,1,final,2026-08-28T17:43:21.077345+00:00,8,4,12,1.5,-1.5,7.0,Win,HOME,0.1641481781211595,-200.0,,1.5,7.0,0.3282963562423191,0.7760987854141064,Day,0.10_plus,minus_200_or_lower,1.0_to_1.9,5_to_9.9,0.20_plus,75_to_79.9,75_to_79.9,7.0_to_7.5,+1.5
6d654c503d52995cf1547c4bc56ba827,baseball,mlb,2026_04_19,02:20 PM,Chicago Cubs,New York Mets,run_line,away,1.5,away_run_line,-192.0,0.660628739995449,0.0047062087430789,0.0090359207867116,False,824691,1,final,2026-08-28T17:43:21.077345+00:00,2,1,3,-1.5,1.5,8.5,Win,AWAY,0.0047062087430789,-192.0,,1.5,8.5,0.0090359207867116,0.660628739995449,Day,0.00_to_0.0099,minus_199_to_minus_150,1.0_to_1.9,5_to_9.9,0.001_to_0.0099,65_to_69.9,65_to_69.9,8.5_to_9.0,+1.5
72f3eee98d3f21414ef8f55962b0364f,baseball,mlb,2026_04_19,03:10 PM,Colorado Rockies,Los Angeles Dodgers,run_line,home,1.5,home_run_line,159.0,0.5159747958864088,0.3363747213457988,0.2115564285193703,False,824371,1,final,2026-08-28T17:43:21.077345+00:00,9,6,15,1.5,-1.5,11.5,Win,HOME,0.3363747213457988,159.0,,1.5,11.5,0.2115564285193703,0.5159747958864088,Day,0.10_plus,plus_151_to_plus_200,1.0_to_1.9,10_to_14.9,0.20_plus,50_to_54.9,50_to_54.9,11.5_to_12.0,+1.5
77c097e15cdac31a63aa34c4a10c9c91,baseball,mlb,2026_04_19,04:35 PM,Boston Red Sox,Detroit Tigers,run_line,away,1.5,away_run_line,-192.0,0.7098378874664758,0.0795451205219321,0.1527266314021096,False,824777,1,final,2026-08-28T17:43:21.077345+00:00,2,6,8,-1.5,1.5,7.0,Win,AWAY,0.0795451205219321,-192.0,,1.5,7.0,0.1527266314021096,0.7098378874664758,Day,0.075_to_0.0999,minus_199_to_minus_150,1.0_to_1.9,5_to_9.9,0.15_to_0.1999,70_to_74.9,70_to_74.9,7.0_to_7.5,+1.5
9ac64069558fef330a70fa14356058dc,baseball,mlb,2026_04_19,01:40 PM,Miami Marlins,Milwaukee Brewers,run_line,home,1.5,home_run_line,-163.0,0.7714891661467376,0.2447954030465766,0.3990165069659198,False,823881,1,final,2026-08-28T17:43:21.077345+00:00,5,3,8,1.5,-1.5,8.0,Win,HOME,0.2447954030465766,-163.0,,1.5,8.0,0.3990165069659198,0.7714891661467376,Day,0.10_plus,minus_199_to_minus_150,1.0_to_1.9,5_to_9.9,0.20_plus,75_to_79.9,75_to_79.9,8.0_to_8.5,+1.5
bc5456b82441dbb9bd569ac5bfd0ab07,baseball,mlb,2026_04_19,04:20 PM,New York Yankees,Kansas City Royals,run_line,home,-1.5,home_run_line,139.0,0.497730213081757,0.1895752092653992,0.1363850426369779,False,823556,1,final,2026-08-28T17:43:21.077345+00:00,7,0,7,-1.5,1.5,7.5,Win,HOME,0.1895752092653992,139.0,,-1.5,7.5,0.1363850426369779,0.497730213081757,Day,0.10_plus,plus_126_to_plus_150,1.0_to_1.9,5_to_9.9,0.10_to_0.1499,<50,<50,7.5_to_8.0,-1.5
bf75db04c73633ad4f6241bd5ae2d3eb,baseball,mlb,2026_04_19,04:05 PM,Athletics,Chicago White Sox,run_line,away,1.5,away_run_line,-156.0,0.7239411396845417,0.188005972815658,0.2932893175924266,False,,,final,2026-08-28T17:43:21.077345+00:00,4,7,11,,,,Win,AWAY,0.188005972815658,-156.0,,,,0.2932893175924266,0.7239411396845417,Day,0.10_plus,minus_199_to_minus_150,UNBUCKETED,UNBUCKETED,0.20_plus,70_to_74.9,70_to_74.9,UNBUCKETED,UNBUCKETED
d97433d24ce14d05b02b695c3cb6d537,baseball,mlb,2026_04_19,01:35 PM,Pittsburgh Pirates,Tampa Bay Rays,run_line,home,1.5,home_run_line,-178.0,0.8217163427379989,0.2833547375346275,0.5043714328116369,False,823393,1,final,2026-08-28T17:43:21.077345+00:00,6,3,9,1.5,-1.5,7.5,Win,HOME,0.2833547375346275,-178.0,,1.5,7.5,0.5043714328116369,0.8217163427379989,Day,0.10_plus,minus_199_to_minus_150,1.0_to_1.9,5_to_9.9,0.20_plus,80_plus,80_plus,7.5_to_8.0,+1.5
e1d026d4b97697ac7e0862b37a1e26a5,baseball,mlb,2026_04_19,04:07 PM,Los Angeles Angels,San Diego Padres,run_line,home,1.5,home_run_line,-172.0,0.7381772756286566,0.1673501102964802,0.2878421897099462,False,824047,1,final,2026-08-28T17:43:21.077345+00:00,1,2,3,1.5,-1.5,8.5,Win,HOME,0.1673501102964802,-172.0,,1.5,8.5,0.2878421897099462,0.7381772756286566,Day,0.10_plus,minus_199_to_minus_150,1.0_to_1.9,5_to_9.9,0.20_plus,70_to_74.9,70_to_74.9,8.5_to_9.0,+1.5
043dafafb56c1b3ebf5472c9f3fe428f,baseball,mlb,2026_04_20,09:38 PM,Los Angeles Angels,Toronto Blue Jays,run_line,away,-1.5,away_run_line,135.0,0.451767329663185,0.0616532247084848,0.0456690553396183,False,824046,1,final,2026-08-28T17:43:21.077345+00:00,2,5,7,1.5,-1.5,7.5,Win,AWAY,0.0616532247084848,135.0,,-1.5,7.5,0.0456690553396183,0.451767329663185,Night,0.05_to_0.0749,plus_126_to_plus_150,1.0_to_1.9,5_to_9.9,0.03_to_0.0499,<50,<50,7.5_to_8.0,-1.5
0d70750c31542bcfe935969cb9ccc66e,baseball,mlb,2026_04_20,07:40 PM,Chicago Cubs,Philadelphia Phillies,run_line,home,1.5,home_run_line,-175.0,0.7573210865356999,0.1900759931275282,0.3326329879731746,False,824692,1,final,2026-08-28T17:43:21.077345+00:00,5,1,6,1.5,-1.5,7.5,Win,HOME,0.1900759931275282,-175.0,,1.5,7.5,0.3326329879731746,0.7573210865356999,Night,0.10_plus,minus_199_to_minus_150,1.0_to_1.9,5_to_9.9,0.20_plus,75_to_79.9,75_to_79.9,7.5_to_8.0,+1.5
0e45c1c07e2b9a60ebf70c74f0180cb6,baseball,mlb,2026_04_20,11:10 AM,Boston Red Sox,Detroit Tigers,run_line,away,1.5,away_run_line,-175.0,0.6822538341183869,0.0721131679003221,0.126198043825564,False,824776,1,final,2026-08-28T17:43:21.077345+00:00,8,6,14,-1.5,1.5,8.0,Loss,AWAY,0.0721131679003221,-175.0,,1.5,8.0,0.126198043825564,0.6822538341183869,Day,0.05_to_0.0749,minus_199_to_minus_150,1.0_to_1.9,5_to_9.9,0.10_to_0.1499,65_to_69.9,65_to_69.9,8.0_to_8.5,+1.5
253e6890f41456a41767494219509d9b,baseball,mlb,2026_04_20,09:40 PM,Seattle Mariners,Athletics,run_line,away,1.5,away_run_line,-156.0,0.6321992579830072,0.037455192587499,0.0584301004364984,False,,,final,2026-08-28T17:43:21.077345+00:00,4,6,10,,,,Win,AWAY,0.037455192587499,-156.0,,,,0.0584301004364984,0.6321992579830072,Night,0.03_to_0.0399,minus_199_to_minus_150,UNBUCKETED,UNBUCKETED,0.05_to_0.0999,60_to_64.9,60_to_64.9,UNBUCKETED,UNBUCKETED
4e58a660bb4f20467d3e4261ec9f47ba,baseball,mlb,2026_04_20,08:40 PM,Colorado Rockies,Los Angeles Dodgers,run_line,away,-1.5,away_run_line,-181.0,0.7703786661945562,0.1960022386777362,0.3547640520067028,False,824370,1,final,2026-08-28T17:43:21.077345+00:00,3,12,15,1.5,-1.5,11.5,Win,AWAY,0.1960022386777362,-181.0,,-1.5,11.5,0.3547640520067028,0.7703786661945562,Night,0.10_plus,minus_199_to_minus_150,1.0_to_1.9,10_to_14.9,0.20_plus,75_to_79.9,75_to_79.9,11.5_to_12.0,-1.5
6a0b76ac89fd72cc8272b53212004e44,baseball,mlb,2026_04_20,07:40 PM,Kansas City Royals,Baltimore Orioles,run_line,home,1.5,home_run_line,-163.0,0.6362956714778508,0.0266611141022992,0.0434576159867477,False,824125,1,final,2026-08-28T17:43:21.077345+00:00,5,7,12,1.5,-1.5,9.0,Loss,HOME,0.0266611141022992,-163.0,,1.5,9.0,0.0434576159867477,0.6362956714778508,Night,0.02_to_0.0299,minus_199_to_minus_150,1.0_to_1.9,5_to_9.9,0.03_to_0.0499,60_to_64.9,60_to_64.9,9.0_to_9.5,+1.5
6e7862ded6af1d5c6d82f19895ccd191,baseball,mlb,2026_04_20,06:45 PM,Washington Nationals,Atlanta Braves,run_line,away,-1.5,away_run_line,102.0,0.5778880841093247,0.1673339299008358,0.1640528724517998,False,822749,1,final,2026-08-28T17:43:21.077345+00:00,4,9,13,1.5,-1.5,8.0,Win,AWAY,0.1673339299008358,102.0,,-1.5,8.0,0.1640528724517998,0.5778880841093247,Night,0.10_plus,plus_101_to_plus_125,1.0_to_1.9,5_to_9.9,0.15_to_0.1999,55_to_59.9,55_to_59.9,8.0_to_8.5,-1.5
e50158ffe72f093d4037185c9d31a5eb,baseball,mlb,2026_04_20,06:40 PM,Miami Marlins,St Louis Cardinals,run_line,home,-1.5,home_run_line,152.0,0.487748056040003,0.2291251012208075,0.1507401981715838,False,,,final,2026-08-28T17:43:21.077345+00:00,5,3,8,,,,Win,HOME,0.2291251012208075,152.0,,,,0.1507401981715838,0.487748056040003,Night,0.10_plus,plus_151_to_plus_200,UNBUCKETED,UNBUCKETED,0.15_to_0.1999,<50,<50,UNBUCKETED,UNBUCKETED
eaa622d11f4b04e532bbea382e56ca52,baseball,mlb,2026_04_20,06:40 PM,Tampa Bay Rays,Cincinnati Reds,run_line,home,1.5,home_run_line,-192.0,0.735068182912936,0.117916194846757,0.2263990941057733,False,822994,1,final,2026-08-28T17:43:21.077345+00:00,1,6,7,1.5,-1.5,8.0,Loss,HOME,0.117916194846757,-192.0,,1.5,8.0,0.2263990941057733,0.735068182912936,Night,0.10_plus,minus_199_to_minus_150,1.0_to_1.9,5_to_9.9,0.20_plus,70_to_74.9,70_to_74.9,8.0_to_8.5,+1.5
0438fd942a9f1f07557cef989b1a4e4d,baseball,mlb,2026_04_21,09:45 PM,San Francisco Giants,Los Angeles Dodgers,run_line,home,1.5,home_run_line,-112.0,0.6504189221622418,0.2311501026642435,0.2588881149839526,False,823236,1,final,2026-08-28T17:43:21.077345+00:00,3,1,4,1.5,-1.5,7.0,Win,HOME,0.2311501026642435,-112.0,,1.5,7.0,0.2588881149839526,0.6504189221622418,Night,0.10_plus,minus_124_to_minus_110,1.0_to_1.9,5_to_9.9,0.20_plus,65_to_69.9,65_to_69.9,7.0_to_7.5,+1.5
0567a988f9302cca0e4d8ef6eeb73371,baseball,mlb,2026_04_21,08:40 PM,Colorado Rockies,San Diego Padres,run_line,home,1.5,home_run_line,-126.0,0.685377882339553,0.2293285826090394,0.2889540140873897,False,824369,1,final,2026-08-28T17:43:21.077345+00:00,0,1,1,1.5,-1.5,11.0,Win,HOME,0.2293285826090394,-126.0,,1.5,11.0,0.2889540140873897,0.685377882339553,Night,0.10_plus,minus_149_to_minus_125,1.0_to_1.9,10_to_14.9,0.20_plus,65_to_69.9,65_to_69.9,11.0_to_11.5,+1.5
0567a988f9302cca0e4d8ef6eeb73371,baseball,mlb,2026_04_21,08:40 PM,Colorado Rockies,San Diego Padres,total,under,11.0,under_total,-109.0,0.7884906563781223,0.5912018508755341,0.6999323401703026,False,824369,1,final,2026-08-28T17:43:21.077345+00:00,0,1,1,1.5,-1.5,11.0,Win,UNDER,0.5912018508755341,-109.0,,,11.0,0.6999323401703026,0.7884906563781223,Night,0.10_plus,minus_109_to_minus_101,UNBUCKETED,10_to_14.9,0.20_plus,75_to_79.9,75_to_79.9,11.0_to_11.5,UNBUCKETED
1d3c338edb1851414b920c5e62833c42,baseball,mlb,2026_04_21,06:40 PM,Tampa Bay Rays,Cincinnati Reds,run_line,home,1.5,home_run_line,-181.0,0.6507556945771134,0.0102892274926456,0.0186235017616884,False,822995,1,final,2026-08-28T17:43:21.077345+00:00,6,12,18,1.5,-1.5,7.5,Loss,HOME,0.0102892274926456,-181.0,,1.5,7.5,0.0186235017616884,0.6507556945771134,Night,0.01_to_0.0199,minus_199_to_minus_150,1.0_to_1.9,5_to_9.9,0.01_to_0.0199,65_to_69.9,65_to_69.9,7.5_to_8.0,+1.5
1d3c338edb1851414b920c5e62833c42,baseball,mlb,2026_04_21,06:40 PM,Tampa Bay Rays,Cincinnati Reds,total,over,7.5,over_total,100.0,0.6645890921388524,0.3291781842777049,0.3291781842777049,False,822995,1,final,2026-08-28T17:43:21.077345+00:00,6,12,18,1.5,-1.5,7.5,Win,OVER,0.3291781842777049,100.0,,,7.5,0.3291781842777049,0.6645890921388524,Night,0.10_plus,minus_100_to_plus_100,UNBUCKETED,5_to_9.9,0.20_plus,65_to_69.9,65_to_69.9,7.5_to_8.0,UNBUCKETED
4e1d939bfe81862d61aca2a33e9f716c,baseball,mlb,2026_04_21,09:38 PM,Los Angeles Angels,Toronto Blue Jays,total,over,9.5,over_total,100.0,0.5175283329657467,0.0350566659314935,0.0350566659314935,False,824045,1,final,2026-08-28T17:43:21.077345+00:00,2,4,6,1.5,-1.5,9.5,Loss,OVER,0.0350566659314935,100.0,,,9.5,0.0350566659314935,0.5175283329657467,Night,0.03_to_0.0399,minus_100_to_plus_100,UNBUCKETED,5_to_9.9,0.03_to_0.0499,50_to_54.9,50_to_54.9,9.5_to_10.0,UNBUCKETED
5e611c984388d54390d6d9a5518d84be,baseball,mlb,2026_04_21,06:40 PM,Miami Marlins,St Louis Cardinals,run_line,home,1.5,home_run_line,-188.0,0.7600537104094427,0.1643375989251037,0.3089546859791949,False,,,final,2026-08-28T17:43:21.077345+00:00,3,5,8,,,,Loss,HOME,0.1643375989251037,-188.0,,,,0.3089546859791949,0.7600537104094427,Night,0.10_plus,minus_199_to_minus_150,UNBUCKETED,UNBUCKETED,0.20_plus,75_to_79.9,75_to_79.9,UNBUCKETED,UNBUCKETED
8dd01844bbaffc7ec461c4e06ea83b42,baseball,mlb,2026_04_21,08:05 PM,Texas Rangers,Pittsburgh Pirates,run_line,home,1.5,home_run_line,-192.0,0.7745122242292137,0.1779040076819296,0.3415756947493044,False,822914,1,final,2026-08-28T17:43:21.077345+00:00,5,1,6,1.5,-1.5,8.5,Win,HOME,0.1779040076819296,-192.0,,1.5,8.5,0.3415756947493044,0.7745122242292137,Night,0.10_plus,minus_199_to_minus_150,1.0_to_1.9,5_to_9.9,0.20_plus,75_to_79.9,75_to_79.9,8.5_to_9.0,+1.5
b1a87295d83bffd8d9d702ba76f4b1bd,baseball,mlb,2026_04_21,07:40 PM,Kansas City Royals,Baltimore Orioles,run_line,away,1.5,away_run_line,-181.0,0.7355025821255561,0.141857599874482,0.2567622557728125,False,824127,1,final,2026-08-28T17:43:21.077345+00:00,6,5,11,-1.5,1.5,9.0,Win,AWAY,0.141857599874482,-181.0,,1.5,9.0,0.2567622557728125,0.7355025821255561,Night,0.10_plus,minus_199_to_minus_150,1.0_to_1.9,5_to_9.9,0.20_plus,70_to_74.9,70_to_74.9,9.0_to_9.5,+1.5
b1f2c684186f6906566a63d457c86009,baseball,mlb,2026_04_21,06:45 PM,Washington Nationals,Atlanta Braves,run_line,home,1.5,home_run_line,-149.0,0.81602360119858,0.3636904476405798,0.5418987669844642,False,822747,1,final,2026-08-28T17:43:21.077345+00:00,11,4,15,1.5,-1.5,8.5,Win,HOME,0.3636904476405798,-149.0,,1.5,8.5,0.5418987669844642,0.81602360119858,Night,0.10_plus,minus_149_to_minus_125,1.0_to_1.9,5_to_9.9,0.20_plus,80_plus,80_plus,8.5_to_9.0,+1.5
b7ec1f6220bc8b3dbe3589c95eabd186,baseball,mlb,2026_04_21,09:40 PM,Arizona Diamondbacks,Chicago White Sox,run_line,away,1.5,away_run_line,-156.0,0.7894752085700696,0.2955490602175501,0.461056533939378,False,825099,1,final,2026-08-28T17:43:21.077345+00:00,5,11,16,-1.5,1.5,9.0,Win,AWAY,0.2955490602175501,-156.0,,1.5,9.0,0.461056533939378,0.7894752085700696,Night,0.10_plus,minus_199_to_minus_150,1.0_to_1.9,5_to_9.9,0.20_plus,75_to_79.9,75_to_79.9,9.0_to_9.5,+1.5
bce74dac7fe3dd7ecf80111287a3dd34,baseball,mlb,2026_04_21,06:40 PM,Detroit Tigers,Milwaukee Brewers,run_line,home,1.5,home_run_line,-185.0,0.652434742791828,0.0051021713279513,0.0094390169567098,False,824290,1,final,2026-08-28T17:43:21.077345+00:00,4,12,16,1.5,-1.5,8.5,Loss,HOME,0.0051021713279513,-185.0,,1.5,8.5,0.0094390169567098,0.652434742791828,Night,0.00_to_0.0099,minus_199_to_minus_150,1.0_to_1.9,5_to_9.9,0.001_to_0.0099,65_to_69.9,65_to_69.9,8.5_to_9.0,+1.5
c3a389932a73d413d0f0e503a36712ea,baseball,mlb,2026_04_21,06:10 PM,Cleveland Guardians,Houston Astros,run_line,away,1.5,away_run_line,-166.0,0.7303615489533717,0.1703383856722702,0.2827617202159687,False,824448,1,final,2026-08-28T17:43:21.077345+00:00,8,5,13,-1.5,1.5,8.0,Loss,AWAY,0.1703383856722702,-166.0,,1.5,8.0,0.2827617202159687,0.7303615489533717,Night,0.10_plus,minus_199_to_minus_150,1.0_to_1.9,5_to_9.9,0.20_plus,70_to_74.9,70_to_74.9,8.0_to_8.5,+1.5
d5285248b8322f4781920eb06d586c63,baseball,mlb,2026_04_21,06:45 PM,Boston Red Sox,New York Yankees,run_line,home,1.5,home_run_line,-175.0,0.639197592792223,0.0044533601020646,0.0077933801786131,False,824773,1,final,2026-08-28T17:43:21.077345+00:00,0,4,4,1.5,-1.5,8.5,Loss,HOME,0.0044533601020646,-175.0,,1.5,8.5,0.0077933801786131,0.639197592792223,Night,0.00_to_0.0099,minus_199_to_minus_150,1.0_to_1.9,5_to_9.9,0.001_to_0.0099,60_to_64.9,60_to_64.9,8.5_to_9.0,+1.5
d5285248b8322f4781920eb06d586c63,baseball,mlb,2026_04_21,06:45 PM,Boston Red Sox,New York Yankees,moneyline,away,,away_moneyline,-112.0,0.5710134115918004,0.0808468147987651,0.0905484325746168,False,824773,1,final,2026-08-28T17:43:21.077345+00:00,0,4,4,1.5,-1.5,8.5,Win,AWAY,0.0808468147987651,-112.0,-112.0,-1.5,8.5,0.0905484325746168,0.5710134115918004,Night,0.075_to_0.0999,minus_124_to_minus_110,1.0_to_1.9,5_to_9.9,0.05_to_0.0999,55_to_59.9,55_to_59.9,8.5_to_9.0,-1.5
e56e51d0e26b298582dc9ebe9dcf1e22,baseball,mlb,2026_04_21,07:10 PM,New York Mets,Minnesota Twins,run_line,away,1.5,away_run_line,-142.0,0.7458977038962169,0.2711777770625667,0.3850724434288449,False,823640,1,final,2026-08-28T17:43:21.077345+00:00,3,5,8,-1.5,1.5,7.5,Win,AWAY,0.2711777770625667,-142.0,,1.5,7.5,0.3850724434288449,0.7458977038962169,Night,0.10_plus,minus_149_to_minus_125,1.0_to_1.9,5_to_9.9,0.20_plus,70_to_74.9,70_to_74.9,7.5_to_8.0,+1.5
fd082c9fac90847ff16ee7691851778f,baseball,mlb,2026_04_21,07:40 PM,Chicago Cubs,Philadelphia Phillies,run_line,home,1.5,home_run_line,-192.0,0.701128657877433,0.0662998338552629,0.1272956810021046,False,824690,1,final,2026-08-28T17:43:21.077345+00:00,7,4,11,1.5,-1.5,8.0,Win,HOME,0.0662998338552629,-192.0,,1.5,8.0,0.1272956810021046,0.701128657877433,Night,0.05_to_0.0749,minus_199_to_minus_150,1.0_to_1.9,5_to_9.9,0.10_to_0.1499,70_to_74.9,70_to_74.9,8.0_to_8.5,+1.5
1716e08eb19cda68f1493c3d9b10107e,baseball,mlb,2026_04_22,06:45 PM,Washington Nationals,Atlanta Braves,run_line,away,-1.5,away_run_line,112.0,0.5597849052808781,0.1867439991954615,0.1667357135673764,False,822748,1,final,2026-08-28T17:43:21.077345+00:00,6,8,14,1.5,-1.5,9.0,Win,AWAY,0.1867439991954615,112.0,,-1.5,9.0,0.1667357135673764,0.5597849052808781,Night,0.10_plus,plus_101_to_plus_125,1.0_to_1.9,5_to_9.9,0.15_to_0.1999,55_to_59.9,55_to_59.9,9.0_to_9.5,-1.5
28a3f2a1820315be48605c5c321f0c19,baseball,mlb,2026_04_22,07:40 PM,Chicago Cubs,Philadelphia Phillies,run_line,home,-1.5,home_run_line,123.0,0.4836450113101165,0.0785283752215597,0.063844207497203,False,824688,1,final,2026-08-28T17:43:21.077345+00:00,7,2,9,-1.5,1.5,8.5,Win,HOME,0.0785283752215597,123.0,,-1.5,8.5,0.063844207497203,0.4836450113101165,Night,0.075_to_0.0999,plus_101_to_plus_125,1.0_to_1.9,5_to_9.9,0.05_to_0.0999,<50,<50,8.5_to_9.0,-1.5
388c461670fe1eacbca3a3601d06ea5d,baseball,mlb,2026_04_22,12:10 PM,Miami Marlins,St Louis Cardinals,run_line,home,-1.5,home_run_line,159.0,0.4643542042789241,0.2026773890824134,0.1274700560266751,False,,,final,2026-08-28T17:43:21.077345+00:00,4,1,5,,,,Win,HOME,0.2026773890824134,159.0,,,,0.1274700560266751,0.4643542042789241,Day,0.10_plus,plus_151_to_plus_200,UNBUCKETED,UNBUCKETED,0.10_to_0.1499,<50,<50,UNBUCKETED,UNBUCKETED
863d10a0d1fd4ccb9810966d4740d766,baseball,mlb,2026_04_22,08:40 PM,Colorado Rockies,San Diego Padres,run_line,home,1.5,home_run_line,-112.0,0.6977110118373866,0.3206672724064816,0.3591473450952596,False,824367,1,final,2026-08-28T17:43:21.077345+00:00,8,3,11,1.5,-1.5,12.5,Win,HOME,0.3206672724064816,-112.0,,1.5,12.5,0.3591473450952596,0.6977110118373866,Night,0.10_plus,minus_124_to_minus_110,1.0_to_1.9,10_to_14.9,0.20_plus,65_to_69.9,65_to_69.9,12.5_to_13.0,+1.5
a1a9de3dc48cafca34e52ab1babe5d9f,baseball,mlb,2026_04_22,06:40 PM,Detroit Tigers,Milwaukee Brewers,run_line,home,-1.5,home_run_line,159.0,0.4281321399968444,0.1088622425918268,0.0684668192401427,False,824286,1,final,2026-08-28T17:43:21.077345+00:00,5,2,7,-1.5,1.5,8.0,Win,HOME,0.1088622425918268,159.0,,-1.5,8.0,0.0684668192401427,0.4281321399968444,Night,0.10_plus,plus_151_to_plus_200,1.0_to_1.9,5_to_9.9,0.05_to_0.0999,<50,<50,8.0_to_8.5,-1.5
a51b58a3d9fe032b72e59da66a7243fc,baseball,mlb,2026_04_22,09:45 PM,San Francisco Giants,Los Angeles Dodgers,run_line,home,1.5,home_run_line,108.0,0.6705747307440213,0.3947954399475644,0.3655513332847818,False,823231,1,final,2026-08-28T17:43:21.077345+00:00,3,0,3,1.5,-1.5,7.5,Win,HOME,0.3947954399475644,108.0,,1.5,7.5,0.3655513332847818,0.6705747307440213,Night,0.10_plus,plus_101_to_plus_125,1.0_to_1.9,5_to_9.9,0.20_plus,65_to_69.9,65_to_69.9,7.5_to_8.0,+1.5
b8cea4e418d432cea65f9d995118a4bf,baseball,mlb,2026_04_22,04:10 PM,Seattle Mariners,Athletics,run_line,away,1.5,away_run_line,-135.0,0.5992865343277949,0.043202485681717,0.0583233556703179,False,,,final,2026-08-28T17:43:21.077345+00:00,5,4,9,,,,Win,AWAY,0.043202485681717,-135.0,,,,0.0583233556703179,0.5992865343277949,Day,0.04_to_0.0499,minus_149_to_minus_125,UNBUCKETED,UNBUCKETED,0.05_to_0.0999,55_to_59.9,55_to_59.9,UNBUCKETED,UNBUCKETED
d599119eee8f7c6afc027334f7445633,baseball,mlb,2026_04_22,02:10 PM,Kansas City Royals,Baltimore Orioles,run_line,home,-1.5,home_run_line,152.0,0.4369655889837134,0.1011532842389577,0.0665482133151037,False,824123,1,final,2026-08-28T17:43:21.077345+00:00,6,8,14,-1.5,1.5,9.5,Loss,HOME,0.1011532842389577,152.0,,-1.5,9.5,0.0665482133151037,0.4369655889837134,Day,0.10_plus,plus_151_to_plus_200,1.0_to_1.9,5_to_9.9,0.05_to_0.0999,<50,<50,9.5_to_10.0,-1.5
dfff7f7620a1af42549f691892c9c7cd,baseball,mlb,2026_04_22,09:40 PM,Arizona Diamondbacks,Chicago White Sox,run_line,away,1.5,away_run_line,-156.0,0.6532894644226687,0.0720647621295074,0.1124210289220317,False,825097,1,final,2026-08-28T17:43:21.077345+00:00,11,7,18,-1.5,1.5,9.5,Loss,AWAY,0.0720647621295074,-156.0,,1.5,9.5,0.1124210289220317,0.6532894644226687,Night,0.05_to_0.0749,minus_199_to_minus_150,1.0_to_1.9,5_to_9.9,0.10_to_0.1499,65_to_69.9,65_to_69.9,9.5_to_10.0,+1.5
dfff7f7620a1af42549f691892c9c7cd,baseball,mlb,2026_04_22,09:40 PM,Arizona Diamondbacks,Chicago White Sox,total,over,9.5,over_total,100.0,0.6467056531591037,0.2934113063182074,0.2934113063182074,False,825097,1,final,2026-08-28T17:43:21.077345+00:00,11,7,18,-1.5,1.5,9.5,Win,OVER,0.2934113063182074,100.0,,,9.5,0.2934113063182074,0.6467056531591037,Night,0.10_plus,minus_100_to_plus_100,UNBUCKETED,5_to_9.9,0.20_plus,60_to_64.9,60_to_64.9,9.5_to_10.0,UNBUCKETED
e308577ae69b60256ed912a05d931a57,baseball,mlb,2026_04_22,03:07 PM,Los Angeles Angels,Toronto Blue Jays,run_line,home,-1.5,home_run_line,129.0,0.4853586813054511,0.1114713801894831,0.0864119226275062,False,824044,1,final,2026-08-28T17:43:21.077345+00:00,7,3,10,-1.5,1.5,8.0,Win,HOME,0.1114713801894831,129.0,,-1.5,8.0,0.0864119226275062,0.4853586813054511,Day,0.10_plus,plus_126_to_plus_150,1.0_to_1.9,5_to_9.9,0.05_to_0.0999,<50,<50,8.0_to_8.5,-1.5
e33bac43c9aeb7a52713962ae0686e1f,baseball,mlb,2026_04_22,01:10 PM,Cleveland Guardians,Houston Astros,run_line,away,1.5,away_run_line,-185.0,0.7892508049943705,0.2158728617480843,0.3993647942339559,False,824449,1,final,2026-08-28T17:43:21.077345+00:00,0,2,2,-1.5,1.5,8.0,Win,AWAY,0.2158728617480843,-185.0,,1.5,8.0,0.3993647942339559,0.7892508049943705,Day,0.10_plus,minus_199_to_minus_150,1.0_to_1.9,5_to_9.9,0.20_plus,75_to_79.9,75_to_79.9,8.0_to_8.5,+1.5
ebdf17398c47e7ea946db3d1e80d50e7,baseball,mlb,2026_04_22,06:45 PM,Boston Red Sox,New York Yankees,run_line,home,1.5,home_run_line,-142.0,0.6032354350407783,0.0280491216892135,0.0398297527986833,False,824774,1,final,2026-08-28T17:43:21.077345+00:00,1,4,5,1.5,-1.5,7.5,Loss,HOME,0.0280491216892135,-142.0,,1.5,7.5,0.0398297527986833,0.6032354350407783,Night,0.02_to_0.0299,minus_149_to_minus_125,1.0_to_1.9,5_to_9.9,0.03_to_0.0499,60_to_64.9,60_to_64.9,7.5_to_8.0,+1.5
0690cb513a9395d92f4b14ef1ff47d78,baseball,mlb,2026_04_23,02:20 PM,Chicago Cubs,Philadelphia Phillies,run_line,home,1.5,home_run_line,-156.0,0.65469157346124,0.0743656590133168,0.1160104280607742,False,824689,1,final,2026-08-28T17:43:21.077345+00:00,8,7,15,1.5,-1.5,9.0,Win,HOME,0.0743656590133168,-156.0,,1.5,9.0,0.1160104280607742,0.65469157346124,Day,0.05_to_0.0749,minus_199_to_minus_150,1.0_to_1.9,5_to_9.9,0.10_to_0.1499,65_to_69.9,65_to_69.9,9.0_to_9.5,+1.5
1e66733b3f851159b9299af54335356a,baseball,mlb,2026_04_23,07:10 PM,New York Mets,Minnesota Twins,run_line,home,1.5,home_run_line,-175.0,0.8433509431334133,0.3252657677810779,0.5692150936168866,False,823639,1,final,2026-08-28T17:43:21.077345+00:00,10,8,18,1.5,-1.5,7.5,Win,HOME,0.3252657677810779,-175.0,,1.5,7.5,0.5692150936168866,0.8433509431334133,Night,0.10_plus,minus_199_to_minus_150,1.0_to_1.9,5_to_9.9,0.20_plus,80_plus,80_plus,7.5_to_8.0,+1.5
528817a2bf72047f1124e81a7ae55de9,baseball,mlb,2026_04_23,08:05 PM,Texas Rangers,Pittsburgh Pirates,run_line,home,-1.5,home_run_line,129.0,0.6308724973159786,0.4446980188535909,0.3447271463981326,False,822912,1,final,2026-08-28T17:43:21.077345+00:00,6,1,7,-1.5,1.5,8.0,Win,HOME,0.4446980188535909,129.0,,-1.5,8.0,0.3447271463981326,0.6308724973159786,Night,0.10_plus,plus_126_to_plus_150,1.0_to_1.9,5_to_9.9,0.20_plus,60_to_64.9,60_to_64.9,8.0_to_8.5,-1.5
7350a8d7c4145d7f644e02a87a4bb365,baseball,mlb,2026_04_23,03:45 PM,San Francisco Giants,Los Angeles Dodgers,run_line,home,1.5,home_run_line,-135.0,0.5938422096692944,0.0337253279428457,0.0455291927228417,False,823233,1,final,2026-08-28T17:43:21.077345+00:00,0,3,3,1.5,-1.5,7.0,Loss,HOME,0.0337253279428457,-135.0,,1.5,7.0,0.0455291927228417,0.5938422096692944,Day,0.03_to_0.0399,minus_149_to_minus_125,1.0_to_1.9,5_to_9.9,0.03_to_0.0499,55_to_59.9,55_to_59.9,7.0_to_7.5,+1.5
a1b5b1f882e1c817603a505107a56d2f,baseball,mlb,2026_04_23,03:40 PM,Arizona Diamondbacks,Chicago White Sox,run_line,away,1.5,away_run_line,-163.0,0.6792028738993572,0.0958917535922143,0.1563035583553094,False,825096,1,final,2026-08-28T17:43:21.077345+00:00,1,4,5,-1.5,1.5,9.0,Win,AWAY,0.0958917535922143,-163.0,,1.5,9.0,0.1563035583553094,0.6792028738993572,Day,0.075_to_0.0999,minus_199_to_minus_150,1.0_to_1.9,5_to_9.9,0.15_to_0.1999,65_to_69.9,65_to_69.9,9.0_to_9.5,+1.5
ce701a760fa0f743a20a0f8c455c6f67,baseball,mlb,2026_04_23,01:05 PM,Washington Nationals,Atlanta Braves,run_line,home,1.5,home_run_line,-135.0,0.6480559637958161,0.1280974184593835,0.1729315149201678,False,822745,1,final,2026-08-28T17:43:21.077345+00:00,2,7,9,1.5,-1.5,9.0,Loss,HOME,0.1280974184593835,-135.0,,1.5,9.0,0.1729315149201678,0.6480559637958161,Day,0.10_plus,minus_149_to_minus_125,1.0_to_1.9,5_to_9.9,0.15_to_0.1999,60_to_64.9,60_to_64.9,9.0_to_9.5,+1.5
de14a27d2ad6df38427c5adcc15cb1c1,baseball,mlb,2026_04_23,03:10 PM,Colorado Rockies,San Diego Padres,run_line,home,1.5,home_run_line,-114.0,0.6425992196374704,0.2062827456352514,0.2351623300241865,False,824368,1,final,2026-08-28T17:43:21.077345+00:00,8,10,18,1.5,-1.5,11.0,Loss,HOME,0.2062827456352514,-114.0,,1.5,11.0,0.2351623300241865,0.6425992196374704,Day,0.10_plus,minus_124_to_minus_110,1.0_to_1.9,10_to_14.9,0.20_plus,60_to_64.9,60_to_64.9,11.0_to_11.5,+1.5
eb87da969b550c21334d689f9113d312,baseball,mlb,2026_04_23,01:10 PM,Detroit Tigers,Milwaukee Brewers,run_line,away,1.5,away_run_line,-121.0,0.5936287889705363,0.084231093904864,0.1019196236248854,False,824288,1,final,2026-08-28T17:43:21.077345+00:00,5,4,9,-1.5,1.5,7.0,Win,AWAY,0.084231093904864,-121.0,,1.5,7.0,0.1019196236248854,0.5936287889705363,Day,0.075_to_0.0999,minus_124_to_minus_110,1.0_to_1.9,5_to_9.9,0.10_to_0.1499,55_to_59.9,55_to_59.9,7.0_to_7.5,+1.5
eb87da969b550c21334d689f9113d312,baseball,mlb,2026_04_23,01:10 PM,Detroit Tigers,Milwaukee Brewers,total,over,7.0,over_total,102.0,0.6733759703084816,0.4779388551594092,0.5310867115010637,False,824288,1,final,2026-08-28T17:43:21.077345+00:00,5,4,9,-1.5,1.5,7.0,Win,OVER,0.4779388551594092,102.0,,,7.0,0.5310867115010637,0.6733759703084816,Day,0.10_plus,plus_101_to_plus_125,UNBUCKETED,5_to_9.9,0.20_plus,65_to_69.9,65_to_69.9,7.0_to_7.5,UNBUCKETED
0bbbb2fddbaa8b74fdca003a5d074d6f,baseball,mlb,2026_04_24,07:40 PM,Milwaukee Brewers,Pittsburgh Pirates,run_line,home,1.5,home_run_line,-156.0,0.6522667290924922,0.0703864272287051,0.1098028264767799,False,823800,1,final,2026-08-28T17:43:21.077345+00:00,0,6,6,1.5,-1.5,7.0,Loss,HOME,0.0703864272287051,-156.0,,1.5,7.0,0.1098028264767799,0.6522667290924922,Night,0.05_to_0.0749,minus_199_to_minus_150,1.0_to_1.9,5_to_9.9,0.10_to_0.1499,65_to_69.9,65_to_69.9,7.0_to_7.5,+1.5
1a7da3935dee427bcfb5038b6aca6b69,baseball,mlb,2026_04_24,07:40 PM,Chicago White Sox,Washington Nationals,run_line,home,1.5,home_run_line,-185.0,0.6608604340046208,0.0180822902233348,0.0334522369131692,False,824611,1,final,2026-08-28T17:43:21.077345+00:00,5,4,9,1.5,-1.5,9.0,Win,HOME,0.0180822902233348,-185.0,,1.5,9.0,0.0334522369131692,0.6608604340046208,Night,0.01_to_0.0199,minus_199_to_minus_150,1.0_to_1.9,5_to_9.9,0.03_to_0.0499,65_to_69.9,65_to_69.9,9.0_to_9.5,+1.5
1daf20445fbf24373621ac69d10909d6,baseball,mlb,2026_04_24,07:10 PM,New York Mets,Colorado Rockies,run_line,away,1.5,away_run_line,-120.0,0.6310970300178853,0.1570112216994563,0.1884134660393476,False,823638,1,final,2026-08-28T17:43:21.077345+00:00,3,4,7,-1.5,1.5,7.5,Win,AWAY,0.1570112216994563,-120.0,,1.5,7.5,0.1884134660393476,0.6310970300178853,Night,0.10_plus,minus_124_to_minus_110,1.0_to_1.9,5_to_9.9,0.15_to_0.1999,60_to_64.9,60_to_64.9,7.5_to_8.0,+1.5
2c16b21f64ac893fc7dd8fd60f2a018c,baseball,mlb,2026_04_24,06:50 PM,Cincinnati Reds,Detroit Tigers,run_line,home,1.5,home_run_line,-142.0,0.6219914884350731,0.0600136633893499,0.0852194020128769,False,824529,1,final,2026-08-28T17:43:21.077345+00:00,9,8,17,1.5,-1.5,8.5,Win,HOME,0.0600136633893499,-142.0,,1.5,8.5,0.0852194020128769,0.6219914884350731,Night,0.05_to_0.0749,minus_149_to_minus_125,1.0_to_1.9,5_to_9.9,0.05_to_0.0999,60_to_64.9,60_to_64.9,8.5_to_9.0,+1.5
55fa28ecac0b985cde7ea3ed079986e0,baseball,mlb,2026_04_24,10:15 PM,Los Angeles Dodgers,Chicago Cubs,run_line,away,1.5,away_run_line,-142.0,0.6137418518957366,0.0459544236532976,0.0652552815876825,False,823962,1,final,2026-08-28T17:43:21.077345+00:00,4,6,10,-1.5,1.5,9.5,Win,AWAY,0.0459544236532976,-142.0,,1.5,9.5,0.0652552815876825,0.6137418518957366,Night,0.04_to_0.0499,minus_149_to_minus_125,1.0_to_1.9,5_to_9.9,0.05_to_0.0999,60_to_64.9,60_to_64.9,9.5_to_10.0,+1.5
6dfa085cbcdafd48dfe2b4a3ec7d5e04,baseball,mlb,2026_04_24,08:15 PM,St Louis Cardinals,Seattle Mariners,run_line,home,1.5,home_run_line,-131.0,0.6732735570709915,0.187222837277855,0.24526191683399,False,,,final,2026-08-28T17:43:21.077345+00:00,2,3,5,,,,Win,HOME,0.187222837277855,-131.0,,,,0.24526191683399,0.6732735570709915,Night,0.10_plus,minus_149_to_minus_125,UNBUCKETED,UNBUCKETED,0.20_plus,65_to_69.9,65_to_69.9,UNBUCKETED,UNBUCKETED
781378f4580bd5ca464d5bfa8f1035a2,baseball,mlb,2026_04_24,07:40 PM,Kansas City Royals,Los Angeles Angels,run_line,home,1.5,home_run_line,-178.0,0.7414234200622694,0.1579534313332071,0.2811571077731088,False,824124,1,final,2026-08-28T17:43:21.077345+00:00,6,3,9,1.5,-1.5,9.0,Win,HOME,0.1579534313332071,-178.0,,1.5,9.0,0.2811571077731088,0.7414234200622694,Night,0.10_plus,minus_199_to_minus_150,1.0_to_1.9,5_to_9.9,0.20_plus,70_to_74.9,70_to_74.9,9.0_to_9.5,+1.5
8a412fa061b10c75d57bc591bf081271,baseball,mlb,2026_04_24,07:15 PM,Atlanta Braves,Philadelphia Phillies,run_line,away,1.5,away_run_line,-175.0,0.7524056542830837,0.1823517424448457,0.3191155492784802,False,824932,1,final,2026-08-28T17:43:21.077345+00:00,5,3,8,-1.5,1.5,9.0,Loss,AWAY,0.1823517424448457,-175.0,,1.5,9.0,0.3191155492784802,0.7524056542830837,Night,0.10_plus,minus_199_to_minus_150,1.0_to_1.9,5_to_9.9,0.20_plus,75_to_79.9,75_to_79.9,9.0_to_9.5,+1.5
932ab74f8b661c6fcaea03f907780fce,baseball,mlb,2026_04_24,07:05 PM,Baltimore Orioles,Boston Red Sox,run_line,home,1.5,home_run_line,-185.0,0.7255915641419491,0.1178032204348946,0.2179359578045551,False,824854,1,final,2026-08-28T17:43:21.077345+00:00,10,3,13,1.5,-1.5,9.0,Win,HOME,0.1178032204348946,-185.0,,1.5,9.0,0.2179359578045551,0.7255915641419491,Night,0.10_plus,minus_199_to_minus_150,1.0_to_1.9,5_to_9.9,0.20_plus,70_to_74.9,70_to_74.9,9.0_to_9.5,+1.5
988cc0182b2c8cc4ce2bd71787602b09,baseball,mlb,2026_04_24,07:10 PM,Tampa Bay Rays,Minnesota Twins,run_line,home,1.5,home_run_line,-204.0,0.8344681394932433,0.2435211490487547,0.4967831440594595,False,822992,1,final,2026-08-28T17:43:21.077345+00:00,6,2,8,1.5,-1.5,7.5,Win,HOME,0.2435211490487547,-204.0,,1.5,7.5,0.4967831440594595,0.8344681394932433,Night,0.10_plus,minus_200_or_lower,1.0_to_1.9,5_to_9.9,0.20_plus,80_plus,80_plus,7.5_to_8.0,+1.5
c5471ce2c30f59270ff07727d27ce902,baseball,mlb,2026_04_24,07:07 PM,Toronto Blue Jays,Cleveland Guardians,run_line,home,1.5,home_run_line,-163.0,0.6573559301057716,0.0606417767964291,0.0988460961781794,False,822827,1,final,2026-08-28T17:43:21.077345+00:00,6,8,14,1.5,-1.5,8.0,Loss,HOME,0.0606417767964291,-163.0,,1.5,8.0,0.0988460961781794,0.6573559301057716,Night,0.05_to_0.0749,minus_199_to_minus_150,1.0_to_1.9,5_to_9.9,0.05_to_0.0999,65_to_69.9,65_to_69.9,8.0_to_8.5,+1.5
0230d646bd78d15e54bbc955a0e7d747,baseball,mlb,2026_04_25,07:15 PM,Los Angeles Dodgers,Chicago Cubs,run_line,home,-1.5,home_run_line,135.0,0.4270559636558153,0.0035815145911659,0.002652973771234,False,823960,1,final,2026-08-24T17:45:59.953030+00:00,12,4,16,-1.5,1.5,9.5,Win,HOME,0.0035815145911659,135.0,,-1.5,9.5,0.002652973771234,0.4270559636558153,Night,0.00_to_0.0099,plus_126_to_plus_150,1.0_to_1.9,5_to_9.9,0.001_to_0.0099,<50,<50,9.5_to_10.0,-1.5
08936c478449a51f7fe13f0d1640984f,baseball,mlb,2026_04_25,06:05 PM,Arizona Diamondbacks,San Diego Padres,run_line,away,1.5,away_run_line,-153.0,0.7358695152169108,0.2168299826789439,0.3317498734987842,False,825093,1,final,2026-08-24T17:45:59.953030+00:00,4,6,10,-1.5,1.5,15.5,Win,AWAY,0.2168299826789439,-153.0,,1.5,15.5,0.3317498734987842,0.7358695152169108,Night,0.10_plus,minus_199_to_minus_150,1.0_to_1.9,15_to_19.9,0.20_plus,70_to_74.9,70_to_74.9,15.5_to_16.0,+1.5
17a28912aee00dc855f859e2835228d9,baseball,mlb,2026_04_25,07:10 PM,Milwaukee Brewers,Pittsburgh Pirates,run_line,home,-1.5,home_run_line,152.0,0.4459357311997869,0.123758042623463,0.0814197648838572,False,823799,1,final,2026-08-24T17:45:59.953030+00:00,3,6,9,-1.5,1.5,8.0,Loss,HOME,0.123758042623463,152.0,,-1.5,8.0,0.0814197648838572,0.4459357311997869,Night,0.10_plus,plus_151_to_plus_200,1.0_to_1.9,5_to_9.9,0.05_to_0.0999,<50,<50,8.0_to_8.5,-1.5
31a831e88d76ddeb493400030e7b7881,baseball,mlb,2026_04_25,04:10 PM,Chicago White Sox,Washington Nationals,run_line,away,1.5,away_run_line,-175.0,0.6618110127820684,0.0399887343718217,0.0699802851506881,False,824613,1,final,2026-08-24T17:45:59.953030+00:00,3,6,9,-1.5,1.5,8.5,Win,AWAY,0.0399887343718217,-175.0,,1.5,8.5,0.0699802851506881,0.6618110127820684,Day,0.03_to_0.0399,minus_199_to_minus_150,1.0_to_1.9,5_to_9.9,0.05_to_0.0999,65_to_69.9,65_to_69.9,8.5_to_9.0,+1.5
4231dc4bed4b8aac32157bce916837c9,baseball,mlb,2026_04_25,08:10 PM,Atlanta Braves,Philadelphia Phillies,run_line,away,1.5,away_run_line,-185.0,0.7071970666450155,0.0894657513179968,0.1655116399382941,False,824933,1,final,2026-08-24T17:45:59.953030+00:00,5,8,13,-1.5,1.5,8.5,Win,AWAY,0.0894657513179968,-185.0,,1.5,8.5,0.1655116399382941,0.7071970666450155,Night,0.075_to_0.0999,minus_199_to_minus_150,1.0_to_1.9,5_to_9.9,0.15_to_0.1999,70_to_74.9,70_to_74.9,8.5_to_9.0,+1.5
5ea60d3f2b8cbb37652324db287ef423,baseball,mlb,2026_04_25,04:05 PM,San Francisco Giants,Miami Marlins,run_line,home,1.5,home_run_line,-204.0,0.793805133057172,0.1829252963204917,0.373167604493803,False,823229,1,final,2026-08-24T17:45:59.953030+00:00,6,2,8,1.5,-1.5,7.5,Win,HOME,0.1829252963204917,-204.0,,1.5,7.5,0.373167604493803,0.793805133057172,Day,0.10_plus,minus_200_or_lower,1.0_to_1.9,5_to_9.9,0.20_plus,75_to_79.9,75_to_79.9,7.5_to_8.0,+1.5
63131db348d369a559938449619679e9,baseball,mlb,2026_04_25,04:10 PM,Tampa Bay Rays,Minnesota Twins,run_line,home,-1.5,home_run_line,159.0,0.4570926600947691,0.1838699896454518,0.1156415029216679,False,822989,1,final,2026-08-24T17:45:59.953030+00:00,6,1,7,-1.5,1.5,8.0,Win,HOME,0.1838699896454518,159.0,,-1.5,8.0,0.1156415029216679,0.4570926600947691,Day,0.10_plus,plus_151_to_plus_200,1.0_to_1.9,5_to_9.9,0.10_to_0.1499,<50,<50,8.0_to_8.5,-1.5
923d805add7039794f2363537d65f6c3,baseball,mlb,2026_04_25,07:15 PM,Cincinnati Reds,Detroit Tigers,run_line,home,1.5,home_run_line,-172.0,0.7732040423911252,0.2227412763394538,0.3831149953038605,False,824527,1,final,2026-08-24T17:45:59.953030+00:00,9,2,11,1.5,-1.5,9.5,Win,HOME,0.2227412763394538,-172.0,,1.5,9.5,0.3831149953038605,0.7732040423911252,Night,0.10_plus,minus_199_to_minus_150,1.0_to_1.9,5_to_9.9,0.20_plus,75_to_79.9,75_to_79.9,9.5_to_10.0,+1.5
a06835fe8f4774ce140569b5ea8415bf,baseball,mlb,2026_04_25,12:05 PM,Baltimore Orioles,Boston Red Sox,run_line,away,-1.5,away_run_line,159.0,0.4006640375197715,0.037719857176208,0.0237231806139672,False,824851,1,final,2026-08-24T17:45:59.953030+00:00,1,17,18,1.5,-1.5,7.5,Win,AWAY,0.037719857176208,159.0,,-1.5,7.5,0.0237231806139672,0.4006640375197715,Day,0.03_to_0.0399,plus_151_to_plus_200,1.0_to_1.9,5_to_9.9,0.02_to_0.0299,<50,<50,7.5_to_8.0,-1.5
b266f49858dc754c6db869ecff6d52d5,baseball,mlb,2026_04_25,07:10 PM,Houston Astros,New York Yankees,run_line,home,1.5,home_run_line,-126.0,0.6013740295121113,0.078655005315374,0.0991053066973714,False,824203,1,final,2026-08-24T17:45:59.953030+00:00,3,8,11,1.5,-1.5,9.0,Loss,HOME,0.078655005315374,-126.0,,1.5,9.0,0.0991053066973714,0.6013740295121113,Night,0.075_to_0.0999,minus_149_to_minus_125,1.0_to_1.9,5_to_9.9,0.05_to_0.0999,60_to_64.9,60_to_64.9,9.0_to_9.5,+1.5
d8627b6c88e823c4e5eadd5bb0041769,baseball,mlb,2026_04_25,07:10 PM,Kansas City Royals,Los Angeles Angels,run_line,home,-1.5,home_run_line,129.0,0.4830969833564593,0.1062920918862917,0.0823969704544898,False,824121,1,final,2026-08-24T17:45:59.953030+00:00,12,1,13,-1.5,1.5,8.5,Win,HOME,0.1062920918862917,129.0,,-1.5,8.5,0.0823969704544898,0.4830969833564593,Night,0.10_plus,plus_126_to_plus_150,1.0_to_1.9,5_to_9.9,0.05_to_0.0999,<50,<50,8.5_to_9.0,-1.5
02dcaedecc84abb3770b936306df02d9,baseball,mlb,2026_04_26,04:05 PM,Arizona Diamondbacks,San Diego Padres,run_line,home,1.5,home_run_line,-135.0,0.7759966450183748,0.3508089746616154,0.4735921157931808,False,825094,1,final,2026-08-28T17:43:21.077345+00:00,12,7,19,1.5,-1.5,15.5,Win,HOME,0.3508089746616154,-135.0,,1.5,15.5,0.4735921157931808,0.7759966450183748,Day,0.10_plus,minus_149_to_minus_125,1.0_to_1.9,15_to_19.9,0.20_plus,75_to_79.9,75_to_79.9,15.5_to_16.0,+1.5
1461fb537b3598f4090a3bd48ac75aa0,baseball,mlb,2026_04_26,04:10 PM,Los Angeles Dodgers,Chicago Cubs,run_line,home,-1.5,home_run_line,152.0,0.4303081556207718,0.0843765521643449,0.0555108895818058,False,823959,1,final,2026-08-28T17:43:21.077345+00:00,6,0,6,-1.5,1.5,9.0,Win,HOME,0.0843765521643449,152.0,,-1.5,9.0,0.0555108895818058,0.4303081556207718,Day,0.075_to_0.0999,plus_151_to_plus_200,1.0_to_1.9,5_to_9.9,0.05_to_0.0999,<50,<50,9.0_to_9.5,-1.5
1e288a31989294698b1a4901c9fda486,baseball,mlb,2026_04_26,02:10 PM,Chicago White Sox,Washington Nationals,run_line,away,1.5,away_run_line,-192.0,0.7623352420196572,0.1593848472382288,0.3060189066973993,False,824612,1,final,2026-08-28T17:43:21.077345+00:00,1,2,3,-1.5,1.5,8.0,Win,AWAY,0.1593848472382288,-192.0,,1.5,8.0,0.3060189066973993,0.7623352420196572,Day,0.10_plus,minus_199_to_minus_150,1.0_to_1.9,5_to_9.9,0.20_plus,75_to_79.9,75_to_79.9,8.0_to_8.5,+1.5
3b5d0ef6c7e43cabe937c7a9f10067e9,baseball,mlb,2026_04_26,01:40 PM,New York Mets,Colorado Rockies,run_line,away,1.5,away_run_line,-117.0,0.553886836042766,0.0272943882160703,0.0319344342128022,False,823635,1,final,2026-08-28T17:43:21.077345+00:00,1,3,4,-1.5,1.5,7.5,Win,AWAY,0.0272943882160703,-117.0,,1.5,7.5,0.0319344342128022,0.553886836042766,Day,0.02_to_0.0299,minus_124_to_minus_110,1.0_to_1.9,5_to_9.9,0.03_to_0.0499,55_to_59.9,55_to_59.9,7.5_to_8.0,+1.5
4bd84afb941f32d8212a16abd49c992b,baseball,mlb,2026_04_26,04:10 PM,Kansas City Royals,Los Angeles Angels,run_line,home,1.5,home_run_line,-196.0,0.7035321626080399,0.0624771435305091,0.1224552013197978,False,824122,1,final,2026-08-28T17:43:21.077345+00:00,11,9,20,1.5,-1.5,8.5,Win,HOME,0.0624771435305091,-196.0,,1.5,8.5,0.1224552013197978,0.7035321626080399,Day,0.05_to_0.0749,minus_199_to_minus_150,1.0_to_1.9,5_to_9.9,0.10_to_0.1499,70_to_74.9,70_to_74.9,8.5_to_9.0,+1.5
4bfe574e7c5269d65b3a9936e5793ada,baseball,mlb,2026_04_26,01:40 PM,Cincinnati Reds,Detroit Tigers,run_line,home,1.5,home_run_line,-185.0,0.6758284649622617,0.0411411487256463,0.0761111251424458,False,824528,1,final,2026-08-28T17:43:21.077345+00:00,3,8,11,1.5,-1.5,9.0,Loss,HOME,0.0411411487256463,-185.0,,1.5,9.0,0.0761111251424458,0.6758284649622617,Day,0.04_to_0.0499,minus_199_to_minus_150,1.0_to_1.9,5_to_9.9,0.05_to_0.0999,65_to_69.9,65_to_69.9,9.0_to_9.5,+1.5
70d642527538cc1ee9ace67b17830b01,baseball,mlb,2026_04_26,02:15 PM,St Louis Cardinals,Seattle Mariners,run_line,home,1.5,home_run_line,-142.0,0.7559575043818467,0.2883219440873725,0.4094171606040691,False,,,final,2026-08-28T17:43:21.077345+00:00,2,3,5,,,,Win,HOME,0.2883219440873725,-142.0,,,,0.4094171606040691,0.7559575043818467,Day,0.10_plus,minus_149_to_minus_125,UNBUCKETED,UNBUCKETED,0.20_plus,75_to_79.9,75_to_79.9,UNBUCKETED,UNBUCKETED
7ec692536ced485b4f6b8d0e30b4fef8,baseball,mlb,2026_04_26,01:35 PM,Baltimore Orioles,Boston Red Sox,run_line,away,1.5,away_run_line,-181.0,0.6552931334919846,0.0173335387361748,0.0313737051124766,False,824852,1,final,2026-08-28T17:43:21.077345+00:00,3,5,8,-1.5,1.5,7.5,Win,AWAY,0.0173335387361748,-181.0,,1.5,7.5,0.0313737051124766,0.6552931334919846,Day,0.01_to_0.0199,minus_199_to_minus_150,1.0_to_1.9,5_to_9.9,0.03_to_0.0499,65_to_69.9,65_to_69.9,7.5_to_8.0,+1.5
b5cfe25f8464fa7df106032a0f8176cb,baseball,mlb,2026_04_26,02:10 PM,Houston Astros,New York Yankees,run_line,home,1.5,home_run_line,-135.0,0.6465503374809178,0.1254765133927087,0.1693932930801569,False,824202,1,final,2026-08-28T17:43:21.077345+00:00,7,4,11,1.5,-1.5,9.5,Win,HOME,0.1254765133927087,-135.0,,1.5,9.5,0.1693932930801569,0.6465503374809178,Day,0.10_plus,minus_149_to_minus_125,1.0_to_1.9,5_to_9.9,0.15_to_0.1999,60_to_64.9,60_to_64.9,9.5_to_10.0,+1.5
c26a6d846d17f3b6d042903c4207d68f,baseball,mlb,2026_04_26,01:35 PM,Atlanta Braves,Philadelphia Phillies,run_line,home,-1.5,home_run_line,129.0,0.5033121946692797,0.1525849257926503,0.1182828882113569,False,824934,1,final,2026-08-28T17:43:21.077345+00:00,6,2,8,-1.5,1.5,8.0,Win,HOME,0.1525849257926503,129.0,,-1.5,8.0,0.1182828882113569,0.5033121946692797,Day,0.10_plus,plus_126_to_plus_150,1.0_to_1.9,5_to_9.9,0.10_to_0.1499,50_to_54.9,50_to_54.9,8.0_to_8.5,-1.5
cc556f65adbf4288f6798535aeee908d,baseball,mlb,2026_04_26,01:40 PM,Tampa Bay Rays,Minnesota Twins,run_line,home,-1.5,home_run_line,141.0,0.4505547679682729,0.0858369908035376,0.0608772984422253,False,822991,1,final,2026-08-28T17:43:21.077345+00:00,4,2,6,-1.5,1.5,8.5,Win,HOME,0.0858369908035376,141.0,,-1.5,8.5,0.0608772984422253,0.4505547679682729,Day,0.075_to_0.0999,plus_126_to_plus_150,1.0_to_1.9,5_to_9.9,0.05_to_0.0999,<50,<50,8.5_to_9.0,-1.5
d39ff9cf8baccfeb8924d92a8ef7f7f7,baseball,mlb,2026_04_26,02:10 PM,Milwaukee Brewers,Pittsburgh Pirates,run_line,home,-1.5,home_run_line,163.0,0.4110137852698636,0.0809662552597412,0.049672549239105,False,823797,1,final,2026-08-28T17:43:21.077345+00:00,5,0,5,-1.5,1.5,7.5,Win,HOME,0.0809662552597412,163.0,,-1.5,7.5,0.049672549239105,0.4110137852698636,Day,0.075_to_0.0999,plus_151_to_plus_200,1.0_to_1.9,5_to_9.9,0.03_to_0.0499,<50,<50,7.5_to_8.0,-1.5
f837a42730f5b62ac990bb62b5c144a3,baseball,mlb,2026_04_26,04:05 PM,San Francisco Giants,Miami Marlins,run_line,home,-1.5,home_run_line,152.0,0.4114708785459715,0.036906613935848,0.0242806670630579,False,823230,1,final,2026-08-28T17:43:21.077345+00:00,6,3,9,-1.5,1.5,7.5,Win,HOME,0.036906613935848,152.0,,-1.5,7.5,0.0242806670630579,0.4114708785459715,Day,0.03_to_0.0399,plus_151_to_plus_200,1.0_to_1.9,5_to_9.9,0.02_to_0.0299,<50,<50,7.5_to_8.0,-1.5
0b45fce085ac92932833ba131d0e395d,baseball,mlb,2026_04_27,07:40 PM,Minnesota Twins,Seattle Mariners,run_line,home,1.5,home_run_line,-142.0,0.7551032344993515,0.2868660756960777,0.4073498274884305,False,823719,1,final,2026-08-28T17:43:21.077345+00:00,11,4,15,1.5,-1.5,8.5,Win,HOME,0.2868660756960777,-142.0,,1.5,8.5,0.4073498274884305,0.7551032344993515,Night,0.10_plus,minus_149_to_minus_125,1.0_to_1.9,5_to_9.9,0.20_plus,75_to_79.9,75_to_79.9,8.5_to_9.0,+1.5
371ff765cd40348073b510b2f45d81e9,baseball,mlb,2026_04_27,08:05 PM,Texas Rangers,New York Yankees,run_line,home,1.5,home_run_line,-112.0,0.5750585757586777,0.0885037326860684,0.0991241806083967,False,822906,1,final,2026-08-28T17:43:21.077345+00:00,2,4,6,1.5,-1.5,8.0,Loss,HOME,0.0885037326860684,-112.0,,1.5,8.0,0.0991241806083967,0.5750585757586777,Night,0.075_to_0.0999,minus_124_to_minus_110,1.0_to_1.9,5_to_9.9,0.05_to_0.0999,55_to_59.9,55_to_59.9,8.0_to_8.5,+1.5
4231e596c0ccb42a62c16bf46b6854a6,baseball,mlb,2026_04_27,06:40 PM,Pittsburgh Pirates,St Louis Cardinals,run_line,home,-1.5,home_run_line,159.0,0.4741089188717973,0.2279420998779548,0.1433598112439968,False,,,final,2026-08-28T17:43:21.077345+00:00,2,4,6,,,,Loss,HOME,0.2279420998779548,159.0,,,,0.1433598112439968,0.4741089188717973,Night,0.10_plus,plus_151_to_plus_200,UNBUCKETED,UNBUCKETED,0.10_to_0.1499,<50,<50,UNBUCKETED,UNBUCKETED
65f2df473a540a92e7f974a290ed36fb,baseball,mlb,2026_04_27,10:10 PM,Los Angeles Dodgers,Miami Marlins,run_line,home,-1.5,home_run_line,-142.0,0.6214664197101049,0.0591188279566574,0.0839487356984536,False,823961,1,final,2026-08-28T17:43:21.077345+00:00,5,4,9,-1.5,1.5,8.5,Loss,HOME,0.0591188279566574,-142.0,,-1.5,8.5,0.0839487356984536,0.6214664197101049,Night,0.05_to_0.0749,minus_149_to_minus_125,1.0_to_1.9,5_to_9.9,0.05_to_0.0999,60_to_64.9,60_to_64.9,8.5_to_9.0,-1.5
717163f13d80f9495ad5b88b9396ca1a,baseball,mlb,2026_04_27,09:40 PM,San Diego Padres,Chicago Cubs,run_line,home,1.5,home_run_line,-175.0,0.8029064168264295,0.2617100835843891,0.4579926462726811,False,823311,1,final,2026-08-28T17:43:21.077345+00:00,9,7,16,1.5,-1.5,8.0,Win,HOME,0.2617100835843891,-175.0,,1.5,8.0,0.4579926462726811,0.8029064168264295,Night,0.10_plus,minus_199_to_minus_150,1.0_to_1.9,5_to_9.9,0.20_plus,80_plus,80_plus,8.0_to_8.5,+1.5
aede5ca829ddcbc5ee6726a1c0a03117,baseball,mlb,2026_04_27,10:40 PM,Chicago White Sox,Los Angeles Angels,moneyline,away,,away_moneyline,-120.0,0.5895232117751374,0.0807925549210852,0.0969510659053023,False,824609,1,final,2026-08-28T17:43:21.077345+00:00,8,7,15,1.5,-1.5,9.0,Loss,AWAY,0.0807925549210852,-120.0,-120.0,-1.5,9.0,0.0969510659053023,0.5895232117751374,Night,0.075_to_0.0999,minus_124_to_minus_110,1.0_to_1.9,5_to_9.9,0.05_to_0.0999,55_to_59.9,55_to_59.9,9.0_to_9.5,-1.5
eb2a21d7a425f6a975d1eae9da93e4c7,baseball,mlb,2026_04_27,07:07 PM,Toronto Blue Jays,Boston Red Sox,run_line,away,1.5,away_run_line,-185.0,0.6539553616544995,0.0074447463326074,0.0137727807153236,False,822825,1,final,2026-08-28T17:43:21.077345+00:00,0,5,5,-1.5,1.5,7.0,Win,AWAY,0.0074447463326074,-185.0,,1.5,7.0,0.0137727807153236,0.6539553616544995,Night,0.00_to_0.0099,minus_199_to_minus_150,1.0_to_1.9,5_to_9.9,0.01_to_0.0199,65_to_69.9,65_to_69.9,7.0_to_7.5,+1.5
3c9ebf868da49e615e589bd0d839b640,baseball,mlb,2026_04_28,06:35 PM,Baltimore Orioles,Houston Astros,run_line,away,1.5,away_run_line,-172.0,0.7309800814802309,0.1559685009454814,0.2682658216262281,False,824849,1,final,2026-08-28T17:43:21.077345+00:00,5,3,8,-1.5,1.5,9.0,Loss,AWAY,0.1559685009454814,-172.0,,1.5,9.0,0.2682658216262281,0.7309800814802309,Night,0.10_plus,minus_199_to_minus_150,1.0_to_1.9,5_to_9.9,0.20_plus,70_to_74.9,70_to_74.9,9.0_to_9.5,+1.5
5a82b72d720f0eb369a8aaea7d673273,baseball,mlb,2026_04_28,06:40 PM,Pittsburgh Pirates,St Louis Cardinals,run_line,home,-1.5,home_run_line,135.0,0.434862304159886,0.021926414775732,0.0162417887227645,False,,,final,2026-08-28T17:43:21.077345+00:00,7,11,18,,,,Loss,HOME,0.021926414775732,135.0,,,,0.0162417887227645,0.434862304159886,Night,0.02_to_0.0299,plus_126_to_plus_150,UNBUCKETED,UNBUCKETED,0.01_to_0.0199,<50,<50,UNBUCKETED,UNBUCKETED
6015a24988595d49a325507fa8543243,baseball,mlb,2026_04_28,07:15 PM,Atlanta Braves,Detroit Tigers,run_line,home,1.5,home_run_line,-192.0,0.8260100363432726,0.2562235969387274,0.4919493061223563,False,824931,1,final,2026-08-28T17:43:21.077345+00:00,5,2,7,1.5,-1.5,9.0,Win,HOME,0.2562235969387274,-192.0,,1.5,9.0,0.4919493061223563,0.8260100363432726,Night,0.10_plus,minus_199_to_minus_150,1.0_to_1.9,5_to_9.9,0.20_plus,80_plus,80_plus,9.0_to_9.5,+1.5
630b5c008c0741c01c32f890068fa598,baseball,mlb,2026_04_28,09:40 PM,Athletics,Kansas City Royals,run_line,home,1.5,home_run_line,-163.0,0.7254194934491796,0.1704621274670812,0.2778532677713422,False,,,final,2026-08-28T17:43:21.077345+00:00,1,4,5,,,,Loss,HOME,0.1704621274670812,-163.0,,,,0.2778532677713422,0.7254194934491796,Night,0.10_plus,minus_199_to_minus_150,UNBUCKETED,UNBUCKETED,0.20_plus,70_to_74.9,70_to_74.9,UNBUCKETED,UNBUCKETED
72f79061defb394c2e533967c55edb30,baseball,mlb,2026_04_28,07:40 PM,Milwaukee Brewers,Arizona Diamondbacks,run_line,home,1.5,home_run_line,-192.0,0.8998986811886152,0.3685959109743526,0.7077041490707564,False,823798,1,final,2026-08-28T17:43:21.077345+00:00,13,2,15,1.5,-1.5,8.0,Win,HOME,0.3685959109743526,-192.0,,1.5,8.0,0.7077041490707564,0.8998986811886152,Night,0.10_plus,minus_199_to_minus_150,1.0_to_1.9,5_to_9.9,0.20_plus,80_plus,80_plus,8.0_to_8.5,+1.5
7401e0a3694fdfd518a0b949987e61b4,baseball,mlb,2026_04_28,07:40 PM,Minnesota Twins,Seattle Mariners,run_line,home,1.5,home_run_line,-163.0,0.7145308051277105,0.1528932622612753,0.2492160174858786,False,823716,1,final,2026-08-28T17:43:21.077345+00:00,1,7,8,1.5,-1.5,7.5,Loss,HOME,0.1528932622612753,-163.0,,1.5,7.5,0.2492160174858786,0.7145308051277105,Night,0.10_plus,minus_199_to_minus_150,1.0_to_1.9,5_to_9.9,0.20_plus,70_to_74.9,70_to_74.9,7.5_to_8.0,+1.5
7401e0a3694fdfd518a0b949987e61b4,baseball,mlb,2026_04_28,07:40 PM,Minnesota Twins,Seattle Mariners,moneyline,home,,home_moneyline,108.0,0.5102929953399459,0.0614094303070875,0.0568605836176735,False,823716,1,final,2026-08-28T17:43:21.077345+00:00,1,7,8,1.5,-1.5,7.5,Loss,HOME,0.0614094303070875,108.0,108.0,1.5,7.5,0.0568605836176735,0.5102929953399459,Night,0.05_to_0.0749,plus_101_to_plus_125,1.0_to_1.9,5_to_9.9,0.05_to_0.0999,50_to_54.9,50_to_54.9,7.5_to_8.0,+1.5
781a040a058473c689200f515770de83,baseball,mlb,2026_04_28,06:40 PM,Cincinnati Reds,Colorado Rockies,run_line,home,-1.5,home_run_line,100.0,0.5612499097599816,0.1224998195199631,0.1224998195199631,False,824526,1,final,2026-08-28T17:43:21.077345+00:00,7,2,9,-1.5,1.5,9.0,Win,HOME,0.1224998195199631,100.0,,-1.5,9.0,0.1224998195199631,0.5612499097599816,Night,0.10_plus,minus_100_to_plus_100,1.0_to_1.9,5_to_9.9,0.10_to_0.1499,55_to_59.9,55_to_59.9,9.0_to_9.5,-1.5
b2b5566d4285c0ab7ca9f78f4d1a6de7,baseball,mlb,2026_04_28,06:10 PM,Cleveland Guardians,Tampa Bay Rays,run_line,away,1.5,away_run_line,-185.0,0.6942139052647412,0.069464664867304,0.1285096300045126,False,824447,1,final,2026-08-28T17:43:21.077345+00:00,0,1,1,-1.5,1.5,7.5,Win,AWAY,0.069464664867304,-185.0,,1.5,7.5,0.1285096300045126,0.6942139052647412,Night,0.05_to_0.0749,minus_199_to_minus_150,1.0_to_1.9,5_to_9.9,0.10_to_0.1499,65_to_69.9,65_to_69.9,7.5_to_8.0,+1.5
bb7e51c3ed5e76ca658d46e6b586c0fa,baseball,mlb,2026_04_28,08:05 PM,Texas Rangers,New York Yankees,run_line,home,1.5,home_run_line,-166.0,0.7224593909856403,0.1576758915793994,0.2617419800218031,False,822908,1,final,2026-08-28T17:43:21.077345+00:00,2,3,5,1.5,-1.5,7.5,Win,HOME,0.1576758915793994,-166.0,,1.5,7.5,0.2617419800218031,0.7224593909856403,Night,0.10_plus,minus_199_to_minus_150,1.0_to_1.9,5_to_9.9,0.20_plus,70_to_74.9,70_to_74.9,7.5_to_8.0,+1.5
be00405883c8d7ad0c220c8af4c08a53,baseball,mlb,2026_04_28,07:40 PM,Chicago White Sox,Los Angeles Angels,run_line,home,1.5,home_run_line,-142.0,0.6772683760126359,0.1542179365849145,0.2189894699505788,False,824610,1,final,2026-08-28T17:43:21.077345+00:00,5,2,7,1.5,-1.5,7.5,Win,HOME,0.1542179365849145,-142.0,,1.5,7.5,0.2189894699505788,0.6772683760126359,Night,0.10_plus,minus_149_to_minus_125,1.0_to_1.9,5_to_9.9,0.20_plus,65_to_69.9,65_to_69.9,7.5_to_8.0,+1.5
be00405883c8d7ad0c220c8af4c08a53,baseball,mlb,2026_04_28,07:40 PM,Chicago White Sox,Los Angeles Angels,moneyline,home,,home_moneyline,119.0,0.4888113692598281,0.0704968986790235,0.0592410913269105,False,824610,1,final,2026-08-28T17:43:21.077345+00:00,5,2,7,1.5,-1.5,7.5,Win,HOME,0.0704968986790235,119.0,119.0,1.5,7.5,0.0592410913269105,0.4888113692598281,Night,0.05_to_0.0749,plus_101_to_plus_125,1.0_to_1.9,5_to_9.9,0.05_to_0.0999,<50,<50,7.5_to_8.0,+1.5
ca628e132f0ee9d811d1967c7062a0a5,baseball,mlb,2026_04_28,06:40 PM,Philadelphia Phillies,San Francisco Giants,run_line,away,1.5,away_run_line,-149.0,0.6147962847712178,0.0274112409935116,0.0408427490803323,False,823473,1,final,2026-08-28T17:43:21.077345+00:00,7,0,7,-1.5,1.5,8.0,Loss,AWAY,0.0274112409935116,-149.0,,1.5,8.0,0.0408427490803323,0.6147962847712178,Night,0.02_to_0.0299,minus_149_to_minus_125,1.0_to_1.9,5_to_9.9,0.03_to_0.0499,60_to_64.9,60_to_64.9,8.0_to_8.5,+1.5
d221d6de333533ced3489663067a588d,baseball,mlb,2026_04_28,09:40 PM,San Diego Padres,Chicago Cubs,run_line,away,-1.5,away_run_line,135.0,0.4398646394814128,0.0336819027813202,0.0249495576157926,False,823310,1,final,2026-08-28T17:43:21.077345+00:00,3,8,11,1.5,-1.5,8.5,Win,AWAY,0.0336819027813202,135.0,,-1.5,8.5,0.0249495576157926,0.4398646394814128,Night,0.03_to_0.0399,plus_126_to_plus_150,1.0_to_1.9,5_to_9.9,0.02_to_0.0299,<50,<50,8.5_to_9.0,-1.5
d221d6de333533ced3489663067a588d,baseball,mlb,2026_04_28,09:40 PM,San Diego Padres,Chicago Cubs,total,over,8.5,over_total,100.0,0.6866774358789156,0.3733548717578312,0.3733548717578312,False,823310,1,final,2026-08-28T17:43:21.077345+00:00,3,8,11,1.5,-1.5,8.5,Win,OVER,0.3733548717578312,100.0,,,8.5,0.3733548717578312,0.6866774358789156,Night,0.10_plus,minus_100_to_plus_100,UNBUCKETED,5_to_9.9,0.20_plus,65_to_69.9,65_to_69.9,8.5_to_9.0,UNBUCKETED
fbf763600d3ccdeb10333812e326159f,baseball,mlb,2026_04_28,07:10 PM,New York Mets,Washington Nationals,run_line,away,1.5,away_run_line,-135.0,0.6030722540948605,0.0497924423132756,0.0672197971229222,False,823636,1,final,2026-08-28T17:43:21.077345+00:00,8,0,8,-1.5,1.5,7.5,Loss,AWAY,0.0497924423132756,-135.0,,1.5,7.5,0.0672197971229222,0.6030722540948605,Night,0.04_to_0.0499,minus_149_to_minus_125,1.0_to_1.9,5_to_9.9,0.05_to_0.0999,60_to_64.9,60_to_64.9,7.5_to_8.0,+1.5
3bf2df80de60f0bf82343a646a188fb2,baseball,mlb,2026_04_29,01:40 PM,Minnesota Twins,Seattle Mariners,run_line,home,1.5,home_run_line,-149.0,0.6855973024098507,0.1457297201345826,0.2171372830005282,False,823717,1,final,2026-08-28T17:43:21.077345+00:00,3,5,8,1.5,-1.5,7.5,Loss,HOME,0.1457297201345826,-149.0,,1.5,7.5,0.2171372830005282,0.6855973024098507,Day,0.10_plus,minus_149_to_minus_125,1.0_to_1.9,5_to_9.9,0.20_plus,65_to_69.9,65_to_69.9,7.5_to_8.0,+1.5
68d4de1e01d8567e0d2e4a137d4b254b,baseball,mlb,2026_04_29,07:15 PM,Atlanta Braves,Detroit Tigers,run_line,home,1.5,home_run_line,-135.0,0.6072714737951278,0.057102195124852,0.0770879634185503,False,824930,1,final,2026-08-28T17:43:21.077345+00:00,4,3,7,1.5,-1.5,8.0,Win,HOME,0.057102195124852,-135.0,,1.5,8.0,0.0770879634185503,0.6072714737951278,Night,0.05_to_0.0749,minus_149_to_minus_125,1.0_to_1.9,5_to_9.9,0.05_to_0.0999,60_to_64.9,60_to_64.9,8.0_to_8.5,+1.5
7760595a4e43ffc332f44c4146b7c5ef,baseball,mlb,2026_04_29,06:40 PM,Cincinnati Reds,Colorado Rockies,run_line,away,1.5,away_run_line,-156.0,0.7771067253641394,0.2752520621360235,0.4293932169321968,False,824525,1,final,2026-08-28T17:43:21.077345+00:00,2,13,15,-1.5,1.5,9.5,Win,AWAY,0.2752520621360235,-156.0,,1.5,9.5,0.4293932169321968,0.7771067253641394,Night,0.10_plus,minus_199_to_minus_150,1.0_to_1.9,5_to_9.9,0.20_plus,75_to_79.9,75_to_79.9,9.5_to_10.0,+1.5
7760595a4e43ffc332f44c4146b7c5ef,baseball,mlb,2026_04_29,06:40 PM,Cincinnati Reds,Colorado Rockies,total,over,9.5,over_total,100.0,0.6224193652365553,0.2448387304731105,0.2448387304731105,False,824525,1,final,2026-08-28T17:43:21.077345+00:00,2,13,15,-1.5,1.5,9.5,Win,OVER,0.2448387304731105,100.0,,,9.5,0.2448387304731105,0.6224193652365553,Night,0.10_plus,minus_100_to_plus_100,UNBUCKETED,5_to_9.9,0.20_plus,60_to_64.9,60_to_64.9,9.5_to_10.0,UNBUCKETED
80411c6402609069c4467ccdcb494273,baseball,mlb,2026_04_29,03:10 PM,Los Angeles Dodgers,Miami Marlins,run_line,away,1.5,away_run_line,-114.0,0.564904095752669,0.0604340043076419,0.0688947649107116,False,823958,1,final,2026-08-28T17:43:21.077345+00:00,2,3,5,-1.5,1.5,8.0,Win,AWAY,0.0604340043076419,-114.0,,1.5,8.0,0.0688947649107116,0.564904095752669,Day,0.05_to_0.0749,minus_124_to_minus_110,1.0_to_1.9,5_to_9.9,0.05_to_0.0999,55_to_59.9,55_to_59.9,8.0_to_8.5,+1.5
8fd17a4be77506eba9c4446e52b3ce71,baseball,mlb,2026_04_29,07:10 PM,New York Mets,Washington Nationals,run_line,away,1.5,away_run_line,-163.0,0.7376006160128101,0.1901163313580924,0.3098896201136906,False,823633,1,final,2026-08-28T17:43:21.077345+00:00,2,14,16,-1.5,1.5,7.5,Win,AWAY,0.1901163313580924,-163.0,,1.5,7.5,0.3098896201136906,0.7376006160128101,Night,0.10_plus,minus_199_to_minus_150,1.0_to_1.9,5_to_9.9,0.20_plus,70_to_74.9,70_to_74.9,7.5_to_8.0,+1.5
abd0114b226ed04c6bd4daac824f5241,baseball,mlb,2026_04_29,01:10 PM,Chicago White Sox,Los Angeles Angels,run_line,home,1.5,home_run_line,-156.0,0.6359798073396155,0.043659171018856,0.0681083067894154,False,824608,1,final,2026-08-28T17:43:21.077345+00:00,3,2,5,1.5,-1.5,8.5,Win,HOME,0.043659171018856,-156.0,,1.5,8.5,0.0681083067894154,0.6359798073396155,Day,0.04_to_0.0499,minus_199_to_minus_150,1.0_to_1.9,5_to_9.9,0.05_to_0.0999,60_to_64.9,60_to_64.9,8.5_to_9.0,+1.5
af3e6454c0293bcd38866af00fb22cc1,baseball,mlb,2026_04_29,02:35 PM,Texas Rangers,New York Yankees,run_line,home,1.5,home_run_line,-163.0,0.6954286768367888,0.1220720368593586,0.1989774200807544,False,822907,1,final,2026-08-28T17:43:21.077345+00:00,3,0,3,1.5,-1.5,8.5,Win,HOME,0.1220720368593586,-163.0,,1.5,8.5,0.1989774200807544,0.6954286768367888,Day,0.10_plus,minus_199_to_minus_150,1.0_to_1.9,5_to_9.9,0.15_to_0.1999,65_to_69.9,65_to_69.9,8.5_to_9.0,+1.5
de142860d352b18879f2382e67ab3e2e,baseball,mlb,2026_04_29,02:30 PM,Cleveland Guardians,Tampa Bay Rays,run_line,home,1.5,home_run_line,-200.0,0.6866271424254663,0.0299407136381995,0.0598814272763988,False,824445,1,final,2026-08-28T17:43:21.077345+00:00,3,1,4,1.5,-1.5,7.0,Win,HOME,0.0299407136381995,-200.0,,1.5,7.0,0.0598814272763988,0.6866271424254663,Day,0.02_to_0.0299,minus_200_or_lower,1.0_to_1.9,5_to_9.9,0.05_to_0.0999,65_to_69.9,65_to_69.9,7.0_to_7.5,+1.5
e837e7b2a838ec74034cfbc99b119fb2,baseball,mlb,2026_04_29,06:40 PM,Pittsburgh Pirates,St Louis Cardinals,run_line,away,1.5,away_run_line,-166.0,0.6286205446452642,0.0073076197327726,0.0121306487564026,False,,,final,2026-08-28T17:43:21.077345+00:00,4,5,9,,,,Win,AWAY,0.0073076197327726,-166.0,,,,0.0121306487564026,0.6286205446452642,Night,0.00_to_0.0099,minus_199_to_minus_150,UNBUCKETED,UNBUCKETED,0.01_to_0.0199,60_to_64.9,60_to_64.9,UNBUCKETED,UNBUCKETED
0abd6580f0a4c91cb98db1774d582be8,baseball,mlb,2026_04_30,12:15 PM,Atlanta Braves,Detroit Tigers,run_line,away,1.5,away_run_line,-200.0,0.6738541648683285,0.0107812473024928,0.0215624946049854,False,824929,1,final,2026-08-28T17:43:21.077345+00:00,2,5,7,-1.5,1.5,8.5,Win,AWAY,0.0107812473024928,-200.0,,1.5,8.5,0.0215624946049854,0.6738541648683285,Day,0.01_to_0.0199,minus_200_or_lower,1.0_to_1.9,5_to_9.9,0.02_to_0.0299,65_to_69.9,65_to_69.9,8.5_to_9.0,+1.5
6f84f4f2e016877657f3d3ae23ce6760,baseball,mlb,2026_04_30,12:35 PM,Baltimore Orioles,Houston Astros,run_line,home,1.5,home_run_line,-185.0,0.6824863575988791,0.0513979022469219,0.0950861191568054,False,824848,1,final,2026-08-28T17:43:21.077345+00:00,10,3,13,1.5,-1.5,9.0,Win,HOME,0.0513979022469219,-185.0,,1.5,9.0,0.0950861191568054,0.6824863575988791,Day,0.05_to_0.0749,minus_199_to_minus_150,1.0_to_1.9,5_to_9.9,0.05_to_0.0999,65_to_69.9,65_to_69.9,9.0_to_9.5,+1.5
788f4dc2e6058c5b7725dafd62fd9b9d,baseball,mlb,2026_04_30,07:40 PM,Minnesota Twins,Toronto Blue Jays,run_line,home,1.5,home_run_line,-156.0,0.8180388468041152,0.3424227229605991,0.5341794478185349,False,823714,1,final,2026-08-28T17:43:21.077345+00:00,7,1,8,1.5,-1.5,8.0,Win,HOME,0.3424227229605991,-156.0,,1.5,8.0,0.5341794478185349,0.8180388468041152,Night,0.10_plus,minus_199_to_minus_150,1.0_to_1.9,5_to_9.9,0.20_plus,80_plus,80_plus,8.0_to_8.5,+1.5
a43beaa62a7673615a11856370287f3b,baseball,mlb,2026_04_30,12:35 PM,Pittsburgh Pirates,St Louis Cardinals,run_line,home,-1.5,home_run_line,102.0,0.5542845053743894,0.1196547008562667,0.1173085302512418,False,,,final,2026-08-28T17:43:21.077345+00:00,5,10,15,,,,Loss,HOME,0.1196547008562667,102.0,,,,0.1173085302512418,0.5542845053743894,Day,0.10_plus,plus_101_to_plus_125,UNBUCKETED,UNBUCKETED,0.10_to_0.1499,55_to_59.9,55_to_59.9,UNBUCKETED,UNBUCKETED
a43beaa62a7673615a11856370287f3b,baseball,mlb,2026_04_30,12:35 PM,Pittsburgh Pirates,St Louis Cardinals,total,over,7.5,over_total,102.0,0.6263864778283286,0.2653006852132237,0.2600987109933566,False,,,final,2026-08-28T17:43:21.077345+00:00,5,10,15,,,,Win,OVER,0.2653006852132237,102.0,,,,0.2600987109933566,0.6263864778283286,Day,0.10_plus,plus_101_to_plus_125,UNBUCKETED,UNBUCKETED,0.20_plus,60_to_64.9,60_to_64.9,UNBUCKETED,UNBUCKETED
c229774bb80147623f1c232bad890e16,baseball,mlb,2026_04_30,12:40 PM,Cincinnati Reds,Colorado Rockies,run_line,away,1.5,away_run_line,-142.0,0.6496834902659583,0.1072070749602951,0.152234046443619,False,824524,1,final,2026-08-28T17:43:21.077345+00:00,6,4,10,-1.5,1.5,9.0,Loss,AWAY,0.1072070749602951,-142.0,,1.5,9.0,0.152234046443619,0.6496834902659583,Day,0.10_plus,minus_149_to_minus_125,1.0_to_1.9,5_to_9.9,0.15_to_0.1999,60_to_64.9,60_to_64.9,9.0_to_9.5,+1.5
c31726958fc1b67f38d3673aa8931ab7,baseball,mlb,2026_04_30,03:05 PM,Athletics,Kansas City Royals,run_line,away,1.5,away_run_line,-185.0,0.670897074817878,0.0335441422870013,0.0620566632309522,False,,,final,2026-08-28T17:43:21.077345+00:00,6,3,9,,,,Loss,AWAY,0.0335441422870013,-185.0,,,,0.0620566632309522,0.670897074817878,Day,0.03_to_0.0399,minus_199_to_minus_150,UNBUCKETED,UNBUCKETED,0.05_to_0.0999,65_to_69.9,65_to_69.9,UNBUCKETED,UNBUCKETED
d1e8ca71cf93b52520848723fb9b56a3,baseball,mlb,2026_04_30,01:10 PM,New York Mets,Washington Nationals,run_line,away,1.5,away_run_line,-121.0,0.6296298445509589,0.1499850879815036,0.1814819564576195,False,823634,1,final,2026-08-28T17:43:21.077345+00:00,4,5,9,-1.5,1.5,8.0,Win,AWAY,0.1499850879815036,-121.0,,1.5,8.0,0.1814819564576195,0.6296298445509589,Day,0.10_plus,minus_124_to_minus_110,1.0_to_1.9,5_to_9.9,0.15_to_0.1999,60_to_64.9,60_to_64.9,8.0_to_8.5,+1.5
d90908eede84c449de24cbd9b202bcf7,baseball,mlb,2026_04_30,03:55 PM,Baltimore Orioles,Houston Astros,run_line,away,1.5,away_run_line,-188.0,0.8194480840160635,0.2553247244501397,0.4800104819662629,False,824850,2,final,2026-08-28T17:43:21.077345+00:00,5,11,16,-1.5,1.5,8.5,Win,AWAY,0.2553247244501397,-188.0,,1.5,8.5,0.4800104819662629,0.8194480840160635,Day,0.10_plus,minus_199_to_minus_150,1.0_to_1.9,5_to_9.9,0.20_plus,80_plus,80_plus,8.5_to_9.0,+1.5
e5babd0fb427836d74e73a544af17f39,baseball,mlb,2026_04_30,01:40 PM,Milwaukee Brewers,Arizona Diamondbacks,run_line,home,1.5,home_run_line,-200.0,0.8416002723885803,0.2624004085828704,0.5248008171657408,False,823795,1,final,2026-08-28T17:43:21.077345+00:00,13,1,14,1.5,-1.5,7.5,Win,HOME,0.2624004085828704,-200.0,,1.5,7.5,0.5248008171657408,0.8416002723885803,Day,0.10_plus,minus_200_or_lower,1.0_to_1.9,5_to_9.9,0.20_plus,80_plus,80_plus,7.5_to_8.0,+1.5
153461ac6d07b9cf3c047b0052a27400,baseball,mlb,2026_05_01,09:40 PM,Athletics,Cleveland Guardians,run_line,home,1.5,home_run_line,-169.0,0.7302892892729738,0.162413129079467,0.2744781881442993,False,,,final,2026-08-28T17:43:21.077345+00:00,5,8,13,,,,Loss,HOME,0.162413129079467,-169.0,,,,0.2744781881442993,0.7302892892729738,Night,0.10_plus,minus_199_to_minus_150,UNBUCKETED,UNBUCKETED,0.20_plus,70_to_74.9,70_to_74.9,UNBUCKETED,UNBUCKETED
224916189ace451ec4c3a758ac5d3b0d,baseball,mlb,2026_05_01,07:10 PM,Miami Marlins,Philadelphia Phillies,moneyline,away,,away_moneyline,-131.0,0.6211322987181734,0.0952790916328094,0.1248156100389804,False,823877,1,final,2026-08-28T17:43:21.077345+00:00,5,6,11,1.5,-1.5,8.0,Win,AWAY,0.0952790916328094,-131.0,-131.0,-1.5,8.0,0.1248156100389804,0.6211322987181734,Night,0.075_to_0.0999,minus_149_to_minus_125,1.0_to_1.9,5_to_9.9,0.10_to_0.1499,60_to_64.9,60_to_64.9,8.0_to_8.5,-1.5
4331dd522336be02de34b61018be0cc9,baseball,mlb,2026_05_01,08:15 PM,St Louis Cardinals,Los Angeles Dodgers,run_line,home,1.5,home_run_line,-112.0,0.6191407077156328,0.1719449110331621,0.1925783003571414,False,,,final,2026-08-28T17:43:21.077345+00:00,7,2,9,,,,Win,HOME,0.1719449110331621,-112.0,,,,0.1925783003571414,0.6191407077156328,Night,0.10_plus,minus_124_to_minus_110,UNBUCKETED,UNBUCKETED,0.15_to_0.1999,60_to_64.9,60_to_64.9,UNBUCKETED,UNBUCKETED
4c46549aafa11d0400c4c8c87e755dda,baseball,mlb,2026_05_01,09:40 PM,San Diego Padres,Chicago White Sox,run_line,away,1.5,away_run_line,-172.0,0.7083723978158063,0.1202168151505775,0.2067729220589933,False,823309,1,final,2026-08-28T17:43:21.077345+00:00,2,8,10,-1.5,1.5,8.0,Win,AWAY,0.1202168151505775,-172.0,,1.5,8.0,0.2067729220589933,0.7083723978158063,Night,0.10_plus,minus_199_to_minus_150,1.0_to_1.9,5_to_9.9,0.20_plus,70_to_74.9,70_to_74.9,8.0_to_8.5,+1.5
71bed1a7ce55f688df69c714d2376fe7,baseball,mlb,2026_05_01,07:10 PM,Boston Red Sox,Houston Astros,run_line,home,1.5,home_run_line,-185.0,0.7500347316148526,0.1554589108661241,0.2875989851023298,False,824772,1,final,2026-08-28T17:43:21.077345+00:00,3,1,4,1.5,-1.5,9.5,Win,HOME,0.1554589108661241,-185.0,,1.5,9.5,0.2875989851023298,0.7500347316148526,Night,0.10_plus,minus_199_to_minus_150,1.0_to_1.9,5_to_9.9,0.20_plus,75_to_79.9,75_to_79.9,9.5_to_10.0,+1.5
99cbbfbfd9560db3b77799bea7dfc475,baseball,mlb,2026_05_01,09:38 PM,Los Angeles Angels,New York Mets,run_line,home,1.5,home_run_line,-149.0,0.7845269097355045,0.3110550370747693,0.4634720052414062,False,824041,1,final,2026-08-28T17:43:21.077345+00:00,3,4,7,1.5,-1.5,9.0,Win,HOME,0.3110550370747693,-149.0,,1.5,9.0,0.4634720052414062,0.7845269097355045,Night,0.10_plus,minus_149_to_minus_125,1.0_to_1.9,5_to_9.9,0.20_plus,75_to_79.9,75_to_79.9,9.0_to_9.5,+1.5
a469364d09b62046dd2c9d0acf413e9b,baseball,mlb,2026_05_01,06:45 PM,Washington Nationals,Milwaukee Brewers,run_line,away,-1.5,away_run_line,108.0,0.5542933540833218,0.1529301764933093,0.1416020152715827,False,822744,1,final,2026-08-28T17:43:21.077345+00:00,1,6,7,1.5,-1.5,8.0,Win,AWAY,0.1529301764933093,108.0,,-1.5,8.0,0.1416020152715827,0.5542933540833218,Night,0.10_plus,plus_101_to_plus_125,1.0_to_1.9,5_to_9.9,0.10_to_0.1499,55_to_59.9,55_to_59.9,8.0_to_8.5,-1.5
d4c3dbfeab9d45e50dea2e86b3da477a,baseball,mlb,2026_05_01,08:10 PM,Minnesota Twins,Toronto Blue Jays,run_line,away,-1.5,away_run_line,142.0,0.478393000797055,0.157711061928873,0.1110641281189246,False,823713,1,final,2026-08-28T17:43:21.077345+00:00,3,7,10,1.5,-1.5,8.5,Win,AWAY,0.157711061928873,142.0,,-1.5,8.5,0.1110641281189246,0.478393000797055,Night,0.10_plus,plus_126_to_plus_150,1.0_to_1.9,5_to_9.9,0.10_to_0.1499,<50,<50,8.5_to_9.0,-1.5
eb5e5ee05cf9e2c9e3df8f51d9835b52,baseball,mlb,2026_05_01,06:40 PM,Detroit Tigers,Texas Rangers,run_line,home,1.5,home_run_line,-188.0,0.7283460980612623,0.1157642353278911,0.2176367624164353,False,824287,1,final,2026-08-28T17:43:21.077345+00:00,4,5,9,1.5,-1.5,8.0,Win,HOME,0.1157642353278911,-188.0,,1.5,8.0,0.2176367624164353,0.7283460980612623,Night,0.10_plus,minus_199_to_minus_150,1.0_to_1.9,5_to_9.9,0.20_plus,70_to_74.9,70_to_74.9,8.0_to_8.5,+1.5
f451d4c00cab2b041332088186c10c3c,baseball,mlb,2026_05_01,07:05 PM,New York Yankees,Baltimore Orioles,run_line,home,-1.5,home_run_line,119.0,0.4961951690673636,0.0866674202575261,0.0728297649222909,False,823557,1,final,2026-08-28T17:43:21.077345+00:00,7,2,9,-1.5,1.5,8.5,Win,HOME,0.0866674202575261,119.0,,-1.5,8.5,0.0728297649222909,0.4961951690673636,Night,0.075_to_0.0999,plus_101_to_plus_125,1.0_to_1.9,5_to_9.9,0.05_to_0.0999,<50,<50,8.5_to_9.0,-1.5
f9bc114c35828121793d26f1d0d40338,baseball,mlb,2026_05_01,08:15 PM,Pittsburgh Pirates,Cincinnati Reds,run_line,home,-1.5,home_run_line,152.0,0.4381803812875661,0.1042145608446665,0.0685622110820174,False,823389,1,final,2026-08-28T17:43:21.077345+00:00,9,1,10,-1.5,1.5,8.5,Win,HOME,0.1042145608446665,152.0,,-1.5,8.5,0.0685622110820174,0.4381803812875661,Night,0.10_plus,plus_151_to_plus_200,1.0_to_1.9,5_to_9.9,0.05_to_0.0999,<50,<50,8.5_to_9.0,-1.5
27aba50ebc7d419dd836a458e12b2faf,baseball,mlb,2026_05_02,04:10 PM,Boston Red Sox,Houston Astros,run_line,away,1.5,away_run_line,-192.0,0.6942960043315981,0.055908506587639,0.1073443326482668,False,824771,1,final,2026-08-28T17:43:21.077345+00:00,3,6,9,-1.5,1.5,9.0,Win,AWAY,0.055908506587639,-192.0,,1.5,9.0,0.1073443326482668,0.6942960043315981,Day,0.05_to_0.0749,minus_199_to_minus_150,1.0_to_1.9,5_to_9.9,0.10_to_0.1499,65_to_69.9,65_to_69.9,9.0_to_9.5,+1.5
2a3a64708f7d4e8c0f5ee57ea757d07c,baseball,mlb,2026_05_02,02:20 PM,Chicago Cubs,Arizona Diamondbacks,run_line,home,-1.5,home_run_line,129.0,0.4609463533848789,0.0555671492513727,0.043075309497188,False,824685,1,final,2026-08-28T17:43:21.077345+00:00,2,0,2,-1.5,1.5,7.0,Win,HOME,0.0555671492513727,129.0,,-1.5,7.0,0.043075309497188,0.4609463533848789,Day,0.05_to_0.0749,plus_126_to_plus_150,1.0_to_1.9,5_to_9.9,0.03_to_0.0499,<50,<50,7.0_to_7.5,-1.5
383d74609e0b5f77bfaf7eaa55477b31,baseball,mlb,2026_05_02,09:40 PM,Seattle Mariners,Kansas City Royals,run_line,away,1.5,away_run_line,-181.0,0.6667636558319447,0.035141366236334,0.0636058728877646,False,823144,1,final,2026-08-28T17:43:21.077345+00:00,2,3,5,-1.5,1.5,7.5,Win,AWAY,0.035141366236334,-181.0,,1.5,7.5,0.0636058728877646,0.6667636558319447,Night,0.03_to_0.0399,minus_199_to_minus_150,1.0_to_1.9,5_to_9.9,0.05_to_0.0999,65_to_69.9,65_to_69.9,7.5_to_8.0,+1.5
3d047ad3bc82a8e990a4aeafa447568f,baseball,mlb,2026_05_02,07:15 PM,St Louis Cardinals,Los Angeles Dodgers,run_line,home,1.5,home_run_line,-135.0,0.6321335279387915,0.1003805856712296,0.13551379065616,False,,,final,2026-08-28T17:43:21.077345+00:00,3,2,5,,,,Win,HOME,0.1003805856712296,-135.0,,,,0.13551379065616,0.6321335279387915,Night,0.10_plus,minus_149_to_minus_125,UNBUCKETED,UNBUCKETED,0.10_to_0.1499,60_to_64.9,60_to_64.9,UNBUCKETED,UNBUCKETED
446e036e67d7b97011f14ad76cab4645,baseball,mlb,2026_05_02,04:05 PM,Athletics,Cleveland Guardians,run_line,away,1.5,away_run_line,-166.0,0.770588103905742,0.2347978050537791,0.3897643563892735,False,,,final,2026-08-28T17:43:21.077345+00:00,6,14,20,,,,Win,AWAY,0.2347978050537791,-166.0,,,,0.3897643563892735,0.770588103905742,Day,0.10_plus,minus_199_to_minus_150,UNBUCKETED,UNBUCKETED,0.20_plus,75_to_79.9,75_to_79.9,UNBUCKETED,UNBUCKETED
7bda241ffa570175ee12fdbd71a4b3c9,baseball,mlb,2026_05_02,04:05 PM,Pittsburgh Pirates,Cincinnati Reds,run_line,home,-1.5,home_run_line,152.0,0.4884471959227887,0.2308869337254275,0.1518992985035707,False,823388,1,final,2026-08-28T17:43:21.077345+00:00,17,7,24,-1.5,1.5,8.0,Win,HOME,0.2308869337254275,152.0,,-1.5,8.0,0.1518992985035707,0.4884471959227887,Day,0.10_plus,plus_151_to_plus_200,1.0_to_1.9,5_to_9.9,0.15_to_0.1999,<50,<50,8.0_to_8.5,-1.5
7dd5007f59f84948d08db8b63132cdec,baseball,mlb,2026_05_02,04:05 PM,Washington Nationals,Milwaukee Brewers,run_line,home,1.5,home_run_line,-156.0,0.6644225244454494,0.0903343990899681,0.1409216625803503,False,822746,1,final,2026-08-28T17:43:21.077345+00:00,1,4,5,1.5,-1.5,7.5,Loss,HOME,0.0903343990899681,-156.0,,1.5,7.5,0.1409216625803503,0.6644225244454494,Day,0.075_to_0.0999,minus_199_to_minus_150,1.0_to_1.9,5_to_9.9,0.10_to_0.1499,65_to_69.9,65_to_69.9,7.5_to_8.0,+1.5
826eb43891b621623989f26eb6deccab,baseball,mlb,2026_05_02,08:40 PM,San Diego Padres,Chicago White Sox,run_line,away,1.5,away_run_line,-131.0,0.6524158818051262,0.150443272496062,0.1970806869698414,False,823308,1,final,2026-08-28T17:43:21.077345+00:00,0,4,4,-1.5,1.5,8.0,Win,AWAY,0.150443272496062,-131.0,,1.5,8.0,0.1970806869698414,0.6524158818051262,Night,0.10_plus,minus_149_to_minus_125,1.0_to_1.9,5_to_9.9,0.15_to_0.1999,65_to_69.9,65_to_69.9,8.0_to_8.5,+1.5
a5c3ef5e48ad39a2a1e04b385a33f7f0,baseball,mlb,2026_05_02,06:10 PM,Tampa Bay Rays,San Francisco Giants,run_line,home,1.5,home_run_line,-185.0,0.7627754412614934,0.1750864905920304,0.3239100075952563,False,822988,1,final,2026-08-28T17:43:21.077345+00:00,5,1,6,1.5,-1.5,7.5,Win,HOME,0.1750864905920304,-185.0,,1.5,7.5,0.3239100075952563,0.7627754412614934,Night,0.10_plus,minus_199_to_minus_150,1.0_to_1.9,5_to_9.9,0.20_plus,75_to_79.9,75_to_79.9,7.5_to_8.0,+1.5
ad24319e5623a8196399f98734f3be87,baseball,mlb,2026_05_02,04:10 PM,Miami Marlins,Philadelphia Phillies,run_line,home,1.5,home_run_line,-188.0,0.7697962645040234,0.1792623626444613,0.3370132417715873,False,823876,1,final,2026-08-28T17:43:21.077345+00:00,4,0,4,1.5,-1.5,8.5,Win,HOME,0.1792623626444613,-188.0,,1.5,8.5,0.3370132417715873,0.7697962645040234,Day,0.10_plus,minus_199_to_minus_150,1.0_to_1.9,5_to_9.9,0.20_plus,75_to_79.9,75_to_79.9,8.5_to_9.0,+1.5
b23ef59a61f5e3a71d93b5ae6eed4786,baseball,mlb,2026_05_02,09:38 PM,Los Angeles Angels,New York Mets,run_line,home,1.5,home_run_line,-163.0,0.6246016853956498,0.0077929034297907,0.0127024325905588,False,824042,1,final,2026-08-28T17:43:21.077345+00:00,4,3,7,1.5,-1.5,8.0,Win,HOME,0.0077929034297907,-163.0,,1.5,8.0,0.0127024325905588,0.6246016853956498,Night,0.00_to_0.0099,minus_199_to_minus_150,1.0_to_1.9,5_to_9.9,0.01_to_0.0199,60_to_64.9,60_to_64.9,8.0_to_8.5,+1.5
b23ef59a61f5e3a71d93b5ae6eed4786,baseball,mlb,2026_05_02,09:38 PM,Los Angeles Angels,New York Mets,moneyline,away,,away_moneyline,-126.0,0.601861879932292,0.0795300386087141,0.1002078486469798,False,824042,1,final,2026-08-28T17:43:21.077345+00:00,4,3,7,1.5,-1.5,8.0,Loss,AWAY,0.0795300386087141,-126.0,-126.0,-1.5,8.0,0.1002078486469798,0.601861879932292,Night,0.075_to_0.0999,minus_149_to_minus_125,1.0_to_1.9,5_to_9.9,0.10_to_0.1499,60_to_64.9,60_to_64.9,8.0_to_8.5,-1.5
c0137f0b36b1eea6d91260c926fe437e,baseball,mlb,2026_05_02,02:10 PM,Minnesota Twins,Toronto Blue Jays,moneyline,away,,away_moneyline,-131.0,0.6133727765046239,0.0815962700196037,0.1068911137256809,False,823715,1,final,2026-08-28T17:43:21.077345+00:00,4,11,15,1.5,-1.5,7.5,Win,AWAY,0.0815962700196037,-131.0,-131.0,-1.5,7.5,0.1068911137256809,0.6133727765046239,Day,0.075_to_0.0999,minus_149_to_minus_125,1.0_to_1.9,5_to_9.9,0.10_to_0.1499,60_to_64.9,60_to_64.9,7.5_to_8.0,-1.5
d5dfcb82d0a54536cff3e16f1858d180,baseball,mlb,2026_05_02,08:10 PM,Colorado Rockies,Atlanta Braves,run_line,away,-1.5,away_run_line,-142.0,0.677108387529186,0.1539452801553733,0.2186022978206301,False,824365,1,final,2026-08-28T17:43:21.077345+00:00,1,9,10,1.5,-1.5,9.5,Win,AWAY,0.1539452801553733,-142.0,,-1.5,9.5,0.2186022978206301,0.677108387529186,Night,0.10_plus,minus_149_to_minus_125,1.0_to_1.9,5_to_9.9,0.20_plus,65_to_69.9,65_to_69.9,9.5_to_10.0,-1.5
092612a571aeb504211ec7f4950924e3,baseball,mlb,2026_05_03,01:35 PM,New York Yankees,Baltimore Orioles,run_line,home,-1.5,home_run_line,-117.0,0.6227150867313958,0.1549502035958365,0.1812917382071287,False,823555,1,final,2026-08-28T17:43:21.077345+00:00,11,3,14,-1.5,1.5,9.0,Win,HOME,0.1549502035958365,-117.0,,-1.5,9.0,0.1812917382071287,0.6227150867313958,Day,0.10_plus,minus_124_to_minus_110,1.0_to_1.9,5_to_9.9,0.15_to_0.1999,60_to_64.9,60_to_64.9,9.0_to_9.5,-1.5
1c691cd82a568ab8542e6672e53d0125,baseball,mlb,2026_05_03,01:35 PM,Washington Nationals,Milwaukee Brewers,run_line,home,1.5,home_run_line,-142.0,0.6522986618478659,0.1116639166703066,0.1585627616718354,False,822742,1,final,2026-08-28T17:43:21.077345+00:00,3,2,5,1.5,-1.5,8.5,Win,HOME,0.1116639166703066,-142.0,,1.5,8.5,0.1585627616718354,0.6522986618478659,Day,0.10_plus,minus_149_to_minus_125,1.0_to_1.9,5_to_9.9,0.15_to_0.1999,65_to_69.9,65_to_69.9,8.5_to_9.0,+1.5
257b715ef1fa8b967fb27a46de2d3021,baseball,mlb,2026_05_03,04:07 PM,Los Angeles Angels,New York Mets,run_line,home,1.5,home_run_line,-142.0,0.6780194849490282,0.1554979954765127,0.2208071535766482,False,824043,1,final,2026-08-28T17:43:21.077345+00:00,1,5,6,1.5,-1.5,9.0,Loss,HOME,0.1554979954765127,-142.0,,1.5,9.0,0.2208071535766482,0.6780194849490282,Day,0.10_plus,minus_149_to_minus_125,1.0_to_1.9,5_to_9.9,0.20_plus,65_to_69.9,65_to_69.9,9.0_to_9.5,+1.5
4c6f75a0f0a2e467d79983253235c3a9,baseball,mlb,2026_05_03,01:40 PM,Miami Marlins,Philadelphia Phillies,run_line,home,1.5,home_run_line,-135.0,0.6192239246787152,0.0779083133296154,0.1051762229949807,False,823875,1,final,2026-08-28T17:43:21.077345+00:00,2,7,9,1.5,-1.5,8.0,Loss,HOME,0.0779083133296154,-135.0,,1.5,8.0,0.1051762229949807,0.6192239246787152,Day,0.075_to_0.0999,minus_149_to_minus_125,1.0_to_1.9,5_to_9.9,0.10_to_0.1499,60_to_64.9,60_to_64.9,8.0_to_8.5,+1.5
60f28cce3cfa86c53a2a227c6532203a,baseball,mlb,2026_05_03,04:10 PM,San Diego Padres,Chicago White Sox,run_line,away,1.5,away_run_line,-135.0,0.6286046690431317,0.0942377572232293,0.1272209722513594,False,823307,1,final,2026-08-28T17:43:21.077345+00:00,4,3,7,-1.5,1.5,8.5,Win,AWAY,0.0942377572232293,-135.0,,1.5,8.5,0.1272209722513594,0.6286046690431317,Day,0.075_to_0.0999,minus_149_to_minus_125,1.0_to_1.9,5_to_9.9,0.10_to_0.1499,60_to_64.9,60_to_64.9,8.5_to_9.0,+1.5
83a816db7e0b75a4f8d0b9a486ad3113,baseball,mlb,2026_05_03,01:40 PM,Tampa Bay Rays,San Francisco Giants,run_line,away,1.5,away_run_line,-200.0,0.7601527337550301,0.1402291006325451,0.2804582012650903,False,822987,1,final,2026-08-28T17:43:21.077345+00:00,2,1,3,-1.5,1.5,8.0,Win,AWAY,0.1402291006325451,-200.0,,1.5,8.0,0.2804582012650903,0.7601527337550301,Day,0.10_plus,minus_200_or_lower,1.0_to_1.9,5_to_9.9,0.20_plus,75_to_79.9,75_to_79.9,8.0_to_8.5,+1.5
9e48c32033c5db8cdc98fcd3ecdc2aa2,baseball,mlb,2026_05_03,03:10 PM,Colorado Rockies,Atlanta Braves,run_line,home,1.5,home_run_line,-109.0,0.6393414964655917,0.2258933280854005,0.2462237276130866,False,824364,1,final,2026-08-28T17:43:21.077345+00:00,6,11,17,1.5,-1.5,10.5,Loss,HOME,0.2258933280854005,-109.0,,1.5,10.5,0.2462237276130866,0.6393414964655917,Day,0.10_plus,minus_109_to_minus_101,1.0_to_1.9,10_to_14.9,0.20_plus,60_to_64.9,60_to_64.9,10.5_to_11.0,+1.5
b713b3ae079ed7d21c2a9f7edb043f6b,baseball,mlb,2026_05_03,07:20 PM,Detroit Tigers,Texas Rangers,run_line,home,1.5,home_run_line,-188.0,0.7993375678610082,0.2245171252338849,0.4220921954397035,False,824285,1,final,2026-08-28T17:43:21.077345+00:00,7,1,8,1.5,-1.5,8.0,Win,HOME,0.2245171252338849,-188.0,,1.5,8.0,0.4220921954397035,0.7993375678610082,Night,0.10_plus,minus_199_to_minus_150,1.0_to_1.9,5_to_9.9,0.20_plus,75_to_79.9,75_to_79.9,8.0_to_8.5,+1.5
b7ad1d7b238b8062d64011d24d284989,baseball,mlb,2026_05_03,02:20 PM,Chicago Cubs,Arizona Diamondbacks,run_line,home,-1.5,home_run_line,112.0,0.4954380043961282,0.0503285693197916,0.0449362226069569,False,824687,1,final,2026-08-28T17:43:21.077345+00:00,8,4,12,-1.5,1.5,12.0,Win,HOME,0.0503285693197916,112.0,,-1.5,12.0,0.0449362226069569,0.4954380043961282,Day,0.05_to_0.0749,plus_101_to_plus_125,1.0_to_1.9,10_to_14.9,0.03_to_0.0499,<50,<50,12.0_to_12.5,-1.5
b7ecafff68e95721e956a1a960acdd98,baseball,mlb,2026_05_03,01:35 PM,Pittsburgh Pirates,Cincinnati Reds,run_line,home,1.5,home_run_line,-188.0,0.7429824095005984,0.1381858188094271,0.2597893393617232,False,823387,1,final,2026-08-28T17:43:21.077345+00:00,1,0,1,1.5,-1.5,7.5,Win,HOME,0.1381858188094271,-188.0,,1.5,7.5,0.2597893393617232,0.7429824095005984,Day,0.10_plus,minus_199_to_minus_150,1.0_to_1.9,5_to_9.9,0.20_plus,70_to_74.9,70_to_74.9,7.5_to_8.0,+1.5
c07320ad7cda17703d445ae8f3b85376,baseball,mlb,2026_05_03,01:35 PM,Boston Red Sox,Houston Astros,run_line,away,1.5,away_run_line,-156.0,0.7717933879430355,0.266532739188571,0.4157910731341709,False,824769,1,final,2026-08-28T17:43:21.077345+00:00,1,3,4,-1.5,1.5,8.5,Win,AWAY,0.266532739188571,-156.0,,1.5,8.5,0.4157910731341709,0.7717933879430355,Day,0.10_plus,minus_199_to_minus_150,1.0_to_1.9,5_to_9.9,0.20_plus,75_to_79.9,75_to_79.9,8.5_to_9.0,+1.5
e05ec850dc5af5d56ee55a4acb831ae9,baseball,mlb,2026_05_03,04:10 PM,Seattle Mariners,Kansas City Royals,run_line,home,1.5,home_run_line,-196.0,0.6994257244191981,0.0562755838167481,0.1103001442808263,False,823145,1,final,2026-08-28T17:43:21.077345+00:00,1,4,5,1.5,-1.5,8.0,Loss,HOME,0.0562755838167481,-196.0,,1.5,8.0,0.1103001442808263,0.6994257244191981,Day,0.05_to_0.0749,minus_199_to_minus_150,1.0_to_1.9,5_to_9.9,0.10_to_0.1499,65_to_69.9,65_to_69.9,8.0_to_8.5,+1.5
1be0149112c46951b21b30f3277a53dd,baseball,mlb,2026_05_04,07:05 PM,New York Yankees,Baltimore Orioles,run_line,home,-1.5,home_run_line,-105.0,0.5675117443103347,0.1079991198439866,0.113399075836186,False,823552,1,final,2026-08-28T17:43:21.077345+00:00,12,1,13,-1.5,1.5,8.5,Win,HOME,0.1079991198439866,-105.0,,-1.5,8.5,0.113399075836186,0.5675117443103347,Night,0.10_plus,minus_109_to_minus_101,1.0_to_1.9,5_to_9.9,0.10_to_0.1499,55_to_59.9,55_to_59.9,8.5_to_9.0,-1.5
25d5af851ff059eb0a390e1f5908f926,baseball,mlb,2026_05_04,08:50 PM,Chicago Cubs,Cincinnati Reds,run_line,away,1.5,away_run_line,-107.0,0.5847242977523313,0.1311956040629214,0.1403792963473258,False,824684,1,final,2026-08-28T17:43:21.077345+00:00,5,4,9,-1.5,1.5,11.5,Win,AWAY,0.1311956040629214,-107.0,,1.5,11.5,0.1403792963473258,0.5847242977523313,Night,0.10_plus,minus_109_to_minus_101,1.0_to_1.9,10_to_14.9,0.10_to_0.1499,55_to_59.9,55_to_59.9,11.5_to_12.0,+1.5
25d5af851ff059eb0a390e1f5908f926,baseball,mlb,2026_05_04,08:50 PM,Chicago Cubs,Cincinnati Reds,total,under,11.5,under_total,-117.0,0.7015734736198934,0.3012089211582639,0.3524144377551687,False,824684,1,final,2026-08-28T17:43:21.077345+00:00,5,4,9,-1.5,1.5,11.5,Win,UNDER,0.3012089211582639,-117.0,,,11.5,0.3524144377551687,0.7015734736198934,Night,0.10_plus,minus_124_to_minus_110,UNBUCKETED,10_to_14.9,0.20_plus,70_to_74.9,70_to_74.9,11.5_to_12.0,UNBUCKETED
286159b7ccc29dea1805a4ce6218be0e,baseball,mlb,2026_05_04,07:40 PM,Kansas City Royals,Cleveland Guardians,run_line,home,1.5,home_run_line,-192.0,0.7620204707005866,0.1589061325238092,0.3050997744457133,False,824120,1,final,2026-08-28T17:43:21.077345+00:00,6,2,8,1.5,-1.5,9.0,Win,HOME,0.1589061325238092,-192.0,,1.5,9.0,0.3050997744457133,0.7620204707005866,Night,0.10_plus,minus_199_to_minus_150,1.0_to_1.9,5_to_9.9,0.20_plus,75_to_79.9,75_to_79.9,9.0_to_9.5,+1.5
29183afced82bafdf09738bf1fa00600,baseball,mlb,2026_05_04,08:10 PM,Houston Astros,Los Angeles Dodgers,run_line,home,1.5,home_run_line,104.0,0.6856642015688726,0.3987549712005003,0.3834182415389425,False,824201,1,final,2026-08-28T17:43:21.077345+00:00,3,8,11,1.5,-1.5,9.0,Loss,HOME,0.3987549712005003,104.0,,1.5,9.0,0.3834182415389425,0.6856642015688726,Night,0.10_plus,plus_101_to_plus_125,1.0_to_1.9,5_to_9.9,0.20_plus,65_to_69.9,65_to_69.9,9.0_to_9.5,+1.5
42cd2c9d9860ded679366dcdfe136ea7,baseball,mlb,2026_05_04,06:10 PM,Detroit Tigers,Boston Red Sox,run_line,away,1.5,away_run_line,-135.0,0.6038154809409939,0.0510862075639524,0.0689663802113356,False,824283,1,final,2026-08-28T17:43:21.077345+00:00,4,5,9,-1.5,1.5,7.0,Win,AWAY,0.0510862075639524,-135.0,,1.5,7.0,0.0689663802113356,0.6038154809409939,Night,0.05_to_0.0749,minus_149_to_minus_125,1.0_to_1.9,5_to_9.9,0.05_to_0.0999,60_to_64.9,60_to_64.9,7.0_to_7.5,+1.5
6afb68c3e91d245e69a9eec05286476d,baseball,mlb,2026_05_04,09:40 PM,Seattle Mariners,Atlanta Braves,run_line,home,-1.5,home_run_line,141.0,0.4412856333810835,0.0634983764484113,0.0450343095378803,False,823143,1,final,2026-08-28T17:43:21.077345+00:00,5,4,9,-1.5,1.5,7.5,Loss,HOME,0.0634983764484113,141.0,,-1.5,7.5,0.0450343095378803,0.4412856333810835,Night,0.05_to_0.0749,plus_126_to_plus_150,1.0_to_1.9,5_to_9.9,0.03_to_0.0499,<50,<50,7.5_to_8.0,-1.5
724956d85946d94ae169ea8b4f5299b3,baseball,mlb,2026_05_04,06:40 PM,Tampa Bay Rays,Toronto Blue Jays,run_line,home,1.5,home_run_line,-200.0,0.7821730987692209,0.1732596481538313,0.3465192963076627,False,822984,1,final,2026-08-28T17:43:21.077345+00:00,5,1,6,1.5,-1.5,8.0,Win,HOME,0.1732596481538313,-200.0,,1.5,8.0,0.3465192963076627,0.7821730987692209,Night,0.10_plus,minus_200_or_lower,1.0_to_1.9,5_to_9.9,0.20_plus,75_to_79.9,75_to_79.9,8.0_to_8.5,+1.5
a6a446c7235d0fcd72e04a211f04e87a,baseball,mlb,2026_05_04,09:45 PM,San Francisco Giants,San Diego Padres,run_line,home,1.5,home_run_line,-142.0,0.6856794944471918,0.1685523778607069,0.2393443765622041,False,823228,1,final,2026-08-28T17:43:21.077345+00:00,3,2,5,1.5,-1.5,8.0,Win,HOME,0.1685523778607069,-142.0,,1.5,8.0,0.2393443765622041,0.6856794944471918,Night,0.10_plus,minus_149_to_minus_125,1.0_to_1.9,5_to_9.9,0.20_plus,65_to_69.9,65_to_69.9,8.0_to_8.5,+1.5
a8b6869ab87cab44f73e7d8fe9c435f5,baseball,mlb,2026_05_04,06:40 PM,Miami Marlins,Philadelphia Phillies,run_line,home,1.5,home_run_line,-175.0,0.6481279060777252,0.018486709550711,0.0323517417137441,False,823874,1,final,2026-08-28T17:43:21.077345+00:00,0,1,1,1.5,-1.5,8.5,Win,HOME,0.018486709550711,-175.0,,1.5,8.5,0.0323517417137441,0.6481279060777252,Night,0.01_to_0.0199,minus_199_to_minus_150,1.0_to_1.9,5_to_9.9,0.03_to_0.0499,60_to_64.9,60_to_64.9,8.5_to_9.0,+1.5
e07f1907da5ba8bebef841815c5cd9a1,baseball,mlb,2026_05_04,09:38 PM,Los Angeles Angels,Chicago White Sox,run_line,away,1.5,away_run_line,-163.0,0.6769221688229443,0.0922118429474501,0.1503053040043435,False,824039,1,final,2026-08-28T17:43:21.077345+00:00,0,6,6,-1.5,1.5,7.5,Win,AWAY,0.0922118429474501,-163.0,,1.5,7.5,0.1503053040043435,0.6769221688229443,Night,0.075_to_0.0999,minus_199_to_minus_150,1.0_to_1.9,5_to_9.9,0.15_to_0.1999,65_to_69.9,65_to_69.9,7.5_to_8.0,+1.5
642027e0dc5d6fe0e383f9c8b6453d6c,baseball,mlb,2026_05_05,07:05 PM,New York Yankees,Texas Rangers,run_line,home,1.5,home_run_line,-181.0,0.6496397655879275,0.0085567631503182,0.015487741302076,False,823553,1,final,2026-08-28T17:43:21.077345+00:00,7,4,11,1.5,-1.5,8.0,Win,HOME,0.0085567631503182,-181.0,,1.5,8.0,0.015487741302076,0.6496397655879275,Night,0.00_to_0.0099,minus_199_to_minus_150,1.0_to_1.9,5_to_9.9,0.01_to_0.0199,60_to_64.9,60_to_64.9,8.0_to_8.5,+1.5
692aeb05691cac285d594067d9c4a24e,baseball,mlb,2026_05_05,06:40 PM,Miami Marlins,Baltimore Orioles,run_line,home,-1.5,home_run_line,159.0,0.427555787166706,0.1073694887617684,0.0675279803533134,False,823873,1,final,2026-08-28T17:43:21.077345+00:00,7,9,16,-1.5,1.5,8.5,Loss,HOME,0.1073694887617684,159.0,,-1.5,8.5,0.0675279803533134,0.427555787166706,Night,0.10_plus,plus_151_to_plus_200,1.0_to_1.9,5_to_9.9,0.05_to_0.0999,<50,<50,8.5_to_9.0,-1.5
6ce90524a09ef856d3a08a7038715209,baseball,mlb,2026_05_05,08:10 PM,Houston Astros,Los Angeles Dodgers,run_line,home,1.5,home_run_line,112.0,0.6320785971113103,0.3400066258759779,0.3035773445321231,False,824200,1,final,2026-08-28T17:43:21.077345+00:00,2,1,3,1.5,-1.5,8.0,Win,HOME,0.3400066258759779,112.0,,1.5,8.0,0.3035773445321231,0.6320785971113103,Night,0.10_plus,plus_101_to_plus_125,1.0_to_1.9,5_to_9.9,0.20_plus,60_to_64.9,60_to_64.9,8.0_to_8.5,+1.5
71ef508a8cbaa38a8e77f003e58f92aa,baseball,mlb,2026_05_05,06:40 PM,Detroit Tigers,Boston Red Sox,run_line,home,-1.5,home_run_line,108.0,0.4828354186408042,0.0042976707728727,0.0039793247896969,False,824281,1,final,2026-08-28T17:43:21.077345+00:00,3,10,13,-1.5,1.5,8.5,Loss,HOME,0.0042976707728727,108.0,,-1.5,8.5,0.0039793247896969,0.4828354186408042,Night,0.00_to_0.0099,plus_101_to_plus_125,1.0_to_1.9,5_to_9.9,0.001_to_0.0099,<50,<50,8.5_to_9.0,-1.5
725a2bc29fdee3828f24905b97afda08,baseball,mlb,2026_05_05,07:40 PM,Kansas City Royals,Cleveland Guardians,run_line,home,1.5,home_run_line,-166.0,0.6972085495280241,0.1172136998461108,0.1945747417445441,False,824119,1,final,2026-08-28T17:43:21.077345+00:00,5,3,8,1.5,-1.5,8.0,Win,HOME,0.1172136998461108,-166.0,,1.5,8.0,0.1945747417445441,0.6972085495280241,Night,0.10_plus,minus_199_to_minus_150,1.0_to_1.9,5_to_9.9,0.15_to_0.1999,65_to_69.9,65_to_69.9,8.0_to_8.5,+1.5
732ae7d99e94ec771af4f2525709bb66,baseball,mlb,2026_05_05,09:40 PM,Seattle Mariners,Atlanta Braves,run_line,away,1.5,away_run_line,-175.0,0.6518217562541392,0.0242913312565045,0.0425098296988827,False,823142,1,final,2026-08-28T17:43:21.077345+00:00,2,3,5,-1.5,1.5,8.0,Win,AWAY,0.0242913312565045,-175.0,,1.5,8.0,0.0425098296988827,0.6518217562541392,Night,0.02_to_0.0299,minus_199_to_minus_150,1.0_to_1.9,5_to_9.9,0.03_to_0.0499,65_to_69.9,65_to_69.9,8.0_to_8.5,+1.5
8ce45c11dc2d0ef2edaaf6ecd5f2b8ff,baseball,mlb,2026_05_05,09:40 PM,Arizona Diamondbacks,Pittsburgh Pirates,run_line,home,1.5,home_run_line,-188.0,0.7642193151851038,0.1707189509218611,0.3209516277330989,False,825092,1,final,2026-08-28T17:43:21.077345+00:00,9,0,9,1.5,-1.5,9.0,Win,HOME,0.1707189509218611,-188.0,,1.5,9.0,0.3209516277330989,0.7642193151851038,Night,0.10_plus,minus_199_to_minus_150,1.0_to_1.9,5_to_9.9,0.20_plus,75_to_79.9,75_to_79.9,9.0_to_9.5,+1.5
90becb516bb091bc1f699dadd4f5e4ef,baseball,mlb,2026_05_05,09:45 PM,San Francisco Giants,San Diego Padres,run_line,away,1.5,away_run_line,-192.0,0.8397779611264202,0.2771623158797645,0.5321516464891473,False,823227,1,final,2026-08-28T17:43:21.077345+00:00,5,10,15,-1.5,1.5,7.5,Win,AWAY,0.2771623158797645,-192.0,,1.5,7.5,0.5321516464891473,0.8397779611264202,Night,0.10_plus,minus_199_to_minus_150,1.0_to_1.9,5_to_9.9,0.20_plus,80_plus,80_plus,7.5_to_8.0,+1.5
a3d49ab06b3c4cfdcaeec1ee6be2c11f,baseball,mlb,2026_05_05,09:38 PM,Los Angeles Angels,Chicago White Sox,run_line,home,1.5,home_run_line,-192.0,0.6932150089247312,0.0542644927396955,0.1041878260602155,False,824040,1,final,2026-08-28T17:43:21.077345+00:00,4,3,7,1.5,-1.5,9.0,Win,HOME,0.0542644927396955,-192.0,,1.5,9.0,0.1041878260602155,0.6932150089247312,Night,0.05_to_0.0749,minus_199_to_minus_150,1.0_to_1.9,5_to_9.9,0.10_to_0.1499,65_to_69.9,65_to_69.9,9.0_to_9.5,+1.5
b30fec61cfbf1f3dfe4bb5e70a150f48,baseball,mlb,2026_05_05,06:40 PM,Philadelphia Phillies,Athletics,run_line,away,1.5,away_run_line,-131.0,0.7701392631393872,0.3580318304213619,0.4690216978519842,False,,,final,2026-08-28T17:43:21.077345+00:00,9,1,10,,,,Loss,AWAY,0.3580318304213619,-131.0,,,,0.4690216978519842,0.7701392631393872,Night,0.10_plus,minus_149_to_minus_125,UNBUCKETED,UNBUCKETED,0.20_plus,75_to_79.9,75_to_79.9,UNBUCKETED,UNBUCKETED
b30fec61cfbf1f3dfe4bb5e70a150f48,baseball,mlb,2026_05_05,06:40 PM,Philadelphia Phillies,Athletics,total,over,9.0,over_total,100.0,0.5607025329580001,0.2445276036679862,0.2788617728195465,False,,,final,2026-08-28T17:43:21.077345+00:00,9,1,10,,,,Win,OVER,0.2445276036679862,100.0,,,,0.2788617728195465,0.5607025329580001,Night,0.10_plus,minus_100_to_plus_100,UNBUCKETED,UNBUCKETED,0.20_plus,55_to_59.9,55_to_59.9,UNBUCKETED,UNBUCKETED
d0147770323bf6c913a672f31ac49256,baseball,mlb,2026_05_05,06:40 PM,Tampa Bay Rays,Toronto Blue Jays,run_line,home,-1.5,home_run_line,169.0,0.488501365914936,0.3140686743111778,0.1858394522551348,False,822986,1,final,2026-08-28T17:43:21.077345+00:00,4,3,7,-1.5,1.5,7.0,Loss,HOME,0.3140686743111778,169.0,,-1.5,7.0,0.1858394522551348,0.488501365914936,Night,0.10_plus,plus_151_to_plus_200,1.0_to_1.9,5_to_9.9,0.15_to_0.1999,<50,<50,7.0_to_7.5,-1.5
d1bb060e1d2465b94fde23b308c82f30,baseball,mlb,2026_05_05,06:45 PM,Washington Nationals,Minnesota Twins,run_line,away,-1.5,away_run_line,144.0,0.4674884675664772,0.1406718608622044,0.0976887922654197,False,822743,1,final,2026-08-28T17:43:21.077345+00:00,3,11,14,1.5,-1.5,9.0,Win,AWAY,0.1406718608622044,144.0,,-1.5,9.0,0.0976887922654197,0.4674884675664772,Night,0.10_plus,plus_126_to_plus_150,1.0_to_1.9,5_to_9.9,0.05_to_0.0999,<50,<50,9.0_to_9.5,-1.5
1f8259cdeb29bfd068ffa5cbaea3e8d7,baseball,mlb,2026_05_06,04:10 PM,Seattle Mariners,Atlanta Braves,run_line,home,-1.5,home_run_line,152.0,0.4948822781750888,0.2471033410012237,0.1625679875008051,False,823141,1,final,2026-08-28T17:43:21.077345+00:00,3,1,4,-1.5,1.5,8.0,Win,HOME,0.2471033410012237,152.0,,-1.5,8.0,0.1625679875008051,0.4948822781750888,Day,0.10_plus,plus_151_to_plus_200,1.0_to_1.9,5_to_9.9,0.15_to_0.1999,<50,<50,8.0_to_8.5,-1.5
30d2a93f1ca79f37c19806e74ed1cdab,baseball,mlb,2026_05_06,07:40 PM,Kansas City Royals,Cleveland Guardians,run_line,away,1.5,away_run_line,-192.0,0.6725877865469678,0.0228939253735138,0.0439563367171464,False,824118,1,final,2026-08-28T17:43:21.077345+00:00,1,3,4,-1.5,1.5,8.0,Win,AWAY,0.0228939253735138,-192.0,,1.5,8.0,0.0439563367171464,0.6725877865469678,Night,0.02_to_0.0299,minus_199_to_minus_150,1.0_to_1.9,5_to_9.9,0.03_to_0.0499,65_to_69.9,65_to_69.9,8.0_to_8.5,+1.5
3d9ff7b926b247cb73447ca5c7a7428e,baseball,mlb,2026_05_06,09:20 PM,Colorado Rockies,New York Mets,run_line,home,1.5,home_run_line,-114.0,0.5334190407082222,0.001330479925961,0.0015167471155955,False,824361,1,final,2026-08-28T17:43:21.077345+00:00,5,10,15,1.5,-1.5,9.5,Loss,HOME,0.001330479925961,-114.0,,1.5,9.5,0.0015167471155955,0.5334190407082222,Night,0.00_to_0.0099,minus_124_to_minus_110,1.0_to_1.9,5_to_9.9,0.001_to_0.0099,50_to_54.9,50_to_54.9,9.5_to_10.0,+1.5
3d9ff7b926b247cb73447ca5c7a7428e,baseball,mlb,2026_05_06,09:20 PM,Colorado Rockies,New York Mets,moneyline,away,,away_moneyline,-166.0,0.6731472511929377,0.0786576434778398,0.1305716881732143,False,824361,1,final,2026-08-28T17:43:21.077345+00:00,5,10,15,1.5,-1.5,9.5,Win,AWAY,0.0786576434778398,-166.0,-166.0,-1.5,9.5,0.1305716881732143,0.6731472511929377,Night,0.075_to_0.0999,minus_199_to_minus_150,1.0_to_1.9,5_to_9.9,0.10_to_0.1499,65_to_69.9,65_to_69.9,9.5_to_10.0,-1.5
4a14bd2383b640b8cf105c59c99fa882,baseball,mlb,2026_05_06,06:40 PM,Detroit Tigers,Boston Red Sox,run_line,away,-1.5,away_run_line,154.0,0.4051358610333593,0.0290450870247327,0.0188604461199562,False,824282,1,final,2026-08-28T17:43:21.077345+00:00,0,4,4,1.5,-1.5,8.0,Win,AWAY,0.0290450870247327,154.0,,-1.5,8.0,0.0188604461199562,0.4051358610333593,Night,0.02_to_0.0299,plus_151_to_plus_200,1.0_to_1.9,5_to_9.9,0.01_to_0.0199,<50,<50,8.0_to_8.5,-1.5
50bf885c9e829f1de48161f3ec47e5dc,baseball,mlb,2026_05_06,06:45 PM,Washington Nationals,Minnesota Twins,run_line,home,1.5,home_run_line,-142.0,0.825245098676642,0.4064036188714601,0.5770931387974736,False,822740,1,final,2026-08-28T17:43:21.077345+00:00,15,2,17,1.5,-1.5,9.5,Win,HOME,0.4064036188714601,-142.0,,1.5,9.5,0.5770931387974736,0.825245098676642,Night,0.10_plus,minus_149_to_minus_125,1.0_to_1.9,5_to_9.9,0.20_plus,80_plus,80_plus,9.5_to_10.0,+1.5
71fad9f636c723c1e774d7aa9651880b,baseball,mlb,2026_05_06,01:15 PM,St Louis Cardinals,Milwaukee Brewers,run_line,home,1.5,home_run_line,-169.0,0.6492697015494314,0.0334529569041244,0.0565354971679704,False,,,final,2026-08-28T17:43:21.077345+00:00,2,6,8,,,,Loss,HOME,0.0334529569041244,-169.0,,,,0.0565354971679704,0.6492697015494314,Day,0.03_to_0.0399,minus_199_to_minus_150,UNBUCKETED,UNBUCKETED,0.05_to_0.0999,60_to_64.9,60_to_64.9,UNBUCKETED,UNBUCKETED
7c30fa11564865dd19f2a9c4a7e9d937,baseball,mlb,2026_05_06,04:07 PM,Los Angeles Angels,Chicago White Sox,run_line,home,1.5,home_run_line,-175.0,0.8267645489768596,0.2992014341064937,0.5236025096863638,False,824036,1,final,2026-08-28T17:43:21.077345+00:00,8,2,10,1.5,-1.5,9.0,Win,HOME,0.2992014341064937,-175.0,,1.5,9.0,0.5236025096863638,0.8267645489768596,Day,0.10_plus,minus_199_to_minus_150,1.0_to_1.9,5_to_9.9,0.20_plus,80_plus,80_plus,9.0_to_9.5,+1.5
7dd3ac6bd80317fdd884080b8d94dd77,baseball,mlb,2026_05_06,06:40 PM,Miami Marlins,Baltimore Orioles,run_line,away,1.5,away_run_line,-192.0,0.7995945466023353,0.2160500396243851,0.4148160760788194,False,823872,1,final,2026-08-28T17:43:21.077345+00:00,4,7,11,-1.5,1.5,8.5,Win,AWAY,0.2160500396243851,-192.0,,1.5,8.5,0.4148160760788194,0.7995945466023353,Night,0.10_plus,minus_199_to_minus_150,1.0_to_1.9,5_to_9.9,0.20_plus,75_to_79.9,75_to_79.9,8.5_to_9.0,+1.5
8379550b6a949466b56d6ddffad2b2fe,baseball,mlb,2026_05_06,06:40 PM,Philadelphia Phillies,Athletics,run_line,away,1.5,away_run_line,-142.0,0.6324402067554682,0.0778206340480514,0.1105053003482329,False,,,final,2026-08-28T17:43:21.077345+00:00,6,3,9,,,,Loss,AWAY,0.0778206340480514,-142.0,,,,0.1105053003482329,0.6324402067554682,Night,0.075_to_0.0999,minus_149_to_minus_125,UNBUCKETED,UNBUCKETED,0.10_to_0.1499,60_to_64.9,60_to_64.9,UNBUCKETED,UNBUCKETED
895be7e0cbc697eeffc1f4c9fb60613b,baseball,mlb,2026_05_06,07:05 PM,New York Yankees,Texas Rangers,run_line,away,1.5,away_run_line,-121.0,0.7051585799750841,0.287934265904906,0.3484004617449361,False,823550,1,final,2026-08-28T17:43:21.077345+00:00,1,6,7,-1.5,1.5,8.5,Win,AWAY,0.287934265904906,-121.0,,1.5,8.5,0.3484004617449361,0.7051585799750841,Night,0.10_plus,minus_124_to_minus_110,1.0_to_1.9,5_to_9.9,0.20_plus,70_to_74.9,70_to_74.9,8.5_to_9.0,+1.5
a524558d8c67f4e0116d63123b26e426,baseball,mlb,2026_05_06,07:40 PM,Chicago Cubs,Cincinnati Reds,run_line,away,1.5,away_run_line,-149.0,0.6004291517043007,0.0034017367407439,0.0050685877437085,False,824683,1,final,2026-08-28T17:43:21.077345+00:00,7,6,13,-1.5,1.5,8.0,Win,AWAY,0.0034017367407439,-149.0,,1.5,8.0,0.0050685877437085,0.6004291517043007,Night,0.00_to_0.0099,minus_149_to_minus_125,1.0_to_1.9,5_to_9.9,0.001_to_0.0099,60_to_64.9,60_to_64.9,8.0_to_8.5,+1.5
bd85ab302972ab39355e0e7baa91a454,baseball,mlb,2026_05_06,03:45 PM,San Francisco Giants,San Diego Padres,run_line,away,-1.5,away_run_line,144.0,0.4529876260950178,0.1052898076718433,0.0731179219943357,False,823226,1,final,2026-08-28T17:43:21.077345+00:00,1,5,6,1.5,-1.5,8.5,Win,AWAY,0.1052898076718433,144.0,,-1.5,8.5,0.0731179219943357,0.4529876260950178,Day,0.10_plus,plus_126_to_plus_150,1.0_to_1.9,5_to_9.9,0.05_to_0.0999,<50,<50,8.5_to_9.0,-1.5
de734f0e0ca302bf4a6c20844ec6127c,baseball,mlb,2026_05_06,02:10 PM,Houston Astros,Los Angeles Dodgers,run_line,away,-1.5,away_run_line,-131.0,0.7105434461712788,0.2529430234012624,0.331355360655654,False,824198,1,final,2026-08-28T17:43:21.077345+00:00,2,12,14,1.5,-1.5,9.0,Win,AWAY,0.2529430234012624,-131.0,,-1.5,9.0,0.331355360655654,0.7105434461712788,Day,0.10_plus,minus_149_to_minus_125,1.0_to_1.9,5_to_9.9,0.20_plus,70_to_74.9,70_to_74.9,9.0_to_9.5,-1.5
de899b461227924fc52c2f9492e9fe56,baseball,mlb,2026_05_06,09:40 PM,Arizona Diamondbacks,Pittsburgh Pirates,run_line,home,1.5,home_run_line,-135.0,0.7030315561244664,0.2237956717722193,0.3021241568924961,False,825091,1,final,2026-08-28T17:43:21.077345+00:00,0,1,1,1.5,-1.5,8.0,Win,HOME,0.2237956717722193,-135.0,,1.5,8.0,0.3021241568924961,0.7030315561244664,Night,0.10_plus,minus_149_to_minus_125,1.0_to_1.9,5_to_9.9,0.20_plus,70_to_74.9,70_to_74.9,8.0_to_8.5,+1.5
fb98c375df55f7f70d2f35b2209bdd61,baseball,mlb,2026_05_07,10:10 PM,San Diego Padres,St Louis Cardinals,run_line,home,-1.5,home_run_line,119.0,0.5485995085326084,0.2014329236864123,0.1692713644423633,False,,,final,2026-08-28T17:43:21.077345+00:00,1,2,3,,,,Loss,HOME,0.2014329236864123,119.0,,,,0.1692713644423633,0.5485995085326084,Night,0.10_plus,plus_101_to_plus_125,UNBUCKETED,UNBUCKETED,0.15_to_0.1999,50_to_54.9,50_to_54.9,UNBUCKETED,UNBUCKETED
0f65cc2fecae3661933682f1525e806d,baseball,mlb,2026_05_08,06:40 PM,Philadelphia Phillies,Colorado Rockies,run_line,away,1.5,away_run_line,-126.0,0.6450906993503425,0.1570674448664872,0.1979049805317738,False,823466,1,final,2026-08-28T17:43:21.077345+00:00,7,9,16,-1.5,1.5,7.5,Win,AWAY,0.1570674448664872,-126.0,,1.5,7.5,0.1979049805317738,0.6450906993503425,Night,0.10_plus,minus_149_to_minus_125,1.0_to_1.9,5_to_9.9,0.15_to_0.1999,60_to_64.9,60_to_64.9,7.5_to_8.0,+1.5
3d859a4947ba1d62e82366cdebc59d78,baseball,mlb,2026_05_08,07:40 PM,Milwaukee Brewers,New York Yankees,run_line,home,1.5,home_run_line,-149.0,0.8191880520735374,0.3689786910490658,0.5497782496631081,False,823794,1,final,2026-08-28T17:43:21.077345+00:00,6,0,6,1.5,-1.5,7.0,Win,HOME,0.3689786910490658,-149.0,,1.5,7.0,0.5497782496631081,0.8191880520735374,Night,0.10_plus,minus_149_to_minus_125,1.0_to_1.9,5_to_9.9,0.20_plus,80_plus,80_plus,7.0_to_7.5,+1.5
40150285b21b0e818a39c0940eca75d7,baseball,mlb,2026_05_08,06:10 PM,Cincinnati Reds,Houston Astros,run_line,away,1.5,away_run_line,-175.0,0.7388910542941765,0.1611145138908487,0.2819503993089852,False,824522,1,final,2026-08-28T17:43:21.077345+00:00,0,10,10,-1.5,1.5,9.5,Win,AWAY,0.1611145138908487,-175.0,,1.5,9.5,0.2819503993089852,0.7388910542941765,Night,0.10_plus,minus_199_to_minus_150,1.0_to_1.9,5_to_9.9,0.20_plus,70_to_74.9,70_to_74.9,9.5_to_10.0,+1.5
6aa50c59681975bb7beff37ab4f46bb5,baseball,mlb,2026_05_08,07:40 PM,Kansas City Royals,Detroit Tigers,run_line,away,1.5,away_run_line,-175.0,0.6590648223625806,0.0356732922840552,0.0624282614970964,False,824116,1,final,2026-08-28T17:43:21.077345+00:00,4,3,7,-1.5,1.5,8.5,Win,AWAY,0.0356732922840552,-175.0,,1.5,8.5,0.0624282614970964,0.6590648223625806,Night,0.03_to_0.0399,minus_199_to_minus_150,1.0_to_1.9,5_to_9.9,0.05_to_0.0999,65_to_69.9,65_to_69.9,8.5_to_9.0,+1.5
739421696ed76f3cffaf12c7db22c763,baseball,mlb,2026_05_08,07:10 PM,Boston Red Sox,Tampa Bay Rays,run_line,away,1.5,away_run_line,-181.0,0.7171481973696843,0.1133626710545927,0.2051864346088127,False,824768,1,final,2026-08-28T17:43:21.077345+00:00,2,0,2,-1.5,1.5,8.5,Loss,AWAY,0.1133626710545927,-181.0,,1.5,8.5,0.2051864346088127,0.7171481973696843,Night,0.10_plus,minus_199_to_minus_150,1.0_to_1.9,5_to_9.9,0.20_plus,70_to_74.9,70_to_74.9,8.5_to_9.0,+1.5
739421696ed76f3cffaf12c7db22c763,baseball,mlb,2026_05_08,07:10 PM,Boston Red Sox,Tampa Bay Rays,moneyline,away,,away_moneyline,112.0,0.5168016398025226,0.0956194763813478,0.0853745324833463,False,824768,1,final,2026-08-28T17:43:21.077345+00:00,2,0,2,-1.5,1.5,8.5,Loss,AWAY,0.0956194763813478,112.0,112.0,1.5,8.5,0.0853745324833463,0.5168016398025226,Night,0.075_to_0.0999,plus_101_to_plus_125,1.0_to_1.9,5_to_9.9,0.05_to_0.0999,50_to_54.9,50_to_54.9,8.5_to_9.0,+1.5
79db8c5227deae699a7b9c123aaf6d3f,baseball,mlb,2026_05_08,07:40 PM,Chicago White Sox,Seattle Mariners,run_line,home,1.5,home_run_line,-142.0,0.5879110851810895,0.0019329761536877,0.0027448261382364,False,824607,1,final,2026-08-28T17:43:21.077345+00:00,8,12,20,1.5,-1.5,8.0,Loss,HOME,0.0019329761536877,-142.0,,1.5,8.0,0.0027448261382364,0.5879110851810895,Night,0.00_to_0.0099,minus_149_to_minus_125,1.0_to_1.9,5_to_9.9,0.001_to_0.0099,55_to_59.9,55_to_59.9,8.0_to_8.5,+1.5
79db8c5227deae699a7b9c123aaf6d3f,baseball,mlb,2026_05_08,07:40 PM,Chicago White Sox,Seattle Mariners,moneyline,away,,away_moneyline,-142.0,0.6335209544803966,0.0796624717201124,0.1131207098425596,False,824607,1,final,2026-08-28T17:43:21.077345+00:00,8,12,20,1.5,-1.5,8.0,Win,AWAY,0.0796624717201124,-142.0,-142.0,-1.5,8.0,0.1131207098425596,0.6335209544803966,Night,0.075_to_0.0999,minus_149_to_minus_125,1.0_to_1.9,5_to_9.9,0.10_to_0.1499,60_to_64.9,60_to_64.9,8.0_to_8.5,-1.5
92c3e303601373eee3d37fbb858409af,baseball,mlb,2026_05_08,07:07 PM,Toronto Blue Jays,Los Angeles Angels,run_line,away,1.5,away_run_line,-163.0,0.6936511139689853,0.1192039446248045,0.1943024297384312,False,822822,1,final,2026-08-28T17:43:21.077345+00:00,2,0,2,-1.5,1.5,7.5,Loss,AWAY,0.1192039446248045,-163.0,,1.5,7.5,0.1943024297384312,0.6936511139689853,Night,0.10_plus,minus_199_to_minus_150,1.0_to_1.9,5_to_9.9,0.15_to_0.1999,65_to_69.9,65_to_69.9,7.5_to_8.0,+1.5
9faf187505c47b0f5009cb7d7da5200c,baseball,mlb,2026_05_08,10:10 PM,Los Angeles Dodgers,Atlanta Braves,run_line,home,1.5,home_run_line,-192.0,0.6943861897510584,0.0560456635797348,0.1076076740730908,False,823957,1,final,2026-08-28T17:43:21.077345+00:00,3,1,4,1.5,-1.5,8.0,Win,HOME,0.0560456635797348,-192.0,,1.5,8.0,0.1076076740730908,0.6943861897510584,Night,0.05_to_0.0749,minus_199_to_minus_150,1.0_to_1.9,5_to_9.9,0.10_to_0.1499,65_to_69.9,65_to_69.9,8.0_to_8.5,+1.5
ad17b69505e6a7e7c4c06dc7f6b91ac6,baseball,mlb,2026_05_08,07:10 PM,Miami Marlins,Washington Nationals,run_line,home,1.5,home_run_line,-192.0,0.7845477091230093,0.1931663076245768,0.3708793106391874,False,823871,1,final,2026-08-28T17:43:21.077345+00:00,2,3,5,1.5,-1.5,8.5,Win,HOME,0.1931663076245768,-192.0,,1.5,8.5,0.3708793106391874,0.7845477091230093,Night,0.10_plus,minus_199_to_minus_150,1.0_to_1.9,5_to_9.9,0.20_plus,75_to_79.9,75_to_79.9,8.5_to_9.0,+1.5
bb96582815dabc42936e794a19c74217,baseball,mlb,2026_05_08,09:40 PM,Arizona Diamondbacks,New York Mets,run_line,home,1.5,home_run_line,-142.0,0.6283761199694762,0.0708945143141777,0.1006702103261323,False,825088,1,final,2026-08-28T17:43:21.077345+00:00,1,3,4,1.5,-1.5,8.5,Loss,HOME,0.0708945143141777,-142.0,,1.5,8.5,0.1006702103261323,0.6283761199694762,Night,0.05_to_0.0749,minus_149_to_minus_125,1.0_to_1.9,5_to_9.9,0.10_to_0.1499,60_to_64.9,60_to_64.9,8.5_to_9.0,+1.5
d0f880a5482c5178286681a63048600f,baseball,mlb,2026_05_08,07:15 PM,Cleveland Guardians,Minnesota Twins,run_line,home,-1.5,home_run_line,149.0,0.4148807203811153,0.0330529937489771,0.0221832172811927,False,824443,1,final,2026-08-28T17:43:21.077345+00:00,6,4,10,-1.5,1.5,7.5,Win,HOME,0.0330529937489771,149.0,,-1.5,7.5,0.0221832172811927,0.4148807203811153,Night,0.03_to_0.0399,plus_126_to_plus_150,1.0_to_1.9,5_to_9.9,0.02_to_0.0299,<50,<50,7.5_to_8.0,-1.5
07fcb9aa4b08eff491227a6d817d08a7,baseball,mlb,2026_05_09,04:10 PM,Miami Marlins,Washington Nationals,run_line,away,1.5,away_run_line,-156.0,0.7216438233398629,0.1842360177884929,0.2874081877500489,False,823869,1,final,2026-08-28T17:43:21.077345+00:00,8,7,15,-1.5,1.5,8.5,Win,AWAY,0.1842360177884929,-156.0,,1.5,8.5,0.2874081877500489,0.7216438233398629,Day,0.10_plus,minus_199_to_minus_150,1.0_to_1.9,5_to_9.9,0.20_plus,70_to_74.9,70_to_74.9,8.5_to_9.0,+1.5
0d5568f7e3f7c4adba722775d2895494,baseball,mlb,2026_05_09,07:05 PM,Texas Rangers,Chicago Cubs,run_line,home,1.5,home_run_line,-149.0,0.7990183794131793,0.3352723253280647,0.4995557647388165,False,822905,1,final,2026-08-28T17:43:21.077345+00:00,6,0,6,1.5,-1.5,8.5,Win,HOME,0.3352723253280647,-149.0,,1.5,8.5,0.4995557647388165,0.7990183794131793,Night,0.10_plus,minus_149_to_minus_125,1.0_to_1.9,5_to_9.9,0.20_plus,75_to_79.9,75_to_79.9,8.5_to_9.0,+1.5
4cb11bc70bb01deb01ccc535f614ba59,baseball,mlb,2026_05_09,04:10 PM,Cincinnati Reds,Houston Astros,run_line,away,1.5,away_run_line,-149.0,0.603615253705033,0.0087261622319008,0.013001981725532,False,824523,1,final,2026-08-28T17:43:21.077345+00:00,3,1,4,-1.5,1.5,8.5,Loss,AWAY,0.0087261622319008,-149.0,,1.5,8.5,0.013001981725532,0.603615253705033,Day,0.00_to_0.0099,minus_149_to_minus_125,1.0_to_1.9,5_to_9.9,0.01_to_0.0199,60_to_64.9,60_to_64.9,8.5_to_9.0,+1.5
4e0f5d6412cdfd2b0ade4fee11642753,baseball,mlb,2026_05_09,09:10 PM,Los Angeles Dodgers,Atlanta Braves,run_line,away,1.5,away_run_line,-142.0,0.7722084960110484,0.3160172960188288,0.448744560346737,False,823955,1,final,2026-08-28T17:43:21.077345+00:00,2,7,9,-1.5,1.5,8.5,Win,AWAY,0.3160172960188288,-142.0,,1.5,8.5,0.448744560346737,0.7722084960110484,Night,0.10_plus,minus_149_to_minus_125,1.0_to_1.9,5_to_9.9,0.20_plus,75_to_79.9,75_to_79.9,8.5_to_9.0,+1.5
54ac0c67d3a1921cfede4e125572526e,baseball,mlb,2026_05_09,09:05 PM,San Francisco Giants,Pittsburgh Pirates,run_line,away,-1.5,away_run_line,149.0,0.6522602594827969,0.6241280461121643,0.4188778832967545,False,823224,1,final,2026-08-28T17:43:21.077345+00:00,3,13,16,1.5,-1.5,7.5,Win,AWAY,0.6241280461121643,149.0,,-1.5,7.5,0.4188778832967545,0.6522602594827969,Night,0.10_plus,plus_126_to_plus_150,1.0_to_1.9,5_to_9.9,0.20_plus,65_to_69.9,65_to_69.9,7.5_to_8.0,-1.5
5e7a25171efa4aba6c2670c7d93dbde3,baseball,mlb,2026_05_09,07:15 PM,Arizona Diamondbacks,New York Mets,run_line,home,1.5,home_run_line,-166.0,0.7589444914277661,0.2161399681914806,0.3587923471978578,False,825089,1,final,2026-08-28T17:43:21.077345+00:00,2,1,3,1.5,-1.5,9.0,Win,HOME,0.2161399681914806,-166.0,,1.5,9.0,0.3587923471978578,0.7589444914277661,Night,0.10_plus,minus_199_to_minus_150,1.0_to_1.9,5_to_9.9,0.20_plus,75_to_79.9,75_to_79.9,9.0_to_9.5,+1.5
6c26284a3ba72def6e7e0c9db9893fc8,baseball,mlb,2026_05_09,07:10 PM,Chicago White Sox,Seattle Mariners,run_line,home,1.5,home_run_line,-135.0,0.7316610197103353,0.2736321454216948,0.3694033963192878,False,824606,1,final,2026-08-28T17:43:21.077345+00:00,6,1,7,1.5,-1.5,9.0,Win,HOME,0.2736321454216948,-135.0,,1.5,9.0,0.3694033963192878,0.7316610197103353,Night,0.10_plus,minus_149_to_minus_125,1.0_to_1.9,5_to_9.9,0.20_plus,70_to_74.9,70_to_74.9,9.0_to_9.5,+1.5
6dce302dd60dfcdf0b0f75b0c7526958,baseball,mlb,2026_05_09,03:07 PM,Toronto Blue Jays,Los Angeles Angels,run_line,away,1.5,away_run_line,-142.0,0.6048319088201506,0.030769872778003,0.0436932193447643,False,822820,1,final,2026-08-28T17:43:21.077345+00:00,14,1,15,-1.5,1.5,8.0,Loss,AWAY,0.030769872778003,-142.0,,1.5,8.0,0.0436932193447643,0.6048319088201506,Day,0.03_to_0.0399,minus_149_to_minus_125,1.0_to_1.9,5_to_9.9,0.03_to_0.0499,60_to_64.9,60_to_64.9,8.0_to_8.5,+1.5
9fd60ef171dd7d6b753c07fe32aa37f6,baseball,mlb,2026_05_09,08:15 PM,Cleveland Guardians,Minnesota Twins,run_line,home,1.5,home_run_line,-192.0,0.7383903516652695,0.1229686598242643,0.2360998268625871,False,824444,1,final,2026-08-28T17:43:21.077345+00:00,1,2,3,1.5,-1.5,8.0,Win,HOME,0.1229686598242643,-192.0,,1.5,8.0,0.2360998268625871,0.7383903516652695,Night,0.10_plus,minus_199_to_minus_150,1.0_to_1.9,5_to_9.9,0.20_plus,70_to_74.9,70_to_74.9,8.0_to_8.5,+1.5
bf49c6516b601ce34a25f268cb202250,baseball,mlb,2026_05_09,07:10 PM,Milwaukee Brewers,New York Yankees,run_line,home,1.5,home_run_line,-142.0,0.7061001314719506,0.2033537451845919,0.2887623181621205,False,823792,1,final,2026-08-28T17:43:21.077345+00:00,4,3,7,1.5,-1.5,7.5,Win,HOME,0.2033537451845919,-142.0,,1.5,7.5,0.2887623181621205,0.7061001314719506,Night,0.10_plus,minus_149_to_minus_125,1.0_to_1.9,5_to_9.9,0.20_plus,70_to_74.9,70_to_74.9,7.5_to_8.0,+1.5
bf49c6516b601ce34a25f268cb202250,baseball,mlb,2026_05_09,07:10 PM,Milwaukee Brewers,New York Yankees,moneyline,home,,home_moneyline,119.0,0.48629442198999,0.0649847841580781,0.0546090623177127,False,823792,1,final,2026-08-28T17:43:21.077345+00:00,4,3,7,1.5,-1.5,7.5,Win,HOME,0.0649847841580781,119.0,119.0,1.5,7.5,0.0546090623177127,0.48629442198999,Night,0.05_to_0.0749,plus_101_to_plus_125,1.0_to_1.9,5_to_9.9,0.05_to_0.0999,<50,<50,7.5_to_8.0,+1.5
dd95987c051582f99dbe07d5424b2a03,baseball,mlb,2026_05_09,07:10 PM,Kansas City Royals,Detroit Tigers,run_line,away,1.5,away_run_line,-175.0,0.6755183072288393,0.0615287685024616,0.107675344879308,False,824115,1,final,2026-08-28T17:43:21.077345+00:00,5,1,6,-1.5,1.5,9.5,Loss,AWAY,0.0615287685024616,-175.0,,1.5,9.5,0.107675344879308,0.6755183072288393,Night,0.05_to_0.0749,minus_199_to_minus_150,1.0_to_1.9,5_to_9.9,0.10_to_0.1499,65_to_69.9,65_to_69.9,9.5_to_10.0,+1.5
1a0f51cf52137e602d477a383aededcd,baseball,mlb,2026_05_10,04:10 PM,Arizona Diamondbacks,New York Mets,run_line,home,1.5,home_run_line,-169.0,0.6821071875305097,0.0857209079627638,0.1448683344570709,False,825085,1,final,2026-08-28T17:43:21.077345+00:00,5,1,6,1.5,-1.5,8.5,Win,HOME,0.0857209079627638,-169.0,,1.5,8.5,0.1448683344570709,0.6821071875305097,Day,0.075_to_0.0999,minus_199_to_minus_150,1.0_to_1.9,5_to_9.9,0.10_to_0.1499,65_to_69.9,65_to_69.9,8.5_to_9.0,+1.5
1a85cdf5d7c53f361d8dd4b822af8f09,baseball,mlb,2026_05_10,07:20 PM,Kansas City Royals,Detroit Tigers,run_line,away,1.5,away_run_line,-192.0,0.7178885870053959,0.0917888927373733,0.1762346740557564,False,824113,1,final,2026-08-28T17:43:21.077345+00:00,3,6,9,-1.5,1.5,8.0,Win,AWAY,0.0917888927373733,-192.0,,1.5,8.0,0.1762346740557564,0.7178885870053959,Night,0.075_to_0.0999,minus_199_to_minus_150,1.0_to_1.9,5_to_9.9,0.15_to_0.1999,70_to_74.9,70_to_74.9,8.0_to_8.5,+1.5
2f41717fcce350329e8ac46662be3d88,baseball,mlb,2026_05_10,12:15 PM,Miami Marlins,Washington Nationals,run_line,away,1.5,away_run_line,-175.0,0.7514839434013018,0.180903339630617,0.3165808443535797,False,823868,1,final,2026-08-28T17:43:21.077345+00:00,5,2,7,-1.5,1.5,8.5,Loss,AWAY,0.180903339630617,-175.0,,1.5,8.5,0.3165808443535797,0.7514839434013018,Day,0.10_plus,minus_199_to_minus_150,1.0_to_1.9,5_to_9.9,0.20_plus,75_to_79.9,75_to_79.9,8.5_to_9.0,+1.5
3751eb6375883244bf07ebaa76d74e35,baseball,mlb,2026_05_10,01:40 PM,Cincinnati Reds,Houston Astros,run_line,away,1.5,away_run_line,-185.0,0.7462326482754751,0.1496016473432995,0.276763047585104,False,824520,1,final,2026-08-28T17:43:21.077345+00:00,5,0,5,-1.5,1.5,9.0,Loss,AWAY,0.1496016473432995,-185.0,,1.5,9.0,0.276763047585104,0.7462326482754751,Day,0.10_plus,minus_199_to_minus_150,1.0_to_1.9,5_to_9.9,0.20_plus,70_to_74.9,70_to_74.9,9.0_to_9.5,+1.5
4d2a59061aec314f7265432aacbe8df1,baseball,mlb,2026_05_10,01:40 PM,Cleveland Guardians,Minnesota Twins,run_line,home,-1.5,home_run_line,149.0,0.452374694090797,0.1264129882860847,0.0848409317356272,False,824440,1,final,2026-08-28T17:43:21.077345+00:00,4,5,9,-1.5,1.5,7.5,Loss,HOME,0.1264129882860847,149.0,,-1.5,7.5,0.0848409317356272,0.452374694090797,Day,0.10_plus,plus_126_to_plus_150,1.0_to_1.9,5_to_9.9,0.05_to_0.0999,<50,<50,7.5_to_8.0,-1.5
73c2cde50707b32c9767a0a8fbb2e7d2,baseball,mlb,2026_05_10,01:35 PM,Boston Red Sox,Tampa Bay Rays,run_line,away,1.5,away_run_line,-185.0,0.7677673619849004,0.1827767468416032,0.338136981656966,False,824765,1,final,2026-08-28T17:43:21.077345+00:00,1,4,5,-1.5,1.5,8.0,Win,AWAY,0.1827767468416032,-185.0,,1.5,8.0,0.338136981656966,0.7677673619849004,Day,0.10_plus,minus_199_to_minus_150,1.0_to_1.9,5_to_9.9,0.20_plus,75_to_79.9,75_to_79.9,8.0_to_8.5,+1.5
ab56a10bb0c4a672e1d846d67e7f703e,baseball,mlb,2026_05_10,04:10 PM,Los Angeles Dodgers,Atlanta Braves,run_line,away,1.5,away_run_line,-185.0,0.7585218124055054,0.1685336028949677,0.3117871653556904,False,823954,1,final,2026-08-28T17:43:21.077345+00:00,2,7,9,-1.5,1.5,8.5,Win,AWAY,0.1685336028949677,-185.0,,1.5,8.5,0.3117871653556904,0.7585218124055054,Day,0.10_plus,minus_199_to_minus_150,1.0_to_1.9,5_to_9.9,0.20_plus,75_to_79.9,75_to_79.9,8.5_to_9.0,+1.5
bdfc7e1e5ee8e2389bbdfb8f9521a582,baseball,mlb,2026_05_10,04:10 PM,San Diego Padres,St Louis Cardinals,run_line,away,1.5,away_run_line,-185.0,0.7770280029526917,0.1970431396838763,0.3645298084151714,False,,,final,2026-08-28T17:43:21.077345+00:00,3,2,5,,,,Win,AWAY,0.1970431396838763,-185.0,,,,0.3645298084151714,0.7770280029526917,Day,0.10_plus,minus_199_to_minus_150,UNBUCKETED,UNBUCKETED,0.20_plus,75_to_79.9,75_to_79.9,UNBUCKETED,UNBUCKETED
d58ee5722b0d27c98714b46a090df16f,baseball,mlb,2026_05_10,02:10 PM,Chicago White Sox,Seattle Mariners,run_line,home,1.5,home_run_line,-156.0,0.7392240059226015,0.2130855481806792,0.3324134551618598,False,824605,1,final,2026-08-28T17:43:21.077345+00:00,2,1,3,1.5,-1.5,8.0,Win,HOME,0.2130855481806792,-156.0,,1.5,8.0,0.3324134551618598,0.7392240059226015,Day,0.10_plus,minus_199_to_minus_150,1.0_to_1.9,5_to_9.9,0.20_plus,70_to_74.9,70_to_74.9,8.0_to_8.5,+1.5
e254b4d802742c85bc156989d1b71346,baseball,mlb,2026_05_10,02:10 PM,Milwaukee Brewers,New York Yankees,run_line,home,1.5,home_run_line,-163.0,0.7325348304347217,0.1819427018670663,0.296566604043318,False,823793,1,final,2026-08-28T17:43:21.077345+00:00,4,3,7,1.5,-1.5,8.0,Win,HOME,0.1819427018670663,-163.0,,1.5,8.0,0.296566604043318,0.7325348304347217,Day,0.10_plus,minus_199_to_minus_150,1.0_to_1.9,5_to_9.9,0.20_plus,70_to_74.9,70_to_74.9,8.0_to_8.5,+1.5
f39e9272c26acb799cf16afa62e26316,baseball,mlb,2026_05_10,02:35 PM,Texas Rangers,Chicago Cubs,run_line,away,1.5,away_run_line,-192.0,0.6758199636071457,0.0278095279858676,0.0533942937328658,False,822902,1,final,2026-08-28T17:43:21.077345+00:00,3,0,3,-1.5,1.5,8.0,Loss,AWAY,0.0278095279858676,-192.0,,1.5,8.0,0.0533942937328658,0.6758199636071457,Day,0.02_to_0.0299,minus_199_to_minus_150,1.0_to_1.9,5_to_9.9,0.05_to_0.0999,65_to_69.9,65_to_69.9,8.0_to_8.5,+1.5
5469c15e3925b64e5437f4ebe23e9b60,baseball,mlb,2026_05_11,06:10 PM,Cleveland Guardians,Los Angeles Angels,run_line,home,-1.5,home_run_line,123.0,0.5828084350931788,0.2996628102577887,0.2436283010225924,False,824441,1,final,2026-08-28T17:43:21.077345+00:00,7,2,9,-1.5,1.5,8.0,Win,HOME,0.2996628102577887,123.0,,-1.5,8.0,0.2436283010225924,0.5828084350931788,Night,0.10_plus,plus_101_to_plus_125,1.0_to_1.9,5_to_9.9,0.20_plus,55_to_59.9,55_to_59.9,8.0_to_8.5,-1.5
80622319ceec1faf47baaee869656e13,baseball,mlb,2026_05_11,08:10 PM,Houston Astros,Seattle Mariners,run_line,home,1.5,home_run_line,-142.0,0.7292133392595528,0.2427438598648716,0.3446962810081176,False,824199,1,final,2026-08-28T17:43:21.077345+00:00,1,3,4,1.5,-1.5,8.5,Loss,HOME,0.2427438598648716,-142.0,,1.5,8.5,0.3446962810081176,0.7292133392595528,Night,0.10_plus,minus_149_to_minus_125,1.0_to_1.9,5_to_9.9,0.20_plus,70_to_74.9,70_to_74.9,8.5_to_9.0,+1.5
875a5a258588aff680ae69335167dec2,baseball,mlb,2026_05_11,10:10 PM,Los Angeles Dodgers,San Francisco Giants,run_line,away,1.5,away_run_line,-135.0,0.8446808327628313,0.4703703385130768,0.6349999569926537,False,823953,1,final,2026-08-28T17:43:21.077345+00:00,3,9,12,-1.5,1.5,9.5,Win,AWAY,0.4703703385130768,-135.0,,1.5,9.5,0.6349999569926537,0.8446808327628313,Night,0.10_plus,minus_149_to_minus_125,1.0_to_1.9,5_to_9.9,0.20_plus,80_plus,80_plus,9.5_to_10.0,+1.5
8ca76871aa74f5f88b3dba57c6e6e48c,baseball,mlb,2026_05_11,07:07 PM,Toronto Blue Jays,Tampa Bay Rays,run_line,away,1.5,away_run_line,-185.0,0.8224082962744739,0.2669533212877031,0.4938636443822505,False,822818,1,final,2026-08-28T17:43:21.077345+00:00,5,8,13,-1.5,1.5,7.5,Win,AWAY,0.2669533212877031,-185.0,,1.5,7.5,0.4938636443822505,0.8224082962744739,Night,0.10_plus,minus_199_to_minus_150,1.0_to_1.9,5_to_9.9,0.20_plus,80_plus,80_plus,7.5_to_8.0,+1.5
a96772c4a288f0b16b88697b8dfdd837,baseball,mlb,2026_05_11,06:35 PM,Baltimore Orioles,New York Yankees,run_line,home,1.5,home_run_line,-114.0,0.6243201388292756,0.1719693834163596,0.1960450970946498,False,824844,1,final,2026-08-28T17:43:21.077345+00:00,3,2,5,1.5,-1.5,9.0,Win,HOME,0.1719693834163596,-114.0,,1.5,9.0,0.1960450970946498,0.6243201388292756,Night,0.10_plus,minus_124_to_minus_110,1.0_to_1.9,5_to_9.9,0.15_to_0.1999,60_to_64.9,60_to_64.9,9.0_to_9.5,+1.5
aead05342952ab70ff6c1a772b4295d4,baseball,mlb,2026_05_11,08:05 PM,Texas Rangers,Arizona Diamondbacks,run_line,away,1.5,away_run_line,-185.0,0.6566623772538733,0.0116150136073183,0.0214877751735389,False,822901,1,final,2026-08-28T17:43:21.077345+00:00,0,1,1,-1.5,1.5,7.5,Win,AWAY,0.0116150136073183,-185.0,,1.5,7.5,0.0214877751735389,0.6566623772538733,Night,0.01_to_0.0199,minus_199_to_minus_150,1.0_to_1.9,5_to_9.9,0.02_to_0.0299,65_to_69.9,65_to_69.9,7.5_to_8.0,+1.5
a0929cf66d445eec19f118010165e95c,baseball,mlb,2026_05_12,10:10 PM,Los Angeles Dodgers,San Francisco Giants,run_line,away,1.5,away_run_line,123.0,0.6119625399106083,0.3646764640006565,0.2964849300818346,False,823951,1,final,2026-08-28T17:43:21.077345+00:00,2,6,8,-1.5,1.5,9.0,Win,AWAY,0.3646764640006565,123.0,,1.5,9.0,0.2964849300818346,0.6119625399106083,Night,0.10_plus,plus_101_to_plus_125,1.0_to_1.9,5_to_9.9,0.20_plus,60_to_64.9,60_to_64.9,9.0_to_9.5,+1.5
18791fe8f5ff31b64bb2cff4f5af59a0,baseball,mlb,2026_05_13,07:40 PM,Minnesota Twins,Miami Marlins,run_line,home,1.5,home_run_line,-156.0,0.6172042640219333,0.012848023010352,0.0200429158961491,False,823710,1,final,2026-08-28T17:43:21.077345+00:00,5,9,14,1.5,-1.5,8.5,Loss,HOME,0.012848023010352,-156.0,,1.5,8.5,0.0200429158961491,0.6172042640219333,Night,0.01_to_0.0199,minus_199_to_minus_150,1.0_to_1.9,5_to_9.9,0.02_to_0.0299,60_to_64.9,60_to_64.9,8.5_to_9.0,+1.5
198e79fae18be9cb416f60f6da4d7996,baseball,mlb,2026_05_13,07:05 PM,Pittsburgh Pirates,Colorado Rockies,run_line,away,1.5,away_run_line,-135.0,0.6663828532682758,0.1599997816151468,0.2159997051804482,False,823386,1,final,2026-08-28T17:43:21.077345+00:00,4,10,14,-1.5,1.5,8.5,Win,AWAY,0.1599997816151468,-135.0,,1.5,8.5,0.2159997051804482,0.6663828532682758,Night,0.10_plus,minus_149_to_minus_125,1.0_to_1.9,5_to_9.9,0.20_plus,65_to_69.9,65_to_69.9,8.5_to_9.0,+1.5
1ae3a00c8d26de69bd61ddda56e9dba1,baseball,mlb,2026_05_13,07:15 PM,Atlanta Braves,Chicago Cubs,run_line,home,1.5,home_run_line,-149.0,0.7548639283882044,0.2614840145547845,0.3896111816866288,False,824928,1,final,2026-08-28T17:43:21.077345+00:00,4,1,5,1.5,-1.5,8.5,Win,HOME,0.2614840145547845,-149.0,,1.5,8.5,0.3896111816866288,0.7548639283882044,Night,0.10_plus,minus_149_to_minus_125,1.0_to_1.9,5_to_9.9,0.20_plus,75_to_79.9,75_to_79.9,8.5_to_9.0,+1.5
21ff18fdfd96a55a86867197e834497e,baseball,mlb,2026_05_13,01:05 PM,Baltimore Orioles,New York Yankees,run_line,home,1.5,home_run_line,-126.0,0.81629436260004,0.4641470313302303,0.5848252594760902,False,824841,1,final,2026-08-28T17:43:21.077345+00:00,7,0,7,1.5,-1.5,9.0,Win,HOME,0.4641470313302303,-126.0,,1.5,9.0,0.5848252594760902,0.81629436260004,Day,0.10_plus,minus_149_to_minus_125,1.0_to_1.9,5_to_9.9,0.20_plus,80_plus,80_plus,9.0_to_9.5,+1.5
4546828df054a4ac1c7634c94b4c7012,baseball,mlb,2026_05_13,06:40 PM,Cincinnati Reds,Washington Nationals,run_line,away,1.5,away_run_line,-142.0,0.7387735045007673,0.2590365358393358,0.3678318808918567,False,824519,1,final,2026-08-28T17:43:21.077345+00:00,7,8,15,-1.5,1.5,9.0,Win,AWAY,0.2590365358393358,-142.0,,1.5,9.0,0.3678318808918567,0.7387735045007673,Night,0.10_plus,minus_149_to_minus_125,1.0_to_1.9,5_to_9.9,0.20_plus,70_to_74.9,70_to_74.9,9.0_to_9.5,+1.5
4d53bfb528444dbb7721172c9851e6c9,baseball,mlb,2026_05_13,07:40 PM,Chicago White Sox,Kansas City Royals,run_line,home,1.5,home_run_line,-175.0,0.7542800369583543,0.1852972009345568,0.3242701016354744,False,824603,1,final,2026-08-28T17:43:21.077345+00:00,6,5,11,1.5,-1.5,8.0,Win,HOME,0.1852972009345568,-175.0,,1.5,8.0,0.3242701016354744,0.7542800369583543,Night,0.10_plus,minus_199_to_minus_150,1.0_to_1.9,5_to_9.9,0.20_plus,75_to_79.9,75_to_79.9,8.0_to_8.5,+1.5
67da7d89e932aa7075b0600f26224572,baseball,mlb,2026_05_13,01:10 PM,Cleveland Guardians,Los Angeles Angels,run_line,home,-1.5,home_run_line,144.0,0.4614465152398591,0.125929497185256,0.0874510397119833,False,824438,1,final,2026-08-28T17:43:21.077345+00:00,4,2,6,-1.5,1.5,7.0,Win,HOME,0.125929497185256,144.0,,-1.5,7.0,0.0874510397119833,0.4614465152398591,Day,0.10_plus,plus_126_to_plus_150,1.0_to_1.9,5_to_9.9,0.05_to_0.0999,<50,<50,7.0_to_7.5,-1.5
6ff5fdd2fde54dc43326a02792b3e79f,baseball,mlb,2026_05_13,08:10 PM,Houston Astros,Seattle Mariners,run_line,home,1.5,home_run_line,-149.0,0.6163797615182063,0.0300574538123044,0.0447856061803335,False,824195,1,final,2026-08-28T17:43:21.077345+00:00,4,3,7,1.5,-1.5,9.0,Win,HOME,0.0300574538123044,-149.0,,1.5,9.0,0.0447856061803335,0.6163797615182063,Night,0.03_to_0.0399,minus_149_to_minus_125,1.0_to_1.9,5_to_9.9,0.03_to_0.0499,60_to_64.9,60_to_64.9,9.0_to_9.5,+1.5
7018d88c446b88b45928fc75ec91e83c,baseball,mlb,2026_05_13,10:10 PM,Los Angeles Dodgers,San Francisco Giants,run_line,away,1.5,away_run_line,-107.0,0.5970461213160243,0.1550331505833369,0.1658854711241704,False,823952,1,final,2026-08-28T17:43:21.077345+00:00,4,0,4,-1.5,1.5,8.0,Loss,AWAY,0.1550331505833369,-107.0,,1.5,8.0,0.1658854711241704,0.5970461213160243,Night,0.10_plus,minus_109_to_minus_101,1.0_to_1.9,5_to_9.9,0.15_to_0.1999,55_to_59.9,55_to_59.9,8.0_to_8.5,+1.5
70e80bbf99890d3a610a98c21f3a7419,baseball,mlb,2026_05_13,07:07 PM,Toronto Blue Jays,Tampa Bay Rays,run_line,away,1.5,away_run_line,-163.0,0.7004520237169105,0.1301771916413954,0.2121888223754746,False,822815,1,final,2026-08-28T17:43:21.077345+00:00,5,3,8,-1.5,1.5,7.5,Loss,AWAY,0.1301771916413954,-163.0,,1.5,7.5,0.2121888223754746,0.7004520237169105,Night,0.10_plus,minus_199_to_minus_150,1.0_to_1.9,5_to_9.9,0.20_plus,70_to_74.9,70_to_74.9,7.5_to_8.0,+1.5
ca6c0da9264577ed9bb23ff05ee77801,baseball,mlb,2026_05_13,07:10 PM,New York Mets,Detroit Tigers,run_line,home,1.5,home_run_line,-175.0,0.7355531159072511,0.155869182139966,0.2727710687449405,False,823631,1,final,2026-08-28T17:43:21.077345+00:00,3,2,5,1.5,-1.5,8.0,Win,HOME,0.155869182139966,-175.0,,1.5,8.0,0.2727710687449405,0.7355531159072511,Night,0.10_plus,minus_199_to_minus_150,1.0_to_1.9,5_to_9.9,0.20_plus,70_to_74.9,70_to_74.9,8.0_to_8.5,+1.5
d27ba1c4cb8a441ca047f3a9054aab48,baseball,mlb,2026_05_13,09:40 PM,Athletics,St Louis Cardinals,run_line,away,1.5,away_run_line,-156.0,0.691305322722376,0.1344497603649246,0.2097416261692825,False,,,final,2026-08-28T17:43:21.077345+00:00,6,2,8,,,,Loss,AWAY,0.1344497603649246,-156.0,,,,0.2097416261692825,0.691305322722376,Night,0.10_plus,minus_199_to_minus_150,UNBUCKETED,UNBUCKETED,0.20_plus,65_to_69.9,65_to_69.9,UNBUCKETED,UNBUCKETED
bc2f7272b3d5ef426608824387a95824,baseball,mlb,2026_05_14,10:10 PM,Los Angeles Dodgers,San Francisco Giants,run_line,away,1.5,away_run_line,-147.0,0.5992815970886547,0.0069561529312769,0.010225544808977,False,823950,1,final,2026-08-28T17:43:21.077345+00:00,5,2,7,-1.5,1.5,8.0,Loss,AWAY,0.0069561529312769,-147.0,,1.5,8.0,0.010225544808977,0.5992815970886547,Night,0.00_to_0.0099,minus_149_to_minus_125,1.0_to_1.9,5_to_9.9,0.01_to_0.0199,55_to_59.9,55_to_59.9,8.0_to_8.5,+1.5
0a103297db91d5bd1abf13d04b710c2a,baseball,mlb,2026_05_15,07:15 PM,Atlanta Braves,Boston Red Sox,run_line,away,1.5,away_run_line,-163.0,0.7165560278690513,0.1561609529420888,0.2545423532956049,False,824925,1,final,2026-08-28T17:43:21.077345+00:00,3,2,5,-1.5,1.5,8.0,Win,AWAY,0.1561609529420888,-163.0,,1.5,8.0,0.2545423532956049,0.7165560278690513,Night,0.10_plus,minus_199_to_minus_150,1.0_to_1.9,5_to_9.9,0.20_plus,70_to_74.9,70_to_74.9,8.0_to_8.5,+1.5
19b80d07edae4ffcb25b42667963c877,baseball,mlb,2026_05_15,06:45 PM,Detroit Tigers,Toronto Blue Jays,run_line,home,1.5,home_run_line,-156.0,0.7153673334960009,0.1739361370190784,0.2713403737497622,False,824280,1,final,2026-08-28T17:43:21.077345+00:00,3,2,5,1.5,-1.5,8.0,Win,HOME,0.1739361370190784,-156.0,,1.5,8.0,0.2713403737497622,0.7153673334960009,Night,0.10_plus,minus_199_to_minus_150,1.0_to_1.9,5_to_9.9,0.20_plus,70_to_74.9,70_to_74.9,8.0_to_8.5,+1.5
204926b2f2e00788f62385d3af31d828,baseball,mlb,2026_05_15,08:40 PM,Colorado Rockies,Arizona Diamondbacks,run_line,away,-1.5,away_run_line,112.0,0.5553058700730578,0.1772484445548825,0.1582575397811451,False,824360,1,final,2026-08-28T17:43:21.077345+00:00,1,9,10,1.5,-1.5,12.0,Win,AWAY,0.1772484445548825,112.0,,-1.5,12.0,0.1582575397811451,0.5553058700730578,Night,0.10_plus,plus_101_to_plus_125,1.0_to_1.9,10_to_14.9,0.15_to_0.1999,55_to_59.9,55_to_59.9,12.0_to_12.5,-1.5
2aee6b065d2ab7dd34a7bf34c50ecf64,baseball,mlb,2026_05_15,07:10 PM,Tampa Bay Rays,Miami Marlins,run_line,home,1.5,home_run_line,-200.0,0.8136854972012311,0.2205282458018467,0.4410564916036932,False,822983,1,final,2026-08-28T17:43:21.077345+00:00,7,2,9,1.5,-1.5,8.0,Win,HOME,0.2205282458018467,-200.0,,1.5,8.0,0.4410564916036932,0.8136854972012311,Night,0.10_plus,minus_200_or_lower,1.0_to_1.9,5_to_9.9,0.20_plus,80_plus,80_plus,8.0_to_8.5,+1.5
36e963840422a477a4a60c1d4b1b2879,baseball,mlb,2026_05_15,07:40 PM,Chicago White Sox,Chicago Cubs,run_line,away,-1.5,away_run_line,119.0,0.4694943102846499,0.0281925395233832,0.0236912096835152,False,824601,1,final,2026-08-28T17:43:21.077345+00:00,5,10,15,1.5,-1.5,8.5,Win,AWAY,0.0281925395233832,119.0,,-1.5,8.5,0.0236912096835152,0.4694943102846499,Night,0.02_to_0.0299,plus_101_to_plus_125,1.0_to_1.9,5_to_9.9,0.02_to_0.0299,<50,<50,8.5_to_9.0,-1.5
4323e1f1f88640843f73a6482a7730d5,baseball,mlb,2026_05_15,08:10 PM,Houston Astros,Texas Rangers,run_line,home,1.5,home_run_line,-178.0,0.6672530113171207,0.0421142536301097,0.0749633714615955,False,824194,1,final,2026-08-28T17:43:21.077345+00:00,2,0,2,1.5,-1.5,8.5,Win,HOME,0.0421142536301097,-178.0,,1.5,8.5,0.0749633714615955,0.6672530113171207,Night,0.04_to_0.0499,minus_199_to_minus_150,1.0_to_1.9,5_to_9.9,0.05_to_0.0999,65_to_69.9,65_to_69.9,8.5_to_9.0,+1.5
44a4350d4a8392d58e49e092bee941e9,baseball,mlb,2026_05_15,06:45 PM,Washington Nationals,Baltimore Orioles,run_line,home,1.5,home_run_line,-142.0,0.6282946862350434,0.0707557328794401,0.1004731406888049,False,822739,1,final,2026-08-28T17:43:21.077345+00:00,3,2,5,1.5,-1.5,9.5,Win,HOME,0.0707557328794401,-142.0,,1.5,9.5,0.1004731406888049,0.6282946862350434,Night,0.05_to_0.0749,minus_149_to_minus_125,1.0_to_1.9,5_to_9.9,0.10_to_0.1499,60_to_64.9,60_to_64.9,9.5_to_10.0,+1.5
857412c718e5a9787f2d262c8ad16cd5,baseball,mlb,2026_05_15,08:15 PM,St Louis Cardinals,Kansas City Royals,run_line,home,1.5,home_run_line,-175.0,0.7173432737587813,0.1272537159066562,0.2226940028366484,False,,,final,2026-08-28T17:43:21.077345+00:00,5,4,9,,,,Win,HOME,0.1272537159066562,-175.0,,,,0.2226940028366484,0.7173432737587813,Night,0.10_plus,minus_199_to_minus_150,UNBUCKETED,UNBUCKETED,0.20_plus,70_to_74.9,70_to_74.9,UNBUCKETED,UNBUCKETED
8a72d8b519cc92911419682fb63aaf67,baseball,mlb,2026_05_15,09:38 PM,Los Angeles Angels,Los Angeles Dodgers,moneyline,away,,away_moneyline,-243.0,0.7738891721002511,0.0923620824295725,0.2244398603038613,False,824037,1,final,2026-08-28T17:43:21.077345+00:00,0,6,6,1.5,-1.5,9.0,Win,AWAY,0.0923620824295725,-243.0,-243.0,-1.5,9.0,0.2244398603038613,0.7738891721002511,Night,0.075_to_0.0999,minus_200_or_lower,1.0_to_1.9,5_to_9.9,0.20_plus,75_to_79.9,75_to_79.9,9.0_to_9.5,-1.5
919b933a4af691070848a940a7d07a84,baseball,mlb,2026_05_15,09:40 PM,Seattle Mariners,San Diego Padres,run_line,away,1.5,away_run_line,-181.0,0.7881394284804362,0.2235755768121687,0.4046717940300255,False,823140,1,final,2026-08-28T17:43:21.077345+00:00,0,2,2,-1.5,1.5,7.0,Win,AWAY,0.2235755768121687,-181.0,,1.5,7.0,0.4046717940300255,0.7881394284804362,Night,0.10_plus,minus_199_to_minus_150,1.0_to_1.9,5_to_9.9,0.20_plus,75_to_79.9,75_to_79.9,7.0_to_7.5,+1.5
a051c6df269a83813b248ea222859c65,baseball,mlb,2026_05_15,06:40 PM,Pittsburgh Pirates,Philadelphia Phillies,run_line,away,1.5,away_run_line,-185.0,0.7381704003732219,0.1371814276019904,0.2537856410636824,False,823384,1,final,2026-08-28T17:43:21.077345+00:00,9,11,20,-1.5,1.5,8.0,Win,AWAY,0.1371814276019904,-185.0,,1.5,8.0,0.2537856410636824,0.7381704003732219,Night,0.10_plus,minus_199_to_minus_150,1.0_to_1.9,5_to_9.9,0.20_plus,70_to_74.9,70_to_74.9,8.0_to_8.5,+1.5
afc970260745e8fb77f25865b9aa1d1e,baseball,mlb,2026_05_15,07:15 PM,New York Mets,New York Yankees,run_line,away,-1.5,away_run_line,119.0,0.495274751145164,0.0846517050079092,0.0711358865612682,False,823629,1,final,2026-08-28T17:43:21.077345+00:00,2,5,7,1.5,-1.5,7.0,Win,AWAY,0.0846517050079092,119.0,,-1.5,7.0,0.0711358865612682,0.495274751145164,Night,0.075_to_0.0999,plus_101_to_plus_125,1.0_to_1.9,5_to_9.9,0.05_to_0.0999,<50,<50,7.0_to_7.5,-1.5
d5256fecb9779436e7900fb3f1b19363,baseball,mlb,2026_05_15,07:10 PM,Cleveland Guardians,Cincinnati Reds,run_line,home,-1.5,home_run_line,149.0,0.4053741716515425,0.0093816874123409,0.0062964345049267,False,824439,1,final,2026-08-28T17:43:21.077345+00:00,6,7,13,-1.5,1.5,8.0,Loss,HOME,0.0093816874123409,149.0,,-1.5,8.0,0.0062964345049267,0.4053741716515425,Night,0.00_to_0.0099,plus_126_to_plus_150,1.0_to_1.9,5_to_9.9,0.001_to_0.0099,<50,<50,8.0_to_8.5,-1.5
2638aded4f2e2359a902072c9d2fba22,baseball,mlb,2026_05_16,04:05 PM,Pittsburgh Pirates,Philadelphia Phillies,run_line,home,1.5,home_run_line,-117.0,0.7223527583162135,0.3397482782446011,0.3975054855461832,False,823382,1,final,2026-08-28T17:43:21.077345+00:00,0,6,6,1.5,-1.5,8.5,Loss,HOME,0.3397482782446011,-117.0,,1.5,8.5,0.3975054855461832,0.7223527583162135,Day,0.10_plus,minus_124_to_minus_110,1.0_to_1.9,5_to_9.9,0.20_plus,70_to_74.9,70_to_74.9,8.5_to_9.0,+1.5
2638aded4f2e2359a902072c9d2fba22,baseball,mlb,2026_05_16,04:05 PM,Pittsburgh Pirates,Philadelphia Phillies,total,under,8.5,under_total,-108.0,0.710779270936239,0.3689082255068309,0.3984208835473773,False,823382,1,final,2026-08-28T17:43:21.077345+00:00,0,6,6,1.5,-1.5,8.5,Win,UNDER,0.3689082255068309,-108.0,,,8.5,0.3984208835473773,0.710779270936239,Day,0.10_plus,minus_109_to_minus_101,UNBUCKETED,5_to_9.9,0.20_plus,70_to_74.9,70_to_74.9,8.5_to_9.0,UNBUCKETED
4b228f8e92985dcf7be730bd8e8c2c5d,baseball,mlb,2026_05_16,07:10 PM,Chicago White Sox,Chicago Cubs,run_line,home,1.5,home_run_line,-175.0,0.820860035244487,0.289922912527051,0.5073650969223393,False,824600,1,final,2026-08-28T17:43:21.077345+00:00,8,3,11,1.5,-1.5,8.5,Win,HOME,0.289922912527051,-175.0,,1.5,8.5,0.5073650969223393,0.820860035244487,Night,0.10_plus,minus_199_to_minus_150,1.0_to_1.9,5_to_9.9,0.20_plus,80_plus,80_plus,8.5_to_9.0,+1.5
58b1dff480365011b5d7ad2e1c40baae,baseball,mlb,2026_05_16,07:10 PM,Houston Astros,Texas Rangers,run_line,home,1.5,home_run_line,-142.0,0.7789838451409384,0.327564017775402,0.465140905241071,False,824193,1,final,2026-08-28T17:43:21.077345+00:00,4,1,5,1.5,-1.5,7.5,Win,HOME,0.327564017775402,-142.0,,1.5,7.5,0.465140905241071,0.7789838451409384,Night,0.10_plus,minus_149_to_minus_125,1.0_to_1.9,5_to_9.9,0.20_plus,75_to_79.9,75_to_79.9,7.5_to_8.0,+1.5
6b2d5ebb90ade419f4d5c59b95c1b301,baseball,mlb,2026_05_16,01:10 PM,Detroit Tigers,Toronto Blue Jays,run_line,away,1.5,away_run_line,-196.0,0.7449067890410739,0.1249612732457032,0.2449240955615785,False,824278,1,final,2026-08-28T17:43:21.077345+00:00,1,2,3,-1.5,1.5,8.5,Win,AWAY,0.1249612732457032,-196.0,,1.5,8.5,0.2449240955615785,0.7449067890410739,Day,0.10_plus,minus_199_to_minus_150,1.0_to_1.9,5_to_9.9,0.20_plus,70_to_74.9,70_to_74.9,8.5_to_9.0,+1.5
a5e515bbcd25515bb500f052064aa31d,baseball,mlb,2026_05_16,07:10 PM,Minnesota Twins,Milwaukee Brewers,run_line,home,1.5,home_run_line,-153.0,0.7933784698209136,0.3119264893117068,0.4772475286469114,False,823706,1,final,2026-08-28T17:43:21.077345+00:00,1,2,3,1.5,-1.5,8.5,Win,HOME,0.3119264893117068,-153.0,,1.5,8.5,0.4772475286469114,0.7933784698209136,Night,0.10_plus,minus_199_to_minus_150,1.0_to_1.9,5_to_9.9,0.20_plus,75_to_79.9,75_to_79.9,8.5_to_9.0,+1.5
a6224f9c00c2799d9f58de009bf48393,baseball,mlb,2026_05_16,09:38 PM,Los Angeles Angels,Los Angeles Dodgers,run_line,away,-1.5,away_run_line,119.0,0.5573274083647733,0.2205470243188536,0.1853336338813896,False,824038,1,final,2026-08-28T17:43:21.077345+00:00,2,15,17,1.5,-1.5,8.5,Win,AWAY,0.2205470243188536,119.0,,-1.5,8.5,0.1853336338813896,0.5573274083647733,Night,0.10_plus,plus_101_to_plus_125,1.0_to_1.9,5_to_9.9,0.15_to_0.1999,55_to_59.9,55_to_59.9,8.5_to_9.0,-1.5
c0881b4a195ada00f7db5d84c6cef8b7,baseball,mlb,2026_05_16,04:10 PM,Tampa Bay Rays,Miami Marlins,run_line,away,1.5,away_run_line,-175.0,0.7304306418737201,0.1478195800872743,0.2586842651527302,False,822981,1,final,2026-08-28T17:43:21.077345+00:00,5,10,15,-1.5,1.5,7.5,Win,AWAY,0.1478195800872743,-175.0,,1.5,7.5,0.2586842651527302,0.7304306418737201,Day,0.10_plus,minus_199_to_minus_150,1.0_to_1.9,5_to_9.9,0.20_plus,70_to_74.9,70_to_74.9,7.5_to_8.0,+1.5
c53d7080fd560dbde65770d1a7facbfd,baseball,mlb,2026_05_16,07:15 PM,New York Mets,New York Yankees,run_line,home,1.5,home_run_line,-149.0,0.7514852740707967,0.2558378070042173,0.3811983324362837,False,823627,1,final,2026-08-28T17:43:21.077345+00:00,6,3,9,1.5,-1.5,8.5,Win,HOME,0.2558378070042173,-149.0,,1.5,8.5,0.3811983324362837,0.7514852740707967,Night,0.10_plus,minus_149_to_minus_125,1.0_to_1.9,5_to_9.9,0.20_plus,75_to_79.9,75_to_79.9,8.5_to_9.0,+1.5
ca5e359ff82548cecbaa7a8695e9fbf0,baseball,mlb,2026_05_16,07:15 PM,Atlanta Braves,Boston Red Sox,run_line,away,1.5,away_run_line,-169.0,0.6575672974643854,0.0466603728870984,0.0788560301791965,False,824924,1,final,2026-08-28T17:43:21.077345+00:00,2,3,5,-1.5,1.5,8.0,Win,AWAY,0.0466603728870984,-169.0,,1.5,8.0,0.0788560301791965,0.6575672974643854,Night,0.04_to_0.0499,minus_199_to_minus_150,1.0_to_1.9,5_to_9.9,0.05_to_0.0999,65_to_69.9,65_to_69.9,8.0_to_8.5,+1.5
cc7b9980605dd66040b354031b4491c8,baseball,mlb,2026_05_16,04:05 PM,Washington Nationals,Baltimore Orioles,run_line,home,1.5,home_run_line,-172.0,0.7111627331874526,0.124629438528995,0.2143626342698712,False,822737,1,final,2026-08-28T17:43:21.077345+00:00,13,3,16,1.5,-1.5,10.0,Win,HOME,0.124629438528995,-172.0,,1.5,10.0,0.2143626342698712,0.7111627331874526,Day,0.10_plus,minus_199_to_minus_150,1.0_to_1.9,10_to_14.9,0.20_plus,70_to_74.9,70_to_74.9,10.0_to_10.5,+1.5
d89740dbc48f3d782b0e473629494f6b,baseball,mlb,2026_05_16,07:15 PM,Seattle Mariners,San Diego Padres,run_line,away,1.5,away_run_line,-156.0,0.7027864449649497,0.1532905763527379,0.2391332991102711,False,823139,1,final,2026-08-28T17:43:21.077345+00:00,4,7,11,-1.5,1.5,7.0,Win,AWAY,0.1532905763527379,-156.0,,1.5,7.0,0.2391332991102711,0.7027864449649497,Night,0.10_plus,minus_199_to_minus_150,1.0_to_1.9,5_to_9.9,0.20_plus,70_to_74.9,70_to_74.9,7.0_to_7.5,+1.5
e794b5b54765be45db1d4e7681c62e39,baseball,mlb,2026_05_16,03:10 PM,Colorado Rockies,Arizona Diamondbacks,total,under,11.0,under_total,-102.0,0.746993536368967,0.5682509069139803,0.636179095953137,False,824359,1,final,2026-08-28T17:43:21.077345+00:00,4,2,6,1.5,-1.5,11.0,Win,UNDER,0.5682509069139803,-102.0,,,11.0,0.636179095953137,0.746993536368967,Day,0.10_plus,minus_109_to_minus_101,UNBUCKETED,10_to_14.9,0.20_plus,70_to_74.9,70_to_74.9,11.0_to_11.5,UNBUCKETED
f1f5588e7499f45638568bb30db784a3,baseball,mlb,2026_05_16,03:00 PM,St Louis Cardinals,Kansas City Royals,run_line,home,1.5,home_run_line,-185.0,0.6582288516525414,0.0140282309241854,0.025952227209743,False,,,final,2026-08-28T17:43:21.077345+00:00,4,2,6,,,,Win,HOME,0.0140282309241854,-185.0,,,,0.025952227209743,0.6582288516525414,Day,0.01_to_0.0199,minus_199_to_minus_150,UNBUCKETED,UNBUCKETED,0.02_to_0.0299,65_to_69.9,65_to_69.9,UNBUCKETED,UNBUCKETED
f1f5588e7499f45638568bb30db784a3,baseball,mlb,2026_05_16,03:00 PM,St Louis Cardinals,Kansas City Royals,moneyline,away,,away_moneyline,-102.0,0.5471614802319266,0.083594303988717,0.0852661900684915,False,,,final,2026-08-28T17:43:21.077345+00:00,4,2,6,,,,Loss,AWAY,0.083594303988717,-102.0,-102.0,,,0.0852661900684915,0.5471614802319266,Day,0.075_to_0.0999,minus_109_to_minus_101,UNBUCKETED,UNBUCKETED,0.05_to_0.0999,50_to_54.9,50_to_54.9,UNBUCKETED,UNBUCKETED
0fb188572539c3bf9558877136a1c260,baseball,mlb,2026_05_17,02:10 PM,Minnesota Twins,Milwaukee Brewers,run_line,home,1.5,home_run_line,-172.0,0.8097995817383662,0.28061329205137,0.4826548623283561,False,823708,1,final,2026-08-28T17:43:21.077345+00:00,5,4,9,1.5,-1.5,8.0,Win,HOME,0.28061329205137,-172.0,,1.5,8.0,0.4826548623283561,0.8097995817383662,Day,0.10_plus,minus_199_to_minus_150,1.0_to_1.9,5_to_9.9,0.20_plus,80_plus,80_plus,8.0_to_8.5,+1.5
116182ae8e8405948f5510df38eec4e8,baseball,mlb,2026_05_17,02:10 PM,Chicago White Sox,Chicago Cubs,run_line,home,1.5,home_run_line,-142.0,0.6475611051349388,0.1035900524130646,0.1470978744265518,False,824599,1,final,2026-08-28T17:43:21.077345+00:00,9,8,17,1.5,-1.5,8.5,Win,HOME,0.1035900524130646,-142.0,,1.5,8.5,0.1470978744265518,0.6475611051349388,Day,0.10_plus,minus_149_to_minus_125,1.0_to_1.9,5_to_9.9,0.10_to_0.1499,60_to_64.9,60_to_64.9,8.5_to_9.0,+1.5
2012acf4d020399d425e3b100b9eb0b8,baseball,mlb,2026_05_17,01:40 PM,Cleveland Guardians,Cincinnati Reds,run_line,home,-1.5,home_run_line,124.0,0.5622845172622999,0.2595173186675519,0.2092881602157676,False,824436,1,final,2026-08-28T17:43:21.077345+00:00,10,3,13,-1.5,1.5,8.5,Win,HOME,0.2595173186675519,124.0,,-1.5,8.5,0.2092881602157676,0.5622845172622999,Day,0.10_plus,plus_101_to_plus_125,1.0_to_1.9,5_to_9.9,0.20_plus,55_to_59.9,55_to_59.9,8.5_to_9.0,-1.5
202f16f2a36544c76cedfaacc4e45ada,baseball,mlb,2026_05_17,02:15 PM,St Louis Cardinals,Kansas City Royals,run_line,home,1.5,home_run_line,-175.0,0.6595548935380917,0.0364434041312868,0.0637759572297521,False,,,final,2026-08-28T17:43:21.077345+00:00,0,2,2,,,,Loss,HOME,0.0364434041312868,-175.0,,,,0.0637759572297521,0.6595548935380917,Day,0.03_to_0.0399,minus_199_to_minus_150,UNBUCKETED,UNBUCKETED,0.05_to_0.0999,65_to_69.9,65_to_69.9,UNBUCKETED,UNBUCKETED
36d5609a0cc871bc0455884cbbeb54a7,baseball,mlb,2026_05_17,01:35 PM,Washington Nationals,Baltimore Orioles,run_line,home,1.5,home_run_line,-142.0,0.6194501364284651,0.0556826268710461,0.0790693301568856,False,822738,1,final,2026-08-28T17:43:21.077345+00:00,3,7,10,1.5,-1.5,10.5,Loss,HOME,0.0556826268710461,-142.0,,1.5,10.5,0.0790693301568856,0.6194501364284651,Day,0.05_to_0.0749,minus_149_to_minus_125,1.0_to_1.9,10_to_14.9,0.05_to_0.0999,60_to_64.9,60_to_64.9,10.5_to_11.0,+1.5
4a7ed5c0f59bf539dffd13712f0d22e3,baseball,mlb,2026_05_17,07:20 PM,Seattle Mariners,San Diego Padres,run_line,away,1.5,away_run_line,-163.0,0.6416872715188875,0.0353604442298614,0.057637524094674,False,823138,1,final,2026-08-28T17:43:21.077345+00:00,3,8,11,-1.5,1.5,7.5,Win,AWAY,0.0353604442298614,-163.0,,1.5,7.5,0.057637524094674,0.6416872715188875,Night,0.03_to_0.0399,minus_199_to_minus_150,1.0_to_1.9,5_to_9.9,0.05_to_0.0999,60_to_64.9,60_to_64.9,7.5_to_8.0,+1.5
8669868fab8f7f8ccddf468e6ac88d5b,baseball,mlb,2026_05_17,01:40 PM,New York Mets,New York Yankees,run_line,home,1.5,home_run_line,-192.0,0.7559043535545913,0.1496045376976078,0.2872407123794068,False,823628,1,final,2026-08-28T17:43:21.077345+00:00,7,6,13,1.5,-1.5,8.0,Win,HOME,0.1496045376976078,-192.0,,1.5,8.0,0.2872407123794068,0.7559043535545913,Day,0.10_plus,minus_199_to_minus_150,1.0_to_1.9,5_to_9.9,0.20_plus,75_to_79.9,75_to_79.9,8.0_to_8.5,+1.5
8732923778f83df576e551800c5f68d9,baseball,mlb,2026_05_17,04:55 PM,Colorado Rockies,Arizona Diamondbacks,run_line,home,1.5,home_run_line,-121.0,0.5753487452497201,0.050843576034613,0.0615207270018816,False,824358,1,final,2026-08-28T17:43:21.077345+00:00,6,8,14,1.5,-1.5,10.5,Loss,HOME,0.050843576034613,-121.0,,1.5,10.5,0.0615207270018816,0.5753487452497201,Day,0.05_to_0.0749,minus_124_to_minus_110,1.0_to_1.9,10_to_14.9,0.05_to_0.0999,55_to_59.9,55_to_59.9,10.5_to_11.0,+1.5
8732923778f83df576e551800c5f68d9,baseball,mlb,2026_05_17,04:55 PM,Colorado Rockies,Arizona Diamondbacks,total,under,10.5,under_total,-102.0,0.7083560898514187,0.4028228446077114,0.4108793014998658,False,824358,1,final,2026-08-28T17:43:21.077345+00:00,6,8,14,1.5,-1.5,10.5,Loss,UNDER,0.4028228446077114,-102.0,,,10.5,0.4108793014998658,0.7083560898514187,Day,0.10_plus,minus_109_to_minus_101,UNBUCKETED,10_to_14.9,0.20_plus,70_to_74.9,70_to_74.9,10.5_to_11.0,UNBUCKETED
b51f77ee601ba774b0fc72ab78459a22,baseball,mlb,2026_05_17,04:05 PM,Athletics,San Francisco Giants,run_line,home,-1.5,home_run_line,135.0,0.4470428775977295,0.0505507623546643,0.0374450091516032,False,,,final,2026-08-28T17:43:21.077345+00:00,1,10,11,,,,Loss,HOME,0.0505507623546643,135.0,,,,0.0374450091516032,0.4470428775977295,Day,0.05_to_0.0749,plus_126_to_plus_150,UNBUCKETED,UNBUCKETED,0.03_to_0.0499,<50,<50,UNBUCKETED,UNBUCKETED
bfb9f1713a1e1d5af34925cdf9b13a7e,baseball,mlb,2026_05_17,01:35 PM,Atlanta Braves,Boston Red Sox,run_line,home,-1.5,home_run_line,129.0,0.4791696098265317,0.0972984065027575,0.0754251213199671,False,824923,1,final,2026-08-28T17:43:21.077345+00:00,8,1,9,-1.5,1.5,8.5,Win,HOME,0.0972984065027575,129.0,,-1.5,8.5,0.0754251213199671,0.4791696098265317,Day,0.075_to_0.0999,plus_126_to_plus_150,1.0_to_1.9,5_to_9.9,0.05_to_0.0999,<50,<50,8.5_to_9.0,-1.5
c4ad12dbd84b0112939a27411ee0bf4d,baseball,mlb,2026_05_17,02:10 PM,Houston Astros,Texas Rangers,run_line,home,1.5,home_run_line,-172.0,0.7094214313496894,0.1218757519018345,0.2096262932711552,False,824192,1,final,2026-08-28T17:43:21.077345+00:00,0,8,8,1.5,-1.5,8.5,Loss,HOME,0.1218757519018345,-172.0,,1.5,8.5,0.2096262932711552,0.7094214313496894,Day,0.10_plus,minus_199_to_minus_150,1.0_to_1.9,5_to_9.9,0.20_plus,70_to_74.9,70_to_74.9,8.5_to_9.0,+1.5
d125d71e5b57f505a63c57086e78bfea,baseball,mlb,2026_05_17,01:35 PM,Pittsburgh Pirates,Philadelphia Phillies,run_line,away,1.5,away_run_line,-192.0,0.8151603830547021,0.2397230825623597,0.4602683185197302,False,823381,1,final,2026-08-28T17:43:21.077345+00:00,0,6,6,-1.5,1.5,7.0,Win,AWAY,0.2397230825623597,-192.0,,1.5,7.0,0.4602683185197302,0.8151603830547021,Day,0.10_plus,minus_199_to_minus_150,1.0_to_1.9,5_to_9.9,0.20_plus,80_plus,80_plus,7.0_to_7.5,+1.5
dd1591797593585fc5c6ed59ebb7a738,baseball,mlb,2026_05_17,04:07 PM,Los Angeles Angels,Los Angeles Dodgers,run_line,away,-1.5,away_run_line,112.0,0.6080381004546552,0.2890407729638691,0.2580721187177402,False,824034,1,final,2026-08-28T17:43:21.077345+00:00,1,10,11,1.5,-1.5,9.0,Win,AWAY,0.2890407729638691,112.0,,-1.5,9.0,0.2580721187177402,0.6080381004546552,Day,0.10_plus,plus_101_to_plus_125,1.0_to_1.9,5_to_9.9,0.20_plus,60_to_64.9,60_to_64.9,9.0_to_9.5,-1.5
13038bc4537d05af00935232c7a96b21,baseball,mlb,2026_05_18,07:05 PM,New York Yankees,Toronto Blue Jays,run_line,home,-1.5,home_run_line,118.0,0.4626850353183184,0.008653376993934,0.0073333703338425,False,823549,1,final,2026-08-28T17:43:21.077345+00:00,7,6,13,-1.5,1.5,9.0,Loss,HOME,0.008653376993934,118.0,,-1.5,9.0,0.0073333703338425,0.4626850353183184,Night,0.00_to_0.0099,plus_101_to_plus_125,1.0_to_1.9,5_to_9.9,0.001_to_0.0099,<50,<50,9.0_to_9.5,-1.5
14c70bb665938baff9719079a82cbb93,baseball,mlb,2026_05_18,09:40 PM,Seattle Mariners,Chicago White Sox,run_line,home,-1.5,home_run_line,135.0,0.5034147674026702,0.183024703396275,0.1355738543676111,False,823137,1,final,2026-08-28T17:43:21.077345+00:00,6,1,7,-1.5,1.5,7.5,Win,HOME,0.183024703396275,135.0,,-1.5,7.5,0.1355738543676111,0.5034147674026702,Night,0.10_plus,plus_126_to_plus_150,1.0_to_1.9,5_to_9.9,0.10_to_0.1499,50_to_54.9,50_to_54.9,7.5_to_8.0,-1.5
42fd4ebc22c3536132b84d9c0a55ef29,baseball,mlb,2026_05_18,07:40 PM,Minnesota Twins,Houston Astros,run_line,home,1.5,home_run_line,-175.0,0.7413484263486128,0.1649760985478199,0.2887081724586851,False,823705,1,final,2026-08-28T17:43:21.077345+00:00,6,3,9,1.5,-1.5,9.5,Win,HOME,0.1649760985478199,-175.0,,1.5,9.5,0.2887081724586851,0.7413484263486128,Night,0.10_plus,minus_199_to_minus_150,1.0_to_1.9,5_to_9.9,0.20_plus,70_to_74.9,70_to_74.9,9.5_to_10.0,+1.5
5d7782b4079153d44f30c8b3b9ccf495,baseball,mlb,2026_05_18,06:40 PM,Tampa Bay Rays,Baltimore Orioles,run_line,home,-1.5,home_run_line,139.0,0.5937797284369896,0.4191335509644052,0.3015349287513705,False,822980,1,final,2026-08-28T17:43:21.077345+00:00,16,6,22,-1.5,1.5,7.5,Win,HOME,0.4191335509644052,139.0,,-1.5,7.5,0.3015349287513705,0.5937797284369896,Night,0.10_plus,plus_126_to_plus_150,1.0_to_1.9,5_to_9.9,0.20_plus,55_to_59.9,55_to_59.9,7.5_to_8.0,-1.5
60ea4be5f7a9bd97fd35cbbbe9e208fa,baseball,mlb,2026_05_18,06:40 PM,Miami Marlins,Atlanta Braves,run_line,home,1.5,home_run_line,-175.0,0.7497865170381954,0.1782359553457355,0.3119129218550374,False,823867,1,final,2026-08-28T17:43:21.077345+00:00,12,0,12,1.5,-1.5,8.5,Win,HOME,0.1782359553457355,-175.0,,1.5,8.5,0.3119129218550374,0.7497865170381954,Night,0.10_plus,minus_199_to_minus_150,1.0_to_1.9,5_to_9.9,0.20_plus,70_to_74.9,70_to_74.9,8.5_to_9.0,+1.5
6990aa317792d95bc36b258c5662a9b4,baseball,mlb,2026_05_18,07:20 PM,Detroit Tigers,Cleveland Guardians,run_line,away,1.5,away_run_line,-172.0,0.7042089302026941,0.1136327268321675,0.1954482901513281,False,824277,1,final,2026-08-28T17:43:21.077345+00:00,2,8,10,-1.5,1.5,8.0,Win,AWAY,0.1136327268321675,-172.0,,1.5,8.0,0.1954482901513281,0.7042089302026941,Night,0.10_plus,minus_199_to_minus_150,1.0_to_1.9,5_to_9.9,0.15_to_0.1999,70_to_74.9,70_to_74.9,8.0_to_8.5,+1.5
82ca2e0ae47260f1183ee3abf8a69169,baseball,mlb,2026_05_18,07:10 PM,Kansas City Royals,Boston Red Sox,run_line,home,1.5,home_run_line,-172.0,0.6327832202234718,0.0006804412836298,0.0011703590078433,False,824114,1,final,2026-08-28T17:43:21.077345+00:00,1,3,4,1.5,-1.5,9.0,Loss,HOME,0.0006804412836298,-172.0,,1.5,9.0,0.0011703590078433,0.6327832202234718,Night,0.00_to_0.0099,minus_199_to_minus_150,1.0_to_1.9,5_to_9.9,0.001_to_0.0099,60_to_64.9,60_to_64.9,9.0_to_9.5,+1.5
8bf07e3c1ae5450be5661196332a989f,baseball,mlb,2026_05_18,06:45 PM,Washington Nationals,New York Mets,run_line,away,-1.5,away_run_line,108.0,0.6982119675474538,0.452280892498704,0.4187786041654667,False,822734,1,final,2026-08-28T17:43:21.077345+00:00,7,16,23,1.5,-1.5,10.5,Win,AWAY,0.452280892498704,108.0,,-1.5,10.5,0.4187786041654667,0.6982119675474538,Night,0.10_plus,plus_101_to_plus_125,1.0_to_1.9,10_to_14.9,0.20_plus,65_to_69.9,65_to_69.9,10.5_to_11.0,-1.5
a18a19981ef7d4e6c9f6244dc08e597a,baseball,mlb,2026_05_18,07:40 PM,Chicago Cubs,Milwaukee Brewers,run_line,away,1.5,away_run_line,-135.0,0.7821350750656366,0.361494389929071,0.488017426404246,False,824680,1,final,2026-08-28T17:43:21.077345+00:00,3,9,12,-1.5,1.5,10.5,Win,AWAY,0.361494389929071,-135.0,,1.5,10.5,0.488017426404246,0.7821350750656366,Night,0.10_plus,minus_149_to_minus_125,1.0_to_1.9,10_to_14.9,0.20_plus,75_to_79.9,75_to_79.9,10.5_to_11.0,+1.5
a8e5153e31f262e9df1bef1566519c3f,baseball,mlb,2026_05_18,09:38 PM,Los Angeles Angels,Athletics,run_line,home,1.5,home_run_line,-149.0,0.6762453034364351,0.1301012117830358,0.1938508055567232,False,,,final,2026-08-28T17:43:21.077345+00:00,2,1,3,,,,Win,HOME,0.1301012117830358,-149.0,,,,0.1938508055567232,0.6762453034364351,Night,0.10_plus,minus_149_to_minus_125,UNBUCKETED,UNBUCKETED,0.15_to_0.1999,65_to_69.9,65_to_69.9,UNBUCKETED,UNBUCKETED
d98976061eadebf5d9ba5c0632212976,baseball,mlb,2026_05_18,09:40 PM,San Diego Padres,Los Angeles Dodgers,run_line,home,1.5,home_run_line,-136.0,0.6571949427408639,0.1404265182856168,0.1909800648684387,False,823301,1,final,2026-08-28T17:43:21.077345+00:00,1,0,1,1.5,-1.5,7.5,Win,HOME,0.1404265182856168,-136.0,,1.5,7.5,0.1909800648684387,0.6571949427408639,Night,0.10_plus,minus_149_to_minus_125,1.0_to_1.9,5_to_9.9,0.15_to_0.1999,65_to_69.9,65_to_69.9,7.5_to_8.0,+1.5
daf39ff0f5f85b7da76274b743b1ab1f,baseball,mlb,2026_05_18,09:40 PM,Arizona Diamondbacks,San Francisco Giants,run_line,away,1.5,away_run_line,-175.0,0.6489480894502839,0.0197755691361605,0.0346072459882807,False,825087,1,final,2026-08-28T17:43:21.077345+00:00,12,2,14,-1.5,1.5,9.0,Loss,AWAY,0.0197755691361605,-175.0,,1.5,9.0,0.0346072459882807,0.6489480894502839,Night,0.01_to_0.0199,minus_199_to_minus_150,1.0_to_1.9,5_to_9.9,0.03_to_0.0499,60_to_64.9,60_to_64.9,9.0_to_9.5,+1.5
00aa355eed768f248a9d925736ced07e,baseball,mlb,2026_05_19,09:40 PM,Arizona Diamondbacks,San Francisco Giants,run_line,home,1.5,home_run_line,-192.0,0.8730629394910128,0.3277832204759157,0.6293437833137574,False,825086,1,final,2026-08-28T17:43:21.077345+00:00,5,3,8,1.5,-1.5,8.5,Win,HOME,0.3277832204759157,-192.0,,1.5,8.5,0.6293437833137574,0.8730629394910128,Night,0.10_plus,minus_199_to_minus_150,1.0_to_1.9,5_to_9.9,0.20_plus,80_plus,80_plus,8.5_to_9.0,+1.5
17b57496d4b06d4d4ecabf5046cb5e37,baseball,mlb,2026_05_19,09:40 PM,Seattle Mariners,Chicago White Sox,run_line,away,1.5,away_run_line,-172.0,0.6582280391509556,0.0409187595875577,0.0703802664905994,False,823136,1,final,2026-08-28T17:43:21.077345+00:00,1,2,3,-1.5,1.5,7.5,Win,AWAY,0.0409187595875577,-172.0,,1.5,7.5,0.0703802664905994,0.6582280391509556,Night,0.04_to_0.0499,minus_199_to_minus_150,1.0_to_1.9,5_to_9.9,0.05_to_0.0999,65_to_69.9,65_to_69.9,7.5_to_8.0,+1.5
36672faae36a4b8104686a4a2068f311,baseball,mlb,2026_05_19,09:38 PM,Los Angeles Angels,Athletics,run_line,away,1.5,away_run_line,-185.0,0.8207029728677854,0.2643262014449667,0.4890034726731883,False,,,final,2026-08-28T17:43:21.077345+00:00,6,14,20,,,,Win,AWAY,0.2643262014449667,-185.0,,,,0.4890034726731883,0.8207029728677854,Night,0.10_plus,minus_199_to_minus_150,UNBUCKETED,UNBUCKETED,0.20_plus,80_plus,80_plus,UNBUCKETED,UNBUCKETED
54706a0490ebce80c512adf788e6b1d2,baseball,mlb,2026_05_19,06:40 PM,Philadelphia Phillies,Cincinnati Reds,run_line,away,1.5,away_run_line,-172.0,0.7237017417452904,0.1444585683413897,0.2484687375471901,False,823464,1,final,2026-08-28T17:43:21.077345+00:00,1,4,5,-1.5,1.5,8.5,Win,AWAY,0.1444585683413897,-172.0,,1.5,8.5,0.2484687375471901,0.7237017417452904,Night,0.10_plus,minus_199_to_minus_150,1.0_to_1.9,5_to_9.9,0.20_plus,70_to_74.9,70_to_74.9,8.5_to_9.0,+1.5
71b59fe2207f3970c30c5dacc7d3956d,baseball,mlb,2026_05_19,07:05 PM,New York Yankees,Toronto Blue Jays,run_line,away,1.5,away_run_line,-175.0,0.7092616340511559,0.1145539963661022,0.2004694936406788,False,823548,1,final,2026-08-28T17:43:21.077345+00:00,5,4,9,-1.5,1.5,9.0,Win,AWAY,0.1145539963661022,-175.0,,1.5,9.0,0.2004694936406788,0.7092616340511559,Night,0.10_plus,minus_199_to_minus_150,1.0_to_1.9,5_to_9.9,0.20_plus,70_to_74.9,70_to_74.9,9.0_to_9.5,+1.5
9ba5958467f2222cf1204d56f898ed51,baseball,mlb,2026_05_19,07:30 PM,Washington Nationals,New York Mets,run_line,home,1.5,home_run_line,-129.0,0.795327577809206,0.4118605838628542,0.5313001531830819,False,822736,1,final,2026-08-28T17:43:21.077345+00:00,9,6,15,1.5,-1.5,9.0,Win,HOME,0.4118605838628542,-129.0,,1.5,9.0,0.5313001531830819,0.795327577809206,Night,0.10_plus,minus_149_to_minus_125,1.0_to_1.9,5_to_9.9,0.20_plus,75_to_79.9,75_to_79.9,9.0_to_9.5,+1.5
9dc0d5b7cb72b6692039e5b9a98b9c02,baseball,mlb,2026_05_19,07:45 PM,St Louis Cardinals,Pittsburgh Pirates,run_line,home,1.5,home_run_line,-181.0,0.7266825282898529,0.1281645881185009,0.2319779044944866,False,,,final,2026-08-28T17:43:21.077345+00:00,9,6,15,,,,Win,HOME,0.1281645881185009,-181.0,,,,0.2319779044944866,0.7266825282898529,Night,0.10_plus,minus_199_to_minus_150,UNBUCKETED,UNBUCKETED,0.20_plus,70_to_74.9,70_to_74.9,UNBUCKETED,UNBUCKETED
ae09768ff9ace4d90b4d8b78be0ac325,baseball,mlb,2026_05_19,04:10 PM,Miami Marlins,Atlanta Braves,run_line,home,1.5,home_run_line,-135.0,0.718591036035106,0.2508806923574067,0.3386889346824991,False,823865,1,final,2026-08-28T17:43:21.077345+00:00,4,8,12,1.5,-1.5,8.5,Loss,HOME,0.2508806923574067,-135.0,,1.5,8.5,0.3386889346824991,0.718591036035106,Day,0.10_plus,minus_149_to_minus_125,1.0_to_1.9,5_to_9.9,0.20_plus,70_to_74.9,70_to_74.9,8.5_to_9.0,+1.5
c974a8cecb0d3237e2c78f1920c5eaf3,baseball,mlb,2026_05_19,06:40 PM,Tampa Bay Rays,Baltimore Orioles,run_line,home,1.5,home_run_line,-200.0,0.7224102551290774,0.0836153826936161,0.1672307653872322,False,822979,1,final,2026-08-28T17:43:21.077345+00:00,4,1,5,1.5,-1.5,7.5,Win,HOME,0.0836153826936161,-200.0,,1.5,7.5,0.1672307653872322,0.7224102551290774,Night,0.075_to_0.0999,minus_200_or_lower,1.0_to_1.9,5_to_9.9,0.15_to_0.1999,70_to_74.9,70_to_74.9,7.5_to_8.0,+1.5
d66cf630e36e9449d187a5ac8311303c,baseball,mlb,2026_05_19,09:40 PM,San Diego Padres,Los Angeles Dodgers,run_line,home,1.5,home_run_line,-126.0,0.6546393427875966,0.1741943767460065,0.2194849146999683,False,823302,1,final,2026-08-28T17:43:21.077345+00:00,4,5,9,1.5,-1.5,8.5,Win,HOME,0.1741943767460065,-126.0,,1.5,8.5,0.2194849146999683,0.6546393427875966,Night,0.10_plus,minus_149_to_minus_125,1.0_to_1.9,5_to_9.9,0.20_plus,65_to_69.9,65_to_69.9,8.5_to_9.0,+1.5
d830cdcc631105b0bba70245ff339e90,baseball,mlb,2026_05_19,06:40 PM,Detroit Tigers,Cleveland Guardians,run_line,home,1.5,home_run_line,-166.0,0.6928912337417394,0.1102955914174861,0.1830906817530269,False,824276,1,final,2026-08-28T17:43:21.077345+00:00,3,4,7,1.5,-1.5,8.0,Win,HOME,0.1102955914174861,-166.0,,1.5,8.0,0.1830906817530269,0.6928912337417394,Night,0.10_plus,minus_199_to_minus_150,1.0_to_1.9,5_to_9.9,0.15_to_0.1999,65_to_69.9,65_to_69.9,8.0_to_8.5,+1.5
ec5b231b8737543f956f9575bc81de01,baseball,mlb,2026_05_19,07:40 PM,Kansas City Royals,Boston Red Sox,run_line,away,-1.5,away_run_line,136.0,0.4975073850650255,0.1741174287534603,0.1280275211422502,False,824112,1,final,2026-08-28T17:43:21.077345+00:00,1,7,8,1.5,-1.5,8.0,Win,AWAY,0.1741174287534603,136.0,,-1.5,8.0,0.1280275211422502,0.4975073850650255,Night,0.10_plus,plus_126_to_plus_150,1.0_to_1.9,5_to_9.9,0.10_to_0.1499,<50,<50,8.0_to_8.5,-1.5
005a4910f335d19816293b6d19644bd0,baseball,mlb,2026_05_20,07:40 PM,Kansas City Royals,Boston Red Sox,run_line,home,1.5,home_run_line,-196.0,0.7161214237608442,0.0814894971082136,0.1597194143320987,False,824111,1,final,2026-08-28T17:43:21.077345+00:00,3,4,7,1.5,-1.5,8.0,Win,HOME,0.0814894971082136,-196.0,,1.5,8.0,0.1597194143320987,0.7161214237608442,Night,0.075_to_0.0999,minus_199_to_minus_150,1.0_to_1.9,5_to_9.9,0.15_to_0.1999,70_to_74.9,70_to_74.9,8.0_to_8.5,+1.5
0d1fe29e67867b51d29c32056784a512,baseball,mlb,2026_05_20,03:40 PM,Arizona Diamondbacks,San Francisco Giants,run_line,away,1.5,away_run_line,-185.0,0.6663908862171337,0.0266021760642329,0.0492140257188311,False,825084,1,final,2026-08-28T17:43:21.077345+00:00,6,3,9,-1.5,1.5,9.0,Loss,AWAY,0.0266021760642329,-185.0,,1.5,9.0,0.0492140257188311,0.6663908862171337,Day,0.02_to_0.0299,minus_199_to_minus_150,1.0_to_1.9,5_to_9.9,0.03_to_0.0499,65_to_69.9,65_to_69.9,9.0_to_9.5,+1.5
2d368724e0c14ae2d63c7f7016e17330,baseball,mlb,2026_05_20,06:45 PM,Washington Nationals,New York Mets,run_line,home,1.5,home_run_line,-149.0,0.6632682113170223,0.1084146618653594,0.1615378461793854,False,822735,1,final,2026-08-28T17:43:21.077345+00:00,8,4,12,1.5,-1.5,9.5,Win,HOME,0.1084146618653594,-149.0,,1.5,9.5,0.1615378461793854,0.6632682113170223,Night,0.10_plus,minus_149_to_minus_125,1.0_to_1.9,5_to_9.9,0.15_to_0.1999,65_to_69.9,65_to_69.9,9.5_to_10.0,+1.5
359cc9aec9f8a43ddd53ba06ce331765,baseball,mlb,2026_05_20,09:38 PM,Los Angeles Angels,Athletics,run_line,away,-1.5,away_run_line,125.0,0.4450443700058312,0.0013498325131202,0.0010798660104961,False,,,final,2026-08-28T17:43:21.077345+00:00,5,6,11,,,,Loss,AWAY,0.0013498325131202,125.0,,,,0.0010798660104961,0.4450443700058312,Night,0.00_to_0.0099,plus_101_to_plus_125,UNBUCKETED,UNBUCKETED,0.001_to_0.0099,<50,<50,UNBUCKETED,UNBUCKETED
3846930337f62766087b0490c958713e,baseball,mlb,2026_05_20,03:10 PM,Colorado Rockies,Texas Rangers,run_line,away,-1.5,away_run_line,112.0,0.4865950787949886,0.0315815670453758,0.0281978277190856,False,824355,1,final,2026-08-28T17:43:21.077345+00:00,4,5,9,1.5,-1.5,10.5,Loss,AWAY,0.0315815670453758,112.0,,-1.5,10.5,0.0281978277190856,0.4865950787949886,Day,0.03_to_0.0399,plus_101_to_plus_125,1.0_to_1.9,10_to_14.9,0.02_to_0.0299,<50,<50,10.5_to_11.0,-1.5
44f850d55bfab7238e84fbd1b0e4c76f,baseball,mlb,2026_05_20,01:05 PM,Philadelphia Phillies,Cincinnati Reds,run_line,away,1.5,away_run_line,-163.0,0.760923301515158,0.2277474128741505,0.3712282829848654,False,823462,1,final,2026-08-28T17:43:21.077345+00:00,4,9,13,-1.5,1.5,10.0,Win,AWAY,0.2277474128741505,-163.0,,1.5,10.0,0.3712282829848654,0.760923301515158,Day,0.10_plus,minus_199_to_minus_150,1.0_to_1.9,10_to_14.9,0.20_plus,75_to_79.9,75_to_79.9,10.0_to_10.5,+1.5
7da6a18b316119afbe4c2a58d5c2cbce,baseball,mlb,2026_05_20,01:10 PM,Tampa Bay Rays,Baltimore Orioles,run_line,away,1.5,away_run_line,-192.0,0.7138918686096615,0.0857105501771937,0.1645642563402119,False,822977,1,final,2026-08-28T17:43:21.077345+00:00,5,3,8,-1.5,1.5,8.5,Loss,AWAY,0.0857105501771937,-192.0,,1.5,8.5,0.1645642563402119,0.7138918686096615,Day,0.075_to_0.0999,minus_199_to_minus_150,1.0_to_1.9,5_to_9.9,0.15_to_0.1999,70_to_74.9,70_to_74.9,8.5_to_9.0,+1.5
831c912e2cd0016f96881ac551738e6e,baseball,mlb,2026_05_20,01:40 PM,Minnesota Twins,Houston Astros,run_line,away,1.5,away_run_line,-163.0,0.6591328575939501,0.0635088438479072,0.1035194154720888,False,823703,1,final,2026-08-28T17:43:21.077345+00:00,4,1,5,-1.5,1.5,8.0,Loss,AWAY,0.0635088438479072,-163.0,,1.5,8.0,0.1035194154720888,0.6591328575939501,Day,0.05_to_0.0749,minus_199_to_minus_150,1.0_to_1.9,5_to_9.9,0.10_to_0.1499,65_to_69.9,65_to_69.9,8.0_to_8.5,+1.5
9090dcea2ce4abd32e09245a44d713d7,baseball,mlb,2026_05_20,07:45 PM,St Louis Cardinals,Pittsburgh Pirates,run_line,home,1.5,home_run_line,-192.0,0.8009852202964758,0.2181650225342239,0.4188768432657095,False,,,final,2026-08-28T17:43:21.077345+00:00,0,7,7,,,,Loss,HOME,0.2181650225342239,-192.0,,,,0.4188768432657095,0.8009852202964758,Night,0.10_plus,minus_199_to_minus_150,UNBUCKETED,UNBUCKETED,0.20_plus,80_plus,80_plus,UNBUCKETED,UNBUCKETED
b0078538407a959dc03f5469df863662,baseball,mlb,2026_05_20,04:10 PM,Seattle Mariners,Chicago White Sox,run_line,home,-1.5,home_run_line,139.0,0.5014031093721897,0.1983534313995334,0.1427003103593765,False,823134,1,final,2026-08-28T17:43:21.077345+00:00,5,4,9,-1.5,1.5,7.5,Loss,HOME,0.1983534313995334,139.0,,-1.5,7.5,0.1427003103593765,0.5014031093721897,Day,0.10_plus,plus_126_to_plus_150,1.0_to_1.9,5_to_9.9,0.10_to_0.1499,50_to_54.9,50_to_54.9,7.5_to_8.0,-1.5
cc55d7d8e85462a3aa9f55084d696c51,baseball,mlb,2026_05_20,06:40 PM,Detroit Tigers,Cleveland Guardians,run_line,home,1.5,home_run_line,-149.0,0.6678305144803902,0.1160389134605177,0.1728979810561715,False,824273,1,final,2026-08-28T17:43:21.077345+00:00,2,3,5,1.5,-1.5,7.5,Win,HOME,0.1160389134605177,-149.0,,1.5,7.5,0.1728979810561715,0.6678305144803902,Night,0.10_plus,minus_149_to_minus_125,1.0_to_1.9,5_to_9.9,0.15_to_0.1999,65_to_69.9,65_to_69.9,7.5_to_8.0,+1.5
427339d860a9d7bf7b2075fa02850c56,baseball,mlb,2026_05_21,01:10 PM,Detroit Tigers,Cleveland Guardians,run_line,home,1.5,home_run_line,-196.0,0.6898789540966042,0.0418580123091572,0.0820417041259482,False,824274,1,final,2026-08-28T17:43:21.077345+00:00,1,3,4,1.5,-1.5,7.0,Loss,HOME,0.0418580123091572,-196.0,,1.5,7.0,0.0820417041259482,0.6898789540966042,Day,0.04_to_0.0499,minus_199_to_minus_150,1.0_to_1.9,5_to_9.9,0.05_to_0.0999,65_to_69.9,65_to_69.9,7.0_to_7.5,+1.5
6297516eb97ef4842f3fc5b36d64adb2,baseball,mlb,2026_05_21,01:15 PM,St Louis Cardinals,Pittsburgh Pirates,run_line,home,1.5,home_run_line,-161.0,0.7391666336647853,0.1982763440155834,0.3192249138650895,False,,,final,2026-08-28T17:43:21.077345+00:00,2,6,8,,,,Loss,HOME,0.1982763440155834,-161.0,,,,0.3192249138650895,0.7391666336647853,Day,0.10_plus,minus_199_to_minus_150,UNBUCKETED,UNBUCKETED,0.20_plus,70_to_74.9,70_to_74.9,UNBUCKETED,UNBUCKETED
ad313997692fb82ede49e0b3e0c17525,baseball,mlb,2026_05_21,09:38 PM,Los Angeles Angels,Athletics,run_line,home,1.5,home_run_line,-172.0,0.6522875617666875,0.0315245162822035,0.0542221680053899,False,,,final,2026-08-28T17:43:21.077345+00:00,2,3,5,,,,Win,HOME,0.0315245162822035,-172.0,,,,0.0542221680053899,0.6522875617666875,Night,0.03_to_0.0399,minus_199_to_minus_150,UNBUCKETED,UNBUCKETED,0.05_to_0.0999,65_to_69.9,65_to_69.9,UNBUCKETED,UNBUCKETED
ad313997692fb82ede49e0b3e0c17525,baseball,mlb,2026_05_21,09:38 PM,Los Angeles Angels,Athletics,moneyline,away,,away_moneyline,-108.0,0.5593119325018765,0.0771933514850955,0.0833688196039031,False,,,final,2026-08-28T17:43:21.077345+00:00,2,3,5,,,,Win,AWAY,0.0771933514850955,-108.0,-108.0,,,0.0833688196039031,0.5593119325018765,Night,0.075_to_0.0999,minus_109_to_minus_101,UNBUCKETED,UNBUCKETED,0.05_to_0.0999,55_to_59.9,55_to_59.9,UNBUCKETED,UNBUCKETED
ba2cf88267a9c181d7eed83a461dbaab,baseball,mlb,2026_05_21,09:40 PM,Arizona Diamondbacks,Colorado Rockies,run_line,away,1.5,away_run_line,-120.0,0.6463190500778526,0.1849182584760631,0.2219019101712757,False,825083,1,final,2026-08-28T17:43:21.077345+00:00,2,1,3,-1.5,1.5,9.0,Win,AWAY,0.1849182584760631,-120.0,,1.5,9.0,0.2219019101712757,0.6463190500778526,Night,0.10_plus,minus_124_to_minus_110,1.0_to_1.9,5_to_9.9,0.20_plus,60_to_64.9,60_to_64.9,9.0_to_9.5,+1.5
cce976ea22886df248e92176cb5f8f26,baseball,mlb,2026_05_21,07:05 PM,New York Yankees,Toronto Blue Jays,run_line,away,1.5,away_run_line,-156.0,0.6150301970334717,0.0092803233369791,0.0144773044056875,False,823545,1,final,2026-08-28T17:43:21.077345+00:00,0,2,2,-1.5,1.5,8.0,Win,AWAY,0.0092803233369791,-156.0,,1.5,8.0,0.0144773044056875,0.6150301970334717,Night,0.00_to_0.0099,minus_199_to_minus_150,1.0_to_1.9,5_to_9.9,0.01_to_0.0199,60_to_64.9,60_to_64.9,8.0_to_8.5,+1.5
fa85c6e14d2b480b97a6f0004286ec0b,baseball,mlb,2026_05_21,06:40 PM,Miami Marlins,Atlanta Braves,run_line,home,1.5,home_run_line,-144.0,0.6768843589308571,0.14694294152173,0.2115978357912912,False,823864,1,final,2026-08-28T17:43:21.077345+00:00,3,9,12,1.5,-1.5,7.5,Loss,HOME,0.14694294152173,-144.0,,1.5,7.5,0.2115978357912912,0.6768843589308571,Night,0.10_plus,minus_149_to_minus_125,1.0_to_1.9,5_to_9.9,0.20_plus,65_to_69.9,65_to_69.9,7.5_to_8.0,+1.5
0fec3ff922e35049f5bbc3e899ce1cef,baseball,mlb,2026_05_22,07:40 PM,Milwaukee Brewers,Los Angeles Dodgers,run_line,home,1.5,home_run_line,-178.0,0.7589407484021276,0.1853119553696149,0.3298552805579146,False,823788,1,final,2026-08-28T17:43:21.077345+00:00,5,1,6,1.5,-1.5,8.5,Win,HOME,0.1853119553696149,-178.0,,1.5,8.5,0.3298552805579146,0.7589407484021276,Night,0.10_plus,minus_199_to_minus_150,1.0_to_1.9,5_to_9.9,0.20_plus,75_to_79.9,75_to_79.9,8.5_to_9.0,+1.5
2e525c53c28c114fe0aeaafcbe01e2be,baseball,mlb,2026_05_22,10:15 PM,San Francisco Giants,Chicago White Sox,run_line,away,-1.5,away_run_line,152.0,0.4334129290003878,0.0922005810809771,0.0606582770269587,False,823223,1,final,2026-08-28T17:43:21.077345+00:00,4,9,13,1.5,-1.5,7.5,Win,AWAY,0.0922005810809771,152.0,,-1.5,7.5,0.0606582770269587,0.4334129290003878,Night,0.075_to_0.0999,plus_151_to_plus_200,1.0_to_1.9,5_to_9.9,0.05_to_0.0999,<50,<50,7.5_to_8.0,-1.5
30849d75479678c5245fbaa4ea9919ec,baseball,mlb,2026_05_22,09:40 PM,San Diego Padres,Athletics,run_line,away,1.5,away_run_line,-192.0,0.6600333564786351,0.0038007296445912,0.0072974009176151,False,,,final,2026-08-28T17:43:21.077345+00:00,7,3,10,,,,Loss,AWAY,0.0038007296445912,-192.0,,,,0.0072974009176151,0.6600333564786351,Night,0.00_to_0.0099,minus_199_to_minus_150,UNBUCKETED,UNBUCKETED,0.001_to_0.0099,65_to_69.9,65_to_69.9,UNBUCKETED,UNBUCKETED
35a7408a1687fdea6b7052d86f74cdb5,baseball,mlb,2026_05_22,09:38 PM,Los Angeles Angels,Texas Rangers,run_line,away,-1.5,away_run_line,106.0,0.538779561470671,0.1098858966295821,0.103665940216587,False,824029,1,final,2026-08-28T17:43:21.077345+00:00,9,6,15,1.5,-1.5,7.5,Loss,AWAY,0.1098858966295821,106.0,,-1.5,7.5,0.103665940216587,0.538779561470671,Night,0.10_plus,plus_101_to_plus_125,1.0_to_1.9,5_to_9.9,0.10_to_0.1499,50_to_54.9,50_to_54.9,7.5_to_8.0,-1.5
668e5f71f74fad13739788e98ce12084,baseball,mlb,2026_05_22,07:15 PM,Baltimore Orioles,Detroit Tigers,run_line,home,-1.5,home_run_line,144.0,0.4132600932577335,0.0083546275488697,0.005801824686715,False,824842,1,final,2026-08-28T17:43:21.077345+00:00,7,4,11,-1.5,1.5,8.5,Win,HOME,0.0083546275488697,144.0,,-1.5,8.5,0.005801824686715,0.4132600932577335,Night,0.00_to_0.0099,plus_126_to_plus_150,1.0_to_1.9,5_to_9.9,0.001_to_0.0099,<50,<50,8.5_to_9.0,-1.5
7299c6da7b62235dd67f58484e58a33b,baseball,mlb,2026_05_22,07:15 PM,Atlanta Braves,Washington Nationals,run_line,away,1.5,away_run_line,-109.0,0.5871359967046229,0.125792874415286,0.1371142331126619,False,824922,1,final,2026-08-28T17:43:21.077345+00:00,5,4,9,-1.5,1.5,9.0,Win,AWAY,0.125792874415286,-109.0,,1.5,9.0,0.1371142331126619,0.5871359967046229,Night,0.10_plus,minus_109_to_minus_101,1.0_to_1.9,5_to_9.9,0.10_to_0.1499,55_to_59.9,55_to_59.9,9.0_to_9.5,+1.5
79b579806db1b97214fad9783eef88cd,baseball,mlb,2026_05_22,07:40 PM,Kansas City Royals,Seattle Mariners,run_line,home,1.5,home_run_line,-169.0,0.6856445268837701,0.091351347525054,0.1543837773173414,False,824110,1,final,2026-08-28T17:43:21.077345+00:00,0,2,2,1.5,-1.5,8.0,Loss,HOME,0.091351347525054,-169.0,,1.5,8.0,0.1543837773173414,0.6856445268837701,Night,0.075_to_0.0999,minus_199_to_minus_150,1.0_to_1.9,5_to_9.9,0.15_to_0.1999,65_to_69.9,65_to_69.9,8.0_to_8.5,+1.5
9a684c8b4ec22835fc3fd145e7796370,baseball,mlb,2026_05_22,09:40 PM,Arizona Diamondbacks,Colorado Rockies,run_line,away,1.5,away_run_line,-120.0,0.5955553155352369,0.0918514118146009,0.1102216941775211,False,825082,1,final,2026-08-28T17:43:21.077345+00:00,2,3,5,-1.5,1.5,9.0,Win,AWAY,0.0918514118146009,-120.0,,1.5,9.0,0.1102216941775211,0.5955553155352369,Night,0.075_to_0.0999,minus_124_to_minus_110,1.0_to_1.9,5_to_9.9,0.10_to_0.1499,55_to_59.9,55_to_59.9,9.0_to_9.5,+1.5
a29760479f428402af00a34cffbc00cf,baseball,mlb,2026_05_22,07:10 PM,Miami Marlins,New York Mets,run_line,home,1.5,home_run_line,-192.0,0.7523125881865463,0.1441420612003727,0.2767527575047156,False,823863,1,final,2026-08-28T17:43:21.077345+00:00,2,1,3,1.5,-1.5,8.0,Win,HOME,0.1441420612003727,-192.0,,1.5,8.0,0.2767527575047156,0.7523125881865463,Night,0.10_plus,minus_199_to_minus_150,1.0_to_1.9,5_to_9.9,0.20_plus,75_to_79.9,75_to_79.9,8.0_to_8.5,+1.5
b76277870735bb77b65fe5d409036cf6,baseball,mlb,2026_05_22,07:07 PM,Toronto Blue Jays,Pittsburgh Pirates,run_line,home,-1.5,home_run_line,129.0,0.4370390517420444,0.0008194284892817,0.000635215883164,False,822816,1,final,2026-08-28T17:43:21.077345+00:00,6,2,8,-1.5,1.5,8.0,Win,HOME,0.0008194284892817,129.0,,-1.5,8.0,0.000635215883164,0.4370390517420444,Night,0.00_to_0.0099,plus_126_to_plus_150,1.0_to_1.9,5_to_9.9,0.001_to_0.0099,<50,<50,8.0_to_8.5,-1.5
188966d9ba86d03383806bac10bc777c,baseball,mlb,2026_05_23,07:15 PM,Cincinnati Reds,St Louis Cardinals,run_line,away,-1.5,away_run_line,136.0,0.4330252813601319,0.0219396640099114,0.0161321058896407,False,,,final,2026-08-28T17:43:21.077345+00:00,7,6,13,,,,Loss,AWAY,0.0219396640099114,136.0,,,,0.0161321058896407,0.4330252813601319,Night,0.02_to_0.0299,plus_126_to_plus_150,UNBUCKETED,UNBUCKETED,0.01_to_0.0199,<50,<50,UNBUCKETED,UNBUCKETED
1b110a61227c86ab2f069fb32d6720af,baseball,mlb,2026_05_23,09:40 PM,San Diego Padres,Athletics,run_line,home,1.5,home_run_line,-181.0,0.7097714134021749,0.1019103158343155,0.1844576716601113,False,,,final,2026-08-28T17:43:21.077345+00:00,2,0,2,,,,Win,HOME,0.1019103158343155,-181.0,,,,0.1844576716601113,0.7097714134021749,Night,0.10_plus,minus_199_to_minus_150,UNBUCKETED,UNBUCKETED,0.15_to_0.1999,70_to_74.9,70_to_74.9,UNBUCKETED,UNBUCKETED
1d419a4245a0f02f79282579190123f2,baseball,mlb,2026_05_23,03:07 PM,Toronto Blue Jays,Pittsburgh Pirates,run_line,home,1.5,home_run_line,-142.0,0.6809580574676447,0.1605059852617607,0.2279184990717002,False,822814,1,final,2026-08-28T17:43:21.077345+00:00,5,2,7,1.5,-1.5,7.5,Win,HOME,0.1605059852617607,-142.0,,1.5,7.5,0.2279184990717002,0.6809580574676447,Day,0.10_plus,minus_149_to_minus_125,1.0_to_1.9,5_to_9.9,0.20_plus,65_to_69.9,65_to_69.9,7.5_to_8.0,+1.5
203ad61a573433f885122e8811cd8350,baseball,mlb,2026_05_23,04:10 PM,Kansas City Royals,Seattle Mariners,run_line,home,1.5,home_run_line,-142.0,0.7957595841274003,0.3561536574565553,0.5057381935883088,False,824109,1,final,2026-08-28T17:43:21.077345+00:00,5,0,5,1.5,-1.5,8.5,Win,HOME,0.3561536574565553,-142.0,,1.5,8.5,0.5057381935883088,0.7957595841274003,Day,0.10_plus,minus_149_to_minus_125,1.0_to_1.9,5_to_9.9,0.20_plus,75_to_79.9,75_to_79.9,8.5_to_9.0,+1.5
5e73a3b37ba9f2d7f8672112ad0b5d3a,baseball,mlb,2026_05_23,02:20 PM,Chicago Cubs,Houston Astros,run_line,away,1.5,away_run_line,-172.0,0.7606329285707623,0.2028613754142287,0.3489215657124734,False,824674,1,final,2026-08-28T17:43:21.077345+00:00,0,3,3,-1.5,1.5,7.5,Win,AWAY,0.2028613754142287,-172.0,,1.5,7.5,0.3489215657124734,0.7606329285707623,Day,0.10_plus,minus_199_to_minus_150,1.0_to_1.9,5_to_9.9,0.20_plus,75_to_79.9,75_to_79.9,7.5_to_8.0,+1.5
613fbf2d89b0e9cffb2d70ebdbe1f178,baseball,mlb,2026_05_23,04:10 PM,Boston Red Sox,Minnesota Twins,run_line,home,1.5,home_run_line,-192.0,0.7562406205208738,0.1501159437088293,0.2882226119209518,False,824760,1,final,2026-08-28T17:43:21.077345+00:00,2,4,6,1.5,-1.5,8.5,Loss,HOME,0.1501159437088293,-192.0,,1.5,8.5,0.2882226119209518,0.7562406205208738,Day,0.10_plus,minus_199_to_minus_150,1.0_to_1.9,5_to_9.9,0.20_plus,75_to_79.9,75_to_79.9,8.5_to_9.0,+1.5
8cd9a8c51a76ba56fe6f4a174a01a9ee,baseball,mlb,2026_05_23,04:10 PM,Miami Marlins,New York Mets,run_line,home,1.5,home_run_line,-185.0,0.7682660873670866,0.1835450535114577,0.3395583489961967,False,823862,1,final,2026-08-28T17:43:21.077345+00:00,4,1,5,1.5,-1.5,8.0,Win,HOME,0.1835450535114577,-185.0,,1.5,8.0,0.3395583489961967,0.7682660873670866,Day,0.10_plus,minus_199_to_minus_150,1.0_to_1.9,5_to_9.9,0.20_plus,75_to_79.9,75_to_79.9,8.0_to_8.5,+1.5
8d35e402aab765eeda746ea98f694dc6,baseball,mlb,2026_05_23,04:10 PM,Atlanta Braves,Washington Nationals,run_line,away,1.5,away_run_line,-126.0,0.7512010699298379,0.347392395270979,0.4377144180414336,False,824920,1,final,2026-08-28T17:43:21.077345+00:00,0,2,2,-1.5,1.5,9.0,Win,AWAY,0.347392395270979,-126.0,,1.5,9.0,0.4377144180414336,0.7512010699298379,Day,0.10_plus,minus_149_to_minus_125,1.0_to_1.9,5_to_9.9,0.20_plus,75_to_79.9,75_to_79.9,9.0_to_9.5,+1.5
aa331215453a8e2dcfbcdcaa7cacecbe,baseball,mlb,2026_05_23,10:10 PM,Arizona Diamondbacks,Colorado Rockies,run_line,away,1.5,away_run_line,-144.0,0.7077661562565871,0.1992704314347726,0.2869494212660725,False,825080,1,final,2026-08-28T17:43:21.077345+00:00,5,4,9,-1.5,1.5,9.0,Win,AWAY,0.1992704314347726,-144.0,,1.5,9.0,0.2869494212660725,0.7077661562565871,Night,0.10_plus,minus_149_to_minus_125,1.0_to_1.9,5_to_9.9,0.20_plus,70_to_74.9,70_to_74.9,9.0_to_9.5,+1.5
bb14f988c4cc921c1b5286bf757183f6,baseball,mlb,2026_05_23,06:00 PM,Philadelphia Phillies,Cleveland Guardians,run_line,away,1.5,away_run_line,-131.0,0.586133463113345,0.0335635876273487,0.0439682997918267,False,823458,1,final,2026-08-28T17:43:21.077345+00:00,3,0,3,-1.5,1.5,7.5,Loss,AWAY,0.0335635876273487,-131.0,,1.5,7.5,0.0439682997918267,0.586133463113345,Night,0.03_to_0.0399,minus_149_to_minus_125,1.0_to_1.9,5_to_9.9,0.03_to_0.0499,55_to_59.9,55_to_59.9,7.5_to_8.0,+1.5
cdafb9b5d32150ff1e65098271c992b2,baseball,mlb,2026_05_23,10:05 PM,Los Angeles Angels,Texas Rangers,run_line,home,1.5,home_run_line,-149.0,0.802868068896326,0.3417056990280884,0.5091414915518517,False,824030,1,final,2026-08-28T17:43:21.077345+00:00,5,2,7,1.5,-1.5,8.0,Win,HOME,0.3417056990280884,-149.0,,1.5,8.0,0.5091414915518517,0.802868068896326,Night,0.10_plus,minus_149_to_minus_125,1.0_to_1.9,5_to_9.9,0.20_plus,80_plus,80_plus,8.0_to_8.5,+1.5
e8edd4604077b2fc638f1b2e3db08545,baseball,mlb,2026_05_23,07:15 PM,Milwaukee Brewers,Los Angeles Dodgers,run_line,away,-1.5,away_run_line,129.0,0.5696175220671327,0.3044241255337339,0.2359876942121968,False,823787,1,final,2026-08-28T17:43:21.077345+00:00,3,11,14,1.5,-1.5,9.0,Win,AWAY,0.3044241255337339,129.0,,-1.5,9.0,0.2359876942121968,0.5696175220671327,Night,0.10_plus,plus_126_to_plus_150,1.0_to_1.9,5_to_9.9,0.20_plus,55_to_59.9,55_to_59.9,9.0_to_9.5,-1.5
00df9acbb37e0b01ff82cec41f4c57b8,baseball,mlb,2026_05_24,04:30 PM,Atlanta Braves,Washington Nationals,run_line,away,1.5,away_run_line,-153.0,0.6092714788816278,0.0074881317454367,0.0114568415705182,False,824921,1,final,2026-08-28T17:43:21.077345+00:00,1,2,3,-1.5,1.5,8.5,Win,AWAY,0.0074881317454367,-153.0,,1.5,8.5,0.0114568415705182,0.6092714788816278,Day,0.00_to_0.0099,minus_199_to_minus_150,1.0_to_1.9,5_to_9.9,0.01_to_0.0199,60_to_64.9,60_to_64.9,8.5_to_9.0,+1.5
0c7eacfb6fcc01d117cceb47c958a392,baseball,mlb,2026_05_24,02:10 PM,Kansas City Royals,Seattle Mariners,run_line,home,1.5,home_run_line,-142.0,0.737315272575795,0.2565513800235379,0.3643029596334239,False,824108,1,final,2026-08-28T17:43:21.077345+00:00,8,6,14,1.5,-1.5,8.5,Win,HOME,0.2565513800235379,-142.0,,1.5,8.5,0.3643029596334239,0.737315272575795,Day,0.10_plus,minus_149_to_minus_125,1.0_to_1.9,5_to_9.9,0.20_plus,70_to_74.9,70_to_74.9,8.5_to_9.0,+1.5
24764298bc8225d9b8c29e943649671f,baseball,mlb,2026_05_24,01:40 PM,Miami Marlins,New York Mets,run_line,home,1.5,home_run_line,-166.0,0.7260483471555923,0.1634268695384793,0.2712886034338754,False,823861,1,final,2026-08-28T17:43:21.077345+00:00,4,0,4,1.5,-1.5,8.5,Win,HOME,0.1634268695384793,-166.0,,1.5,8.5,0.2712886034338754,0.7260483471555923,Day,0.10_plus,minus_199_to_minus_150,1.0_to_1.9,5_to_9.9,0.20_plus,70_to_74.9,70_to_74.9,8.5_to_9.0,+1.5
30932455872c68aa6d63646b48a38fc5,baseball,mlb,2026_05_24,02:10 PM,Milwaukee Brewers,Los Angeles Dodgers,run_line,home,1.5,home_run_line,-112.0,0.5318642334538317,0.0067430133233243,0.0075521749221231,False,823786,1,final,2026-08-28T17:43:21.077345+00:00,1,5,6,1.5,-1.5,8.0,Loss,HOME,0.0067430133233243,-112.0,,1.5,8.0,0.0075521749221231,0.5318642334538317,Day,0.00_to_0.0099,minus_124_to_minus_110,1.0_to_1.9,5_to_9.9,0.001_to_0.0099,50_to_54.9,50_to_54.9,8.0_to_8.5,+1.5
36c39001c1807b1162a5ddb493c32855,baseball,mlb,2026_05_24,04:10 PM,San Diego Padres,Athletics,run_line,away,1.5,away_run_line,-156.0,0.7048484575013788,0.1566743917971345,0.2444120512035297,False,,,final,2026-08-28T17:43:21.077345+00:00,2,5,7,,,,Win,AWAY,0.1566743917971345,-156.0,,,,0.2444120512035297,0.7048484575013788,Day,0.10_plus,minus_199_to_minus_150,UNBUCKETED,UNBUCKETED,0.20_plus,70_to_74.9,70_to_74.9,UNBUCKETED,UNBUCKETED
3d426f5b8c4503c96291d847232b352e,baseball,mlb,2026_05_24,01:35 PM,Boston Red Sox,Minnesota Twins,run_line,home,-1.5,home_run_line,129.0,0.5591475479791951,0.2804478848723568,0.2174014611413618,False,824759,1,final,2026-08-28T17:43:21.077345+00:00,5,6,11,-1.5,1.5,7.5,Loss,HOME,0.2804478848723568,129.0,,-1.5,7.5,0.2174014611413618,0.5591475479791951,Day,0.10_plus,plus_126_to_plus_150,1.0_to_1.9,5_to_9.9,0.20_plus,55_to_59.9,55_to_59.9,7.5_to_8.0,-1.5
491a9de98e8b6561bbf422febc6f39af,baseball,mlb,2026_05_24,12:35 PM,Baltimore Orioles,Detroit Tigers,run_line,away,1.5,away_run_line,-192.0,0.7575613775447317,0.1521245950159464,0.292079222430617,False,824839,1,final,2026-08-28T17:43:21.077345+00:00,5,3,8,-1.5,1.5,8.0,Loss,AWAY,0.1521245950159464,-192.0,,1.5,8.0,0.292079222430617,0.7575613775447317,Day,0.10_plus,minus_199_to_minus_150,1.0_to_1.9,5_to_9.9,0.20_plus,75_to_79.9,75_to_79.9,8.0_to_8.5,+1.5
65d8670f338a88af5bde23a17924de49,baseball,mlb,2026_05_24,07:20 PM,Los Angeles Angels,Texas Rangers,run_line,home,1.5,home_run_line,-200.0,0.6913158121339466,0.0369737182009197,0.0739474364018396,False,824028,1,final,2026-08-28T17:43:21.077345+00:00,2,1,3,1.5,-1.5,8.0,Win,HOME,0.0369737182009197,-200.0,,1.5,8.0,0.0739474364018396,0.6913158121339466,Night,0.03_to_0.0399,minus_200_or_lower,1.0_to_1.9,5_to_9.9,0.05_to_0.0999,65_to_69.9,65_to_69.9,8.0_to_8.5,+1.5
6810bebc827ff6339e19bf57045954c2,baseball,mlb,2026_05_24,01:35 PM,Philadelphia Phillies,Cleveland Guardians,run_line,home,1.5,home_run_line,-156.0,0.6838137732783617,0.1221559356362858,0.1905632595926058,False,823459,1,final,2026-08-28T17:43:21.077345+00:00,1,3,4,1.5,-1.5,7.5,Loss,HOME,0.1221559356362858,-156.0,,1.5,7.5,0.1905632595926058,0.6838137732783617,Day,0.10_plus,minus_199_to_minus_150,1.0_to_1.9,5_to_9.9,0.15_to_0.1999,65_to_69.9,65_to_69.9,7.5_to_8.0,+1.5
8f29a5e5e5da656a595405cea1f3dbae,baseball,mlb,2026_05_24,01:35 PM,New York Yankees,Tampa Bay Rays,run_line,away,1.5,away_run_line,-192.0,0.6945820989621667,0.0563436088382953,0.1081797289695272,False,823544,1,final,2026-08-28T17:43:21.077345+00:00,2,0,2,-1.5,1.5,7.5,Loss,AWAY,0.0563436088382953,-192.0,,1.5,7.5,0.1081797289695272,0.6945820989621667,Day,0.05_to_0.0749,minus_199_to_minus_150,1.0_to_1.9,5_to_9.9,0.10_to_0.1499,65_to_69.9,65_to_69.9,7.5_to_8.0,+1.5
8f29a5e5e5da656a595405cea1f3dbae,baseball,mlb,2026_05_24,01:35 PM,New York Yankees,Tampa Bay Rays,total,over,7.5,over_total,102.0,0.5744436935783874,0.1603762610283426,0.1572316284591594,False,823544,1,final,2026-08-28T17:43:21.077345+00:00,2,0,2,-1.5,1.5,7.5,Loss,OVER,0.1603762610283426,102.0,,,7.5,0.1572316284591594,0.5744436935783874,Day,0.10_plus,plus_101_to_plus_125,UNBUCKETED,5_to_9.9,0.15_to_0.1999,55_to_59.9,55_to_59.9,7.5_to_8.0,UNBUCKETED
928ebc4404b9485931a3c4232720dc5b,baseball,mlb,2026_05_24,04:10 PM,Arizona Diamondbacks,Colorado Rockies,run_line,home,-1.5,home_run_line,104.0,0.6261025641630432,0.2772492308926082,0.2665857989352002,False,825081,1,final,2026-08-28T17:43:21.077345+00:00,9,1,10,-1.5,1.5,9.0,Win,HOME,0.2772492308926082,104.0,,-1.5,9.0,0.2665857989352002,0.6261025641630432,Day,0.10_plus,plus_101_to_plus_125,1.0_to_1.9,5_to_9.9,0.20_plus,60_to_64.9,60_to_64.9,9.0_to_9.5,-1.5
a3077ecb7ee3e8827e0af9e701b5e0b7,baseball,mlb,2026_05_24,06:05 PM,Baltimore Orioles,Detroit Tigers,run_line,home,1.5,home_run_line,-200.0,0.7606051854853206,0.140907778227981,0.2818155564559619,False,824840,2,final,2026-08-28T17:43:21.077345+00:00,1,4,5,1.5,-1.5,8.5,Loss,HOME,0.140907778227981,-200.0,,1.5,8.5,0.2818155564559619,0.7606051854853206,Night,0.10_plus,minus_200_or_lower,1.0_to_1.9,5_to_9.9,0.20_plus,75_to_79.9,75_to_79.9,8.5_to_9.0,+1.5
bcb23e6708172d9bcdc2a18e01b320ce,baseball,mlb,2026_05_24,04:05 PM,San Francisco Giants,Chicago White Sox,run_line,home,1.5,home_run_line,-181.0,0.6564835340831614,0.0191816192119798,0.0347187307736834,False,823220,1,final,2026-08-28T17:43:21.077345+00:00,8,5,13,1.5,-1.5,8.0,Win,HOME,0.0191816192119798,-181.0,,1.5,8.0,0.0347187307736834,0.6564835340831614,Day,0.01_to_0.0199,minus_199_to_minus_150,1.0_to_1.9,5_to_9.9,0.03_to_0.0499,65_to_69.9,65_to_69.9,8.0_to_8.5,+1.5
f70aa43669ed4dd4d5fa56bbe2964822,baseball,mlb,2026_05_24,12:15 PM,Toronto Blue Jays,Pittsburgh Pirates,run_line,away,1.5,away_run_line,-158.0,0.644907256926486,0.053076406879958,0.0838607228703336,False,822813,1,final,2026-08-28T17:43:21.077345+00:00,1,4,5,-1.5,1.5,7.5,Win,AWAY,0.053076406879958,-158.0,,1.5,7.5,0.0838607228703336,0.644907256926486,Day,0.05_to_0.0749,minus_199_to_minus_150,1.0_to_1.9,5_to_9.9,0.05_to_0.0999,60_to_64.9,60_to_64.9,7.5_to_8.0,+1.5
fb835eef241cc0456eb7fed048643f00,baseball,mlb,2026_05_24,02:20 PM,Chicago Cubs,Houston Astros,run_line,away,1.5,away_run_line,-149.0,0.618210595943314,0.0331170361737258,0.0493443838988516,False,824676,1,final,2026-08-28T17:43:21.077345+00:00,5,8,13,-1.5,1.5,7.0,Win,AWAY,0.0331170361737258,-149.0,,1.5,7.0,0.0493443838988516,0.618210595943314,Day,0.03_to_0.0399,minus_149_to_minus_125,1.0_to_1.9,5_to_9.9,0.03_to_0.0499,60_to_64.9,60_to_64.9,7.0_to_7.5,+1.5
011a0f191f610c90c293fdadb7e987f6,baseball,mlb,2026_05_25,02:10 PM,Milwaukee Brewers,St Louis Cardinals,run_line,home,-1.5,home_run_line,-107.0,0.5252465419009029,0.0161311604998777,0.0172603417348692,False,,,final,2026-08-28T17:43:21.077345+00:00,5,1,6,,,,Win,HOME,0.0161311604998777,-107.0,,,,0.0172603417348692,0.5252465419009029,Day,0.01_to_0.0199,minus_109_to_minus_101,UNBUCKETED,UNBUCKETED,0.01_to_0.0199,50_to_54.9,50_to_54.9,UNBUCKETED,UNBUCKETED
011a0f191f610c90c293fdadb7e987f6,baseball,mlb,2026_05_25,02:10 PM,Milwaukee Brewers,St Louis Cardinals,moneyline,home,,home_moneyline,-232.0,0.7463145482244642,0.0680018534936297,0.1577643001052209,False,,,final,2026-08-28T17:43:21.077345+00:00,5,1,6,,,,Win,HOME,0.0680018534936297,-232.0,-232.0,,,0.1577643001052209,0.7463145482244642,Day,0.05_to_0.0749,minus_200_or_lower,UNBUCKETED,UNBUCKETED,0.15_to_0.1999,70_to_74.9,70_to_74.9,UNBUCKETED,UNBUCKETED
07cd090c6a690c5a8478fc3834d0421b,baseball,mlb,2026_05_25,01:35 PM,Baltimore Orioles,Tampa Bay Rays,run_line,home,1.5,home_run_line,-156.0,0.707142772229421,0.1604394210944344,0.2502854969073177,False,824838,1,final,2026-08-28T17:43:21.077345+00:00,9,7,16,1.5,-1.5,7.5,Win,HOME,0.1604394210944344,-156.0,,1.5,7.5,0.2502854969073177,0.707142772229421,Day,0.10_plus,minus_199_to_minus_150,1.0_to_1.9,5_to_9.9,0.20_plus,70_to_74.9,70_to_74.9,7.5_to_8.0,+1.5
56f5691dc9526c1284405c8be014cd55,baseball,mlb,2026_05_25,02:10 PM,Chicago White Sox,Minnesota Twins,run_line,home,1.5,home_run_line,-175.0,0.7413257149541363,0.1649404092136428,0.2886457161238749,False,824598,1,final,2026-08-28T17:43:21.077345+00:00,3,1,4,1.5,-1.5,8.5,Win,HOME,0.1649404092136428,-175.0,,1.5,8.5,0.2886457161238749,0.7413257149541363,Day,0.10_plus,minus_199_to_minus_150,1.0_to_1.9,5_to_9.9,0.20_plus,70_to_74.9,70_to_74.9,8.5_to_9.0,+1.5
664888c720cda0a13b39fa74f0032e0e,baseball,mlb,2026_05_25,09:10 PM,Los Angeles Dodgers,Colorado Rockies,run_line,away,1.5,away_run_line,127.0,0.6169195864736439,0.4004074612951716,0.3152814655867492,False,823948,1,final,2026-08-28T17:43:21.077345+00:00,5,3,8,-1.5,1.5,9.0,Loss,AWAY,0.4004074612951716,127.0,,1.5,9.0,0.3152814655867492,0.6169195864736439,Night,0.10_plus,plus_126_to_plus_150,1.0_to_1.9,5_to_9.9,0.20_plus,60_to_64.9,60_to_64.9,9.0_to_9.5,+1.5
7123a44993110990cac606ecf9dd4292,baseball,mlb,2026_05_25,06:40 PM,San Diego Padres,Philadelphia Phillies,moneyline,away,,away_moneyline,-126.0,0.6126754742242522,0.0989258505927062,0.1246465717468098,False,823296,1,final,2026-08-28T17:43:21.077345+00:00,0,3,3,1.5,-1.5,7.5,Win,AWAY,0.0989258505927062,-126.0,-126.0,-1.5,7.5,0.1246465717468098,0.6126754742242522,Night,0.075_to_0.0999,minus_149_to_minus_125,1.0_to_1.9,5_to_9.9,0.10_to_0.1499,60_to_64.9,60_to_64.9,7.5_to_8.0,-1.5
74ffd45f125fe46746cf345bf6c2758b,baseball,mlb,2026_05_25,06:10 PM,Cleveland Guardians,Washington Nationals,run_line,away,1.5,away_run_line,-144.0,0.7128904097808517,0.2079531943508876,0.2994525998652781,False,824437,1,final,2026-08-28T17:43:21.077345+00:00,2,10,12,-1.5,1.5,8.0,Win,AWAY,0.2079531943508876,-144.0,,1.5,8.0,0.2994525998652781,0.7128904097808517,Night,0.10_plus,minus_149_to_minus_125,1.0_to_1.9,5_to_9.9,0.20_plus,70_to_74.9,70_to_74.9,8.0_to_8.5,+1.5
8c78facf9134823f8b8caaecab733fe5,baseball,mlb,2026_05_25,01:35 PM,Pittsburgh Pirates,Chicago Cubs,run_line,home,1.5,home_run_line,-172.0,0.7740843627563201,0.2241334108704598,0.3855094666971908,False,823380,1,final,2026-08-28T17:43:21.077345+00:00,2,1,3,1.5,-1.5,8.0,Win,HOME,0.2241334108704598,-172.0,,1.5,8.0,0.3855094666971908,0.7740843627563201,Day,0.10_plus,minus_199_to_minus_150,1.0_to_1.9,5_to_9.9,0.20_plus,75_to_79.9,75_to_79.9,8.0_to_8.5,+1.5
8fb262f6c182cf0135648235b653fcdc,baseball,mlb,2026_05_25,07:07 PM,Toronto Blue Jays,Miami Marlins,run_line,away,1.5,away_run_line,-156.0,0.6573757882570631,0.0787705243192831,0.1228820179380814,False,822812,1,final,2026-08-28T17:43:21.077345+00:00,2,8,10,-1.5,1.5,7.5,Win,AWAY,0.0787705243192831,-156.0,,1.5,7.5,0.1228820179380814,0.6573757882570631,Night,0.075_to_0.0999,minus_199_to_minus_150,1.0_to_1.9,5_to_9.9,0.10_to_0.1499,65_to_69.9,65_to_69.9,7.5_to_8.0,+1.5
c6ff6f73bf527a17ffd4a0fad2e61698,baseball,mlb,2026_05_25,07:05 PM,Texas Rangers,Houston Astros,run_line,away,1.5,away_run_line,-178.0,0.8515842965072422,0.3300024406124344,0.5874043442901333,False,822899,1,final,2026-08-28T17:43:21.077345+00:00,0,9,9,-1.5,1.5,8.5,Win,AWAY,0.3300024406124344,-178.0,,1.5,8.5,0.5874043442901333,0.8515842965072422,Night,0.10_plus,minus_199_to_minus_150,1.0_to_1.9,5_to_9.9,0.20_plus,80_plus,80_plus,8.5_to_9.0,+1.5
e03d047a725cd7870eb6b6eaf8b23942,baseball,mlb,2026_05_25,09:40 PM,Athletics,Seattle Mariners,run_line,away,-1.5,away_run_line,134.0,0.4828997555693816,0.1299854280323529,0.0970040507704125,False,,,final,2026-08-28T17:43:21.077345+00:00,2,9,11,,,,Win,AWAY,0.1299854280323529,134.0,,,,0.0970040507704125,0.4828997555693816,Night,0.10_plus,plus_126_to_plus_150,UNBUCKETED,UNBUCKETED,0.05_to_0.0999,<50,<50,UNBUCKETED,UNBUCKETED
e94284827b5744a1519040f323631cda,baseball,mlb,2026_05_25,03:40 PM,Kansas City Royals,New York Yankees,run_line,home,1.5,home_run_line,-135.0,0.7153051192502236,0.245160763139278,0.3309670302380254,False,824107,1,final,2026-08-28T17:43:21.077345+00:00,3,4,7,1.5,-1.5,9.0,Win,HOME,0.245160763139278,-135.0,,1.5,9.0,0.3309670302380254,0.7153051192502236,Day,0.10_plus,minus_149_to_minus_125,1.0_to_1.9,5_to_9.9,0.20_plus,70_to_74.9,70_to_74.9,9.0_to_9.5,+1.5
178bf0e15a0e6812cdf47d0523e51ac7,baseball,mlb,2026_05_26,09:45 PM,San Francisco Giants,Arizona Diamondbacks,run_line,away,-1.5,away_run_line,150.0,0.4731195387385746,0.1827988468464365,0.1218658978976243,False,823216,1,final,2026-08-28T17:43:21.077345+00:00,5,7,12,1.5,-1.5,8.0,Win,AWAY,0.1827988468464365,150.0,,-1.5,8.0,0.1218658978976243,0.4731195387385746,Night,0.10_plus,plus_126_to_plus_150,1.0_to_1.9,5_to_9.9,0.10_to_0.1499,<50,<50,8.0_to_8.5,-1.5
2a617b3c38b4cfff06d9866d761bb481,baseball,mlb,2026_05_26,06:40 PM,Pittsburgh Pirates,Chicago Cubs,run_line,home,-1.5,home_run_line,162.0,0.5864943415655087,0.536615174901633,0.3312439351244647,False,823379,1,final,2026-08-28T17:43:21.077345+00:00,12,1,13,-1.5,1.5,8.0,Win,HOME,0.536615174901633,162.0,,-1.5,8.0,0.3312439351244647,0.5864943415655087,Night,0.10_plus,plus_151_to_plus_200,1.0_to_1.9,5_to_9.9,0.20_plus,55_to_59.9,55_to_59.9,8.0_to_8.5,-1.5
3612f76561632387afb3c6779ef370b1,baseball,mlb,2026_05_26,06:35 PM,Baltimore Orioles,Tampa Bay Rays,run_line,home,1.5,home_run_line,-172.0,0.758017837427818,0.1987258824439914,0.3418085178036651,False,824837,1,final,2026-08-28T17:43:21.077345+00:00,6,1,7,1.5,-1.5,8.5,Win,HOME,0.1987258824439914,-172.0,,1.5,8.5,0.3418085178036651,0.758017837427818,Night,0.10_plus,minus_199_to_minus_150,1.0_to_1.9,5_to_9.9,0.20_plus,75_to_79.9,75_to_79.9,8.5_to_9.0,+1.5
42ec808f3f2b51bde3830094a2d31f59,baseball,mlb,2026_05_26,07:10 PM,New York Mets,Cincinnati Reds,run_line,away,-1.5,away_run_line,141.0,0.4373116939454002,0.0539211824084144,0.0382419733393011,False,823624,1,final,2026-08-28T17:43:21.077345+00:00,2,7,9,1.5,-1.5,7.5,Win,AWAY,0.0539211824084144,141.0,,-1.5,7.5,0.0382419733393011,0.4373116939454002,Night,0.05_to_0.0749,plus_126_to_plus_150,1.0_to_1.9,5_to_9.9,0.03_to_0.0499,<50,<50,7.5_to_8.0,-1.5
42ec808f3f2b51bde3830094a2d31f59,baseball,mlb,2026_05_26,07:10 PM,New York Mets,Cincinnati Reds,total,over,7.5,over_total,100.0,0.5834550454286574,0.1669100908573149,0.1669100908573149,False,823624,1,final,2026-08-28T17:43:21.077345+00:00,2,7,9,1.5,-1.5,7.5,Win,OVER,0.1669100908573149,100.0,,,7.5,0.1669100908573149,0.5834550454286574,Night,0.10_plus,minus_100_to_plus_100,UNBUCKETED,5_to_9.9,0.15_to_0.1999,55_to_59.9,55_to_59.9,7.5_to_8.0,UNBUCKETED
57c63aa916ea5b39518da155c32b24ee,baseball,mlb,2026_05_26,07:40 PM,Chicago White Sox,Minnesota Twins,run_line,home,1.5,home_run_line,-172.0,0.6692122781289822,0.0582891840179253,0.1002573965108317,False,824597,1,final,2026-08-28T17:43:21.077345+00:00,3,5,8,1.5,-1.5,7.5,Loss,HOME,0.0582891840179253,-172.0,,1.5,7.5,0.1002573965108317,0.6692122781289822,Night,0.05_to_0.0749,minus_199_to_minus_150,1.0_to_1.9,5_to_9.9,0.10_to_0.1499,65_to_69.9,65_to_69.9,7.5_to_8.0,+1.5
6c64b931bb7cda75b570159a5a4ed328,baseball,mlb,2026_05_26,06:40 PM,Detroit Tigers,Los Angeles Angels,run_line,away,1.5,away_run_line,-188.0,0.8046076180419841,0.232590393596231,0.4372699399609142,False,824275,1,final,2026-08-28T17:43:21.077345+00:00,6,10,16,-1.5,1.5,8.5,Win,AWAY,0.232590393596231,-188.0,,1.5,8.5,0.4372699399609142,0.8046076180419841,Night,0.10_plus,minus_199_to_minus_150,1.0_to_1.9,5_to_9.9,0.20_plus,80_plus,80_plus,8.5_to_9.0,+1.5
82e37a8a126f9724f8872ec1669446da,baseball,mlb,2026_05_26,09:40 PM,San Diego Padres,Philadelphia Phillies,run_line,home,1.5,home_run_line,-204.0,0.7318448324597291,0.0905922993517531,0.1848082906775764,False,823294,1,final,2026-08-28T17:43:21.077345+00:00,3,4,7,1.5,-1.5,8.0,Win,HOME,0.0905922993517531,-204.0,,1.5,8.0,0.1848082906775764,0.7318448324597291,Night,0.075_to_0.0999,minus_200_or_lower,1.0_to_1.9,5_to_9.9,0.15_to_0.1999,70_to_74.9,70_to_74.9,8.0_to_8.5,+1.5
990789f1b2f666667f7dad0fe7d8b8b8,baseball,mlb,2026_05_26,06:45 PM,Boston Red Sox,Atlanta Braves,run_line,home,1.5,home_run_line,-175.0,0.7001686142555599,0.1002649652587368,0.1754636892027896,False,824758,1,final,2026-08-28T17:43:21.077345+00:00,6,7,13,1.5,-1.5,8.0,Win,HOME,0.1002649652587368,-175.0,,1.5,8.0,0.1754636892027896,0.7001686142555599,Night,0.10_plus,minus_199_to_minus_150,1.0_to_1.9,5_to_9.9,0.15_to_0.1999,70_to_74.9,70_to_74.9,8.0_to_8.5,+1.5
a688baa4f466d96e091e81af30a03a59,baseball,mlb,2026_05_26,09:40 PM,Athletics,Seattle Mariners,run_line,away,-1.5,away_run_line,135.0,0.443102692894751,0.041291328302665,0.0305861691130851,False,,,final,2026-08-28T17:43:21.077345+00:00,1,4,5,,,,Win,AWAY,0.041291328302665,135.0,,,,0.0305861691130851,0.443102692894751,Night,0.04_to_0.0499,plus_126_to_plus_150,UNBUCKETED,UNBUCKETED,0.03_to_0.0499,<50,<50,UNBUCKETED,UNBUCKETED
acd23c21d644ac44611a206f197cdd6b,baseball,mlb,2026_05_26,10:10 PM,Los Angeles Dodgers,Colorado Rockies,run_line,home,-1.5,home_run_line,-111.0,0.6214772290103928,0.1813666245152512,0.2013169532119289,False,823949,1,final,2026-08-28T17:43:21.077345+00:00,15,6,21,-1.5,1.5,9.0,Win,HOME,0.1813666245152512,-111.0,,-1.5,9.0,0.2013169532119289,0.6214772290103928,Night,0.10_plus,minus_124_to_minus_110,1.0_to_1.9,5_to_9.9,0.20_plus,60_to_64.9,60_to_64.9,9.0_to_9.5,-1.5
b50993453829a9cf93015ffb4cce5262,baseball,mlb,2026_05_26,07:07 PM,Toronto Blue Jays,Miami Marlins,run_line,home,-1.5,home_run_line,152.0,0.4283732325486231,0.0795005460225302,0.0523029908042961,False,822811,1,final,2026-08-28T17:43:21.077345+00:00,8,1,9,-1.5,1.5,8.0,Win,HOME,0.0795005460225302,152.0,,-1.5,8.0,0.0523029908042961,0.4283732325486231,Night,0.075_to_0.0999,plus_151_to_plus_200,1.0_to_1.9,5_to_9.9,0.05_to_0.0999,<50,<50,8.0_to_8.5,-1.5
ba00397c03fc2b6ae2ee60c76dbab901,baseball,mlb,2026_05_26,07:40 PM,Kansas City Royals,New York Yankees,run_line,away,-1.5,away_run_line,-125.0,0.7440216663624907,0.3392389994524831,0.424048749315604,False,824106,1,final,2026-08-28T17:43:21.077345+00:00,1,15,16,1.5,-1.5,9.0,Win,AWAY,0.3392389994524831,-125.0,,-1.5,9.0,0.424048749315604,0.7440216663624907,Night,0.10_plus,minus_149_to_minus_125,1.0_to_1.9,5_to_9.9,0.20_plus,70_to_74.9,70_to_74.9,9.0_to_9.5,-1.5
e3e38b1f0ba0517d7e95030e6f0b6a8d,baseball,mlb,2026_05_26,06:10 PM,Cleveland Guardians,Washington Nationals,run_line,away,1.5,away_run_line,-188.0,0.7215094796784267,0.1052911178052493,0.1979473014738689,False,824434,1,final,2026-08-28T17:43:21.077345+00:00,3,6,9,-1.5,1.5,7.5,Win,AWAY,0.1052911178052493,-188.0,,1.5,7.5,0.1979473014738689,0.7215094796784267,Night,0.10_plus,minus_199_to_minus_150,1.0_to_1.9,5_to_9.9,0.15_to_0.1999,70_to_74.9,70_to_74.9,7.5_to_8.0,+1.5
0320eab1e5e078823858b2f7f29d919a,baseball,mlb,2026_05_27,01:10 PM,Cleveland Guardians,Washington Nationals,run_line,away,1.5,away_run_line,-131.0,0.6766756316803912,0.1932219154058805,0.2531207091817036,False,824432,1,final,2026-08-28T17:43:21.077345+00:00,3,2,5,-1.5,1.5,7.5,Win,AWAY,0.1932219154058805,-131.0,,1.5,7.5,0.2531207091817036,0.6766756316803912,Day,0.10_plus,minus_149_to_minus_125,1.0_to_1.9,5_to_9.9,0.20_plus,65_to_69.9,65_to_69.9,7.5_to_8.0,+1.5
08f2eded5b37b8a80dd09b88ff5a13bc,baseball,mlb,2026_05_27,01:40 PM,Milwaukee Brewers,St Louis Cardinals,run_line,home,-1.5,home_run_line,139.0,0.4231355001600196,0.0112938453824469,0.0081250686204654,False,,,final,2026-08-28T17:43:21.077345+00:00,2,1,3,,,,Loss,HOME,0.0112938453824469,139.0,,,,0.0081250686204654,0.4231355001600196,Day,0.01_to_0.0199,plus_126_to_plus_150,UNBUCKETED,UNBUCKETED,0.001_to_0.0099,<50,<50,UNBUCKETED,UNBUCKETED
0bf247d0cff39f586755507c71b2d50c,baseball,mlb,2026_05_27,03:45 PM,San Francisco Giants,Arizona Diamondbacks,run_line,home,1.5,home_run_line,-156.0,0.7356651501575459,0.2072453746175111,0.3233027844033173,False,823217,1,final,2026-08-28T17:43:21.077345+00:00,2,3,5,1.5,-1.5,7.5,Win,HOME,0.2072453746175111,-156.0,,1.5,7.5,0.3233027844033173,0.7356651501575459,Day,0.10_plus,minus_199_to_minus_150,1.0_to_1.9,5_to_9.9,0.20_plus,70_to_74.9,70_to_74.9,7.5_to_8.0,+1.5
163227043e0edc8544e84f24250fe6b3,baseball,mlb,2026_05_27,06:35 PM,Baltimore Orioles,Tampa Bay Rays,run_line,home,1.5,home_run_line,-172.0,0.8047769951375172,0.2726705969616552,0.4689934267740469,False,824836,1,final,2026-08-28T17:43:21.077345+00:00,11,2,13,1.5,-1.5,9.0,Win,HOME,0.2726705969616552,-172.0,,1.5,9.0,0.4689934267740469,0.8047769951375172,Night,0.10_plus,minus_199_to_minus_150,1.0_to_1.9,5_to_9.9,0.20_plus,80_plus,80_plus,9.0_to_9.5,+1.5
22b2c62258204f36738be815101ba92b,baseball,mlb,2026_05_27,06:40 PM,Detroit Tigers,Los Angeles Angels,run_line,away,1.5,away_run_line,-200.0,0.6702930470160504,0.0054395705240755,0.0108791410481512,False,824270,1,final,2026-08-28T17:43:21.077345+00:00,4,0,4,-1.5,1.5,7.5,Loss,AWAY,0.0054395705240755,-200.0,,1.5,7.5,0.0108791410481512,0.6702930470160504,Night,0.00_to_0.0099,minus_200_or_lower,1.0_to_1.9,5_to_9.9,0.01_to_0.0199,65_to_69.9,65_to_69.9,7.5_to_8.0,+1.5
37259b2bbe7415ecdf587502c33a932d,baseball,mlb,2026_05_27,04:10 PM,San Diego Padres,Philadelphia Phillies,run_line,home,1.5,home_run_line,-136.0,0.6752371649633657,0.1717350803776052,0.2335597093135431,False,823295,1,final,2026-08-28T17:43:21.077345+00:00,0,3,3,1.5,-1.5,7.0,Loss,HOME,0.1717350803776052,-136.0,,1.5,7.0,0.2335597093135431,0.6752371649633657,Day,0.10_plus,minus_149_to_minus_125,1.0_to_1.9,5_to_9.9,0.20_plus,65_to_69.9,65_to_69.9,7.0_to_7.5,+1.5
5245e46d5b599afb14e52536df8267e9,baseball,mlb,2026_05_27,07:40 PM,Chicago White Sox,Minnesota Twins,run_line,home,-1.5,home_run_line,163.0,0.692707979775033,0.8218219868083365,0.5041852679805746,False,824596,1,final,2026-08-28T17:43:21.077345+00:00,15,2,17,-1.5,1.5,8.0,Win,HOME,0.8218219868083365,163.0,,-1.5,8.0,0.5041852679805746,0.692707979775033,Night,0.10_plus,plus_151_to_plus_200,1.0_to_1.9,5_to_9.9,0.20_plus,65_to_69.9,65_to_69.9,8.0_to_8.5,-1.5
6dd8c66f2fcc65059e5f099901f4a42b,baseball,mlb,2026_05_27,01:07 PM,Toronto Blue Jays,Miami Marlins,run_line,home,-1.5,home_run_line,136.0,0.4452752546995471,0.0508496010909313,0.0373894125668612,False,822809,1,final,2026-08-28T17:43:21.077345+00:00,2,1,3,-1.5,1.5,7.5,Loss,HOME,0.0508496010909313,136.0,,-1.5,7.5,0.0373894125668612,0.4452752546995471,Day,0.05_to_0.0749,plus_126_to_plus_150,1.0_to_1.9,5_to_9.9,0.03_to_0.0499,<50,<50,7.5_to_8.0,-1.5
77b3529d80cffeb203543f5f2201f8ff,baseball,mlb,2026_05_27,10:10 PM,Los Angeles Dodgers,Colorado Rockies,run_line,away,1.5,away_run_line,147.0,0.5725670687719207,0.4142406598666441,0.2817963672562205,False,823947,1,final,2026-08-28T17:43:21.077345+00:00,4,1,5,-1.5,1.5,8.0,Loss,AWAY,0.4142406598666441,147.0,,1.5,8.0,0.2817963672562205,0.5725670687719207,Night,0.10_plus,plus_126_to_plus_150,1.0_to_1.9,5_to_9.9,0.20_plus,55_to_59.9,55_to_59.9,8.0_to_8.5,+1.5
880e1e94ed3cbd5f07937fd05887eb09,baseball,mlb,2026_05_27,06:45 PM,Boston Red Sox,Atlanta Braves,run_line,home,1.5,home_run_line,-163.0,0.6784279167381955,0.0946413625898492,0.154265421021454,False,824756,1,final,2026-08-28T17:43:21.077345+00:00,8,0,8,1.5,-1.5,8.0,Win,HOME,0.0946413625898492,-163.0,,1.5,8.0,0.154265421021454,0.6784279167381955,Night,0.075_to_0.0999,minus_199_to_minus_150,1.0_to_1.9,5_to_9.9,0.15_to_0.1999,65_to_69.9,65_to_69.9,8.0_to_8.5,+1.5
a9124c7ee5e65da688ee0e5e3c192445,baseball,mlb,2026_05_27,07:40 PM,Kansas City Royals,New York Yankees,run_line,away,-1.5,away_run_line,104.0,0.5267463884523862,0.0745626324428678,0.0716948388873729,False,824104,1,final,2026-08-28T17:43:21.077345+00:00,0,7,7,1.5,-1.5,9.0,Win,AWAY,0.0745626324428678,104.0,,-1.5,9.0,0.0716948388873729,0.5267463884523862,Night,0.05_to_0.0749,plus_101_to_plus_125,1.0_to_1.9,5_to_9.9,0.05_to_0.0999,50_to_54.9,50_to_54.9,9.0_to_9.5,-1.5
adfc9cd4529fc7b4ed6fb31e0e3d714c,baseball,mlb,2026_05_27,03:05 PM,Athletics,Seattle Mariners,run_line,home,1.5,home_run_line,-147.0,0.6231375500093131,0.0470406452537437,0.0691497485230033,False,,,final,2026-08-28T17:43:21.077345+00:00,1,9,10,,,,Loss,HOME,0.0470406452537437,-147.0,,,,0.0691497485230033,0.6231375500093131,Day,0.04_to_0.0499,minus_149_to_minus_125,UNBUCKETED,UNBUCKETED,0.05_to_0.0999,60_to_64.9,60_to_64.9,UNBUCKETED,UNBUCKETED
ded9b9a083989d5a8249364b1eb5a293,baseball,mlb,2026_05_27,07:10 PM,New York Mets,Cincinnati Reds,run_line,home,1.5,home_run_line,-185.0,0.9099030199615408,0.4017424902110222,0.7432236068903912,False,823626,1,final,2026-08-28T17:43:21.077345+00:00,4,2,6,1.5,-1.5,8.0,Win,HOME,0.4017424902110222,-185.0,,1.5,8.0,0.7432236068903912,0.9099030199615408,Night,0.10_plus,minus_199_to_minus_150,1.0_to_1.9,5_to_9.9,0.20_plus,80_plus,80_plus,8.0_to_8.5,+1.5
10c998a5c2995335fd238b7e7e037c62,baseball,mlb,2026_05_28,06:40 PM,Pittsburgh Pirates,Chicago Cubs,run_line,home,-1.5,home_run_line,127.0,0.5491487111306523,0.2465675742665807,0.1941476962728983,False,823378,1,final,2026-08-28T17:43:21.077345+00:00,2,7,9,-1.5,1.5,7.5,Loss,HOME,0.2465675742665807,127.0,,-1.5,7.5,0.1941476962728983,0.5491487111306523,Night,0.10_plus,plus_126_to_plus_150,1.0_to_1.9,5_to_9.9,0.15_to_0.1999,50_to_54.9,50_to_54.9,7.5_to_8.0,-1.5
28a4545a50aea1be3bff69f0dea3afcc,baseball,mlb,2026_05_28,01:10 PM,Detroit Tigers,Los Angeles Angels,run_line,away,1.5,away_run_line,-181.0,0.7206660561938322,0.118824098289872,0.2150716179046683,False,824272,1,final,2026-08-28T17:43:21.077345+00:00,1,7,8,-1.5,1.5,8.5,Win,AWAY,0.118824098289872,-181.0,,1.5,8.5,0.2150716179046683,0.7206660561938322,Day,0.10_plus,minus_199_to_minus_150,1.0_to_1.9,5_to_9.9,0.20_plus,70_to_74.9,70_to_74.9,8.5_to_9.0,+1.5
5bacfc86e437d15ee2ffef91a1562308,baseball,mlb,2026_05_28,08:05 PM,Texas Rangers,Houston Astros,run_line,away,1.5,away_run_line,-192.0,0.741203418484643,0.1272468656120615,0.2443139819751579,False,822896,1,final,2026-08-28T17:43:21.077345+00:00,1,5,6,-1.5,1.5,7.5,Win,AWAY,0.1272468656120615,-192.0,,1.5,7.5,0.2443139819751579,0.741203418484643,Night,0.10_plus,minus_199_to_minus_150,1.0_to_1.9,5_to_9.9,0.20_plus,70_to_74.9,70_to_74.9,7.5_to_8.0,+1.5
5bacfc86e437d15ee2ffef91a1562308,baseball,mlb,2026_05_28,08:05 PM,Texas Rangers,Houston Astros,total,over,7.5,over_total,102.0,0.596293607036914,0.2045130862145662,0.2005030257005551,False,822896,1,final,2026-08-28T17:43:21.077345+00:00,1,5,6,-1.5,1.5,7.5,Loss,OVER,0.2045130862145662,102.0,,,7.5,0.2005030257005551,0.596293607036914,Night,0.10_plus,plus_101_to_plus_125,UNBUCKETED,5_to_9.9,0.20_plus,55_to_59.9,55_to_59.9,7.5_to_8.0,UNBUCKETED
6072e0886fb927d9ece5f578024d31e2,baseball,mlb,2026_05_28,04:10 PM,Boston Red Sox,Atlanta Braves,run_line,away,-1.5,away_run_line,129.0,0.5513852897595092,0.2626723135492761,0.2036219484878108,False,824757,1,final,2026-08-28T17:43:21.077345+00:00,2,10,12,1.5,-1.5,6.5,Win,AWAY,0.2626723135492761,129.0,,-1.5,6.5,0.2036219484878108,0.5513852897595092,Day,0.10_plus,plus_126_to_plus_150,1.0_to_1.9,5_to_9.9,0.20_plus,55_to_59.9,55_to_59.9,6.5_to_7.0,-1.5
0efc76f321b5fc7e72e7e7641d5667f6,baseball,mlb,2026_05_29,06:40 PM,Cincinnati Reds,Atlanta Braves,run_line,away,-1.5,away_run_line,114.0,0.5187584254693556,0.110143030504421,0.0966166934249306,False,824515,1,final,2026-08-28T17:43:21.077345+00:00,3,8,11,1.5,-1.5,9.5,Win,AWAY,0.110143030504421,114.0,,-1.5,9.5,0.0966166934249306,0.5187584254693556,Night,0.10_plus,plus_101_to_plus_125,1.0_to_1.9,5_to_9.9,0.05_to_0.0999,50_to_54.9,50_to_54.9,9.5_to_10.0,-1.5
1587b2f52f5f1a490cebb01e524ec361,baseball,mlb,2026_05_29,07:40 PM,Chicago White Sox,Detroit Tigers,run_line,home,1.5,home_run_line,-181.0,0.7917206927961924,0.2291354401974035,0.4147351467573006,False,824594,1,final,2026-08-28T17:43:21.077345+00:00,4,3,7,1.5,-1.5,8.5,Win,HOME,0.2291354401974035,-181.0,,1.5,8.5,0.4147351467573006,0.7917206927961924,Night,0.10_plus,minus_199_to_minus_150,1.0_to_1.9,5_to_9.9,0.20_plus,75_to_79.9,75_to_79.9,8.5_to_9.0,+1.5
18e8a4acb1d40019544cfef0a5f07ef1,baseball,mlb,2026_05_29,10:15 PM,Los Angeles Dodgers,Philadelphia Phillies,run_line,home,1.5,home_run_line,-188.0,0.7588571121582202,0.1625045122423798,0.305508483015674,False,823946,1,final,2026-08-28T17:43:21.077345+00:00,4,2,6,1.5,-1.5,8.0,Win,HOME,0.1625045122423798,-188.0,,1.5,8.0,0.305508483015674,0.7588571121582202,Night,0.10_plus,minus_199_to_minus_150,1.0_to_1.9,5_to_9.9,0.20_plus,75_to_79.9,75_to_79.9,8.0_to_8.5,+1.5
2106f4fc8ef576eac2a39262d02f66e7,baseball,mlb,2026_05_29,08:40 PM,Colorado Rockies,San Francisco Giants,run_line,home,1.5,home_run_line,-120.0,0.5636807150877201,0.0334146443274867,0.0400975731929841,False,824353,1,final,2026-08-28T17:43:21.077345+00:00,8,6,14,1.5,-1.5,10.5,Win,HOME,0.0334146443274867,-120.0,,1.5,10.5,0.0400975731929841,0.5636807150877201,Night,0.03_to_0.0399,minus_124_to_minus_110,1.0_to_1.9,10_to_14.9,0.03_to_0.0499,55_to_59.9,55_to_59.9,10.5_to_11.0,+1.5
26c7991c125b7365c82472e2468e59a6,baseball,mlb,2026_05_29,09:40 PM,Athletics,New York Yankees,run_line,home,1.5,home_run_line,-142.0,0.6018347572908972,0.0256620511577261,0.0364401126439711,False,,,final,2026-08-28T17:43:21.077345+00:00,2,8,10,,,,Loss,HOME,0.0256620511577261,-142.0,,,,0.0364401126439711,0.6018347572908972,Night,0.02_to_0.0299,minus_149_to_minus_125,UNBUCKETED,UNBUCKETED,0.03_to_0.0499,60_to_64.9,60_to_64.9,UNBUCKETED,UNBUCKETED
274a30921628d47bff96d4b5f37f6a19,baseball,mlb,2026_05_29,08:10 PM,Houston Astros,Milwaukee Brewers,moneyline,away,,away_moneyline,-135.0,0.6212818238698566,0.0814905822919727,0.110012286094163,False,824191,1,final,2026-08-28T17:43:21.077345+00:00,4,5,9,1.5,-1.5,8.5,Win,AWAY,0.0814905822919727,-135.0,-135.0,-1.5,8.5,0.110012286094163,0.6212818238698566,Night,0.075_to_0.0999,minus_149_to_minus_125,1.0_to_1.9,5_to_9.9,0.10_to_0.1499,60_to_64.9,60_to_64.9,8.5_to_9.0,-1.5
4018fbc29a76d2079208cbe8913a9de1,baseball,mlb,2026_05_29,07:15 PM,St Louis Cardinals,Chicago Cubs,run_line,home,1.5,home_run_line,-151.0,0.7674494725004679,0.2756941562756123,0.4162981759761744,False,,,final,2026-08-28T17:43:21.077345+00:00,6,5,11,,,,Win,HOME,0.2756941562756123,-151.0,,,,0.4162981759761744,0.7674494725004679,Night,0.10_plus,minus_199_to_minus_150,UNBUCKETED,UNBUCKETED,0.20_plus,75_to_79.9,75_to_79.9,UNBUCKETED,UNBUCKETED
57848c1e5cf12fb46c9c6e5c89c1022e,baseball,mlb,2026_05_29,08:05 PM,Texas Rangers,Kansas City Royals,run_line,home,-1.5,home_run_line,158.0,0.3956894371430556,0.0208787478290835,0.0132143973601794,False,822894,1,final,2026-08-28T17:43:21.077345+00:00,9,1,10,-1.5,1.5,7.5,Win,HOME,0.0208787478290835,158.0,,-1.5,7.5,0.0132143973601794,0.3956894371430556,Night,0.02_to_0.0299,plus_151_to_plus_200,1.0_to_1.9,5_to_9.9,0.01_to_0.0199,<50,<50,7.5_to_8.0,-1.5
6493e9132fdd464eebd5031d8ad02c41,baseball,mlb,2026_05_29,07:10 PM,New York Mets,Miami Marlins,run_line,home,1.5,home_run_line,-192.0,0.8215790651949542,0.2494848283173263,0.4790108703692664,False,823623,1,final,2026-08-28T17:43:21.077345+00:00,9,7,16,1.5,-1.5,7.5,Win,HOME,0.2494848283173263,-192.0,,1.5,7.5,0.4790108703692664,0.8215790651949542,Night,0.10_plus,minus_199_to_minus_150,1.0_to_1.9,5_to_9.9,0.20_plus,80_plus,80_plus,7.5_to_8.0,+1.5
6493e9132fdd464eebd5031d8ad02c41,baseball,mlb,2026_05_29,07:10 PM,New York Mets,Miami Marlins,total,over,7.5,over_total,102.0,0.6160756904317245,0.2444728946720835,0.2396793085020427,False,823623,1,final,2026-08-28T17:43:21.077345+00:00,9,7,16,1.5,-1.5,7.5,Win,OVER,0.2444728946720835,102.0,,,7.5,0.2396793085020427,0.6160756904317245,Night,0.10_plus,plus_101_to_plus_125,UNBUCKETED,5_to_9.9,0.20_plus,60_to_64.9,60_to_64.9,7.5_to_8.0,UNBUCKETED
765d27e397e587aa1885002dd751e9da,baseball,mlb,2026_05_29,06:45 PM,Pittsburgh Pirates,Minnesota Twins,run_line,home,-1.5,home_run_line,156.0,0.4812383176071807,0.2319700930743826,0.1486987776117837,False,823377,1,final,2026-08-28T17:43:21.077345+00:00,6,5,11,-1.5,1.5,8.0,Loss,HOME,0.2319700930743826,156.0,,-1.5,8.0,0.1486987776117837,0.4812383176071807,Night,0.10_plus,plus_151_to_plus_200,1.0_to_1.9,5_to_9.9,0.10_to_0.1499,<50,<50,8.0_to_8.5,-1.5
8c92a04b11da0a1f6f84d1dfd48fbf9d,baseball,mlb,2026_05_29,06:45 PM,Washington Nationals,San Diego Padres,run_line,home,1.5,home_run_line,-175.0,0.7409612086066888,0.1643676135247966,0.2876433236683942,False,822732,1,final,2026-08-28T17:43:21.077345+00:00,5,7,12,1.5,-1.5,9.5,Loss,HOME,0.1643676135247966,-175.0,,1.5,9.5,0.2876433236683942,0.7409612086066888,Night,0.10_plus,minus_199_to_minus_150,1.0_to_1.9,5_to_9.9,0.20_plus,70_to_74.9,70_to_74.9,9.5_to_10.0,+1.5
95952a4215c0c1d281c4dcbed7471d28,baseball,mlb,2026_05_29,07:10 PM,Tampa Bay Rays,Los Angeles Angels,run_line,away,1.5,away_run_line,-149.0,0.7208114005207117,0.2045774411386389,0.304820387296572,False,822978,1,final,2026-08-28T17:43:21.077345+00:00,8,5,13,-1.5,1.5,8.0,Loss,AWAY,0.2045774411386389,-149.0,,1.5,8.0,0.304820387296572,0.7208114005207117,Night,0.10_plus,minus_149_to_minus_125,1.0_to_1.9,5_to_9.9,0.20_plus,70_to_74.9,70_to_74.9,8.0_to_8.5,+1.5
d32dadf5a576ba276bac1775287783ba,baseball,mlb,2026_05_29,07:10 PM,Cleveland Guardians,Boston Red Sox,run_line,away,1.5,away_run_line,-200.0,0.6766401341021562,0.0149602011532343,0.0299204023064685,False,824433,1,final,2026-08-28T17:43:21.077345+00:00,4,3,7,-1.5,1.5,8.0,Win,AWAY,0.0149602011532343,-200.0,,1.5,8.0,0.0299204023064685,0.6766401341021562,Night,0.01_to_0.0199,minus_200_or_lower,1.0_to_1.9,5_to_9.9,0.02_to_0.0299,65_to_69.9,65_to_69.9,8.0_to_8.5,+1.5
ddd9481c210fa90dea318ad8e185cf22,baseball,mlb,2026_05_29,07:05 PM,Baltimore Orioles,Toronto Blue Jays,run_line,away,1.5,away_run_line,-192.0,0.7131033968706609,0.0845114160741304,0.1622619188623303,False,824835,1,final,2026-08-28T17:43:21.077345+00:00,5,6,11,-1.5,1.5,9.0,Win,AWAY,0.0845114160741304,-192.0,,1.5,9.0,0.1622619188623303,0.7131033968706609,Night,0.075_to_0.0999,minus_199_to_minus_150,1.0_to_1.9,5_to_9.9,0.15_to_0.1999,70_to_74.9,70_to_74.9,9.0_to_9.5,+1.5
ddd9481c210fa90dea318ad8e185cf22,baseball,mlb,2026_05_29,07:05 PM,Baltimore Orioles,Toronto Blue Jays,moneyline,away,,away_moneyline,108.0,0.5242395124357625,0.0904181858663859,0.0837205424688759,False,824835,1,final,2026-08-28T17:43:21.077345+00:00,5,6,11,-1.5,1.5,9.0,Win,AWAY,0.0904181858663859,108.0,108.0,1.5,9.0,0.0837205424688759,0.5242395124357625,Night,0.075_to_0.0999,plus_101_to_plus_125,1.0_to_1.9,5_to_9.9,0.05_to_0.0999,50_to_54.9,50_to_54.9,9.0_to_9.5,+1.5
63299501,baseball,mlb,2026_05_30,04:05 PM,Texas Rangers,Kansas City Royals,run_line,home,1.5,home_run_line,-196.0,0.6806027617029708,0.0278490686942824,0.0545841746407936,False,822893,1,final,2026-08-28T17:43:21.077345+00:00,7,6,13,1.5,-1.5,8.0,Win,HOME,0.0278490686942824,-196.0,,1.5,8.0,0.0545841746407936,0.6806027617029708,Day,0.02_to_0.0299,minus_199_to_minus_150,1.0_to_1.9,5_to_9.9,0.05_to_0.0999,65_to_69.9,65_to_69.9,8.0_to_8.5,+1.5
63299521,baseball,mlb,2026_05_30,02:10 PM,Chicago White Sox,Detroit Tigers,run_line,home,1.5,home_run_line,-175.0,0.81224890859706,0.2763911420810943,0.483684498641915,False,824593,1,final,2026-08-28T17:43:21.077345+00:00,7,1,8,1.5,-1.5,7.5,Win,HOME,0.2763911420810943,-175.0,,1.5,7.5,0.483684498641915,0.81224890859706,Day,0.10_plus,minus_199_to_minus_150,1.0_to_1.9,5_to_9.9,0.20_plus,80_plus,80_plus,7.5_to_8.0,+1.5
63299639,baseball,mlb,2026_05_30,04:05 PM,Washington Nationals,San Diego Padres,run_line,home,1.5,home_run_line,-158.0,0.8678665276666373,0.417149140113876,0.6590956413799242,False,822731,1,final,2026-08-28T17:43:21.077345+00:00,9,4,13,1.5,-1.5,7.5,Win,HOME,0.417149140113876,-158.0,,1.5,7.5,0.6590956413799242,0.8678665276666373,Day,0.10_plus,minus_199_to_minus_150,1.0_to_1.9,5_to_9.9,0.20_plus,80_plus,80_plus,7.5_to_8.0,+1.5
63299695,baseball,mlb,2026_05_30,04:10 PM,Houston Astros,Milwaukee Brewers,run_line,home,1.5,home_run_line,-172.0,0.7670007149133864,0.2129313631188436,0.366241944564411,False,824190,1,final,2026-08-28T17:43:21.077345+00:00,9,2,11,1.5,-1.5,9.0,Win,HOME,0.2129313631188436,-172.0,,1.5,9.0,0.366241944564411,0.7670007149133864,Day,0.10_plus,minus_199_to_minus_150,1.0_to_1.9,5_to_9.9,0.20_plus,75_to_79.9,75_to_79.9,9.0_to_9.5,+1.5
63299705,baseball,mlb,2026_05_30,04:05 PM,Baltimore Orioles,Toronto Blue Jays,run_line,home,1.5,home_run_line,-163.0,0.7098539809093392,0.1453472207310195,0.236915969791562,False,824833,1,final,2026-08-28T17:43:21.077345+00:00,6,5,11,1.5,-1.5,7.5,Win,HOME,0.1453472207310195,-163.0,,1.5,7.5,0.236915969791562,0.7098539809093392,Day,0.10_plus,minus_199_to_minus_150,1.0_to_1.9,5_to_9.9,0.20_plus,70_to_74.9,70_to_74.9,7.5_to_8.0,+1.5
63299705,baseball,mlb,2026_05_30,04:05 PM,Baltimore Orioles,Toronto Blue Jays,moneyline,home,,home_moneyline,104.0,0.514983268287744,0.0505658673069977,0.0486210262567286,False,824833,1,final,2026-08-28T17:43:21.077345+00:00,6,5,11,1.5,-1.5,7.5,Win,HOME,0.0505658673069977,104.0,104.0,1.5,7.5,0.0486210262567286,0.514983268287744,Day,0.05_to_0.0749,plus_101_to_plus_125,1.0_to_1.9,5_to_9.9,0.03_to_0.0499,50_to_54.9,50_to_54.9,7.5_to_8.0,+1.5
63299887,baseball,mlb,2026_05_30,10:10 PM,Seattle Mariners,Arizona Diamondbacks,run_line,home,-1.5,home_run_line,144.0,0.4197178190903492,0.0241114785804521,0.0167440823475361,False,823132,1,final,2026-08-28T17:43:21.077345+00:00,5,1,6,-1.5,1.5,7.0,Win,HOME,0.0241114785804521,144.0,,-1.5,7.0,0.0167440823475361,0.4197178190903492,Night,0.02_to_0.0299,plus_126_to_plus_150,1.0_to_1.9,5_to_9.9,0.01_to_0.0199,<50,<50,7.0_to_7.5,-1.5
63299887,baseball,mlb,2026_05_30,10:10 PM,Seattle Mariners,Arizona Diamondbacks,total,over,7.0,over_total,100.0,0.5424563790312399,0.2250639018180008,0.2617482132859973,False,823132,1,final,2026-08-28T17:43:21.077345+00:00,5,1,6,-1.5,1.5,7.0,Loss,OVER,0.2250639018180008,100.0,,,7.0,0.2617482132859973,0.5424563790312399,Night,0.10_plus,minus_100_to_plus_100,UNBUCKETED,5_to_9.9,0.20_plus,50_to_54.9,50_to_54.9,7.0_to_7.5,UNBUCKETED
63300023,baseball,mlb,2026_05_30,07:15 PM,St Louis Cardinals,Chicago Cubs,run_line,home,1.5,home_run_line,-156.0,0.6922823873136161,0.1360531484120879,0.2122429115228573,False,,,final,2026-08-28T17:43:21.077345+00:00,1,6,7,,,,Loss,HOME,0.1360531484120879,-156.0,,,,0.2122429115228573,0.6922823873136161,Night,0.10_plus,minus_199_to_minus_150,UNBUCKETED,UNBUCKETED,0.20_plus,65_to_69.9,65_to_69.9,UNBUCKETED,UNBUCKETED
63300113,baseball,mlb,2026_05_30,09:10 PM,Colorado Rockies,San Francisco Giants,run_line,away,-1.5,away_run_line,131.0,0.4677251665811849,0.0804451348025372,0.0614084998492649,False,824352,1,final,2026-08-28T17:43:21.077345+00:00,8,3,11,1.5,-1.5,11.0,Loss,AWAY,0.0804451348025372,131.0,,-1.5,11.0,0.0614084998492649,0.4677251665811849,Night,0.075_to_0.0999,plus_126_to_plus_150,1.0_to_1.9,10_to_14.9,0.05_to_0.0999,<50,<50,11.0_to_11.5,-1.5
63300119,baseball,mlb,2026_05_30,07:15 PM,Cincinnati Reds,Atlanta Braves,run_line,home,1.5,home_run_line,-144.0,0.6161597775369134,0.0440485119375477,0.0634298571900687,False,824513,1,final,2026-08-28T17:43:21.077345+00:00,2,5,7,1.5,-1.5,9.5,Loss,HOME,0.0440485119375477,-144.0,,1.5,9.5,0.0634298571900687,0.6161597775369134,Night,0.04_to_0.0499,minus_149_to_minus_125,1.0_to_1.9,5_to_9.9,0.05_to_0.0999,60_to_64.9,60_to_64.9,9.5_to_10.0,+1.5
63300255,baseball,mlb,2026_05_30,10:05 PM,Athletics,New York Yankees,run_line,home,1.5,home_run_line,-126.0,0.6112316181941873,0.0963360770784627,0.1213834571188631,False,,,final,2026-08-28T17:43:21.077345+00:00,6,4,10,,,,Win,HOME,0.0963360770784627,-126.0,,,,0.1213834571188631,0.6112316181941873,Night,0.075_to_0.0999,minus_149_to_minus_125,UNBUCKETED,UNBUCKETED,0.10_to_0.1499,60_to_64.9,60_to_64.9,UNBUCKETED,UNBUCKETED
63300315,baseball,mlb,2026_05_30,10:10 PM,Los Angeles Dodgers,Philadelphia Phillies,run_line,away,1.5,away_run_line,-200.0,0.7574070502480206,0.1361105753720308,0.2722211507440617,False,823945,1,final,2026-08-28T17:43:21.077345+00:00,3,4,7,-1.5,1.5,8.5,Win,AWAY,0.1361105753720308,-200.0,,1.5,8.5,0.2722211507440617,0.7574070502480206,Night,0.10_plus,minus_200_or_lower,1.0_to_1.9,5_to_9.9,0.20_plus,75_to_79.9,75_to_79.9,8.5_to_9.0,+1.5
63300415,baseball,mlb,2026_05_30,04:10 PM,Cleveland Guardians,Boston Red Sox,run_line,away,1.5,away_run_line,-217.0,0.6926048570516881,0.0117776022367976,0.0255573968538511,False,824431,1,final,2026-08-28T17:43:21.077345+00:00,1,9,10,-1.5,1.5,6.5,Win,AWAY,0.0117776022367976,-217.0,,1.5,6.5,0.0255573968538511,0.6926048570516881,Day,0.01_to_0.0199,minus_200_or_lower,1.0_to_1.9,5_to_9.9,0.02_to_0.0299,65_to_69.9,65_to_69.9,6.5_to_7.0,+1.5
63300457,baseball,mlb,2026_05_30,04:05 PM,Pittsburgh Pirates,Minnesota Twins,run_line,home,-1.5,home_run_line,140.0,0.5973507372962769,0.4336417695110643,0.3097441210793317,False,823375,1,final,2026-08-28T17:43:21.077345+00:00,10,9,19,-1.5,1.5,8.5,Loss,HOME,0.4336417695110643,140.0,,-1.5,8.5,0.3097441210793317,0.5973507372962769,Day,0.10_plus,plus_126_to_plus_150,1.0_to_1.9,5_to_9.9,0.20_plus,55_to_59.9,55_to_59.9,8.5_to_9.0,-1.5
63300689,baseball,mlb,2026_05_30,04:10 PM,Tampa Bay Rays,Los Angeles Angels,run_line,away,1.5,away_run_line,-163.0,0.7636191500776282,0.2320971562602221,0.378318364704162,False,822975,1,final,2026-08-28T17:43:21.077345+00:00,3,14,17,-1.5,1.5,7.0,Win,AWAY,0.2320971562602221,-163.0,,1.5,7.0,0.378318364704162,0.7636191500776282,Day,0.10_plus,minus_199_to_minus_150,1.0_to_1.9,5_to_9.9,0.20_plus,75_to_79.9,75_to_79.9,7.0_to_7.5,+1.5
63299609,baseball,mlb,2026_05_31,04:10 PM,Seattle Mariners,Arizona Diamondbacks,run_line,home,-1.5,home_run_line,152.0,0.4175651088437075,0.0522640742861428,0.0343842593987782,False,823133,1,final,2026-08-28T17:43:21.077345+00:00,3,2,5,-1.5,1.5,7.5,Loss,HOME,0.0522640742861428,152.0,,-1.5,7.5,0.0343842593987782,0.4175651088437075,Day,0.05_to_0.0749,plus_151_to_plus_200,1.0_to_1.9,5_to_9.9,0.03_to_0.0499,<50,<50,7.5_to_8.0,-1.5
63299725,baseball,mlb,2026_05_31,01:35 PM,Washington Nationals,San Diego Padres,run_line,home,1.5,home_run_line,-192.0,0.7187581449913689,0.093111345507707,0.1787737833747976,False,822729,1,final,2026-08-28T17:43:21.077345+00:00,4,2,6,1.5,-1.5,8.5,Win,HOME,0.093111345507707,-192.0,,1.5,8.5,0.1787737833747976,0.7187581449913689,Day,0.075_to_0.0999,minus_199_to_minus_150,1.0_to_1.9,5_to_9.9,0.15_to_0.1999,70_to_74.9,70_to_74.9,8.5_to_9.0,+1.5
63299785,baseball,mlb,2026_05_31,02:10 PM,Houston Astros,Milwaukee Brewers,run_line,home,1.5,home_run_line,-109.0,0.5672227668312007,0.0876106263093663,0.0954955826772094,False,824187,1,final,2026-08-28T17:43:21.077345+00:00,0,2,2,1.5,-1.5,7.5,Loss,HOME,0.0876106263093663,-109.0,,1.5,7.5,0.0954955826772094,0.5672227668312007,Day,0.075_to_0.0999,minus_109_to_minus_101,1.0_to_1.9,5_to_9.9,0.05_to_0.0999,55_to_59.9,55_to_59.9,7.5_to_8.0,+1.5
63299961,baseball,mlb,2026_05_31,01:40 PM,Tampa Bay Rays,Los Angeles Angels,run_line,away,1.5,away_run_line,-108.0,0.6427487536617993,0.2378864885338356,0.2569174076165426,False,822976,1,final,2026-08-28T17:43:21.077345+00:00,5,2,7,-1.5,1.5,7.5,Loss,AWAY,0.2378864885338356,-108.0,,1.5,7.5,0.2569174076165426,0.6427487536617993,Day,0.10_plus,minus_109_to_minus_101,1.0_to_1.9,5_to_9.9,0.20_plus,60_to_64.9,60_to_64.9,7.5_to_8.0,+1.5
63300063,baseball,mlb,2026_05_31,04:05 PM,Athletics,New York Yankees,moneyline,away,,away_moneyline,-188.0,0.7121291959228558,0.0909213214137365,0.1709320842578248,False,,,final,2026-08-28T17:43:21.077345+00:00,8,13,21,,,,Win,AWAY,0.0909213214137365,-188.0,-188.0,,,0.1709320842578248,0.7121291959228558,Day,0.075_to_0.0999,minus_199_to_minus_150,UNBUCKETED,UNBUCKETED,0.15_to_0.1999,70_to_74.9,70_to_74.9,UNBUCKETED,UNBUCKETED
63300093,baseball,mlb,2026_05_31,01:40 PM,Cincinnati Reds,Atlanta Braves,run_line,home,1.5,home_run_line,-135.0,0.6925061030210151,0.2054735867402854,0.2773893420993856,False,824512,1,final,2026-08-28T17:43:21.077345+00:00,6,4,10,1.5,-1.5,9.5,Win,HOME,0.2054735867402854,-135.0,,1.5,9.5,0.2773893420993856,0.6925061030210151,Day,0.10_plus,minus_149_to_minus_125,1.0_to_1.9,5_to_9.9,0.20_plus,65_to_69.9,65_to_69.9,9.5_to_10.0,+1.5
63300093,baseball,mlb,2026_05_31,01:40 PM,Cincinnati Reds,Atlanta Braves,total,under,9.5,under_total,-131.0,0.707096912138868,0.2468655473593778,0.3233938670407851,False,824512,1,final,2026-08-28T17:43:21.077345+00:00,6,4,10,1.5,-1.5,9.5,Loss,UNDER,0.2468655473593778,-131.0,,,9.5,0.3233938670407851,0.707096912138868,Day,0.10_plus,minus_149_to_minus_125,UNBUCKETED,5_to_9.9,0.20_plus,70_to_74.9,70_to_74.9,9.5_to_10.0,UNBUCKETED
63300093,baseball,mlb,2026_05_31,01:40 PM,Cincinnati Reds,Atlanta Braves,moneyline,home,,home_moneyline,119.0,0.4836770883980247,0.059252823591674,0.0497922887324992,False,824512,1,final,2026-08-28T17:43:21.077345+00:00,6,4,10,1.5,-1.5,9.5,Win,HOME,0.059252823591674,119.0,119.0,1.5,9.5,0.0497922887324992,0.4836770883980247,Day,0.05_to_0.0749,plus_101_to_plus_125,1.0_to_1.9,5_to_9.9,0.03_to_0.0499,<50,<50,9.5_to_10.0,+1.5
63300095,baseball,mlb,2026_05_31,01:40 PM,Cleveland Guardians,Boston Red Sox,run_line,home,1.5,home_run_line,-140.0,0.6419133781683132,0.1004229340028226,0.1405921076039517,False,824430,1,final,2026-08-28T17:43:21.077345+00:00,4,9,13,1.5,-1.5,7.5,Loss,HOME,0.1004229340028226,-140.0,,1.5,7.5,0.1405921076039517,0.6419133781683132,Day,0.10_plus,minus_149_to_minus_125,1.0_to_1.9,5_to_9.9,0.10_to_0.1499,60_to_64.9,60_to_64.9,7.5_to_8.0,+1.5
63300337,baseball,mlb,2026_05_31,01:40 PM,New York Mets,Miami Marlins,run_line,home,-1.5,home_run_line,152.0,0.6722622174579602,0.6941007879940597,0.4566452552592498,False,823621,1,final,2026-08-28T17:43:21.077345+00:00,10,1,11,-1.5,1.5,7.5,Win,HOME,0.6941007879940597,152.0,,-1.5,7.5,0.4566452552592498,0.6722622174579602,Day,0.10_plus,plus_151_to_plus_200,1.0_to_1.9,5_to_9.9,0.20_plus,65_to_69.9,65_to_69.9,7.5_to_8.0,-1.5
63300377,baseball,mlb,2026_05_31,03:10 PM,Colorado Rockies,San Francisco Giants,run_line,away,-1.5,away_run_line,129.0,0.6132568860840545,0.4043582691324847,0.3134560225833215,False,824354,1,final,2026-08-28T17:43:21.077345+00:00,6,19,25,1.5,-1.5,11.0,Win,AWAY,0.4043582691324847,129.0,,-1.5,11.0,0.3134560225833215,0.6132568860840545,Day,0.10_plus,plus_126_to_plus_150,1.0_to_1.9,10_to_14.9,0.20_plus,60_to_64.9,60_to_64.9,11.0_to_11.5,-1.5
63300393,baseball,mlb,2026_05_31,04:10 PM,Los Angeles Dodgers,Philadelphia Phillies,run_line,away,1.5,away_run_line,-105.0,0.5691126035215053,0.1111246068753197,0.1166808372190857,False,823944,1,final,2026-08-28T17:43:21.077345+00:00,9,1,10,-1.5,1.5,9.0,Loss,AWAY,0.1111246068753197,-105.0,,1.5,9.0,0.1166808372190857,0.5691126035215053,Day,0.10_plus,minus_109_to_minus_101,1.0_to_1.9,5_to_9.9,0.10_to_0.1499,55_to_59.9,55_to_59.9,9.0_to_9.5,+1.5
63300573,baseball,mlb,2026_05_31,02:35 PM,Texas Rangers,Kansas City Royals,moneyline,away,,away_moneyline,-105.0,0.5603714956237145,0.0940586343129663,0.0987615660286146,False,822895,1,final,2026-08-28T17:43:21.077345+00:00,6,3,9,1.5,-1.5,7.5,Loss,AWAY,0.0940586343129663,-105.0,-105.0,-1.5,7.5,0.0987615660286146,0.5603714956237145,Day,0.075_to_0.0999,minus_109_to_minus_101,1.0_to_1.9,5_to_9.9,0.05_to_0.0999,55_to_59.9,55_to_59.9,7.5_to_8.0,-1.5
63300621,baseball,mlb,2026_05_31,07:20 PM,St Louis Cardinals,Chicago Cubs,run_line,home,1.5,home_run_line,-188.0,0.6804460116633522,0.0423853795693904,0.0796845135904542,False,,,final,2026-08-28T17:43:21.077345+00:00,5,1,6,,,,Win,HOME,0.0423853795693904,-188.0,,,,0.0796845135904542,0.6804460116633522,Night,0.04_to_0.0499,minus_199_to_minus_150,UNBUCKETED,UNBUCKETED,0.05_to_0.0999,65_to_69.9,65_to_69.9,UNBUCKETED,UNBUCKETED
63300635,baseball,mlb,2026_05_31,02:10 PM,Chicago White Sox,Detroit Tigers,run_line,home,-1.5,home_run_line,158.0,0.4317514176072241,0.1139186574266382,0.0721004160928089,False,824592,1,final,2026-08-28T17:43:21.077345+00:00,2,1,3,-1.5,1.5,8.0,Loss,HOME,0.1139186574266382,158.0,,-1.5,8.0,0.0721004160928089,0.4317514176072241,Day,0.10_plus,plus_151_to_plus_200,1.0_to_1.9,5_to_9.9,0.05_to_0.0999,<50,<50,8.0_to_8.5,-1.5
63299391,baseball,mlb,2026_06_01,07:40 PM,Milwaukee Brewers,San Francisco Giants,run_line,home,-1.5,home_run_line,149.0,0.6422552986120678,0.5992156935440489,0.4021581835866099,False,823781,1,final,2026-08-28T17:43:21.077345+00:00,16,2,18,-1.5,1.5,7.5,Win,HOME,0.5992156935440489,149.0,,-1.5,7.5,0.4021581835866099,0.6422552986120678,Night,0.10_plus,plus_126_to_plus_150,1.0_to_1.9,5_to_9.9,0.20_plus,60_to_64.9,60_to_64.9,7.5_to_8.0,-1.5
63299391,baseball,mlb,2026_06_01,07:40 PM,Milwaukee Brewers,San Francisco Giants,total,over,7.5,over_total,102.0,0.8544065624855003,0.7259012562207106,0.7116678982555986,False,823781,1,final,2026-08-28T17:43:21.077345+00:00,16,2,18,-1.5,1.5,7.5,Win,OVER,0.7259012562207106,102.0,,,7.5,0.7116678982555986,0.8544065624855003,Night,0.10_plus,plus_101_to_plus_125,UNBUCKETED,5_to_9.9,0.20_plus,80_plus,80_plus,7.5_to_8.0,UNBUCKETED
63300903,baseball,mlb,2026_06_01,07:45 PM,St Louis Cardinals,Texas Rangers,run_line,home,1.5,home_run_line,-166.0,0.6333940719463692,0.0149567658899649,0.024828231377342,False,,,final,2026-08-28T17:43:21.077345+00:00,1,2,3,,,,Win,HOME,0.0149567658899649,-166.0,,,,0.024828231377342,0.6333940719463692,Night,0.01_to_0.0199,minus_199_to_minus_150,UNBUCKETED,UNBUCKETED,0.02_to_0.0299,60_to_64.9,60_to_64.9,UNBUCKETED,UNBUCKETED
63301179,baseball,mlb,2026_06_01,09:40 PM,Arizona Diamondbacks,Los Angeles Dodgers,run_line,home,1.5,home_run_line,-119.0,0.6834526853331089,0.2577826730079904,0.3067613808795085,False,825078,1,final,2026-08-28T17:43:21.077345+00:00,4,1,5,1.5,-1.5,8.5,Win,HOME,0.2577826730079904,-119.0,,1.5,8.5,0.3067613808795085,0.6834526853331089,Night,0.10_plus,minus_124_to_minus_110,1.0_to_1.9,5_to_9.9,0.20_plus,65_to_69.9,65_to_69.9,8.5_to_9.0,+1.5
63301821,baseball,mlb,2026_06_01,06:40 PM,Tampa Bay Rays,Detroit Tigers,run_line,away,1.5,away_run_line,-151.0,0.6745092611802247,0.1212041361340159,0.183018245562364,False,822974,1,final,2026-08-28T17:43:21.077345+00:00,9,10,19,-1.5,1.5,8.0,Win,AWAY,0.1212041361340159,-151.0,,1.5,8.0,0.183018245562364,0.6745092611802247,Night,0.10_plus,minus_199_to_minus_150,1.0_to_1.9,5_to_9.9,0.15_to_0.1999,65_to_69.9,65_to_69.9,8.0_to_8.5,+1.5
63302413,baseball,mlb,2026_06_01,09:38 PM,Los Angeles Angels,Colorado Rockies,run_line,away,1.5,away_run_line,-123.0,0.6841745271906088,0.2404139801911038,0.2957091956350576,False,824027,1,final,2026-08-28T17:43:21.077345+00:00,8,9,17,-1.5,1.5,8.0,Win,AWAY,0.2404139801911038,-123.0,,1.5,8.0,0.2957091956350576,0.6841745271906088,Night,0.10_plus,minus_124_to_minus_110,1.0_to_1.9,5_to_9.9,0.20_plus,65_to_69.9,65_to_69.9,8.0_to_8.5,+1.5
63302977,baseball,mlb,2026_06_01,07:40 PM,Minnesota Twins,Chicago White Sox,run_line,away,1.5,away_run_line,-169.0,0.659119633583283,0.049131251088184,0.083031814339031,False,823702,1,final,2026-08-28T17:43:21.077345+00:00,9,6,15,-1.5,1.5,8.0,Loss,AWAY,0.049131251088184,-169.0,,1.5,8.0,0.083031814339031,0.659119633583283,Night,0.04_to_0.0499,minus_199_to_minus_150,1.0_to_1.9,5_to_9.9,0.05_to_0.0999,65_to_69.9,65_to_69.9,8.0_to_8.5,+1.5
63303327,baseball,mlb,2026_06_01,09:40 PM,Seattle Mariners,New York Mets,run_line,away,1.5,away_run_line,-200.0,0.6950906828570238,0.0426360242855357,0.0852720485710714,False,823131,1,final,2026-08-28T17:43:21.077345+00:00,3,2,5,-1.5,1.5,7.0,Win,AWAY,0.0426360242855357,-200.0,,1.5,7.0,0.0852720485710714,0.6950906828570238,Night,0.04_to_0.0499,minus_200_or_lower,1.0_to_1.9,5_to_9.9,0.05_to_0.0999,65_to_69.9,65_to_69.9,7.0_to_7.5,+1.5
63303797,baseball,mlb,2026_06_01,07:10 PM,Cincinnati Reds,Kansas City Royals,run_line,away,1.5,away_run_line,-175.0,0.9194197902648098,0.4448025275589868,0.7784044232282269,False,824510,1,final,2026-08-28T17:43:21.077345+00:00,2,9,11,-1.5,1.5,9.5,Win,AWAY,0.4448025275589868,-175.0,,1.5,9.5,0.7784044232282269,0.9194197902648098,Night,0.10_plus,minus_199_to_minus_150,1.0_to_1.9,5_to_9.9,0.20_plus,80_plus,80_plus,9.5_to_10.0,+1.5
63303827,baseball,mlb,2026_06_01,06:45 PM,Washington Nationals,Miami Marlins,run_line,away,1.5,away_run_line,-178.0,0.700512208760522,0.0940583934574446,0.1674239403542511,False,822730,1,final,2026-08-28T17:43:21.077345+00:00,3,7,10,-1.5,1.5,8.0,Win,AWAY,0.0940583934574446,-178.0,,1.5,8.0,0.1674239403542511,0.700512208760522,Night,0.075_to_0.0999,minus_199_to_minus_150,1.0_to_1.9,5_to_9.9,0.15_to_0.1999,70_to_74.9,70_to_74.9,8.0_to_8.5,+1.5
63303827,baseball,mlb,2026_06_01,06:45 PM,Washington Nationals,Miami Marlins,moneyline,away,,away_moneyline,114.0,0.5094865275461213,0.0903011689486996,0.0792115517093857,False,822730,1,final,2026-08-28T17:43:21.077345+00:00,3,7,10,-1.5,1.5,8.0,Win,AWAY,0.0903011689486996,114.0,114.0,1.5,8.0,0.0792115517093857,0.5094865275461213,Night,0.075_to_0.0999,plus_101_to_plus_125,1.0_to_1.9,5_to_9.9,0.05_to_0.0999,50_to_54.9,50_to_54.9,8.0_to_8.5,+1.5
63299333,baseball,mlb,2026_06_02,07:10 PM,Cincinnati Reds,Kansas City Royals,run_line,away,1.5,away_run_line,-188.0,0.819056878480615,0.2547254308639208,0.4788838100241713,False,824511,1,final,2026-08-28T17:43:21.077345+00:00,4,3,7,-1.5,1.5,9.0,Win,AWAY,0.2547254308639208,-188.0,,1.5,9.0,0.4788838100241713,0.819056878480615,Night,0.10_plus,minus_199_to_minus_150,1.0_to_1.9,5_to_9.9,0.20_plus,80_plus,80_plus,9.0_to_9.5,+1.5
63300829,baseball,mlb,2026_06_02,09:40 PM,Arizona Diamondbacks,Los Angeles Dodgers,run_line,away,-1.5,away_run_line,134.0,0.4733581742948676,0.1076581278499901,0.0803418864552164,False,825079,1,final,2026-08-28T17:43:21.077345+00:00,5,6,11,1.5,-1.5,9.0,Loss,AWAY,0.1076581278499901,134.0,,-1.5,9.0,0.0803418864552164,0.4733581742948676,Night,0.10_plus,plus_126_to_plus_150,1.0_to_1.9,5_to_9.9,0.05_to_0.0999,<50,<50,9.0_to_9.5,-1.5
63300971,baseball,mlb,2026_06_02,08:10 PM,Houston Astros,Pittsburgh Pirates,moneyline,away,,away_moneyline,-105.0,0.5549170330309229,0.0834094454413256,0.0875799177133918,False,824189,1,final,2026-08-28T17:43:21.077345+00:00,6,10,16,1.5,-1.5,9.0,Win,AWAY,0.0834094454413256,-105.0,-105.0,-1.5,9.0,0.0875799177133918,0.5549170330309229,Night,0.075_to_0.0999,minus_109_to_minus_101,1.0_to_1.9,5_to_9.9,0.05_to_0.0999,55_to_59.9,55_to_59.9,9.0_to_9.5,-1.5
63301079,baseball,mlb,2026_06_02,06:40 PM,Philadelphia Phillies,San Diego Padres,run_line,away,1.5,away_run_line,-166.0,0.721379661425484,0.1559457225251732,0.2588698993917875,False,823460,1,final,2026-08-28T17:43:21.077345+00:00,3,2,5,-1.5,1.5,8.0,Win,AWAY,0.1559457225251732,-166.0,,1.5,8.0,0.2588698993917875,0.721379661425484,Night,0.10_plus,minus_199_to_minus_150,1.0_to_1.9,5_to_9.9,0.20_plus,70_to_74.9,70_to_74.9,8.0_to_8.5,+1.5
63301197,baseball,mlb,2026_06_02,07:40 PM,Minnesota Twins,Chicago White Sox,run_line,home,1.5,home_run_line,-161.0,0.6792249850591261,0.1011038577666576,0.1627772110043189,False,823700,1,final,2026-08-28T17:43:21.077345+00:00,6,4,10,1.5,-1.5,8.0,Win,HOME,0.1011038577666576,-161.0,,1.5,8.0,0.1627772110043189,0.6792249850591261,Night,0.10_plus,minus_199_to_minus_150,1.0_to_1.9,5_to_9.9,0.15_to_0.1999,65_to_69.9,65_to_69.9,8.0_to_8.5,+1.5
63301257,baseball,mlb,2026_06_02,07:40 PM,Milwaukee Brewers,San Francisco Giants,run_line,away,1.5,away_run_line,100.0,0.5862381498592419,0.1724762997184838,0.1724762997184838,False,823782,1,final,2026-08-28T17:43:21.077345+00:00,8,3,11,-1.5,1.5,7.0,Loss,AWAY,0.1724762997184838,100.0,,1.5,7.0,0.1724762997184838,0.5862381498592419,Night,0.10_plus,minus_100_to_plus_100,1.0_to_1.9,5_to_9.9,0.15_to_0.1999,55_to_59.9,55_to_59.9,7.0_to_7.5,+1.5
63301441,baseball,mlb,2026_06_02,06:45 PM,Boston Red Sox,Baltimore Orioles,run_line,away,1.5,away_run_line,-181.0,0.6948795136895511,0.0787908472196898,0.1426114334676386,False,824754,1,final,2026-08-28T17:43:21.077345+00:00,2,4,6,-1.5,1.5,8.5,Win,AWAY,0.0787908472196898,-181.0,,1.5,8.5,0.1426114334676386,0.6948795136895511,Night,0.075_to_0.0999,minus_199_to_minus_150,1.0_to_1.9,5_to_9.9,0.10_to_0.1499,65_to_69.9,65_to_69.9,8.5_to_9.0,+1.5
63301777,baseball,mlb,2026_06_02,06:45 PM,Washington Nationals,Miami Marlins,run_line,home,1.5,home_run_line,-181.0,0.7659659367415744,0.1891515371512839,0.3423642822438241,False,822728,1,final,2026-08-28T17:43:21.077345+00:00,3,7,10,1.5,-1.5,9.0,Loss,HOME,0.1891515371512839,-181.0,,1.5,9.0,0.3423642822438241,0.7659659367415744,Night,0.10_plus,minus_199_to_minus_150,1.0_to_1.9,5_to_9.9,0.20_plus,75_to_79.9,75_to_79.9,9.0_to_9.5,+1.5
63302279,baseball,mlb,2026_06_02,07:05 PM,New York Yankees,Cleveland Guardians,run_line,away,1.5,away_run_line,-114.0,0.7578533583641608,0.4226370060520212,0.4818061868993041,False,823541,1,final,2026-08-28T17:43:21.077345+00:00,4,9,13,-1.5,1.5,7.5,Win,AWAY,0.4226370060520212,-114.0,,1.5,7.5,0.4818061868993041,0.7578533583641608,Night,0.10_plus,minus_124_to_minus_110,1.0_to_1.9,5_to_9.9,0.20_plus,75_to_79.9,75_to_79.9,7.5_to_8.0,+1.5
63302443,baseball,mlb,2026_06_02,08:05 PM,Chicago Cubs,Athletics,run_line,away,1.5,away_run_line,-200.0,0.7363519342943514,0.1045279014415272,0.2090558028830542,False,,,final,2026-08-28T17:43:21.077345+00:00,1,2,3,,,,Win,AWAY,0.1045279014415272,-200.0,,,,0.2090558028830542,0.7363519342943514,Night,0.10_plus,minus_200_or_lower,UNBUCKETED,UNBUCKETED,0.20_plus,70_to_74.9,70_to_74.9,UNBUCKETED,UNBUCKETED
63302527,baseball,mlb,2026_06_02,07:15 PM,Atlanta Braves,Toronto Blue Jays,run_line,home,1.5,home_run_line,-204.0,0.6953563937154332,0.0362173710269202,0.073883436894917,False,824918,1,final,2026-08-28T17:43:21.077345+00:00,4,3,7,1.5,-1.5,7.5,Win,HOME,0.0362173710269202,-204.0,,1.5,7.5,0.073883436894917,0.6953563937154332,Night,0.03_to_0.0399,minus_200_or_lower,1.0_to_1.9,5_to_9.9,0.05_to_0.0999,65_to_69.9,65_to_69.9,7.5_to_8.0,+1.5
63302911,baseball,mlb,2026_06_02,07:45 PM,St Louis Cardinals,Texas Rangers,run_line,home,1.5,home_run_line,-192.0,0.7010841020138534,0.0662320718127356,0.1271655778804523,False,,,final,2026-08-28T17:43:21.077345+00:00,4,7,11,,,,Loss,HOME,0.0662320718127356,-192.0,,,,0.1271655778804523,0.7010841020138534,Night,0.05_to_0.0749,minus_199_to_minus_150,UNBUCKETED,UNBUCKETED,0.10_to_0.1499,70_to_74.9,70_to_74.9,UNBUCKETED,UNBUCKETED
63303121,baseball,mlb,2026_06_02,09:38 PM,Los Angeles Angels,Colorado Rockies,run_line,away,1.5,away_run_line,-149.0,0.737032577844758,0.2316853146533202,0.3452111188334472,False,824026,1,final,2026-08-28T17:43:21.077345+00:00,2,8,10,-1.5,1.5,8.5,Win,AWAY,0.2316853146533202,-149.0,,1.5,8.5,0.3452111188334472,0.737032577844758,Night,0.10_plus,minus_149_to_minus_125,1.0_to_1.9,5_to_9.9,0.20_plus,70_to_74.9,70_to_74.9,8.5_to_9.0,+1.5
63303253,baseball,mlb,2026_06_02,06:40 PM,Tampa Bay Rays,Detroit Tigers,run_line,away,1.5,away_run_line,-163.0,0.7393895828135995,0.1930028238035377,0.3145946027997666,False,822971,1,final,2026-08-28T17:43:21.077345+00:00,0,8,8,-1.5,1.5,8.0,Win,AWAY,0.1930028238035377,-163.0,,1.5,8.0,0.3145946027997666,0.7393895828135995,Night,0.10_plus,minus_199_to_minus_150,1.0_to_1.9,5_to_9.9,0.20_plus,70_to_74.9,70_to_74.9,8.0_to_8.5,+1.5
63303741,baseball,mlb,2026_06_02,09:40 PM,Seattle Mariners,New York Mets,run_line,home,-1.5,home_run_line,142.0,0.4809345674022585,0.1638616531134655,0.1153955303615954,False,823129,1,final,2026-08-28T17:43:21.077345+00:00,8,3,11,-1.5,1.5,7.5,Win,HOME,0.1638616531134655,142.0,,-1.5,7.5,0.1153955303615954,0.4809345674022585,Night,0.10_plus,plus_126_to_plus_150,1.0_to_1.9,5_to_9.9,0.10_to_0.1499,<50,<50,7.5_to_8.0,-1.5
63299145,baseball,mlb,2026_06_03,08:10 PM,Houston Astros,Pittsburgh Pirates,run_line,home,1.5,home_run_line,-133.0,0.6860061249107552,0.2018002037910224,0.2683942710420597,False,824188,1,final,2026-08-28T17:43:21.077345+00:00,11,9,20,1.5,-1.5,7.5,Win,HOME,0.2018002037910224,-133.0,,1.5,7.5,0.2683942710420597,0.6860061249107552,Night,0.10_plus,minus_149_to_minus_125,1.0_to_1.9,5_to_9.9,0.20_plus,65_to_69.9,65_to_69.9,7.5_to_8.0,+1.5
63301315,baseball,mlb,2026_06_03,07:40 PM,Milwaukee Brewers,San Francisco Giants,run_line,away,1.5,away_run_line,-163.0,0.6837013386520994,0.1031500126717921,0.1681345206550213,False,823780,1,final,2026-08-28T17:43:21.077345+00:00,0,1,1,-1.5,1.5,8.0,Win,AWAY,0.1031500126717921,-163.0,,1.5,8.0,0.1681345206550213,0.6837013386520994,Night,0.10_plus,minus_199_to_minus_150,1.0_to_1.9,5_to_9.9,0.15_to_0.1999,65_to_69.9,65_to_69.9,8.0_to_8.5,+1.5
63301793,baseball,mlb,2026_06_03,06:40 PM,Philadelphia Phillies,San Diego Padres,run_line,away,1.5,away_run_line,-123.0,0.5739116331839322,0.0405064569107063,0.0498229420001689,False,823456,1,final,2026-08-28T17:43:21.077345+00:00,3,2,5,-1.5,1.5,7.5,Win,AWAY,0.0405064569107063,-123.0,,1.5,7.5,0.0498229420001689,0.5739116331839322,Night,0.04_to_0.0499,minus_124_to_minus_110,1.0_to_1.9,5_to_9.9,0.03_to_0.0499,55_to_59.9,55_to_59.9,7.5_to_8.0,+1.5
63301849,baseball,mlb,2026_06_03,01:40 PM,Minnesota Twins,Chicago White Sox,run_line,away,1.5,away_run_line,-158.0,0.7097214002702985,0.1589121599350442,0.25108121269737,False,823701,1,final,2026-08-28T17:43:21.077345+00:00,0,8,8,-1.5,1.5,8.5,Win,AWAY,0.1589121599350442,-158.0,,1.5,8.5,0.25108121269737,0.7097214002702985,Day,0.10_plus,minus_199_to_minus_150,1.0_to_1.9,5_to_9.9,0.20_plus,70_to_74.9,70_to_74.9,8.5_to_9.0,+1.5
63301907,baseball,mlb,2026_06_03,07:10 PM,Cincinnati Reds,Kansas City Royals,run_line,away,1.5,away_run_line,-163.0,0.668107289292184,0.0779890618640759,0.1271221708384438,False,824509,1,final,2026-08-28T17:43:21.077345+00:00,2,5,7,-1.5,1.5,8.5,Win,AWAY,0.0779890618640759,-163.0,,1.5,8.5,0.1271221708384438,0.668107289292184,Night,0.075_to_0.0999,minus_199_to_minus_150,1.0_to_1.9,5_to_9.9,0.10_to_0.1499,65_to_69.9,65_to_69.9,8.5_to_9.0,+1.5
63302343,baseball,mlb,2026_06_03,07:45 PM,St Louis Cardinals,Texas Rangers,run_line,home,1.5,home_run_line,-188.0,0.6561030598125359,0.005094049074523,0.0095768122601034,False,,,final,2026-08-28T17:43:21.077345+00:00,5,3,8,,,,Win,HOME,0.005094049074523,-188.0,,,,0.0095768122601034,0.6561030598125359,Night,0.00_to_0.0099,minus_199_to_minus_150,UNBUCKETED,UNBUCKETED,0.001_to_0.0099,65_to_69.9,65_to_69.9,UNBUCKETED,UNBUCKETED
63302343,baseball,mlb,2026_06_03,07:45 PM,St Louis Cardinals,Texas Rangers,moneyline,away,,away_moneyline,-104.0,0.5490018622911206,0.0768882683402749,0.079963799073886,False,,,final,2026-08-28T17:43:21.077345+00:00,5,3,8,,,,Loss,AWAY,0.0768882683402749,-104.0,-104.0,,,0.079963799073886,0.5490018622911206,Night,0.075_to_0.0999,minus_109_to_minus_101,UNBUCKETED,UNBUCKETED,0.05_to_0.0999,50_to_54.9,50_to_54.9,UNBUCKETED,UNBUCKETED
63302363,baseball,mlb,2026_06_03,06:45 PM,Boston Red Sox,Baltimore Orioles,run_line,home,-1.5,home_run_line,135.0,0.4984401172652697,0.1713342755733837,0.1269142782025065,False,824755,1,final,2026-08-28T17:43:21.077345+00:00,8,1,9,-1.5,1.5,9.0,Win,HOME,0.1713342755733837,135.0,,-1.5,9.0,0.1269142782025065,0.4984401172652697,Night,0.10_plus,plus_126_to_plus_150,1.0_to_1.9,5_to_9.9,0.10_to_0.1499,<50,<50,9.0_to_9.5,-1.5
63302469,baseball,mlb,2026_06_03,01:05 PM,Washington Nationals,Miami Marlins,run_line,home,1.5,home_run_line,-185.0,0.6850739121505112,0.0553841349345711,0.1024606496289568,False,822727,1,final,2026-08-28T17:43:21.077345+00:00,1,4,5,1.5,-1.5,8.0,Loss,HOME,0.0553841349345711,-185.0,,1.5,8.0,0.1024606496289568,0.6850739121505112,Day,0.05_to_0.0749,minus_199_to_minus_150,1.0_to_1.9,5_to_9.9,0.10_to_0.1499,65_to_69.9,65_to_69.9,8.0_to_8.5,+1.5
63302603,baseball,mlb,2026_06_03,09:38 PM,Los Angeles Angels,Colorado Rockies,run_line,home,-1.5,home_run_line,131.0,0.5057554171124314,0.1682950135297165,0.1284694759768829,False,824024,1,final,2026-08-28T17:43:21.077345+00:00,11,4,15,-1.5,1.5,8.5,Win,HOME,0.1682950135297165,131.0,,-1.5,8.5,0.1284694759768829,0.5057554171124314,Night,0.10_plus,plus_126_to_plus_150,1.0_to_1.9,5_to_9.9,0.10_to_0.1499,50_to_54.9,50_to_54.9,8.5_to_9.0,-1.5
63302715,baseball,mlb,2026_06_03,07:15 PM,Atlanta Braves,Toronto Blue Jays,run_line,home,-1.5,home_run_line,139.0,0.5450109259671185,0.3025761130614133,0.2176806568787146,False,824917,1,final,2026-08-28T17:43:21.077345+00:00,7,3,10,-1.5,1.5,8.0,Win,HOME,0.3025761130614133,139.0,,-1.5,8.0,0.2176806568787146,0.5450109259671185,Night,0.10_plus,plus_126_to_plus_150,1.0_to_1.9,5_to_9.9,0.20_plus,50_to_54.9,50_to_54.9,8.0_to_8.5,-1.5
63302833,baseball,mlb,2026_06_03,08:05 PM,Chicago Cubs,Athletics,run_line,home,-1.5,home_run_line,158.0,0.3965361271283893,0.0230632079912445,0.0145969670830661,False,,,final,2026-08-28T17:43:21.077345+00:00,4,5,9,,,,Loss,HOME,0.0230632079912445,158.0,,,,0.0145969670830661,0.3965361271283893,Night,0.02_to_0.0299,plus_151_to_plus_200,UNBUCKETED,UNBUCKETED,0.01_to_0.0199,<50,<50,UNBUCKETED,UNBUCKETED
63302849,baseball,mlb,2026_06_03,01:10 PM,Tampa Bay Rays,Detroit Tigers,run_line,away,1.5,away_run_line,-169.0,0.7506208816439106,0.1947752494805441,0.3291701716221195,False,822973,1,final,2026-08-28T17:43:21.077345+00:00,2,7,9,-1.5,1.5,8.0,Win,AWAY,0.1947752494805441,-169.0,,1.5,8.0,0.3291701716221195,0.7506208816439106,Day,0.10_plus,minus_199_to_minus_150,1.0_to_1.9,5_to_9.9,0.20_plus,75_to_79.9,75_to_79.9,8.0_to_8.5,+1.5
63303087,baseball,mlb,2026_06_03,03:40 PM,Seattle Mariners,New York Mets,run_line,away,1.5,away_run_line,-188.0,0.7733471350118758,0.1847019940607459,0.3472397488342023,False,823130,1,final,2026-08-28T17:43:21.077345+00:00,1,7,8,-1.5,1.5,7.0,Win,AWAY,0.1847019940607459,-188.0,,1.5,7.0,0.3472397488342023,0.7733471350118758,Day,0.10_plus,minus_199_to_minus_150,1.0_to_1.9,5_to_9.9,0.20_plus,75_to_79.9,75_to_79.9,7.0_to_7.5,+1.5
63303717,baseball,mlb,2026_06_03,09:40 PM,Arizona Diamondbacks,Los Angeles Dodgers,run_line,away,-1.5,away_run_line,-114.0,0.6963207236149921,0.3071283759088448,0.350126348536083,False,825077,1,final,2026-08-28T17:43:21.077345+00:00,0,7,7,1.5,-1.5,9.0,Win,AWAY,0.3071283759088448,-114.0,,-1.5,9.0,0.350126348536083,0.6963207236149921,Night,0.10_plus,minus_124_to_minus_110,1.0_to_1.9,5_to_9.9,0.20_plus,65_to_69.9,65_to_69.9,9.0_to_9.5,-1.5
63303801,baseball,mlb,2026_06_03,07:05 PM,New York Yankees,Cleveland Guardians,run_line,away,1.5,away_run_line,-158.0,0.683001644843227,0.1152811668959021,0.1821442436955255,False,823540,1,final,2026-08-28T17:43:21.077345+00:00,4,5,9,-1.5,1.5,7.5,Win,AWAY,0.1152811668959021,-158.0,,1.5,7.5,0.1821442436955255,0.683001644843227,Night,0.10_plus,minus_199_to_minus_150,1.0_to_1.9,5_to_9.9,0.15_to_0.1999,65_to_69.9,65_to_69.9,7.5_to_8.0,+1.5
63303801,baseball,mlb,2026_06_03,07:05 PM,New York Yankees,Cleveland Guardians,total,over,7.5,over_total,102.0,0.5977753002874708,0.2075061065806911,0.2034373593928345,False,823540,1,final,2026-08-28T17:43:21.077345+00:00,4,5,9,-1.5,1.5,7.5,Win,OVER,0.2075061065806911,102.0,,,7.5,0.2034373593928345,0.5977753002874708,Night,0.10_plus,plus_101_to_plus_125,UNBUCKETED,5_to_9.9,0.20_plus,55_to_59.9,55_to_59.9,7.5_to_8.0,UNBUCKETED
63299451,baseball,mlb,2026_06_04,07:15 PM,Atlanta Braves,Toronto Blue Jays,run_line,away,1.5,away_run_line,-123.0,0.6510450031186592,0.1803498837029349,0.2218303569546099,False,824919,1,final,2026-08-28T17:43:21.077345+00:00,2,7,9,-1.5,1.5,7.5,Win,AWAY,0.1803498837029349,-123.0,,1.5,7.5,0.2218303569546099,0.6510450031186592,Night,0.10_plus,minus_124_to_minus_110,1.0_to_1.9,5_to_9.9,0.20_plus,65_to_69.9,65_to_69.9,7.5_to_8.0,+1.5
63299451,baseball,mlb,2026_06_04,07:15 PM,Atlanta Braves,Toronto Blue Jays,total,over,7.5,over_total,100.0,0.660423671371147,0.320847342742294,0.320847342742294,False,824919,1,final,2026-08-28T17:43:21.077345+00:00,2,7,9,-1.5,1.5,7.5,Win,OVER,0.320847342742294,100.0,,,7.5,0.320847342742294,0.660423671371147,Night,0.10_plus,minus_100_to_plus_100,UNBUCKETED,5_to_9.9,0.20_plus,65_to_69.9,65_to_69.9,7.5_to_8.0,UNBUCKETED
63301039,baseball,mlb,2026_06_04,08:10 PM,Houston Astros,Pittsburgh Pirates,run_line,home,1.5,home_run_line,-185.0,0.6602708161347934,0.0171739599914384,0.0317718259841613,False,824185,1,final,2026-08-28T17:43:21.077345+00:00,1,5,6,1.5,-1.5,8.5,Loss,HOME,0.0171739599914384,-185.0,,1.5,8.5,0.0317718259841613,0.6602708161347934,Night,0.01_to_0.0199,minus_199_to_minus_150,1.0_to_1.9,5_to_9.9,0.03_to_0.0499,65_to_69.9,65_to_69.9,8.5_to_9.0,+1.5
63301333,baseball,mlb,2026_06_04,01:35 PM,New York Yankees,Cleveland Guardians,run_line,away,1.5,away_run_line,-149.0,0.6072474620579622,0.014796094311628,0.0220461805243258,False,823542,1,final,2026-08-28T17:43:21.077345+00:00,2,1,3,-1.5,1.5,8.5,Win,AWAY,0.014796094311628,-149.0,,1.5,8.5,0.0220461805243258,0.6072474620579622,Day,0.01_to_0.0199,minus_149_to_minus_125,1.0_to_1.9,5_to_9.9,0.02_to_0.0299,60_to_64.9,60_to_64.9,8.5_to_9.0,+1.5
63301717,baseball,mlb,2026_06_04,01:35 PM,Boston Red Sox,Baltimore Orioles,moneyline,away,,away_moneyline,-105.0,0.5624928323046187,0.0982002916423507,0.1031103062244682,False,824753,1,final,2026-08-28T17:43:21.077345+00:00,2,8,10,1.5,-1.5,10.5,Win,AWAY,0.0982002916423507,-105.0,-105.0,-1.5,10.5,0.1031103062244682,0.5624928323046187,Day,0.075_to_0.0999,minus_109_to_minus_101,1.0_to_1.9,10_to_14.9,0.10_to_0.1499,55_to_59.9,55_to_59.9,10.5_to_11.0,-1.5
63302275,baseball,mlb,2026_06_04,02:10 PM,Milwaukee Brewers,San Francisco Giants,run_line,away,1.5,away_run_line,-126.0,0.7189406207779884,0.2895284150462329,0.3648058029582536,False,823779,1,final,2026-08-28T17:43:21.077345+00:00,9,12,21,-1.5,1.5,9.0,Win,AWAY,0.2895284150462329,-126.0,,1.5,9.0,0.3648058029582536,0.7189406207779884,Day,0.10_plus,minus_149_to_minus_125,1.0_to_1.9,5_to_9.9,0.20_plus,70_to_74.9,70_to_74.9,9.0_to_9.5,+1.5
63302649,baseball,mlb,2026_06_04,08:05 PM,Chicago Cubs,Athletics,run_line,away,1.5,away_run_line,-181.0,0.8026897731508406,0.24616478594136,0.4455582625538619,False,,,final,2026-08-28T17:43:21.077345+00:00,7,6,13,,,,Win,AWAY,0.24616478594136,-181.0,,,,0.4455582625538619,0.8026897731508406,Night,0.10_plus,minus_199_to_minus_150,UNBUCKETED,UNBUCKETED,0.20_plus,80_plus,80_plus,UNBUCKETED,UNBUCKETED
63303117,baseball,mlb,2026_06_04,01:05 PM,Philadelphia Phillies,San Diego Padres,run_line,home,-1.5,home_run_line,110.0,0.5584089751085136,0.1726588477278785,0.156962588843526,False,823457,1,final,2026-08-28T17:43:21.077345+00:00,6,4,10,-1.5,1.5,8.0,Win,HOME,0.1726588477278785,110.0,,-1.5,8.0,0.156962588843526,0.5584089751085136,Day,0.10_plus,plus_101_to_plus_125,1.0_to_1.9,5_to_9.9,0.15_to_0.1999,55_to_59.9,55_to_59.9,8.0_to_8.5,-1.5
63303517,baseball,mlb,2026_06_04,07:40 PM,Minnesota Twins,Kansas City Royals,run_line,home,1.5,home_run_line,-163.0,0.7708247361217913,0.2437233472394546,0.397269056000311,False,823698,1,final,2026-08-28T17:43:21.077345+00:00,6,8,14,1.5,-1.5,9.0,Loss,HOME,0.2437233472394546,-163.0,,1.5,9.0,0.397269056000311,0.7708247361217913,Night,0.10_plus,minus_199_to_minus_150,1.0_to_1.9,5_to_9.9,0.20_plus,75_to_79.9,75_to_79.9,9.0_to_9.5,+1.5
63303705,baseball,mlb,2026_06_04,09:40 PM,Arizona Diamondbacks,Los Angeles Dodgers,run_line,home,1.5,home_run_line,-135.0,0.6864178345605729,0.1948754897906268,0.2630819112173464,False,825076,1,final,2026-08-28T17:43:21.077345+00:00,3,2,5,1.5,-1.5,9.5,Win,HOME,0.1948754897906268,-135.0,,1.5,9.5,0.2630819112173464,0.6864178345605729,Night,0.10_plus,minus_149_to_minus_125,1.0_to_1.9,5_to_9.9,0.20_plus,65_to_69.9,65_to_69.9,9.5_to_10.0,+1.5
63303705,baseball,mlb,2026_06_04,09:40 PM,Arizona Diamondbacks,Los Angeles Dodgers,total,under,9.5,under_total,-116.0,0.7205486465553035,0.3417112728960821,0.3963850765594554,False,825076,1,final,2026-08-28T17:43:21.077345+00:00,3,2,5,1.5,-1.5,9.5,Win,UNDER,0.3417112728960821,-116.0,,,9.5,0.3963850765594554,0.7205486465553035,Night,0.10_plus,minus_124_to_minus_110,UNBUCKETED,5_to_9.9,0.20_plus,70_to_74.9,70_to_74.9,9.5_to_10.0,UNBUCKETED
63299195,baseball,mlb,2026_06_05,08:15 PM,Texas Rangers,Cleveland Guardians,run_line,home,1.5,home_run_line,-163.0,0.6399404311816437,0.0325419227041243,0.0530433340077229,False,822892,1,final,2026-08-28T17:43:21.077345+00:00,3,2,5,1.5,-1.5,7.5,Win,HOME,0.0325419227041243,-163.0,,1.5,7.5,0.0530433340077229,0.6399404311816437,Night,0.03_to_0.0399,minus_199_to_minus_150,1.0_to_1.9,5_to_9.9,0.05_to_0.0999,60_to_64.9,60_to_64.9,7.5_to_8.0,+1.5
63299231,baseball,mlb,2026_06_05,06:40 PM,Detroit Tigers,Seattle Mariners,run_line,home,1.5,home_run_line,-169.0,0.7828425847852369,0.2460630491551996,0.4158465530722873,False,824271,1,final,2026-08-28T17:43:21.077345+00:00,7,3,10,1.5,-1.5,7.5,Win,HOME,0.2460630491551996,-169.0,,1.5,7.5,0.4158465530722873,0.7828425847852369,Night,0.10_plus,minus_199_to_minus_150,1.0_to_1.9,5_to_9.9,0.20_plus,75_to_79.9,75_to_79.9,7.5_to_8.0,+1.5
63300949,baseball,mlb,2026_06_05,08:40 PM,Colorado Rockies,Milwaukee Brewers,run_line,away,-1.5,away_run_line,-105.0,0.5375192495813381,0.0494423444207077,0.0519144616417431,False,824350,1,final,2026-08-28T17:43:21.077345+00:00,7,9,16,1.5,-1.5,12.0,Win,AWAY,0.0494423444207077,-105.0,,-1.5,12.0,0.0519144616417431,0.5375192495813381,Night,0.04_to_0.0499,minus_109_to_minus_101,1.0_to_1.9,10_to_14.9,0.05_to_0.0999,50_to_54.9,50_to_54.9,12.0_to_12.5,-1.5
63301249,baseball,mlb,2026_06_05,07:07 PM,Toronto Blue Jays,Baltimore Orioles,run_line,away,1.5,away_run_line,-163.0,0.8679897856477903,0.4004988565973548,0.6528131362536884,False,822810,1,final,2026-08-28T17:43:21.077345+00:00,3,13,16,-1.5,1.5,8.5,Win,AWAY,0.4004988565973548,-163.0,,1.5,8.5,0.6528131362536884,0.8679897856477903,Night,0.10_plus,minus_199_to_minus_150,1.0_to_1.9,5_to_9.9,0.20_plus,80_plus,80_plus,8.5_to_9.0,+1.5
63301255,baseball,mlb,2026_06_05,10:10 PM,Los Angeles Dodgers,Los Angeles Angels,run_line,away,1.5,away_run_line,-131.0,0.6462298734440033,0.1395351203478223,0.1827910076556474,False,823943,1,final,2026-08-28T17:43:21.077345+00:00,1,0,1,-1.5,1.5,8.0,Win,AWAY,0.1395351203478223,-131.0,,1.5,8.0,0.1827910076556474,0.6462298734440033,Night,0.10_plus,minus_149_to_minus_125,1.0_to_1.9,5_to_9.9,0.15_to_0.1999,60_to_64.9,60_to_64.9,8.0_to_8.5,+1.5
63301389,baseball,mlb,2026_06_05,09:30 PM,Minnesota Twins,Kansas City Royals,run_line,home,1.5,home_run_line,-196.0,0.6684193276599222,0.0094495968741681,0.0185212098733695,False,823699,1,final,2026-08-28T17:43:21.077345+00:00,5,3,8,1.5,-1.5,8.5,Win,HOME,0.0094495968741681,-196.0,,1.5,8.5,0.0185212098733695,0.6684193276599222,Night,0.00_to_0.0099,minus_199_to_minus_150,1.0_to_1.9,5_to_9.9,0.01_to_0.0199,65_to_69.9,65_to_69.9,8.5_to_9.0,+1.5
63301583,baseball,mlb,2026_06_05,07:15 PM,Atlanta Braves,Pittsburgh Pirates,run_line,home,-1.5,home_run_line,141.0,0.4281900924596195,0.0319381228276829,0.0226511509416191,False,824914,1,final,2026-08-28T17:43:21.077345+00:00,6,3,9,-1.5,1.5,8.5,Win,HOME,0.0319381228276829,141.0,,-1.5,8.5,0.0226511509416191,0.4281900924596195,Night,0.03_to_0.0399,plus_126_to_plus_150,1.0_to_1.9,5_to_9.9,0.02_to_0.0299,<50,<50,8.5_to_9.0,-1.5
63301997,baseball,mlb,2026_06_05,06:40 PM,Philadelphia Phillies,Chicago White Sox,run_line,away,1.5,away_run_line,-138.0,0.6564113219594605,0.1320717001909537,0.1822589462635161,False,823455,1,final,2026-08-28T17:43:21.077345+00:00,8,6,14,-1.5,1.5,8.5,Loss,AWAY,0.1320717001909537,-138.0,,1.5,8.5,0.1822589462635161,0.6564113219594605,Night,0.10_plus,minus_149_to_minus_125,1.0_to_1.9,5_to_9.9,0.15_to_0.1999,65_to_69.9,65_to_69.9,8.5_to_9.0,+1.5
63303331,baseball,mlb,2026_06_05,07:10 PM,Miami Marlins,Tampa Bay Rays,run_line,away,-1.5,away_run_line,123.0,0.4964560538448537,0.1070970000740236,0.087070731767499,False,823860,1,final,2026-08-28T17:43:21.077345+00:00,0,6,6,1.5,-1.5,8.0,Win,AWAY,0.1070970000740236,123.0,,-1.5,8.0,0.087070731767499,0.4964560538448537,Night,0.10_plus,plus_101_to_plus_125,1.0_to_1.9,5_to_9.9,0.05_to_0.0999,<50,<50,8.0_to_8.5,-1.5
63303813,baseball,mlb,2026_06_05,09:40 PM,Arizona Diamondbacks,Washington Nationals,run_line,away,1.5,away_run_line,-181.0,0.903987213221872,0.4034276625157238,0.7302040691534604,False,825073,1,final,2026-08-28T17:43:21.077345+00:00,1,14,15,-1.5,1.5,9.0,Win,AWAY,0.4034276625157238,-181.0,,1.5,9.0,0.7302040691534604,0.903987213221872,Night,0.10_plus,minus_199_to_minus_150,1.0_to_1.9,5_to_9.9,0.20_plus,80_plus,80_plus,9.0_to_9.5,+1.5
63301677,baseball,mlb,2026_06_06,04:10 PM,Houston Astros,Athletics,run_line,home,1.5,home_run_line,-175.0,0.7026595971846272,0.1041793670044142,0.1823138922577248,False,,,final,2026-08-28T17:43:21.077345+00:00,13,2,15,,,,Win,HOME,0.1041793670044142,-175.0,,,,0.1823138922577248,0.7026595971846272,Day,0.10_plus,minus_199_to_minus_150,UNBUCKETED,UNBUCKETED,0.15_to_0.1999,70_to_74.9,70_to_74.9,UNBUCKETED,UNBUCKETED
63301727,baseball,mlb,2026_06_06,01:10 PM,Detroit Tigers,Seattle Mariners,run_line,home,1.5,home_run_line,-149.0,0.6110735126675242,0.0211899641222383,0.0315730465421351,False,824269,1,final,2026-08-28T17:43:21.077345+00:00,0,4,4,1.5,-1.5,8.5,Loss,HOME,0.0211899641222383,-149.0,,1.5,8.5,0.0315730465421351,0.6110735126675242,Day,0.02_to_0.0299,minus_149_to_minus_125,1.0_to_1.9,5_to_9.9,0.03_to_0.0499,60_to_64.9,60_to_64.9,8.5_to_9.0,+1.5
63301995,baseball,mlb,2026_06_06,04:10 PM,Atlanta Braves,Pittsburgh Pirates,run_line,home,1.5,home_run_line,-178.0,0.742439414145438,0.1595402086091673,0.2839815713243177,False,824915,1,final,2026-08-28T17:43:21.077345+00:00,6,3,9,1.5,-1.5,8.5,Win,HOME,0.1595402086091673,-178.0,,1.5,8.5,0.2839815713243177,0.742439414145438,Day,0.10_plus,minus_199_to_minus_150,1.0_to_1.9,5_to_9.9,0.20_plus,70_to_74.9,70_to_74.9,8.5_to_9.0,+1.5
63302245,baseball,mlb,2026_06_06,02:10 PM,Minnesota Twins,Kansas City Royals,run_line,away,1.5,away_run_line,-169.0,0.6689547282123482,0.0647859283379981,0.1094882188912167,False,823697,1,final,2026-08-28T17:43:21.077345+00:00,2,3,5,-1.5,1.5,8.5,Win,AWAY,0.0647859283379981,-169.0,,1.5,8.5,0.1094882188912167,0.6689547282123482,Day,0.05_to_0.0749,minus_199_to_minus_150,1.0_to_1.9,5_to_9.9,0.10_to_0.1499,65_to_69.9,65_to_69.9,8.5_to_9.0,+1.5
63302467,baseball,mlb,2026_06_06,10:10 PM,Los Angeles Dodgers,Los Angeles Angels,run_line,away,1.5,away_run_line,134.0,0.5627485334379891,0.3168315682448945,0.2364414688394735,False,823942,1,final,2026-08-28T17:43:21.077345+00:00,9,2,11,-1.5,1.5,8.5,Loss,AWAY,0.3168315682448945,134.0,,1.5,8.5,0.2364414688394735,0.5627485334379891,Night,0.10_plus,plus_126_to_plus_150,1.0_to_1.9,5_to_9.9,0.20_plus,55_to_59.9,55_to_59.9,8.5_to_9.0,+1.5
63302493,baseball,mlb,2026_06_06,04:10 PM,Miami Marlins,Tampa Bay Rays,run_line,home,1.5,home_run_line,-136.0,0.7214791245486583,0.2519784808344365,0.3426907339348335,False,823859,1,final,2026-08-28T17:43:21.077345+00:00,4,3,7,1.5,-1.5,8.0,Win,HOME,0.2519784808344365,-136.0,,1.5,8.0,0.3426907339348335,0.7214791245486583,Day,0.10_plus,minus_149_to_minus_125,1.0_to_1.9,5_to_9.9,0.20_plus,70_to_74.9,70_to_74.9,8.0_to_8.5,+1.5
63302719,baseball,mlb,2026_06_06,04:10 PM,Arizona Diamondbacks,Washington Nationals,run_line,away,1.5,away_run_line,-151.0,0.7624798790564355,0.2674334413454657,0.4038244964316532,False,825075,1,final,2026-08-28T17:43:21.077345+00:00,1,6,7,-1.5,1.5,9.0,Win,AWAY,0.2674334413454657,-151.0,,1.5,9.0,0.4038244964316532,0.7624798790564355,Day,0.10_plus,minus_199_to_minus_150,1.0_to_1.9,5_to_9.9,0.20_plus,75_to_79.9,75_to_79.9,9.0_to_9.5,+1.5
63302831,baseball,mlb,2026_06_06,04:05 PM,Philadelphia Phillies,Chicago White Sox,run_line,away,1.5,away_run_line,-175.0,0.7437096709355308,0.1686866257558339,0.2952015950727096,False,823454,1,final,2026-08-28T17:43:21.077345+00:00,3,6,9,-1.5,1.5,10.0,Win,AWAY,0.1686866257558339,-175.0,,1.5,10.0,0.2952015950727096,0.7437096709355308,Day,0.10_plus,minus_199_to_minus_150,1.0_to_1.9,10_to_14.9,0.20_plus,70_to_74.9,70_to_74.9,10.0_to_10.5,+1.5
63302917,baseball,mlb,2026_06_06,02:20 PM,Chicago Cubs,San Francisco Giants,run_line,away,1.5,away_run_line,-163.0,0.6895021875021027,0.1125096644972576,0.18339075313053,False,824669,1,final,2026-08-28T17:43:21.077345+00:00,3,2,5,-1.5,1.5,8.0,Win,AWAY,0.1125096644972576,-163.0,,1.5,8.0,0.18339075313053,0.6895021875021027,Day,0.10_plus,minus_199_to_minus_150,1.0_to_1.9,5_to_9.9,0.15_to_0.1999,65_to_69.9,65_to_69.9,8.0_to_8.5,+1.5
63302917,baseball,mlb,2026_06_06,02:20 PM,Chicago Cubs,San Francisco Giants,moneyline,away,,away_moneyline,123.0,0.4909558970166899,0.0948316503472184,0.0770989027213157,False,824669,1,final,2026-08-28T17:43:21.077345+00:00,3,2,5,-1.5,1.5,8.0,Loss,AWAY,0.0948316503472184,123.0,123.0,1.5,8.0,0.0770989027213157,0.4909558970166899,Day,0.075_to_0.0999,plus_101_to_plus_125,1.0_to_1.9,5_to_9.9,0.05_to_0.0999,<50,<50,8.0_to_8.5,+1.5
63303125,baseball,mlb,2026_06_06,07:35 PM,Texas Rangers,Cleveland Guardians,run_line,away,-1.5,away_run_line,164.0,0.3867650704096613,0.0210597858815058,0.0128413328545767,False,822891,1,final,2026-08-28T17:43:21.077345+00:00,0,6,6,1.5,-1.5,8.0,Win,AWAY,0.0210597858815058,164.0,,-1.5,8.0,0.0128413328545767,0.3867650704096613,Night,0.02_to_0.0299,plus_151_to_plus_200,1.0_to_1.9,5_to_9.9,0.01_to_0.0199,<50,<50,8.0_to_8.5,-1.5
63303365,baseball,mlb,2026_06_06,10:10 PM,San Diego Padres,New York Mets,run_line,home,1.5,home_run_line,-169.0,0.6947229266982338,0.1058015815492596,0.1788046728182487,False,823292,1,final,2026-08-28T17:43:21.077345+00:00,3,2,5,1.5,-1.5,7.5,Win,HOME,0.1058015815492596,-169.0,,1.5,7.5,0.1788046728182487,0.6947229266982338,Night,0.10_plus,minus_199_to_minus_150,1.0_to_1.9,5_to_9.9,0.15_to_0.1999,65_to_69.9,65_to_69.9,7.5_to_8.0,+1.5
63303447,baseball,mlb,2026_06_06,02:15 PM,St Louis Cardinals,Cincinnati Reds,run_line,away,1.5,away_run_line,-188.0,0.7534117261797756,0.1541626443605073,0.2898257713977536,False,,,final,2026-08-28T17:43:21.077345+00:00,6,5,11,,,,Win,AWAY,0.1541626443605073,-188.0,,,,0.2898257713977536,0.7534117261797756,Day,0.10_plus,minus_199_to_minus_150,UNBUCKETED,UNBUCKETED,0.20_plus,75_to_79.9,75_to_79.9,UNBUCKETED,UNBUCKETED
63303473,baseball,mlb,2026_06_06,03:07 PM,Toronto Blue Jays,Baltimore Orioles,run_line,home,1.5,home_run_line,-185.0,0.7017306300490054,0.0810444841295487,0.1499322956396653,False,822808,1,final,2026-08-28T17:43:21.077345+00:00,6,4,10,1.5,-1.5,8.0,Win,HOME,0.0810444841295487,-185.0,,1.5,8.0,0.1499322956396653,0.7017306300490054,Day,0.075_to_0.0999,minus_199_to_minus_150,1.0_to_1.9,5_to_9.9,0.10_to_0.1499,70_to_74.9,70_to_74.9,8.0_to_8.5,+1.5
63303689,baseball,mlb,2026_06_06,09:10 PM,Colorado Rockies,Milwaukee Brewers,run_line,away,-1.5,away_run_line,-163.0,0.7095119953957111,0.1447954281538159,0.2360165478907201,False,824351,1,final,2026-08-28T17:43:21.077345+00:00,1,7,8,1.5,-1.5,10.5,Win,AWAY,0.1447954281538159,-163.0,,-1.5,10.5,0.2360165478907201,0.7095119953957111,Night,0.10_plus,minus_199_to_minus_150,1.0_to_1.9,10_to_14.9,0.20_plus,70_to_74.9,70_to_74.9,10.5_to_11.0,-1.5
63299429,baseball,mlb,2026_06_07,01:35 PM,New York Yankees,Boston Red Sox,run_line,home,-1.5,home_run_line,124.0,0.5785736321525771,0.2960049360217727,0.2387136580820748,False,823537,1,final,2026-08-28T17:43:21.077345+00:00,6,1,7,-1.5,1.5,8.0,Win,HOME,0.2960049360217727,124.0,,-1.5,8.0,0.2387136580820748,0.5785736321525771,Day,0.10_plus,plus_101_to_plus_125,1.0_to_1.9,5_to_9.9,0.20_plus,55_to_59.9,55_to_59.9,8.0_to_8.5,-1.5
63301181,baseball,mlb,2026_06_07,04:10 PM,San Diego Padres,New York Mets,run_line,away,-1.5,away_run_line,159.0,0.4068111399060578,0.0536408523566895,0.0337363851299934,False,823291,1,final,2026-08-28T17:43:21.077345+00:00,3,7,10,1.5,-1.5,7.5,Win,AWAY,0.0536408523566895,159.0,,-1.5,7.5,0.0337363851299934,0.4068111399060578,Day,0.05_to_0.0749,plus_151_to_plus_200,1.0_to_1.9,5_to_9.9,0.03_to_0.0499,<50,<50,7.5_to_8.0,-1.5
63301451,baseball,mlb,2026_06_07,01:40 PM,Miami Marlins,Tampa Bay Rays,run_line,home,1.5,home_run_line,-175.0,0.7313790622286919,0.1493099549308014,0.2612924211289025,False,823857,1,final,2026-08-28T17:43:21.077345+00:00,4,1,5,1.5,-1.5,8.5,Win,HOME,0.1493099549308014,-175.0,,1.5,8.5,0.2612924211289025,0.7313790622286919,Day,0.10_plus,minus_199_to_minus_150,1.0_to_1.9,5_to_9.9,0.20_plus,70_to_74.9,70_to_74.9,8.5_to_9.0,+1.5
63301627,baseball,mlb,2026_06_07,01:40 PM,Detroit Tigers,Seattle Mariners,run_line,home,1.5,home_run_line,-166.0,0.6724187121040276,0.0774902254197067,0.1286337741967133,False,824268,1,final,2026-08-28T17:43:21.077345+00:00,5,4,9,1.5,-1.5,8.5,Win,HOME,0.0774902254197067,-166.0,,1.5,8.5,0.1286337741967133,0.6724187121040276,Day,0.075_to_0.0999,minus_199_to_minus_150,1.0_to_1.9,5_to_9.9,0.10_to_0.1499,65_to_69.9,65_to_69.9,8.5_to_9.0,+1.5
63301753,baseball,mlb,2026_06_07,03:10 PM,Colorado Rockies,Milwaukee Brewers,run_line,away,-1.5,away_run_line,-125.0,0.817861420315451,0.4721505565678117,0.5901881957097647,False,824349,1,final,2026-08-28T17:43:21.077345+00:00,4,12,16,1.5,-1.5,12.5,Win,AWAY,0.4721505565678117,-125.0,,-1.5,12.5,0.5901881957097647,0.817861420315451,Day,0.10_plus,minus_149_to_minus_125,1.0_to_1.9,10_to_14.9,0.20_plus,80_plus,80_plus,12.5_to_13.0,-1.5
63301789,baseball,mlb,2026_06_07,02:10 PM,Houston Astros,Athletics,run_line,away,-1.5,away_run_line,138.0,0.4694705217390131,0.1173398417388511,0.0850288708252544,False,,,final,2026-08-28T17:43:21.077345+00:00,0,5,5,,,,Win,AWAY,0.1173398417388511,138.0,,,,0.0850288708252544,0.4694705217390131,Day,0.10_plus,plus_126_to_plus_150,UNBUCKETED,UNBUCKETED,0.05_to_0.0999,<50,<50,UNBUCKETED,UNBUCKETED
63302133,baseball,mlb,2026_06_07,02:10 PM,Minnesota Twins,Kansas City Royals,run_line,home,1.5,home_run_line,-172.0,0.7138953796185562,0.1289508328851587,0.2217954325624729,False,823696,1,final,2026-08-28T17:43:21.077345+00:00,5,6,11,1.5,-1.5,9.0,Win,HOME,0.1289508328851587,-172.0,,1.5,9.0,0.2217954325624729,0.7138953796185562,Day,0.10_plus,minus_199_to_minus_150,1.0_to_1.9,5_to_9.9,0.20_plus,70_to_74.9,70_to_74.9,9.0_to_9.5,+1.5
63302231,baseball,mlb,2026_06_07,04:10 PM,Los Angeles Dodgers,Los Angeles Angels,run_line,away,1.5,away_run_line,-120.0,0.7166807953002863,0.313914791383858,0.3766977496606298,False,823941,1,final,2026-08-28T17:43:21.077345+00:00,5,13,18,-1.5,1.5,8.5,Win,AWAY,0.313914791383858,-120.0,,1.5,8.5,0.3766977496606298,0.7166807953002863,Day,0.10_plus,minus_124_to_minus_110,1.0_to_1.9,5_to_9.9,0.20_plus,70_to_74.9,70_to_74.9,8.5_to_9.0,+1.5
63302761,baseball,mlb,2026_06_07,01:37 PM,Toronto Blue Jays,Baltimore Orioles,run_line,away,1.5,away_run_line,-181.0,0.7023617494351269,0.0904069148688986,0.1636365159127064,False,822807,1,final,2026-08-28T17:43:21.077345+00:00,6,4,10,-1.5,1.5,8.0,Loss,AWAY,0.0904069148688986,-181.0,,1.5,8.0,0.1636365159127064,0.7023617494351269,Day,0.075_to_0.0999,minus_199_to_minus_150,1.0_to_1.9,5_to_9.9,0.15_to_0.1999,70_to_74.9,70_to_74.9,8.0_to_8.5,+1.5
63302837,baseball,mlb,2026_06_07,01:35 PM,Philadelphia Phillies,Chicago White Sox,run_line,home,-1.5,home_run_line,118.0,0.4629291162388541,0.0091854734007019,0.0077842994921202,False,823453,1,final,2026-08-28T17:43:21.077345+00:00,9,5,14,-1.5,1.5,9.5,Win,HOME,0.0091854734007019,118.0,,-1.5,9.5,0.0077842994921202,0.4629291162388541,Day,0.00_to_0.0099,plus_101_to_plus_125,1.0_to_1.9,5_to_9.9,0.001_to_0.0099,<50,<50,9.5_to_10.0,-1.5
63303495,baseball,mlb,2026_06_07,01:35 PM,Atlanta Braves,Pittsburgh Pirates,run_line,away,1.5,away_run_line,-158.0,0.7502328458049996,0.2250637608714549,0.3556007421768988,False,824916,1,final,2026-08-28T17:43:21.077345+00:00,3,2,5,-1.5,1.5,9.0,Win,AWAY,0.2250637608714549,-158.0,,1.5,9.0,0.3556007421768988,0.7502328458049996,Day,0.10_plus,minus_199_to_minus_150,1.0_to_1.9,5_to_9.9,0.20_plus,75_to_79.9,75_to_79.9,9.0_to_9.5,+1.5
63303519,baseball,mlb,2026_06_07,03:15 PM,Arizona Diamondbacks,Washington Nationals,run_line,away,1.5,away_run_line,-181.0,0.6656169317751165,0.0333610929768382,0.0603835782880772,False,825074,1,final,2026-08-28T17:43:21.077345+00:00,5,1,6,-1.5,1.5,8.0,Loss,AWAY,0.0333610929768382,-181.0,,1.5,8.0,0.0603835782880772,0.6656169317751165,Day,0.03_to_0.0399,minus_199_to_minus_150,1.0_to_1.9,5_to_9.9,0.05_to_0.0999,65_to_69.9,65_to_69.9,8.0_to_8.5,+1.5
63303673,baseball,mlb,2026_06_07,02:35 PM,Texas Rangers,Cleveland Guardians,run_line,home,-1.5,home_run_line,152.0,0.563441859894567,0.4198734869343088,0.2762325571936242,False,822890,1,final,2026-08-28T17:43:21.077345+00:00,10,0,10,-1.5,1.5,7.5,Win,HOME,0.4198734869343088,152.0,,-1.5,7.5,0.2762325571936242,0.563441859894567,Day,0.10_plus,plus_151_to_plus_200,1.0_to_1.9,5_to_9.9,0.20_plus,55_to_59.9,55_to_59.9,7.5_to_8.0,-1.5
63299157,baseball,mlb,2026_06_08,10:05 PM,Athletics,Milwaukee Brewers,run_line,home,1.5,home_run_line,-112.0,0.5671725713535243,0.0735766529191708,0.0824058512694714,False,,,final,2026-08-28T17:43:21.077345+00:00,14,15,29,,,,Win,HOME,0.0735766529191708,-112.0,,,,0.0824058512694714,0.5671725713535243,Night,0.05_to_0.0749,minus_124_to_minus_110,UNBUCKETED,UNBUCKETED,0.05_to_0.0999,55_to_59.9,55_to_59.9,UNBUCKETED,UNBUCKETED
63299157,baseball,mlb,2026_06_08,10:05 PM,Athletics,Milwaukee Brewers,total,under,11.0,under_total,-111.0,0.7103269299561248,0.4464850997616256,0.5483642628352544,False,,,final,2026-08-28T17:43:21.077345+00:00,14,15,29,,,,Loss,UNDER,0.4464850997616256,-111.0,,,,0.5483642628352544,0.7103269299561248,Night,0.10_plus,minus_124_to_minus_110,UNBUCKETED,UNBUCKETED,0.20_plus,70_to_74.9,70_to_74.9,UNBUCKETED,UNBUCKETED
63302359,baseball,mlb,2026_06_08,06:35 PM,Baltimore Orioles,Seattle Mariners,run_line,home,1.5,home_run_line,-149.0,0.7221354797913628,0.2067901642150962,0.3081173446804934,False,824829,1,final,2026-08-28T17:43:21.077345+00:00,3,6,9,1.5,-1.5,9.0,Loss,HOME,0.2067901642150962,-149.0,,1.5,9.0,0.3081173446804934,0.7221354797913628,Night,0.10_plus,minus_149_to_minus_125,1.0_to_1.9,5_to_9.9,0.20_plus,70_to_74.9,70_to_74.9,9.0_to_9.5,+1.5
63302787,baseball,mlb,2026_06_08,07:07 PM,Toronto Blue Jays,Philadelphia Phillies,run_line,home,1.5,home_run_line,-113.0,0.5447660773868546,0.0268599511805307,0.0303517448339998,False,822806,1,final,2026-08-28T17:43:21.077345+00:00,2,5,7,1.5,-1.5,7.5,Loss,HOME,0.0268599511805307,-113.0,,1.5,7.5,0.0303517448339998,0.5447660773868546,Night,0.02_to_0.0299,minus_124_to_minus_110,1.0_to_1.9,5_to_9.9,0.03_to_0.0499,50_to_54.9,50_to_54.9,7.5_to_8.0,+1.5
63302861,baseball,mlb,2026_06_08,09:38 PM,Los Angeles Angels,Houston Astros,run_line,away,-1.5,away_run_line,127.0,0.4733032324062247,0.0743983375621299,0.0585813681591575,False,824025,1,final,2026-08-28T17:43:21.077345+00:00,4,5,9,1.5,-1.5,9.0,Loss,AWAY,0.0743983375621299,127.0,,-1.5,9.0,0.0585813681591575,0.4733032324062247,Night,0.05_to_0.0749,plus_126_to_plus_150,1.0_to_1.9,5_to_9.9,0.05_to_0.0999,<50,<50,9.0_to_9.5,-1.5
63302877,baseball,mlb,2026_06_08,09:45 PM,San Francisco Giants,Washington Nationals,run_line,away,1.5,away_run_line,-151.0,0.784476178903126,0.303996827183342,0.4590352090468463,False,823218,1,final,2026-08-28T17:43:21.077345+00:00,3,4,7,-1.5,1.5,8.0,Win,AWAY,0.303996827183342,-151.0,,1.5,8.0,0.4590352090468463,0.784476178903126,Night,0.10_plus,minus_199_to_minus_150,1.0_to_1.9,5_to_9.9,0.20_plus,75_to_79.9,75_to_79.9,8.0_to_8.5,+1.5
63302909,baseball,mlb,2026_06_08,06:40 PM,Tampa Bay Rays,Boston Red Sox,run_line,home,1.5,home_run_line,-175.0,0.7912357650666344,0.2433704879618541,0.4258983539332445,False,822972,1,final,2026-08-28T17:43:21.077345+00:00,3,1,4,1.5,-1.5,8.0,Win,HOME,0.2433704879618541,-175.0,,1.5,8.0,0.4258983539332445,0.7912357650666344,Night,0.10_plus,minus_199_to_minus_150,1.0_to_1.9,5_to_9.9,0.20_plus,75_to_79.9,75_to_79.9,8.0_to_8.5,+1.5
63303263,baseball,mlb,2026_06_08,06:40 PM,Cleveland Guardians,New York Yankees,run_line,home,1.5,home_run_line,-204.0,0.7183891641044029,0.0705407151359729,0.1439030588773849,False,824427,1,final,2026-08-28T17:43:21.077345+00:00,5,7,12,1.5,-1.5,7.5,Loss,HOME,0.0705407151359729,-204.0,,1.5,7.5,0.1439030588773849,0.7183891641044029,Night,0.05_to_0.0749,minus_200_or_lower,1.0_to_1.9,5_to_9.9,0.10_to_0.1499,70_to_74.9,70_to_74.9,7.5_to_8.0,+1.5
63303369,baseball,mlb,2026_06_08,09:40 PM,San Diego Padres,Cincinnati Reds,run_line,away,1.5,away_run_line,-181.0,0.7544469706151617,0.1712685013417703,0.3099959874286044,False,823289,1,final,2026-08-28T17:43:21.077345+00:00,6,2,8,-1.5,1.5,8.0,Loss,AWAY,0.1712685013417703,-181.0,,1.5,8.0,0.3099959874286044,0.7544469706151617,Night,0.10_plus,minus_199_to_minus_150,1.0_to_1.9,5_to_9.9,0.20_plus,75_to_79.9,75_to_79.9,8.0_to_8.5,+1.5
63301655,baseball,mlb,2026_06_09,08:30 PM,Detroit Tigers,Minnesota Twins,run_line,home,-1.5,home_run_line,164.0,0.5286202416663749,0.3955574379992297,0.2411935597556279,False,824267,1,final,2026-08-28T17:43:21.077345+00:00,10,4,14,-1.5,1.5,8.5,Win,HOME,0.3955574379992297,164.0,,-1.5,8.5,0.2411935597556279,0.5286202416663749,Night,0.10_plus,plus_151_to_plus_200,1.0_to_1.9,5_to_9.9,0.20_plus,50_to_54.9,50_to_54.9,8.5_to_9.0,-1.5
63301687,baseball,mlb,2026_06_09,06:35 PM,Baltimore Orioles,Seattle Mariners,run_line,home,1.5,home_run_line,-163.0,0.6678137129539543,0.0775153773428833,0.1263500650688998,False,824830,1,final,2026-08-28T17:43:21.077345+00:00,5,6,11,1.5,-1.5,8.5,Win,HOME,0.0775153773428833,-163.0,,1.5,8.5,0.1263500650688998,0.6678137129539543,Night,0.075_to_0.0999,minus_199_to_minus_150,1.0_to_1.9,5_to_9.9,0.10_to_0.1499,65_to_69.9,65_to_69.9,8.5_to_9.0,+1.5
63302059,baseball,mlb,2026_06_09,06:40 PM,Cleveland Guardians,New York Yankees,run_line,home,1.5,home_run_line,-144.0,0.7228223457456244,0.2247823080689748,0.3236865236193236,False,824429,1,final,2026-08-28T17:43:21.077345+00:00,2,3,5,1.5,-1.5,8.5,Win,HOME,0.2247823080689748,-144.0,,1.5,8.5,0.3236865236193236,0.7228223457456244,Night,0.10_plus,minus_149_to_minus_125,1.0_to_1.9,5_to_9.9,0.20_plus,70_to_74.9,70_to_74.9,8.5_to_9.0,+1.5
63302479,baseball,mlb,2026_06_09,08:40 PM,Colorado Rockies,Chicago Cubs,run_line,home,1.5,home_run_line,-116.0,0.6169544718900367,0.1488117752435165,0.1726216592824792,False,824347,1,final,2026-08-28T17:43:21.077345+00:00,7,3,10,1.5,-1.5,12.5,Win,HOME,0.1488117752435165,-116.0,,1.5,12.5,0.1726216592824792,0.6169544718900367,Night,0.10_plus,minus_124_to_minus_110,1.0_to_1.9,10_to_14.9,0.15_to_0.1999,60_to_64.9,60_to_64.9,12.5_to_13.0,+1.5
63302479,baseball,mlb,2026_06_09,08:40 PM,Colorado Rockies,Chicago Cubs,total,under,12.5,under_total,-114.0,0.7839676171286192,0.4716585093467061,0.537690700655245,False,824347,1,final,2026-08-28T17:43:21.077345+00:00,7,3,10,1.5,-1.5,12.5,Win,UNDER,0.4716585093467061,-114.0,,,12.5,0.537690700655245,0.7839676171286192,Night,0.10_plus,minus_124_to_minus_110,UNBUCKETED,10_to_14.9,0.20_plus,75_to_79.9,75_to_79.9,12.5_to_13.0,UNBUCKETED
63302797,baseball,mlb,2026_06_09,06:40 PM,Pittsburgh Pirates,Los Angeles Dodgers,run_line,away,-1.5,away_run_line,152.0,0.4104004310247044,0.034209086182255,0.0225059777514836,False,823374,1,final,2026-08-28T17:43:21.077345+00:00,3,12,15,1.5,-1.5,8.5,Win,AWAY,0.034209086182255,152.0,,-1.5,8.5,0.0225059777514836,0.4104004310247044,Night,0.03_to_0.0399,plus_151_to_plus_200,1.0_to_1.9,5_to_9.9,0.02_to_0.0299,<50,<50,8.5_to_9.0,-1.5
63302839,baseball,mlb,2026_06_09,07:40 PM,Chicago White Sox,Atlanta Braves,run_line,home,1.5,home_run_line,-120.0,0.711877361877916,0.3051084967761792,0.3661301961314151,False,824591,1,final,2026-08-28T17:43:21.077345+00:00,6,5,11,1.5,-1.5,9.0,Win,HOME,0.3051084967761792,-120.0,,1.5,9.0,0.3661301961314151,0.711877361877916,Night,0.10_plus,minus_124_to_minus_110,1.0_to_1.9,5_to_9.9,0.20_plus,70_to_74.9,70_to_74.9,9.0_to_9.5,+1.5
63303449,baseball,mlb,2026_06_09,09:38 PM,Los Angeles Angels,Houston Astros,run_line,home,1.5,home_run_line,-163.0,0.7952294252707811,0.28310023832034,0.4614533884621543,False,824023,1,final,2026-08-28T17:43:21.077345+00:00,10,1,11,1.5,-1.5,8.5,Win,HOME,0.28310023832034,-163.0,,1.5,8.5,0.4614533884621543,0.7952294252707811,Night,0.10_plus,minus_199_to_minus_150,1.0_to_1.9,5_to_9.9,0.20_plus,75_to_79.9,75_to_79.9,8.5_to_9.0,+1.5
63301019,baseball,mlb,2026_06_10,06:40 PM,Miami Marlins,Arizona Diamondbacks,run_line,home,1.5,home_run_line,-181.0,0.7327564793662562,0.137594313270265,0.2490457070191798,False,823856,1,final,2026-08-28T17:43:21.077345+00:00,8,0,8,1.5,-1.5,8.0,Win,HOME,0.137594313270265,-181.0,,1.5,8.0,0.2490457070191798,0.7327564793662562,Night,0.10_plus,minus_199_to_minus_150,1.0_to_1.9,5_to_9.9,0.20_plus,70_to_74.9,70_to_74.9,8.0_to_8.5,+1.5
63301321,baseball,mlb,2026_06_10,06:40 PM,Pittsburgh Pirates,Los Angeles Dodgers,run_line,home,1.5,home_run_line,104.0,0.6745792813083948,0.3761417338691255,0.3616747441049284,False,823372,1,final,2026-08-28T17:43:21.077345+00:00,9,8,17,1.5,-1.5,8.5,Win,HOME,0.3761417338691255,104.0,,1.5,8.5,0.3616747441049284,0.6745792813083948,Night,0.10_plus,plus_101_to_plus_125,1.0_to_1.9,5_to_9.9,0.20_plus,65_to_69.9,65_to_69.9,8.5_to_9.0,+1.5
63301375,baseball,mlb,2026_06_10,09:38 PM,Los Angeles Angels,Houston Astros,run_line,away,1.5,away_run_line,-200.0,0.6773699268949414,0.016054890342412,0.032109780684824,False,824022,1,final,2026-08-28T17:43:21.077345+00:00,3,2,5,-1.5,1.5,8.5,Win,AWAY,0.016054890342412,-200.0,,1.5,8.5,0.032109780684824,0.6773699268949414,Night,0.01_to_0.0199,minus_200_or_lower,1.0_to_1.9,5_to_9.9,0.03_to_0.0499,65_to_69.9,65_to_69.9,8.5_to_9.0,+1.5
63302269,baseball,mlb,2026_06_10,08:40 PM,Colorado Rockies,Chicago Cubs,run_line,home,1.5,home_run_line,-105.0,0.6691076818795794,0.3063530931934644,0.3216707478531377,False,824348,1,final,2026-08-28T17:43:21.077345+00:00,3,2,5,1.5,-1.5,12.5,Win,HOME,0.3063530931934644,-105.0,,1.5,12.5,0.3216707478531377,0.6691076818795794,Night,0.10_plus,minus_109_to_minus_101,1.0_to_1.9,10_to_14.9,0.20_plus,65_to_69.9,65_to_69.9,12.5_to_13.0,+1.5
63302367,baseball,mlb,2026_06_10,06:40 PM,Detroit Tigers,Minnesota Twins,run_line,away,1.5,away_run_line,-138.0,0.6634261361296885,0.1441697130352599,0.1989542039886586,False,824266,1,final,2026-08-28T17:43:21.077345+00:00,4,6,10,-1.5,1.5,9.0,Win,AWAY,0.1441697130352599,-138.0,,1.5,9.0,0.1989542039886586,0.6634261361296885,Night,0.10_plus,minus_149_to_minus_125,1.0_to_1.9,5_to_9.9,0.15_to_0.1999,65_to_69.9,65_to_69.9,9.0_to_9.5,+1.5
63302609,baseball,mlb,2026_06_10,09:05 PM,Athletics,Milwaukee Brewers,run_line,home,1.5,home_run_line,-156.0,0.6115502813111905,0.0035696924081074,0.0055687201566476,False,,,final,2026-08-28T17:43:21.077345+00:00,4,3,7,,,,Win,HOME,0.0035696924081074,-156.0,,,,0.0055687201566476,0.6115502813111905,Night,0.00_to_0.0099,minus_199_to_minus_150,UNBUCKETED,UNBUCKETED,0.001_to_0.0099,60_to_64.9,60_to_64.9,UNBUCKETED,UNBUCKETED
63303445,baseball,mlb,2026_06_10,07:40 PM,Chicago White Sox,Atlanta Braves,run_line,home,1.5,home_run_line,-135.0,0.5756474827195567,0.0020530254747839,0.0027715843909581,False,824590,1,final,2026-08-28T17:43:21.077345+00:00,2,1,3,1.5,-1.5,7.5,Win,HOME,0.0020530254747839,-135.0,,1.5,7.5,0.0027715843909581,0.5756474827195567,Night,0.00_to_0.0099,minus_149_to_minus_125,1.0_to_1.9,5_to_9.9,0.001_to_0.0099,55_to_59.9,55_to_59.9,7.5_to_8.0,+1.5
63303615,baseball,mlb,2026_06_10,01:10 PM,Cleveland Guardians,New York Yankees,run_line,home,1.5,home_run_line,-208.0,0.6933670163557035,0.0267165434497917,0.0555704103755669,False,824428,1,final,2026-08-28T17:43:21.077345+00:00,4,8,12,1.5,-1.5,8.0,Loss,HOME,0.0267165434497917,-208.0,,1.5,8.0,0.0555704103755669,0.6933670163557035,Day,0.02_to_0.0299,minus_200_or_lower,1.0_to_1.9,5_to_9.9,0.05_to_0.0999,65_to_69.9,65_to_69.9,8.0_to_8.5,+1.5
63303869,baseball,mlb,2026_06_10,06:35 PM,Baltimore Orioles,Seattle Mariners,run_line,away,-1.5,away_run_line,129.0,0.4429761408570895,0.014415362562735,0.0111746996610348,False,824831,1,final,2026-08-28T17:43:21.077345+00:00,7,2,9,1.5,-1.5,9.0,Loss,AWAY,0.014415362562735,129.0,,-1.5,9.0,0.0111746996610348,0.4429761408570895,Night,0.01_to_0.0199,plus_126_to_plus_150,1.0_to_1.9,5_to_9.9,0.01_to_0.0199,<50,<50,9.0_to_9.5,-1.5
63301431,baseball,mlb,2026_06_11,01:10 PM,Detroit Tigers,Minnesota Twins,run_line,home,-1.5,home_run_line,156.0,0.5759942313703494,0.4745452323080945,0.3041956617359581,False,824265,1,final,2026-08-28T17:43:21.077345+00:00,11,0,11,-1.5,1.5,9.5,Win,HOME,0.4745452323080945,156.0,,-1.5,9.5,0.3041956617359581,0.5759942313703494,Day,0.10_plus,plus_151_to_plus_200,1.0_to_1.9,5_to_9.9,0.20_plus,55_to_59.9,55_to_59.9,9.5_to_10.0,-1.5
63302121,baseball,mlb,2026_06_11,07:05 PM,Baltimore Orioles,Seattle Mariners,run_line,home,1.5,home_run_line,-172.0,0.7924698660414659,0.2532081602516205,0.4355180356327872,False,824827,1,final,2026-08-28T17:43:21.077345+00:00,7,5,12,1.5,-1.5,8.5,Win,HOME,0.2532081602516205,-172.0,,1.5,8.5,0.4355180356327872,0.7924698660414659,Night,0.10_plus,minus_199_to_minus_150,1.0_to_1.9,5_to_9.9,0.20_plus,75_to_79.9,75_to_79.9,8.5_to_9.0,+1.5
63303779,baseball,mlb,2026_06_11,03:10 PM,Colorado Rockies,Chicago Cubs,run_line,away,-1.5,away_run_line,-101.0,0.5604092579904789,0.1152699094662006,0.1164226085608626,False,824346,1,final,2026-08-28T17:43:21.077345+00:00,3,9,12,1.5,-1.5,11.0,Win,AWAY,0.1152699094662006,-101.0,,-1.5,11.0,0.1164226085608626,0.5604092579904789,Day,0.10_plus,minus_109_to_minus_101,1.0_to_1.9,10_to_14.9,0.10_to_0.1499,55_to_59.9,55_to_59.9,11.0_to_11.5,-1.5
63303803,baseball,mlb,2026_06_11,01:10 PM,Miami Marlins,Arizona Diamondbacks,run_line,home,-1.5,home_run_line,163.0,0.4101827057924396,0.0787805162341162,0.048331605051605,False,823855,1,final,2026-08-28T17:43:21.077345+00:00,2,0,2,-1.5,1.5,8.5,Win,HOME,0.0787805162341162,163.0,,-1.5,8.5,0.048331605051605,0.4101827057924396,Day,0.075_to_0.0999,plus_151_to_plus_200,1.0_to_1.9,5_to_9.9,0.03_to_0.0499,<50,<50,8.5_to_9.0,-1.5
63299233,baseball,mlb,2026_06_12,08:30 PM,New York Mets,Atlanta Braves,run_line,home,1.5,home_run_line,-196.0,0.76083534583595,0.1490166447318428,0.292072623674412,False,823617,1,final,2026-08-28T17:43:21.077345+00:00,7,5,12,1.5,-1.5,8.0,Win,HOME,0.1490166447318428,-196.0,,1.5,8.0,0.292072623674412,0.76083534583595,Night,0.10_plus,minus_199_to_minus_150,1.0_to_1.9,5_to_9.9,0.20_plus,75_to_79.9,75_to_79.9,8.0_to_8.5,+1.5
63300881,baseball,mlb,2026_06_12,10:05 PM,Athletics,Colorado Rockies,run_line,away,1.5,away_run_line,-113.0,0.6054617818327406,0.1412686684103867,0.1596335953037371,False,,,final,2026-08-28T17:43:21.077345+00:00,6,4,10,,,,Loss,AWAY,0.1412686684103867,-113.0,,,,0.1596335953037371,0.6054617818327406,Night,0.10_plus,minus_124_to_minus_110,UNBUCKETED,UNBUCKETED,0.15_to_0.1999,60_to_64.9,60_to_64.9,UNBUCKETED,UNBUCKETED
63302273,baseball,mlb,2026_06_12,07:40 PM,Chicago White Sox,Los Angeles Dodgers,run_line,home,1.5,home_run_line,-136.0,0.6374180336172898,0.1061077642182382,0.1443065593368038,False,824588,1,final,2026-08-28T17:43:21.077345+00:00,8,2,10,1.5,-1.5,9.0,Win,HOME,0.1061077642182382,-136.0,,1.5,9.0,0.1443065593368038,0.6374180336172898,Night,0.10_plus,minus_149_to_minus_125,1.0_to_1.9,5_to_9.9,0.10_to_0.1499,60_to_64.9,60_to_64.9,9.0_to_9.5,+1.5
63302575,baseball,mlb,2026_06_12,07:10 PM,Cleveland Guardians,Detroit Tigers,run_line,home,1.5,home_run_line,-192.0,0.7547726386274993,0.1478833879126555,0.2839361047922983,False,824425,1,final,2026-08-28T17:43:21.077345+00:00,3,2,5,1.5,-1.5,8.5,Win,HOME,0.1478833879126555,-192.0,,1.5,8.5,0.2839361047922983,0.7547726386274993,Night,0.10_plus,minus_199_to_minus_150,1.0_to_1.9,5_to_9.9,0.20_plus,75_to_79.9,75_to_79.9,8.5_to_9.0,+1.5
63302871,baseball,mlb,2026_06_12,07:37 PM,Toronto Blue Jays,New York Yankees,run_line,home,1.5,home_run_line,-188.0,0.7399461290530644,0.1335344955706519,0.2510448516728255,False,822803,1,final,2026-08-28T17:43:21.077345+00:00,8,5,13,1.5,-1.5,8.0,Win,HOME,0.1335344955706519,-188.0,,1.5,8.0,0.2510448516728255,0.7399461290530644,Night,0.10_plus,minus_199_to_minus_150,1.0_to_1.9,5_to_9.9,0.20_plus,70_to_74.9,70_to_74.9,8.0_to_8.5,+1.5
63303195,baseball,mlb,2026_06_12,07:40 PM,Milwaukee Brewers,Philadelphia Phillies,run_line,away,1.5,away_run_line,-104.0,0.5795409629741387,0.1367918889108106,0.142263564467243,False,823778,1,final,2026-08-28T17:43:21.077345+00:00,6,0,6,-1.5,1.5,7.5,Loss,AWAY,0.1367918889108106,-104.0,,1.5,7.5,0.142263564467243,0.5795409629741387,Night,0.10_plus,minus_109_to_minus_101,1.0_to_1.9,5_to_9.9,0.10_to_0.1499,55_to_59.9,55_to_59.9,7.5_to_8.0,+1.5
63303583,baseball,mlb,2026_06_12,06:40 PM,Pittsburgh Pirates,Miami Marlins,run_line,away,1.5,away_run_line,-166.0,0.6840383570632705,0.0961096564989756,0.1595420297882995,False,823370,1,final,2026-08-28T17:43:21.077345+00:00,3,8,11,-1.5,1.5,8.5,Win,AWAY,0.0961096564989756,-166.0,,1.5,8.5,0.1595420297882995,0.6840383570632705,Night,0.075_to_0.0999,minus_199_to_minus_150,1.0_to_1.9,5_to_9.9,0.15_to_0.1999,65_to_69.9,65_to_69.9,8.5_to_9.0,+1.5
63303583,baseball,mlb,2026_06_12,06:40 PM,Pittsburgh Pirates,Miami Marlins,moneyline,away,,away_moneyline,124.0,0.4880369385810091,0.0932027424214605,0.0751635019527906,False,823370,1,final,2026-08-28T17:43:21.077345+00:00,3,8,11,-1.5,1.5,8.5,Win,AWAY,0.0932027424214605,124.0,124.0,1.5,8.5,0.0751635019527906,0.4880369385810091,Night,0.075_to_0.0999,plus_101_to_plus_125,1.0_to_1.9,5_to_9.9,0.05_to_0.0999,<50,<50,8.5_to_9.0,+1.5
63299171,baseball,mlb,2026_06_13,04:10 PM,Cleveland Guardians,Detroit Tigers,run_line,home,1.5,home_run_line,-156.0,0.7139048027301667,0.1715360865315554,0.2675962949892266,False,824426,1,final,2026-08-28T17:43:21.077345+00:00,3,1,4,1.5,-1.5,7.5,Win,HOME,0.1715360865315554,-156.0,,1.5,7.5,0.2675962949892266,0.7139048027301667,Day,0.10_plus,minus_199_to_minus_150,1.0_to_1.9,5_to_9.9,0.20_plus,70_to_74.9,70_to_74.9,7.5_to_8.0,+1.5
63300913,baseball,mlb,2026_06_13,07:10 PM,Milwaukee Brewers,Philadelphia Phillies,run_line,home,-1.5,home_run_line,124.0,0.573119294936353,0.283787220657431,0.2288606618205088,False,823776,1,final,2026-08-28T17:43:21.077345+00:00,8,9,17,-1.5,1.5,8.5,Loss,HOME,0.283787220657431,124.0,,-1.5,8.5,0.2288606618205088,0.573119294936353,Night,0.10_plus,plus_101_to_plus_125,1.0_to_1.9,5_to_9.9,0.20_plus,55_to_59.9,55_to_59.9,8.5_to_9.0,-1.5
63301217,baseball,mlb,2026_06_13,10:05 PM,Athletics,Colorado Rockies,run_line,away,1.5,away_run_line,-125.0,0.5825485281529303,0.0485873506752747,0.0607341883440933,False,,,final,2026-08-28T17:43:21.077345+00:00,7,5,12,,,,Loss,AWAY,0.0485873506752747,-125.0,,,,0.0607341883440933,0.5825485281529303,Night,0.04_to_0.0499,minus_149_to_minus_125,UNBUCKETED,UNBUCKETED,0.05_to_0.0999,55_to_59.9,55_to_59.9,UNBUCKETED,UNBUCKETED
63301585,baseball,mlb,2026_06_13,04:05 PM,Pittsburgh Pirates,Miami Marlins,run_line,home,1.5,home_run_line,-196.0,0.7879802503676212,0.1900109903511013,0.3724215410881586,False,823369,1,final,2026-08-28T17:43:21.077345+00:00,3,2,5,1.5,-1.5,9.0,Win,HOME,0.1900109903511013,-196.0,,1.5,9.0,0.3724215410881586,0.7879802503676212,Day,0.10_plus,minus_199_to_minus_150,1.0_to_1.9,5_to_9.9,0.20_plus,75_to_79.9,75_to_79.9,9.0_to_9.5,+1.5
63302453,baseball,mlb,2026_06_13,04:10 PM,Cincinnati Reds,Arizona Diamondbacks,run_line,home,1.5,home_run_line,-126.0,0.625434457951395,0.1218110118810733,0.1534818749701525,False,824508,1,final,2026-08-28T17:43:21.077345+00:00,2,1,3,1.5,-1.5,9.5,Win,HOME,0.1218110118810733,-126.0,,1.5,9.5,0.1534818749701525,0.625434457951395,Day,0.10_plus,minus_149_to_minus_125,1.0_to_1.9,5_to_9.9,0.15_to_0.1999,60_to_64.9,60_to_64.9,9.5_to_10.0,+1.5
63302587,baseball,mlb,2026_06_13,04:10 PM,New York Mets,Atlanta Braves,run_line,home,1.5,home_run_line,-196.0,0.78438043084903,0.1845745282209838,0.3617660753131286,False,823616,1,final,2026-08-28T17:43:21.077345+00:00,1,3,4,1.5,-1.5,8.5,Loss,HOME,0.1845745282209838,-196.0,,1.5,8.5,0.3617660753131286,0.78438043084903,Day,0.10_plus,minus_199_to_minus_150,1.0_to_1.9,5_to_9.9,0.20_plus,75_to_79.9,75_to_79.9,8.5_to_9.0,+1.5
63302699,baseball,mlb,2026_06_13,04:10 PM,Chicago White Sox,Los Angeles Dodgers,run_line,away,-1.5,away_run_line,-120.0,0.5470153822182854,0.0028615340668565,0.0034338408802278,False,824587,1,final,2026-08-28T17:43:21.077345+00:00,1,7,8,1.5,-1.5,8.0,Win,AWAY,0.0028615340668565,-120.0,,-1.5,8.0,0.0034338408802278,0.5470153822182854,Day,0.00_to_0.0099,minus_124_to_minus_110,1.0_to_1.9,5_to_9.9,0.001_to_0.0099,50_to_54.9,50_to_54.9,8.0_to_8.5,-1.5
63299225,baseball,mlb,2026_06_14,01:40 PM,New York Mets,Atlanta Braves,run_line,home,1.5,home_run_line,-192.0,0.7462898121660042,0.1349824226691316,0.2591662515247326,False,823615,1,final,2026-08-28T17:43:21.077345+00:00,8,1,9,1.5,-1.5,8.5,Win,HOME,0.1349824226691316,-192.0,,1.5,8.5,0.2591662515247326,0.7462898121660042,Day,0.10_plus,minus_199_to_minus_150,1.0_to_1.9,5_to_9.9,0.20_plus,70_to_74.9,70_to_74.9,8.5_to_9.0,+1.5
63301783,baseball,mlb,2026_06_14,12:15 PM,Pittsburgh Pirates,Miami Marlins,run_line,away,1.5,away_run_line,-158.0,0.6737920464104524,0.1002427086955488,0.1583834797389671,False,823368,1,final,2026-08-28T17:43:21.077345+00:00,2,4,6,-1.5,1.5,7.0,Win,AWAY,0.1002427086955488,-158.0,,1.5,7.0,0.1583834797389671,0.6737920464104524,Day,0.10_plus,minus_199_to_minus_150,1.0_to_1.9,5_to_9.9,0.15_to_0.1999,65_to_69.9,65_to_69.9,7.0_to_7.5,+1.5
63302091,baseball,mlb,2026_06_14,02:10 PM,Chicago White Sox,Los Angeles Dodgers,run_line,home,1.5,home_run_line,104.0,0.7249716265235441,0.47894211810803,0.4605212674115672,False,824586,1,final,2026-08-28T17:43:21.077345+00:00,6,4,10,1.5,-1.5,10.0,Win,HOME,0.47894211810803,104.0,,1.5,10.0,0.4605212674115672,0.7249716265235441,Day,0.10_plus,plus_101_to_plus_125,1.0_to_1.9,10_to_14.9,0.20_plus,70_to_74.9,70_to_74.9,10.0_to_10.5,+1.5
63302635,baseball,mlb,2026_06_14,01:40 PM,Cincinnati Reds,Arizona Diamondbacks,run_line,home,1.5,home_run_line,-169.0,0.7077634756644942,0.1265584316789876,0.2138837495374892,False,824506,1,final,2026-08-28T17:43:21.077345+00:00,3,5,8,1.5,-1.5,9.5,Loss,HOME,0.1265584316789876,-169.0,,1.5,9.5,0.2138837495374892,0.7077634756644942,Day,0.10_plus,minus_199_to_minus_150,1.0_to_1.9,5_to_9.9,0.20_plus,70_to_74.9,70_to_74.9,9.5_to_10.0,+1.5
63302655,baseball,mlb,2026_06_14,03:05 PM,Athletics,Colorado Rockies,run_line,away,1.5,away_run_line,-116.0,0.5809804270538718,0.0818256227899678,0.0949177224363628,False,,,final,2026-08-28T17:43:21.077345+00:00,9,23,32,,,,Win,AWAY,0.0818256227899678,-116.0,,,,0.0949177224363628,0.5809804270538718,Day,0.075_to_0.0999,minus_124_to_minus_110,UNBUCKETED,UNBUCKETED,0.05_to_0.0999,55_to_59.9,55_to_59.9,UNBUCKETED,UNBUCKETED
63302869,baseball,mlb,2026_06_14,02:10 PM,Milwaukee Brewers,Philadelphia Phillies,run_line,home,1.5,home_run_line,-175.0,0.6415288892284059,0.0081168259303521,0.0142044453781162,False,823777,1,final,2026-08-28T17:43:21.077345+00:00,4,0,4,1.5,-1.5,7.0,Win,HOME,0.0081168259303521,-175.0,,1.5,7.0,0.0142044453781162,0.6415288892284059,Day,0.00_to_0.0099,minus_199_to_minus_150,1.0_to_1.9,5_to_9.9,0.01_to_0.0199,60_to_64.9,60_to_64.9,7.0_to_7.5,+1.5
63299361,baseball,mlb,2026_06_15,08:10 PM,Houston Astros,Detroit Tigers,run_line,away,1.5,away_run_line,-188.0,0.8501258920763066,0.3023205155211506,0.5683625691797631,False,824181,1,final,2026-08-28T17:43:21.077345+00:00,3,9,12,-1.5,1.5,9.0,Win,AWAY,0.3023205155211506,-188.0,,1.5,9.0,0.5683625691797631,0.8501258920763066,Night,0.10_plus,minus_199_to_minus_150,1.0_to_1.9,5_to_9.9,0.20_plus,80_plus,80_plus,9.0_to_9.5,+1.5
63300953,baseball,mlb,2026_06_15,08:05 PM,Chicago Cubs,Colorado Rockies,run_line,away,1.5,away_run_line,-120.0,0.7465648216876286,0.3687021730939857,0.442442607712783,False,824666,1,final,2026-08-28T17:43:21.077345+00:00,5,4,9,-1.5,1.5,9.5,Win,AWAY,0.3687021730939857,-120.0,,1.5,9.5,0.442442607712783,0.7465648216876286,Night,0.10_plus,minus_124_to_minus_110,1.0_to_1.9,5_to_9.9,0.20_plus,70_to_74.9,70_to_74.9,9.5_to_10.0,+1.5
63300953,baseball,mlb,2026_06_15,08:05 PM,Chicago Cubs,Colorado Rockies,total,over,9.5,over_total,100.0,0.5182570905261298,0.0365141810522595,0.0365141810522595,False,824666,1,final,2026-08-28T17:43:21.077345+00:00,5,4,9,-1.5,1.5,9.5,Loss,OVER,0.0365141810522595,100.0,,,9.5,0.0365141810522595,0.5182570905261298,Night,0.03_to_0.0399,minus_100_to_plus_100,UNBUCKETED,5_to_9.9,0.03_to_0.0499,50_to_54.9,50_to_54.9,9.5_to_10.0,UNBUCKETED
63300977,baseball,mlb,2026_06_15,10:10 PM,Los Angeles Dodgers,Tampa Bay Rays,run_line,away,1.5,away_run_line,-156.0,0.6929431841354787,0.1371375329402726,0.2139345513868255,False,823938,1,final,2026-08-28T17:43:21.077345+00:00,4,3,7,-1.5,1.5,9.0,Win,AWAY,0.1371375329402726,-156.0,,1.5,9.0,0.2139345513868255,0.6929431841354787,Night,0.10_plus,minus_199_to_minus_150,1.0_to_1.9,5_to_9.9,0.20_plus,65_to_69.9,65_to_69.9,9.0_to_9.5,+1.5
63301303,baseball,mlb,2026_06_15,06:40 PM,Philadelphia Phillies,Miami Marlins,run_line,home,-1.5,home_run_line,100.0,0.5143827265879642,0.0287654531759284,0.0287654531759284,False,823452,1,final,2026-08-28T17:43:21.077345+00:00,7,0,7,-1.5,1.5,8.0,Win,HOME,0.0287654531759284,100.0,,-1.5,8.0,0.0287654531759284,0.5143827265879642,Night,0.02_to_0.0299,minus_100_to_plus_100,1.0_to_1.9,5_to_9.9,0.02_to_0.0299,50_to_54.9,50_to_54.9,8.0_to_8.5,-1.5
63301387,baseball,mlb,2026_06_15,09:40 PM,Athletics,Pittsburgh Pirates,run_line,away,1.5,away_run_line,-181.0,0.8548270853740203,0.3271072430392248,0.592064109900997,False,,,final,2026-08-28T17:43:21.077345+00:00,11,2,13,,,,Loss,AWAY,0.3271072430392248,-181.0,,,,0.592064109900997,0.8548270853740203,Night,0.10_plus,minus_199_to_minus_150,UNBUCKETED,UNBUCKETED,0.20_plus,80_plus,80_plus,UNBUCKETED,UNBUCKETED
63301683,baseball,mlb,2026_06_15,09:40 PM,Arizona Diamondbacks,Los Angeles Angels,run_line,away,1.5,away_run_line,-192.0,0.7608409067119274,0.1571122122910564,0.3016554475988283,False,825071,1,final,2026-08-28T17:43:21.077345+00:00,4,3,7,-1.5,1.5,9.0,Win,AWAY,0.1571122122910564,-192.0,,1.5,9.0,0.3016554475988283,0.7608409067119274,Night,0.10_plus,minus_199_to_minus_150,1.0_to_1.9,5_to_9.9,0.20_plus,75_to_79.9,75_to_79.9,9.0_to_9.5,+1.5
63301751,baseball,mlb,2026_06_15,07:45 PM,St Louis Cardinals,San Diego Padres,run_line,away,1.5,away_run_line,-169.0,0.7255371711532402,0.1548491067468733,0.2616949904022162,False,,,final,2026-08-28T17:43:21.077345+00:00,3,0,3,,,,Loss,AWAY,0.1548491067468733,-169.0,,,,0.2616949904022162,0.7255371711532402,Night,0.10_plus,minus_199_to_minus_150,UNBUCKETED,UNBUCKETED,0.20_plus,70_to_74.9,70_to_74.9,UNBUCKETED,UNBUCKETED
63302919,baseball,mlb,2026_06_15,07:10 PM,Cincinnati Reds,New York Mets,run_line,home,-1.5,home_run_line,149.0,0.5821256359050586,0.4494928334035961,0.3016730425527489,False,824505,1,final,2026-08-28T17:43:21.077345+00:00,12,0,12,-1.5,1.5,8.0,Win,HOME,0.4494928334035961,149.0,,-1.5,8.0,0.3016730425527489,0.5821256359050586,Night,0.10_plus,plus_126_to_plus_150,1.0_to_1.9,5_to_9.9,0.20_plus,55_to_59.9,55_to_59.9,8.0_to_8.5,-1.5
63303721,baseball,mlb,2026_06_15,08:05 PM,Texas Rangers,Minnesota Twins,run_line,away,1.5,away_run_line,-156.0,0.643639318259427,0.0562286248359826,0.087716654744133,False,822887,1,final,2026-08-28T17:43:21.077345+00:00,2,4,6,-1.5,1.5,8.0,Win,AWAY,0.0562286248359826,-156.0,,1.5,8.0,0.087716654744133,0.643639318259427,Night,0.05_to_0.0749,minus_199_to_minus_150,1.0_to_1.9,5_to_9.9,0.05_to_0.0999,60_to_64.9,60_to_64.9,8.0_to_8.5,+1.5
63301283,baseball,mlb,2026_06_16,08:05 PM,Texas Rangers,Minnesota Twins,run_line,away,1.5,away_run_line,-181.0,0.7005334534966733,0.0875685106771557,0.1584990043256518,False,822888,1,final,2026-08-28T17:43:21.077345+00:00,2,12,14,-1.5,1.5,8.0,Win,AWAY,0.0875685106771557,-181.0,,1.5,8.0,0.1584990043256518,0.7005334534966733,Night,0.075_to_0.0999,minus_199_to_minus_150,1.0_to_1.9,5_to_9.9,0.15_to_0.1999,70_to_74.9,70_to_74.9,8.0_to_8.5,+1.5
63301449,baseball,mlb,2026_06_16,08:05 PM,Chicago Cubs,Colorado Rockies,run_line,away,1.5,away_run_line,-120.0,0.6641815065605647,0.2176660953610352,0.2611993144332424,False,824667,1,final,2026-08-28T17:43:21.077345+00:00,2,5,7,-1.5,1.5,9.5,Win,AWAY,0.2176660953610352,-120.0,,1.5,9.5,0.2611993144332424,0.6641815065605647,Night,0.10_plus,minus_124_to_minus_110,1.0_to_1.9,5_to_9.9,0.20_plus,65_to_69.9,65_to_69.9,9.5_to_10.0,+1.5
63301883,baseball,mlb,2026_06_16,07:10 PM,Cincinnati Reds,New York Mets,run_line,home,1.5,home_run_line,-156.0,0.6768919482684114,0.1107970433122647,0.172843387567133,False,824504,1,final,2026-08-28T17:43:21.077345+00:00,5,3,8,1.5,-1.5,9.5,Win,HOME,0.1107970433122647,-156.0,,1.5,9.5,0.172843387567133,0.6768919482684114,Night,0.10_plus,minus_199_to_minus_150,1.0_to_1.9,5_to_9.9,0.15_to_0.1999,65_to_69.9,65_to_69.9,9.5_to_10.0,+1.5
63301883,baseball,mlb,2026_06_16,07:10 PM,Cincinnati Reds,New York Mets,total,under,9.5,under_total,-106.0,0.7348291995174803,0.4280642934018957,0.4537481510060094,False,824504,1,final,2026-08-28T17:43:21.077345+00:00,5,3,8,1.5,-1.5,9.5,Win,UNDER,0.4280642934018957,-106.0,,,9.5,0.4537481510060094,0.7348291995174803,Night,0.10_plus,minus_109_to_minus_101,UNBUCKETED,5_to_9.9,0.20_plus,70_to_74.9,70_to_74.9,9.5_to_10.0,UNBUCKETED
63301927,baseball,mlb,2026_06_16,06:45 PM,Boston Red Sox,Toronto Blue Jays,run_line,home,1.5,home_run_line,-172.0,0.6968974430788545,0.1020703751014444,0.1755610451744843,False,824750,1,final,2026-08-28T17:43:21.077345+00:00,1,6,7,1.5,-1.5,7.5,Loss,HOME,0.1020703751014444,-172.0,,1.5,7.5,0.1755610451744843,0.6968974430788545,Night,0.10_plus,minus_199_to_minus_150,1.0_to_1.9,5_to_9.9,0.15_to_0.1999,65_to_69.9,65_to_69.9,7.5_to_8.0,+1.5
63302381,baseball,mlb,2026_06_16,07:05 PM,New York Yankees,Chicago White Sox,run_line,home,-1.5,home_run_line,148.0,0.4444280324923924,0.1021815205811331,0.069041567960225,False,823535,1,final,2026-08-28T17:43:21.077345+00:00,12,2,14,-1.5,1.5,7.5,Win,HOME,0.1021815205811331,148.0,,-1.5,7.5,0.069041567960225,0.4444280324923924,Night,0.10_plus,plus_126_to_plus_150,1.0_to_1.9,5_to_9.9,0.05_to_0.0999,<50,<50,7.5_to_8.0,-1.5
63302605,baseball,mlb,2026_06_16,07:45 PM,St Louis Cardinals,San Diego Padres,total,over,8.5,over_total,104.0,0.5926650958837072,0.2090367956027626,0.2009969188488102,False,,,final,2026-08-28T17:43:21.077345+00:00,3,2,5,,,,Loss,OVER,0.2090367956027626,104.0,,,,0.2009969188488102,0.5926650958837072,Night,0.10_plus,plus_101_to_plus_125,UNBUCKETED,UNBUCKETED,0.20_plus,55_to_59.9,55_to_59.9,UNBUCKETED,UNBUCKETED
63303259,baseball,mlb,2026_06_16,09:40 PM,Arizona Diamondbacks,Los Angeles Angels,run_line,away,-1.5,away_run_line,149.0,0.4320777339481779,0.075873557530963,0.0509218506919214,False,825070,1,final,2026-08-28T17:43:21.077345+00:00,0,7,7,1.5,-1.5,8.5,Win,AWAY,0.075873557530963,149.0,,-1.5,8.5,0.0509218506919214,0.4320777339481779,Night,0.075_to_0.0999,plus_126_to_plus_150,1.0_to_1.9,5_to_9.9,0.05_to_0.0999,<50,<50,8.5_to_9.0,-1.5
63303411,baseball,mlb,2026_06_16,07:40 PM,Milwaukee Brewers,Cleveland Guardians,run_line,away,1.5,away_run_line,-163.0,0.6767483565334296,0.0919313973514845,0.1498481776829197,False,823775,1,final,2026-08-28T17:43:21.077345+00:00,2,1,3,-1.5,1.5,8.0,Win,AWAY,0.0919313973514845,-163.0,,1.5,8.0,0.1498481776829197,0.6767483565334296,Night,0.075_to_0.0999,minus_199_to_minus_150,1.0_to_1.9,5_to_9.9,0.10_to_0.1499,65_to_69.9,65_to_69.9,8.0_to_8.5,+1.5
63303487,baseball,mlb,2026_06_16,09:40 PM,Athletics,Pittsburgh Pirates,run_line,away,1.5,away_run_line,-169.0,0.7452533853889685,0.1862317199386538,0.3147316066963251,False,,,final,2026-08-28T17:43:21.077345+00:00,5,6,11,,,,Win,AWAY,0.1862317199386538,-169.0,,,,0.3147316066963251,0.7452533853889685,Night,0.10_plus,minus_199_to_minus_150,UNBUCKETED,UNBUCKETED,0.20_plus,70_to_74.9,70_to_74.9,UNBUCKETED,UNBUCKETED
63303733,baseball,mlb,2026_06_16,10:10 PM,Los Angeles Dodgers,Tampa Bay Rays,run_line,away,1.5,away_run_line,-172.0,0.6686352431049053,0.0573766635147341,0.0986878612453425,False,823939,1,final,2026-08-28T17:43:21.077345+00:00,1,0,1,-1.5,1.5,8.5,Win,AWAY,0.0573766635147341,-172.0,,1.5,8.5,0.0986878612453425,0.6686352431049053,Night,0.05_to_0.0749,minus_199_to_minus_150,1.0_to_1.9,5_to_9.9,0.05_to_0.0999,65_to_69.9,65_to_69.9,8.5_to_9.0,+1.5
63299121,baseball,mlb,2026_06_17,03:10 PM,Los Angeles Dodgers,Tampa Bay Rays,run_line,away,1.5,away_run_line,-136.0,0.6226545081604438,0.0804887053372407,0.1094646392586473,False,823940,1,final,2026-08-28T17:43:21.077345+00:00,5,4,9,-1.5,1.5,7.5,Win,AWAY,0.0804887053372407,-136.0,,1.5,7.5,0.1094646392586473,0.6226545081604438,Day,0.075_to_0.0999,minus_149_to_minus_125,1.0_to_1.9,5_to_9.9,0.10_to_0.1499,60_to_64.9,60_to_64.9,7.5_to_8.0,+1.5
63299125,baseball,mlb,2026_06_17,07:00 PM,Boston Red Sox,Toronto Blue Jays,run_line,away,1.5,away_run_line,-188.0,0.7684840474397805,0.1772521577800891,0.3332340566265678,False,824746,1,final,2026-08-28T17:43:21.077345+00:00,0,3,3,-1.5,1.5,9.5,Win,AWAY,0.1772521577800891,-188.0,,1.5,9.5,0.3332340566265678,0.7684840474397805,Night,0.10_plus,minus_199_to_minus_150,1.0_to_1.9,5_to_9.9,0.20_plus,75_to_79.9,75_to_79.9,9.5_to_10.0,+1.5
63299125,baseball,mlb,2026_06_17,07:00 PM,Boston Red Sox,Toronto Blue Jays,total,under,9.5,under_total,-120.0,0.7121546818972017,0.3056169168115364,0.3667403001738437,False,824746,1,final,2026-08-28T17:43:21.077345+00:00,0,3,3,-1.5,1.5,9.5,Win,UNDER,0.3056169168115364,-120.0,,,9.5,0.3667403001738437,0.7121546818972017,Night,0.10_plus,minus_124_to_minus_110,UNBUCKETED,5_to_9.9,0.20_plus,70_to_74.9,70_to_74.9,9.5_to_10.0,UNBUCKETED
63299187,baseball,mlb,2026_06_17,02:10 PM,Houston Astros,Detroit Tigers,run_line,home,1.5,home_run_line,-175.0,0.6455574015736638,0.0144473453300431,0.0252828543275754,False,824178,1,final,2026-08-28T17:43:21.077345+00:00,4,2,6,1.5,-1.5,8.5,Win,HOME,0.0144473453300431,-175.0,,1.5,8.5,0.0252828543275754,0.6455574015736638,Day,0.01_to_0.0199,minus_199_to_minus_150,1.0_to_1.9,5_to_9.9,0.02_to_0.0299,60_to_64.9,60_to_64.9,8.5_to_9.0,+1.5
63299187,baseball,mlb,2026_06_17,02:10 PM,Houston Astros,Detroit Tigers,moneyline,away,,away_moneyline,-112.0,0.5716374458777439,0.0820280225543008,0.0918713852608169,False,824178,1,final,2026-08-28T17:43:21.077345+00:00,4,2,6,1.5,-1.5,8.5,Loss,AWAY,0.0820280225543008,-112.0,-112.0,-1.5,8.5,0.0918713852608169,0.5716374458777439,Day,0.075_to_0.0999,minus_124_to_minus_110,1.0_to_1.9,5_to_9.9,0.05_to_0.0999,55_to_59.9,55_to_59.9,8.5_to_9.0,-1.5
63301455,baseball,mlb,2026_06_17,08:05 PM,Chicago Cubs,Colorado Rockies,run_line,away,1.5,away_run_line,-126.0,0.6020605874751063,0.0798864505505874,0.10065692769374,False,824668,1,final,2026-08-28T17:43:21.077345+00:00,8,6,14,-1.5,1.5,10.0,Loss,AWAY,0.0798864505505874,-126.0,,1.5,10.0,0.10065692769374,0.6020605874751063,Night,0.075_to_0.0999,minus_149_to_minus_125,1.0_to_1.9,10_to_14.9,0.10_to_0.1499,60_to_64.9,60_to_64.9,10.0_to_10.5,+1.5
63301575,baseball,mlb,2026_06_17,09:40 PM,Seattle Mariners,Baltimore Orioles,run_line,home,-1.5,home_run_line,148.0,0.4059358526152478,0.0067209144858144,0.0045411584363611,False,823127,1,final,2026-08-28T17:43:21.077345+00:00,3,5,8,-1.5,1.5,7.5,Loss,HOME,0.0067209144858144,148.0,,-1.5,7.5,0.0045411584363611,0.4059358526152478,Night,0.00_to_0.0099,plus_126_to_plus_150,1.0_to_1.9,5_to_9.9,0.001_to_0.0099,<50,<50,7.5_to_8.0,-1.5
63301915,baseball,mlb,2026_06_17,09:40 PM,Athletics,Pittsburgh Pirates,run_line,away,-1.5,away_run_line,127.0,0.6112452592607173,0.3875267385218282,0.3051391641904158,False,,,final,2026-08-28T17:43:21.077345+00:00,4,12,16,,,,Win,AWAY,0.3875267385218282,127.0,,,,0.3051391641904158,0.6112452592607173,Night,0.10_plus,plus_126_to_plus_150,UNBUCKETED,UNBUCKETED,0.20_plus,60_to_64.9,60_to_64.9,UNBUCKETED,UNBUCKETED
63301973,baseball,mlb,2026_06_17,07:40 PM,Milwaukee Brewers,Cleveland Guardians,run_line,home,-1.5,home_run_line,169.0,0.3933402066603211,0.0580851559162638,0.0343699147433513,False,823774,1,final,2026-08-28T17:43:21.077345+00:00,9,4,13,-1.5,1.5,7.5,Win,HOME,0.0580851559162638,169.0,,-1.5,7.5,0.0343699147433513,0.3933402066603211,Night,0.05_to_0.0749,plus_151_to_plus_200,1.0_to_1.9,5_to_9.9,0.03_to_0.0499,<50,<50,7.5_to_8.0,-1.5
63302151,baseball,mlb,2026_06_17,01:05 PM,Philadelphia Phillies,Miami Marlins,run_line,away,-1.5,away_run_line,152.0,0.477871591595806,0.2042364108214311,0.1343660597509415,False,823450,1,final,2026-08-28T17:43:21.077345+00:00,4,12,16,1.5,-1.5,9.0,Win,AWAY,0.2042364108214311,152.0,,-1.5,9.0,0.1343660597509415,0.477871591595806,Day,0.10_plus,plus_151_to_plus_200,1.0_to_1.9,5_to_9.9,0.10_to_0.1499,<50,<50,9.0_to_9.5,-1.5
63302257,baseball,mlb,2026_06_17,07:15 PM,Atlanta Braves,San Francisco Giants,run_line,away,1.5,away_run_line,-163.0,0.6202661194563628,0.0007974810860331,0.0012998941702341,False,824913,1,final,2026-08-28T17:43:21.077345+00:00,5,7,12,-1.5,1.5,9.5,Win,AWAY,0.0007974810860331,-163.0,,1.5,9.5,0.0012998941702341,0.6202661194563628,Night,0.00_to_0.0099,minus_199_to_minus_150,1.0_to_1.9,5_to_9.9,0.001_to_0.0099,60_to_64.9,60_to_64.9,9.5_to_10.0,+1.5
63302895,baseball,mlb,2026_06_17,03:40 PM,Arizona Diamondbacks,Los Angeles Angels,run_line,away,1.5,away_run_line,-144.0,0.66669822034982,0.1296830955927503,0.1867436576535607,False,825072,1,final,2026-08-28T17:43:21.077345+00:00,8,1,9,-1.5,1.5,9.0,Loss,AWAY,0.1296830955927503,-144.0,,1.5,9.0,0.1867436576535607,0.66669822034982,Day,0.10_plus,minus_149_to_minus_125,1.0_to_1.9,5_to_9.9,0.15_to_0.1999,65_to_69.9,65_to_69.9,9.0_to_9.5,+1.5
63303305,baseball,mlb,2026_06_17,07:05 PM,New York Yankees,Chicago White Sox,run_line,home,-1.5,home_run_line,110.0,0.5368547660327695,0.127395008668816,0.1158136442443782,False,823536,1,final,2026-08-28T17:43:21.077345+00:00,10,5,15,-1.5,1.5,8.5,Win,HOME,0.127395008668816,110.0,,-1.5,8.5,0.1158136442443782,0.5368547660327695,Night,0.10_plus,plus_101_to_plus_125,1.0_to_1.9,5_to_9.9,0.10_to_0.1499,50_to_54.9,50_to_54.9,8.5_to_9.0,-1.5
63299273,baseball,mlb,2026_06_18,07:05 PM,New York Yankees,Chicago White Sox,run_line,away,1.5,away_run_line,-149.0,0.6053810829498782,0.0116771117752998,0.0173988965451967,False,823533,1,final,2026-08-28T17:43:21.077345+00:00,1,5,6,-1.5,1.5,9.5,Win,AWAY,0.0116771117752998,-149.0,,1.5,9.5,0.0173988965451967,0.6053810829498782,Night,0.01_to_0.0199,minus_149_to_minus_125,1.0_to_1.9,5_to_9.9,0.01_to_0.0199,60_to_64.9,60_to_64.9,9.5_to_10.0,+1.5
63301219,baseball,mlb,2026_06_18,02:10 PM,Milwaukee Brewers,Cleveland Guardians,run_line,away,1.5,away_run_line,-188.0,0.7201618861921995,0.1032267192731566,0.1940662322335343,False,823772,1,final,2026-08-28T17:43:21.077345+00:00,2,4,6,-1.5,1.5,7.5,Win,AWAY,0.1032267192731566,-188.0,,1.5,7.5,0.1940662322335343,0.7201618861921995,Day,0.10_plus,minus_199_to_minus_150,1.0_to_1.9,5_to_9.9,0.15_to_0.1999,70_to_74.9,70_to_74.9,7.5_to_8.0,+1.5
63301439,baseball,mlb,2026_06_18,07:40 PM,Kansas City Royals,St Louis Cardinals,moneyline,away,,away_moneyline,102.0,0.542581949332227,0.0960155376510987,0.0941328800500966,False,,,final,2026-08-28T17:43:21.077345+00:00,14,6,20,,,,Loss,AWAY,0.0960155376510987,102.0,102.0,,,0.0941328800500966,0.542581949332227,Night,0.075_to_0.0999,plus_101_to_plus_125,UNBUCKETED,UNBUCKETED,0.05_to_0.0999,50_to_54.9,50_to_54.9,UNBUCKETED,UNBUCKETED
63302879,baseball,mlb,2026_06_18,06:40 PM,Philadelphia Phillies,New York Mets,run_line,away,1.5,away_run_line,-192.0,0.7693951900363674,0.1701218515136422,0.3266339549061929,False,823448,1,final,2026-08-28T17:43:21.077345+00:00,4,6,10,-1.5,1.5,9.5,Win,AWAY,0.1701218515136422,-192.0,,1.5,9.5,0.3266339549061929,0.7693951900363674,Night,0.10_plus,minus_199_to_minus_150,1.0_to_1.9,5_to_9.9,0.20_plus,75_to_79.9,75_to_79.9,9.5_to_10.0,+1.5
63302927,baseball,mlb,2026_06_18,02:35 PM,Texas Rangers,Minnesota Twins,run_line,away,-1.5,away_run_line,129.0,0.5261149697162559,0.204803280650226,0.1587622330621907,False,822889,1,final,2026-08-28T17:43:21.077345+00:00,3,9,12,1.5,-1.5,7.5,Win,AWAY,0.204803280650226,129.0,,-1.5,7.5,0.1587622330621907,0.5261149697162559,Day,0.10_plus,plus_126_to_plus_150,1.0_to_1.9,5_to_9.9,0.15_to_0.1999,50_to_54.9,50_to_54.9,7.5_to_8.0,-1.5
63299291,baseball,mlb,2026_06_19,07:10 PM,Tampa Bay Rays,Washington Nationals,run_line,away,1.5,away_run_line,-212.0,0.69565413884608,0.0237928835847969,0.0504409131997696,False,822966,1,final,2026-08-28T17:43:21.077345+00:00,5,2,7,-1.5,1.5,8.0,Loss,AWAY,0.0237928835847969,-212.0,,1.5,8.0,0.0504409131997696,0.69565413884608,Night,0.02_to_0.0299,minus_200_or_lower,1.0_to_1.9,5_to_9.9,0.05_to_0.0999,65_to_69.9,65_to_69.9,8.0_to_8.5,+1.5
63300891,baseball,mlb,2026_06_19,10:10 PM,Seattle Mariners,Boston Red Sox,run_line,away,1.5,away_run_line,-200.0,0.7913408581312148,0.1870112871968221,0.3740225743936444,False,823124,1,final,2026-08-28T17:43:21.077345+00:00,2,6,8,-1.5,1.5,7.0,Win,AWAY,0.1870112871968221,-200.0,,1.5,7.0,0.3740225743936444,0.7913408581312148,Night,0.10_plus,minus_200_or_lower,1.0_to_1.9,5_to_9.9,0.20_plus,75_to_79.9,75_to_79.9,7.0_to_7.5,+1.5
63300891,baseball,mlb,2026_06_19,10:10 PM,Seattle Mariners,Boston Red Sox,total,over,7.0,over_total,100.0,0.5151028503590103,0.1733806262832471,0.2023524187800201,False,823124,1,final,2026-08-28T17:43:21.077345+00:00,2,6,8,-1.5,1.5,7.0,Win,OVER,0.1733806262832471,100.0,,,7.0,0.2023524187800201,0.5151028503590103,Night,0.10_plus,minus_100_to_plus_100,UNBUCKETED,5_to_9.9,0.20_plus,50_to_54.9,50_to_54.9,7.0_to_7.5,UNBUCKETED
63300939,baseball,mlb,2026_06_19,09:40 PM,Athletics,Los Angeles Angels,run_line,away,1.5,away_run_line,-147.0,0.8012399072543017,0.3463010686517858,0.5090625709181252,False,,,final,2026-08-28T17:43:21.077345+00:00,12,11,23,,,,Win,AWAY,0.3463010686517858,-147.0,,,,0.5090625709181252,0.8012399072543017,Night,0.10_plus,minus_149_to_minus_125,UNBUCKETED,UNBUCKETED,0.20_plus,80_plus,80_plus,UNBUCKETED,UNBUCKETED
63300951,baseball,mlb,2026_06_19,10:10 PM,Los Angeles Dodgers,Baltimore Orioles,run_line,away,1.5,away_run_line,-120.0,0.6857839969377122,0.2572706610524722,0.3087247932629668,False,823936,1,final,2026-08-28T17:43:21.077345+00:00,6,5,11,-1.5,1.5,9.5,Win,AWAY,0.2572706610524722,-120.0,,1.5,9.5,0.3087247932629668,0.6857839969377122,Night,0.10_plus,minus_124_to_minus_110,1.0_to_1.9,5_to_9.9,0.20_plus,65_to_69.9,65_to_69.9,9.5_to_10.0,+1.5
63301421,baseball,mlb,2026_06_19,08:15 PM,Kansas City Royals,St Louis Cardinals,run_line,home,1.5,home_run_line,-156.0,0.7326929830157373,0.2023679721283893,0.3156940365202873,False,,,final,2026-08-28T17:43:21.077345+00:00,6,5,11,,,,Win,HOME,0.2023679721283893,-156.0,,,,0.3156940365202873,0.7326929830157373,Night,0.10_plus,minus_199_to_minus_150,UNBUCKETED,UNBUCKETED,0.20_plus,70_to_74.9,70_to_74.9,UNBUCKETED,UNBUCKETED
63301437,baseball,mlb,2026_06_19,08:05 PM,Texas Rangers,San Diego Padres,run_line,home,-1.5,home_run_line,136.0,0.4708749511120759,0.1112648846244992,0.0818124151650729,False,822886,1,final,2026-08-28T17:43:21.077345+00:00,9,7,16,-1.5,1.5,7.0,Win,HOME,0.1112648846244992,136.0,,-1.5,7.0,0.0818124151650729,0.4708749511120759,Night,0.10_plus,plus_126_to_plus_150,1.0_to_1.9,5_to_9.9,0.05_to_0.0999,<50,<50,7.0_to_7.5,-1.5
63301885,baseball,mlb,2026_06_19,02:20 PM,Chicago Cubs,Toronto Blue Jays,run_line,home,1.5,home_run_line,-212.0,0.9201806668718718,0.3542281512453964,0.7509636806402402,False,824663,1,final,2026-08-28T17:43:21.077345+00:00,16,2,18,1.5,-1.5,7.0,Win,HOME,0.3542281512453964,-212.0,,1.5,7.0,0.7509636806402402,0.9201806668718718,Day,0.10_plus,minus_200_or_lower,1.0_to_1.9,5_to_9.9,0.20_plus,80_plus,80_plus,7.0_to_7.5,+1.5
63302153,baseball,mlb,2026_06_19,09:45 PM,Arizona Diamondbacks,Minnesota Twins,run_line,away,1.5,away_run_line,-149.0,0.6619459183964624,0.106204924031672,0.1582453368071914,False,825069,1,final,2026-08-28T17:43:21.077345+00:00,9,5,14,-1.5,1.5,8.5,Loss,AWAY,0.106204924031672,-149.0,,1.5,8.5,0.1582453368071914,0.6619459183964624,Night,0.10_plus,minus_149_to_minus_125,1.0_to_1.9,5_to_9.9,0.15_to_0.1999,65_to_69.9,65_to_69.9,8.5_to_9.0,+1.5
63302347,baseball,mlb,2026_06_19,08:10 PM,Houston Astros,Cleveland Guardians,run_line,away,1.5,away_run_line,-204.0,0.7239271214610012,0.078793357471296,0.1607384492414438,False,824179,1,final,2026-08-28T17:43:21.077345+00:00,9,3,12,-1.5,1.5,8.5,Loss,AWAY,0.078793357471296,-204.0,,1.5,8.5,0.1607384492414438,0.7239271214610012,Night,0.075_to_0.0999,minus_200_or_lower,1.0_to_1.9,5_to_9.9,0.15_to_0.1999,70_to_74.9,70_to_74.9,8.5_to_9.0,+1.5
63302793,baseball,mlb,2026_06_19,07:15 PM,Atlanta Braves,Milwaukee Brewers,moneyline,away,,away_moneyline,-196.0,0.7275880342847459,0.0988064191239019,0.1936605814828479,False,824910,1,final,2026-08-28T17:43:21.077345+00:00,3,2,5,1.5,-1.5,7.5,Loss,AWAY,0.0988064191239019,-196.0,-196.0,-1.5,7.5,0.1936605814828479,0.7275880342847459,Night,0.075_to_0.0999,minus_199_to_minus_150,1.0_to_1.9,5_to_9.9,0.15_to_0.1999,70_to_74.9,70_to_74.9,7.5_to_8.0,-1.5
63302851,baseball,mlb,2026_06_19,08:40 PM,Colorado Rockies,Pittsburgh Pirates,run_line,home,1.5,home_run_line,-131.0,0.6479077119581094,0.142493751620788,0.1866668146232324,False,824345,1,final,2026-08-28T17:43:21.077345+00:00,4,3,7,1.5,-1.5,11.5,Win,HOME,0.142493751620788,-131.0,,1.5,11.5,0.1866668146232324,0.6479077119581094,Night,0.10_plus,minus_149_to_minus_125,1.0_to_1.9,10_to_14.9,0.15_to_0.1999,60_to_64.9,60_to_64.9,11.5_to_12.0,+1.5
63302851,baseball,mlb,2026_06_19,08:40 PM,Colorado Rockies,Pittsburgh Pirates,total,under,11.5,under_total,-114.0,0.7605679182938222,0.4277327589024382,0.4876153451487795,False,824345,1,final,2026-08-28T17:43:21.077345+00:00,4,3,7,1.5,-1.5,11.5,Win,UNDER,0.4277327589024382,-114.0,,,11.5,0.4876153451487795,0.7605679182938222,Night,0.10_plus,minus_124_to_minus_110,UNBUCKETED,10_to_14.9,0.20_plus,75_to_79.9,75_to_79.9,11.5_to_12.0,UNBUCKETED
63303341,baseball,mlb,2026_06_19,07:05 PM,New York Yankees,Cincinnati Reds,run_line,away,1.5,away_run_line,106.0,0.540420145582702,0.1132654999003661,0.1068542451890246,False,823534,1,final,2026-08-28T17:43:21.077345+00:00,5,0,5,-1.5,1.5,8.5,Loss,AWAY,0.1132654999003661,106.0,,1.5,8.5,0.1068542451890246,0.540420145582702,Night,0.10_plus,plus_101_to_plus_125,1.0_to_1.9,5_to_9.9,0.10_to_0.1499,50_to_54.9,50_to_54.9,8.5_to_9.0,+1.5
63303633,baseball,mlb,2026_06_19,06:40 PM,Detroit Tigers,Chicago White Sox,run_line,away,1.5,away_run_line,-112.0,0.7733384171966567,0.4638191468365287,0.5194774444569124,False,824264,1,final,2026-08-28T17:43:21.077345+00:00,4,3,7,-1.5,1.5,8.0,Win,AWAY,0.4638191468365287,-112.0,,1.5,8.0,0.5194774444569124,0.7733384171966567,Night,0.10_plus,minus_124_to_minus_110,1.0_to_1.9,5_to_9.9,0.20_plus,75_to_79.9,75_to_79.9,8.0_to_8.5,+1.5
63299285,baseball,mlb,2026_06_20,09:10 PM,Colorado Rockies,Pittsburgh Pirates,run_line,home,1.5,home_run_line,108.0,0.6270616633226627,0.3042882597111385,0.2817483886214244,False,824342,1,final,2026-08-28T17:43:21.077345+00:00,2,1,3,1.5,-1.5,10.5,Win,HOME,0.3042882597111385,108.0,,1.5,10.5,0.2817483886214244,0.6270616633226627,Night,0.10_plus,plus_101_to_plus_125,1.0_to_1.9,10_to_14.9,0.20_plus,60_to_64.9,60_to_64.9,10.5_to_11.0,+1.5
63300883,baseball,mlb,2026_06_20,01:10 PM,Detroit Tigers,Chicago White Sox,run_line,away,1.5,away_run_line,-172.0,0.6362573566064591,0.006174424400912,0.0106200099695688,False,824263,1,final,2026-08-28T17:43:21.077345+00:00,4,1,5,-1.5,1.5,8.5,Loss,AWAY,0.006174424400912,-172.0,,1.5,8.5,0.0106200099695688,0.6362573566064591,Day,0.00_to_0.0099,minus_199_to_minus_150,1.0_to_1.9,5_to_9.9,0.01_to_0.0199,60_to_64.9,60_to_64.9,8.5_to_9.0,+1.5
63300899,baseball,mlb,2026_06_20,07:15 PM,Houston Astros,Cleveland Guardians,run_line,away,1.5,away_run_line,-175.0,0.7915274427469431,0.243828838602339,0.4267004675540934,False,824180,1,final,2026-08-28T17:43:21.077345+00:00,1,8,9,-1.5,1.5,8.5,Win,AWAY,0.243828838602339,-175.0,,1.5,8.5,0.4267004675540934,0.7915274427469431,Night,0.10_plus,minus_199_to_minus_150,1.0_to_1.9,5_to_9.9,0.20_plus,75_to_79.9,75_to_79.9,8.5_to_9.0,+1.5
63301109,baseball,mlb,2026_06_20,10:10 PM,Los Angeles Dodgers,Baltimore Orioles,run_line,away,1.5,away_run_line,102.0,0.7128066717146154,0.4398694768635232,0.4312445851603168,False,823937,1,final,2026-08-28T17:43:21.077345+00:00,2,3,5,-1.5,1.5,8.5,Win,AWAY,0.4398694768635232,102.0,,1.5,8.5,0.4312445851603168,0.7128066717146154,Night,0.10_plus,plus_101_to_plus_125,1.0_to_1.9,5_to_9.9,0.20_plus,70_to_74.9,70_to_74.9,8.5_to_9.0,+1.5
63301429,baseball,mlb,2026_06_20,10:05 PM,Athletics,Los Angeles Angels,run_line,away,1.5,away_run_line,-149.0,0.6608461614063088,0.1043670751018179,0.1555069419017088,False,,,final,2026-08-28T17:43:21.077345+00:00,0,7,7,,,,Win,AWAY,0.1043670751018179,-149.0,,,,0.1555069419017088,0.6608461614063088,Night,0.10_plus,minus_149_to_minus_125,UNBUCKETED,UNBUCKETED,0.15_to_0.1999,65_to_69.9,65_to_69.9,UNBUCKETED,UNBUCKETED
63301531,baseball,mlb,2026_06_20,07:15 PM,Philadelphia Phillies,New York Mets,run_line,home,-1.5,home_run_line,123.0,0.5788360087137573,0.2908042994316788,0.2364262597005518,False,823447,1,final,2026-08-28T17:43:21.077345+00:00,15,3,18,-1.5,1.5,7.5,Win,HOME,0.2908042994316788,123.0,,-1.5,7.5,0.2364262597005518,0.5788360087137573,Night,0.10_plus,plus_101_to_plus_125,1.0_to_1.9,5_to_9.9,0.20_plus,55_to_59.9,55_to_59.9,7.5_to_8.0,-1.5
63301845,baseball,mlb,2026_06_20,01:35 PM,New York Yankees,Cincinnati Reds,run_line,away,1.5,away_run_line,-123.0,0.7449380969969991,0.350578826262852,0.4312119563033079,False,823532,1,final,2026-08-28T17:43:21.077345+00:00,2,10,12,-1.5,1.5,9.5,Win,AWAY,0.350578826262852,-123.0,,1.5,9.5,0.4312119563033079,0.7449380969969991,Day,0.10_plus,minus_124_to_minus_110,1.0_to_1.9,5_to_9.9,0.20_plus,70_to_74.9,70_to_74.9,9.5_to_10.0,+1.5
63302497,baseball,mlb,2026_06_20,04:10 PM,Tampa Bay Rays,Washington Nationals,run_line,home,1.5,home_run_line,-204.0,0.6941961920005117,0.0344884429811547,0.0703564236815557,False,822967,1,final,2026-08-28T17:43:21.077345+00:00,3,4,7,1.5,-1.5,8.5,Win,HOME,0.0344884429811547,-204.0,,1.5,8.5,0.0703564236815557,0.6941961920005117,Day,0.03_to_0.0399,minus_200_or_lower,1.0_to_1.9,5_to_9.9,0.05_to_0.0999,65_to_69.9,65_to_69.9,8.5_to_9.0,+1.5
63303135,baseball,mlb,2026_06_20,04:10 PM,Atlanta Braves,Milwaukee Brewers,run_line,away,1.5,away_run_line,-200.0,0.672262259370882,0.008393389056323,0.016786778112646,False,824909,1,final,2026-08-28T17:43:21.077345+00:00,4,3,7,-1.5,1.5,7.0,Win,AWAY,0.008393389056323,-200.0,,1.5,7.0,0.016786778112646,0.672262259370882,Day,0.00_to_0.0099,minus_200_or_lower,1.0_to_1.9,5_to_9.9,0.01_to_0.0199,65_to_69.9,65_to_69.9,7.0_to_7.5,+1.5
63303789,baseball,mlb,2026_06_20,10:10 PM,Arizona Diamondbacks,Minnesota Twins,run_line,away,1.5,away_run_line,-181.0,0.8499748813698581,0.3195742633421554,0.5784294166493013,False,825068,1,final,2026-08-28T17:43:21.077345+00:00,8,16,24,-1.5,1.5,9.5,Win,AWAY,0.3195742633421554,-181.0,,1.5,9.5,0.5784294166493013,0.8499748813698581,Night,0.10_plus,minus_199_to_minus_150,1.0_to_1.9,5_to_9.9,0.20_plus,80_plus,80_plus,9.5_to_10.0,+1.5
63303789,baseball,mlb,2026_06_20,10:10 PM,Arizona Diamondbacks,Minnesota Twins,total,over,9.5,over_total,100.0,0.6899175676724334,0.3798351353448668,0.3798351353448668,False,825068,1,final,2026-08-28T17:43:21.077345+00:00,8,16,24,-1.5,1.5,9.5,Win,OVER,0.3798351353448668,100.0,,,9.5,0.3798351353448668,0.6899175676724334,Night,0.10_plus,minus_100_to_plus_100,UNBUCKETED,5_to_9.9,0.20_plus,65_to_69.9,65_to_69.9,9.5_to_10.0,UNBUCKETED
63304155,baseball,mlb,2026_06_20,10:10 PM,Seattle Mariners,Boston Red Sox,run_line,away,1.5,away_run_line,-222.0,0.7064557318304177,0.0246790344567318,0.0547874564939446,False,823126,1,final,2026-08-28T17:43:21.077345+00:00,1,5,6,-1.5,1.5,7.5,Win,AWAY,0.0246790344567318,-222.0,,1.5,7.5,0.0547874564939446,0.7064557318304177,Night,0.02_to_0.0299,minus_200_or_lower,1.0_to_1.9,5_to_9.9,0.05_to_0.0999,70_to_74.9,70_to_74.9,7.5_to_8.0,+1.5
63300997,baseball,mlb,2026_06_21,02:10 PM,Houston Astros,Cleveland Guardians,run_line,away,1.5,away_run_line,-181.0,0.6711514648200327,0.0419533790852442,0.0759356161442919,False,824177,1,final,2026-08-28T17:43:21.077345+00:00,2,1,3,-1.5,1.5,8.5,Win,AWAY,0.0419533790852442,-181.0,,1.5,8.5,0.0759356161442919,0.6711514648200327,Day,0.04_to_0.0499,minus_199_to_minus_150,1.0_to_1.9,5_to_9.9,0.05_to_0.0999,65_to_69.9,65_to_69.9,8.5_to_9.0,+1.5
63301723,baseball,mlb,2026_06_21,04:10 PM,Los Angeles Dodgers,Baltimore Orioles,run_line,away,1.5,away_run_line,-116.0,0.832570138344181,0.5503030162270954,0.6383514988234309,False,823934,1,final,2026-08-28T17:43:21.077345+00:00,1,12,13,-1.5,1.5,9.0,Win,AWAY,0.5503030162270954,-116.0,,1.5,9.0,0.6383514988234309,0.832570138344181,Day,0.10_plus,minus_124_to_minus_110,1.0_to_1.9,5_to_9.9,0.20_plus,80_plus,80_plus,9.0_to_9.5,+1.5
63301731,baseball,mlb,2026_06_21,03:10 PM,Colorado Rockies,Pittsburgh Pirates,moneyline,away,,away_moneyline,-149.0,0.6518214892884145,0.0892855760591624,0.1330355083281521,False,824343,1,final,2026-08-28T17:43:21.077345+00:00,6,8,14,1.5,-1.5,12.0,Win,AWAY,0.0892855760591624,-149.0,-149.0,-1.5,12.0,0.1330355083281521,0.6518214892884145,Day,0.075_to_0.0999,minus_149_to_minus_125,1.0_to_1.9,10_to_14.9,0.10_to_0.1499,65_to_69.9,65_to_69.9,12.0_to_12.5,-1.5
63301739,baseball,mlb,2026_06_21,02:35 PM,Texas Rangers,San Diego Padres,run_line,home,-1.5,home_run_line,146.0,0.4184728076531664,0.0294431068267893,0.0201665115251982,False,822883,1,final,2026-08-28T17:43:21.077345+00:00,4,3,7,-1.5,1.5,7.5,Loss,HOME,0.0294431068267893,146.0,,-1.5,7.5,0.0201665115251982,0.4184728076531664,Day,0.02_to_0.0299,plus_126_to_plus_150,1.0_to_1.9,5_to_9.9,0.02_to_0.0299,<50,<50,7.5_to_8.0,-1.5
63301993,baseball,mlb,2026_06_21,07:20 PM,Philadelphia Phillies,New York Mets,run_line,away,1.5,away_run_line,-128.0,0.6043892240124966,0.0765683052722596,0.0980074307484923,False,823449,1,final,2026-08-28T17:43:21.077345+00:00,6,2,8,-1.5,1.5,8.0,Loss,AWAY,0.0765683052722596,-128.0,,1.5,8.0,0.0980074307484923,0.6043892240124966,Night,0.075_to_0.0999,minus_149_to_minus_125,1.0_to_1.9,5_to_9.9,0.05_to_0.0999,60_to_64.9,60_to_64.9,8.0_to_8.5,+1.5
63302323,baseball,mlb,2026_06_21,04:05 PM,Athletics,Los Angeles Angels,run_line,away,1.5,away_run_line,-192.0,0.7756592920462966,0.179648506653743,0.3449251327751862,False,,,final,2026-08-28T17:43:21.077345+00:00,7,9,16,,,,Win,AWAY,0.179648506653743,-192.0,,,,0.3449251327751862,0.7756592920462966,Day,0.10_plus,minus_199_to_minus_150,UNBUCKETED,UNBUCKETED,0.20_plus,75_to_79.9,75_to_79.9,UNBUCKETED,UNBUCKETED
63302349,baseball,mlb,2026_06_21,01:35 PM,Atlanta Braves,Milwaukee Brewers,run_line,away,1.5,away_run_line,-178.0,0.8120027584379523,0.2681840834030942,0.4773676684575075,False,824908,1,final,2026-08-28T17:43:21.077345+00:00,4,9,13,-1.5,1.5,8.5,Win,AWAY,0.2681840834030942,-178.0,,1.5,8.5,0.4773676684575075,0.8120027584379523,Day,0.10_plus,minus_199_to_minus_150,1.0_to_1.9,5_to_9.9,0.20_plus,80_plus,80_plus,8.5_to_9.0,+1.5
63302965,baseball,mlb,2026_06_21,01:40 PM,Miami Marlins,San Francisco Giants,run_line,home,1.5,home_run_line,-140.0,0.6832426631194328,0.1712731367761706,0.2397823914866388,False,823852,1,final,2026-08-28T17:43:21.077345+00:00,2,1,3,1.5,-1.5,8.0,Win,HOME,0.1712731367761706,-140.0,,1.5,8.0,0.2397823914866388,0.6832426631194328,Day,0.10_plus,minus_149_to_minus_125,1.0_to_1.9,5_to_9.9,0.20_plus,65_to_69.9,65_to_69.9,8.0_to_8.5,+1.5
63302965,baseball,mlb,2026_06_21,01:40 PM,Miami Marlins,San Francisco Giants,moneyline,home,,home_moneyline,122.0,0.4771398831531147,0.0592505405999146,0.0485660168851759,False,823852,1,final,2026-08-28T17:43:21.077345+00:00,2,1,3,1.5,-1.5,8.0,Win,HOME,0.0592505405999146,122.0,122.0,1.5,8.0,0.0485660168851759,0.4771398831531147,Day,0.05_to_0.0749,plus_101_to_plus_125,1.0_to_1.9,5_to_9.9,0.03_to_0.0499,<50,<50,8.0_to_8.5,+1.5
63303551,baseball,mlb,2026_06_21,02:10 PM,Kansas City Royals,St Louis Cardinals,run_line,home,1.5,home_run_line,-156.0,0.685159478472406,0.1243642723649738,0.1940082648893592,False,,,final,2026-08-28T17:43:21.077345+00:00,10,12,22,,,,Loss,HOME,0.1243642723649738,-156.0,,,,0.1940082648893592,0.685159478472406,Day,0.10_plus,minus_199_to_minus_150,UNBUCKETED,UNBUCKETED,0.15_to_0.1999,65_to_69.9,65_to_69.9,UNBUCKETED,UNBUCKETED
63303711,baseball,mlb,2026_06_21,04:10 PM,Seattle Mariners,Boston Red Sox,run_line,home,-1.5,home_run_line,162.0,0.3903905426234828,0.0228232216735249,0.0140884084404474,False,823123,1,final,2026-08-28T17:43:21.077345+00:00,3,1,4,-1.5,1.5,6.5,Win,HOME,0.0228232216735249,162.0,,-1.5,6.5,0.0140884084404474,0.3903905426234828,Day,0.02_to_0.0299,plus_151_to_plus_200,1.0_to_1.9,5_to_9.9,0.01_to_0.0199,<50,<50,6.5_to_7.0,-1.5
63299249,baseball,mlb,2026_06_22,07:07 PM,Toronto Blue Jays,Houston Astros,run_line,away,1.5,away_run_line,-208.0,0.6878628648000501,0.0185661651846895,0.0386176235841544,False,822800,1,final,2026-08-28T17:43:21.077345+00:00,4,2,6,-1.5,1.5,7.5,Loss,AWAY,0.0185661651846895,-208.0,,1.5,7.5,0.0386176235841544,0.6878628648000501,Night,0.01_to_0.0199,minus_200_or_lower,1.0_to_1.9,5_to_9.9,0.03_to_0.0499,65_to_69.9,65_to_69.9,7.5_to_8.0,+1.5
63299463,baseball,mlb,2026_06_22,07:40 PM,Minnesota Twins,Los Angeles Dodgers,total,under,9.5,under_total,-120.0,0.7449486209332765,0.3657391383776736,0.4388869660532083,False,823692,1,final,2026-08-28T17:43:21.077345+00:00,1,2,3,1.5,-1.5,9.5,Win,UNDER,0.3657391383776736,-120.0,,,9.5,0.4388869660532083,0.7449486209332765,Night,0.10_plus,minus_124_to_minus_110,UNBUCKETED,5_to_9.9,0.20_plus,70_to_74.9,70_to_74.9,9.5_to_10.0,UNBUCKETED
63300877,baseball,mlb,2026_06_22,06:10 PM,Detroit Tigers,New York Yankees,run_line,home,1.5,home_run_line,-156.0,0.686423193587619,0.1264380612719902,0.1972433755843047,False,824261,1,final,2026-08-28T17:43:21.077345+00:00,5,3,8,1.5,-1.5,8.5,Win,HOME,0.1264380612719902,-156.0,,1.5,8.5,0.1972433755843047,0.686423193587619,Night,0.10_plus,minus_199_to_minus_150,1.0_to_1.9,5_to_9.9,0.15_to_0.1999,65_to_69.9,65_to_69.9,8.5_to_9.0,+1.5
63301433,baseball,mlb,2026_06_22,07:40 PM,Chicago White Sox,Cleveland Guardians,run_line,home,1.5,home_run_line,-175.0,0.6823874981695823,0.0723232114093437,0.1265656199663513,False,824585,1,final,2026-08-28T17:43:21.077345+00:00,6,5,11,1.5,-1.5,7.5,Win,HOME,0.0723232114093437,-175.0,,1.5,7.5,0.1265656199663513,0.6823874981695823,Night,0.05_to_0.0749,minus_199_to_minus_150,1.0_to_1.9,5_to_9.9,0.10_to_0.1499,65_to_69.9,65_to_69.9,7.5_to_8.0,+1.5
63301889,baseball,mlb,2026_06_22,06:40 PM,Miami Marlins,Texas Rangers,run_line,away,1.5,away_run_line,-196.0,0.6705583871981236,0.0126800133196149,0.0248528261064456,False,823851,1,final,2026-08-28T17:43:21.077345+00:00,3,4,7,-1.5,1.5,8.5,Win,AWAY,0.0126800133196149,-196.0,,1.5,8.5,0.0248528261064456,0.6705583871981236,Night,0.01_to_0.0199,minus_199_to_minus_150,1.0_to_1.9,5_to_9.9,0.02_to_0.0299,65_to_69.9,65_to_69.9,8.5_to_9.0,+1.5
63301955,baseball,mlb,2026_06_22,08:40 PM,Colorado Rockies,Boston Red Sox,run_line,home,1.5,home_run_line,-142.0,0.5982265109526397,0.0195127862713999,0.0277081565053879,False,824344,1,final,2026-08-28T17:43:21.077345+00:00,3,2,5,1.5,-1.5,11.5,Win,HOME,0.0195127862713999,-142.0,,1.5,11.5,0.0277081565053879,0.5982265109526397,Night,0.01_to_0.0199,minus_149_to_minus_125,1.0_to_1.9,10_to_14.9,0.02_to_0.0299,55_to_59.9,55_to_59.9,11.5_to_12.0,+1.5
63302103,baseball,mlb,2026_06_22,06:40 PM,Tampa Bay Rays,Kansas City Royals,total,over,7.5,over_total,102.0,0.6479397780255167,0.3088383516115438,0.3027826976583763,False,822964,1,final,2026-08-28T17:43:21.077345+00:00,1,2,3,-1.5,1.5,7.5,Loss,OVER,0.3088383516115438,102.0,,,7.5,0.3027826976583763,0.6479397780255167,Night,0.10_plus,plus_101_to_plus_125,UNBUCKETED,5_to_9.9,0.20_plus,60_to_64.9,60_to_64.9,7.5_to_8.0,UNBUCKETED
63302293,baseball,mlb,2026_06_22,10:10 PM,San Diego Padres,Atlanta Braves,run_line,home,1.5,home_run_line,-192.0,0.6696024078753146,0.018353661977041,0.0352390309959189,False,823288,1,final,2026-08-28T17:43:21.077345+00:00,1,0,1,1.5,-1.5,7.5,Win,HOME,0.018353661977041,-192.0,,1.5,7.5,0.0352390309959189,0.6696024078753146,Night,0.01_to_0.0199,minus_199_to_minus_150,1.0_to_1.9,5_to_9.9,0.03_to_0.0499,65_to_69.9,65_to_69.9,7.5_to_8.0,+1.5
63302425,baseball,mlb,2026_06_22,07:45 PM,St Louis Cardinals,Arizona Diamondbacks,run_line,home,-1.5,home_run_line,152.0,0.3979045575016793,0.0027194849042317,0.0017891348054156,False,,,final,2026-08-28T17:43:21.077345+00:00,3,2,5,,,,Loss,HOME,0.0027194849042317,152.0,,,,0.0017891348054156,0.3979045575016793,Night,0.00_to_0.0099,plus_151_to_plus_200,UNBUCKETED,UNBUCKETED,0.001_to_0.0099,<50,<50,UNBUCKETED,UNBUCKETED
63302545,baseball,mlb,2026_06_22,07:10 PM,Cincinnati Reds,Milwaukee Brewers,run_line,home,1.5,home_run_line,-117.0,0.6293364138850267,0.1672307847269298,0.1956600181305079,False,824502,1,final,2026-08-28T17:43:21.077345+00:00,1,2,3,1.5,-1.5,9.5,Win,HOME,0.1672307847269298,-117.0,,1.5,9.5,0.1956600181305079,0.6293364138850267,Night,0.10_plus,minus_124_to_minus_110,1.0_to_1.9,5_to_9.9,0.15_to_0.1999,60_to_64.9,60_to_64.9,9.5_to_10.0,+1.5
63303145,baseball,mlb,2026_06_22,08:15 PM,Washington Nationals,Philadelphia Phillies,run_line,home,1.5,home_run_line,-172.0,0.7566777849445894,0.1966067296798159,0.3381635750492832,False,822720,1,final,2026-08-28T17:43:21.077345+00:00,4,1,5,1.5,-1.5,10.0,Win,HOME,0.1966067296798159,-172.0,,1.5,10.0,0.3381635750492832,0.7566777849445894,Night,0.10_plus,minus_199_to_minus_150,1.0_to_1.9,10_to_14.9,0.20_plus,75_to_79.9,75_to_79.9,10.0_to_10.5,+1.5
63299153,baseball,mlb,2026_06_23,06:45 PM,Washington Nationals,Philadelphia Phillies,run_line,home,1.5,home_run_line,-120.0,0.5737184623603456,0.0518171809939669,0.0621806171927603,False,822718,1,final,2026-08-28T17:43:21.077345+00:00,9,14,23,1.5,-1.5,8.5,Loss,HOME,0.0518171809939669,-120.0,,1.5,8.5,0.0621806171927603,0.5737184623603456,Night,0.05_to_0.0749,minus_124_to_minus_110,1.0_to_1.9,5_to_9.9,0.05_to_0.0999,55_to_59.9,55_to_59.9,8.5_to_9.0,+1.5
63299283,baseball,mlb,2026_06_23,09:38 PM,Los Angeles Angels,Baltimore Orioles,run_line,home,1.5,home_run_line,-126.0,0.6101946481413045,0.0944761149201176,0.1190399047993481,False,824017,1,final,2026-08-28T17:43:21.077345+00:00,5,1,6,1.5,-1.5,9.0,Win,HOME,0.0944761149201176,-126.0,,1.5,9.0,0.1190399047993481,0.6101946481413045,Night,0.075_to_0.0999,minus_149_to_minus_125,1.0_to_1.9,5_to_9.9,0.10_to_0.1499,60_to_64.9,60_to_64.9,9.0_to_9.5,+1.5
63299317,baseball,mlb,2026_06_23,09:45 PM,San Francisco Giants,Athletics,run_line,home,1.5,home_run_line,-204.0,0.7216704996414696,0.0754305484853272,0.1538783189100675,False,,,final,2026-08-28T17:43:21.077345+00:00,3,1,4,,,,Win,HOME,0.0754305484853272,-204.0,,,,0.1538783189100675,0.7216704996414696,Night,0.075_to_0.0999,minus_200_or_lower,UNBUCKETED,UNBUCKETED,0.15_to_0.1999,70_to_74.9,70_to_74.9,UNBUCKETED,UNBUCKETED
63299393,baseball,mlb,2026_06_23,07:10 PM,Cincinnati Reds,Milwaukee Brewers,run_line,home,1.5,home_run_line,-156.0,0.6263000331430829,0.0277744133630077,0.0433280848462922,False,824501,1,final,2026-08-28T17:43:21.077345+00:00,0,2,2,1.5,-1.5,10.0,Loss,HOME,0.0277744133630077,-156.0,,1.5,10.0,0.0433280848462922,0.6263000331430829,Night,0.02_to_0.0299,minus_199_to_minus_150,1.0_to_1.9,10_to_14.9,0.03_to_0.0499,60_to_64.9,60_to_64.9,10.0_to_10.5,+1.5
63299393,baseball,mlb,2026_06_23,07:10 PM,Cincinnati Reds,Milwaukee Brewers,total,under,10.0,under_total,-119.0,0.7221250100198626,0.4271019168854775,0.5635646857496743,False,824501,1,final,2026-08-28T17:43:21.077345+00:00,0,2,2,1.5,-1.5,10.0,Win,UNDER,0.4271019168854775,-119.0,,,10.0,0.5635646857496743,0.7221250100198626,Night,0.10_plus,minus_124_to_minus_110,UNBUCKETED,10_to_14.9,0.20_plus,70_to_74.9,70_to_74.9,10.0_to_10.5,UNBUCKETED
63299393,baseball,mlb,2026_06_23,07:10 PM,Cincinnati Reds,Milwaukee Brewers,moneyline,away,,away_moneyline,-123.0,0.6002298935716078,0.0882216769631589,0.1085126626646854,False,824501,1,final,2026-08-28T17:43:21.077345+00:00,0,2,2,1.5,-1.5,10.0,Win,AWAY,0.0882216769631589,-123.0,-123.0,-1.5,10.0,0.1085126626646854,0.6002298935716078,Night,0.075_to_0.0999,minus_124_to_minus_110,1.0_to_1.9,10_to_14.9,0.10_to_0.1499,60_to_64.9,60_to_64.9,10.0_to_10.5,-1.5
63301555,baseball,mlb,2026_06_23,07:20 PM,New York Mets,Chicago Cubs,run_line,away,-1.5,away_run_line,161.0,0.3938802630452148,0.0280274865480107,0.0174083767378948,False,823614,1,final,2026-08-28T17:43:21.077345+00:00,6,9,15,1.5,-1.5,8.5,Win,AWAY,0.0280274865480107,161.0,,-1.5,8.5,0.0174083767378948,0.3938802630452148,Night,0.02_to_0.0299,plus_151_to_plus_200,1.0_to_1.9,5_to_9.9,0.01_to_0.0199,<50,<50,8.5_to_9.0,-1.5
63301767,baseball,mlb,2026_06_23,08:40 PM,Colorado Rockies,Boston Red Sox,total,under,10.5,under_total,-105.0,0.7256101942361122,0.4166675220800285,0.4375008981840299,False,824340,1,final,2026-08-28T17:43:21.077345+00:00,2,5,7,1.5,-1.5,10.5,Win,UNDER,0.4166675220800285,-105.0,,,10.5,0.4375008981840299,0.7256101942361122,Night,0.10_plus,minus_109_to_minus_101,UNBUCKETED,10_to_14.9,0.20_plus,70_to_74.9,70_to_74.9,10.5_to_11.0,UNBUCKETED
63301811,baseball,mlb,2026_06_23,07:40 PM,Chicago White Sox,Cleveland Guardians,run_line,home,1.5,home_run_line,-181.0,0.7093043198261775,0.1011851595091484,0.1831451387115586,False,824584,1,final,2026-08-28T17:43:21.077345+00:00,2,1,3,1.5,-1.5,7.0,Win,HOME,0.1011851595091484,-181.0,,1.5,7.0,0.1831451387115586,0.7093043198261775,Night,0.10_plus,minus_199_to_minus_150,1.0_to_1.9,5_to_9.9,0.15_to_0.1999,70_to_74.9,70_to_74.9,7.0_to_7.5,+1.5
63302069,baseball,mlb,2026_06_23,08:05 PM,Minnesota Twins,Los Angeles Dodgers,run_line,away,-1.5,away_run_line,102.0,0.6867688206589408,0.3872730177310606,0.3796794291480985,False,823690,1,final,2026-08-28T17:43:21.077345+00:00,3,12,15,1.5,-1.5,9.0,Win,AWAY,0.3872730177310606,102.0,,-1.5,9.0,0.3796794291480985,0.6867688206589408,Night,0.10_plus,plus_101_to_plus_125,1.0_to_1.9,5_to_9.9,0.20_plus,65_to_69.9,65_to_69.9,9.0_to_9.5,-1.5
63302393,baseball,mlb,2026_06_23,06:40 PM,Detroit Tigers,New York Yankees,run_line,home,1.5,home_run_line,-181.0,0.733243461299416,0.1383503459952257,0.2504141262513588,False,824262,1,final,2026-08-28T17:43:21.077345+00:00,3,4,7,1.5,-1.5,7.5,Win,HOME,0.1383503459952257,-181.0,,1.5,7.5,0.2504141262513588,0.733243461299416,Night,0.10_plus,minus_199_to_minus_150,1.0_to_1.9,5_to_9.9,0.20_plus,70_to_74.9,70_to_74.9,7.5_to_8.0,+1.5
63302961,baseball,mlb,2026_06_23,06:40 PM,Tampa Bay Rays,Kansas City Royals,run_line,away,1.5,away_run_line,-133.0,0.5893218408644398,0.0324209693339436,0.0431198892141449,False,822963,1,final,2026-08-28T17:43:21.077345+00:00,5,12,17,-1.5,1.5,8.0,Win,AWAY,0.0324209693339436,-133.0,,1.5,8.0,0.0431198892141449,0.5893218408644398,Night,0.03_to_0.0399,minus_149_to_minus_125,1.0_to_1.9,5_to_9.9,0.03_to_0.0499,55_to_59.9,55_to_59.9,8.0_to_8.5,+1.5
63303041,baseball,mlb,2026_06_23,04:07 PM,Toronto Blue Jays,Houston Astros,run_line,away,1.5,away_run_line,-169.0,0.654806574202875,0.0422660855655228,0.0714296846057337,False,822799,1,final,2026-08-28T17:43:21.077345+00:00,7,9,16,-1.5,1.5,8.5,Win,AWAY,0.0422660855655228,-169.0,,1.5,8.5,0.0714296846057337,0.654806574202875,Day,0.04_to_0.0499,minus_199_to_minus_150,1.0_to_1.9,5_to_9.9,0.05_to_0.0999,65_to_69.9,65_to_69.9,8.5_to_9.0,+1.5
63303755,baseball,mlb,2026_06_23,07:45 PM,St Louis Cardinals,Arizona Diamondbacks,run_line,home,1.5,home_run_line,-192.0,0.7355061685137088,0.1185822979479322,0.2276780120600299,False,,,final,2026-08-28T17:43:21.077345+00:00,3,4,7,,,,Win,HOME,0.1185822979479322,-192.0,,,,0.2276780120600299,0.7355061685137088,Night,0.10_plus,minus_199_to_minus_150,UNBUCKETED,UNBUCKETED,0.20_plus,70_to_74.9,70_to_74.9,UNBUCKETED,UNBUCKETED
63303785,baseball,mlb,2026_06_23,06:40 PM,Pittsburgh Pirates,Seattle Mariners,moneyline,away,,away_moneyline,-125.0,0.607097223252169,0.0927750018539042,0.1159687523173802,False,823365,1,final,2026-08-28T17:43:21.077345+00:00,2,3,5,1.5,-1.5,8.0,Win,AWAY,0.0927750018539042,-125.0,-125.0,-1.5,8.0,0.1159687523173802,0.607097223252169,Night,0.075_to_0.0999,minus_149_to_minus_125,1.0_to_1.9,5_to_9.9,0.10_to_0.1499,60_to_64.9,60_to_64.9,8.0_to_8.5,-1.5
63300921,baseball,mlb,2026_06_24,09:45 PM,San Francisco Giants,Athletics,run_line,away,-1.5,away_run_line,138.0,0.441962552736849,0.0518708755137005,0.0375875909519568,False,,,final,2026-08-28T17:43:21.077345+00:00,2,1,3,,,,Loss,AWAY,0.0518708755137005,138.0,,,,0.0375875909519568,0.441962552736849,Night,0.05_to_0.0749,plus_126_to_plus_150,UNBUCKETED,UNBUCKETED,0.03_to_0.0499,<50,<50,UNBUCKETED,UNBUCKETED
63301239,baseball,mlb,2026_06_24,06:45 PM,Washington Nationals,Philadelphia Phillies,run_line,home,1.5,home_run_line,-144.0,0.5911564885964027,0.0016818278994601,0.0024218321752225,False,822719,1,final,2026-08-28T17:43:21.077345+00:00,4,5,9,1.5,-1.5,9.5,Win,HOME,0.0016818278994601,-144.0,,1.5,9.5,0.0024218321752225,0.5911564885964027,Night,0.00_to_0.0099,minus_149_to_minus_125,1.0_to_1.9,5_to_9.9,0.001_to_0.0099,55_to_59.9,55_to_59.9,9.5_to_10.0,+1.5
63301239,baseball,mlb,2026_06_24,06:45 PM,Washington Nationals,Philadelphia Phillies,moneyline,away,,away_moneyline,-136.0,0.6226044243987252,0.0804017952801408,0.1093464415809915,False,822719,1,final,2026-08-28T17:43:21.077345+00:00,4,5,9,1.5,-1.5,9.5,Win,AWAY,0.0804017952801408,-136.0,-136.0,-1.5,9.5,0.1093464415809915,0.6226044243987252,Night,0.075_to_0.0999,minus_149_to_minus_125,1.0_to_1.9,5_to_9.9,0.10_to_0.1499,60_to_64.9,60_to_64.9,9.5_to_10.0,-1.5
63301513,baseball,mlb,2026_06_24,07:40 PM,Minnesota Twins,Los Angeles Dodgers,run_line,home,1.5,home_run_line,-114.0,0.6164566255759732,0.1572080515198095,0.1792171787325827,False,823691,1,final,2026-08-28T17:43:21.077345+00:00,3,4,7,1.5,-1.5,7.5,Win,HOME,0.1572080515198095,-114.0,,1.5,7.5,0.1792171787325827,0.6164566255759732,Night,0.10_plus,minus_124_to_minus_110,1.0_to_1.9,5_to_9.9,0.15_to_0.1999,60_to_64.9,60_to_64.9,7.5_to_8.0,+1.5
63301559,baseball,mlb,2026_06_24,03:10 PM,Colorado Rockies,Boston Red Sox,run_line,home,1.5,home_run_line,-111.0,0.6024059541756934,0.1451140210006425,0.1610765633107131,False,824341,1,final,2026-08-28T17:43:21.077345+00:00,8,6,14,1.5,-1.5,11.0,Win,HOME,0.1451140210006425,-111.0,,1.5,11.0,0.1610765633107131,0.6024059541756934,Day,0.10_plus,minus_124_to_minus_110,1.0_to_1.9,10_to_14.9,0.15_to_0.1999,60_to_64.9,60_to_64.9,11.0_to_11.5,+1.5
63301625,baseball,mlb,2026_06_24,06:40 PM,Detroit Tigers,New York Yankees,run_line,away,1.5,away_run_line,-181.0,0.7136149297784113,0.1078773219211799,0.1952579526773358,False,824259,1,final,2026-08-28T17:43:21.077345+00:00,2,4,6,-1.5,1.5,7.5,Win,AWAY,0.1078773219211799,-181.0,,1.5,7.5,0.1952579526773358,0.7136149297784113,Night,0.10_plus,minus_199_to_minus_150,1.0_to_1.9,5_to_9.9,0.15_to_0.1999,70_to_74.9,70_to_74.9,7.5_to_8.0,+1.5
63301921,baseball,mlb,2026_06_24,06:40 PM,Tampa Bay Rays,Kansas City Royals,run_line,home,-1.5,home_run_line,142.0,0.5108136908401332,0.2361691318331222,0.1663162900233255,False,822965,1,final,2026-08-28T17:43:21.077345+00:00,5,3,8,-1.5,1.5,7.5,Win,HOME,0.2361691318331222,142.0,,-1.5,7.5,0.1663162900233255,0.5108136908401332,Night,0.10_plus,plus_126_to_plus_150,1.0_to_1.9,5_to_9.9,0.15_to_0.1999,50_to_54.9,50_to_54.9,7.5_to_8.0,-1.5
63302013,baseball,mlb,2026_06_24,07:45 PM,St Louis Cardinals,Arizona Diamondbacks,run_line,home,1.5,home_run_line,-192.0,0.7710130530754296,0.172582351552216,0.3313581149802546,False,,,final,2026-08-28T17:43:21.077345+00:00,4,9,13,,,,Loss,HOME,0.172582351552216,-192.0,,,,0.3313581149802546,0.7710130530754296,Night,0.10_plus,minus_199_to_minus_150,UNBUCKETED,UNBUCKETED,0.20_plus,75_to_79.9,75_to_79.9,UNBUCKETED,UNBUCKETED
63302109,baseball,mlb,2026_06_24,04:50 PM,Chicago White Sox,Cleveland Guardians,run_line,home,1.5,home_run_line,-169.0,0.6534079949933748,0.0400399446935963,0.067667506532178,False,824583,1,final,2026-08-28T17:43:21.077345+00:00,3,4,7,1.5,-1.5,8.5,Win,HOME,0.0400399446935963,-169.0,,1.5,8.5,0.067667506532178,0.6534079949933748,Day,0.04_to_0.0499,minus_199_to_minus_150,1.0_to_1.9,5_to_9.9,0.05_to_0.0999,65_to_69.9,65_to_69.9,8.5_to_9.0,+1.5
63302173,baseball,mlb,2026_06_24,06:40 PM,Pittsburgh Pirates,Seattle Mariners,run_line,home,1.5,home_run_line,-204.0,0.7185511186533624,0.0707820591697165,0.1443954007062218,False,823367,1,final,2026-08-28T17:43:21.077345+00:00,11,1,12,1.5,-1.5,7.5,Win,HOME,0.0707820591697165,-204.0,,1.5,7.5,0.1443954007062218,0.7185511186533624,Night,0.05_to_0.0749,minus_200_or_lower,1.0_to_1.9,5_to_9.9,0.10_to_0.1499,70_to_74.9,70_to_74.9,7.5_to_8.0,+1.5
63302371,baseball,mlb,2026_06_24,12:10 PM,Miami Marlins,Texas Rangers,run_line,home,1.5,home_run_line,-163.0,0.7545420094141775,0.2174512176437342,0.3544454847592868,False,823850,1,final,2026-08-28T17:43:21.077345+00:00,4,2,6,1.5,-1.5,7.5,Win,HOME,0.2174512176437342,-163.0,,1.5,7.5,0.3544454847592868,0.7545420094141775,Day,0.10_plus,minus_199_to_minus_150,1.0_to_1.9,5_to_9.9,0.20_plus,75_to_79.9,75_to_79.9,7.5_to_8.0,+1.5
63302397,baseball,mlb,2026_06_24,07:07 PM,Toronto Blue Jays,Houston Astros,run_line,away,1.5,away_run_line,-158.0,0.7186649751881755,0.1735162253072737,0.2741556359854926,False,822798,1,final,2026-08-28T17:43:21.077345+00:00,1,3,4,-1.5,1.5,8.5,Win,AWAY,0.1735162253072737,-158.0,,1.5,8.5,0.2741556359854926,0.7186649751881755,Night,0.10_plus,minus_199_to_minus_150,1.0_to_1.9,5_to_9.9,0.20_plus,70_to_74.9,70_to_74.9,8.5_to_9.0,+1.5
63302973,baseball,mlb,2026_06_24,07:10 PM,Cincinnati Reds,Milwaukee Brewers,run_line,home,1.5,home_run_line,-131.0,0.6652586354149214,0.1730896548156244,0.2267474478084682,False,824500,1,final,2026-08-28T17:43:21.077345+00:00,5,6,11,1.5,-1.5,9.0,Win,HOME,0.1730896548156244,-131.0,,1.5,9.0,0.2267474478084682,0.6652586354149214,Night,0.10_plus,minus_149_to_minus_125,1.0_to_1.9,5_to_9.9,0.20_plus,65_to_69.9,65_to_69.9,9.0_to_9.5,+1.5
63303367,baseball,mlb,2026_06_24,08:40 PM,San Diego Padres,Atlanta Braves,run_line,home,1.5,home_run_line,-161.0,0.743990242582625,0.2060959833171747,0.3318145331406512,False,823284,1,final,2026-08-28T17:43:21.077345+00:00,5,2,7,1.5,-1.5,7.5,Win,HOME,0.2060959833171747,-161.0,,1.5,7.5,0.3318145331406512,0.743990242582625,Night,0.10_plus,minus_199_to_minus_150,1.0_to_1.9,5_to_9.9,0.20_plus,70_to_74.9,70_to_74.9,7.5_to_8.0,+1.5
63303619,baseball,mlb,2026_06_24,04:07 PM,Los Angeles Angels,Baltimore Orioles,run_line,away,1.5,away_run_line,-196.0,0.7413645859808202,0.1196118237261365,0.2344391745032278,False,824018,1,final,2026-08-28T17:43:21.077345+00:00,7,6,13,-1.5,1.5,9.5,Win,AWAY,0.1196118237261365,-196.0,,1.5,9.5,0.2344391745032278,0.7413645859808202,Day,0.10_plus,minus_199_to_minus_150,1.0_to_1.9,5_to_9.9,0.20_plus,70_to_74.9,70_to_74.9,9.5_to_10.0,+1.5
63299215,baseball,mlb,2026_06_25,07:10 PM,New York Mets,Chicago Cubs,run_line,home,1.5,home_run_line,-196.0,0.7153843739017665,0.0803764014026675,0.1575377467492286,False,823612,1,final,2026-08-28T17:43:21.077345+00:00,3,4,7,1.5,-1.5,8.5,Win,HOME,0.0803764014026675,-196.0,,1.5,8.5,0.1575377467492286,0.7153843739017665,Night,0.075_to_0.0999,minus_199_to_minus_150,1.0_to_1.9,5_to_9.9,0.15_to_0.1999,70_to_74.9,70_to_74.9,8.5_to_9.0,+1.5
63299439,baseball,mlb,2026_06_25,07:07 PM,Toronto Blue Jays,Texas Rangers,run_line,away,1.5,away_run_line,-175.0,0.7508652999567778,0.179931185646365,0.3148795748811387,False,822797,1,final,2026-08-28T17:43:21.077345+00:00,5,6,11,-1.5,1.5,8.0,Win,AWAY,0.179931185646365,-175.0,,1.5,8.0,0.3148795748811387,0.7508652999567778,Night,0.10_plus,minus_199_to_minus_150,1.0_to_1.9,5_to_9.9,0.20_plus,75_to_79.9,75_to_79.9,8.0_to_8.5,+1.5
63301117,baseball,mlb,2026_06_25,03:45 PM,San Francisco Giants,Athletics,run_line,home,-1.5,home_run_line,164.0,0.45485107177842,0.2008068294950289,0.1224431887164809,False,,,final,2026-08-28T17:43:21.077345+00:00,6,9,15,,,,Loss,HOME,0.2008068294950289,164.0,,,,0.1224431887164809,0.45485107177842,Day,0.10_plus,plus_151_to_plus_200,UNBUCKETED,UNBUCKETED,0.10_to_0.1499,<50,<50,UNBUCKETED,UNBUCKETED
63301949,baseball,mlb,2026_06_25,12:10 PM,Tampa Bay Rays,Kansas City Royals,run_line,home,-1.5,home_run_line,158.0,0.6592134388309123,0.7007706721837539,0.4435257418884518,False,822961,1,final,2026-08-28T17:43:21.077345+00:00,13,2,15,-1.5,1.5,8.5,Win,HOME,0.7007706721837539,158.0,,-1.5,8.5,0.4435257418884518,0.6592134388309123,Day,0.10_plus,plus_151_to_plus_200,1.0_to_1.9,5_to_9.9,0.20_plus,65_to_69.9,65_to_69.9,8.5_to_9.0,-1.5
63302135,baseball,mlb,2026_06_25,06:40 PM,Detroit Tigers,Houston Astros,run_line,home,1.5,home_run_line,-192.0,0.7124419953706287,0.0835055346261648,0.1603306264822361,False,824258,1,final,2026-08-28T17:43:21.077345+00:00,1,2,3,1.5,-1.5,9.0,Win,HOME,0.0835055346261648,-192.0,,1.5,9.0,0.1603306264822361,0.7124419953706287,Night,0.075_to_0.0999,minus_199_to_minus_150,1.0_to_1.9,5_to_9.9,0.15_to_0.1999,70_to_74.9,70_to_74.9,9.0_to_9.5,+1.5
63302327,baseball,mlb,2026_06_25,07:10 PM,Boston Red Sox,New York Yankees,run_line,home,1.5,home_run_line,-128.0,0.7436208691092426,0.3245746731008385,0.4154555815690732,False,824747,1,final,2026-08-28T17:43:21.077345+00:00,6,3,9,1.5,-1.5,8.0,Win,HOME,0.3245746731008385,-128.0,,1.5,8.0,0.4154555815690732,0.7436208691092426,Night,0.10_plus,minus_149_to_minus_125,1.0_to_1.9,5_to_9.9,0.20_plus,70_to_74.9,70_to_74.9,8.0_to_8.5,+1.5
63302591,baseball,mlb,2026_06_25,12:35 PM,Pittsburgh Pirates,Seattle Mariners,run_line,home,1.5,home_run_line,-144.0,0.7516855386333349,0.2736893849064841,0.3941127142653371,False,823366,1,final,2026-08-28T17:43:21.077345+00:00,5,1,6,1.5,-1.5,8.5,Win,HOME,0.2736893849064841,-144.0,,1.5,8.5,0.3941127142653371,0.7516855386333349,Day,0.10_plus,minus_149_to_minus_125,1.0_to_1.9,5_to_9.9,0.20_plus,75_to_79.9,75_to_79.9,8.5_to_9.0,+1.5
63303545,baseball,mlb,2026_06_25,06:45 PM,Washington Nationals,Philadelphia Phillies,run_line,away,-1.5,away_run_line,-111.0,0.5937067240833608,0.1285776466809831,0.1427211878158912,False,822717,1,final,2026-08-28T17:43:21.077345+00:00,5,10,15,1.5,-1.5,8.5,Win,AWAY,0.1285776466809831,-111.0,,-1.5,8.5,0.1427211878158912,0.5937067240833608,Night,0.10_plus,minus_124_to_minus_110,1.0_to_1.9,5_to_9.9,0.10_to_0.1499,55_to_59.9,55_to_59.9,8.5_to_9.0,-1.5
63299441,baseball,mlb,2026_06_26,07:05 PM,Baltimore Orioles,Washington Nationals,run_line,away,1.5,away_run_line,-166.0,0.6554434876202169,0.0502889620902269,0.0834796770697768,False,824824,1,final,2026-08-28T17:43:21.077345+00:00,3,1,4,-1.5,1.5,9.0,Loss,AWAY,0.0502889620902269,-166.0,,1.5,9.0,0.0834796770697768,0.6554434876202169,Night,0.05_to_0.0749,minus_199_to_minus_150,1.0_to_1.9,5_to_9.9,0.05_to_0.0999,65_to_69.9,65_to_69.9,9.0_to_9.5,+1.5
63301089,baseball,mlb,2026_06_26,07:10 PM,Tampa Bay Rays,Arizona Diamondbacks,run_line,home,-1.5,home_run_line,158.0,0.562112858267486,0.4502511743301141,0.2849690976772873,False,822962,1,final,2026-08-28T17:43:21.077345+00:00,6,1,7,-1.5,1.5,8.5,Win,HOME,0.4502511743301141,158.0,,-1.5,8.5,0.2849690976772873,0.562112858267486,Night,0.10_plus,plus_151_to_plus_200,1.0_to_1.9,5_to_9.9,0.20_plus,55_to_59.9,55_to_59.9,8.5_to_9.0,-1.5
63301269,baseball,mlb,2026_06_26,09:38 PM,Los Angeles Angels,Athletics,run_line,home,1.5,home_run_line,-169.0,0.6812589979223967,0.0843708310125723,0.1425867044112471,False,,,final,2026-08-28T17:43:21.077345+00:00,3,9,12,,,,Loss,HOME,0.0843708310125723,-169.0,,,,0.1425867044112471,0.6812589979223967,Night,0.075_to_0.0999,minus_199_to_minus_150,UNBUCKETED,UNBUCKETED,0.10_to_0.1499,65_to_69.9,65_to_69.9,UNBUCKETED,UNBUCKETED
63301359,baseball,mlb,2026_06_26,08:10 PM,Minnesota Twins,Colorado Rockies,run_line,away,1.5,away_run_line,-149.0,0.6972995078014517,0.1652857546480635,0.2462757744256145,False,823688,1,final,2026-08-28T17:43:21.077345+00:00,9,8,17,-1.5,1.5,9.0,Win,AWAY,0.1652857546480635,-149.0,,1.5,9.0,0.2462757744256145,0.6972995078014517,Night,0.10_plus,minus_149_to_minus_125,1.0_to_1.9,5_to_9.9,0.20_plus,65_to_69.9,65_to_69.9,9.0_to_9.5,+1.5
63301969,baseball,mlb,2026_06_26,07:40 PM,Chicago White Sox,Kansas City Royals,run_line,home,-1.5,home_run_line,172.0,0.7343365326066564,0.9973953686901056,0.5798810283082009,False,824582,1,final,2026-08-28T17:43:21.077345+00:00,22,1,23,-1.5,1.5,8.5,Win,HOME,0.9973953686901056,172.0,,-1.5,8.5,0.5798810283082009,0.7343365326066564,Night,0.10_plus,plus_151_to_plus_200,1.0_to_1.9,5_to_9.9,0.20_plus,70_to_74.9,70_to_74.9,8.5_to_9.0,-1.5
63301969,baseball,mlb,2026_06_26,07:40 PM,Chicago White Sox,Kansas City Royals,total,over,8.5,over_total,100.0,0.8656288904184352,0.7312577808368703,0.7312577808368703,False,824582,1,final,2026-08-28T17:43:21.077345+00:00,22,1,23,-1.5,1.5,8.5,Win,OVER,0.7312577808368703,100.0,,,8.5,0.7312577808368703,0.8656288904184352,Night,0.10_plus,minus_100_to_plus_100,UNBUCKETED,5_to_9.9,0.20_plus,80_plus,80_plus,8.5_to_9.0,UNBUCKETED
63302207,baseball,mlb,2026_06_26,06:40 PM,Pittsburgh Pirates,Cincinnati Reds,run_line,away,1.5,away_run_line,-114.0,0.7404282417561547,0.3899266994369923,0.4445164373581712,False,823363,1,final,2026-08-28T17:43:21.077345+00:00,4,6,10,-1.5,1.5,7.5,Win,AWAY,0.3899266994369923,-114.0,,1.5,7.5,0.4445164373581712,0.7404282417561547,Night,0.10_plus,minus_124_to_minus_110,1.0_to_1.9,5_to_9.9,0.20_plus,70_to_74.9,70_to_74.9,7.5_to_8.0,+1.5
63302613,baseball,mlb,2026_06_26,07:10 PM,Boston Red Sox,New York Yankees,run_line,home,1.5,home_run_line,-188.0,0.7858375345709498,0.2038362231725188,0.3832120995643356,False,824743,1,final,2026-08-28T17:43:21.077345+00:00,6,1,7,1.5,-1.5,8.5,Win,HOME,0.2038362231725188,-188.0,,1.5,8.5,0.3832120995643356,0.7858375345709498,Night,0.10_plus,minus_199_to_minus_150,1.0_to_1.9,5_to_9.9,0.20_plus,75_to_79.9,75_to_79.9,8.5_to_9.0,+1.5
63302633,baseball,mlb,2026_06_26,07:10 PM,Cleveland Guardians,Seattle Mariners,run_line,home,1.5,home_run_line,-200.0,0.7122648794248749,0.0683973191373124,0.1367946382746248,False,824423,1,final,2026-08-28T17:43:21.077345+00:00,1,3,4,1.5,-1.5,7.5,Loss,HOME,0.0683973191373124,-200.0,,1.5,7.5,0.1367946382746248,0.7122648794248749,Night,0.05_to_0.0749,minus_200_or_lower,1.0_to_1.9,5_to_9.9,0.10_to_0.1499,70_to_74.9,70_to_74.9,7.5_to_8.0,+1.5
63302747,baseball,mlb,2026_06_26,07:07 PM,Toronto Blue Jays,Texas Rangers,run_line,home,1.5,home_run_line,-178.0,0.6829492790719724,0.0666286493371255,0.1185989958200834,False,822796,1,final,2026-08-28T17:43:21.077345+00:00,4,5,9,1.5,-1.5,8.5,Win,HOME,0.0666286493371255,-178.0,,1.5,8.5,0.1185989958200834,0.6829492790719724,Night,0.05_to_0.0749,minus_199_to_minus_150,1.0_to_1.9,5_to_9.9,0.10_to_0.1499,65_to_69.9,65_to_69.9,8.5_to_9.0,+1.5
63303257,baseball,mlb,2026_06_26,09:45 PM,San Diego Padres,Los Angeles Dodgers,run_line,home,1.5,home_run_line,-136.0,0.6399250695637853,0.1104582089489214,0.1502231641705332,False,823285,1,final,2026-08-28T17:43:21.077345+00:00,7,1,8,1.5,-1.5,7.5,Win,HOME,0.1104582089489214,-136.0,,1.5,7.5,0.1502231641705332,0.6399250695637853,Night,0.10_plus,minus_149_to_minus_125,1.0_to_1.9,5_to_9.9,0.15_to_0.1999,60_to_64.9,60_to_64.9,7.5_to_8.0,+1.5
63303403,baseball,mlb,2026_06_26,08:15 PM,St Louis Cardinals,Miami Marlins,run_line,home,1.5,home_run_line,-196.0,0.7683635212568272,0.1603857259796981,0.3143560229202083,False,,,final,2026-08-28T17:43:21.077345+00:00,0,4,4,,,,Loss,HOME,0.1603857259796981,-196.0,,,,0.3143560229202083,0.7683635212568272,Night,0.10_plus,minus_199_to_minus_150,UNBUCKETED,UNBUCKETED,0.20_plus,75_to_79.9,75_to_79.9,UNBUCKETED,UNBUCKETED
63303413,baseball,mlb,2026_06_26,06:40 PM,Detroit Tigers,Houston Astros,run_line,home,-1.5,home_run_line,168.0,0.4516247551827013,0.2103543438896395,0.1252109189819282,False,824255,1,final,2026-08-28T17:43:21.077345+00:00,8,0,8,-1.5,1.5,8.5,Win,HOME,0.2103543438896395,168.0,,-1.5,8.5,0.1252109189819282,0.4516247551827013,Night,0.10_plus,plus_151_to_plus_200,1.0_to_1.9,5_to_9.9,0.10_to_0.1499,<50,<50,8.5_to_9.0,-1.5
63303477,baseball,mlb,2026_06_26,07:10 PM,New York Mets,Philadelphia Phillies,run_line,home,1.5,home_run_line,-123.0,0.6203846866679354,0.1247624807069074,0.153457851269496,False,823610,1,final,2026-08-28T17:43:21.077345+00:00,1,2,3,1.5,-1.5,8.0,Win,HOME,0.1247624807069074,-123.0,,1.5,8.0,0.153457851269496,0.6203846866679354,Night,0.10_plus,minus_124_to_minus_110,1.0_to_1.9,5_to_9.9,0.15_to_0.1999,60_to_64.9,60_to_64.9,8.0_to_8.5,+1.5
63299347,baseball,mlb,2026_06_27,07:10 PM,Minnesota Twins,Colorado Rockies,run_line,away,1.5,away_run_line,-172.0,0.8343652613876842,0.3194613435898263,0.549473510974501,False,823689,1,final,2026-08-28T17:43:21.077345+00:00,5,8,13,-1.5,1.5,9.5,Win,AWAY,0.3194613435898263,-172.0,,1.5,9.5,0.549473510974501,0.8343652613876842,Night,0.10_plus,minus_199_to_minus_150,1.0_to_1.9,5_to_9.9,0.20_plus,80_plus,80_plus,9.5_to_10.0,+1.5
63299347,baseball,mlb,2026_06_27,07:10 PM,Minnesota Twins,Colorado Rockies,total,over,9.5,over_total,100.0,0.5890733557822436,0.1781467115644873,0.1781467115644873,False,823689,1,final,2026-08-28T17:43:21.077345+00:00,5,8,13,-1.5,1.5,9.5,Win,OVER,0.1781467115644873,100.0,,,9.5,0.1781467115644873,0.5890733557822436,Night,0.10_plus,minus_100_to_plus_100,UNBUCKETED,5_to_9.9,0.15_to_0.1999,55_to_59.9,55_to_59.9,9.5_to_10.0,UNBUCKETED
63301341,baseball,mlb,2026_06_27,07:10 PM,Cleveland Guardians,Seattle Mariners,run_line,home,1.5,home_run_line,-138.0,0.6727850534570399,0.1603104545128659,0.221228427227755,False,824421,1,final,2026-08-28T17:43:21.077345+00:00,4,3,7,1.5,-1.5,7.5,Win,HOME,0.1603104545128659,-138.0,,1.5,7.5,0.221228427227755,0.6727850534570399,Night,0.10_plus,minus_149_to_minus_125,1.0_to_1.9,5_to_9.9,0.20_plus,65_to_69.9,65_to_69.9,7.5_to_8.0,+1.5
63301379,baseball,mlb,2026_06_27,03:07 PM,Toronto Blue Jays,Texas Rangers,run_line,away,1.5,away_run_line,-128.0,0.6316006858963079,0.1250387217527984,0.160049563843582,False,822794,1,final,2026-08-28T17:43:21.077345+00:00,4,7,11,-1.5,1.5,8.0,Win,AWAY,0.1250387217527984,-128.0,,1.5,8.0,0.160049563843582,0.6316006858963079,Day,0.10_plus,minus_149_to_minus_125,1.0_to_1.9,5_to_9.9,0.15_to_0.1999,60_to_64.9,60_to_64.9,8.0_to_8.5,+1.5
63301457,baseball,mlb,2026_06_27,07:10 PM,Milwaukee Brewers,Chicago Cubs,run_line,away,1.5,away_run_line,-156.0,0.6443220857828282,0.0573490638487437,0.0894645396040402,False,823770,1,final,2026-08-28T17:43:21.077345+00:00,2,8,10,-1.5,1.5,8.0,Win,AWAY,0.0573490638487437,-156.0,,1.5,8.0,0.0894645396040402,0.6443220857828282,Night,0.05_to_0.0749,minus_199_to_minus_150,1.0_to_1.9,5_to_9.9,0.05_to_0.0999,60_to_64.9,60_to_64.9,8.0_to_8.5,+1.5
63301459,baseball,mlb,2026_06_27,09:05 PM,San Francisco Giants,Atlanta Braves,run_line,home,-1.5,home_run_line,164.0,0.3835739977217833,0.0126353539855079,0.0077044841375048,False,823207,1,final,2026-08-28T17:43:21.077345+00:00,5,0,5,-1.5,1.5,8.0,Win,HOME,0.0126353539855079,164.0,,-1.5,8.0,0.0077044841375048,0.3835739977217833,Night,0.01_to_0.0199,plus_151_to_plus_200,1.0_to_1.9,5_to_9.9,0.001_to_0.0099,<50,<50,8.0_to_8.5,-1.5
63301663,baseball,mlb,2026_06_27,01:10 PM,Boston Red Sox,New York Yankees,run_line,home,1.5,home_run_line,-166.0,0.6817658476743178,0.0924681655504129,0.1534971548136852,False,824745,1,final,2026-08-28T17:43:21.077345+00:00,4,1,5,1.5,-1.5,8.0,Win,HOME,0.0924681655504129,-166.0,,1.5,8.0,0.1534971548136852,0.6817658476743178,Day,0.075_to_0.0999,minus_199_to_minus_150,1.0_to_1.9,5_to_9.9,0.15_to_0.1999,65_to_69.9,65_to_69.9,8.0_to_8.5,+1.5
63301791,baseball,mlb,2026_06_27,06:10 PM,Tampa Bay Rays,Arizona Diamondbacks,run_line,away,1.5,away_run_line,-169.0,0.6833868595533268,0.0877577823659461,0.1483106521984489,False,822960,1,final,2026-08-28T17:43:21.077345+00:00,4,2,6,-1.5,1.5,8.5,Loss,AWAY,0.0877577823659461,-169.0,,1.5,8.5,0.1483106521984489,0.6833868595533268,Night,0.075_to_0.0999,minus_199_to_minus_150,1.0_to_1.9,5_to_9.9,0.10_to_0.1499,65_to_69.9,65_to_69.9,8.5_to_9.0,+1.5
63302933,baseball,mlb,2026_06_27,04:40 PM,Pittsburgh Pirates,Cincinnati Reds,run_line,home,1.5,home_run_line,-172.0,0.6875907824496799,0.0873528652692612,0.1502469282631293,False,823364,1,final,2026-08-28T17:43:21.077345+00:00,7,9,16,1.5,-1.5,8.0,Loss,HOME,0.0873528652692612,-172.0,,1.5,8.0,0.1502469282631293,0.6875907824496799,Day,0.075_to_0.0999,minus_199_to_minus_150,1.0_to_1.9,5_to_9.9,0.15_to_0.1999,65_to_69.9,65_to_69.9,8.0_to_8.5,+1.5
63302957,baseball,mlb,2026_06_27,05:20 PM,New York Mets,Philadelphia Phillies,run_line,away,1.5,away_run_line,-185.0,0.7440997574464184,0.1463158425525905,0.2706843087222925,False,823609,1,final,2026-08-28T17:43:21.077345+00:00,6,2,8,-1.5,1.5,9.0,Loss,AWAY,0.1463158425525905,-185.0,,1.5,9.0,0.2706843087222925,0.7440997574464184,Night,0.10_plus,minus_199_to_minus_150,1.0_to_1.9,5_to_9.9,0.20_plus,70_to_74.9,70_to_74.9,9.0_to_9.5,+1.5
63303397,baseball,mlb,2026_06_27,07:15 PM,St Louis Cardinals,Miami Marlins,run_line,home,-1.5,home_run_line,146.0,0.4369744221708006,0.0749570785401694,0.0513404647535407,False,,,final,2026-08-28T17:43:21.077345+00:00,1,5,6,,,,Loss,HOME,0.0749570785401694,146.0,,,,0.0513404647535407,0.4369744221708006,Night,0.05_to_0.0749,plus_126_to_plus_150,UNBUCKETED,UNBUCKETED,0.05_to_0.0999,<50,<50,UNBUCKETED,UNBUCKETED
63303429,baseball,mlb,2026_06_27,04:10 PM,Chicago White Sox,Kansas City Royals,run_line,away,1.5,away_run_line,-175.0,0.7125581650040536,0.119734259292084,0.2095349537611472,False,824581,1,final,2026-08-28T17:43:21.077345+00:00,2,1,3,-1.5,1.5,8.5,Win,AWAY,0.119734259292084,-175.0,,1.5,8.5,0.2095349537611472,0.7125581650040536,Day,0.10_plus,minus_199_to_minus_150,1.0_to_1.9,5_to_9.9,0.20_plus,70_to_74.9,70_to_74.9,8.5_to_9.0,+1.5
63303429,baseball,mlb,2026_06_27,04:10 PM,Chicago White Sox,Kansas City Royals,total,over,8.5,over_total,102.0,0.5192392911902496,0.0488633682043041,0.0479052629453962,False,824581,1,final,2026-08-28T17:43:21.077345+00:00,2,1,3,-1.5,1.5,8.5,Loss,OVER,0.0488633682043041,102.0,,,8.5,0.0479052629453962,0.5192392911902496,Day,0.04_to_0.0499,plus_101_to_plus_125,UNBUCKETED,5_to_9.9,0.03_to_0.0499,50_to_54.9,50_to_54.9,8.5_to_9.0,UNBUCKETED
63303589,baseball,mlb,2026_06_27,07:05 PM,Baltimore Orioles,Washington Nationals,run_line,home,1.5,home_run_line,-200.0,0.7087892615205253,0.0631838922807879,0.126367784561576,False,824825,1,final,2026-08-28T17:43:21.077345+00:00,3,4,7,1.5,-1.5,9.0,Win,HOME,0.0631838922807879,-200.0,,1.5,9.0,0.126367784561576,0.7087892615205253,Night,0.05_to_0.0749,minus_200_or_lower,1.0_to_1.9,5_to_9.9,0.10_to_0.1499,70_to_74.9,70_to_74.9,9.0_to_9.5,+1.5
63303713,baseball,mlb,2026_06_27,09:38 PM,Los Angeles Angels,Athletics,run_line,home,1.5,home_run_line,-185.0,0.7491344366868555,0.1540719700311017,0.2850331445575383,False,,,final,2026-08-28T17:43:21.077345+00:00,5,2,7,,,,Win,HOME,0.1540719700311017,-185.0,,,,0.2850331445575383,0.7491344366868555,Night,0.10_plus,minus_199_to_minus_150,UNBUCKETED,UNBUCKETED,0.20_plus,70_to_74.9,70_to_74.9,UNBUCKETED,UNBUCKETED
63301323,baseball,mlb,2026_06_28,02:15 PM,St Louis Cardinals,Miami Marlins,total,under,9.5,under_total,-123.0,0.712016485398061,0.2908916767785983,0.3577967624376759,False,,,final,2026-08-28T17:43:21.077345+00:00,2,1,3,,,,Win,UNDER,0.2908916767785983,-123.0,,,,0.3577967624376759,0.712016485398061,Day,0.10_plus,minus_124_to_minus_110,UNBUCKETED,UNBUCKETED,0.20_plus,70_to_74.9,70_to_74.9,UNBUCKETED,UNBUCKETED
63301837,baseball,mlb,2026_06_28,04:05 PM,San Francisco Giants,Atlanta Braves,run_line,home,1.5,home_run_line,-136.0,0.7112577146725407,0.2342413284023501,0.3185682066271961,False,823204,1,final,2026-08-28T17:43:21.077345+00:00,3,2,5,1.5,-1.5,7.5,Win,HOME,0.2342413284023501,-136.0,,1.5,7.5,0.3185682066271961,0.7112577146725407,Day,0.10_plus,minus_149_to_minus_125,1.0_to_1.9,5_to_9.9,0.20_plus,70_to_74.9,70_to_74.9,7.5_to_8.0,+1.5
63302167,baseball,mlb,2026_06_28,01:40 PM,Tampa Bay Rays,Arizona Diamondbacks,run_line,away,1.5,away_run_line,-140.0,0.584210474060008,0.0015036698171566,0.0021051377440194,False,822959,1,final,2026-08-28T17:43:21.077345+00:00,5,1,6,-1.5,1.5,7.5,Loss,AWAY,0.0015036698171566,-140.0,,1.5,7.5,0.0021051377440194,0.584210474060008,Day,0.00_to_0.0099,minus_149_to_minus_125,1.0_to_1.9,5_to_9.9,0.001_to_0.0099,55_to_59.9,55_to_59.9,7.5_to_8.0,+1.5
63302197,baseball,mlb,2026_06_28,01:40 PM,Detroit Tigers,Houston Astros,moneyline,away,,away_moneyline,-131.0,0.6152942113157865,0.0849844489614248,0.1113296281394667,False,824256,1,final,2026-08-28T17:43:21.077345+00:00,5,7,12,1.5,-1.5,8.0,Win,AWAY,0.0849844489614248,-131.0,-131.0,-1.5,8.0,0.1113296281394667,0.6152942113157865,Day,0.075_to_0.0999,minus_149_to_minus_125,1.0_to_1.9,5_to_9.9,0.10_to_0.1499,60_to_64.9,60_to_64.9,8.0_to_8.5,-1.5
63302223,baseball,mlb,2026_06_28,01:40 PM,Cleveland Guardians,Seattle Mariners,run_line,home,1.5,home_run_line,-204.0,0.674347644330582,0.0049102150808673,0.0100168387649694,False,824422,1,final,2026-08-28T17:43:21.077345+00:00,6,5,11,1.5,-1.5,7.5,Win,HOME,0.0049102150808673,-204.0,,1.5,7.5,0.0100168387649694,0.674347644330582,Day,0.00_to_0.0099,minus_200_or_lower,1.0_to_1.9,5_to_9.9,0.01_to_0.0199,65_to_69.9,65_to_69.9,7.5_to_8.0,+1.5
63302287,baseball,mlb,2026_06_28,02:10 PM,Milwaukee Brewers,Chicago Cubs,run_line,away,1.5,away_run_line,-112.0,0.5731743747790943,0.0849372094032856,0.0951296745316798,False,823769,1,final,2026-08-28T17:43:21.077345+00:00,3,4,7,-1.5,1.5,8.0,Win,AWAY,0.0849372094032856,-112.0,,1.5,8.0,0.0951296745316798,0.5731743747790943,Day,0.075_to_0.0999,minus_124_to_minus_110,1.0_to_1.9,5_to_9.9,0.05_to_0.0999,55_to_59.9,55_to_59.9,8.0_to_8.5,+1.5
63302405,baseball,mlb,2026_06_28,01:35 PM,Baltimore Orioles,Washington Nationals,run_line,away,1.5,away_run_line,-131.0,0.714561850896347,0.2600289126492836,0.3406378755705615,False,824821,1,final,2026-08-28T17:43:21.077345+00:00,4,6,10,-1.5,1.5,9.0,Win,AWAY,0.2600289126492836,-131.0,,1.5,9.0,0.3406378755705615,0.714561850896347,Day,0.10_plus,minus_149_to_minus_125,1.0_to_1.9,5_to_9.9,0.20_plus,70_to_74.9,70_to_74.9,9.0_to_9.5,+1.5
63302637,baseball,mlb,2026_06_28,01:35 PM,Pittsburgh Pirates,Cincinnati Reds,run_line,home,-1.5,home_run_line,156.0,0.3997255468940326,0.0232974000487236,0.0149342308004637,False,823362,1,final,2026-08-28T17:43:21.077345+00:00,9,4,13,-1.5,1.5,8.5,Win,HOME,0.0232974000487236,156.0,,-1.5,8.5,0.0149342308004637,0.3997255468940326,Day,0.02_to_0.0299,plus_151_to_plus_200,1.0_to_1.9,5_to_9.9,0.01_to_0.0199,<50,<50,8.5_to_9.0,-1.5
63303027,baseball,mlb,2026_06_28,02:10 PM,Chicago White Sox,Kansas City Royals,run_line,away,1.5,away_run_line,-178.0,0.6897196365578784,0.0772025784443268,0.1374205896309019,False,824580,1,final,2026-08-28T17:43:21.077345+00:00,4,5,9,-1.5,1.5,8.5,Win,AWAY,0.0772025784443268,-178.0,,1.5,8.5,0.1374205896309019,0.6897196365578784,Day,0.075_to_0.0999,minus_199_to_minus_150,1.0_to_1.9,5_to_9.9,0.10_to_0.1499,65_to_69.9,65_to_69.9,8.5_to_9.0,+1.5
63303027,baseball,mlb,2026_06_28,02:10 PM,Chicago White Sox,Kansas City Royals,moneyline,away,,away_moneyline,120.0,0.49095453646517,0.0800999802233741,0.0667499835194783,False,824580,1,final,2026-08-28T17:43:21.077345+00:00,4,5,9,-1.5,1.5,8.5,Win,AWAY,0.0800999802233741,120.0,120.0,1.5,8.5,0.0667499835194783,0.49095453646517,Day,0.075_to_0.0999,plus_101_to_plus_125,1.0_to_1.9,5_to_9.9,0.05_to_0.0999,<50,<50,8.5_to_9.0,+1.5
63303063,baseball,mlb,2026_06_28,07:20 PM,Boston Red Sox,New York Yankees,run_line,home,1.5,home_run_line,-208.0,0.715501462332453,0.0594925499922862,0.1237445039839554,False,824744,1,final,2026-08-28T17:43:21.077345+00:00,5,4,9,1.5,-1.5,8.0,Win,HOME,0.0594925499922862,-208.0,,1.5,8.0,0.1237445039839554,0.715501462332453,Night,0.05_to_0.0749,minus_200_or_lower,1.0_to_1.9,5_to_9.9,0.10_to_0.1499,70_to_74.9,70_to_74.9,8.0_to_8.5,+1.5
63303097,baseball,mlb,2026_06_28,01:40 PM,New York Mets,Philadelphia Phillies,run_line,home,1.5,home_run_line,-138.0,0.653357514560339,0.1268049888794251,0.1749908846536068,False,823608,1,final,2026-08-28T17:43:21.077345+00:00,4,5,9,1.5,-1.5,8.0,Win,HOME,0.1268049888794251,-138.0,,1.5,8.0,0.1749908846536068,0.653357514560339,Day,0.10_plus,minus_149_to_minus_125,1.0_to_1.9,5_to_9.9,0.15_to_0.1999,65_to_69.9,65_to_69.9,8.0_to_8.5,+1.5
63303173,baseball,mlb,2026_06_28,02:10 PM,Minnesota Twins,Colorado Rockies,run_line,away,1.5,away_run_line,-163.0,0.6591385250309225,0.0635179882400773,0.1035343208313262,False,823686,1,final,2026-08-28T17:43:21.077345+00:00,3,2,5,-1.5,1.5,9.0,Win,AWAY,0.0635179882400773,-163.0,,1.5,9.0,0.1035343208313262,0.6591385250309225,Day,0.05_to_0.0749,minus_199_to_minus_150,1.0_to_1.9,5_to_9.9,0.10_to_0.1499,65_to_69.9,65_to_69.9,9.0_to_9.5,+1.5
63303233,baseball,mlb,2026_06_28,01:37 PM,Toronto Blue Jays,Texas Rangers,run_line,away,1.5,away_run_line,-192.0,0.8077479079005925,0.2284499432654847,0.4386238910697302,False,822795,1,final,2026-08-28T17:43:21.077345+00:00,2,3,5,-1.5,1.5,8.5,Win,AWAY,0.2284499432654847,-192.0,,1.5,8.5,0.4386238910697302,0.8077479079005925,Day,0.10_plus,minus_199_to_minus_150,1.0_to_1.9,5_to_9.9,0.20_plus,80_plus,80_plus,8.5_to_9.0,+1.5
63303771,baseball,mlb,2026_06_28,04:10 PM,San Diego Padres,Los Angeles Dodgers,run_line,home,1.5,home_run_line,-142.0,0.643631919128026,0.0968938340069174,0.1375892442898228,False,823281,1,final,2026-08-28T17:43:21.077345+00:00,2,4,6,1.5,-1.5,8.0,Loss,HOME,0.0968938340069174,-142.0,,1.5,8.0,0.1375892442898228,0.643631919128026,Day,0.075_to_0.0999,minus_149_to_minus_125,1.0_to_1.9,5_to_9.9,0.10_to_0.1499,60_to_64.9,60_to_64.9,8.0_to_8.5,+1.5
63303809,baseball,mlb,2026_06_28,03:15 PM,Los Angeles Angels,Athletics,run_line,home,1.5,home_run_line,-161.0,0.7209834028055666,0.1687991809456699,0.2717666813225287,False,,,final,2026-08-28T17:43:21.077345+00:00,4,1,5,,,,Win,HOME,0.1687991809456699,-161.0,,,,0.2717666813225287,0.7209834028055666,Day,0.10_plus,minus_199_to_minus_150,UNBUCKETED,UNBUCKETED,0.20_plus,70_to_74.9,70_to_74.9,UNBUCKETED,UNBUCKETED
63303809,baseball,mlb,2026_06_28,03:15 PM,Los Angeles Angels,Athletics,moneyline,home,,home_moneyline,100.0,0.5344060463995124,0.0688120927990247,0.0688120927990247,False,,,final,2026-08-28T17:43:21.077345+00:00,4,1,5,,,,Win,HOME,0.0688120927990247,100.0,100.0,,,0.0688120927990247,0.5344060463995124,Day,0.05_to_0.0749,minus_100_to_plus_100,UNBUCKETED,UNBUCKETED,0.05_to_0.0999,50_to_54.9,50_to_54.9,UNBUCKETED,UNBUCKETED
63299193,baseball,mlb,2026_06_29,06:40 PM,Philadelphia Phillies,Pittsburgh Pirates,run_line,away,-1.5,away_run_line,150.0,0.4123113722837424,0.0307784307093559,0.0205189538062372,False,823444,1,final,2026-08-28T17:43:21.077345+00:00,7,11,18,1.5,-1.5,8.5,Win,AWAY,0.0307784307093559,150.0,,-1.5,8.5,0.0205189538062372,0.4123113722837424,Night,0.03_to_0.0399,plus_126_to_plus_150,1.0_to_1.9,5_to_9.9,0.02_to_0.0299,<50,<50,8.5_to_9.0,-1.5
63299281,baseball,mlb,2026_06_29,07:07 PM,Toronto Blue Jays,New York Mets,run_line,away,1.5,away_run_line,-196.0,0.6957887916375531,0.0507830730852842,0.0995348232471571,False,822792,1,final,2026-08-28T17:43:21.077345+00:00,2,1,3,-1.5,1.5,8.5,Win,AWAY,0.0507830730852842,-196.0,,1.5,8.5,0.0995348232471571,0.6957887916375531,Night,0.05_to_0.0749,minus_199_to_minus_150,1.0_to_1.9,5_to_9.9,0.05_to_0.0999,65_to_69.9,65_to_69.9,8.5_to_9.0,+1.5
63299419,baseball,mlb,2026_06_29,07:10 PM,Boston Red Sox,Washington Nationals,run_line,away,1.5,away_run_line,-140.0,0.7318655973164421,0.2546267382567579,0.3564774335594611,False,824741,1,final,2026-08-28T17:43:21.077345+00:00,6,3,9,-1.5,1.5,8.5,Loss,AWAY,0.2546267382567579,-140.0,,1.5,8.5,0.3564774335594611,0.7318655973164421,Night,0.10_plus,minus_149_to_minus_125,1.0_to_1.9,5_to_9.9,0.20_plus,70_to_74.9,70_to_74.9,8.5_to_9.0,+1.5
63301105,baseball,mlb,2026_06_29,07:10 PM,Cleveland Guardians,Texas Rangers,run_line,away,1.5,away_run_line,-175.0,0.718104675128242,0.1284502037729518,0.2247878566026656,False,824420,1,final,2026-08-28T17:43:21.077345+00:00,3,6,9,-1.5,1.5,7.5,Win,AWAY,0.1284502037729518,-175.0,,1.5,7.5,0.2247878566026656,0.718104675128242,Night,0.10_plus,minus_199_to_minus_150,1.0_to_1.9,5_to_9.9,0.20_plus,70_to_74.9,70_to_74.9,7.5_to_8.0,+1.5
63301133,baseball,mlb,2026_06_29,09:40 PM,Arizona Diamondbacks,San Francisco Giants,run_line,away,1.5,away_run_line,-185.0,0.6762535481456006,0.0417960066026819,0.0773226122149616,False,825065,1,final,2026-08-28T17:43:21.077345+00:00,5,4,9,-1.5,1.5,9.0,Win,AWAY,0.0417960066026819,-185.0,,1.5,9.0,0.0773226122149616,0.6762535481456006,Night,0.04_to_0.0499,minus_199_to_minus_150,1.0_to_1.9,5_to_9.9,0.05_to_0.0999,65_to_69.9,65_to_69.9,9.0_to_9.5,+1.5
63301225,baseball,mlb,2026_06_29,07:05 PM,New York Yankees,Detroit Tigers,run_line,away,1.5,away_run_line,-178.0,0.7405171192129087,0.1565379727033069,0.2786375914118863,False,823529,1,final,2026-08-28T17:43:21.077345+00:00,3,7,10,-1.5,1.5,7.5,Win,AWAY,0.1565379727033069,-178.0,,1.5,7.5,0.2786375914118863,0.7405171192129087,Night,0.10_plus,minus_199_to_minus_150,1.0_to_1.9,5_to_9.9,0.20_plus,70_to_74.9,70_to_74.9,7.5_to_8.0,+1.5
63301287,baseball,mlb,2026_06_29,09:40 PM,Athletics,Los Angeles Dodgers,run_line,home,1.5,home_run_line,-156.0,0.6174939523574716,0.0133234089968765,0.0207845180351272,False,,,final,2026-08-28T17:43:21.077345+00:00,4,9,13,,,,Loss,HOME,0.0133234089968765,-156.0,,,,0.0207845180351272,0.6174939523574716,Night,0.01_to_0.0199,minus_199_to_minus_150,UNBUCKETED,UNBUCKETED,0.02_to_0.0299,60_to_64.9,60_to_64.9,UNBUCKETED,UNBUCKETED
63301287,baseball,mlb,2026_06_29,09:40 PM,Athletics,Los Angeles Dodgers,total,under,10.5,under_total,-109.0,0.7094449717895684,0.3603119183855028,0.3927399910401981,False,,,final,2026-08-28T17:43:21.077345+00:00,4,9,13,,,,Loss,UNDER,0.3603119183855028,-109.0,,,,0.3927399910401981,0.7094449717895684,Night,0.10_plus,minus_109_to_minus_101,UNBUCKETED,UNBUCKETED,0.20_plus,70_to_74.9,70_to_74.9,UNBUCKETED,UNBUCKETED
63301861,baseball,mlb,2026_06_29,08:10 PM,Houston Astros,Minnesota Twins,run_line,away,1.5,away_run_line,-185.0,0.651140215925469,0.0031079002095062,0.0057496153875866,False,824176,1,final,2026-08-28T17:43:21.077345+00:00,4,5,9,-1.5,1.5,9.0,Win,AWAY,0.0031079002095062,-185.0,,1.5,9.0,0.0057496153875866,0.651140215925469,Night,0.00_to_0.0099,minus_199_to_minus_150,1.0_to_1.9,5_to_9.9,0.001_to_0.0099,65_to_69.9,65_to_69.9,9.0_to_9.5,+1.5
63302387,baseball,mlb,2026_06_29,09:40 PM,Seattle Mariners,Los Angeles Angels,run_line,away,1.5,away_run_line,-119.0,0.6584794685069479,0.2118235596892572,0.2520700360302161,False,823121,1,final,2026-08-28T17:43:21.077345+00:00,6,2,8,-1.5,1.5,8.0,Loss,AWAY,0.2118235596892572,-119.0,,1.5,8.0,0.2520700360302161,0.6584794685069479,Night,0.10_plus,minus_124_to_minus_110,1.0_to_1.9,5_to_9.9,0.20_plus,65_to_69.9,65_to_69.9,8.0_to_8.5,+1.5
63302987,baseball,mlb,2026_06_29,06:35 PM,Baltimore Orioles,Chicago White Sox,run_line,away,1.5,away_run_line,-175.0,0.7489989421336715,0.1769983376386266,0.3097470908675965,False,824822,1,final,2026-08-28T17:43:21.077345+00:00,2,8,10,-1.5,1.5,9.0,Win,AWAY,0.1769983376386266,-175.0,,1.5,9.0,0.3097470908675965,0.7489989421336715,Night,0.10_plus,minus_199_to_minus_150,1.0_to_1.9,5_to_9.9,0.20_plus,70_to_74.9,70_to_74.9,9.0_to_9.5,+1.5
63303003,baseball,mlb,2026_06_29,07:40 PM,Milwaukee Brewers,Cincinnati Reds,run_line,home,-1.5,home_run_line,139.0,0.4590766496134457,0.0971931925761353,0.069923160126716,False,823771,1,final,2026-08-28T17:43:21.077345+00:00,5,3,8,-1.5,1.5,8.5,Win,HOME,0.0971931925761353,139.0,,-1.5,8.5,0.069923160126716,0.4590766496134457,Night,0.075_to_0.0999,plus_126_to_plus_150,1.0_to_1.9,5_to_9.9,0.05_to_0.0999,<50,<50,8.5_to_9.0,-1.5
63303427,baseball,mlb,2026_06_29,08:40 PM,Colorado Rockies,Miami Marlins,run_line,away,-1.5,away_run_line,108.0,0.5412461811234296,0.1257920567367336,0.1164741266080866,False,824339,1,final,2026-08-28T17:43:21.077345+00:00,7,10,17,1.5,-1.5,11.0,Win,AWAY,0.1257920567367336,108.0,,-1.5,11.0,0.1164741266080866,0.5412461811234296,Night,0.10_plus,plus_101_to_plus_125,1.0_to_1.9,10_to_14.9,0.10_to_0.1499,50_to_54.9,50_to_54.9,11.0_to_11.5,-1.5
63303829,baseball,mlb,2026_06_29,08:05 PM,Chicago Cubs,San Diego Padres,run_line,away,1.5,away_run_line,-151.0,0.717773365573935,0.1931199652917727,0.2916111475905769,False,824662,1,final,2026-08-28T17:43:21.077345+00:00,3,2,5,-1.5,1.5,12.0,Win,AWAY,0.1931199652917727,-151.0,,1.5,12.0,0.2916111475905769,0.717773365573935,Night,0.10_plus,minus_199_to_minus_150,1.0_to_1.9,10_to_14.9,0.20_plus,70_to_74.9,70_to_74.9,12.0_to_12.5,+1.5
63299239,baseball,mlb,2026_06_30,07:05 PM,New York Yankees,Detroit Tigers,run_line,away,1.5,away_run_line,-188.0,0.716760274236472,0.098015739255872,0.1842695898010394,False,823528,1,final,2026-08-28T17:43:21.077345+00:00,3,9,12,-1.5,1.5,7.0,Win,AWAY,0.098015739255872,-188.0,,1.5,7.0,0.1842695898010394,0.716760274236472,Night,0.075_to_0.0999,minus_199_to_minus_150,1.0_to_1.9,5_to_9.9,0.15_to_0.1999,70_to_74.9,70_to_74.9,7.0_to_7.5,+1.5
63299421,baseball,mlb,2026_06_30,08:40 PM,Colorado Rockies,Miami Marlins,run_line,away,-1.5,away_run_line,100.0,0.7225192471793642,0.4450384943587284,0.4450384943587284,False,824338,1,final,2026-08-28T17:43:21.077345+00:00,3,14,17,1.5,-1.5,11.5,Win,AWAY,0.4450384943587284,100.0,,-1.5,11.5,0.4450384943587284,0.7225192471793642,Night,0.10_plus,minus_100_to_plus_100,1.0_to_1.9,10_to_14.9,0.20_plus,70_to_74.9,70_to_74.9,11.5_to_12.0,-1.5
63300871,baseball,mlb,2026_06_30,07:10 PM,Boston Red Sox,Washington Nationals,run_line,away,1.5,away_run_line,-185.0,0.8423346020347322,0.2976506031345876,0.5506536157989868,False,824742,1,final,2026-08-28T17:43:21.077345+00:00,1,8,9,-1.5,1.5,9.5,Win,AWAY,0.2976506031345876,-185.0,,1.5,9.5,0.5506536157989868,0.8423346020347322,Night,0.10_plus,minus_199_to_minus_150,1.0_to_1.9,5_to_9.9,0.20_plus,80_plus,80_plus,9.5_to_10.0,+1.5
63300979,baseball,mlb,2026_06_30,09:40 PM,Athletics,Los Angeles Dodgers,run_line,home,1.5,home_run_line,-125.0,0.6747720862525075,0.2145897552545135,0.2682371940681419,False,,,final,2026-08-28T17:43:21.077345+00:00,3,9,12,,,,Loss,HOME,0.2145897552545135,-125.0,,,,0.2682371940681419,0.6747720862525075,Night,0.10_plus,minus_149_to_minus_125,UNBUCKETED,UNBUCKETED,0.20_plus,65_to_69.9,65_to_69.9,UNBUCKETED,UNBUCKETED
63300979,baseball,mlb,2026_06_30,09:40 PM,Athletics,Los Angeles Dodgers,total,under,10.5,under_total,100.0,0.7249904675882661,0.4499809351765323,0.4499809351765323,False,,,final,2026-08-28T17:43:21.077345+00:00,3,9,12,,,,Loss,UNDER,0.4499809351765323,100.0,,,,0.4499809351765323,0.7249904675882661,Night,0.10_plus,minus_100_to_plus_100,UNBUCKETED,UNBUCKETED,0.20_plus,70_to_74.9,70_to_74.9,UNBUCKETED,UNBUCKETED
63301107,baseball,mlb,2026_06_30,08:05 PM,Chicago Cubs,San Diego Padres,run_line,away,1.5,away_run_line,-144.0,0.6406030636693347,0.0854663023285948,0.1230714753531767,False,824661,1,final,2026-08-28T17:43:21.077345+00:00,9,7,16,-1.5,1.5,11.5,Loss,AWAY,0.0854663023285948,-144.0,,1.5,11.5,0.1230714753531767,0.6406030636693347,Night,0.075_to_0.0999,minus_149_to_minus_125,1.0_to_1.9,10_to_14.9,0.10_to_0.1499,60_to_64.9,60_to_64.9,11.5_to_12.0,+1.5
63301107,baseball,mlb,2026_06_30,08:05 PM,Chicago Cubs,San Diego Padres,total,under,11.5,under_total,-121.0,0.7226720290685642,0.3199216398690307,0.387105184241527,False,824661,1,final,2026-08-28T17:43:21.077345+00:00,9,7,16,-1.5,1.5,11.5,Loss,UNDER,0.3199216398690307,-121.0,,,11.5,0.387105184241527,0.7226720290685642,Night,0.10_plus,minus_124_to_minus_110,UNBUCKETED,10_to_14.9,0.20_plus,70_to_74.9,70_to_74.9,11.5_to_12.0,UNBUCKETED
63301785,baseball,mlb,2026_06_30,09:40 PM,Arizona Diamondbacks,San Francisco Giants,run_line,home,1.5,home_run_line,-178.0,0.8835615350877176,0.3799444199684578,0.676301067543855,False,825066,1,final,2026-08-28T17:43:21.077345+00:00,8,2,10,1.5,-1.5,9.0,Win,HOME,0.3799444199684578,-178.0,,1.5,9.0,0.676301067543855,0.8835615350877176,Night,0.10_plus,minus_199_to_minus_150,1.0_to_1.9,5_to_9.9,0.20_plus,80_plus,80_plus,9.0_to_9.5,+1.5
63301873,baseball,mlb,2026_06_30,06:35 PM,Baltimore Orioles,Chicago White Sox,run_line,away,1.5,away_run_line,-158.0,0.7504941862899209,0.2254905067265795,0.3562750006279959,False,824819,1,final,2026-08-28T17:43:21.077345+00:00,3,9,12,-1.5,1.5,10.5,Win,AWAY,0.2254905067265795,-158.0,,1.5,10.5,0.3562750006279959,0.7504941862899209,Night,0.10_plus,minus_199_to_minus_150,1.0_to_1.9,10_to_14.9,0.20_plus,75_to_79.9,75_to_79.9,10.5_to_11.0,+1.5
63301873,baseball,mlb,2026_06_30,06:35 PM,Baltimore Orioles,Chicago White Sox,total,under,10.5,under_total,-112.0,0.7138016376509799,0.3511245284107833,0.3932594718200773,False,824819,1,final,2026-08-28T17:43:21.077345+00:00,3,9,12,-1.5,1.5,10.5,Loss,UNDER,0.3511245284107833,-112.0,,,10.5,0.3932594718200773,0.7138016376509799,Night,0.10_plus,minus_124_to_minus_110,UNBUCKETED,10_to_14.9,0.20_plus,70_to_74.9,70_to_74.9,10.5_to_11.0,UNBUCKETED
63302041,baseball,mlb,2026_06_30,06:40 PM,Cleveland Guardians,Texas Rangers,run_line,home,1.5,home_run_line,-181.0,0.6806204872475217,0.0566539056163182,0.1025435691655358,False,824418,1,final,2026-08-28T17:43:21.077345+00:00,2,4,6,1.5,-1.5,7.5,Loss,HOME,0.0566539056163182,-181.0,,1.5,7.5,0.1025435691655358,0.6806204872475217,Night,0.05_to_0.0749,minus_199_to_minus_150,1.0_to_1.9,5_to_9.9,0.10_to_0.1499,65_to_69.9,65_to_69.9,7.5_to_8.0,+1.5
63303119,baseball,mlb,2026_06_30,07:07 PM,Toronto Blue Jays,New York Mets,run_line,away,1.5,away_run_line,-208.0,0.7955005227237908,0.1779526971102287,0.3701416099892756,False,822793,1,final,2026-08-28T17:43:21.077345+00:00,0,3,3,-1.5,1.5,8.0,Win,AWAY,0.1779526971102287,-208.0,,1.5,8.0,0.3701416099892756,0.7955005227237908,Night,0.10_plus,minus_200_or_lower,1.0_to_1.9,5_to_9.9,0.20_plus,75_to_79.9,75_to_79.9,8.0_to_8.5,+1.5
63303193,baseball,mlb,2026_06_30,09:40 PM,Seattle Mariners,Los Angeles Angels,run_line,home,-1.5,home_run_line,124.0,0.4573606270495576,0.024487804591009,0.0197482295088782,False,823122,1,final,2026-08-28T17:43:21.077345+00:00,8,3,11,-1.5,1.5,7.5,Win,HOME,0.024487804591009,124.0,,-1.5,7.5,0.0197482295088782,0.4573606270495576,Night,0.02_to_0.0299,plus_101_to_plus_125,1.0_to_1.9,5_to_9.9,0.01_to_0.0199,<50,<50,7.5_to_8.0,-1.5
63303193,baseball,mlb,2026_06_30,09:40 PM,Seattle Mariners,Los Angeles Angels,total,over,7.5,over_total,100.0,0.7241469028524201,0.4482938057048402,0.4482938057048402,False,823122,1,final,2026-08-28T17:43:21.077345+00:00,8,3,11,-1.5,1.5,7.5,Win,OVER,0.4482938057048402,100.0,,,7.5,0.4482938057048402,0.7241469028524201,Night,0.10_plus,minus_100_to_plus_100,UNBUCKETED,5_to_9.9,0.20_plus,70_to_74.9,70_to_74.9,7.5_to_8.0,UNBUCKETED
63303723,baseball,mlb,2026_06_30,07:40 PM,Kansas City Royals,Tampa Bay Rays,run_line,away,-1.5,away_run_line,118.0,0.4810682519386868,0.0487287892263372,0.0412955840901164,False,824096,1,final,2026-08-28T17:43:21.077345+00:00,4,10,14,1.5,-1.5,10.5,Win,AWAY,0.0487287892263372,118.0,,-1.5,10.5,0.0412955840901164,0.4810682519386868,Night,0.04_to_0.0499,plus_101_to_plus_125,1.0_to_1.9,10_to_14.9,0.03_to_0.0499,<50,<50,10.5_to_11.0,-1.5
63299203,baseball,mlb,2026_07_01,01:10 PM,Cleveland Guardians,Texas Rangers,run_line,home,1.5,home_run_line,-188.0,0.7928466611826941,0.2145736086202974,0.403398384206159,False,824419,1,final,2026-08-28T17:43:21.077345+00:00,9,4,13,1.5,-1.5,8.0,Win,HOME,0.2145736086202974,-188.0,,1.5,8.0,0.403398384206159,0.7928466611826941,Day,0.10_plus,minus_199_to_minus_150,1.0_to_1.9,5_to_9.9,0.20_plus,75_to_79.9,75_to_79.9,8.0_to_8.5,+1.5
63301357,baseball,mlb,2026_07_01,01:35 PM,New York Yankees,Detroit Tigers,run_line,away,1.5,away_run_line,-163.0,0.7480287899882387,0.2069421580791828,0.3373157176690678,False,823530,1,final,2026-08-28T17:43:21.077345+00:00,2,6,8,-1.5,1.5,9.5,Win,AWAY,0.2069421580791828,-163.0,,1.5,9.5,0.3373157176690678,0.7480287899882387,Day,0.10_plus,minus_199_to_minus_150,1.0_to_1.9,5_to_9.9,0.20_plus,70_to_74.9,70_to_74.9,9.5_to_10.0,+1.5
63301501,baseball,mlb,2026_07_01,09:40 PM,Arizona Diamondbacks,San Francisco Giants,run_line,home,1.5,home_run_line,-192.0,0.7442661864135607,0.1319048251706238,0.2532572643275975,False,825064,1,final,2026-08-28T17:43:21.077345+00:00,4,6,10,1.5,-1.5,9.5,Loss,HOME,0.1319048251706238,-192.0,,1.5,9.5,0.2532572643275975,0.7442661864135607,Night,0.10_plus,minus_199_to_minus_150,1.0_to_1.9,5_to_9.9,0.20_plus,70_to_74.9,70_to_74.9,9.5_to_10.0,+1.5
63301701,baseball,mlb,2026_07_01,08:40 PM,Colorado Rockies,Miami Marlins,run_line,home,1.5,home_run_line,-112.0,0.6071698991942973,0.149285880617777,0.1672001862919103,False,824337,1,final,2026-08-28T17:43:21.077345+00:00,6,3,9,1.5,-1.5,11.0,Win,HOME,0.149285880617777,-112.0,,1.5,11.0,0.1672001862919103,0.6071698991942973,Night,0.10_plus,minus_124_to_minus_110,1.0_to_1.9,10_to_14.9,0.15_to_0.1999,60_to_64.9,60_to_64.9,11.0_to_11.5,+1.5
63301701,baseball,mlb,2026_07_01,08:40 PM,Colorado Rockies,Miami Marlins,total,under,11.0,under_total,-119.0,0.7299193314684786,0.4357446078726865,0.5713566875470025,False,824337,1,final,2026-08-28T17:43:21.077345+00:00,6,3,9,1.5,-1.5,11.0,Win,UNDER,0.4357446078726865,-119.0,,,11.0,0.5713566875470025,0.7299193314684786,Night,0.10_plus,minus_124_to_minus_110,UNBUCKETED,10_to_14.9,0.20_plus,70_to_74.9,70_to_74.9,11.0_to_11.5,UNBUCKETED
63301755,baseball,mlb,2026_07_01,09:40 PM,Athletics,Los Angeles Dodgers,run_line,home,1.5,home_run_line,-113.0,0.7105641881694229,0.3393820538060799,0.3835017208008705,False,,,final,2026-08-28T17:43:21.077345+00:00,7,1,8,,,,Win,HOME,0.3393820538060799,-113.0,,,,0.3835017208008705,0.7105641881694229,Night,0.10_plus,minus_124_to_minus_110,UNBUCKETED,UNBUCKETED,0.20_plus,70_to_74.9,70_to_74.9,UNBUCKETED,UNBUCKETED
63302333,baseball,mlb,2026_07_01,02:20 PM,Chicago Cubs,San Diego Padres,run_line,home,1.5,home_run_line,-178.0,0.9403255821755018,0.4685983811505028,0.8341051184478949,False,824660,1,final,2026-08-28T17:43:21.077345+00:00,23,3,26,1.5,-1.5,11.5,Win,HOME,0.4685983811505028,-178.0,,1.5,11.5,0.8341051184478949,0.9403255821755018,Day,0.10_plus,minus_199_to_minus_150,1.0_to_1.9,10_to_14.9,0.20_plus,80_plus,80_plus,11.5_to_12.0,+1.5
63302401,baseball,mlb,2026_07_01,03:25 PM,Toronto Blue Jays,New York Mets,run_line,home,1.5,home_run_line,-172.0,0.8435960182112872,0.3340588194969194,0.5745811695347012,False,822791,1,final,2026-08-28T17:43:21.077345+00:00,9,3,12,1.5,-1.5,9.0,Win,HOME,0.3340588194969194,-172.0,,1.5,9.0,0.5745811695347012,0.8435960182112872,Day,0.10_plus,minus_199_to_minus_150,1.0_to_1.9,5_to_9.9,0.20_plus,80_plus,80_plus,9.0_to_9.5,+1.5
63302481,baseball,mlb,2026_07_01,01:35 PM,Boston Red Sox,Washington Nationals,run_line,away,1.5,away_run_line,-178.0,0.7495230525544232,0.1706034191580316,0.3036740861012965,False,824740,1,final,2026-08-28T17:43:21.077345+00:00,2,10,12,-1.5,1.5,9.5,Win,AWAY,0.1706034191580316,-178.0,,1.5,9.5,0.3036740861012965,0.7495230525544232,Day,0.10_plus,minus_199_to_minus_150,1.0_to_1.9,5_to_9.9,0.20_plus,70_to_74.9,70_to_74.9,9.5_to_10.0,+1.5
63303415,baseball,mlb,2026_07_01,08:10 PM,Houston Astros,Minnesota Twins,run_line,away,1.5,away_run_line,-196.0,0.7942102561959368,0.1994195705816186,0.3908623583399728,False,824174,1,final,2026-08-28T17:43:21.077345+00:00,3,8,11,-1.5,1.5,8.5,Win,AWAY,0.1994195705816186,-196.0,,1.5,8.5,0.3908623583399728,0.7942102561959368,Night,0.10_plus,minus_199_to_minus_150,1.0_to_1.9,5_to_9.9,0.20_plus,75_to_79.9,75_to_79.9,8.5_to_9.0,+1.5
63303709,baseball,mlb,2026_07_01,06:40 PM,Philadelphia Phillies,Pittsburgh Pirates,run_line,home,-1.5,home_run_line,149.0,0.4948884881016602,0.2322723353731339,0.1558874734047878,False,823446,1,final,2026-08-28T17:43:21.077345+00:00,10,6,16,-1.5,1.5,8.0,Win,HOME,0.2322723353731339,149.0,,-1.5,8.0,0.1558874734047878,0.4948884881016602,Night,0.10_plus,plus_126_to_plus_150,1.0_to_1.9,5_to_9.9,0.15_to_0.1999,<50,<50,8.0_to_8.5,-1.5
63301173,baseball,mlb,2026_07_02,08:05 PM,Texas Rangers,Detroit Tigers,run_line,home,-1.5,home_run_line,159.0,0.4010305672793408,0.0386691692534926,0.024320232234901,False,822884,1,final,2026-08-28T17:43:21.077345+00:00,10,4,14,-1.5,1.5,7.5,Win,HOME,0.0386691692534926,159.0,,-1.5,7.5,0.024320232234901,0.4010305672793408,Night,0.03_to_0.0399,plus_151_to_plus_200,1.0_to_1.9,5_to_9.9,0.02_to_0.0299,<50,<50,7.5_to_8.0,-1.5
63301307,baseball,mlb,2026_07_02,06:40 PM,Cleveland Guardians,Chicago White Sox,run_line,home,1.5,home_run_line,-163.0,0.7365110836355329,0.1883583742094794,0.3070241499614514,False,824416,1,final,2026-08-28T17:43:21.077345+00:00,6,5,11,1.5,-1.5,8.5,Win,HOME,0.1883583742094794,-163.0,,1.5,8.5,0.3070241499614514,0.7365110836355329,Night,0.10_plus,minus_199_to_minus_150,1.0_to_1.9,5_to_9.9,0.20_plus,70_to_74.9,70_to_74.9,8.5_to_9.0,+1.5
63301675,baseball,mlb,2026_07_02,03:10 PM,Colorado Rockies,Miami Marlins,run_line,home,1.5,home_run_line,-144.0,0.8119665427873958,0.3758321975008649,0.5411983644012457,False,824335,1,final,2026-08-28T17:43:21.077345+00:00,14,4,18,1.5,-1.5,12.0,Win,HOME,0.3758321975008649,-144.0,,1.5,12.0,0.5411983644012457,0.8119665427873958,Day,0.10_plus,minus_149_to_minus_125,1.0_to_1.9,10_to_14.9,0.20_plus,80_plus,80_plus,12.0_to_12.5,+1.5
63301691,baseball,mlb,2026_07_02,12:35 PM,Philadelphia Phillies,Pittsburgh Pirates,run_line,away,1.5,away_run_line,-185.0,0.839135474741533,0.2927222178450643,0.5415361030133692,False,823442,1,final,2026-08-28T17:43:21.077345+00:00,1,6,7,-1.5,1.5,10.5,Win,AWAY,0.2927222178450643,-185.0,,1.5,10.5,0.5415361030133692,0.839135474741533,Day,0.10_plus,minus_199_to_minus_150,1.0_to_1.9,10_to_14.9,0.20_plus,80_plus,80_plus,10.5_to_11.0,+1.5
63301891,baseball,mlb,2026_07_02,02:10 PM,Milwaukee Brewers,Cincinnati Reds,run_line,away,1.5,away_run_line,-144.0,0.6864809043095649,0.1632037545245404,0.2350134065153382,False,823765,1,final,2026-08-28T17:43:21.077345+00:00,2,7,9,-1.5,1.5,7.0,Win,AWAY,0.1632037545245404,-144.0,,1.5,7.0,0.2350134065153382,0.6864809043095649,Day,0.10_plus,minus_149_to_minus_125,1.0_to_1.9,5_to_9.9,0.20_plus,65_to_69.9,65_to_69.9,7.0_to_7.5,+1.5
63301891,baseball,mlb,2026_07_02,02:10 PM,Milwaukee Brewers,Cincinnati Reds,total,over,7.0,over_total,102.0,0.6906011489331918,0.5088310798830378,0.5629242089297385,False,823765,1,final,2026-08-28T17:43:21.077345+00:00,2,7,9,-1.5,1.5,7.0,Win,OVER,0.5088310798830378,102.0,,,7.0,0.5629242089297385,0.6906011489331918,Day,0.10_plus,plus_101_to_plus_125,UNBUCKETED,5_to_9.9,0.20_plus,65_to_69.9,65_to_69.9,7.0_to_7.5,UNBUCKETED
63302729,baseball,mlb,2026_07_02,07:15 PM,Atlanta Braves,St Louis Cardinals,run_line,home,1.5,home_run_line,-175.0,0.7286566629922507,0.1450318989878225,0.2538058232286894,False,,,final,2026-08-28T17:43:21.077345+00:00,5,11,16,,,,Loss,HOME,0.1450318989878225,-175.0,,,,0.2538058232286894,0.7286566629922507,Night,0.10_plus,minus_199_to_minus_150,UNBUCKETED,UNBUCKETED,0.20_plus,70_to_74.9,70_to_74.9,UNBUCKETED,UNBUCKETED
63303217,baseball,mlb,2026_07_02,09:40 PM,Seattle Mariners,Los Angeles Angels,run_line,away,1.5,away_run_line,-128.0,0.7101401308599243,0.2649371080942402,0.3391194983606274,False,823119,1,final,2026-08-28T17:43:21.077345+00:00,1,0,1,-1.5,1.5,7.5,Win,AWAY,0.2649371080942402,-128.0,,1.5,7.5,0.3391194983606274,0.7101401308599243,Night,0.10_plus,minus_149_to_minus_125,1.0_to_1.9,5_to_9.9,0.20_plus,70_to_74.9,70_to_74.9,7.5_to_8.0,+1.5
63303531,baseball,mlb,2026_07_02,07:40 PM,Kansas City Royals,Tampa Bay Rays,run_line,home,1.5,home_run_line,-153.0,0.6166968519181784,0.0197666897731967,0.0302430353529911,False,824093,1,final,2026-08-28T17:43:21.077345+00:00,2,5,7,1.5,-1.5,10.5,Loss,HOME,0.0197666897731967,-153.0,,1.5,10.5,0.0302430353529911,0.6166968519181784,Night,0.01_to_0.0199,minus_199_to_minus_150,1.0_to_1.9,10_to_14.9,0.03_to_0.0499,60_to_64.9,60_to_64.9,10.5_to_11.0,+1.5
63299387,baseball,mlb,2026_07_03,07:10 PM,Cleveland Guardians,Chicago White Sox,run_line,home,-1.5,home_run_line,152.0,0.4681050919687908,0.1796248317613529,0.1181742314219426,False,824417,1,final,2026-08-28T17:43:21.077345+00:00,4,3,7,-1.5,1.5,8.0,Loss,HOME,0.1796248317613529,152.0,,-1.5,8.0,0.1181742314219426,0.4681050919687908,Night,0.10_plus,plus_151_to_plus_200,1.0_to_1.9,5_to_9.9,0.10_to_0.1499,<50,<50,8.0_to_8.5,-1.5
63301083,baseball,mlb,2026_07_03,07:05 PM,New York Yankees,Minnesota Twins,run_line,away,1.5,away_run_line,-126.0,0.667768599097387,0.1977436777461065,0.2491570339600944,False,823527,1,final,2026-08-28T17:43:21.077345+00:00,5,2,7,-1.5,1.5,9.5,Loss,AWAY,0.1977436777461065,-126.0,,1.5,9.5,0.2491570339600944,0.667768599097387,Night,0.10_plus,minus_149_to_minus_125,1.0_to_1.9,5_to_9.9,0.20_plus,65_to_69.9,65_to_69.9,9.5_to_10.0,+1.5
63301491,baseball,mlb,2026_07_03,10:10 PM,Los Angeles Dodgers,San Diego Padres,run_line,away,1.5,away_run_line,-109.0,0.6435223268937226,0.2339097827595231,0.2549616632078801,False,823933,1,final,2026-08-28T17:43:21.077345+00:00,4,3,7,-1.5,1.5,8.0,Win,AWAY,0.2339097827595231,-109.0,,1.5,8.0,0.2549616632078801,0.6435223268937226,Night,0.10_plus,minus_109_to_minus_101,1.0_to_1.9,5_to_9.9,0.20_plus,60_to_64.9,60_to_64.9,8.0_to_8.5,+1.5
63301825,baseball,mlb,2026_07_03,09:38 PM,Los Angeles Angels,Boston Red Sox,run_line,home,1.5,home_run_line,-196.0,0.6822885431972455,0.0303949427876768,0.0595740878638466,False,824013,1,final,2026-08-28T17:43:21.077345+00:00,2,5,7,1.5,-1.5,8.5,Loss,HOME,0.0303949427876768,-196.0,,1.5,8.5,0.0595740878638466,0.6822885431972455,Night,0.03_to_0.0399,minus_199_to_minus_150,1.0_to_1.9,5_to_9.9,0.05_to_0.0999,65_to_69.9,65_to_69.9,8.5_to_9.0,+1.5
63301981,baseball,mlb,2026_07_03,08:10 PM,Colorado Rockies,San Francisco Giants,run_line,home,1.5,home_run_line,-120.0,0.7847538656391548,0.4387154203384504,0.5264585044061406,False,824336,1,final,2026-08-28T17:43:21.077345+00:00,15,3,18,1.5,-1.5,11.0,Win,HOME,0.4387154203384504,-120.0,,1.5,11.0,0.5264585044061406,0.7847538656391548,Night,0.10_plus,minus_124_to_minus_110,1.0_to_1.9,10_to_14.9,0.20_plus,75_to_79.9,75_to_79.9,11.0_to_11.5,+1.5
63302669,baseball,mlb,2026_07_03,07:10 PM,Cincinnati Reds,Baltimore Orioles,run_line,home,1.5,home_run_line,-156.0,0.6168661299679228,0.0122931363576168,0.0191772927178823,False,824498,1,final,2026-08-28T17:43:21.077345+00:00,0,3,3,1.5,-1.5,9.5,Loss,HOME,0.0122931363576168,-156.0,,1.5,9.5,0.0191772927178823,0.6168661299679228,Night,0.01_to_0.0199,minus_199_to_minus_150,1.0_to_1.9,5_to_9.9,0.01_to_0.0199,60_to_64.9,60_to_64.9,9.5_to_10.0,+1.5
63302669,baseball,mlb,2026_07_03,07:10 PM,Cincinnati Reds,Baltimore Orioles,moneyline,away,,away_moneyline,-123.0,0.604676245041618,0.0962829483274863,0.118428026442808,False,824498,1,final,2026-08-28T17:43:21.077345+00:00,0,3,3,1.5,-1.5,9.5,Win,AWAY,0.0962829483274863,-123.0,-123.0,-1.5,9.5,0.118428026442808,0.604676245041618,Night,0.075_to_0.0999,minus_124_to_minus_110,1.0_to_1.9,5_to_9.9,0.10_to_0.1499,60_to_64.9,60_to_64.9,9.5_to_10.0,-1.5
63302711,baseball,mlb,2026_07_03,07:15 PM,Atlanta Braves,New York Mets,run_line,home,1.5,home_run_line,-196.0,0.7278699444568598,0.0992321610164821,0.1944950355923049,False,824904,1,final,2026-08-28T17:43:21.077345+00:00,5,3,8,1.5,-1.5,9.5,Win,HOME,0.0992321610164821,-196.0,,1.5,9.5,0.1944950355923049,0.7278699444568598,Night,0.075_to_0.0999,minus_199_to_minus_150,1.0_to_1.9,5_to_9.9,0.15_to_0.1999,70_to_74.9,70_to_74.9,9.5_to_10.0,+1.5
63302951,baseball,mlb,2026_07_03,09:45 PM,Arizona Diamondbacks,Milwaukee Brewers,run_line,home,1.5,home_run_line,-120.0,0.6972633547225642,0.2783161503247009,0.3339793803896411,False,825062,1,final,2026-08-28T17:43:21.077345+00:00,4,7,11,1.5,-1.5,8.5,Loss,HOME,0.2783161503247009,-120.0,,1.5,8.5,0.3339793803896411,0.6972633547225642,Night,0.10_plus,minus_124_to_minus_110,1.0_to_1.9,5_to_9.9,0.20_plus,65_to_69.9,65_to_69.9,8.5_to_9.0,+1.5
63303077,baseball,mlb,2026_07_03,10:10 PM,Seattle Mariners,Toronto Blue Jays,run_line,home,1.5,home_run_line,-175.0,0.767128306745982,0.2054873391722573,0.3596028435514504,False,823120,1,final,2026-08-28T17:43:21.077345+00:00,0,2,2,1.5,-1.5,7.0,Loss,HOME,0.2054873391722573,-175.0,,1.5,7.0,0.3596028435514504,0.767128306745982,Night,0.10_plus,minus_199_to_minus_150,1.0_to_1.9,5_to_9.9,0.20_plus,75_to_79.9,75_to_79.9,7.0_to_7.5,+1.5
63303313,baseball,mlb,2026_07_03,08:15 PM,Houston Astros,Tampa Bay Rays,run_line,home,1.5,home_run_line,-185.0,0.7245055105737265,0.1161301108838488,0.2148407051351204,False,824173,1,final,2026-08-28T17:43:21.077345+00:00,1,3,4,1.5,-1.5,8.5,Loss,HOME,0.1161301108838488,-185.0,,1.5,8.5,0.2148407051351204,0.7245055105737265,Night,0.10_plus,minus_199_to_minus_150,1.0_to_1.9,5_to_9.9,0.20_plus,70_to_74.9,70_to_74.9,8.5_to_9.0,+1.5
63303631,baseball,mlb,2026_07_03,06:45 PM,Washington Nationals,Pittsburgh Pirates,run_line,home,-1.5,home_run_line,141.0,0.5763641036455568,0.389037489785792,0.2759131133232567,False,822714,1,final,2026-08-28T17:43:21.077345+00:00,9,5,14,-1.5,1.5,9.5,Win,HOME,0.389037489785792,141.0,,-1.5,9.5,0.2759131133232567,0.5763641036455568,Night,0.10_plus,plus_126_to_plus_150,1.0_to_1.9,5_to_9.9,0.20_plus,55_to_59.9,55_to_59.9,9.5_to_10.0,-1.5
63299149,baseball,mlb,2026_07_04,04:10 PM,Seattle Mariners,Toronto Blue Jays,run_line,home,-1.5,home_run_line,135.0,0.6535710300192202,0.5358919205451675,0.3969569781816056,False,823118,1,final,2026-08-28T17:43:21.077345+00:00,11,0,11,-1.5,1.5,7.5,Win,HOME,0.5358919205451675,135.0,,-1.5,7.5,0.3969569781816056,0.6535710300192202,Day,0.10_plus,plus_126_to_plus_150,1.0_to_1.9,5_to_9.9,0.20_plus,65_to_69.9,65_to_69.9,7.5_to_8.0,-1.5
63299199,baseball,mlb,2026_07_04,09:38 PM,Los Angeles Angels,Boston Red Sox,run_line,home,1.5,home_run_line,-128.0,0.6272091603091201,0.1172163168006201,0.1500368855047938,False,824012,1,final,2026-08-28T17:43:21.077345+00:00,1,8,9,1.5,-1.5,8.5,Loss,HOME,0.1172163168006201,-128.0,,1.5,8.5,0.1500368855047938,0.6272091603091201,Night,0.10_plus,minus_149_to_minus_125,1.0_to_1.9,5_to_9.9,0.15_to_0.1999,60_to_64.9,60_to_64.9,8.5_to_9.0,+1.5
63299269,baseball,mlb,2026_07_04,11:05 AM,Washington Nationals,Pittsburgh Pirates,run_line,away,-1.5,away_run_line,-107.0,0.5349546834948584,0.0349123316208945,0.0373561948343571,False,822716,1,final,2026-08-28T17:43:21.077345+00:00,1,7,8,1.5,-1.5,10.0,Win,AWAY,0.0349123316208945,-107.0,,-1.5,10.0,0.0373561948343571,0.5349546834948584,Day,0.03_to_0.0399,minus_109_to_minus_101,1.0_to_1.9,10_to_14.9,0.03_to_0.0499,50_to_54.9,50_to_54.9,10.0_to_10.5,-1.5
63299321,baseball,mlb,2026_07_04,08:08 PM,Atlanta Braves,New York Mets,run_line,home,-1.5,home_run_line,119.0,0.6792803616217618,0.4876239919516583,0.4097680604635783,False,824903,1,final,2026-08-28T17:43:21.077345+00:00,14,3,17,-1.5,1.5,8.0,Win,HOME,0.4876239919516583,119.0,,-1.5,8.0,0.4097680604635783,0.6792803616217618,Night,0.10_plus,plus_101_to_plus_125,1.0_to_1.9,5_to_9.9,0.20_plus,65_to_69.9,65_to_69.9,8.0_to_8.5,-1.5
63299431,baseball,mlb,2026_07_04,01:35 PM,New York Yankees,Minnesota Twins,run_line,away,1.5,away_run_line,-144.0,0.7653986834211026,0.2969255469079794,0.4275727875474904,False,823526,1,final,2026-08-28T17:43:21.077345+00:00,4,11,15,-1.5,1.5,10.0,Win,AWAY,0.2969255469079794,-144.0,,1.5,10.0,0.4275727875474904,0.7653986834211026,Day,0.10_plus,minus_149_to_minus_125,1.0_to_1.9,10_to_14.9,0.20_plus,75_to_79.9,75_to_79.9,10.0_to_10.5,+1.5
63300843,baseball,mlb,2026_07_04,04:05 PM,Texas Rangers,Detroit Tigers,run_line,home,1.5,home_run_line,-172.0,0.643095177902715,0.0169877231949913,0.0292188838953848,False,822882,1,final,2026-08-28T17:43:21.077345+00:00,0,3,3,1.5,-1.5,8.0,Loss,HOME,0.0169877231949913,-172.0,,1.5,8.0,0.0292188838953848,0.643095177902715,Day,0.01_to_0.0199,minus_199_to_minus_150,1.0_to_1.9,5_to_9.9,0.02_to_0.0299,60_to_64.9,60_to_64.9,8.0_to_8.5,+1.5
63300919,baseball,mlb,2026_07_04,07:10 PM,Cleveland Guardians,Chicago White Sox,run_line,home,-1.5,home_run_line,144.0,0.4514658260073911,0.1015766154580342,0.0705393162903016,False,824415,1,final,2026-08-28T17:43:21.077345+00:00,1,3,4,-1.5,1.5,7.5,Loss,HOME,0.1015766154580342,144.0,,-1.5,7.5,0.0705393162903016,0.4514658260073911,Night,0.10_plus,plus_126_to_plus_150,1.0_to_1.9,5_to_9.9,0.05_to_0.0999,<50,<50,7.5_to_8.0,-1.5
63301399,baseball,mlb,2026_07_04,10:10 PM,Los Angeles Dodgers,San Diego Padres,run_line,away,1.5,away_run_line,-102.0,0.5993554190717425,0.1869587711028624,0.1906979465249197,False,823932,1,final,2026-08-28T17:43:21.077345+00:00,3,0,3,-1.5,1.5,8.5,Loss,AWAY,0.1869587711028624,-102.0,,1.5,8.5,0.1906979465249197,0.5993554190717425,Night,0.10_plus,minus_109_to_minus_101,1.0_to_1.9,5_to_9.9,0.15_to_0.1999,55_to_59.9,55_to_59.9,8.5_to_9.0,+1.5
63301525,baseball,mlb,2026_07_04,07:10 PM,Houston Astros,Tampa Bay Rays,total,over,7.5,over_total,100.0,0.6411767923458793,0.2823535846917587,0.2823535846917587,False,824171,1,final,2026-08-28T17:43:21.077345+00:00,10,8,18,1.5,-1.5,7.5,Win,OVER,0.2823535846917587,100.0,,,7.5,0.2823535846917587,0.6411767923458793,Night,0.10_plus,minus_100_to_plus_100,UNBUCKETED,5_to_9.9,0.20_plus,60_to_64.9,60_to_64.9,7.5_to_8.0,UNBUCKETED
63301745,baseball,mlb,2026_07_04,09:40 PM,Athletics,Miami Marlins,run_line,home,1.5,home_run_line,-144.0,0.6869971390718275,0.1640784856494854,0.236273019335259,False,,,final,2026-08-28T17:43:21.077345+00:00,2,7,9,,,,Loss,HOME,0.1640784856494854,-144.0,,,,0.236273019335259,0.6869971390718275,Night,0.10_plus,minus_149_to_minus_125,UNBUCKETED,UNBUCKETED,0.20_plus,65_to_69.9,65_to_69.9,UNBUCKETED,UNBUCKETED
63301951,baseball,mlb,2026_07_04,09:05 PM,Chicago Cubs,St Louis Cardinals,run_line,home,-1.5,home_run_line,138.0,0.5487350485285891,0.305989415498042,0.2217314605058276,False,,,final,2026-08-28T17:43:21.077345+00:00,0,3,3,,,,Loss,HOME,0.305989415498042,138.0,,,,0.2217314605058276,0.5487350485285891,Night,0.10_plus,plus_126_to_plus_150,UNBUCKETED,UNBUCKETED,0.20_plus,50_to_54.9,50_to_54.9,UNBUCKETED,UNBUCKETED
63303497,baseball,mlb,2026_07_04,07:10 PM,Cincinnati Reds,Baltimore Orioles,run_line,away,1.5,away_run_line,-196.0,0.7853122538411896,0.1859817711071025,0.3645242713699212,False,824499,1,final,2026-08-28T17:43:21.077345+00:00,5,8,13,-1.5,1.5,9.5,Win,AWAY,0.1859817711071025,-196.0,,1.5,9.5,0.3645242713699212,0.7853122538411896,Night,0.10_plus,minus_199_to_minus_150,1.0_to_1.9,5_to_9.9,0.20_plus,75_to_79.9,75_to_79.9,9.5_to_10.0,+1.5
63303607,baseball,mlb,2026_07_04,08:55 PM,Colorado Rockies,San Francisco Giants,run_line,home,1.5,home_run_line,-138.0,0.6205626202903375,0.0702456784717415,0.0969390362910032,False,824334,1,final,2026-08-28T17:43:21.077345+00:00,4,6,10,1.5,-1.5,11.5,Loss,HOME,0.0702456784717415,-138.0,,1.5,11.5,0.0969390362910032,0.6205626202903375,Night,0.05_to_0.0749,minus_149_to_minus_125,1.0_to_1.9,10_to_14.9,0.05_to_0.0999,60_to_64.9,60_to_64.9,11.5_to_12.0,+1.5
63303815,baseball,mlb,2026_07_04,09:40 PM,Arizona Diamondbacks,Milwaukee Brewers,run_line,home,1.5,home_run_line,-131.0,0.6513661233893893,0.1485921717782359,0.194655745029489,False,825063,1,final,2026-08-28T17:43:21.077345+00:00,4,3,7,1.5,-1.5,9.0,Win,HOME,0.1485921717782359,-131.0,,1.5,9.0,0.194655745029489,0.6513661233893893,Night,0.10_plus,minus_149_to_minus_125,1.0_to_1.9,5_to_9.9,0.15_to_0.1999,65_to_69.9,65_to_69.9,9.0_to_9.5,+1.5
63300857,baseball,mlb,2026_07_05,09:30 PM,Los Angeles Angels,Boston Red Sox,run_line,home,1.5,home_run_line,-126.0,0.6478906037208314,0.1620894955627609,0.2042327644090788,False,824010,1,final,2026-08-28T17:43:21.077345+00:00,5,7,12,1.5,-1.5,8.5,Loss,HOME,0.1620894955627609,-126.0,,1.5,8.5,0.2042327644090788,0.6478906037208314,Night,0.10_plus,minus_149_to_minus_125,1.0_to_1.9,5_to_9.9,0.20_plus,60_to_64.9,60_to_64.9,8.5_to_9.0,+1.5
63301165,baseball,mlb,2026_07_05,04:00 PM,Colorado Rockies,San Francisco Giants,run_line,home,1.5,home_run_line,-142.0,0.655541597173432,0.1171906092673982,0.1664106651597053,False,824333,1,final,2026-08-28T17:43:21.077345+00:00,7,6,13,1.5,-1.5,13.0,Win,HOME,0.1171906092673982,-142.0,,1.5,13.0,0.1664106651597053,0.655541597173432,Day,0.10_plus,minus_149_to_minus_125,1.0_to_1.9,10_to_14.9,0.15_to_0.1999,65_to_69.9,65_to_69.9,13.0_to_13.5,+1.5
63301165,baseball,mlb,2026_07_05,04:00 PM,Colorado Rockies,San Francisco Giants,total,under,13.0,under_total,-117.0,0.7355202110792836,0.4487788289395866,0.5736031404162756,False,824333,1,final,2026-08-28T17:43:21.077345+00:00,7,6,13,1.5,-1.5,13.0,Push,UNDER,0.4487788289395866,-117.0,,,13.0,0.5736031404162756,0.7355202110792836,Day,0.10_plus,minus_124_to_minus_110,UNBUCKETED,10_to_14.9,0.20_plus,70_to_74.9,70_to_74.9,13.0_to_13.5,UNBUCKETED
63301191,baseball,mlb,2026_07_05,03:00 PM,Kansas City Royals,Philadelphia Phillies,run_line,home,1.5,home_run_line,-138.0,0.7370337568493857,0.2711161893489406,0.3741403413015379,False,824091,1,final,2026-08-28T17:43:21.077345+00:00,5,2,7,1.5,-1.5,9.5,Win,HOME,0.2711161893489406,-138.0,,1.5,9.5,0.3741403413015379,0.7370337568493857,Day,0.10_plus,minus_149_to_minus_125,1.0_to_1.9,5_to_9.9,0.20_plus,70_to_74.9,70_to_74.9,9.5_to_10.0,+1.5
63301605,baseball,mlb,2026_07_05,01:35 PM,New York Yankees,Minnesota Twins,run_line,away,1.5,away_run_line,-188.0,0.7318789912168548,0.121176326970501,0.2278114947045419,False,823525,1,final,2026-08-28T17:43:21.077345+00:00,1,6,7,-1.5,1.5,8.5,Win,AWAY,0.121176326970501,-188.0,,1.5,8.5,0.2278114947045419,0.7318789912168548,Day,0.10_plus,minus_199_to_minus_150,1.0_to_1.9,5_to_9.9,0.20_plus,70_to_74.9,70_to_74.9,8.5_to_9.0,+1.5
63301635,baseball,mlb,2026_07_05,03:30 PM,Cleveland Guardians,Chicago White Sox,run_line,home,-1.5,home_run_line,135.0,0.4488564363103191,0.0548126253292498,0.0406019446883332,False,824413,1,final,2026-08-28T17:43:21.077345+00:00,6,7,13,-1.5,1.5,8.5,Loss,HOME,0.0548126253292498,135.0,,-1.5,8.5,0.0406019446883332,0.4488564363103191,Day,0.05_to_0.0749,plus_126_to_plus_150,1.0_to_1.9,5_to_9.9,0.03_to_0.0499,<50,<50,8.5_to_9.0,-1.5
63301847,baseball,mlb,2026_07_05,02:15 PM,Atlanta Braves,New York Mets,run_line,home,1.5,home_run_line,-196.0,0.663867270131033,0.002575061014213,0.0050471195878574,False,824902,1,final,2026-08-28T17:43:21.077345+00:00,9,10,19,1.5,-1.5,9.0,Win,HOME,0.002575061014213,-196.0,,1.5,9.0,0.0050471195878574,0.663867270131033,Day,0.00_to_0.0099,minus_199_to_minus_150,1.0_to_1.9,5_to_9.9,0.001_to_0.0099,65_to_69.9,65_to_69.9,9.0_to_9.5,+1.5
63302315,baseball,mlb,2026_07_05,01:00 PM,Washington Nationals,Pittsburgh Pirates,run_line,away,1.5,away_run_line,-172.0,0.843023415562311,0.3331533083310964,0.5730236903294859,False,822715,1,final,2026-08-28T17:43:21.077345+00:00,5,11,16,-1.5,1.5,9.5,Win,AWAY,0.3331533083310964,-172.0,,1.5,9.5,0.5730236903294859,0.843023415562311,Day,0.10_plus,minus_199_to_minus_150,1.0_to_1.9,5_to_9.9,0.20_plus,80_plus,80_plus,9.5_to_10.0,+1.5
63302863,baseball,mlb,2026_07_05,05:00 PM,Seattle Mariners,Toronto Blue Jays,run_line,home,-1.5,home_run_line,158.0,0.5230232234905209,0.3493999166055439,0.2211391877250278,False,823117,1,final,2026-08-28T17:43:21.077345+00:00,4,0,4,-1.5,1.5,7.5,Win,HOME,0.3493999166055439,158.0,,-1.5,7.5,0.2211391877250278,0.5230232234905209,Night,0.10_plus,plus_151_to_plus_200,1.0_to_1.9,5_to_9.9,0.20_plus,50_to_54.9,50_to_54.9,7.5_to_8.0,-1.5
63303083,baseball,mlb,2026_07_05,04:30 PM,Athletics,Miami Marlins,run_line,home,1.5,home_run_line,-192.0,0.7418314575473139,0.1282020083532069,0.246147856038157,False,,,final,2026-08-28T17:43:21.077345+00:00,8,9,17,,,,Win,HOME,0.1282020083532069,-192.0,,,,0.246147856038157,0.7418314575473139,Day,0.10_plus,minus_199_to_minus_150,UNBUCKETED,UNBUCKETED,0.20_plus,70_to_74.9,70_to_74.9,UNBUCKETED,UNBUCKETED
63303255,baseball,mlb,2026_07_05,04:00 PM,Arizona Diamondbacks,Milwaukee Brewers,run_line,home,1.5,home_run_line,-156.0,0.7254772098643063,0.1905267033670667,0.2972216572526241,False,825061,1,final,2026-08-28T17:43:21.077345+00:00,2,3,5,1.5,-1.5,9.0,Win,HOME,0.1905267033670667,-156.0,,1.5,9.0,0.2972216572526241,0.7254772098643063,Day,0.10_plus,minus_199_to_minus_150,1.0_to_1.9,5_to_9.9,0.20_plus,70_to_74.9,70_to_74.9,9.0_to_9.5,+1.5
63303883,baseball,mlb,2026_07_05,07:20 PM,Los Angeles Dodgers,San Diego Padres,run_line,away,1.5,away_run_line,-111.0,0.6666334648049907,0.2672041538184959,0.2965966107385305,False,823931,1,final,2026-08-28T17:43:21.077345+00:00,2,5,7,-1.5,1.5,9.5,Win,AWAY,0.2672041538184959,-111.0,,1.5,9.5,0.2965966107385305,0.6666334648049907,Night,0.10_plus,minus_124_to_minus_110,1.0_to_1.9,5_to_9.9,0.20_plus,65_to_69.9,65_to_69.9,9.5_to_10.0,+1.5
63299185,baseball,mlb,2026_07_06,09:45 PM,San Francisco Giants,Toronto Blue Jays,run_line,home,1.5,home_run_line,-188.0,0.8940350633626333,0.3695856289810553,0.6948209824843838,False,823205,1,final,2026-08-28T17:43:21.077345+00:00,10,1,11,1.5,-1.5,7.5,Win,HOME,0.3695856289810553,-188.0,,1.5,7.5,0.6948209824843838,0.8940350633626333,Night,0.10_plus,minus_199_to_minus_150,1.0_to_1.9,5_to_9.9,0.20_plus,80_plus,80_plus,7.5_to_8.0,+1.5
63299217,baseball,mlb,2026_07_06,09:40 PM,San Diego Padres,Arizona Diamondbacks,run_line,away,-1.5,away_run_line,154.0,0.5092741426722892,0.2935563223876145,0.1906209885633861,False,823282,1,final,2026-08-28T17:43:21.077345+00:00,0,8,8,1.5,-1.5,8.5,Win,AWAY,0.2935563223876145,154.0,,-1.5,8.5,0.1906209885633861,0.5092741426722892,Night,0.10_plus,plus_151_to_plus_200,1.0_to_1.9,5_to_9.9,0.15_to_0.1999,50_to_54.9,50_to_54.9,8.5_to_9.0,-1.5
63302119,baseball,mlb,2026_07_06,06:45 PM,Washington Nationals,Houston Astros,run_line,home,-1.5,home_run_line,142.0,0.5284100938995598,0.2787524272369348,0.1963045262231935,False,822712,1,final,2026-08-28T17:43:21.077345+00:00,12,11,23,-1.5,1.5,10.0,Loss,HOME,0.2787524272369348,142.0,,-1.5,10.0,0.1963045262231935,0.5284100938995598,Night,0.10_plus,plus_126_to_plus_150,1.0_to_1.9,10_to_14.9,0.15_to_0.1999,50_to_54.9,50_to_54.9,10.0_to_10.5,-1.5
63302377,baseball,mlb,2026_07_06,07:15 PM,Atlanta Braves,New York Mets,run_line,home,-1.5,home_run_line,154.0,0.4270484377506276,0.0847030318865942,0.0550019687575286,False,824900,1,final,2026-08-28T17:43:21.077345+00:00,6,7,13,-1.5,1.5,9.0,Loss,HOME,0.0847030318865942,154.0,,-1.5,9.0,0.0550019687575286,0.4270484377506276,Night,0.075_to_0.0999,plus_151_to_plus_200,1.0_to_1.9,5_to_9.9,0.05_to_0.0999,<50,<50,9.0_to_9.5,-1.5
63302377,baseball,mlb,2026_07_06,07:15 PM,Atlanta Braves,New York Mets,total,over,9.0,over_total,100.0,0.6273359449417586,0.3686889608612237,0.4161355132068765,False,824900,1,final,2026-08-28T17:43:21.077345+00:00,6,7,13,-1.5,1.5,9.0,Win,OVER,0.3686889608612237,100.0,,,9.0,0.4161355132068765,0.6273359449417586,Night,0.10_plus,minus_100_to_plus_100,UNBUCKETED,5_to_9.9,0.20_plus,60_to_64.9,60_to_64.9,9.0_to_9.5,UNBUCKETED
63302475,baseball,mlb,2026_07_06,10:10 PM,Los Angeles Dodgers,Colorado Rockies,run_line,away,1.5,away_run_line,-105.0,0.7125139581144051,0.3910986801281242,0.4106536141345304,False,823930,1,final,2026-08-28T17:43:21.077345+00:00,8,7,15,-1.5,1.5,10.5,Win,AWAY,0.3910986801281242,-105.0,,1.5,10.5,0.4106536141345304,0.7125139581144051,Night,0.10_plus,minus_109_to_minus_101,1.0_to_1.9,10_to_14.9,0.20_plus,70_to_74.9,70_to_74.9,10.5_to_11.0,+1.5
63302993,baseball,mlb,2026_07_06,02:10 PM,Kansas City Royals,Philadelphia Phillies,run_line,home,1.5,home_run_line,-102.0,0.7640526219920055,0.5131238200233832,0.523386296423851,False,824089,1,final,2026-08-28T17:43:21.077345+00:00,15,1,16,1.5,-1.5,8.5,Win,HOME,0.5131238200233832,-102.0,,1.5,8.5,0.523386296423851,0.7640526219920055,Day,0.10_plus,minus_109_to_minus_101,1.0_to_1.9,5_to_9.9,0.20_plus,75_to_79.9,75_to_79.9,8.5_to_9.0,+1.5
63302993,baseball,mlb,2026_07_06,02:10 PM,Kansas City Royals,Philadelphia Phillies,total,over,8.5,over_total,102.0,0.5911825630942256,0.1941887774503357,0.1903811543630742,False,824089,1,final,2026-08-28T17:43:21.077345+00:00,15,1,16,1.5,-1.5,8.5,Win,OVER,0.1941887774503357,102.0,,,8.5,0.1903811543630742,0.5911825630942256,Day,0.10_plus,plus_101_to_plus_125,UNBUCKETED,5_to_9.9,0.15_to_0.1999,55_to_59.9,55_to_59.9,8.5_to_9.0,UNBUCKETED
63303439,baseball,mlb,2026_07_06,06:40 PM,Tampa Bay Rays,New York Yankees,run_line,away,-1.5,away_run_line,154.0,0.4998960315019487,0.2697359200149498,0.1751531948149024,False,822958,1,final,2026-08-28T17:43:21.077345+00:00,1,5,6,1.5,-1.5,7.5,Win,AWAY,0.2697359200149498,154.0,,-1.5,7.5,0.1751531948149024,0.4998960315019487,Night,0.10_plus,plus_151_to_plus_200,1.0_to_1.9,5_to_9.9,0.15_to_0.1999,<50,<50,7.5_to_8.0,-1.5
63299207,baseball,mlb,2026_07_07,07:40 PM,Chicago White Sox,Boston Red Sox,run_line,home,1.5,home_run_line,-163.0,0.7049540222017001,0.1374411523867922,0.2240290783904713,False,824579,1,final,2026-08-28T17:43:21.077345+00:00,1,8,9,1.5,-1.5,8.5,Loss,HOME,0.1374411523867922,-163.0,,1.5,8.5,0.2240290783904713,0.7049540222017001,Night,0.10_plus,minus_199_to_minus_150,1.0_to_1.9,5_to_9.9,0.20_plus,70_to_74.9,70_to_74.9,8.5_to_9.0,+1.5
63299245,baseball,mlb,2026_07_07,07:30 PM,Baltimore Orioles,Chicago Cubs,run_line,home,1.5,home_run_line,-163.0,0.6416623196942661,0.0353201845373742,0.0575719007959199,False,824820,1,final,2026-08-28T17:43:21.077345+00:00,2,5,7,1.5,-1.5,9.5,Loss,HOME,0.0353201845373742,-163.0,,1.5,9.5,0.0575719007959199,0.6416623196942661,Night,0.03_to_0.0399,minus_199_to_minus_150,1.0_to_1.9,5_to_9.9,0.05_to_0.0999,60_to_64.9,60_to_64.9,9.5_to_10.0,+1.5
63299407,baseball,mlb,2026_07_07,07:10 PM,New York Mets,Kansas City Royals,run_line,home,-1.5,home_run_line,136.0,0.6460064612706129,0.5245752485986466,0.3857170945578284,False,823607,1,final,2026-08-28T17:43:21.077345+00:00,12,16,28,-1.5,1.5,8.0,Loss,HOME,0.5245752485986466,136.0,,-1.5,8.0,0.3857170945578284,0.6460064612706129,Night,0.10_plus,plus_126_to_plus_150,1.0_to_1.9,5_to_9.9,0.20_plus,60_to_64.9,60_to_64.9,8.0_to_8.5,-1.5
63300887,baseball,mlb,2026_07_07,09:40 PM,San Diego Padres,Arizona Diamondbacks,run_line,away,1.5,away_run_line,-200.0,0.7366121688946048,0.104918253341907,0.2098365066838143,False,823280,1,final,2026-08-28T17:43:21.077345+00:00,4,1,5,-1.5,1.5,8.5,Loss,AWAY,0.104918253341907,-200.0,,1.5,8.5,0.2098365066838143,0.7366121688946048,Night,0.10_plus,minus_200_or_lower,1.0_to_1.9,5_to_9.9,0.20_plus,70_to_74.9,70_to_74.9,8.5_to_9.0,+1.5
63301171,baseball,mlb,2026_07_07,06:40 PM,Pittsburgh Pirates,Atlanta Braves,run_line,home,-1.5,home_run_line,123.0,0.500910478020658,0.1170303659860674,0.0951466390130629,False,823361,1,final,2026-08-28T17:43:21.077345+00:00,12,4,16,-1.5,1.5,8.0,Win,HOME,0.1170303659860674,123.0,,-1.5,8.0,0.0951466390130629,0.500910478020658,Night,0.10_plus,plus_101_to_plus_125,1.0_to_1.9,5_to_9.9,0.05_to_0.0999,50_to_54.9,50_to_54.9,8.0_to_8.5,-1.5
63301573,baseball,mlb,2026_07_07,06:40 PM,Tampa Bay Rays,New York Yankees,run_line,home,1.5,home_run_line,-204.0,0.7406990710104091,0.1037868509174724,0.2117251758716437,False,822956,1,final,2026-08-28T17:43:21.077345+00:00,6,4,10,1.5,-1.5,8.0,Win,HOME,0.1037868509174724,-204.0,,1.5,8.0,0.2117251758716437,0.7406990710104091,Night,0.10_plus,minus_200_or_lower,1.0_to_1.9,5_to_9.9,0.20_plus,70_to_74.9,70_to_74.9,8.0_to_8.5,+1.5
63301917,baseball,mlb,2026_07_07,08:05 PM,Texas Rangers,Los Angeles Angels,run_line,home,-1.5,home_run_line,135.0,0.455000396649055,0.0692509321252792,0.0512969867594661,False,822881,1,final,2026-08-28T17:43:21.077345+00:00,8,3,11,-1.5,1.5,7.0,Win,HOME,0.0692509321252792,135.0,,-1.5,7.0,0.0512969867594661,0.455000396649055,Night,0.05_to_0.0749,plus_126_to_plus_150,1.0_to_1.9,5_to_9.9,0.05_to_0.0999,<50,<50,7.0_to_7.5,-1.5
63302303,baseball,mlb,2026_07_07,06:40 PM,Miami Marlins,Seattle Mariners,run_line,home,1.5,home_run_line,-200.0,0.7951334790511194,0.192700218576679,0.3854004371533582,False,823847,1,final,2026-08-28T17:43:21.077345+00:00,6,5,11,1.5,-1.5,8.0,Win,HOME,0.192700218576679,-200.0,,1.5,8.0,0.3854004371533582,0.7951334790511194,Night,0.10_plus,minus_200_or_lower,1.0_to_1.9,5_to_9.9,0.20_plus,75_to_79.9,75_to_79.9,8.0_to_8.5,+1.5
63302483,baseball,mlb,2026_07_07,06:40 PM,Detroit Tigers,Athletics,run_line,away,1.5,away_run_line,-142.0,0.8549779166660978,0.4570750410788426,0.6490465583319567,False,,,final,2026-08-28T17:43:21.077345+00:00,6,2,8,,,,Loss,AWAY,0.4570750410788426,-142.0,,,,0.6490465583319567,0.8549779166660978,Night,0.10_plus,minus_149_to_minus_125,UNBUCKETED,UNBUCKETED,0.20_plus,80_plus,80_plus,UNBUCKETED,UNBUCKETED
63302819,baseball,mlb,2026_07_07,07:40 PM,Minnesota Twins,Cleveland Guardians,run_line,home,1.5,home_run_line,-204.0,0.8423482581145876,0.255264070915856,0.5207387046683463,False,823687,1,final,2026-08-28T17:43:21.077345+00:00,3,1,4,1.5,-1.5,8.5,Win,HOME,0.255264070915856,-204.0,,1.5,8.5,0.5207387046683463,0.8423482581145876,Night,0.10_plus,minus_200_or_lower,1.0_to_1.9,5_to_9.9,0.20_plus,80_plus,80_plus,8.5_to_9.0,+1.5
63303167,baseball,mlb,2026_07_07,07:10 PM,Cincinnati Reds,Philadelphia Phillies,run_line,home,1.5,home_run_line,-120.0,0.6373497635612959,0.1684745665290423,0.2021694798348509,False,824495,1,final,2026-08-28T17:43:21.077345+00:00,1,4,5,1.5,-1.5,8.5,Loss,HOME,0.1684745665290423,-120.0,,1.5,8.5,0.2021694798348509,0.6373497635612959,Night,0.10_plus,minus_124_to_minus_110,1.0_to_1.9,5_to_9.9,0.20_plus,60_to_64.9,60_to_64.9,8.5_to_9.0,+1.5
63303417,baseball,mlb,2026_07_07,10:10 PM,Los Angeles Dodgers,Colorado Rockies,run_line,away,1.5,away_run_line,108.0,0.691650490707701,0.4386330206720181,0.4061416858074241,False,823929,1,final,2026-08-28T17:43:21.077345+00:00,3,4,7,-1.5,1.5,9.5,Win,AWAY,0.4386330206720181,108.0,,1.5,9.5,0.4061416858074241,0.691650490707701,Night,0.10_plus,plus_101_to_plus_125,1.0_to_1.9,5_to_9.9,0.20_plus,65_to_69.9,65_to_69.9,9.5_to_10.0,+1.5
63303455,baseball,mlb,2026_07_07,09:45 PM,San Francisco Giants,Toronto Blue Jays,run_line,home,1.5,home_run_line,-181.0,0.7434530082103672,0.1542005265586363,0.2791029530711317,False,823203,1,final,2026-08-28T17:43:21.077345+00:00,3,9,12,1.5,-1.5,7.5,Loss,HOME,0.1542005265586363,-181.0,,1.5,7.5,0.2791029530711317,0.7434530082103672,Night,0.10_plus,minus_199_to_minus_150,1.0_to_1.9,5_to_9.9,0.20_plus,70_to_74.9,70_to_74.9,7.5_to_8.0,+1.5
63303535,baseball,mlb,2026_07_07,06:45 PM,Washington Nationals,Houston Astros,run_line,home,1.5,home_run_line,-196.0,0.6988952070832484,0.0554743943706199,0.108729812966415,False,822713,1,final,2026-08-28T17:43:21.077345+00:00,3,6,9,1.5,-1.5,9.0,Loss,HOME,0.0554743943706199,-196.0,,1.5,9.0,0.108729812966415,0.6988952070832484,Night,0.05_to_0.0749,minus_199_to_minus_150,1.0_to_1.9,5_to_9.9,0.10_to_0.1499,65_to_69.9,65_to_69.9,9.0_to_9.5,+1.5
71325506,baseball,mlb,2026_07_07,02:15 PM,St Louis Cardinals,Milwaukee Brewers,run_line,home,1.5,home_run_line,-109.0,0.6603178141141633,0.266113973851928,0.2900642314986014,False,,,final,2026-08-28T17:43:21.077345+00:00,3,4,7,,,,Win,HOME,0.266113973851928,-109.0,,,,0.2900642314986014,0.6603178141141633,Day,0.10_plus,minus_109_to_minus_101,UNBUCKETED,UNBUCKETED,0.20_plus,65_to_69.9,65_to_69.9,UNBUCKETED,UNBUCKETED
63299475,baseball,mlb,2026_07_08,10:10 PM,San Diego Padres,Arizona Diamondbacks,run_line,home,-1.5,home_run_line,146.0,0.427439369014843,0.0515008477765137,0.0352745532715847,False,823279,1,final,2026-08-28T17:43:21.077345+00:00,10,4,14,-1.5,1.5,7.5,Win,HOME,0.0515008477765137,146.0,,-1.5,7.5,0.0352745532715847,0.427439369014843,Night,0.05_to_0.0749,plus_126_to_plus_150,1.0_to_1.9,5_to_9.9,0.03_to_0.0499,<50,<50,7.5_to_8.0,-1.5
63300847,baseball,mlb,2026_07_08,06:40 PM,Pittsburgh Pirates,Atlanta Braves,run_line,away,1.5,away_run_line,-200.0,0.6836922826882612,0.0255384240323919,0.0510768480647836,False,823360,1,final,2026-08-28T17:43:21.077345+00:00,0,3,3,-1.5,1.5,8.5,Win,AWAY,0.0255384240323919,-200.0,,1.5,8.5,0.0510768480647836,0.6836922826882612,Night,0.02_to_0.0299,minus_200_or_lower,1.0_to_1.9,5_to_9.9,0.05_to_0.0999,65_to_69.9,65_to_69.9,8.5_to_9.0,+1.5
63301053,baseball,mlb,2026_07_08,06:40 PM,Detroit Tigers,Athletics,run_line,away,1.5,away_run_line,-149.0,0.694921655906297,0.1613120289977714,0.2403549232066793,False,,,final,2026-08-28T17:43:21.077345+00:00,6,1,7,,,,Loss,AWAY,0.1613120289977714,-149.0,,,,0.2403549232066793,0.694921655906297,Night,0.10_plus,minus_149_to_minus_125,UNBUCKETED,UNBUCKETED,0.20_plus,65_to_69.9,65_to_69.9,UNBUCKETED,UNBUCKETED
63301053,baseball,mlb,2026_07_08,06:40 PM,Detroit Tigers,Athletics,total,over,9.0,over_total,100.0,0.5971086203437065,0.312747967293325,0.3548030280046998,False,,,final,2026-08-28T17:43:21.077345+00:00,6,1,7,,,,Loss,OVER,0.312747967293325,100.0,,,,0.3548030280046998,0.5971086203437065,Night,0.10_plus,minus_100_to_plus_100,UNBUCKETED,UNBUCKETED,0.20_plus,55_to_59.9,55_to_59.9,UNBUCKETED,UNBUCKETED
63301695,baseball,mlb,2026_07_08,06:40 PM,Tampa Bay Rays,New York Yankees,run_line,home,1.5,home_run_line,-204.0,0.7038107358799209,0.0488159985661567,0.0995846370749596,False,822957,1,final,2026-08-28T17:43:21.077345+00:00,3,0,3,1.5,-1.5,7.5,Win,HOME,0.0488159985661567,-204.0,,1.5,7.5,0.0995846370749596,0.7038107358799209,Night,0.04_to_0.0499,minus_200_or_lower,1.0_to_1.9,5_to_9.9,0.05_to_0.0999,70_to_74.9,70_to_74.9,7.5_to_8.0,+1.5
63302009,baseball,mlb,2026_07_08,10:10 PM,Los Angeles Dodgers,Colorado Rockies,run_line,away,1.5,away_run_line,100.0,0.6811467522973664,0.3622935045947328,0.3622935045947328,False,823928,1,final,2026-08-28T17:43:21.077345+00:00,4,3,7,-1.5,1.5,10.0,Win,AWAY,0.3622935045947328,100.0,,1.5,10.0,0.3622935045947328,0.6811467522973664,Night,0.10_plus,minus_100_to_plus_100,1.0_to_1.9,10_to_14.9,0.20_plus,65_to_69.9,65_to_69.9,10.0_to_10.5,+1.5
63302165,baseball,mlb,2026_07_08,07:10 PM,Cincinnati Reds,Philadelphia Phillies,run_line,away,1.5,away_run_line,-181.0,0.7002504376342888,0.0871291324598626,0.1577037297523516,False,824496,1,final,2026-08-28T17:43:21.077345+00:00,11,5,16,-1.5,1.5,9.0,Loss,AWAY,0.0871291324598626,-181.0,,1.5,9.0,0.1577037297523516,0.7002504376342888,Night,0.075_to_0.0999,minus_199_to_minus_150,1.0_to_1.9,5_to_9.9,0.15_to_0.1999,70_to_74.9,70_to_74.9,9.0_to_9.5,+1.5
63302165,baseball,mlb,2026_07_08,07:10 PM,Cincinnati Reds,Philadelphia Phillies,moneyline,away,,away_moneyline,114.0,0.5071632680492796,0.0853293936254584,0.0748503452854897,False,824496,1,final,2026-08-28T17:43:21.077345+00:00,11,5,16,-1.5,1.5,9.0,Loss,AWAY,0.0853293936254584,114.0,114.0,1.5,9.0,0.0748503452854897,0.5071632680492796,Night,0.075_to_0.0999,plus_101_to_plus_125,1.0_to_1.9,5_to_9.9,0.05_to_0.0999,50_to_54.9,50_to_54.9,9.0_to_9.5,+1.5
63302211,baseball,mlb,2026_07_08,07:45 PM,St Louis Cardinals,Milwaukee Brewers,run_line,home,1.5,home_run_line,-149.0,0.649812991008544,0.0859290923565598,0.1280343476112743,False,,,final,2026-08-28T17:43:21.077345+00:00,5,1,6,,,,Win,HOME,0.0859290923565598,-149.0,,,,0.1280343476112743,0.649812991008544,Night,0.075_to_0.0999,minus_149_to_minus_125,UNBUCKETED,UNBUCKETED,0.10_to_0.1499,60_to_64.9,60_to_64.9,UNBUCKETED,UNBUCKETED
63302461,baseball,mlb,2026_07_08,06:45 PM,Washington Nationals,Houston Astros,run_line,home,-1.5,home_run_line,144.0,0.5628684720210523,0.3733990717313675,0.2593049109245608,False,822710,1,final,2026-08-28T17:43:21.077345+00:00,8,2,10,-1.5,1.5,9.0,Win,HOME,0.3733990717313675,144.0,,-1.5,9.0,0.2593049109245608,0.5628684720210523,Night,0.10_plus,plus_126_to_plus_150,1.0_to_1.9,5_to_9.9,0.20_plus,55_to_59.9,55_to_59.9,9.0_to_9.5,-1.5
63302673,baseball,mlb,2026_07_08,03:45 PM,San Francisco Giants,Toronto Blue Jays,run_line,away,-1.5,away_run_line,152.0,0.4244890098007918,0.0697123046979952,0.0458633583539443,False,823202,1,final,2026-08-28T17:43:21.077345+00:00,0,10,10,1.5,-1.5,7.0,Win,AWAY,0.0697123046979952,152.0,,-1.5,7.0,0.0458633583539443,0.4244890098007918,Day,0.05_to_0.0749,plus_151_to_plus_200,1.0_to_1.9,5_to_9.9,0.03_to_0.0499,<50,<50,7.0_to_7.5,-1.5
63302673,baseball,mlb,2026_07_08,03:45 PM,San Francisco Giants,Toronto Blue Jays,total,over,7.0,over_total,102.0,0.6949741440758894,0.5166388941287092,0.5709013208943579,False,823202,1,final,2026-08-28T17:43:21.077345+00:00,0,10,10,1.5,-1.5,7.0,Win,OVER,0.5166388941287092,102.0,,,7.0,0.5709013208943579,0.6949741440758894,Day,0.10_plus,plus_101_to_plus_125,UNBUCKETED,5_to_9.9,0.20_plus,65_to_69.9,65_to_69.9,7.0_to_7.5,UNBUCKETED
63303037,baseball,mlb,2026_07_08,07:40 PM,Minnesota Twins,Cleveland Guardians,run_line,home,-1.5,home_run_line,152.0,0.4839288097648357,0.219500600607386,0.1444082898732803,False,823684,1,final,2026-08-28T17:43:21.077345+00:00,6,5,11,-1.5,1.5,8.0,Loss,HOME,0.219500600607386,152.0,,-1.5,8.0,0.1444082898732803,0.4839288097648357,Night,0.10_plus,plus_151_to_plus_200,1.0_to_1.9,5_to_9.9,0.10_to_0.1499,<50,<50,8.0_to_8.5,-1.5
63303155,baseball,mlb,2026_07_08,06:35 PM,Baltimore Orioles,Chicago Cubs,run_line,away,1.5,away_run_line,-192.0,0.7145107973109388,0.086651837577053,0.1663715281479417,False,824815,1,final,2026-08-28T17:43:21.077345+00:00,7,9,16,-1.5,1.5,9.0,Win,AWAY,0.086651837577053,-192.0,,1.5,9.0,0.1663715281479417,0.7145107973109388,Night,0.075_to_0.0999,minus_199_to_minus_150,1.0_to_1.9,5_to_9.9,0.15_to_0.1999,70_to_74.9,70_to_74.9,9.0_to_9.5,+1.5
63303437,baseball,mlb,2026_07_08,08:05 PM,Texas Rangers,Los Angeles Angels,run_line,away,1.5,away_run_line,-158.0,0.8853809140945867,0.4457485812430592,0.7042827583640336,False,822880,1,final,2026-08-28T17:43:21.077345+00:00,1,13,14,-1.5,1.5,7.5,Win,AWAY,0.4457485812430592,-158.0,,1.5,7.5,0.7042827583640336,0.8853809140945867,Night,0.10_plus,minus_199_to_minus_150,1.0_to_1.9,5_to_9.9,0.20_plus,80_plus,80_plus,7.5_to_8.0,+1.5
63303643,baseball,mlb,2026_07_08,06:40 PM,Miami Marlins,Seattle Mariners,run_line,home,1.5,home_run_line,-149.0,0.6875121982916231,0.1489297810376788,0.2219053737461415,False,823848,1,final,2026-08-28T17:43:21.077345+00:00,2,0,2,1.5,-1.5,8.5,Win,HOME,0.1489297810376788,-149.0,,1.5,8.5,0.2219053737461415,0.6875121982916231,Night,0.10_plus,minus_149_to_minus_125,1.0_to_1.9,5_to_9.9,0.20_plus,65_to_69.9,65_to_69.9,8.5_to_9.0,+1.5
63299395,baseball,mlb,2026_07_09,06:40 PM,Miami Marlins,Seattle Mariners,run_line,home,1.5,home_run_line,-138.0,0.7372664820822599,0.2715175560549121,0.3746942273557785,False,823846,1,final,2026-08-28T17:43:21.077345+00:00,8,4,12,1.5,-1.5,8.0,Win,HOME,0.2715175560549121,-138.0,,1.5,8.0,0.3746942273557785,0.7372664820822599,Night,0.10_plus,minus_149_to_minus_125,1.0_to_1.9,5_to_9.9,0.20_plus,70_to_74.9,70_to_74.9,8.0_to_8.5,+1.5
63301427,baseball,mlb,2026_07_09,07:10 PM,Cincinnati Reds,Philadelphia Phillies,run_line,home,1.5,home_run_line,-114.0,0.5704428260417443,0.0708312699380113,0.0807476477293329,False,824494,1,final,2026-08-28T17:43:21.077345+00:00,0,1,1,1.5,-1.5,9.5,Win,HOME,0.0708312699380113,-114.0,,1.5,9.5,0.0807476477293329,0.5704428260417443,Night,0.05_to_0.0749,minus_124_to_minus_110,1.0_to_1.9,5_to_9.9,0.05_to_0.0999,55_to_59.9,55_to_59.9,9.5_to_10.0,+1.5
63301427,baseball,mlb,2026_07_09,07:10 PM,Cincinnati Reds,Philadelphia Phillies,total,under,9.5,under_total,-112.0,0.7124655591719484,0.3485955227183309,0.3904269854445307,False,824494,1,final,2026-08-28T17:43:21.077345+00:00,0,1,1,1.5,-1.5,9.5,Win,UNDER,0.3485955227183309,-112.0,,,9.5,0.3904269854445307,0.7124655591719484,Night,0.10_plus,minus_124_to_minus_110,UNBUCKETED,5_to_9.9,0.20_plus,70_to_74.9,70_to_74.9,9.5_to_10.0,UNBUCKETED
63301473,baseball,mlb,2026_07_09,06:40 PM,Detroit Tigers,Athletics,run_line,away,1.5,away_run_line,-172.0,0.7058554492479697,0.1162365243921381,0.1999268219544777,False,,,final,2026-08-28T17:43:21.077345+00:00,4,1,5,,,,Loss,AWAY,0.1162365243921381,-172.0,,,,0.1999268219544777,0.7058554492479697,Night,0.10_plus,minus_199_to_minus_150,UNBUCKETED,UNBUCKETED,0.15_to_0.1999,70_to_74.9,70_to_74.9,UNBUCKETED,UNBUCKETED
63301775,baseball,mlb,2026_07_09,02:10 PM,Chicago White Sox,Boston Red Sox,run_line,home,1.5,home_run_line,-192.0,0.6836158810776184,0.0396658191388781,0.0761583727466461,False,824577,1,final,2026-08-28T17:43:21.077345+00:00,1,2,3,1.5,-1.5,9.0,Win,HOME,0.0396658191388781,-192.0,,1.5,9.0,0.0761583727466461,0.6836158810776184,Day,0.03_to_0.0399,minus_199_to_minus_150,1.0_to_1.9,5_to_9.9,0.05_to_0.0999,65_to_69.9,65_to_69.9,9.0_to_9.5,+1.5
63301801,baseball,mlb,2026_07_09,12:35 PM,Pittsburgh Pirates,Atlanta Braves,run_line,away,-1.5,away_run_line,129.0,0.4866529558951087,0.1144352689997989,0.0887095108525573,False,823359,1,final,2026-08-28T17:43:21.077345+00:00,5,10,15,1.5,-1.5,9.5,Win,AWAY,0.1144352689997989,129.0,,-1.5,9.5,0.0887095108525573,0.4866529558951087,Day,0.10_plus,plus_126_to_plus_150,1.0_to_1.9,5_to_9.9,0.05_to_0.0999,<50,<50,9.5_to_10.0,-1.5
63301879,baseball,mlb,2026_07_09,09:40 PM,San Diego Padres,Arizona Diamondbacks,run_line,away,1.5,away_run_line,-196.0,0.8018316308171785,0.2109294016422693,0.4134216272188481,False,823277,1,final,2026-08-28T17:43:21.077345+00:00,1,3,4,-1.5,1.5,9.0,Win,AWAY,0.2109294016422693,-196.0,,1.5,9.0,0.4134216272188481,0.8018316308171785,Night,0.10_plus,minus_199_to_minus_150,1.0_to_1.9,5_to_9.9,0.20_plus,80_plus,80_plus,9.0_to_9.5,+1.5
63302027,baseball,mlb,2026_07_09,09:45 PM,San Francisco Giants,Colorado Rockies,total,over,8.5,over_total,100.0,0.761755603512761,0.5235112070255219,0.5235112070255219,False,823201,1,final,2026-08-28T17:43:21.077345+00:00,8,2,10,-1.5,1.5,8.5,Win,OVER,0.5235112070255219,100.0,,,8.5,0.5235112070255219,0.761755603512761,Night,0.10_plus,minus_100_to_plus_100,UNBUCKETED,5_to_9.9,0.20_plus,75_to_79.9,75_to_79.9,8.5_to_9.0,UNBUCKETED
63302677,baseball,mlb,2026_07_09,08:05 PM,Texas Rangers,Los Angeles Angels,run_line,home,-1.5,home_run_line,156.0,0.3944580331573746,0.009812564882879,0.0062901056941531,False,822877,1,final,2026-08-28T17:43:21.077345+00:00,7,6,13,-1.5,1.5,7.0,Loss,HOME,0.009812564882879,156.0,,-1.5,7.0,0.0062901056941531,0.3944580331573746,Night,0.00_to_0.0099,plus_151_to_plus_200,1.0_to_1.9,5_to_9.9,0.001_to_0.0099,<50,<50,7.0_to_7.5,-1.5
63302767,baseball,mlb,2026_07_09,01:40 PM,Minnesota Twins,Cleveland Guardians,run_line,home,1.5,home_run_line,-149.0,0.7414208808937279,0.2390187875338136,0.3561379934253825,False,823683,1,final,2026-08-28T17:43:21.077345+00:00,2,5,7,1.5,-1.5,8.5,Loss,HOME,0.2390187875338136,-149.0,,1.5,8.5,0.3561379934253825,0.7414208808937279,Day,0.10_plus,minus_149_to_minus_125,1.0_to_1.9,5_to_9.9,0.20_plus,70_to_74.9,70_to_74.9,8.5_to_9.0,+1.5
63302769,baseball,mlb,2026_07_09,01:10 PM,Tampa Bay Rays,New York Yankees,run_line,away,1.5,away_run_line,-163.0,0.6710042368442921,0.0826632778530602,0.1347411429004882,False,822954,1,final,2026-08-28T17:43:21.077345+00:00,4,12,16,-1.5,1.5,7.5,Win,AWAY,0.0826632778530602,-163.0,,1.5,7.5,0.1347411429004882,0.6710042368442921,Day,0.075_to_0.0999,minus_199_to_minus_150,1.0_to_1.9,5_to_9.9,0.10_to_0.1499,65_to_69.9,65_to_69.9,7.5_to_8.0,+1.5
63303291,baseball,mlb,2026_07_09,07:45 PM,St Louis Cardinals,Milwaukee Brewers,run_line,home,1.5,home_run_line,-156.0,0.7679969114657712,0.2603026239438295,0.4060720933523742,False,,,final,2026-08-28T17:43:21.077345+00:00,4,8,12,,,,Loss,HOME,0.2603026239438295,-156.0,,,,0.4060720933523742,0.7679969114657712,Night,0.10_plus,minus_199_to_minus_150,UNBUCKETED,UNBUCKETED,0.20_plus,75_to_79.9,75_to_79.9,UNBUCKETED,UNBUCKETED
63303595,baseball,mlb,2026_07_09,01:35 PM,Baltimore Orioles,Chicago Cubs,run_line,away,1.5,away_run_line,-188.0,0.6941495264274865,0.0633779979314685,0.1191506361111611,False,824816,1,final,2026-08-28T17:43:21.077345+00:00,3,2,5,-1.5,1.5,9.5,Win,AWAY,0.0633779979314685,-188.0,,1.5,9.5,0.1191506361111611,0.6941495264274865,Day,0.05_to_0.0749,minus_199_to_minus_150,1.0_to_1.9,5_to_9.9,0.10_to_0.1499,65_to_69.9,65_to_69.9,9.5_to_10.0,+1.5
63301221,baseball,mlb,2026_07_10,08:45 PM,Washington Nationals,New York Yankees,run_line,home,1.5,home_run_line,-117.0,0.6206247180548556,0.1510731950248178,0.1767556381790367,False,822709,1,final,2026-08-28T17:43:21.077345+00:00,3,5,8,1.5,-1.5,10.0,Loss,HOME,0.1510731950248178,-117.0,,1.5,10.0,0.1767556381790367,0.6206247180548556,Night,0.10_plus,minus_124_to_minus_110,1.0_to_1.9,10_to_14.9,0.15_to_0.1999,60_to_64.9,60_to_64.9,10.0_to_10.5,+1.5
63301377,baseball,mlb,2026_07_10,07:10 PM,Tampa Bay Rays,Seattle Mariners,run_line,home,-1.5,home_run_line,170.0,0.4620655669584268,0.2475770307877525,0.1456335475222073,False,822955,1,final,2026-08-28T17:43:21.077345+00:00,7,2,9,-1.5,1.5,8.0,Win,HOME,0.2475770307877525,170.0,,-1.5,8.0,0.1456335475222073,0.4620655669584268,Night,0.10_plus,plus_151_to_plus_200,1.0_to_1.9,5_to_9.9,0.10_to_0.1499,<50,<50,8.0_to_8.5,-1.5
63301657,baseball,mlb,2026_07_10,08:15 PM,St Louis Cardinals,Atlanta Braves,run_line,home,1.5,home_run_line,-126.0,0.6618715014881881,0.1871663439391309,0.2358295933633049,False,,,final,2026-08-28T17:43:21.077345+00:00,2,1,3,,,,Win,HOME,0.1871663439391309,-126.0,,,,0.2358295933633049,0.6618715014881881,Night,0.10_plus,minus_149_to_minus_125,UNBUCKETED,UNBUCKETED,0.20_plus,65_to_69.9,65_to_69.9,UNBUCKETED,UNBUCKETED
63301817,baseball,mlb,2026_07_10,09:40 PM,San Diego Padres,Toronto Blue Jays,run_line,home,1.5,home_run_line,-204.0,0.6891260070993459,0.0269328733245155,0.0549430615820116,False,823278,1,final,2026-08-28T17:43:21.077345+00:00,3,5,8,1.5,-1.5,7.5,Loss,HOME,0.0269328733245155,-204.0,,1.5,7.5,0.0549430615820116,0.6891260070993459,Night,0.02_to_0.0299,minus_200_or_lower,1.0_to_1.9,5_to_9.9,0.05_to_0.0999,65_to_69.9,65_to_69.9,7.5_to_8.0,+1.5
63301909,baseball,mlb,2026_07_10,07:10 PM,Miami Marlins,Cleveland Guardians,run_line,home,1.5,home_run_line,-212.0,0.6942144809552286,0.0216741417831667,0.0459491805803134,False,823845,1,final,2026-08-28T17:43:21.077345+00:00,2,3,5,1.5,-1.5,7.5,Win,HOME,0.0216741417831667,-212.0,,1.5,7.5,0.0459491805803134,0.6942144809552286,Night,0.02_to_0.0299,minus_200_or_lower,1.0_to_1.9,5_to_9.9,0.03_to_0.0499,65_to_69.9,65_to_69.9,7.5_to_8.0,+1.5
63302011,baseball,mlb,2026_07_10,07:40 PM,Chicago White Sox,Athletics,run_line,away,1.5,away_run_line,-144.0,0.7544057836554255,0.2782986889716932,0.4007501121192384,False,,,final,2026-08-28T17:43:21.077345+00:00,14,1,15,,,,Loss,AWAY,0.2782986889716932,-144.0,,,,0.4007501121192384,0.7544057836554255,Night,0.10_plus,minus_149_to_minus_125,UNBUCKETED,UNBUCKETED,0.20_plus,75_to_79.9,75_to_79.9,UNBUCKETED,UNBUCKETED
63302191,baseball,mlb,2026_07_10,06:40 PM,Detroit Tigers,Philadelphia Phillies,run_line,home,-1.5,home_run_line,162.0,0.5501767260566004,0.4414630222682931,0.272508038437218,False,824252,1,final,2026-08-28T17:43:21.077345+00:00,10,2,12,-1.5,1.5,9.0,Win,HOME,0.4414630222682931,162.0,,-1.5,9.0,0.272508038437218,0.5501767260566004,Night,0.10_plus,plus_151_to_plus_200,1.0_to_1.9,5_to_9.9,0.20_plus,55_to_59.9,55_to_59.9,9.0_to_9.5,-1.5
63302249,baseball,mlb,2026_07_10,07:50 PM,New York Mets,Boston Red Sox,run_line,away,1.5,away_run_line,-196.0,0.7614553312693044,0.1499529492638474,0.293907780557141,False,823604,1,final,2026-08-28T17:43:21.077345+00:00,2,6,8,-1.5,1.5,7.5,Win,AWAY,0.1499529492638474,-196.0,,1.5,7.5,0.293907780557141,0.7614553312693044,Night,0.10_plus,minus_199_to_minus_150,1.0_to_1.9,5_to_9.9,0.20_plus,75_to_79.9,75_to_79.9,7.5_to_8.0,+1.5
63303261,baseball,mlb,2026_07_10,10:15 PM,San Francisco Giants,Colorado Rockies,run_line,away,1.5,away_run_line,-158.0,0.7186436147460689,0.1734813455980111,0.2741005260448575,False,823200,1,final,2026-08-28T17:43:21.077345+00:00,3,4,7,-1.5,1.5,8.5,Win,AWAY,0.1734813455980111,-158.0,,1.5,8.5,0.2741005260448575,0.7186436147460689,Night,0.10_plus,minus_199_to_minus_150,1.0_to_1.9,5_to_9.9,0.20_plus,70_to_74.9,70_to_74.9,8.5_to_9.0,+1.5
63303457,baseball,mlb,2026_07_10,07:05 PM,Baltimore Orioles,Kansas City Royals,run_line,away,1.5,away_run_line,-156.0,0.7424183745139006,0.218327588945888,0.3405910387555855,False,824817,1,final,2026-08-28T17:43:21.077345+00:00,5,3,8,-1.5,1.5,9.5,Loss,AWAY,0.218327588945888,-156.0,,1.5,9.5,0.3405910387555855,0.7424183745139006,Night,0.10_plus,minus_199_to_minus_150,1.0_to_1.9,5_to_9.9,0.20_plus,70_to_74.9,70_to_74.9,9.5_to_10.0,+1.5
63303465,baseball,mlb,2026_07_10,08:05 PM,Texas Rangers,Houston Astros,run_line,home,1.5,home_run_line,-144.0,0.7380550178702373,0.2505932247245688,0.3608542436033791,False,822878,1,final,2026-08-28T17:43:21.077345+00:00,7,3,10,1.5,-1.5,8.0,Win,HOME,0.2505932247245688,-144.0,,1.5,8.0,0.3608542436033791,0.7380550178702373,Night,0.10_plus,minus_149_to_minus_125,1.0_to_1.9,5_to_9.9,0.20_plus,70_to_74.9,70_to_74.9,8.0_to_8.5,+1.5
63303769,baseball,mlb,2026_07_10,10:10 PM,Los Angeles Dodgers,Arizona Diamondbacks,run_line,away,1.5,away_run_line,-101.0,0.7430114267628224,0.4786663047458148,0.483452967793273,False,823927,1,final,2026-08-28T17:43:21.077345+00:00,3,9,12,-1.5,1.5,8.5,Win,AWAY,0.4786663047458148,-101.0,,1.5,8.5,0.483452967793273,0.7430114267628224,Night,0.10_plus,minus_109_to_minus_101,1.0_to_1.9,5_to_9.9,0.20_plus,70_to_74.9,70_to_74.9,8.5_to_9.0,+1.5
63303817,baseball,mlb,2026_07_10,08:10 PM,Minnesota Twins,Los Angeles Angels,run_line,away,1.5,away_run_line,-188.0,0.7953408296586978,0.2183944624558773,0.4105815894170496,False,823685,1,final,2026-08-28T17:43:21.077345+00:00,3,4,7,-1.5,1.5,9.0,Win,AWAY,0.2183944624558773,-188.0,,1.5,9.0,0.4105815894170496,0.7953408296586978,Night,0.10_plus,minus_199_to_minus_150,1.0_to_1.9,5_to_9.9,0.20_plus,75_to_79.9,75_to_79.9,9.0_to_9.5,+1.5
63303861,baseball,mlb,2026_07_10,07:10 PM,Cincinnati Reds,Chicago Cubs,run_line,home,1.5,home_run_line,-175.0,0.7454260092024271,0.171383728746671,0.2999215253066744,False,824493,1,final,2026-08-28T17:43:21.077345+00:00,4,0,4,1.5,-1.5,9.5,Win,HOME,0.171383728746671,-175.0,,1.5,9.5,0.2999215253066744,0.7454260092024271,Night,0.10_plus,minus_199_to_minus_150,1.0_to_1.9,5_to_9.9,0.20_plus,70_to_74.9,70_to_74.9,9.5_to_10.0,+1.5
63299227,baseball,mlb,2026_07_11,04:15 PM,Pittsburgh Pirates,Milwaukee Brewers,run_line,home,1.5,home_run_line,-158.0,0.770966042491227,0.2589192339413706,0.4090923896273656,False,823356,2,final,2026-08-28T17:43:21.077345+00:00,3,2,5,1.5,-1.5,8.5,Win,HOME,0.2589192339413706,-158.0,,1.5,8.5,0.4090923896273656,0.770966042491227,Day,0.10_plus,minus_199_to_minus_150,1.0_to_1.9,5_to_9.9,0.20_plus,75_to_79.9,75_to_79.9,8.5_to_9.0,+1.5
63299343,baseball,mlb,2026_07_11,07:10 PM,Cincinnati Reds,Chicago Cubs,run_line,home,1.5,home_run_line,-149.0,0.6815417522248415,0.1389523241878223,0.2070389630398552,False,824492,1,final,2026-08-28T17:43:21.077345+00:00,3,5,8,1.5,-1.5,10.0,Loss,HOME,0.1389523241878223,-149.0,,1.5,10.0,0.2070389630398552,0.6815417522248415,Night,0.10_plus,minus_149_to_minus_125,1.0_to_1.9,10_to_14.9,0.20_plus,65_to_69.9,65_to_69.9,10.0_to_10.5,+1.5
63299343,baseball,mlb,2026_07_11,07:10 PM,Cincinnati Reds,Chicago Cubs,total,under,10.0,under_total,-108.0,0.7057472555024586,0.4606063642341335,0.553582262120117,False,824492,1,final,2026-08-28T17:43:21.077345+00:00,3,5,8,1.5,-1.5,10.0,Win,UNDER,0.4606063642341335,-108.0,,,10.0,0.553582262120117,0.7057472555024586,Night,0.10_plus,minus_109_to_minus_101,UNBUCKETED,10_to_14.9,0.20_plus,70_to_74.9,70_to_74.9,10.0_to_10.5,UNBUCKETED
63301211,baseball,mlb,2026_07_11,02:10 PM,Chicago White Sox,Athletics,run_line,home,1.5,home_run_line,-166.0,0.650999220149236,0.0431674250584142,0.0716579255969675,False,,,final,2026-08-28T17:43:21.077345+00:00,1,0,1,,,,Win,HOME,0.0431674250584142,-166.0,,,,0.0716579255969675,0.650999220149236,Day,0.04_to_0.0499,minus_199_to_minus_150,UNBUCKETED,UNBUCKETED,0.05_to_0.0999,65_to_69.9,65_to_69.9,UNBUCKETED,UNBUCKETED
63301975,baseball,mlb,2026_07_11,07:05 PM,Baltimore Orioles,Kansas City Royals,run_line,home,-1.5,home_run_line,127.0,0.4693545093176576,0.0654347361510827,0.0515234142921912,False,824813,1,final,2026-08-28T17:43:21.077345+00:00,6,1,7,-1.5,1.5,9.0,Win,HOME,0.0654347361510827,127.0,,-1.5,9.0,0.0515234142921912,0.4693545093176576,Night,0.05_to_0.0749,plus_126_to_plus_150,1.0_to_1.9,5_to_9.9,0.05_to_0.0999,<50,<50,9.0_to_9.5,-1.5
63302127,baseball,mlb,2026_07_11,06:10 PM,Detroit Tigers,Philadelphia Phillies,run_line,home,1.5,home_run_line,-151.0,0.6937810682436314,0.1532387293321291,0.2313904812915148,False,824249,1,final,2026-08-28T17:43:21.077345+00:00,2,4,6,1.5,-1.5,7.5,Loss,HOME,0.1532387293321291,-151.0,,1.5,7.5,0.2313904812915148,0.6937810682436314,Night,0.10_plus,minus_199_to_minus_150,1.0_to_1.9,5_to_9.9,0.20_plus,65_to_69.9,65_to_69.9,7.5_to_8.0,+1.5
63302567,baseball,mlb,2026_07_11,04:30 PM,Tampa Bay Rays,Seattle Mariners,run_line,home,1.5,home_run_line,-200.0,0.706169760604267,0.0592546409064005,0.1185092818128008,False,822953,1,final,2026-08-28T17:43:21.077345+00:00,6,1,7,1.5,-1.5,7.5,Win,HOME,0.0592546409064005,-200.0,,1.5,7.5,0.1185092818128008,0.706169760604267,Day,0.05_to_0.0749,minus_200_or_lower,1.0_to_1.9,5_to_9.9,0.10_to_0.1499,70_to_74.9,70_to_74.9,7.5_to_8.0,+1.5
63302619,baseball,mlb,2026_07_11,02:35 PM,Minnesota Twins,Los Angeles Angels,run_line,away,1.5,away_run_line,-133.0,0.6612250087670797,0.1583866694942073,0.2106542704272957,False,823682,1,final,2026-08-28T17:43:21.077345+00:00,5,3,8,-1.5,1.5,9.0,Loss,AWAY,0.1583866694942073,-133.0,,1.5,9.0,0.2106542704272957,0.6612250087670797,Day,0.10_plus,minus_149_to_minus_125,1.0_to_1.9,5_to_9.9,0.20_plus,65_to_69.9,65_to_69.9,9.0_to_9.5,+1.5
63302643,baseball,mlb,2026_07_11,04:10 PM,Miami Marlins,Cleveland Guardians,run_line,away,1.5,away_run_line,-172.0,0.6664148596715783,0.0538653594806355,0.0926484183066932,False,823844,1,final,2026-08-28T17:43:21.077345+00:00,1,4,5,-1.5,1.5,8.0,Win,AWAY,0.0538653594806355,-172.0,,1.5,8.0,0.0926484183066932,0.6664148596715783,Day,0.05_to_0.0749,minus_199_to_minus_150,1.0_to_1.9,5_to_9.9,0.05_to_0.0999,65_to_69.9,65_to_69.9,8.0_to_8.5,+1.5
63303307,baseball,mlb,2026_07_11,09:10 PM,Los Angeles Dodgers,Arizona Diamondbacks,run_line,away,1.5,away_run_line,106.0,0.7572698845332693,0.5599759621385347,0.5282792095646553,False,823926,1,final,2026-08-28T17:43:21.077345+00:00,2,9,11,-1.5,1.5,9.0,Win,AWAY,0.5599759621385347,106.0,,1.5,9.0,0.5282792095646553,0.7572698845332693,Night,0.10_plus,plus_101_to_plus_125,1.0_to_1.9,5_to_9.9,0.20_plus,75_to_79.9,75_to_79.9,9.0_to_9.5,+1.5
63303763,baseball,mlb,2026_07_11,04:10 PM,New York Mets,Boston Red Sox,run_line,away,1.5,away_run_line,-172.0,0.6801751063838307,0.0756257496302439,0.1300762893640197,False,823603,1,final,2026-08-28T17:43:21.077345+00:00,0,4,4,-1.5,1.5,8.5,Win,AWAY,0.0756257496302439,-172.0,,1.5,8.5,0.1300762893640197,0.6801751063838307,Day,0.075_to_0.0999,minus_199_to_minus_150,1.0_to_1.9,5_to_9.9,0.10_to_0.1499,65_to_69.9,65_to_69.9,8.5_to_9.0,+1.5
63300981,baseball,mlb,2026_07_12,04:10 PM,Los Angeles Dodgers,Arizona Diamondbacks,run_line,away,1.5,away_run_line,-107.0,0.7906845803046998,0.5296421319913354,0.5667170812307286,False,823925,1,final,2026-08-28T17:43:21.077345+00:00,3,5,8,-1.5,1.5,9.5,Win,AWAY,0.5296421319913354,-107.0,,1.5,9.5,0.5667170812307286,0.7906845803046998,Day,0.10_plus,minus_109_to_minus_101,1.0_to_1.9,5_to_9.9,0.20_plus,75_to_79.9,75_to_79.9,9.5_to_10.0,+1.5
63301213,baseball,mlb,2026_07_12,02:10 PM,Minnesota Twins,Los Angeles Angels,run_line,away,1.5,away_run_line,-181.0,0.6955946826650945,0.0799011371761964,0.1446210582889155,False,823681,1,final,2026-08-28T17:43:21.077345+00:00,4,2,6,-1.5,1.5,9.0,Loss,AWAY,0.0799011371761964,-181.0,,1.5,9.0,0.1446210582889155,0.6955946826650945,Day,0.075_to_0.0999,minus_199_to_minus_150,1.0_to_1.9,5_to_9.9,0.10_to_0.1499,65_to_69.9,65_to_69.9,9.0_to_9.5,+1.5
63301945,baseball,mlb,2026_07_12,02:35 PM,Texas Rangers,Houston Astros,run_line,away,1.5,away_run_line,-188.0,0.7254976609398978,0.1114006720781413,0.2094332635069055,False,822876,1,final,2026-08-28T17:43:21.077345+00:00,6,5,11,-1.5,1.5,8.5,Win,AWAY,0.1114006720781413,-188.0,,1.5,8.5,0.2094332635069055,0.7254976609398978,Day,0.10_plus,minus_199_to_minus_150,1.0_to_1.9,5_to_9.9,0.20_plus,70_to_74.9,70_to_74.9,8.5_to_9.0,+1.5
63302047,baseball,mlb,2026_07_12,01:40 PM,New York Mets,Boston Red Sox,run_line,home,1.5,home_run_line,-163.0,0.6766931143418788,0.0918422642448719,0.1497028907191414,False,823602,1,final,2026-08-28T17:43:21.077345+00:00,2,3,5,1.5,-1.5,8.0,Win,HOME,0.0918422642448719,-163.0,,1.5,8.0,0.1497028907191414,0.6766931143418788,Day,0.075_to_0.0999,minus_199_to_minus_150,1.0_to_1.9,5_to_9.9,0.10_to_0.1499,65_to_69.9,65_to_69.9,8.0_to_8.5,+1.5
63302057,baseball,mlb,2026_07_12,01:40 PM,Cincinnati Reds,Chicago Cubs,run_line,home,1.5,home_run_line,-147.0,0.6623205954383397,0.1128788236276863,0.1659318707326988,False,824491,1,final,2026-08-28T17:43:21.077345+00:00,4,8,12,1.5,-1.5,9.5,Loss,HOME,0.1128788236276863,-147.0,,1.5,9.5,0.1659318707326988,0.6623205954383397,Day,0.10_plus,minus_149_to_minus_125,1.0_to_1.9,5_to_9.9,0.15_to_0.1999,65_to_69.9,65_to_69.9,9.5_to_10.0,+1.5
63302295,baseball,mlb,2026_07_12,01:35 PM,Washington Nationals,New York Yankees,run_line,home,1.5,home_run_line,-169.0,0.7230238823793895,0.150848664852401,0.2549342436005577,False,822708,1,final,2026-08-28T17:43:21.077345+00:00,3,4,7,1.5,-1.5,9.0,Win,HOME,0.150848664852401,-169.0,,1.5,9.0,0.2549342436005577,0.7230238823793895,Day,0.10_plus,minus_199_to_minus_150,1.0_to_1.9,5_to_9.9,0.20_plus,70_to_74.9,70_to_74.9,9.0_to_9.5,+1.5
63303105,baseball,mlb,2026_07_12,04:05 PM,San Francisco Giants,Colorado Rockies,run_line,away,1.5,away_run_line,-172.0,0.7303286789685142,0.1549383760432319,0.2664940067943586,False,823199,1,final,2026-08-28T17:43:21.077345+00:00,3,1,4,-1.5,1.5,8.5,Loss,AWAY,0.1549383760432319,-172.0,,1.5,8.5,0.2664940067943586,0.7303286789685142,Day,0.10_plus,minus_199_to_minus_150,1.0_to_1.9,5_to_9.9,0.20_plus,70_to_74.9,70_to_74.9,8.5_to_9.0,+1.5
63303189,baseball,mlb,2026_07_12,01:40 PM,Detroit Tigers,Philadelphia Phillies,run_line,home,1.5,home_run_line,-196.0,0.6684818399229852,0.0095440031489979,0.0187062461720359,False,824250,1,final,2026-08-28T17:43:21.077345+00:00,0,5,5,1.5,-1.5,7.0,Loss,HOME,0.0095440031489979,-196.0,,1.5,7.0,0.0187062461720359,0.6684818399229852,Day,0.00_to_0.0099,minus_199_to_minus_150,1.0_to_1.9,5_to_9.9,0.01_to_0.0199,65_to_69.9,65_to_69.9,7.0_to_7.5,+1.5
63303419,baseball,mlb,2026_07_12,01:40 PM,Tampa Bay Rays,Seattle Mariners,run_line,away,1.5,away_run_line,-188.0,0.7595775891917653,0.1636082217405767,0.3075834568722841,False,822951,1,final,2026-08-28T17:43:21.077345+00:00,2,7,9,-1.5,1.5,8.0,Win,AWAY,0.1636082217405767,-188.0,,1.5,8.0,0.3075834568722841,0.7595775891917653,Day,0.10_plus,minus_199_to_minus_150,1.0_to_1.9,5_to_9.9,0.20_plus,75_to_79.9,75_to_79.9,8.0_to_8.5,+1.5
63303443,baseball,mlb,2026_07_12,12:15 PM,Pittsburgh Pirates,Milwaukee Brewers,run_line,home,-1.5,home_run_line,166.0,0.5043723138851305,0.3416303549344472,0.2058014186352091,False,823358,1,final,2026-08-28T17:43:21.077345+00:00,14,5,19,-1.5,1.5,7.5,Win,HOME,0.3416303549344472,166.0,,-1.5,7.5,0.2058014186352091,0.5043723138851305,Day,0.10_plus,plus_151_to_plus_200,1.0_to_1.9,5_to_9.9,0.20_plus,50_to_54.9,50_to_54.9,7.5_to_8.0,-1.5
63303737,baseball,mlb,2026_07_12,01:40 PM,Miami Marlins,Cleveland Guardians,run_line,home,1.5,home_run_line,-188.0,0.7192069433530228,0.101763828115269,0.1913159968567057,False,823842,1,final,2026-08-28T17:43:21.077345+00:00,2,5,7,1.5,-1.5,8.0,Loss,HOME,0.101763828115269,-188.0,,1.5,8.0,0.1913159968567057,0.7192069433530228,Day,0.10_plus,minus_199_to_minus_150,1.0_to_1.9,5_to_9.9,0.15_to_0.1999,70_to_74.9,70_to_74.9,8.0_to_8.5,+1.5
63301305,baseball,mlb,2026_07_16,06:10 PM,Philadelphia Phillies,New York Mets,run_line,away,1.5,away_run_line,-181.0,0.784256632300443,0.2175475893725107,0.3937611367642447,False,823440,1,final,2026-08-28T17:43:21.077345+00:00,1,4,5,-1.5,1.5,9.5,Win,AWAY,0.2175475893725107,-181.0,,1.5,9.5,0.3937611367642447,0.784256632300443,Night,0.10_plus,minus_199_to_minus_150,1.0_to_1.9,5_to_9.9,0.20_plus,75_to_79.9,75_to_79.9,9.5_to_10.0,+1.5
63299289,baseball,mlb,2026_07_17,07:40 PM,Milwaukee Brewers,Miami Marlins,run_line,away,1.5,away_run_line,-169.0,0.7349249152878224,0.1697917290675989,0.2869480221242423,False,823766,1,final,2026-08-28T17:43:21.077345+00:00,2,1,3,-1.5,1.5,8.0,Win,AWAY,0.1697917290675989,-169.0,,1.5,8.0,0.2869480221242423,0.7349249152878224,Night,0.10_plus,minus_199_to_minus_150,1.0_to_1.9,5_to_9.9,0.20_plus,70_to_74.9,70_to_74.9,8.0_to_8.5,+1.5
63300967,baseball,mlb,2026_07_17,08:10 PM,Kansas City Royals,San Diego Padres,run_line,home,1.5,home_run_line,-172.0,0.7534544113123662,0.1915093016102536,0.3293959987696362,False,824090,1,final,2026-08-28T17:43:21.077345+00:00,7,6,13,1.5,-1.5,10.5,Win,HOME,0.1915093016102536,-172.0,,1.5,10.5,0.3293959987696362,0.7534544113123662,Night,0.10_plus,minus_199_to_minus_150,1.0_to_1.9,10_to_14.9,0.20_plus,75_to_79.9,75_to_79.9,10.5_to_11.0,+1.5
63300983,baseball,mlb,2026_07_17,08:40 PM,Colorado Rockies,Cincinnati Reds,run_line,away,-1.5,away_run_line,142.0,0.5212721172489369,0.2614785237424271,0.1841398054524135,False,824332,1,final,2026-08-28T17:43:21.077345+00:00,2,7,9,1.5,-1.5,12.0,Win,AWAY,0.2614785237424271,142.0,,-1.5,12.0,0.1841398054524135,0.5212721172489369,Night,0.10_plus,plus_126_to_plus_150,1.0_to_1.9,10_to_14.9,0.15_to_0.1999,50_to_54.9,50_to_54.9,12.0_to_12.5,-1.5
63300983,baseball,mlb,2026_07_17,08:40 PM,Colorado Rockies,Cincinnati Reds,total,under,12.0,under_total,-111.0,0.7776534507577763,0.5570748332023648,0.6712711760883833,False,824332,1,final,2026-08-28T17:43:21.077345+00:00,2,7,9,1.5,-1.5,12.0,Win,UNDER,0.5570748332023648,-111.0,,,12.0,0.6712711760883833,0.7776534507577763,Night,0.10_plus,minus_124_to_minus_110,UNBUCKETED,10_to_14.9,0.20_plus,75_to_79.9,75_to_79.9,12.0_to_12.5,UNBUCKETED
63301293,baseball,mlb,2026_07_17,09:40 PM,Athletics,Washington Nationals,run_line,away,-1.5,away_run_line,138.0,0.5569867334696277,0.3256284256577137,0.2359626272881984,False,,,final,2026-08-28T17:43:21.077345+00:00,4,23,27,,,,Win,AWAY,0.3256284256577137,138.0,,,,0.2359626272881984,0.5569867334696277,Night,0.10_plus,plus_126_to_plus_150,UNBUCKETED,UNBUCKETED,0.20_plus,55_to_59.9,55_to_59.9,UNBUCKETED,UNBUCKETED
63301771,baseball,mlb,2026_07_17,07:15 PM,Toronto Blue Jays,Chicago White Sox,run_line,away,1.5,away_run_line,-188.0,0.7698551456275773,0.1793525635145865,0.3371828194074225,False,822789,1,final,2026-08-28T17:43:21.077345+00:00,4,12,16,-1.5,1.5,8.5,Win,AWAY,0.1793525635145865,-188.0,,1.5,8.5,0.3371828194074225,0.7698551456275773,Night,0.10_plus,minus_199_to_minus_150,1.0_to_1.9,5_to_9.9,0.20_plus,75_to_79.9,75_to_79.9,8.5_to_9.0,+1.5
63302499,baseball,mlb,2026_07_17,08:05 PM,Chicago Cubs,Minnesota Twins,run_line,away,1.5,away_run_line,-163.0,0.631491826712915,0.0189101253097954,0.0308235042549665,False,824655,1,final,2026-08-28T17:43:21.077345+00:00,2,5,7,-1.5,1.5,10.5,Win,AWAY,0.0189101253097954,-163.0,,1.5,10.5,0.0308235042549665,0.631491826712915,Night,0.01_to_0.0199,minus_199_to_minus_150,1.0_to_1.9,10_to_14.9,0.03_to_0.0499,60_to_64.9,60_to_64.9,10.5_to_11.0,+1.5
63302551,baseball,mlb,2026_07_17,10:10 PM,Seattle Mariners,San Francisco Giants,run_line,away,1.5,away_run_line,-169.0,0.8468292317109773,0.3479116173387746,0.587970633302529,False,823115,1,final,2026-08-28T17:43:21.077345+00:00,0,7,7,-1.5,1.5,7.0,Win,AWAY,0.3479116173387746,-169.0,,1.5,7.0,0.587970633302529,0.8468292317109773,Night,0.10_plus,minus_199_to_minus_150,1.0_to_1.9,5_to_9.9,0.20_plus,80_plus,80_plus,7.0_to_7.5,+1.5
63303013,baseball,mlb,2026_07_17,09:40 PM,Arizona Diamondbacks,St Louis Cardinals,run_line,home,1.5,home_run_line,-175.0,0.7525667065574566,0.1826048245902889,0.3195584430330056,False,,,final,2026-08-28T17:43:21.077345+00:00,4,5,9,,,,Win,HOME,0.1826048245902889,-175.0,,,,0.3195584430330056,0.7525667065574566,Night,0.10_plus,minus_199_to_minus_150,UNBUCKETED,UNBUCKETED,0.20_plus,75_to_79.9,75_to_79.9,UNBUCKETED,UNBUCKETED
63303483,baseball,mlb,2026_07_17,07:15 PM,Atlanta Braves,Texas Rangers,run_line,home,-1.5,home_run_line,100.0,0.5917544950348967,0.1835089900697935,0.1835089900697935,False,824901,1,final,2026-08-28T17:43:21.077345+00:00,15,1,16,-1.5,1.5,8.0,Win,HOME,0.1835089900697935,100.0,,-1.5,8.0,0.1835089900697935,0.5917544950348967,Night,0.10_plus,minus_100_to_plus_100,1.0_to_1.9,5_to_9.9,0.15_to_0.1999,55_to_59.9,55_to_59.9,8.0_to_8.5,-1.5
63303845,baseball,mlb,2026_07_17,07:05 PM,New York Yankees,Los Angeles Dodgers,run_line,home,1.5,home_run_line,-175.0,0.7149551670077128,0.1235009767264057,0.21612670927121,False,823524,1,final,2026-08-28T17:43:21.077345+00:00,1,2,3,1.5,-1.5,9.0,Win,HOME,0.1235009767264057,-175.0,,1.5,9.0,0.21612670927121,0.7149551670077128,Night,0.10_plus,minus_199_to_minus_150,1.0_to_1.9,5_to_9.9,0.20_plus,70_to_74.9,70_to_74.9,9.0_to_9.5,+1.5
71409220,baseball,mlb,2026_07_17,07:10 PM,Boston Red Sox,Tampa Bay Rays,run_line,home,-1.5,home_run_line,162.0,0.3839145619575457,0.0058561523287696,0.0036149088449196,False,824766,1,final,2026-08-28T17:43:21.077345+00:00,5,3,8,-1.5,1.5,8.5,Win,HOME,0.0058561523287696,162.0,,-1.5,8.5,0.0036149088449196,0.3839145619575457,Night,0.00_to_0.0099,plus_151_to_plus_200,1.0_to_1.9,5_to_9.9,0.001_to_0.0099,<50,<50,8.5_to_9.0,-1.5
63301029,baseball,mlb,2026_07_18,05:10 PM,Boston Red Sox,Tampa Bay Rays,run_line,home,1.5,home_run_line,-192.0,0.759731639894442,0.1554252023394642,0.2984163884917711,False,824738,1,final,2026-08-28T17:43:21.077345+00:00,7,6,13,1.5,-1.5,9.5,Win,HOME,0.1554252023394642,-192.0,,1.5,9.5,0.2984163884917711,0.759731639894442,Night,0.10_plus,minus_199_to_minus_150,1.0_to_1.9,5_to_9.9,0.20_plus,75_to_79.9,75_to_79.9,9.5_to_10.0,+1.5
63301135,baseball,mlb,2026_07_18,10:07 PM,Los Angeles Angels,Detroit Tigers,run_line,home,1.5,home_run_line,-108.0,0.5603107113565287,0.0791169255755368,0.0854462796215796,False,824008,1,final,2026-08-28T17:43:21.077345+00:00,0,7,7,1.5,-1.5,8.0,Loss,HOME,0.0791169255755368,-108.0,,1.5,8.0,0.0854462796215796,0.5603107113565287,Night,0.075_to_0.0999,minus_109_to_minus_101,1.0_to_1.9,5_to_9.9,0.05_to_0.0999,55_to_59.9,55_to_59.9,8.0_to_8.5,+1.5
63301591,baseball,mlb,2026_07_18,04:10 PM,Atlanta Braves,Texas Rangers,run_line,home,1.5,home_run_line,-188.0,0.6586209600044768,0.0089512578791983,0.0168283648128931,False,824899,1,final,2026-08-28T17:43:21.077345+00:00,6,7,13,1.5,-1.5,9.0,Win,HOME,0.0089512578791983,-188.0,,1.5,9.0,0.0168283648128931,0.6586209600044768,Day,0.00_to_0.0099,minus_199_to_minus_150,1.0_to_1.9,5_to_9.9,0.01_to_0.0199,65_to_69.9,65_to_69.9,9.0_to_9.5,+1.5
63301893,baseball,mlb,2026_07_18,10:05 PM,Athletics,Washington Nationals,run_line,away,1.5,away_run_line,-181.0,0.850783626125595,0.3208298284049291,0.580701989412922,False,,,final,2026-08-28T17:43:21.077345+00:00,15,1,16,,,,Loss,AWAY,0.3208298284049291,-181.0,,,,0.580701989412922,0.850783626125595,Night,0.10_plus,minus_199_to_minus_150,UNBUCKETED,UNBUCKETED,0.20_plus,80_plus,80_plus,UNBUCKETED,UNBUCKETED
63302305,baseball,mlb,2026_07_18,03:45 PM,Toronto Blue Jays,Chicago White Sox,run_line,home,1.5,home_run_line,-172.0,0.7629187308931374,0.2064761325751942,0.3551389480293339,False,822790,1,final,2026-08-28T17:43:21.077345+00:00,1,0,1,1.5,-1.5,8.5,Win,HOME,0.2064761325751942,-172.0,,1.5,8.5,0.3551389480293339,0.7629187308931374,Day,0.10_plus,minus_199_to_minus_150,1.0_to_1.9,5_to_9.9,0.20_plus,75_to_79.9,75_to_79.9,8.5_to_9.0,+1.5
63302351,baseball,mlb,2026_07_18,04:10 PM,Milwaukee Brewers,Miami Marlins,run_line,away,1.5,away_run_line,-188.0,0.7111646788472163,0.0894437633404166,0.1681542750799831,False,823763,1,final,2026-08-28T17:43:21.077345+00:00,8,6,14,-1.5,1.5,8.0,Loss,AWAY,0.0894437633404166,-188.0,,1.5,8.0,0.1681542750799831,0.7111646788472163,Day,0.075_to_0.0999,minus_199_to_minus_150,1.0_to_1.9,5_to_9.9,0.15_to_0.1999,70_to_74.9,70_to_74.9,8.0_to_8.5,+1.5
63303141,baseball,mlb,2026_07_18,03:05 PM,Philadelphia Phillies,New York Mets,run_line,home,-1.5,home_run_line,117.0,0.5333143994976186,0.1572922469098323,0.1344378178716515,False,823441,1,final,2026-08-28T17:43:21.077345+00:00,6,1,7,-1.5,1.5,8.5,Win,HOME,0.1572922469098323,117.0,,-1.5,8.5,0.1344378178716515,0.5333143994976186,Day,0.10_plus,plus_101_to_plus_125,1.0_to_1.9,5_to_9.9,0.10_to_0.1499,50_to_54.9,50_to_54.9,8.5_to_9.0,-1.5
72946026,baseball,mlb,2026_07_18,08:25 PM,Cleveland Guardians,Pittsburgh Pirates,run_line,home,-1.5,home_run_line,168.0,0.4522206266076014,0.2119512793083717,0.1261614757787927,False,824414,1,final,2026-08-28T17:43:21.077345+00:00,5,3,8,-1.5,1.5,7.5,Win,HOME,0.2119512793083717,168.0,,-1.5,7.5,0.1261614757787927,0.4522206266076014,Night,0.10_plus,plus_151_to_plus_200,1.0_to_1.9,5_to_9.9,0.10_to_0.1499,<50,<50,7.5_to_8.0,-1.5
63299259,baseball,mlb,2026_07_19,01:35 PM,Boston Red Sox,Tampa Bay Rays,run_line,away,1.5,away_run_line,-200.0,0.7383359711361427,0.1075039567042139,0.215007913408428,False,824739,1,final,2026-08-28T17:43:21.077345+00:00,6,1,7,-1.5,1.5,8.0,Loss,AWAY,0.1075039567042139,-200.0,,1.5,8.0,0.215007913408428,0.7383359711361427,Day,0.10_plus,minus_200_or_lower,1.0_to_1.9,5_to_9.9,0.20_plus,70_to_74.9,70_to_74.9,8.0_to_8.5,+1.5
63301319,baseball,mlb,2026_07_19,04:07 PM,Los Angeles Angels,Detroit Tigers,run_line,home,1.5,home_run_line,-125.0,0.7506016444746701,0.3510829600544063,0.4388537000680079,False,824007,1,final,2026-08-28T17:43:21.077345+00:00,3,2,5,1.5,-1.5,9.0,Win,HOME,0.3510829600544063,-125.0,,1.5,9.0,0.4388537000680079,0.7506016444746701,Day,0.10_plus,minus_149_to_minus_125,1.0_to_1.9,5_to_9.9,0.20_plus,75_to_79.9,75_to_79.9,9.0_to_9.5,+1.5
63301979,baseball,mlb,2026_07_19,02:10 PM,Milwaukee Brewers,Miami Marlins,run_line,away,1.5,away_run_line,-196.0,0.7348557809323593,0.1097821997753996,0.2151731115597832,False,823764,1,final,2026-08-28T17:43:21.077345+00:00,3,1,4,-1.5,1.5,8.0,Loss,AWAY,0.1097821997753996,-196.0,,1.5,8.0,0.2151731115597832,0.7348557809323593,Day,0.10_plus,minus_199_to_minus_150,1.0_to_1.9,5_to_9.9,0.20_plus,70_to_74.9,70_to_74.9,8.0_to_8.5,+1.5
63302001,baseball,mlb,2026_07_19,02:12 PM,Chicago Cubs,Minnesota Twins,run_line,home,-1.5,home_run_line,129.0,0.5967311244503234,0.3665142749912407,0.2841195930164655,False,824653,1,final,2026-08-28T17:43:21.077345+00:00,10,1,11,-1.5,1.5,7.5,Win,HOME,0.3665142749912407,129.0,,-1.5,7.5,0.2841195930164655,0.5967311244503234,Day,0.10_plus,plus_126_to_plus_150,1.0_to_1.9,5_to_9.9,0.20_plus,55_to_59.9,55_to_59.9,7.5_to_8.0,-1.5
63302615,baseball,mlb,2026_07_19,02:10 PM,Kansas City Royals,San Diego Padres,run_line,away,1.5,away_run_line,-175.0,0.919625031655822,0.4451250497448631,0.7789688370535105,False,824086,1,final,2026-08-28T17:43:21.077345+00:00,2,19,21,-1.5,1.5,10.0,Win,AWAY,0.4451250497448631,-175.0,,1.5,10.0,0.7789688370535105,0.919625031655822,Day,0.10_plus,minus_199_to_minus_150,1.0_to_1.9,10_to_14.9,0.20_plus,80_plus,80_plus,10.0_to_10.5,+1.5
63302663,baseball,mlb,2026_07_19,12:15 PM,Toronto Blue Jays,Chicago White Sox,run_line,home,1.5,home_run_line,-172.0,0.6871586854162257,0.0866695490303104,0.1490716243321341,False,822786,1,final,2026-08-28T17:43:21.077345+00:00,0,3,3,1.5,-1.5,8.0,Loss,HOME,0.0866695490303104,-172.0,,1.5,8.0,0.1490716243321341,0.6871586854162257,Day,0.075_to_0.0999,minus_199_to_minus_150,1.0_to_1.9,5_to_9.9,0.10_to_0.1499,65_to_69.9,65_to_69.9,8.0_to_8.5,+1.5
63302739,baseball,mlb,2026_07_19,01:35 PM,Philadelphia Phillies,New York Mets,run_line,home,1.5,home_run_line,-156.0,0.6399915537218339,0.0502425496973684,0.0783783775278948,False,823439,1,final,2026-08-28T17:43:21.077345+00:00,1,6,7,1.5,-1.5,8.5,Loss,HOME,0.0502425496973684,-156.0,,1.5,8.5,0.0783783775278948,0.6399915537218339,Day,0.05_to_0.0749,minus_199_to_minus_150,1.0_to_1.9,5_to_9.9,0.05_to_0.0999,60_to_64.9,60_to_64.9,8.5_to_9.0,+1.5
63303267,baseball,mlb,2026_07_19,01:35 PM,Atlanta Braves,Texas Rangers,run_line,home,1.5,home_run_line,-163.0,0.7625338416157834,0.2303460143862026,0.3754640034495103,False,824897,1,final,2026-08-28T17:43:21.077345+00:00,8,5,13,1.5,-1.5,9.0,Win,HOME,0.2303460143862026,-163.0,,1.5,9.0,0.3754640034495103,0.7625338416157834,Day,0.10_plus,minus_199_to_minus_150,1.0_to_1.9,5_to_9.9,0.20_plus,75_to_79.9,75_to_79.9,9.0_to_9.5,+1.5
63303433,baseball,mlb,2026_07_19,04:10 PM,Arizona Diamondbacks,St Louis Cardinals,run_line,away,-1.5,away_run_line,161.0,0.4173813038836373,0.0893652031362934,0.0555063373517351,False,,,final,2026-08-28T17:43:21.077345+00:00,8,7,15,,,,Loss,AWAY,0.0893652031362934,161.0,,,,0.0555063373517351,0.4173813038836373,Day,0.075_to_0.0999,plus_151_to_plus_200,UNBUCKETED,UNBUCKETED,0.05_to_0.0999,<50,<50,UNBUCKETED,UNBUCKETED
63303685,baseball,mlb,2026_07_19,07:20 PM,New York Yankees,Los Angeles Dodgers,run_line,home,1.5,home_run_line,-169.0,0.6995646060914436,0.113508159991706,0.191828790385983,False,823521,2,final,2026-08-28T17:43:21.077345+00:00,2,1,3,1.5,-1.5,7.5,Win,HOME,0.113508159991706,-169.0,,1.5,7.5,0.191828790385983,0.6995646060914436,Night,0.10_plus,minus_199_to_minus_150,1.0_to_1.9,5_to_9.9,0.15_to_0.1999,65_to_69.9,65_to_69.9,7.5_to_8.0,+1.5
63300923,baseball,mlb,2026_07_20,07:15 PM,Atlanta Braves,San Diego Padres,run_line,away,1.5,away_run_line,-158.0,0.702655633693862,0.1473743891963062,0.2328515349301637,False,824898,1,final,2026-08-28T17:43:21.077345+00:00,3,2,5,-1.5,1.5,9.0,Win,AWAY,0.1473743891963062,-158.0,,1.5,9.0,0.2328515349301637,0.702655633693862,Night,0.10_plus,minus_199_to_minus_150,1.0_to_1.9,5_to_9.9,0.20_plus,70_to_74.9,70_to_74.9,9.0_to_9.5,+1.5
63301085,baseball,mlb,2026_07_20,08:35 PM,Chicago Cubs,Detroit Tigers,run_line,home,1.5,home_run_line,-172.0,0.731393005712335,0.1566214974055531,0.2693889755375513,False,824654,1,final,2026-08-28T17:43:21.077345+00:00,6,8,14,1.5,-1.5,11.5,Loss,HOME,0.1566214974055531,-172.0,,1.5,11.5,0.2693889755375513,0.731393005712335,Night,0.10_plus,minus_199_to_minus_150,1.0_to_1.9,10_to_14.9,0.20_plus,70_to_74.9,70_to_74.9,11.5_to_12.0,+1.5
63301121,baseball,mlb,2026_07_20,06:40 PM,Cleveland Guardians,Minnesota Twins,run_line,home,1.5,home_run_line,-172.0,0.8784051090482283,0.3891057538437099,0.6692618966111811,False,824410,1,final,2026-08-28T17:43:21.077345+00:00,13,4,17,1.5,-1.5,7.5,Win,HOME,0.3891057538437099,-172.0,,1.5,7.5,0.6692618966111811,0.8784051090482283,Night,0.10_plus,minus_199_to_minus_150,1.0_to_1.9,5_to_9.9,0.20_plus,80_plus,80_plus,7.5_to_8.0,+1.5
63301693,baseball,mlb,2026_07_20,08:40 PM,Colorado Rockies,Washington Nationals,run_line,home,1.5,home_run_line,-144.0,0.6191565796895404,0.0491264266961657,0.0707420544424785,False,824328,1,final,2026-08-28T17:43:21.077345+00:00,3,7,10,1.5,-1.5,12.0,Loss,HOME,0.0491264266961657,-144.0,,1.5,12.0,0.0707420544424785,0.6191565796895404,Night,0.04_to_0.0499,minus_149_to_minus_125,1.0_to_1.9,10_to_14.9,0.05_to_0.0999,60_to_64.9,60_to_64.9,12.0_to_12.5,+1.5
63302183,baseball,mlb,2026_07_20,07:07 PM,Toronto Blue Jays,Tampa Bay Rays,run_line,away,1.5,away_run_line,-175.0,0.7797846569008821,0.2253758894156718,0.3944078064774256,False,822788,1,final,2026-08-28T17:43:21.077345+00:00,1,7,8,-1.5,1.5,7.5,Win,AWAY,0.2253758894156718,-175.0,,1.5,7.5,0.3944078064774256,0.7797846569008821,Night,0.10_plus,minus_199_to_minus_150,1.0_to_1.9,5_to_9.9,0.20_plus,75_to_79.9,75_to_79.9,7.5_to_8.0,+1.5
63302731,baseball,mlb,2026_07_20,09:40 PM,Seattle Mariners,Cincinnati Reds,run_line,home,-1.5,home_run_line,139.0,0.4758003466663083,0.1371628285324768,0.0986782939082568,False,823112,1,final,2026-08-28T17:43:21.077345+00:00,8,0,8,-1.5,1.5,7.5,Win,HOME,0.1371628285324768,139.0,,-1.5,7.5,0.0986782939082568,0.4758003466663083,Night,0.10_plus,plus_126_to_plus_150,1.0_to_1.9,5_to_9.9,0.05_to_0.0999,<50,<50,7.5_to_8.0,-1.5
63302855,baseball,mlb,2026_07_20,08:05 PM,Texas Rangers,Chicago White Sox,run_line,away,1.5,away_run_line,-156.0,0.7063858330911728,0.1591972645598731,0.2483477327134022,False,822874,1,final,2026-08-28T17:43:21.077345+00:00,3,10,13,-1.5,1.5,7.5,Win,AWAY,0.1591972645598731,-156.0,,1.5,7.5,0.2483477327134022,0.7063858330911728,Night,0.10_plus,minus_199_to_minus_150,1.0_to_1.9,5_to_9.9,0.20_plus,70_to_74.9,70_to_74.9,7.5_to_8.0,+1.5
63302901,baseball,mlb,2026_07_20,07:40 PM,Milwaukee Brewers,New York Mets,run_line,home,-1.5,home_run_line,-101.0,0.62018378211044,0.2342271307346379,0.2365694020419844,False,823762,1,final,2026-08-28T17:43:21.077345+00:00,8,3,11,-1.5,1.5,7.5,Win,HOME,0.2342271307346379,-101.0,,-1.5,7.5,0.2365694020419844,0.62018378211044,Night,0.10_plus,minus_109_to_minus_101,1.0_to_1.9,5_to_9.9,0.20_plus,60_to_64.9,60_to_64.9,7.5_to_8.0,-1.5
63303061,baseball,mlb,2026_07_20,07:05 PM,New York Yankees,Pittsburgh Pirates,run_line,away,1.5,away_run_line,-208.0,0.7168197397154263,0.061444614578612,0.1278047983235131,False,823522,1,final,2026-08-28T17:43:21.077345+00:00,8,5,13,-1.5,1.5,8.0,Loss,AWAY,0.061444614578612,-208.0,,1.5,8.0,0.1278047983235131,0.7168197397154263,Night,0.05_to_0.0749,minus_200_or_lower,1.0_to_1.9,5_to_9.9,0.10_to_0.1499,70_to_74.9,70_to_74.9,8.0_to_8.5,+1.5
63303101,baseball,mlb,2026_07_20,07:40 PM,Kansas City Royals,San Francisco Giants,moneyline,away,,away_moneyline,-102.0,0.5536180930164709,0.0963809293071285,0.0983085478932711,False,824087,1,final,2026-08-28T17:43:21.077345+00:00,4,3,7,1.5,-1.5,10.5,Loss,AWAY,0.0963809293071285,-102.0,-102.0,-1.5,10.5,0.0983085478932711,0.5536180930164709,Night,0.075_to_0.0999,minus_109_to_minus_101,1.0_to_1.9,10_to_14.9,0.05_to_0.0999,55_to_59.9,55_to_59.9,10.5_to_11.0,-1.5
63303471,baseball,mlb,2026_07_20,07:10 PM,Boston Red Sox,Baltimore Orioles,run_line,away,1.5,away_run_line,-175.0,0.6437860042643595,0.0116637209868506,0.0204115117269886,False,824736,1,final,2026-08-28T17:43:21.077345+00:00,6,5,11,-1.5,1.5,8.5,Win,AWAY,0.0116637209868506,-175.0,,1.5,8.5,0.0204115117269886,0.6437860042643595,Night,0.01_to_0.0199,minus_199_to_minus_150,1.0_to_1.9,5_to_9.9,0.02_to_0.0299,60_to_64.9,60_to_64.9,8.5_to_9.0,+1.5
63303503,baseball,mlb,2026_07_20,09:40 PM,Arizona Diamondbacks,Athletics,run_line,home,-1.5,home_run_line,124.0,0.4545660616097871,0.0182279780059231,0.0146999822628412,False,,,final,2026-08-28T17:43:21.077345+00:00,2,5,7,,,,Loss,HOME,0.0182279780059231,124.0,,,,0.0146999822628412,0.4545660616097871,Night,0.01_to_0.0199,plus_101_to_plus_125,UNBUCKETED,UNBUCKETED,0.01_to_0.0199,<50,<50,UNBUCKETED,UNBUCKETED
63303645,baseball,mlb,2026_07_20,10:10 PM,Los Angeles Angels,St Louis Cardinals,run_line,away,-1.5,away_run_line,160.0,0.4294517218957396,0.1165744769289229,0.0728590480805769,False,,,final,2026-08-28T17:43:21.077345+00:00,3,2,5,,,,Loss,AWAY,0.1165744769289229,160.0,,,,0.0728590480805769,0.4294517218957396,Night,0.10_plus,plus_151_to_plus_200,UNBUCKETED,UNBUCKETED,0.05_to_0.0999,<50,<50,UNBUCKETED,UNBUCKETED
63301331,baseball,mlb,2026_07_21,08:00 PM,Philadelphia Phillies,Los Angeles Dodgers,run_line,away,1.5,away_run_line,-185.0,0.7916998663869252,0.2196457401095874,0.4063446192027369,False,823437,1,final,2026-08-28T17:43:21.077345+00:00,1,2,3,-1.5,1.5,8.5,Win,AWAY,0.2196457401095874,-185.0,,1.5,8.5,0.4063446192027369,0.7916998663869252,Night,0.10_plus,minus_199_to_minus_150,1.0_to_1.9,5_to_9.9,0.20_plus,75_to_79.9,75_to_79.9,8.5_to_9.0,+1.5
63301503,baseball,mlb,2026_07_21,07:40 PM,Milwaukee Brewers,New York Mets,run_line,away,1.5,away_run_line,-166.0,0.6828141233976222,0.0941479326732981,0.1562855682376749,False,823760,1,final,2026-08-28T17:43:21.077345+00:00,0,4,4,-1.5,1.5,9.0,Win,AWAY,0.0941479326732981,-166.0,,1.5,9.0,0.1562855682376749,0.6828141233976222,Night,0.075_to_0.0999,minus_199_to_minus_150,1.0_to_1.9,5_to_9.9,0.15_to_0.1999,65_to_69.9,65_to_69.9,9.0_to_9.5,+1.5
63301797,baseball,mlb,2026_07_21,09:38 PM,Los Angeles Angels,St Louis Cardinals,run_line,home,1.5,home_run_line,-172.0,0.6664026052172589,0.0538459803435722,0.0926150861909444,False,,,final,2026-08-28T17:43:21.077345+00:00,5,1,6,,,,Win,HOME,0.0538459803435722,-172.0,,,,0.0926150861909444,0.6664026052172589,Night,0.05_to_0.0749,minus_199_to_minus_150,UNBUCKETED,UNBUCKETED,0.05_to_0.0999,65_to_69.9,65_to_69.9,UNBUCKETED,UNBUCKETED
63302261,baseball,mlb,2026_07_21,07:40 PM,Kansas City Royals,San Francisco Giants,run_line,home,1.5,home_run_line,-181.0,0.7873979573259603,0.2224244530861592,0.4025882600859483,False,824085,1,final,2026-08-28T17:43:21.077345+00:00,3,2,5,1.5,-1.5,9.5,Win,HOME,0.2224244530861592,-181.0,,1.5,9.5,0.4025882600859483,0.7873979573259603,Night,0.10_plus,minus_199_to_minus_150,1.0_to_1.9,5_to_9.9,0.20_plus,75_to_79.9,75_to_79.9,9.5_to_10.0,+1.5
63302261,baseball,mlb,2026_07_21,07:40 PM,Kansas City Royals,San Francisco Giants,total,under,9.5,under_total,-107.0,0.747829105483614,0.4467348115430666,0.4780062483510811,False,824085,1,final,2026-08-28T17:43:21.077345+00:00,3,2,5,1.5,-1.5,9.5,Win,UNDER,0.4467348115430666,-107.0,,,9.5,0.4780062483510811,0.747829105483614,Night,0.10_plus,minus_109_to_minus_101,UNBUCKETED,5_to_9.9,0.20_plus,70_to_74.9,70_to_74.9,9.5_to_10.0,UNBUCKETED
63302505,baseball,mlb,2026_07_21,07:15 PM,Atlanta Braves,San Diego Padres,run_line,away,1.5,away_run_line,-169.0,0.7385088905642623,0.1754963997738847,0.2965889156178655,False,824895,1,final,2026-08-28T17:43:21.077345+00:00,3,8,11,-1.5,1.5,9.0,Win,AWAY,0.1754963997738847,-169.0,,1.5,9.0,0.2965889156178655,0.7385088905642623,Night,0.10_plus,minus_199_to_minus_150,1.0_to_1.9,5_to_9.9,0.20_plus,70_to_74.9,70_to_74.9,9.0_to_9.5,+1.5
63303679,baseball,mlb,2026_07_21,07:07 PM,Toronto Blue Jays,Tampa Bay Rays,run_line,home,1.5,home_run_line,-181.0,0.6483103756109186,0.0064929035727521,0.0117521554666813,False,822787,1,final,2026-08-28T17:43:21.077345+00:00,2,12,14,1.5,-1.5,7.5,Loss,HOME,0.0064929035727521,-181.0,,1.5,7.5,0.0117521554666813,0.6483103756109186,Night,0.00_to_0.0099,minus_199_to_minus_150,1.0_to_1.9,5_to_9.9,0.01_to_0.0199,60_to_64.9,60_to_64.9,7.5_to_8.0,+1.5
63302691,baseball,mlb,2026_07_22,06:40 PM,Philadelphia Phillies,Los Angeles Dodgers,run_line,home,1.5,home_run_line,-156.0,0.634441042485343,0.0411340184374859,0.0641690687624781,False,823438,1,final,2026-08-28T17:43:21.077345+00:00,5,9,14,1.5,-1.5,9.5,Loss,HOME,0.0411340184374859,-156.0,,1.5,9.5,0.0641690687624781,0.634441042485343,Night,0.04_to_0.0499,minus_199_to_minus_150,1.0_to_1.9,5_to_9.9,0.05_to_0.0999,60_to_64.9,60_to_64.9,9.5_to_10.0,+1.5
63302795,baseball,mlb,2026_07_22,04:07 PM,Los Angeles Angels,St Louis Cardinals,run_line,home,1.5,home_run_line,-196.0,0.7270382684674073,0.097976160542615,0.1920332746635254,False,,,final,2026-08-28T17:43:21.077345+00:00,0,1,1,,,,Win,HOME,0.097976160542615,-196.0,,,,0.1920332746635254,0.7270382684674073,Day,0.075_to_0.0999,minus_199_to_minus_150,UNBUCKETED,UNBUCKETED,0.15_to_0.1999,70_to_74.9,70_to_74.9,UNBUCKETED,UNBUCKETED
63301391,baseball,mlb,2026_07_23,12:15 PM,Atlanta Braves,San Diego Padres,run_line,away,1.5,away_run_line,104.0,0.5852946791470881,0.1940011454600596,0.1865395629423651,False,824893,1,final,2026-08-28T17:43:21.077345+00:00,6,5,11,-1.5,1.5,8.0,Win,AWAY,0.1940011454600596,104.0,,1.5,8.0,0.1865395629423651,0.5852946791470881,Day,0.10_plus,plus_101_to_plus_125,1.0_to_1.9,5_to_9.9,0.15_to_0.1999,55_to_59.9,55_to_59.9,8.0_to_8.5,+1.5
63301471,baseball,mlb,2026_07_23,03:07 PM,Toronto Blue Jays,Tampa Bay Rays,run_line,home,1.5,home_run_line,-192.0,0.6972342875465816,0.0603771456437596,0.1159241196360186,False,822785,1,final,2026-08-28T17:43:21.077345+00:00,3,1,4,1.5,-1.5,8.5,Win,HOME,0.0603771456437596,-192.0,,1.5,8.5,0.1159241196360186,0.6972342875465816,Day,0.05_to_0.0749,minus_199_to_minus_150,1.0_to_1.9,5_to_9.9,0.10_to_0.1499,65_to_69.9,65_to_69.9,8.5_to_9.0,+1.5
63302219,baseball,mlb,2026_07_23,06:40 PM,Detroit Tigers,Kansas City Royals,run_line,away,1.5,away_run_line,-120.0,0.5904514619547625,0.0824943469170644,0.0989932163004774,False,824247,1,final,2026-08-28T17:43:21.077345+00:00,4,3,7,-1.5,1.5,8.5,Win,AWAY,0.0824943469170644,-120.0,,1.5,8.5,0.0989932163004774,0.5904514619547625,Night,0.075_to_0.0999,minus_124_to_minus_110,1.0_to_1.9,5_to_9.9,0.05_to_0.0999,55_to_59.9,55_to_59.9,8.5_to_9.0,+1.5
63303877,baseball,mlb,2026_07_23,01:10 PM,Cleveland Guardians,Minnesota Twins,run_line,away,1.5,away_run_line,-188.0,0.7048516780961245,0.0797727834664034,0.1499728329168384,False,824406,1,final,2026-08-28T17:43:21.077345+00:00,1,3,4,-1.5,1.5,7.5,Win,AWAY,0.0797727834664034,-188.0,,1.5,7.5,0.1499728329168384,0.7048516780961245,Day,0.075_to_0.0999,minus_199_to_minus_150,1.0_to_1.9,5_to_9.9,0.10_to_0.1499,70_to_74.9,70_to_74.9,7.5_to_8.0,+1.5
63303877,baseball,mlb,2026_07_23,01:10 PM,Cleveland Guardians,Minnesota Twins,moneyline,away,,away_moneyline,117.0,0.4998955979413588,0.0847734475327486,0.0724559380621783,False,824406,1,final,2026-08-28T17:43:21.077345+00:00,1,3,4,-1.5,1.5,7.5,Win,AWAY,0.0847734475327486,117.0,117.0,1.5,7.5,0.0724559380621783,0.4998955979413588,Day,0.075_to_0.0999,plus_101_to_plus_125,1.0_to_1.9,5_to_9.9,0.05_to_0.0999,<50,<50,7.5_to_8.0,+1.5
72351544,baseball,mlb,2026_07_23,05:15 PM,St Louis Cardinals,Arizona Diamondbacks,run_line,away,1.5,away_run_line,-200.0,0.6948527562553202,0.0422791343829802,0.0845582687659605,False,,,final,2026-08-28T17:43:21.077345+00:00,6,10,16,,,,Win,AWAY,0.0422791343829802,-200.0,,,,0.0845582687659605,0.6948527562553202,Night,0.04_to_0.0499,minus_200_or_lower,UNBUCKETED,UNBUCKETED,0.05_to_0.0999,65_to_69.9,65_to_69.9,UNBUCKETED,UNBUCKETED
63299169,baseball,mlb,2026_07_24,08:05 PM,Texas Rangers,Seattle Mariners,run_line,home,1.5,home_run_line,-169.0,0.6736891733157897,0.0723218202482096,0.1222238762194742,False,822872,1,final,2026-08-28T17:43:21.077345+00:00,5,4,9,1.5,-1.5,7.5,Win,HOME,0.0723218202482096,-169.0,,1.5,7.5,0.1222238762194742,0.6736891733157897,Night,0.05_to_0.0749,minus_199_to_minus_150,1.0_to_1.9,5_to_9.9,0.10_to_0.1499,65_to_69.9,65_to_69.9,7.5_to_8.0,+1.5
63301025,baseball,mlb,2026_07_24,06:40 PM,Detroit Tigers,Kansas City Royals,run_line,away,1.5,away_run_line,108.0,0.5915194838737703,0.2303605264574422,0.2132967837568909,False,824248,1,final,2026-08-28T17:43:21.077345+00:00,2,1,3,-1.5,1.5,7.5,Win,AWAY,0.2303605264574422,108.0,,1.5,7.5,0.2132967837568909,0.5915194838737703,Night,0.10_plus,plus_101_to_plus_125,1.0_to_1.9,5_to_9.9,0.20_plus,55_to_59.9,55_to_59.9,7.5_to_8.0,+1.5
63301157,baseball,mlb,2026_07_24,07:05 PM,Baltimore Orioles,Atlanta Braves,run_line,home,1.5,home_run_line,-196.0,0.7110659184822041,0.0738546524016958,0.1447551187073241,False,824812,1,final,2026-08-28T17:43:21.077345+00:00,6,7,13,1.5,-1.5,9.0,Win,HOME,0.0738546524016958,-196.0,,1.5,9.0,0.1447551187073241,0.7110659184822041,Night,0.05_to_0.0749,minus_199_to_minus_150,1.0_to_1.9,5_to_9.9,0.10_to_0.1499,70_to_74.9,70_to_74.9,9.0_to_9.5,+1.5
63301187,baseball,mlb,2026_07_24,08:15 PM,St Louis Cardinals,Cincinnati Reds,run_line,away,1.5,away_run_line,-156.0,0.645432179840935,0.0591707566620471,0.0923063803927936,False,,,final,2026-08-28T17:43:21.077345+00:00,2,4,6,,,,Win,AWAY,0.0591707566620471,-156.0,,,,0.0923063803927936,0.645432179840935,Night,0.05_to_0.0749,minus_199_to_minus_150,UNBUCKETED,UNBUCKETED,0.05_to_0.0999,60_to_64.9,60_to_64.9,UNBUCKETED,UNBUCKETED
63301349,baseball,mlb,2026_07_24,07:10 PM,Miami Marlins,San Diego Padres,run_line,away,1.5,away_run_line,-175.0,0.7648905925241325,0.2019709311093509,0.3534491294413643,False,823843,1,final,2026-08-28T17:43:21.077345+00:00,2,4,6,-1.5,1.5,9.0,Win,AWAY,0.2019709311093509,-175.0,,1.5,9.0,0.3534491294413643,0.7648905925241325,Night,0.10_plus,minus_199_to_minus_150,1.0_to_1.9,5_to_9.9,0.20_plus,75_to_79.9,75_to_79.9,9.0_to_9.5,+1.5
63301741,baseball,mlb,2026_07_24,06:45 PM,Philadelphia Phillies,New York Yankees,run_line,away,1.5,away_run_line,-196.0,0.6717468118800736,0.0144747771250088,0.0283705631650176,False,823434,1,final,2026-08-28T17:43:21.077345+00:00,0,1,1,-1.5,1.5,8.0,Win,AWAY,0.0144747771250088,-196.0,,1.5,8.0,0.0283705631650176,0.6717468118800736,Night,0.01_to_0.0199,minus_199_to_minus_150,1.0_to_1.9,5_to_9.9,0.02_to_0.0299,65_to_69.9,65_to_69.9,8.0_to_8.5,+1.5
63302299,baseball,mlb,2026_07_24,07:10 PM,New York Mets,Los Angeles Dodgers,run_line,home,1.5,home_run_line,-126.0,0.6338572871368542,0.1369186261343573,0.1725174689292904,False,823601,1,final,2026-08-28T17:43:21.077345+00:00,2,4,6,1.5,-1.5,9.0,Loss,HOME,0.1369186261343573,-126.0,,1.5,9.0,0.1725174689292904,0.6338572871368542,Night,0.10_plus,minus_149_to_minus_125,1.0_to_1.9,5_to_9.9,0.15_to_0.1999,60_to_64.9,60_to_64.9,9.0_to_9.5,+1.5
63302321,baseball,mlb,2026_07_24,06:45 PM,Washington Nationals,Arizona Diamondbacks,run_line,home,1.5,home_run_line,-163.0,0.6297296653306292,0.0160668833248802,0.0261890198195549,False,822707,1,final,2026-08-28T17:43:21.077345+00:00,2,3,5,1.5,-1.5,9.5,Win,HOME,0.0160668833248802,-163.0,,1.5,9.5,0.0261890198195549,0.6297296653306292,Night,0.01_to_0.0199,minus_199_to_minus_150,1.0_to_1.9,5_to_9.9,0.02_to_0.0299,60_to_64.9,60_to_64.9,9.5_to_10.0,+1.5
63302569,baseball,mlb,2026_07_24,10:15 PM,San Francisco Giants,Los Angeles Angels,run_line,away,1.5,away_run_line,-156.0,0.6989612307202174,0.1470133016947157,0.2293407506437566,False,823196,1,final,2026-08-28T17:43:21.077345+00:00,7,6,13,-1.5,1.5,8.0,Win,AWAY,0.1470133016947157,-156.0,,1.5,8.0,0.2293407506437566,0.6989612307202174,Night,0.10_plus,minus_199_to_minus_150,1.0_to_1.9,5_to_9.9,0.20_plus,65_to_69.9,65_to_69.9,8.0_to_8.5,+1.5
63302857,baseball,mlb,2026_07_24,07:10 PM,Tampa Bay Rays,Cleveland Guardians,run_line,home,-1.5,home_run_line,152.0,0.5830277966510379,0.4692300475606155,0.3087039786582997,False,822952,1,final,2026-08-28T17:43:21.077345+00:00,11,3,14,-1.5,1.5,7.5,Win,HOME,0.4692300475606155,152.0,,-1.5,7.5,0.3087039786582997,0.5830277966510379,Night,0.10_plus,plus_151_to_plus_200,1.0_to_1.9,5_to_9.9,0.20_plus,55_to_59.9,55_to_59.9,7.5_to_8.0,-1.5
63302867,baseball,mlb,2026_07_24,07:40 PM,Chicago White Sox,Houston Astros,run_line,away,1.5,away_run_line,-181.0,0.6520382564091889,0.0122803870220002,0.0222275005098206,False,824573,1,final,2026-08-28T17:43:21.077345+00:00,5,9,14,-1.5,1.5,8.5,Win,AWAY,0.0122803870220002,-181.0,,1.5,8.5,0.0222275005098206,0.6520382564091889,Night,0.01_to_0.0199,minus_199_to_minus_150,1.0_to_1.9,5_to_9.9,0.02_to_0.0299,65_to_69.9,65_to_69.9,8.5_to_9.0,+1.5
63303089,baseball,mlb,2026_07_24,07:15 PM,Boston Red Sox,Toronto Blue Jays,run_line,away,1.5,away_run_line,-200.0,0.6985597444134855,0.0478396166202281,0.0956792332404563,False,824733,1,final,2026-08-28T17:43:21.077345+00:00,6,4,10,-1.5,1.5,8.5,Loss,AWAY,0.0478396166202281,-200.0,,1.5,8.5,0.0956792332404563,0.6985597444134855,Night,0.04_to_0.0499,minus_200_or_lower,1.0_to_1.9,5_to_9.9,0.05_to_0.0999,65_to_69.9,65_to_69.9,8.5_to_9.0,+1.5
63303249,baseball,mlb,2026_07_24,04:10 PM,Milwaukee Brewers,Colorado Rockies,run_line,away,1.5,away_run_line,-105.0,0.6872030850982573,0.3416822137632642,0.3587663244514275,False,823759,1,final,2026-08-28T17:43:21.077345+00:00,2,5,7,-1.5,1.5,8.5,Win,AWAY,0.3416822137632642,-105.0,,1.5,8.5,0.3587663244514275,0.6872030850982573,Day,0.10_plus,minus_109_to_minus_101,1.0_to_1.9,5_to_9.9,0.20_plus,65_to_69.9,65_to_69.9,8.5_to_9.0,+1.5
63303277,baseball,mlb,2026_07_24,06:40 PM,Pittsburgh Pirates,Chicago Cubs,run_line,away,1.5,away_run_line,-208.0,0.725831061536564,0.0747883026599121,0.155559669532617,False,823352,1,final,2026-08-28T17:43:21.077345+00:00,2,3,5,-1.5,1.5,8.0,Win,AWAY,0.0747883026599121,-208.0,,1.5,8.0,0.155559669532617,0.725831061536564,Night,0.05_to_0.0749,minus_200_or_lower,1.0_to_1.9,5_to_9.9,0.15_to_0.1999,70_to_74.9,70_to_74.9,8.0_to_8.5,+1.5
63303277,baseball,mlb,2026_07_24,06:40 PM,Pittsburgh Pirates,Chicago Cubs,moneyline,away,,away_moneyline,102.0,0.538197759639591,0.0871594744719739,0.0854504651686018,False,823352,1,final,2026-08-28T17:43:21.077345+00:00,2,3,5,-1.5,1.5,8.0,Win,AWAY,0.0871594744719739,102.0,102.0,1.5,8.0,0.0854504651686018,0.538197759639591,Night,0.075_to_0.0999,plus_101_to_plus_125,1.0_to_1.9,5_to_9.9,0.05_to_0.0999,50_to_54.9,50_to_54.9,8.0_to_8.5,+1.5
63303547,baseball,mlb,2026_07_24,08:10 PM,Minnesota Twins,Athletics,run_line,away,1.5,away_run_line,-172.0,0.7186444936573901,0.1364610597372682,0.2347130227481013,False,,,final,2026-08-28T17:43:21.077345+00:00,0,2,2,,,,Win,AWAY,0.1364610597372682,-172.0,,,,0.2347130227481013,0.7186444936573901,Night,0.10_plus,minus_199_to_minus_150,UNBUCKETED,UNBUCKETED,0.20_plus,70_to_74.9,70_to_74.9,UNBUCKETED,UNBUCKETED
63299181,baseball,mlb,2026_07_25,07:05 PM,Baltimore Orioles,Atlanta Braves,run_line,home,1.5,home_run_line,-185.0,0.6924691021522684,0.0667767249372783,0.1235369411339649,False,824811,1,final,2026-08-28T17:43:21.077345+00:00,3,2,5,1.5,-1.5,9.0,Win,HOME,0.0667767249372783,-185.0,,1.5,9.0,0.1235369411339649,0.6924691021522684,Night,0.05_to_0.0749,minus_199_to_minus_150,1.0_to_1.9,5_to_9.9,0.10_to_0.1499,65_to_69.9,65_to_69.9,9.0_to_9.5,+1.5
63301055,baseball,mlb,2026_07_25,06:05 PM,Philadelphia Phillies,New York Yankees,run_line,home,1.5,home_run_line,-169.0,0.7118172134519175,0.1330108308790876,0.2247883041856579,False,823435,1,final,2026-08-28T17:43:21.077345+00:00,1,3,4,1.5,-1.5,8.5,Loss,HOME,0.1330108308790876,-169.0,,1.5,8.5,0.2247883041856579,0.7118172134519175,Night,0.10_plus,minus_199_to_minus_150,1.0_to_1.9,5_to_9.9,0.20_plus,70_to_74.9,70_to_74.9,8.5_to_9.0,+1.5
63301235,baseball,mlb,2026_07_25,07:15 PM,Texas Rangers,Seattle Mariners,run_line,home,1.5,home_run_line,-188.0,0.7621559597842357,0.167558066052446,0.3150091641785987,False,822869,1,final,2026-08-28T17:43:21.077345+00:00,7,1,8,1.5,-1.5,7.5,Win,HOME,0.167558066052446,-188.0,,1.5,7.5,0.3150091641785987,0.7621559597842357,Night,0.10_plus,minus_199_to_minus_150,1.0_to_1.9,5_to_9.9,0.20_plus,75_to_79.9,75_to_79.9,7.5_to_8.0,+1.5
63301581,baseball,mlb,2026_07_25,07:15 PM,New York Mets,Los Angeles Dodgers,run_line,home,1.5,home_run_line,-125.0,0.5785653850453951,0.0414176930817111,0.051772116352139,False,823600,1,final,2026-08-28T17:43:21.077345+00:00,3,4,7,1.5,-1.5,8.0,Win,HOME,0.0414176930817111,-125.0,,1.5,8.0,0.051772116352139,0.5785653850453951,Night,0.04_to_0.0499,minus_149_to_minus_125,1.0_to_1.9,5_to_9.9,0.05_to_0.0999,55_to_59.9,55_to_59.9,8.0_to_8.5,+1.5
63301865,baseball,mlb,2026_07_25,06:40 PM,Pittsburgh Pirates,Chicago Cubs,run_line,away,1.5,away_run_line,-192.0,0.825394812998624,0.255287944768741,0.4901528539559824,False,823355,1,final,2026-08-28T17:43:21.077345+00:00,0,11,11,-1.5,1.5,8.0,Win,AWAY,0.255287944768741,-192.0,,1.5,8.0,0.4901528539559824,0.825394812998624,Night,0.10_plus,minus_199_to_minus_150,1.0_to_1.9,5_to_9.9,0.20_plus,80_plus,80_plus,8.0_to_8.5,+1.5
63302003,baseball,mlb,2026_07_25,07:10 PM,Minnesota Twins,Athletics,run_line,away,1.5,away_run_line,-144.0,0.650164040094454,0.1016668457156027,0.1464002578304679,False,,,final,2026-08-28T17:43:21.077345+00:00,2,0,2,,,,Loss,AWAY,0.1016668457156027,-144.0,,,,0.1464002578304679,0.650164040094454,Night,0.10_plus,minus_149_to_minus_125,UNBUCKETED,UNBUCKETED,0.10_to_0.1499,65_to_69.9,65_to_69.9,UNBUCKETED,UNBUCKETED
63302111,baseball,mlb,2026_07_25,01:10 PM,Detroit Tigers,Kansas City Royals,run_line,away,1.5,away_run_line,-138.0,0.6073899463234671,0.0475275885868491,0.0655880722498517,False,824244,1,final,2026-08-28T17:43:21.077345+00:00,2,3,5,-1.5,1.5,8.5,Win,AWAY,0.0475275885868491,-138.0,,1.5,8.5,0.0655880722498517,0.6073899463234671,Day,0.04_to_0.0499,minus_149_to_minus_125,1.0_to_1.9,5_to_9.9,0.05_to_0.0999,60_to_64.9,60_to_64.9,8.5_to_9.0,+1.5
63302145,baseball,mlb,2026_07_25,07:10 PM,Chicago White Sox,Houston Astros,run_line,away,1.5,away_run_line,-196.0,0.7716930616485189,0.1654140114691917,0.3242114624796159,False,824571,1,final,2026-08-28T17:43:21.077345+00:00,1,4,5,-1.5,1.5,8.0,Win,AWAY,0.1654140114691917,-196.0,,1.5,8.0,0.3242114624796159,0.7716930616485189,Night,0.10_plus,minus_199_to_minus_150,1.0_to_1.9,5_to_9.9,0.20_plus,75_to_79.9,75_to_79.9,8.0_to_8.5,+1.5
63302847,baseball,mlb,2026_07_25,07:10 PM,Milwaukee Brewers,Colorado Rockies,run_line,away,1.5,away_run_line,-116.0,0.661809137137127,0.2323342553587879,0.2695077362161941,False,823758,1,final,2026-08-28T17:43:21.077345+00:00,8,5,13,-1.5,1.5,8.5,Loss,AWAY,0.2323342553587879,-116.0,,1.5,8.5,0.2695077362161941,0.661809137137127,Night,0.10_plus,minus_124_to_minus_110,1.0_to_1.9,5_to_9.9,0.20_plus,65_to_69.9,65_to_69.9,8.5_to_9.0,+1.5
63303023,baseball,mlb,2026_07_25,04:05 PM,San Francisco Giants,Los Angeles Angels,run_line,away,1.5,away_run_line,-196.0,0.7181130209311988,0.0844972152838512,0.1656145419563482,False,823197,1,final,2026-08-28T17:43:21.077345+00:00,9,2,11,-1.5,1.5,9.0,Loss,AWAY,0.0844972152838512,-196.0,,1.5,9.0,0.1656145419563482,0.7181130209311988,Day,0.075_to_0.0999,minus_199_to_minus_150,1.0_to_1.9,5_to_9.9,0.15_to_0.1999,70_to_74.9,70_to_74.9,9.0_to_9.5,+1.5
63303023,baseball,mlb,2026_07_25,04:05 PM,San Francisco Giants,Los Angeles Angels,moneyline,away,,away_moneyline,108.0,0.5259926166256123,0.0940646425812734,0.0870968912789569,False,823197,1,final,2026-08-28T17:43:21.077345+00:00,9,2,11,-1.5,1.5,9.0,Loss,AWAY,0.0940646425812734,108.0,108.0,1.5,9.0,0.0870968912789569,0.5259926166256123,Day,0.075_to_0.0999,plus_101_to_plus_125,1.0_to_1.9,5_to_9.9,0.05_to_0.0999,50_to_54.9,50_to_54.9,9.0_to_9.5,+1.5
63303725,baseball,mlb,2026_07_25,04:10 PM,Miami Marlins,San Diego Padres,run_line,away,1.5,away_run_line,-181.0,0.7632799110524591,0.1849815193687347,0.3348165500574099,False,823841,1,final,2026-08-28T17:43:21.077345+00:00,2,7,9,-1.5,1.5,8.0,Win,AWAY,0.1849815193687347,-181.0,,1.5,8.0,0.3348165500574099,0.7632799110524591,Day,0.10_plus,minus_199_to_minus_150,1.0_to_1.9,5_to_9.9,0.20_plus,75_to_79.9,75_to_79.9,8.0_to_8.5,+1.5
63303759,baseball,mlb,2026_07_25,04:10 PM,Boston Red Sox,Toronto Blue Jays,run_line,away,-1.5,away_run_line,168.0,0.4034416321532426,0.0812235741706901,0.0483473655777917,False,824734,1,final,2026-08-28T17:43:21.077345+00:00,0,6,6,1.5,-1.5,7.5,Win,AWAY,0.0812235741706901,168.0,,-1.5,7.5,0.0483473655777917,0.4034416321532426,Day,0.075_to_0.0999,plus_151_to_plus_200,1.0_to_1.9,5_to_9.9,0.03_to_0.0499,<50,<50,7.5_to_8.0,-1.5
63303847,baseball,mlb,2026_07_25,07:15 PM,St Louis Cardinals,Cincinnati Reds,run_line,home,1.5,home_run_line,-204.0,0.7292040517004297,0.0866570182202481,0.1767803171693062,False,,,final,2026-08-28T17:43:21.077345+00:00,7,0,7,,,,Win,HOME,0.0866570182202481,-204.0,,,,0.1767803171693062,0.7292040517004297,Night,0.075_to_0.0999,minus_200_or_lower,UNBUCKETED,UNBUCKETED,0.15_to_0.1999,70_to_74.9,70_to_74.9,UNBUCKETED,UNBUCKETED
63299147,baseball,mlb,2026_07_26,01:35 PM,Baltimore Orioles,Atlanta Braves,run_line,home,1.5,home_run_line,-185.0,0.7717938581851906,0.1889797274744828,0.3496124958277933,False,824810,1,final,2026-08-28T17:43:21.077345+00:00,2,3,5,1.5,-1.5,8.5,Win,HOME,0.1889797274744828,-185.0,,1.5,8.5,0.3496124958277933,0.7717938581851906,Day,0.10_plus,minus_199_to_minus_150,1.0_to_1.9,5_to_9.9,0.20_plus,75_to_79.9,75_to_79.9,8.5_to_9.0,+1.5
63300845,baseball,mlb,2026_07_26,02:10 PM,Chicago White Sox,Houston Astros,run_line,home,1.5,home_run_line,-181.0,0.8490476330284116,0.3181347230993572,0.5758238488098365,False,824572,1,final,2026-08-28T17:43:21.077345+00:00,12,3,15,1.5,-1.5,9.5,Win,HOME,0.3181347230993572,-181.0,,1.5,9.5,0.5758238488098365,0.8490476330284116,Day,0.10_plus,minus_199_to_minus_150,1.0_to_1.9,5_to_9.9,0.20_plus,80_plus,80_plus,9.5_to_10.0,+1.5
63300845,baseball,mlb,2026_07_26,02:10 PM,Chicago White Sox,Houston Astros,total,over,9.5,over_total,100.0,0.6302778030739604,0.2605556061479209,0.2605556061479209,False,824572,1,final,2026-08-28T17:43:21.077345+00:00,12,3,15,1.5,-1.5,9.5,Win,OVER,0.2605556061479209,100.0,,,9.5,0.2605556061479209,0.6302778030739604,Day,0.10_plus,minus_100_to_plus_100,UNBUCKETED,5_to_9.9,0.20_plus,60_to_64.9,60_to_64.9,9.5_to_10.0,UNBUCKETED
63300995,baseball,mlb,2026_07_26,02:15 PM,St Louis Cardinals,Cincinnati Reds,run_line,home,-1.5,home_run_line,150.0,0.4082014598982285,0.0205036497455712,0.0136690998303807,False,,,final,2026-08-28T17:43:21.077345+00:00,3,5,8,,,,Loss,HOME,0.0205036497455712,150.0,,,,0.0136690998303807,0.4082014598982285,Day,0.02_to_0.0299,plus_126_to_plus_150,UNBUCKETED,UNBUCKETED,0.01_to_0.0199,<50,<50,UNBUCKETED,UNBUCKETED
63301185,baseball,mlb,2026_07_26,02:10 PM,Minnesota Twins,Athletics,run_line,home,-1.5,home_run_line,134.0,0.5067610400022371,0.1858208336052347,0.1386722638845035,False,,,final,2026-08-28T17:43:21.077345+00:00,11,8,19,,,,Win,HOME,0.1858208336052347,134.0,,,,0.1386722638845035,0.5067610400022371,Day,0.10_plus,plus_126_to_plus_150,UNBUCKETED,UNBUCKETED,0.10_to_0.1499,50_to_54.9,50_to_54.9,UNBUCKETED,UNBUCKETED
63301463,baseball,mlb,2026_07_26,01:35 PM,Boston Red Sox,Toronto Blue Jays,run_line,home,-1.5,home_run_line,147.0,0.5179729935425622,0.2793932940501287,0.1900634653402236,False,824730,1,final,2026-08-28T17:43:21.077345+00:00,6,1,7,-1.5,1.5,8.0,Win,HOME,0.2793932940501287,147.0,,-1.5,8.0,0.1900634653402236,0.5179729935425622,Day,0.10_plus,plus_126_to_plus_150,1.0_to_1.9,5_to_9.9,0.15_to_0.1999,50_to_54.9,50_to_54.9,8.0_to_8.5,-1.5
63302021,baseball,mlb,2026_07_26,01:35 PM,Pittsburgh Pirates,Chicago Cubs,run_line,away,1.5,away_run_line,-196.0,0.7285921683569296,0.10032286649822,0.1966328183365116,False,823354,1,final,2026-08-28T17:43:21.077345+00:00,8,7,15,-1.5,1.5,9.0,Win,AWAY,0.10032286649822,-196.0,,1.5,9.0,0.1966328183365116,0.7285921683569296,Day,0.10_plus,minus_199_to_minus_150,1.0_to_1.9,5_to_9.9,0.15_to_0.1999,70_to_74.9,70_to_74.9,9.0_to_9.5,+1.5
63302021,baseball,mlb,2026_07_26,01:35 PM,Pittsburgh Pirates,Chicago Cubs,total,over,9.0,over_total,100.0,0.5151542342029878,0.1578475473457615,0.1809221978148261,False,823354,1,final,2026-08-28T17:43:21.077345+00:00,8,7,15,-1.5,1.5,9.0,Win,OVER,0.1578475473457615,100.0,,,9.0,0.1809221978148261,0.5151542342029878,Day,0.10_plus,minus_100_to_plus_100,UNBUCKETED,5_to_9.9,0.15_to_0.1999,50_to_54.9,50_to_54.9,9.0_to_9.5,UNBUCKETED
63302157,baseball,mlb,2026_07_26,07:20 PM,Philadelphia Phillies,New York Yankees,run_line,away,1.5,away_run_line,-147.0,0.6396629020121589,0.0748077333129473,0.1099673679700324,False,823433,1,final,2026-08-28T17:43:21.077345+00:00,11,4,15,-1.5,1.5,8.0,Loss,AWAY,0.0748077333129473,-147.0,,1.5,8.0,0.1099673679700324,0.6396629020121589,Night,0.05_to_0.0749,minus_149_to_minus_125,1.0_to_1.9,5_to_9.9,0.10_to_0.1499,60_to_64.9,60_to_64.9,8.0_to_8.5,+1.5
63302221,baseball,mlb,2026_07_26,02:35 PM,Texas Rangers,Seattle Mariners,run_line,home,1.5,home_run_line,-200.0,0.729004432549484,0.0935066488242259,0.1870132976484519,False,822870,1,final,2026-08-28T17:43:21.077345+00:00,4,6,10,1.5,-1.5,7.0,Loss,HOME,0.0935066488242259,-200.0,,1.5,7.0,0.1870132976484519,0.729004432549484,Day,0.075_to_0.0999,minus_200_or_lower,1.0_to_1.9,5_to_9.9,0.15_to_0.1999,70_to_74.9,70_to_74.9,7.0_to_7.5,+1.5
63302947,baseball,mlb,2026_07_26,01:40 PM,New York Mets,Los Angeles Dodgers,run_line,home,1.5,home_run_line,-113.0,0.7012220348097762,0.3217725080927636,0.363602934144823,False,823599,1,final,2026-08-28T17:43:21.077345+00:00,8,3,11,1.5,-1.5,9.0,Win,HOME,0.3217725080927636,-113.0,,1.5,9.0,0.363602934144823,0.7012220348097762,Day,0.10_plus,minus_124_to_minus_110,1.0_to_1.9,5_to_9.9,0.20_plus,70_to_74.9,70_to_74.9,9.0_to_9.5,+1.5
63303103,baseball,mlb,2026_07_26,01:40 PM,Miami Marlins,San Diego Padres,run_line,away,1.5,away_run_line,-188.0,0.7823015653739802,0.19841941929631,0.3730285082770631,False,823840,1,final,2026-08-28T17:43:21.077345+00:00,3,5,8,-1.5,1.5,8.5,Win,AWAY,0.19841941929631,-188.0,,1.5,8.5,0.3730285082770631,0.7823015653739802,Day,0.10_plus,minus_199_to_minus_150,1.0_to_1.9,5_to_9.9,0.20_plus,75_to_79.9,75_to_79.9,8.5_to_9.0,+1.5
63303285,baseball,mlb,2026_07_26,01:40 PM,Detroit Tigers,Kansas City Royals,run_line,away,1.5,away_run_line,-126.0,0.5698228555498985,0.0220632170974368,0.0277996535427705,False,824246,1,final,2026-08-28T17:43:21.077345+00:00,4,5,9,-1.5,1.5,9.0,Win,AWAY,0.0220632170974368,-126.0,,1.5,9.0,0.0277996535427705,0.5698228555498985,Day,0.02_to_0.0299,minus_149_to_minus_125,1.0_to_1.9,5_to_9.9,0.02_to_0.0299,55_to_59.9,55_to_59.9,9.0_to_9.5,+1.5
63303493,baseball,mlb,2026_07_26,12:15 PM,Tampa Bay Rays,Cleveland Guardians,run_line,away,1.5,away_run_line,-192.0,0.6966357902733487,0.059466931040718,0.1141765075981784,False,822950,1,final,2026-08-28T17:43:21.077345+00:00,1,0,1,-1.5,1.5,7.0,Win,AWAY,0.059466931040718,-192.0,,1.5,7.0,0.1141765075981784,0.6966357902733487,Day,0.05_to_0.0749,minus_199_to_minus_150,1.0_to_1.9,5_to_9.9,0.10_to_0.1499,65_to_69.9,65_to_69.9,7.0_to_7.5,+1.5
63303577,baseball,mlb,2026_07_26,01:35 PM,Washington Nationals,Arizona Diamondbacks,run_line,home,1.5,home_run_line,-156.0,0.7227308581898118,0.1860198698499475,0.290190996965918,False,822706,1,final,2026-08-28T17:43:21.077345+00:00,10,7,17,1.5,-1.5,10.5,Win,HOME,0.1860198698499475,-156.0,,1.5,10.5,0.290190996965918,0.7227308581898118,Day,0.10_plus,minus_199_to_minus_150,1.0_to_1.9,10_to_14.9,0.20_plus,70_to_74.9,70_to_74.9,10.5_to_11.0,+1.5
63301395,baseball,mlb,2026_07_27,06:40 PM,Pittsburgh Pirates,Arizona Diamondbacks,run_line,away,1.5,away_run_line,-200.0,0.7006530812147436,0.0509796218221154,0.1019592436442307,False,823353,1,final,2026-08-28T17:43:21.077345+00:00,3,2,5,-1.5,1.5,9.0,Win,AWAY,0.0509796218221154,-200.0,,1.5,9.0,0.1019592436442307,0.7006530812147436,Night,0.05_to_0.0749,minus_200_or_lower,1.0_to_1.9,5_to_9.9,0.10_to_0.1499,70_to_74.9,70_to_74.9,9.0_to_9.5,+1.5
63301447,baseball,mlb,2026_07_27,07:40 PM,Chicago White Sox,New York Yankees,moneyline,away,,away_moneyline,-142.0,0.6379100702228705,0.0871425140417934,0.1237423699393465,False,824570,1,final,2026-08-28T17:43:21.077345+00:00,5,9,14,1.5,-1.5,8.5,Win,AWAY,0.0871425140417934,-142.0,-142.0,-1.5,8.5,0.1237423699393465,0.6379100702228705,Night,0.075_to_0.0999,minus_149_to_minus_125,1.0_to_1.9,5_to_9.9,0.10_to_0.1499,60_to_64.9,60_to_64.9,8.5_to_9.0,-1.5
63301499,baseball,mlb,2026_07_27,07:10 PM,New York Mets,Atlanta Braves,run_line,home,1.5,home_run_line,-181.0,0.8715062615635856,0.353001433698163,0.6389325949936754,False,823597,1,final,2026-08-28T17:43:21.077345+00:00,14,3,17,1.5,-1.5,8.5,Win,HOME,0.353001433698163,-181.0,,1.5,8.5,0.6389325949936754,0.8715062615635856,Night,0.10_plus,minus_199_to_minus_150,1.0_to_1.9,5_to_9.9,0.20_plus,80_plus,80_plus,8.5_to_9.0,+1.5
63301629,baseball,mlb,2026_07_27,09:45 PM,San Francisco Giants,Milwaukee Brewers,run_line,home,1.5,home_run_line,-147.0,0.6387915725755168,0.0733436627629431,0.1078151842615263,False,823195,1,final,2026-08-28T17:43:21.077345+00:00,3,0,3,1.5,-1.5,8.5,Win,HOME,0.0733436627629431,-147.0,,1.5,8.5,0.1078151842615263,0.6387915725755168,Night,0.05_to_0.0749,minus_149_to_minus_125,1.0_to_1.9,5_to_9.9,0.10_to_0.1499,60_to_64.9,60_to_64.9,8.5_to_9.0,+1.5
63301757,baseball,mlb,2026_07_27,09:30 PM,St Louis Cardinals,Chicago Cubs,run_line,home,1.5,home_run_line,-161.0,0.6195703880782698,0.0043967160771951,0.007078712884284,False,,,final,2026-08-28T17:43:21.077345+00:00,3,7,10,,,,Loss,HOME,0.0043967160771951,-161.0,,,,0.007078712884284,0.6195703880782698,Night,0.00_to_0.0099,minus_199_to_minus_150,UNBUCKETED,UNBUCKETED,0.001_to_0.0099,60_to_64.9,60_to_64.9,UNBUCKETED,UNBUCKETED
63302077,baseball,mlb,2026_07_27,02:35 PM,Texas Rangers,Seattle Mariners,run_line,home,1.5,home_run_line,-147.0,0.7833028139088029,0.316161870989621,0.464757950354743,False,822868,1,final,2026-08-28T17:43:21.077345+00:00,7,3,10,1.5,-1.5,8.0,Win,HOME,0.316161870989621,-147.0,,1.5,8.0,0.464757950354743,0.7833028139088029,Day,0.10_plus,minus_149_to_minus_125,1.0_to_1.9,5_to_9.9,0.20_plus,75_to_79.9,75_to_79.9,8.0_to_8.5,+1.5
63302195,baseball,mlb,2026_07_27,06:40 PM,Miami Marlins,Philadelphia Phillies,run_line,home,1.5,home_run_line,-114.0,0.7546993021571848,0.4167162338740138,0.4750565066163755,False,823839,1,final,2026-08-28T17:43:21.077345+00:00,8,7,15,1.5,-1.5,7.5,Win,HOME,0.4167162338740138,-114.0,,1.5,7.5,0.4750565066163755,0.7546993021571848,Night,0.10_plus,minus_124_to_minus_110,1.0_to_1.9,5_to_9.9,0.20_plus,75_to_79.9,75_to_79.9,7.5_to_8.0,+1.5
63302629,baseball,mlb,2026_07_27,09:38 PM,Los Angeles Angels,Houston Astros,run_line,away,-1.5,away_run_line,141.0,0.4154754265688687,0.0012957780309736,0.0009189915113288,False,824001,1,final,2026-08-28T17:43:21.077345+00:00,4,6,10,1.5,-1.5,8.5,Win,AWAY,0.0012957780309736,141.0,,-1.5,8.5,0.0009189915113288,0.4154754265688687,Night,0.00_to_0.0099,plus_126_to_plus_150,1.0_to_1.9,5_to_9.9,0.001_to_0.0099,<50,<50,8.5_to_9.0,-1.5
63303057,baseball,mlb,2026_07_27,06:40 PM,Detroit Tigers,Baltimore Orioles,run_line,home,1.5,home_run_line,-200.0,0.6705967187689276,0.0058950781533912,0.0117901563067827,False,824245,1,final,2026-08-28T17:43:21.077345+00:00,5,8,13,1.5,-1.5,8.5,Loss,HOME,0.0058950781533912,-200.0,,1.5,8.5,0.0117901563067827,0.6705967187689276,Night,0.00_to_0.0099,minus_200_or_lower,1.0_to_1.9,5_to_9.9,0.01_to_0.0199,65_to_69.9,65_to_69.9,8.5_to_9.0,+1.5
63303221,baseball,mlb,2026_07_27,06:45 PM,Washington Nationals,Toronto Blue Jays,run_line,away,1.5,away_run_line,-175.0,0.684601523988318,0.0758023948387853,0.1326541909678744,False,822705,1,final,2026-08-28T17:43:21.077345+00:00,2,3,5,-1.5,1.5,10.0,Win,AWAY,0.0758023948387853,-175.0,,1.5,10.0,0.1326541909678744,0.684601523988318,Night,0.075_to_0.0999,minus_199_to_minus_150,1.0_to_1.9,10_to_14.9,0.10_to_0.1499,65_to_69.9,65_to_69.9,10.0_to_10.5,+1.5
63303525,baseball,mlb,2026_07_27,09:40 PM,Athletics,Boston Red Sox,run_line,home,1.5,home_run_line,-108.0,0.5507335275965521,0.0606719790748411,0.0655257374008285,False,,,final,2026-08-28T17:43:21.077345+00:00,2,4,6,,,,Loss,HOME,0.0606719790748411,-108.0,,,,0.0655257374008285,0.5507335275965521,Night,0.05_to_0.0749,minus_109_to_minus_101,UNBUCKETED,UNBUCKETED,0.05_to_0.0999,55_to_59.9,55_to_59.9,UNBUCKETED,UNBUCKETED
63299213,baseball,mlb,2026_07_28,07:50 PM,Washington Nationals,Toronto Blue Jays,run_line,away,1.5,away_run_line,-175.0,0.7273578647176073,0.1429909302705256,0.2502341279734201,False,822703,1,final,2026-08-28T17:43:21.077345+00:00,8,6,14,-1.5,1.5,8.5,Loss,AWAY,0.1429909302705256,-175.0,,1.5,8.5,0.2502341279734201,0.7273578647176073,Night,0.10_plus,minus_199_to_minus_150,1.0_to_1.9,5_to_9.9,0.20_plus,70_to_74.9,70_to_74.9,8.5_to_9.0,+1.5
63299315,baseball,mlb,2026_07_28,06:40 PM,Detroit Tigers,Baltimore Orioles,run_line,away,1.5,away_run_line,-166.0,0.671261368604223,0.0756356870405019,0.1255552404872332,False,824243,1,final,2026-08-28T17:43:21.077345+00:00,14,0,14,-1.5,1.5,9.0,Loss,AWAY,0.0756356870405019,-166.0,,1.5,9.0,0.1255552404872332,0.671261368604223,Night,0.075_to_0.0999,minus_199_to_minus_150,1.0_to_1.9,5_to_9.9,0.10_to_0.1499,65_to_69.9,65_to_69.9,9.0_to_9.5,+1.5
63299363,baseball,mlb,2026_07_28,09:40 PM,San Diego Padres,Colorado Rockies,run_line,away,1.5,away_run_line,-136.0,0.5905756110534889,0.0248223838869365,0.0337584420862338,False,823275,1,final,2026-08-28T17:43:21.077345+00:00,8,7,15,-1.5,1.5,8.0,Win,AWAY,0.0248223838869365,-136.0,,1.5,8.0,0.0337584420862338,0.5905756110534889,Night,0.02_to_0.0299,minus_149_to_minus_125,1.0_to_1.9,5_to_9.9,0.03_to_0.0499,55_to_59.9,55_to_59.9,8.0_to_8.5,+1.5
63299465,baseball,mlb,2026_07_28,09:38 PM,Los Angeles Angels,Houston Astros,run_line,home,1.5,home_run_line,-188.0,0.6674408298725556,0.0224625478898723,0.0422295900329601,False,824003,1,final,2026-08-28T17:43:21.077345+00:00,2,3,5,1.5,-1.5,8.0,Win,HOME,0.0224625478898723,-188.0,,1.5,8.0,0.0422295900329601,0.6674408298725556,Night,0.02_to_0.0299,minus_199_to_minus_150,1.0_to_1.9,5_to_9.9,0.03_to_0.0499,65_to_69.9,65_to_69.9,8.0_to_8.5,+1.5
63301113,baseball,mlb,2026_07_28,07:45 PM,St Louis Cardinals,Chicago Cubs,run_line,home,1.5,home_run_line,-181.0,0.7887441087681228,0.2245143346068647,0.4063709456384252,False,,,final,2026-08-28T17:43:21.077345+00:00,2,10,12,,,,Loss,HOME,0.2245143346068647,-181.0,,,,0.4063709456384252,0.7887441087681228,Night,0.10_plus,minus_199_to_minus_150,UNBUCKETED,UNBUCKETED,0.20_plus,75_to_79.9,75_to_79.9,UNBUCKETED,UNBUCKETED
63301639,baseball,mlb,2026_07_28,06:40 PM,Miami Marlins,Philadelphia Phillies,run_line,home,1.5,home_run_line,-200.0,0.8317354673579236,0.2476032010368853,0.4952064020737707,False,823838,1,final,2026-08-28T17:43:21.077345+00:00,1,0,1,1.5,-1.5,8.0,Win,HOME,0.2476032010368853,-200.0,,1.5,8.0,0.4952064020737707,0.8317354673579236,Night,0.10_plus,minus_200_or_lower,1.0_to_1.9,5_to_9.9,0.20_plus,80_plus,80_plus,8.0_to_8.5,+1.5
63302033,baseball,mlb,2026_07_28,06:40 PM,Tampa Bay Rays,Texas Rangers,run_line,away,1.5,away_run_line,-138.0,0.6978835414862028,0.203596252708089,0.2809628287371628,False,822949,1,final,2026-08-28T17:43:21.077345+00:00,1,4,5,-1.5,1.5,8.5,Win,AWAY,0.203596252708089,-138.0,,1.5,8.5,0.2809628287371628,0.6978835414862028,Night,0.10_plus,minus_149_to_minus_125,1.0_to_1.9,5_to_9.9,0.20_plus,65_to_69.9,65_to_69.9,8.5_to_9.0,+1.5
63302085,baseball,mlb,2026_07_28,07:10 PM,Cincinnati Reds,Cleveland Guardians,run_line,home,1.5,home_run_line,-136.0,0.7453918327443875,0.2934740627034959,0.3991247252767544,False,824489,2,final,2026-08-28T17:43:21.077345+00:00,2,0,2,1.5,-1.5,9.0,Win,HOME,0.2934740627034959,-136.0,,1.5,9.0,0.3991247252767544,0.7453918327443875,Night,0.10_plus,minus_149_to_minus_125,1.0_to_1.9,5_to_9.9,0.20_plus,70_to_74.9,70_to_74.9,9.0_to_9.5,+1.5
63302319,baseball,mlb,2026_07_28,09:40 PM,Athletics,Boston Red Sox,run_line,home,1.5,home_run_line,-128.0,0.6154989862484503,0.0963575692550522,0.1233376886464667,False,,,final,2026-08-28T17:43:21.077345+00:00,4,3,7,,,,Win,HOME,0.0963575692550522,-128.0,,,,0.1233376886464667,0.6154989862484503,Night,0.075_to_0.0999,minus_149_to_minus_125,UNBUCKETED,UNBUCKETED,0.10_to_0.1499,60_to_64.9,60_to_64.9,UNBUCKETED,UNBUCKETED
63302645,baseball,mlb,2026_07_28,07:40 PM,Chicago White Sox,New York Yankees,run_line,home,1.5,home_run_line,-149.0,0.6778917882614321,0.132852719980514,0.197950552770966,False,824569,1,final,2026-08-28T17:43:21.077345+00:00,2,3,5,1.5,-1.5,8.0,Win,HOME,0.132852719980514,-149.0,,1.5,8.0,0.197950552770966,0.6778917882614321,Night,0.10_plus,minus_149_to_minus_125,1.0_to_1.9,5_to_9.9,0.15_to_0.1999,65_to_69.9,65_to_69.9,8.0_to_8.5,+1.5
63302651,baseball,mlb,2026_07_28,10:10 PM,Los Angeles Dodgers,Seattle Mariners,run_line,away,1.5,away_run_line,-138.0,0.6678793233722868,0.1518498475551035,0.2095527896260427,False,823923,1,final,2026-08-28T17:43:21.077345+00:00,6,7,13,-1.5,1.5,9.5,Win,AWAY,0.1518498475551035,-138.0,,1.5,9.5,0.2095527896260427,0.6678793233722868,Night,0.10_plus,minus_149_to_minus_125,1.0_to_1.9,5_to_9.9,0.20_plus,65_to_69.9,65_to_69.9,9.5_to_10.0,+1.5
63302757,baseball,mlb,2026_07_28,07:40 PM,Minnesota Twins,Kansas City Royals,run_line,away,1.5,away_run_line,-151.0,0.6658890390601371,0.1068751576430093,0.1613814880409441,False,823676,1,final,2026-08-28T17:43:21.077345+00:00,3,2,5,-1.5,1.5,9.0,Win,AWAY,0.1068751576430093,-151.0,,1.5,9.0,0.1613814880409441,0.6658890390601371,Night,0.10_plus,minus_199_to_minus_150,1.0_to_1.9,5_to_9.9,0.15_to_0.1999,65_to_69.9,65_to_69.9,9.0_to_9.5,+1.5
63303463,baseball,mlb,2026_07_28,06:40 PM,Pittsburgh Pirates,Arizona Diamondbacks,run_line,home,1.5,home_run_line,-196.0,0.669893456171495,0.0116758317691965,0.022884630267625,False,823350,1,final,2026-08-28T17:43:21.077345+00:00,7,8,15,1.5,-1.5,9.0,Win,HOME,0.0116758317691965,-196.0,,1.5,9.0,0.022884630267625,0.669893456171495,Night,0.01_to_0.0199,minus_199_to_minus_150,1.0_to_1.9,5_to_9.9,0.02_to_0.0299,65_to_69.9,65_to_69.9,9.0_to_9.5,+1.5
63303491,baseball,mlb,2026_07_28,09:45 PM,San Francisco Giants,Milwaukee Brewers,run_line,away,-1.5,away_run_line,119.0,0.4594183253464228,0.0061261325086658,0.0051480105114839,False,823193,1,final,2026-08-28T17:43:21.077345+00:00,2,8,10,1.5,-1.5,7.5,Win,AWAY,0.0061261325086658,119.0,,-1.5,7.5,0.0051480105114839,0.4594183253464228,Night,0.00_to_0.0099,plus_101_to_plus_125,1.0_to_1.9,5_to_9.9,0.001_to_0.0099,<50,<50,7.5_to_8.0,-1.5
63299311,baseball,mlb,2026_07_29,07:40 PM,Chicago White Sox,New York Yankees,run_line,home,1.5,home_run_line,-149.0,0.7275673853926027,0.2158676440453562,0.3216427896275806,False,824567,1,final,2026-08-28T17:43:21.077345+00:00,6,5,11,1.5,-1.5,7.5,Win,HOME,0.2158676440453562,-149.0,,1.5,7.5,0.3216427896275806,0.7275673853926027,Night,0.10_plus,minus_149_to_minus_125,1.0_to_1.9,5_to_9.9,0.20_plus,70_to_74.9,70_to_74.9,7.5_to_8.0,+1.5
63299405,baseball,mlb,2026_07_29,01:10 PM,Detroit Tigers,Baltimore Orioles,run_line,away,1.5,away_run_line,-149.0,0.6686009034948818,0.1173263420820507,0.1748162497022555,False,824242,1,final,2026-08-28T17:43:21.077345+00:00,9,10,19,-1.5,1.5,7.5,Win,AWAY,0.1173263420820507,-149.0,,1.5,7.5,0.1748162497022555,0.6686009034948818,Day,0.10_plus,minus_149_to_minus_125,1.0_to_1.9,5_to_9.9,0.15_to_0.1999,65_to_69.9,65_to_69.9,7.5_to_8.0,+1.5
63299457,baseball,mlb,2026_07_29,12:35 PM,Pittsburgh Pirates,Arizona Diamondbacks,run_line,away,1.5,away_run_line,-196.0,0.6968215344121803,0.0523427254388029,0.1025917418600536,False,823351,1,final,2026-08-28T17:43:21.077345+00:00,0,3,3,-1.5,1.5,8.5,Win,AWAY,0.0523427254388029,-196.0,,1.5,8.5,0.1025917418600536,0.6968215344121803,Day,0.05_to_0.0749,minus_199_to_minus_150,1.0_to_1.9,5_to_9.9,0.10_to_0.1499,65_to_69.9,65_to_69.9,8.5_to_9.0,+1.5
63300927,baseball,mlb,2026_07_29,07:10 PM,Cincinnati Reds,Cleveland Guardians,run_line,home,1.5,home_run_line,-149.0,0.704303849910008,0.1769909975006174,0.26371658627592,False,824487,1,final,2026-08-28T17:43:21.077345+00:00,1,6,7,1.5,-1.5,9.0,Loss,HOME,0.1769909975006174,-149.0,,1.5,9.0,0.26371658627592,0.704303849910008,Night,0.10_plus,minus_149_to_minus_125,1.0_to_1.9,5_to_9.9,0.20_plus,70_to_74.9,70_to_74.9,9.0_to_9.5,+1.5
63301415,baseball,mlb,2026_07_29,10:10 PM,Los Angeles Dodgers,Seattle Mariners,run_line,away,1.5,away_run_line,-158.0,0.70581845563615,0.1525389971780169,0.2410116155412668,False,823924,1,final,2026-08-28T17:43:21.077345+00:00,4,2,6,-1.5,1.5,9.5,Loss,AWAY,0.1525389971780169,-158.0,,1.5,9.5,0.2410116155412668,0.70581845563615,Night,0.10_plus,minus_199_to_minus_150,1.0_to_1.9,5_to_9.9,0.20_plus,70_to_74.9,70_to_74.9,9.5_to_10.0,+1.5
63301649,baseball,mlb,2026_07_29,07:45 PM,St Louis Cardinals,Chicago Cubs,run_line,home,1.5,home_run_line,-158.0,0.6902502263028085,0.1271174581400289,0.2008455838612458,False,,,final,2026-08-28T17:43:21.077345+00:00,3,2,5,,,,Win,HOME,0.1271174581400289,-158.0,,,,0.2008455838612458,0.6902502263028085,Night,0.10_plus,minus_199_to_minus_150,UNBUCKETED,UNBUCKETED,0.20_plus,65_to_69.9,65_to_69.9,UNBUCKETED,UNBUCKETED
63302353,baseball,mlb,2026_07_29,01:10 PM,New York Mets,Atlanta Braves,run_line,home,1.5,home_run_line,-188.0,0.7745018524142352,0.1864709228473389,0.3505653349529973,False,823596,1,final,2026-08-28T17:43:21.077345+00:00,3,2,5,1.5,-1.5,8.5,Win,HOME,0.1864709228473389,-188.0,,1.5,8.5,0.3505653349529973,0.7745018524142352,Day,0.10_plus,minus_199_to_minus_150,1.0_to_1.9,5_to_9.9,0.20_plus,75_to_79.9,75_to_79.9,8.5_to_9.0,+1.5
63303073,baseball,mlb,2026_07_29,12:10 PM,Miami Marlins,Philadelphia Phillies,run_line,home,1.5,home_run_line,-111.0,0.7468243082921517,0.4196390004472434,0.4657992904964401,False,823837,1,final,2026-08-28T17:43:21.077345+00:00,8,6,14,1.5,-1.5,7.5,Win,HOME,0.4196390004472434,-111.0,,1.5,7.5,0.4657992904964401,0.7468243082921517,Day,0.10_plus,minus_124_to_minus_110,1.0_to_1.9,5_to_9.9,0.20_plus,70_to_74.9,70_to_74.9,7.5_to_8.0,+1.5
63303621,baseball,mlb,2026_07_29,09:38 PM,Los Angeles Angels,Houston Astros,moneyline,away,,away_moneyline,-135.0,0.6305162135635233,0.0975652606476145,0.1317131018742796,False,824002,1,final,2026-08-28T17:43:21.077345+00:00,4,7,11,1.5,-1.5,9.5,Win,AWAY,0.0975652606476145,-135.0,-135.0,-1.5,9.5,0.1317131018742796,0.6305162135635233,Night,0.075_to_0.0999,minus_149_to_minus_125,1.0_to_1.9,5_to_9.9,0.10_to_0.1499,60_to_64.9,60_to_64.9,9.5_to_10.0,-1.5
63303745,baseball,mlb,2026_07_29,07:40 PM,Minnesota Twins,Kansas City Royals,run_line,away,1.5,away_run_line,-144.0,0.6959555832302341,0.1792580715845633,0.2581316230817712,False,823677,1,final,2026-08-28T17:43:21.077345+00:00,0,4,4,-1.5,1.5,8.5,Win,AWAY,0.1792580715845633,-144.0,,1.5,8.5,0.2581316230817712,0.6959555832302341,Night,0.10_plus,minus_149_to_minus_125,1.0_to_1.9,5_to_9.9,0.20_plus,65_to_69.9,65_to_69.9,8.5_to_9.0,+1.5
63303849,baseball,mlb,2026_07_29,06:40 PM,Tampa Bay Rays,Texas Rangers,run_line,away,1.5,away_run_line,-188.0,0.6906011069759406,0.0579421213248452,0.1089311880907088,False,822947,1,final,2026-08-28T17:43:21.077345+00:00,3,0,3,-1.5,1.5,7.5,Loss,AWAY,0.0579421213248452,-188.0,,1.5,7.5,0.1089311880907088,0.6906011069759406,Night,0.05_to_0.0749,minus_199_to_minus_150,1.0_to_1.9,5_to_9.9,0.10_to_0.1499,65_to_69.9,65_to_69.9,7.5_to_8.0,+1.5
63299173,baseball,mlb,2026_07_30,07:10 PM,Cincinnati Reds,Pittsburgh Pirates,run_line,home,1.5,home_run_line,-163.0,0.6400007674654185,0.0326392751129145,0.0532020184340505,False,824488,1,final,2026-08-28T17:43:21.077345+00:00,3,2,5,1.5,-1.5,9.5,Win,HOME,0.0326392751129145,-163.0,,1.5,9.5,0.0532020184340505,0.6400007674654185,Night,0.03_to_0.0399,minus_199_to_minus_150,1.0_to_1.9,5_to_9.9,0.05_to_0.0999,60_to_64.9,60_to_64.9,9.5_to_10.0,+1.5
63299403,baseball,mlb,2026_07_30,10:10 PM,Los Angeles Dodgers,Seattle Mariners,run_line,home,-1.5,home_run_line,135.0,0.4286663200312277,0.007365852073385,0.005456186721026,False,823921,1,final,2026-08-28T17:43:21.077345+00:00,6,2,8,-1.5,1.5,8.5,Win,HOME,0.007365852073385,135.0,,-1.5,8.5,0.005456186721026,0.4286663200312277,Night,0.00_to_0.0099,plus_126_to_plus_150,1.0_to_1.9,5_to_9.9,0.001_to_0.0099,<50,<50,8.5_to_9.0,-1.5
63300963,baseball,mlb,2026_07_30,08:15 PM,New York Mets,Miami Marlins,run_line,away,1.5,away_run_line,-208.0,0.6828080704113271,0.0110811811860036,0.0230488568668874,False,823595,1,final,2026-08-28T17:43:21.077345+00:00,4,2,6,-1.5,1.5,7.0,Loss,AWAY,0.0110811811860036,-208.0,,1.5,7.0,0.0230488568668874,0.6828080704113271,Night,0.01_to_0.0199,minus_200_or_lower,1.0_to_1.9,5_to_9.9,0.02_to_0.0299,65_to_69.9,65_to_69.9,7.0_to_7.5,+1.5
63300985,baseball,mlb,2026_07_30,09:40 PM,Athletics,Boston Red Sox,run_line,away,-1.5,away_run_line,-105.0,0.5751996760829831,0.1230088914001097,0.1291593359701152,False,,,final,2026-08-28T17:43:21.077345+00:00,4,5,9,,,,Loss,AWAY,0.1230088914001097,-105.0,,,,0.1291593359701152,0.5751996760829831,Night,0.10_plus,minus_109_to_minus_101,UNBUCKETED,UNBUCKETED,0.10_to_0.1499,55_to_59.9,55_to_59.9,UNBUCKETED,UNBUCKETED
63301443,baseball,mlb,2026_07_30,01:40 PM,Minnesota Twins,Kansas City Royals,run_line,away,1.5,away_run_line,-172.0,0.7474899667483309,0.1820771567182908,0.3131727095554601,False,823674,1,final,2026-08-28T17:43:21.077345+00:00,4,3,7,-1.5,1.5,9.5,Win,AWAY,0.1820771567182908,-172.0,,1.5,9.5,0.3131727095554601,0.7474899667483309,Day,0.10_plus,minus_199_to_minus_150,1.0_to_1.9,5_to_9.9,0.20_plus,70_to_74.9,70_to_74.9,9.5_to_10.0,+1.5
63302301,baseball,mlb,2026_07_30,12:10 PM,Tampa Bay Rays,Texas Rangers,run_line,away,1.5,away_run_line,-181.0,0.6671547905161881,0.035748597431209,0.0647049613504884,False,822946,1,final,2026-08-28T17:43:21.077345+00:00,3,2,5,-1.5,1.5,7.5,Win,AWAY,0.035748597431209,-181.0,,1.5,7.5,0.0647049613504884,0.6671547905161881,Day,0.03_to_0.0399,minus_199_to_minus_150,1.0_to_1.9,5_to_9.9,0.05_to_0.0999,65_to_69.9,65_to_69.9,7.5_to_8.0,+1.5
63302455,baseball,mlb,2026_07_30,07:15 PM,Atlanta Braves,Washington Nationals,run_line,home,-1.5,home_run_line,135.0,0.463661782242263,0.089605188269318,0.0663742135328282,False,824894,1,final,2026-08-28T17:43:21.077345+00:00,5,4,9,-1.5,1.5,9.5,Loss,HOME,0.089605188269318,135.0,,-1.5,9.5,0.0663742135328282,0.463661782242263,Night,0.075_to_0.0999,plus_126_to_plus_150,1.0_to_1.9,5_to_9.9,0.05_to_0.0999,<50,<50,9.5_to_10.0,-1.5
63302579,baseball,mlb,2026_07_30,09:40 PM,San Diego Padres,San Francisco Giants,run_line,home,-1.5,home_run_line,158.0,0.3993546880685454,0.030335095216847,0.0191994273524349,False,823271,1,final,2026-08-28T17:43:21.077345+00:00,1,4,5,-1.5,1.5,8.5,Loss,HOME,0.030335095216847,158.0,,-1.5,8.5,0.0191994273524349,0.3993546880685454,Night,0.03_to_0.0399,plus_151_to_plus_200,1.0_to_1.9,5_to_9.9,0.01_to_0.0199,<50,<50,8.5_to_9.0,-1.5
63303269,baseball,mlb,2026_07_30,02:10 PM,Chicago White Sox,New York Yankees,run_line,home,1.5,home_run_line,-204.0,0.7286196404367423,0.0857861308469101,0.1750037069276967,False,824568,1,final,2026-08-28T17:43:21.077345+00:00,2,1,3,1.5,-1.5,8.0,Win,HOME,0.0857861308469101,-204.0,,1.5,8.0,0.1750037069276967,0.7286196404367423,Day,0.075_to_0.0999,minus_200_or_lower,1.0_to_1.9,5_to_9.9,0.15_to_0.1999,70_to_74.9,70_to_74.9,8.0_to_8.5,+1.5
63299237,baseball,mlb,2026_07_31,06:10 PM,Cincinnati Reds,Pittsburgh Pirates,run_line,home,1.5,home_run_line,-156.0,0.7714462757935479,0.2659631192509502,0.4149024660314825,False,824486,1,final,2026-08-28T17:43:21.077345+00:00,8,7,15,1.5,-1.5,7.5,Win,HOME,0.2659631192509502,-156.0,,1.5,7.5,0.4149024660314825,0.7714462757935479,Night,0.10_plus,minus_199_to_minus_150,1.0_to_1.9,5_to_9.9,0.20_plus,75_to_79.9,75_to_79.9,7.5_to_8.0,+1.5
63300867,baseball,mlb,2026_07_31,10:10 PM,Los Angeles Dodgers,Boston Red Sox,run_line,home,1.5,home_run_line,-192.0,0.8263776144970846,0.2567826220476497,0.4930226343314872,False,823922,1,final,2026-08-28T17:43:21.077345+00:00,4,9,13,1.5,-1.5,8.5,Loss,HOME,0.2567826220476497,-192.0,,1.5,8.5,0.4930226343314872,0.8263776144970846,Night,0.10_plus,minus_199_to_minus_150,1.0_to_1.9,5_to_9.9,0.20_plus,80_plus,80_plus,8.5_to_9.0,+1.5
63300989,baseball,mlb,2026_07_31,09:40 PM,Colorado Rockies,Kansas City Royals,run_line,home,1.5,home_run_line,-163.0,0.6902846183381269,0.1137721142510883,0.1854485462292738,False,824325,1,final,2026-08-28T17:43:21.077345+00:00,3,1,4,1.5,-1.5,11.0,Win,HOME,0.1137721142510883,-163.0,,1.5,11.0,0.1854485462292738,0.6902846183381269,Night,0.10_plus,minus_199_to_minus_150,1.0_to_1.9,10_to_14.9,0.15_to_0.1999,65_to_69.9,65_to_69.9,11.0_to_11.5,+1.5
63301539,baseball,mlb,2026_07_31,10:10 PM,Seattle Mariners,Minnesota Twins,run_line,away,1.5,away_run_line,-138.0,0.6996507903975124,0.2066441167725214,0.2851688811460796,False,823111,1,final,2026-08-28T17:43:21.077345+00:00,3,5,8,-1.5,1.5,8.0,Win,AWAY,0.2066441167725214,-138.0,,1.5,8.0,0.2851688811460796,0.6996507903975124,Night,0.10_plus,minus_149_to_minus_125,1.0_to_1.9,5_to_9.9,0.20_plus,65_to_69.9,65_to_69.9,8.0_to_8.5,+1.5
63301595,baseball,mlb,2026_07_31,07:07 PM,Toronto Blue Jays,St Louis Cardinals,run_line,away,1.5,away_run_line,-149.0,0.629166412427491,0.0514257496271495,0.0766243669444526,False,,,final,2026-08-28T17:43:21.077345+00:00,3,1,4,,,,Loss,AWAY,0.0514257496271495,-149.0,,,,0.0766243669444526,0.629166412427491,Night,0.05_to_0.0749,minus_149_to_minus_125,UNBUCKETED,UNBUCKETED,0.05_to_0.0999,60_to_64.9,60_to_64.9,UNBUCKETED,UNBUCKETED
63301603,baseball,mlb,2026_07_31,07:05 PM,Baltimore Orioles,Philadelphia Phillies,run_line,away,1.5,away_run_line,-196.0,0.7235026732320634,0.0926366901871977,0.1815679127669075,False,824809,1,final,2026-08-28T17:43:21.077345+00:00,6,4,10,-1.5,1.5,9.0,Loss,AWAY,0.0926366901871977,-196.0,,1.5,9.0,0.1815679127669075,0.7235026732320634,Night,0.075_to_0.0999,minus_199_to_minus_150,1.0_to_1.9,5_to_9.9,0.15_to_0.1999,70_to_74.9,70_to_74.9,9.0_to_9.5,+1.5
63301603,baseball,mlb,2026_07_31,07:05 PM,Baltimore Orioles,Philadelphia Phillies,moneyline,away,,away_moneyline,104.0,0.5339720276810287,0.0893029364692985,0.0858682081435563,False,824809,1,final,2026-08-28T17:43:21.077345+00:00,6,4,10,-1.5,1.5,9.0,Loss,AWAY,0.0893029364692985,104.0,104.0,1.5,9.0,0.0858682081435563,0.5339720276810287,Night,0.075_to_0.0999,plus_101_to_plus_125,1.0_to_1.9,5_to_9.9,0.05_to_0.0999,50_to_54.9,50_to_54.9,9.0_to_9.5,+1.5
63301779,baseball,mlb,2026_07_31,09:38 PM,Los Angeles Angels,Milwaukee Brewers,moneyline,away,,away_moneyline,-172.0,0.6937347285029056,0.0970688729813391,0.1669584615279034,False,823999,1,final,2026-08-28T17:43:21.077345+00:00,2,6,8,1.5,-1.5,9.0,Win,AWAY,0.0970688729813391,-172.0,-172.0,-1.5,9.0,0.1669584615279034,0.6937347285029056,Night,0.075_to_0.0999,minus_199_to_minus_150,1.0_to_1.9,5_to_9.9,0.15_to_0.1999,65_to_69.9,65_to_69.9,9.0_to_9.5,-1.5
63302131,baseball,mlb,2026_07_31,09:45 PM,San Diego Padres,San Francisco Giants,run_line,home,-1.5,home_run_line,146.0,0.4848057684781359,0.1926221904562142,0.1319330071617906,False,823272,1,final,2026-08-28T17:43:21.077345+00:00,7,0,7,-1.5,1.5,8.5,Win,HOME,0.1926221904562142,146.0,,-1.5,8.5,0.1319330071617906,0.4848057684781359,Night,0.10_plus,plus_126_to_plus_150,1.0_to_1.9,5_to_9.9,0.10_to_0.1499,<50,<50,8.5_to_9.0,-1.5
63302705,baseball,mlb,2026_07_31,07:10 PM,New York Mets,Miami Marlins,run_line,away,1.5,away_run_line,-196.0,0.7090611985946258,0.0708271162449449,0.1388211478400922,False,823593,1,final,2026-08-28T17:43:21.077345+00:00,2,5,7,-1.5,1.5,8.5,Win,AWAY,0.0708271162449449,-196.0,,1.5,8.5,0.1388211478400922,0.7090611985946258,Night,0.05_to_0.0749,minus_199_to_minus_150,1.0_to_1.9,5_to_9.9,0.10_to_0.1499,70_to_74.9,70_to_74.9,8.5_to_9.0,+1.5
63302915,baseball,mlb,2026_07_31,09:40 PM,Athletics,Detroit Tigers,run_line,home,1.5,home_run_line,-116.0,0.6037658336229903,0.1242536212290161,0.1441342006256589,False,,,final,2026-08-28T17:43:21.077345+00:00,1,13,14,,,,Loss,HOME,0.1242536212290161,-116.0,,,,0.1441342006256589,0.6037658336229903,Night,0.10_plus,minus_124_to_minus_110,UNBUCKETED,UNBUCKETED,0.10_to_0.1499,60_to_64.9,60_to_64.9,UNBUCKETED,UNBUCKETED
63303219,baseball,mlb,2026_07_31,07:10 PM,Tampa Bay Rays,Chicago White Sox,run_line,away,1.5,away_run_line,-172.0,0.7329440307551953,0.1590742811942624,0.2736077636541314,False,822945,1,final,2026-08-28T17:43:21.077345+00:00,1,6,7,-1.5,1.5,8.5,Win,AWAY,0.1590742811942624,-172.0,,1.5,8.5,0.2736077636541314,0.7329440307551953,Night,0.10_plus,minus_199_to_minus_150,1.0_to_1.9,5_to_9.9,0.20_plus,70_to_74.9,70_to_74.9,8.5_to_9.0,+1.5
63303425,baseball,mlb,2026_07_31,07:15 PM,Atlanta Braves,Washington Nationals,run_line,home,-1.5,home_run_line,158.0,0.522205833601198,0.3472910506910909,0.2198044624627157,False,824892,1,final,2026-08-28T17:43:21.077345+00:00,6,2,8,-1.5,1.5,9.0,Win,HOME,0.3472910506910909,158.0,,-1.5,9.0,0.2198044624627157,0.522205833601198,Night,0.10_plus,plus_151_to_plus_200,1.0_to_1.9,5_to_9.9,0.20_plus,50_to_54.9,50_to_54.9,9.0_to_9.5,-1.5
63303511,baseball,mlb,2026_07_31,07:10 PM,Cleveland Guardians,Arizona Diamondbacks,run_line,home,-1.5,home_run_line,144.0,0.4115357209647687,0.0041471591540356,0.0028799716347469,False,824407,1,final,2026-08-28T17:43:21.077345+00:00,1,4,5,-1.5,1.5,8.5,Loss,HOME,0.0041471591540356,144.0,,-1.5,8.5,0.0028799716347469,0.4115357209647687,Night,0.00_to_0.0099,plus_126_to_plus_150,1.0_to_1.9,5_to_9.9,0.001_to_0.0099,<50,<50,8.5_to_9.0,-1.5
63299357,baseball,mlb,2026_08_01,03:07 PM,Toronto Blue Jays,St Louis Cardinals,run_line,home,-1.5,home_run_line,144.0,0.4306333797751982,0.0507454466514836,0.0352398935079747,False,,,final,2026-08-28T17:43:21.077345+00:00,5,1,6,,,,Win,HOME,0.0507454466514836,144.0,,,,0.0352398935079747,0.4306333797751982,Day,0.05_to_0.0749,plus_126_to_plus_150,UNBUCKETED,UNBUCKETED,0.03_to_0.0499,<50,<50,UNBUCKETED,UNBUCKETED
63300907,baseball,mlb,2026_08_01,09:38 PM,Los Angeles Angels,Milwaukee Brewers,run_line,away,-1.5,away_run_line,134.0,0.5487989325907655,0.2841895022623912,0.2120817181062621,False,824000,1,final,2026-08-28T17:43:21.077345+00:00,1,3,4,1.5,-1.5,8.5,Win,AWAY,0.2841895022623912,134.0,,-1.5,8.5,0.2120817181062621,0.5487989325907655,Night,0.10_plus,plus_126_to_plus_150,1.0_to_1.9,5_to_9.9,0.20_plus,50_to_54.9,50_to_54.9,8.5_to_9.0,-1.5
63301147,baseball,mlb,2026_08_01,07:10 PM,Houston Astros,Texas Rangers,run_line,away,-1.5,away_run_line,127.0,0.4507426986104956,0.0231859258458249,0.0182566345242716,False,824162,1,final,2026-08-28T17:43:21.077345+00:00,5,4,9,1.5,-1.5,8.5,Loss,AWAY,0.0231859258458249,127.0,,-1.5,8.5,0.0182566345242716,0.4507426986104956,Night,0.02_to_0.0299,plus_126_to_plus_150,1.0_to_1.9,5_to_9.9,0.01_to_0.0199,<50,<50,8.5_to_9.0,-1.5
63301167,baseball,mlb,2026_08_01,06:40 PM,Cincinnati Reds,Pittsburgh Pirates,run_line,home,1.5,home_run_line,-163.0,0.7483627903118208,0.2074810665767417,0.3381941385200889,False,824485,1,final,2026-08-28T17:43:21.077345+00:00,1,4,5,1.5,-1.5,8.5,Loss,HOME,0.2074810665767417,-163.0,,1.5,8.5,0.3381941385200889,0.7483627903118208,Night,0.10_plus,minus_199_to_minus_150,1.0_to_1.9,5_to_9.9,0.20_plus,70_to_74.9,70_to_74.9,8.5_to_9.0,+1.5
63301233,baseball,mlb,2026_08_01,07:15 PM,Chicago Cubs,New York Yankees,run_line,home,1.5,home_run_line,-175.0,0.6431970746497448,0.0107382601638847,0.0187919552867982,False,824649,1,final,2026-08-28T17:43:21.077345+00:00,5,2,7,1.5,-1.5,6.5,Win,HOME,0.0107382601638847,-175.0,,1.5,6.5,0.0187919552867982,0.6431970746497448,Night,0.01_to_0.0199,minus_199_to_minus_150,1.0_to_1.9,5_to_9.9,0.01_to_0.0199,60_to_64.9,60_to_64.9,6.5_to_7.0,+1.5
63301661,baseball,mlb,2026_08_01,08:10 PM,Colorado Rockies,Kansas City Royals,run_line,away,-1.5,away_run_line,146.0,0.4097858164655148,0.0080731085051664,0.0055295263734016,False,824326,1,final,2026-08-28T17:43:21.077345+00:00,12,6,18,1.5,-1.5,11.5,Loss,AWAY,0.0080731085051664,146.0,,-1.5,11.5,0.0055295263734016,0.4097858164655148,Night,0.00_to_0.0099,plus_126_to_plus_150,1.0_to_1.9,10_to_14.9,0.001_to_0.0099,<50,<50,11.5_to_12.0,-1.5
63301679,baseball,mlb,2026_08_01,04:30 PM,New York Mets,Miami Marlins,run_line,home,-1.5,home_run_line,154.0,0.4032480256377204,0.0242499851198096,0.015746743584292,False,823594,1,final,2026-08-28T17:43:21.077345+00:00,2,6,8,-1.5,1.5,9.0,Loss,HOME,0.0242499851198096,154.0,,-1.5,9.0,0.015746743584292,0.4032480256377204,Day,0.02_to_0.0299,plus_151_to_plus_200,1.0_to_1.9,5_to_9.9,0.01_to_0.0199,<50,<50,9.0_to_9.5,-1.5
63302015,baseball,mlb,2026_08_01,09:40 PM,Athletics,Detroit Tigers,moneyline,away,,away_moneyline,-138.0,0.6328615042243096,0.091456797140476,0.126210380053857,False,,,final,2026-08-28T17:43:21.077345+00:00,6,8,14,,,,Win,AWAY,0.091456797140476,-138.0,-138.0,,,0.126210380053857,0.6328615042243096,Night,0.075_to_0.0999,minus_149_to_minus_125,UNBUCKETED,UNBUCKETED,0.10_to_0.1499,60_to_64.9,60_to_64.9,UNBUCKETED,UNBUCKETED
63302105,baseball,mlb,2026_08_01,07:15 PM,Cleveland Guardians,Arizona Diamondbacks,run_line,home,-1.5,home_run_line,129.0,0.4998982121766522,0.1447669058845335,0.1122224076624291,False,824405,1,final,2026-08-28T17:43:21.077345+00:00,8,12,20,-1.5,1.5,8.5,Loss,HOME,0.1447669058845335,129.0,,-1.5,8.5,0.1122224076624291,0.4998982121766522,Night,0.10_plus,plus_126_to_plus_150,1.0_to_1.9,5_to_9.9,0.10_to_0.1499,<50,<50,8.5_to_9.0,-1.5
63302117,baseball,mlb,2026_08_01,07:15 PM,Atlanta Braves,Washington Nationals,run_line,home,-1.5,home_run_line,108.0,0.6208440225531884,0.2913555669106318,0.2697736730653999,False,824890,1,final,2026-08-28T17:43:21.077345+00:00,8,3,11,-1.5,1.5,9.5,Win,HOME,0.2913555669106318,108.0,,-1.5,9.5,0.2697736730653999,0.6208440225531884,Night,0.10_plus,plus_101_to_plus_125,1.0_to_1.9,5_to_9.9,0.20_plus,60_to_64.9,60_to_64.9,9.5_to_10.0,-1.5
63302391,baseball,mlb,2026_08_01,08:40 PM,San Diego Padres,San Francisco Giants,run_line,away,1.5,away_run_line,-169.0,0.6514639116583893,0.0369455161899805,0.0624379223610672,False,823269,1,final,2026-08-28T17:43:21.077345+00:00,6,5,11,-1.5,1.5,8.5,Win,AWAY,0.0369455161899805,-169.0,,1.5,8.5,0.0624379223610672,0.6514639116583893,Night,0.03_to_0.0399,minus_199_to_minus_150,1.0_to_1.9,5_to_9.9,0.05_to_0.0999,65_to_69.9,65_to_69.9,8.5_to_9.0,+1.5
63302417,baseball,mlb,2026_08_01,07:05 PM,Baltimore Orioles,Philadelphia Phillies,run_line,home,1.5,home_run_line,-144.0,0.6255125737051104,0.0598963054447703,0.0862506798404692,False,824808,1,final,2026-08-28T17:43:21.077345+00:00,0,5,5,1.5,-1.5,8.0,Loss,HOME,0.0598963054447703,-144.0,,1.5,8.0,0.0862506798404692,0.6255125737051104,Night,0.05_to_0.0749,minus_149_to_minus_125,1.0_to_1.9,5_to_9.9,0.05_to_0.0999,60_to_64.9,60_to_64.9,8.0_to_8.5,+1.5
63303317,baseball,mlb,2026_08_01,04:10 PM,Seattle Mariners,Minnesota Twins,run_line,away,1.5,away_run_line,-156.0,0.683060069100079,0.1209190877539756,0.1886337768962022,False,823109,1,final,2026-08-28T17:43:21.077345+00:00,4,3,7,-1.5,1.5,7.5,Win,AWAY,0.1209190877539756,-156.0,,1.5,7.5,0.1886337768962022,0.683060069100079,Day,0.10_plus,minus_199_to_minus_150,1.0_to_1.9,5_to_9.9,0.15_to_0.1999,65_to_69.9,65_to_69.9,7.5_to_8.0,+1.5
63303555,baseball,mlb,2026_08_01,04:10 PM,Tampa Bay Rays,Chicago White Sox,run_line,away,1.5,away_run_line,-142.0,0.7882775088542042,0.3434025150895592,0.4876315714271743,False,822944,1,final,2026-08-28T17:43:21.077345+00:00,1,0,1,-1.5,1.5,8.0,Win,AWAY,0.3434025150895592,-142.0,,1.5,8.0,0.4876315714271743,0.7882775088542042,Day,0.10_plus,minus_149_to_minus_125,1.0_to_1.9,5_to_9.9,0.20_plus,75_to_79.9,75_to_79.9,8.0_to_8.5,+1.5
63303681,baseball,mlb,2026_08_01,09:10 PM,Los Angeles Dodgers,Boston Red Sox,run_line,away,1.5,away_run_line,-156.0,0.654044569610923,0.0733039091051044,0.114354098203963,False,823920,1,final,2026-08-28T17:43:21.077345+00:00,2,3,5,-1.5,1.5,8.0,Win,AWAY,0.0733039091051044,-156.0,,1.5,8.0,0.114354098203963,0.654044569610923,Night,0.05_to_0.0749,minus_199_to_minus_150,1.0_to_1.9,5_to_9.9,0.10_to_0.1499,65_to_69.9,65_to_69.9,8.0_to_8.5,+1.5
63299353,baseball,mlb,2026_08_02,01:35 PM,Atlanta Braves,Washington Nationals,run_line,home,-1.5,home_run_line,159.0,0.4272669508647673,0.1066214027397471,0.067057485999841,False,824891,1,final,2026-08-28T17:43:21.077345+00:00,4,2,6,-1.5,1.5,9.0,Win,HOME,0.1066214027397471,159.0,,-1.5,9.0,0.067057485999841,0.4272669508647673,Day,0.10_plus,plus_151_to_plus_200,1.0_to_1.9,5_to_9.9,0.05_to_0.0999,<50,<50,9.0_to_9.5,-1.5
63301071,baseball,mlb,2026_08_02,04:05 PM,Athletics,Detroit Tigers,total,under,11.0,under_total,-112.0,0.7390081031873046,0.4894305600494135,0.6027693930589028,False,,,final,2026-08-28T17:43:21.077345+00:00,0,11,11,,,,Push,UNDER,0.4894305600494135,-112.0,,,,0.6027693930589028,0.7390081031873046,Day,0.10_plus,minus_124_to_minus_110,UNBUCKETED,UNBUCKETED,0.20_plus,70_to_74.9,70_to_74.9,UNBUCKETED,UNBUCKETED
63301149,baseball,mlb,2026_08_02,01:40 PM,Cleveland Guardians,Arizona Diamondbacks,run_line,home,-1.5,home_run_line,141.0,0.4264046440595779,0.0276351921835829,0.0195994270805551,False,824404,1,final,2026-08-28T17:43:21.077345+00:00,5,0,5,-1.5,1.5,8.0,Win,HOME,0.0276351921835829,141.0,,-1.5,8.0,0.0195994270805551,0.4264046440595779,Day,0.02_to_0.0299,plus_126_to_plus_150,1.0_to_1.9,5_to_9.9,0.01_to_0.0199,<50,<50,8.0_to_8.5,-1.5
63301169,baseball,mlb,2026_08_02,07:20 PM,Los Angeles Dodgers,Boston Red Sox,run_line,home,-1.5,home_run_line,120.0,0.5484958054707791,0.2066907720357143,0.1722423100297617,False,823919,1,final,2026-08-28T17:43:21.077345+00:00,4,8,12,-1.5,1.5,9.0,Loss,HOME,0.2066907720357143,120.0,,-1.5,9.0,0.1722423100297617,0.5484958054707791,Night,0.10_plus,plus_101_to_plus_125,1.0_to_1.9,5_to_9.9,0.15_to_0.1999,50_to_54.9,50_to_54.9,9.0_to_9.5,-1.5
63301671,baseball,mlb,2026_08_02,01:35 PM,Baltimore Orioles,Philadelphia Phillies,run_line,home,1.5,home_run_line,-149.0,0.6118920580032345,0.0225578687436602,0.0336112244280539,False,824807,1,final,2026-08-28T17:43:21.077345+00:00,0,5,5,1.5,-1.5,8.0,Loss,HOME,0.0225578687436602,-149.0,,1.5,8.0,0.0336112244280539,0.6118920580032345,Day,0.02_to_0.0299,minus_149_to_minus_125,1.0_to_1.9,5_to_9.9,0.03_to_0.0499,60_to_64.9,60_to_64.9,8.0_to_8.5,+1.5
63301795,baseball,mlb,2026_08_02,03:10 PM,Colorado Rockies,Kansas City Royals,run_line,home,1.5,home_run_line,-181.0,0.7420655824143141,0.1520465671736035,0.2752042865842225,False,824323,1,final,2026-08-28T17:43:21.077345+00:00,8,1,9,1.5,-1.5,12.0,Win,HOME,0.1520465671736035,-181.0,,1.5,12.0,0.2752042865842225,0.7420655824143141,Day,0.10_plus,minus_199_to_minus_150,1.0_to_1.9,10_to_14.9,0.20_plus,70_to_74.9,70_to_74.9,12.0_to_12.5,+1.5
63301809,baseball,mlb,2026_08_02,04:10 PM,Seattle Mariners,Minnesota Twins,run_line,home,-1.5,home_run_line,156.0,0.4264733259641966,0.0917717144683434,0.0588280220950919,False,823107,1,final,2026-08-28T17:43:21.077345+00:00,7,6,13,-1.5,1.5,7.0,Loss,HOME,0.0917717144683434,156.0,,-1.5,7.0,0.0588280220950919,0.4264733259641966,Day,0.075_to_0.0999,plus_151_to_plus_200,1.0_to_1.9,5_to_9.9,0.05_to_0.0999,<50,<50,7.0_to_7.5,-1.5
63301987,baseball,mlb,2026_08_02,02:20 PM,Chicago Cubs,New York Yankees,moneyline,away,,away_moneyline,-131.0,0.6189136995487445,0.0913669053111447,0.1196906459575997,False,824648,1,final,2026-08-28T17:43:21.077345+00:00,1,2,3,1.5,-1.5,6.5,Win,AWAY,0.0913669053111447,-131.0,-131.0,-1.5,6.5,0.1196906459575997,0.6189136995487445,Day,0.075_to_0.0999,minus_149_to_minus_125,1.0_to_1.9,5_to_9.9,0.10_to_0.1499,60_to_64.9,60_to_64.9,6.5_to_7.0,-1.5
63302101,baseball,mlb,2026_08_02,03:15 PM,Los Angeles Angels,Milwaukee Brewers,run_line,home,1.5,home_run_line,112.0,0.6415510965292526,0.3600883246420154,0.3215074327160853,False,823996,1,final,2026-08-28T17:43:21.077345+00:00,3,0,3,1.5,-1.5,7.5,Win,HOME,0.3600883246420154,112.0,,1.5,7.5,0.3215074327160853,0.6415510965292526,Day,0.10_plus,plus_101_to_plus_125,1.0_to_1.9,5_to_9.9,0.20_plus,60_to_64.9,60_to_64.9,7.5_to_8.0,+1.5
63303081,baseball,mlb,2026_08_02,02:10 PM,Houston Astros,Texas Rangers,run_line,away,1.5,away_run_line,-200.0,0.6740630004279468,0.01109450064192,0.0221890012838402,False,824163,1,final,2026-08-28T17:43:21.077345+00:00,7,3,10,-1.5,1.5,8.5,Loss,AWAY,0.01109450064192,-200.0,,1.5,8.5,0.0221890012838402,0.6740630004279468,Day,0.01_to_0.0199,minus_200_or_lower,1.0_to_1.9,5_to_9.9,0.02_to_0.0299,65_to_69.9,65_to_69.9,8.5_to_9.0,+1.5
63303213,baseball,mlb,2026_08_02,01:37 PM,Toronto Blue Jays,St Louis Cardinals,run_line,away,-1.5,away_run_line,158.0,0.3964771636889816,0.0229110823175726,0.0145006850111219,False,,,final,2026-08-28T17:43:21.077345+00:00,1,5,6,,,,Win,AWAY,0.0229110823175726,158.0,,,,0.0145006850111219,0.3964771636889816,Day,0.02_to_0.0299,plus_151_to_plus_200,UNBUCKETED,UNBUCKETED,0.01_to_0.0199,<50,<50,UNBUCKETED,UNBUCKETED
63303603,baseball,mlb,2026_08_02,01:40 PM,New York Mets,Miami Marlins,run_line,away,-1.5,away_run_line,136.0,0.4371597850578341,0.0316970927364885,0.0233066858356534,False,823592,1,final,2026-08-28T17:43:21.077345+00:00,0,2,2,1.5,-1.5,8.5,Win,AWAY,0.0316970927364885,136.0,,-1.5,8.5,0.0233066858356534,0.4371597850578341,Day,0.03_to_0.0399,plus_126_to_plus_150,1.0_to_1.9,5_to_9.9,0.02_to_0.0299,<50,<50,8.5_to_9.0,-1.5
63303653,baseball,mlb,2026_08_02,01:40 PM,Cincinnati Reds,Pittsburgh Pirates,run_line,away,1.5,away_run_line,-163.0,0.6849919582506832,0.1052324234351513,0.1715288501992967,False,824483,1,final,2026-08-28T17:43:21.077345+00:00,10,2,12,-1.5,1.5,8.5,Loss,AWAY,0.1052324234351513,-163.0,,1.5,8.5,0.1715288501992967,0.6849919582506832,Day,0.10_plus,minus_199_to_minus_150,1.0_to_1.9,5_to_9.9,0.15_to_0.1999,65_to_69.9,65_to_69.9,8.5_to_9.0,+1.5
63299229,baseball,mlb,2026_08_03,08:40 PM,Colorado Rockies,Tampa Bay Rays,run_line,home,1.5,home_run_line,-105.0,0.7036866905963656,0.3738644911643327,0.3925577157225494,False,824324,1,final,2026-08-28T17:43:21.077345+00:00,9,13,22,1.5,-1.5,11.5,Loss,HOME,0.3738644911643327,-105.0,,1.5,11.5,0.3925577157225494,0.7036866905963656,Night,0.10_plus,minus_109_to_minus_101,1.0_to_1.9,10_to_14.9,0.20_plus,70_to_74.9,70_to_74.9,11.5_to_12.0,+1.5
63300865,baseball,mlb,2026_08_03,07:40 PM,Milwaukee Brewers,Pittsburgh Pirates,run_line,home,-1.5,home_run_line,139.0,0.4898739494160683,0.1707987391044032,0.1228767907225923,False,823757,1,final,2026-08-28T17:43:21.077345+00:00,3,4,7,-1.5,1.5,8.0,Loss,HOME,0.1707987391044032,139.0,,-1.5,8.0,0.1228767907225923,0.4898739494160683,Night,0.10_plus,plus_126_to_plus_150,1.0_to_1.9,5_to_9.9,0.10_to_0.1499,<50,<50,8.0_to_8.5,-1.5
63301673,baseball,mlb,2026_08_03,09:40 PM,Arizona Diamondbacks,San Diego Padres,run_line,home,1.5,home_run_line,-196.0,0.6891312860258623,0.0407288809370163,0.0798286066365522,False,825095,1,final,2026-08-28T17:43:21.077345+00:00,5,1,6,1.5,-1.5,9.0,Win,HOME,0.0407288809370163,-196.0,,1.5,9.0,0.0798286066365522,0.6891312860258623,Night,0.04_to_0.0499,minus_199_to_minus_150,1.0_to_1.9,5_to_9.9,0.05_to_0.0999,65_to_69.9,65_to_69.9,9.0_to_9.5,+1.5
63302147,baseball,mlb,2026_08_03,08:05 PM,Texas Rangers,San Francisco Giants,run_line,home,-1.5,home_run_line,169.0,0.3912000956753809,0.0523282573667744,0.0309634658974997,False,822867,1,final,2026-08-28T17:43:21.077345+00:00,1,5,6,-1.5,1.5,8.0,Loss,HOME,0.0523282573667744,169.0,,-1.5,8.0,0.0309634658974997,0.3912000956753809,Night,0.05_to_0.0749,plus_151_to_plus_200,1.0_to_1.9,5_to_9.9,0.03_to_0.0499,<50,<50,8.0_to_8.5,-1.5
63302355,baseball,mlb,2026_08_03,08:05 PM,Chicago Cubs,Los Angeles Dodgers,run_line,home,1.5,home_run_line,-163.0,0.6495674089573175,0.0480750218145673,0.0783622855577449,False,824647,1,final,2026-08-28T17:43:21.077345+00:00,10,5,15,1.5,-1.5,8.0,Win,HOME,0.0480750218145673,-163.0,,1.5,8.0,0.0783622855577449,0.6495674089573175,Night,0.04_to_0.0499,minus_199_to_minus_150,1.0_to_1.9,5_to_9.9,0.05_to_0.0999,60_to_64.9,60_to_64.9,8.0_to_8.5,+1.5
63299265,baseball,mlb,2026_08_04,07:10 PM,Boston Red Sox,Chicago White Sox,run_line,home,-1.5,home_run_line,159.0,0.3977682387349693,0.0302197383235705,0.0190061247318052,False,824731,1,final,2026-08-28T17:43:21.077345+00:00,14,2,16,-1.5,1.5,9.0,Win,HOME,0.0302197383235705,159.0,,-1.5,9.0,0.0190061247318052,0.3977682387349693,Night,0.03_to_0.0399,plus_151_to_plus_200,1.0_to_1.9,5_to_9.9,0.01_to_0.0199,<50,<50,9.0_to_9.5,-1.5
63299399,baseball,mlb,2026_08_04,07:40 PM,Kansas City Royals,Minnesota Twins,run_line,home,1.5,home_run_line,-133.0,0.60785689089248,0.0648921472026153,0.0863065557794784,False,824084,1,final,2026-08-28T17:43:21.077345+00:00,8,2,10,1.5,-1.5,9.0,Win,HOME,0.0648921472026153,-133.0,,1.5,9.0,0.0863065557794784,0.60785689089248,Night,0.05_to_0.0749,minus_149_to_minus_125,1.0_to_1.9,5_to_9.9,0.05_to_0.0999,60_to_64.9,60_to_64.9,9.0_to_9.5,+1.5
63299443,baseball,mlb,2026_08_04,06:40 PM,Philadelphia Phillies,Washington Nationals,run_line,away,1.5,away_run_line,100.0,0.5769721722330761,0.1539443444661521,0.1539443444661521,False,823432,1,final,2026-08-28T17:43:21.077345+00:00,5,0,5,-1.5,1.5,9.0,Loss,AWAY,0.1539443444661521,100.0,,1.5,9.0,0.1539443444661521,0.5769721722330761,Night,0.10_plus,minus_100_to_plus_100,1.0_to_1.9,5_to_9.9,0.15_to_0.1999,55_to_59.9,55_to_59.9,9.0_to_9.5,+1.5
63301237,baseball,mlb,2026_08_04,08:40 PM,Colorado Rockies,Tampa Bay Rays,run_line,home,1.5,home_run_line,-126.0,0.5786625995818896,0.0379186309960875,0.0477774750550704,False,824321,1,final,2026-08-28T17:43:21.077345+00:00,7,9,16,1.5,-1.5,11.0,Loss,HOME,0.0379186309960875,-126.0,,1.5,11.0,0.0477774750550704,0.5786625995818896,Night,0.03_to_0.0399,minus_149_to_minus_125,1.0_to_1.9,10_to_14.9,0.03_to_0.0499,55_to_59.9,55_to_59.9,11.0_to_11.5,+1.5
63301281,baseball,mlb,2026_08_04,07:05 PM,New York Yankees,St Louis Cardinals,run_line,away,1.5,away_run_line,-144.0,0.7301556304018688,0.2372081515142776,0.3415797381805598,False,,,final,2026-08-28T17:43:21.077345+00:00,2,0,2,,,,Loss,AWAY,0.2372081515142776,-144.0,,,,0.3415797381805598,0.7301556304018688,Night,0.10_plus,minus_149_to_minus_125,UNBUCKETED,UNBUCKETED,0.20_plus,70_to_74.9,70_to_74.9,UNBUCKETED,UNBUCKETED
63301567,baseball,mlb,2026_08_04,06:40 PM,Cincinnati Reds,Athletics,run_line,away,1.5,away_run_line,-185.0,0.7332336895336126,0.1295762244166465,0.2397160151707958,False,,,final,2026-08-28T17:43:21.077345+00:00,5,4,9,,,,Win,AWAY,0.1295762244166465,-185.0,,,,0.2397160151707958,0.7332336895336126,Night,0.10_plus,minus_199_to_minus_150,UNBUCKETED,UNBUCKETED,0.20_plus,70_to_74.9,70_to_74.9,UNBUCKETED,UNBUCKETED
63301705,baseball,mlb,2026_08_04,08:10 PM,Houston Astros,Toronto Blue Jays,run_line,away,1.5,away_run_line,-192.0,0.7166872890046987,0.089961918694646,0.1727268838937206,False,824161,1,final,2026-08-28T17:43:21.077345+00:00,7,2,9,-1.5,1.5,8.5,Loss,AWAY,0.089961918694646,-192.0,,1.5,8.5,0.1727268838937206,0.7166872890046987,Night,0.075_to_0.0999,minus_199_to_minus_150,1.0_to_1.9,5_to_9.9,0.15_to_0.1999,70_to_74.9,70_to_74.9,8.5_to_9.0,+1.5
63301705,baseball,mlb,2026_08_04,08:10 PM,Houston Astros,Toronto Blue Jays,moneyline,away,,away_moneyline,108.0,0.5238400219567992,0.0895872456701425,0.08295115339828,False,824161,1,final,2026-08-28T17:43:21.077345+00:00,7,2,9,-1.5,1.5,8.5,Loss,AWAY,0.0895872456701425,108.0,108.0,1.5,8.5,0.08295115339828,0.5238400219567992,Night,0.075_to_0.0999,plus_101_to_plus_125,1.0_to_1.9,5_to_9.9,0.05_to_0.0999,50_to_54.9,50_to_54.9,8.5_to_9.0,+1.5
63301833,baseball,mlb,2026_08_04,07:15 PM,Atlanta Braves,Miami Marlins,run_line,home,-1.5,home_run_line,136.0,0.4835174994256201,0.1411012986444635,0.103750954885635,False,824888,1,final,2026-08-28T17:43:21.077345+00:00,4,2,6,-1.5,1.5,9.0,Win,HOME,0.1411012986444635,136.0,,-1.5,9.0,0.103750954885635,0.4835174994256201,Night,0.10_plus,plus_126_to_plus_150,1.0_to_1.9,5_to_9.9,0.10_to_0.1499,<50,<50,9.0_to_9.5,-1.5
63302573,baseball,mlb,2026_08_04,07:40 PM,Milwaukee Brewers,Pittsburgh Pirates,run_line,away,1.5,away_run_line,-166.0,0.6441542731129695,0.0321990159521077,0.0534503664804987,False,823756,1,final,2026-08-28T17:43:21.077345+00:00,4,2,6,-1.5,1.5,7.5,Loss,AWAY,0.0321990159521077,-166.0,,1.5,7.5,0.0534503664804987,0.6441542731129695,Night,0.03_to_0.0399,minus_199_to_minus_150,1.0_to_1.9,5_to_9.9,0.05_to_0.0999,60_to_64.9,60_to_64.9,7.5_to_8.0,+1.5
63302913,baseball,mlb,2026_08_04,08:05 PM,Chicago Cubs,Los Angeles Dodgers,run_line,home,1.5,home_run_line,104.0,0.558613023190764,0.1395705673091585,0.1342024685664986,False,824645,1,final,2026-08-28T17:43:21.077345+00:00,5,1,6,1.5,-1.5,9.0,Win,HOME,0.1395705673091585,104.0,,1.5,9.0,0.1342024685664986,0.558613023190764,Night,0.10_plus,plus_101_to_plus_125,1.0_to_1.9,5_to_9.9,0.10_to_0.1499,55_to_59.9,55_to_59.9,9.0_to_9.5,+1.5
63303113,baseball,mlb,2026_08_04,09:40 PM,Arizona Diamondbacks,San Diego Padres,run_line,away,1.5,away_run_line,-196.0,0.8233461291846337,0.2434206848910793,0.4771045423865157,False,825054,1,final,2026-08-28T17:43:21.077345+00:00,4,9,13,-1.5,1.5,8.5,Win,AWAY,0.2434206848910793,-196.0,,1.5,8.5,0.4771045423865157,0.8233461291846337,Night,0.10_plus,minus_199_to_minus_150,1.0_to_1.9,5_to_9.9,0.20_plus,80_plus,80_plus,8.5_to_9.0,+1.5
63303169,baseball,mlb,2026_08_04,06:35 PM,Baltimore Orioles,Los Angeles Angels,run_line,away,1.5,away_run_line,-169.0,0.6685556010920044,0.0641506313239597,0.1084145669374917,False,824805,1,final,2026-08-28T17:43:21.077345+00:00,3,1,4,-1.5,1.5,8.5,Loss,AWAY,0.0641506313239597,-169.0,,1.5,8.5,0.1084145669374917,0.6685556010920044,Night,0.05_to_0.0749,minus_199_to_minus_150,1.0_to_1.9,5_to_9.9,0.10_to_0.1499,65_to_69.9,65_to_69.9,8.5_to_9.0,+1.5
63303209,baseball,mlb,2026_08_04,06:40 PM,Cleveland Guardians,New York Mets,run_line,home,-1.5,home_run_line,139.0,0.5086691092940889,0.2157191712128725,0.1551936483545846,False,824403,1,final,2026-08-28T17:43:21.077345+00:00,2,6,8,-1.5,1.5,7.5,Loss,HOME,0.2157191712128725,139.0,,-1.5,7.5,0.1551936483545846,0.5086691092940889,Night,0.10_plus,plus_126_to_plus_150,1.0_to_1.9,5_to_9.9,0.15_to_0.1999,50_to_54.9,50_to_54.9,7.5_to_8.0,-1.5
63303775,baseball,mlb,2026_08_04,09:40 PM,Seattle Mariners,Detroit Tigers,run_line,home,-1.5,home_run_line,144.0,0.603142460449504,0.4716676034967897,0.3275469468727707,False,823108,1,final,2026-08-28T17:43:21.077345+00:00,0,8,8,-1.5,1.5,8.0,Loss,HOME,0.4716676034967897,144.0,,-1.5,8.0,0.3275469468727707,0.603142460449504,Night,0.10_plus,plus_126_to_plus_150,1.0_to_1.9,5_to_9.9,0.20_plus,60_to_64.9,60_to_64.9,8.0_to_8.5,-1.5
63303871,baseball,mlb,2026_08_04,08:05 PM,Texas Rangers,San Francisco Giants,run_line,away,1.5,away_run_line,-125.0,0.5871515303536559,0.0568727546365805,0.0710909432957257,False,822865,1,final,2026-08-28T17:43:21.077345+00:00,5,4,9,-1.5,1.5,8.0,Win,AWAY,0.0568727546365805,-125.0,,1.5,8.0,0.0710909432957257,0.5871515303536559,Night,0.05_to_0.0749,minus_149_to_minus_125,1.0_to_1.9,5_to_9.9,0.05_to_0.0999,55_to_59.9,55_to_59.9,8.0_to_8.5,+1.5
63300955,baseball,mlb,2026_08_05,09:40 PM,Arizona Diamondbacks,San Diego Padres,run_line,home,1.5,home_run_line,-156.0,0.6276253005841094,0.0299492112149486,0.0467207694953198,False,825052,1,final,2026-08-28T17:43:21.077345+00:00,10,4,14,1.5,-1.5,8.5,Win,HOME,0.0299492112149486,-156.0,,1.5,8.5,0.0467207694953198,0.6276253005841094,Night,0.02_to_0.0299,minus_199_to_minus_150,1.0_to_1.9,5_to_9.9,0.03_to_0.0499,60_to_64.9,60_to_64.9,8.5_to_9.0,+1.5
63301505,baseball,mlb,2026_08_05,07:40 PM,Kansas City Royals,Minnesota Twins,run_line,home,1.5,home_run_line,-192.0,0.796904646044795,0.211959149193126,0.4069615664508018,False,824082,1,final,2026-08-28T17:43:21.077345+00:00,2,1,3,1.5,-1.5,8.5,Win,HOME,0.211959149193126,-192.0,,1.5,8.5,0.4069615664508018,0.796904646044795,Night,0.10_plus,minus_199_to_minus_150,1.0_to_1.9,5_to_9.9,0.20_plus,75_to_79.9,75_to_79.9,8.5_to_9.0,+1.5
63301735,baseball,mlb,2026_08_05,09:40 PM,Seattle Mariners,Detroit Tigers,run_line,home,-1.5,home_run_line,136.0,0.5033369629903084,0.187875232657128,0.1381435534243587,False,823106,1,final,2026-08-28T17:43:21.077345+00:00,4,2,6,-1.5,1.5,7.5,Win,HOME,0.187875232657128,136.0,,-1.5,7.5,0.1381435534243587,0.5033369629903084,Night,0.10_plus,plus_126_to_plus_150,1.0_to_1.9,5_to_9.9,0.10_to_0.1499,50_to_54.9,50_to_54.9,7.5_to_8.0,-1.5
63302129,baseball,mlb,2026_08_05,06:40 PM,Cincinnati Reds,Athletics,run_line,away,1.5,away_run_line,-156.0,0.6810204613972869,0.1175720392160604,0.1834123811770544,False,,,final,2026-08-28T17:43:21.077345+00:00,3,2,5,,,,Win,AWAY,0.1175720392160604,-156.0,,,,0.1834123811770544,0.6810204613972869,Night,0.10_plus,minus_199_to_minus_150,UNBUCKETED,UNBUCKETED,0.15_to_0.1999,65_to_69.9,65_to_69.9,UNBUCKETED,UNBUCKETED
63302215,baseball,mlb,2026_08_05,07:40 PM,Milwaukee Brewers,Pittsburgh Pirates,run_line,home,-1.5,home_run_line,163.0,0.576954097040179,0.5173892752156706,0.3174167332611476,False,823753,1,final,2026-08-28T17:43:21.077345+00:00,4,2,6,-1.5,1.5,7.0,Win,HOME,0.5173892752156706,163.0,,-1.5,7.0,0.3174167332611476,0.576954097040179,Night,0.10_plus,plus_151_to_plus_200,1.0_to_1.9,5_to_9.9,0.20_plus,55_to_59.9,55_to_59.9,7.0_to_7.5,-1.5
63302307,baseball,mlb,2026_08_05,07:05 PM,Philadelphia Phillies,Washington Nationals,run_line,home,-1.5,home_run_line,104.0,0.5199771045540124,0.0607532932901853,0.0584166281636396,False,823429,1,final,2026-08-28T17:43:21.077345+00:00,4,10,14,-1.5,1.5,9.5,Loss,HOME,0.0607532932901853,104.0,,-1.5,9.5,0.0584166281636396,0.5199771045540124,Night,0.05_to_0.0749,plus_101_to_plus_125,1.0_to_1.9,5_to_9.9,0.05_to_0.0999,50_to_54.9,50_to_54.9,9.5_to_10.0,-1.5
63302777,baseball,mlb,2026_08_05,07:15 PM,Atlanta Braves,Miami Marlins,run_line,away,1.5,away_run_line,-196.0,0.7313461790727369,0.1044819847220923,0.2047846900553011,False,824889,1,final,2026-08-28T17:43:21.077345+00:00,4,1,5,-1.5,1.5,8.5,Loss,AWAY,0.1044819847220923,-196.0,,1.5,8.5,0.2047846900553011,0.7313461790727369,Night,0.10_plus,minus_199_to_minus_150,1.0_to_1.9,5_to_9.9,0.20_plus,70_to_74.9,70_to_74.9,8.5_to_9.0,+1.5
63303153,baseball,mlb,2026_08_05,08:05 PM,New York Yankees,St Louis Cardinals,run_line,away,1.5,away_run_line,-156.0,0.6119187023621301,0.0041742807993929,0.0065118780470529,False,,,final,2026-08-28T17:43:21.077345+00:00,1,3,4,,,,Win,AWAY,0.0041742807993929,-156.0,,,,0.0065118780470529,0.6119187023621301,Night,0.00_to_0.0099,minus_199_to_minus_150,UNBUCKETED,UNBUCKETED,0.001_to_0.0099,60_to_64.9,60_to_64.9,UNBUCKETED,UNBUCKETED
63303799,baseball,mlb,2026_08_05,07:10 PM,Boston Red Sox,Chicago White Sox,run_line,home,-1.5,home_run_line,152.0,0.4045932297879098,0.0195749390655326,0.0128782493852188,False,824728,1,final,2026-08-28T17:43:21.077345+00:00,4,0,4,-1.5,1.5,8.0,Win,HOME,0.0195749390655326,152.0,,-1.5,8.0,0.0128782493852188,0.4045932297879098,Night,0.01_to_0.0199,plus_151_to_plus_200,1.0_to_1.9,5_to_9.9,0.01_to_0.0199,<50,<50,8.0_to_8.5,-1.5
63303629,baseball,mlb,2026_08_06,09:40 PM,Arizona Diamondbacks,San Diego Padres,run_line,away,-1.5,away_run_line,149.0,0.5049807838912292,0.2574021518891609,0.1727531220732623,False,825053,1,final,2026-08-28T17:43:21.077345+00:00,1,5,6,1.5,-1.5,9.0,Win,AWAY,0.2574021518891609,149.0,,-1.5,9.0,0.1727531220732623,0.5049807838912292,Night,0.10_plus,plus_126_to_plus_150,1.0_to_1.9,5_to_9.9,0.15_to_0.1999,50_to_54.9,50_to_54.9,9.0_to_9.5,-1.5
63299197,baseball,mlb,2026_08_07,10:15 PM,San Francisco Giants,Detroit Tigers,moneyline,away,,away_moneyline,-121.0,0.5987030838748587,0.0934990209615189,0.1131338153634379,False,823191,1,final,2026-08-28T17:43:21.077345+00:00,5,2,7,1.5,-1.5,8.5,Loss,AWAY,0.0934990209615189,-121.0,-121.0,-1.5,8.5,0.1131338153634379,0.5987030838748587,Night,0.075_to_0.0999,minus_124_to_minus_110,1.0_to_1.9,5_to_9.9,0.10_to_0.1499,55_to_59.9,55_to_59.9,8.5_to_9.0,-1.5
63302281,baseball,mlb,2026_08_07,09:40 PM,Arizona Diamondbacks,Los Angeles Dodgers,moneyline,away,,away_moneyline,-188.0,0.7129134709892663,0.0921227640686632,0.1731907964490868,False,825051,1,final,2026-08-28T17:43:21.077345+00:00,4,3,7,1.5,-1.5,9.0,Loss,AWAY,0.0921227640686632,-188.0,-188.0,-1.5,9.0,0.1731907964490868,0.7129134709892663,Night,0.075_to_0.0999,minus_199_to_minus_150,1.0_to_1.9,5_to_9.9,0.15_to_0.1999,70_to_74.9,70_to_74.9,9.0_to_9.5,-1.5
63303359,baseball,mlb,2026_08_07,09:45 PM,Seattle Mariners,Tampa Bay Rays,run_line,away,-1.5,away_run_line,174.0,0.4343047249783944,0.1899949464408008,0.1091924979544832,False,823103,1,final,2026-08-28T17:43:21.077345+00:00,1,2,3,1.5,-1.5,7.0,Loss,AWAY,0.1899949464408008,174.0,,-1.5,7.0,0.1091924979544832,0.4343047249783944,Night,0.10_plus,plus_151_to_plus_200,1.0_to_1.9,5_to_9.9,0.10_to_0.1499,<50,<50,7.0_to_7.5,-1.5
63301611,baseball,mlb,2026_08_10,09:40 PM,Arizona Diamondbacks,Colorado Rockies,run_line,away,1.5,away_run_line,-142.0,0.7130770383860121,0.2152439668268657,0.3056464328941492,False,825048,1,final,2026-08-28T17:43:21.077345+00:00,9,0,9,-1.5,1.5,8.5,Loss,AWAY,0.2152439668268657,-142.0,,1.5,8.5,0.3056464328941492,0.7130770383860121,Night,0.10_plus,minus_149_to_minus_125,1.0_to_1.9,5_to_9.9,0.20_plus,70_to_74.9,70_to_74.9,8.5_to_9.0,+1.5
63301787,baseball,mlb,2026_08_10,09:40 PM,Athletics,Tampa Bay Rays,run_line,home,1.5,home_run_line,-120.0,0.7017009762968303,0.286451789877522,0.3437421478530265,False,,,final,2026-08-28T17:43:21.077345+00:00,6,10,16,,,,Loss,HOME,0.286451789877522,-120.0,,,,0.3437421478530265,0.7017009762968303,Night,0.10_plus,minus_124_to_minus_110,UNBUCKETED,UNBUCKETED,0.20_plus,70_to_74.9,70_to_74.9,UNBUCKETED,UNBUCKETED
63302511,baseball,mlb,2026_08_10,09:40 PM,San Diego Padres,Milwaukee Brewers,run_line,home,1.5,home_run_line,-188.0,0.671392012394818,0.0285154232431255,0.0536089956970759,False,823265,1,final,2026-08-28T17:43:21.077345+00:00,3,2,5,1.5,-1.5,7.5,Win,HOME,0.0285154232431255,-188.0,,1.5,7.5,0.0536089956970759,0.671392012394818,Night,0.02_to_0.0299,minus_199_to_minus_150,1.0_to_1.9,5_to_9.9,0.05_to_0.0999,65_to_69.9,65_to_69.9,7.5_to_8.0,+1.5
63302689,baseball,mlb,2026_08_10,10:10 PM,Los Angeles Dodgers,Kansas City Royals,run_line,away,1.5,away_run_line,120.0,0.610917062406787,0.3440175372949314,0.2866812810791096,False,823918,1,final,2026-08-28T17:43:21.077345+00:00,6,5,11,-1.5,1.5,7.5,Win,AWAY,0.3440175372949314,120.0,,1.5,7.5,0.2866812810791096,0.610917062406787,Night,0.10_plus,plus_101_to_plus_125,1.0_to_1.9,5_to_9.9,0.20_plus,60_to_64.9,60_to_64.9,7.5_to_8.0,+1.5
63303747,baseball,mlb,2026_08_10,09:38 PM,Los Angeles Angels,Texas Rangers,run_line,home,1.5,home_run_line,-169.0,0.6567839783695091,0.0454135513692184,0.0767489018139793,False,823998,1,final,2026-08-28T17:43:21.077345+00:00,1,4,5,1.5,-1.5,8.0,Loss,HOME,0.0454135513692184,-169.0,,1.5,8.0,0.0767489018139793,0.6567839783695091,Night,0.04_to_0.0499,minus_199_to_minus_150,1.0_to_1.9,5_to_9.9,0.05_to_0.0999,65_to_69.9,65_to_69.9,8.0_to_8.5,+1.5
63299331,baseball,mlb,2026_08_11,07:45 PM,St Louis Cardinals,Philadelphia Phillies,run_line,home,1.5,home_run_line,-120.0,0.6418829422736341,0.176785394168329,0.2121424730019948,False,,,final,2026-08-28T17:43:21.077345+00:00,2,0,2,,,,Win,HOME,0.176785394168329,-120.0,,,,0.2121424730019948,0.6418829422736341,Night,0.10_plus,minus_124_to_minus_110,UNBUCKETED,UNBUCKETED,0.20_plus,60_to_64.9,60_to_64.9,UNBUCKETED,UNBUCKETED
63299389,baseball,mlb,2026_08_11,10:10 PM,Los Angeles Dodgers,Kansas City Royals,run_line,home,-1.5,home_run_line,-120.0,0.5740736739563015,0.0524684022532193,0.0629620827038632,False,823917,1,final,2026-08-28T17:43:21.077345+00:00,5,4,9,-1.5,1.5,8.0,Loss,HOME,0.0524684022532193,-120.0,,-1.5,8.0,0.0629620827038632,0.5740736739563015,Night,0.05_to_0.0749,minus_124_to_minus_110,1.0_to_1.9,5_to_9.9,0.05_to_0.0999,55_to_59.9,55_to_59.9,8.0_to_8.5,-1.5
63299389,baseball,mlb,2026_08_11,10:10 PM,Los Angeles Dodgers,Kansas City Royals,moneyline,home,,home_moneyline,-277.0,0.7753717141829766,0.0552893005306216,0.1531513624698216,False,823917,1,final,2026-08-28T17:43:21.077345+00:00,5,4,9,-1.5,1.5,8.0,Win,HOME,0.0552893005306216,-277.0,-277.0,-1.5,8.0,0.1531513624698216,0.7753717141829766,Night,0.05_to_0.0749,minus_200_or_lower,1.0_to_1.9,5_to_9.9,0.15_to_0.1999,75_to_79.9,75_to_79.9,8.0_to_8.5,-1.5
63300869,baseball,mlb,2026_08_11,09:38 PM,Los Angeles Angels,Texas Rangers,run_line,away,-1.5,away_run_line,112.0,0.5095179936386751,0.0801781465139912,0.0715876308160636,False,823997,1,final,2026-08-28T17:43:21.077345+00:00,3,2,5,1.5,-1.5,9.0,Loss,AWAY,0.0801781465139912,112.0,,-1.5,9.0,0.0715876308160636,0.5095179936386751,Night,0.075_to_0.0999,plus_101_to_plus_125,1.0_to_1.9,5_to_9.9,0.05_to_0.0999,50_to_54.9,50_to_54.9,9.0_to_9.5,-1.5
63301047,baseball,mlb,2026_08_11,09:45 PM,San Francisco Giants,Houston Astros,run_line,away,-1.5,away_run_line,-116.0,0.6011479218849302,0.1193788890271112,0.1384795112714489,False,823186,1,final,2026-08-28T17:43:21.077345+00:00,4,1,5,1.5,-1.5,8.0,Loss,AWAY,0.1193788890271112,-116.0,,-1.5,8.0,0.1384795112714489,0.6011479218849302,Night,0.10_plus,minus_124_to_minus_110,1.0_to_1.9,5_to_9.9,0.10_to_0.1499,60_to_64.9,60_to_64.9,8.0_to_8.5,-1.5
63301259,baseball,mlb,2026_08_11,09:40 PM,San Diego Padres,Milwaukee Brewers,run_line,home,1.5,home_run_line,-149.0,0.6614414131326338,0.1053618246310457,0.1569891187002582,False,823264,1,final,2026-08-28T17:43:21.077345+00:00,11,2,13,1.5,-1.5,7.5,Win,HOME,0.1053618246310457,-149.0,,1.5,7.5,0.1569891187002582,0.6614414131326338,Night,0.10_plus,minus_149_to_minus_125,1.0_to_1.9,5_to_9.9,0.15_to_0.1999,65_to_69.9,65_to_69.9,7.5_to_8.0,+1.5
63302181,baseball,mlb,2026_08_11,07:40 PM,Chicago White Sox,Cincinnati Reds,run_line,away,1.5,away_run_line,-158.0,0.6406694288146565,0.0461564090770971,0.0729271263418135,False,824563,1,final,2026-08-28T17:43:21.077345+00:00,4,5,9,-1.5,1.5,8.0,Win,AWAY,0.0461564090770971,-158.0,,1.5,8.0,0.0729271263418135,0.6406694288146565,Night,0.04_to_0.0499,minus_199_to_minus_150,1.0_to_1.9,5_to_9.9,0.05_to_0.0999,60_to_64.9,60_to_64.9,8.0_to_8.5,+1.5
63303059,baseball,mlb,2026_08_11,09:40 PM,Arizona Diamondbacks,Colorado Rockies,run_line,away,1.5,away_run_line,-136.0,0.6708381345032814,0.1641014686968707,0.2231779974277442,False,825046,1,final,2026-08-28T17:43:21.077345+00:00,2,3,5,-1.5,1.5,9.0,Win,AWAY,0.1641014686968707,-136.0,,1.5,9.0,0.2231779974277442,0.6708381345032814,Night,0.10_plus,minus_149_to_minus_125,1.0_to_1.9,5_to_9.9,0.20_plus,65_to_69.9,65_to_69.9,9.0_to_9.5,+1.5
63299167,baseball,mlb,2026_08_12,10:10 PM,Los Angeles Angels,Texas Rangers,run_line,away,-1.5,away_run_line,127.0,0.4431751007418574,0.0060074786840162,0.0047302981763907,False,823994,1,final,2026-08-28T17:43:21.077345+00:00,5,2,7,1.5,-1.5,9.5,Loss,AWAY,0.0060074786840162,127.0,,-1.5,9.5,0.0047302981763907,0.4431751007418574,Night,0.00_to_0.0099,plus_126_to_plus_150,1.0_to_1.9,5_to_9.9,0.001_to_0.0099,<50,<50,9.5_to_10.0,-1.5
63301615,baseball,mlb,2026_08_12,10:10 PM,Los Angeles Dodgers,Kansas City Royals,run_line,away,1.5,away_run_line,-116.0,0.5813282793364907,0.082473347730017,0.0956690833668196,False,823916,1,final,2026-08-28T17:43:21.077345+00:00,4,2,6,-1.5,1.5,9.0,Loss,AWAY,0.082473347730017,-116.0,,1.5,9.0,0.0956690833668196,0.5813282793364907,Night,0.075_to_0.0999,minus_124_to_minus_110,1.0_to_1.9,5_to_9.9,0.05_to_0.0999,55_to_59.9,55_to_59.9,9.0_to_9.5,+1.5
63301163,baseball,mlb,2026_08_13,10:07 PM,Los Angeles Angels,Texas Rangers,run_line,home,1.5,home_run_line,-131.0,0.7453027453239791,0.3142361387010621,0.4116493416983915,False,823995,1,final,2026-08-28T17:43:21.077345+00:00,7,0,7,1.5,-1.5,8.0,Win,HOME,0.3142361387010621,-131.0,,1.5,8.0,0.4116493416983915,0.7453027453239791,Night,0.10_plus,minus_149_to_minus_125,1.0_to_1.9,5_to_9.9,0.20_plus,70_to_74.9,70_to_74.9,8.0_to_8.5,+1.5
63303245,baseball,mlb,2026_08_13,10:10 PM,Los Angeles Dodgers,Milwaukee Brewers,run_line,away,1.5,away_run_line,-175.0,0.7469660183884239,0.1738037431818089,0.3041565505681657,False,823915,1,final,2026-08-28T17:43:21.077345+00:00,4,5,9,-1.5,1.5,8.5,Win,AWAY,0.1738037431818089,-175.0,,1.5,8.5,0.3041565505681657,0.7469660183884239,Night,0.10_plus,minus_199_to_minus_150,1.0_to_1.9,5_to_9.9,0.20_plus,70_to_74.9,70_to_74.9,8.5_to_9.0,+1.5
63300961,baseball,mlb,2026_08_14,10:10 PM,Los Angeles Dodgers,Milwaukee Brewers,run_line,home,-1.5,home_run_line,114.0,0.5595160902947898,0.1973644332308501,0.1731266958165352,False,823913,1,final,2026-08-28T17:43:21.077345+00:00,3,1,4,-1.5,1.5,7.5,Win,HOME,0.1973644332308501,114.0,,-1.5,7.5,0.1731266958165352,0.5595160902947898,Night,0.10_plus,plus_101_to_plus_125,1.0_to_1.9,5_to_9.9,0.15_to_0.1999,55_to_59.9,55_to_59.9,7.5_to_8.0,-1.5
63302073,baseball,mlb,2026_08_14,10:15 PM,San Francisco Giants,Colorado Rockies,run_line,away,1.5,away_run_line,-196.0,0.7253250308091261,0.0953888220382721,0.1869620911950132,False,823185,1,final,2026-08-28T17:43:21.077345+00:00,2,5,7,-1.5,1.5,7.5,Win,AWAY,0.0953888220382721,-196.0,,1.5,7.5,0.1869620911950132,0.7253250308091261,Night,0.075_to_0.0999,minus_199_to_minus_150,1.0_to_1.9,5_to_9.9,0.15_to_0.1999,70_to_74.9,70_to_74.9,7.5_to_8.0,+1.5
63302969,baseball,mlb,2026_08_14,09:40 PM,Athletics,Texas Rangers,run_line,away,-1.5,away_run_line,146.0,0.469050305511135,0.1538637515573921,0.1053861312036932,False,,,final,2026-08-28T17:43:21.077345+00:00,8,3,11,,,,Loss,AWAY,0.1538637515573921,146.0,,,,0.1053861312036932,0.469050305511135,Night,0.10_plus,plus_126_to_plus_150,UNBUCKETED,UNBUCKETED,0.10_to_0.1499,<50,<50,UNBUCKETED,UNBUCKETED
63301263,baseball,mlb,2026_08_15,09:38 PM,Los Angeles Angels,Kansas City Royals,run_line,home,-1.5,home_run_line,135.0,0.4390729861380692,0.0318215174244627,0.0235714943884908,False,823990,1,final,2026-08-28T17:43:21.077345+00:00,1,0,1,-1.5,1.5,8.0,Loss,HOME,0.0318215174244627,135.0,,-1.5,8.0,0.0235714943884908,0.4390729861380692,Night,0.03_to_0.0399,plus_126_to_plus_150,1.0_to_1.9,5_to_9.9,0.02_to_0.0299,<50,<50,8.0_to_8.5,-1.5
63303001,baseball,mlb,2026_08_16,07:20 PM,Houston Astros,Seattle Mariners,run_line,away,1.5,away_run_line,-188.0,0.6736527993989616,0.0319787565260687,0.0601200622690094,False,824156,1,final,2026-08-28T17:43:21.077345+00:00,2,3,5,-1.5,1.5,7.5,Win,AWAY,0.0319787565260687,-188.0,,1.5,7.5,0.0601200622690094,0.6736527993989616,Night,0.03_to_0.0399,minus_199_to_minus_150,1.0_to_1.9,5_to_9.9,0.05_to_0.0999,65_to_69.9,65_to_69.9,7.5_to_8.0,+1.5
63301243,baseball,mlb,2026_08_17,06:40 PM,Philadelphia Phillies,Miami Marlins,run_line,home,-1.5,home_run_line,-113.0,0.5606812175055148,0.0568592860944656,0.0642509932867461,False,823427,1,final,2026-08-28T17:43:21.077345+00:00,6,5,11,-1.5,1.5,8.0,Loss,HOME,0.0568592860944656,-113.0,,-1.5,8.0,0.0642509932867461,0.5606812175055148,Night,0.05_to_0.0749,minus_124_to_minus_110,1.0_to_1.9,5_to_9.9,0.05_to_0.0999,55_to_59.9,55_to_59.9,8.0_to_8.5,-1.5
63301243,baseball,mlb,2026_08_17,06:40 PM,Philadelphia Phillies,Miami Marlins,moneyline,home,,home_moneyline,-263.0,0.768437997012188,0.0606197449255674,0.1594299291542421,False,823427,1,final,2026-08-28T17:43:21.077345+00:00,6,5,11,-1.5,1.5,8.0,Win,HOME,0.0606197449255674,-263.0,-263.0,-1.5,8.0,0.1594299291542421,0.768437997012188,Night,0.05_to_0.0749,minus_200_or_lower,1.0_to_1.9,5_to_9.9,0.15_to_0.1999,75_to_79.9,75_to_79.9,8.0_to_8.5,-1.5
63301899,baseball,mlb,2026_08_17,07:05 PM,Pittsburgh Pirates,Detroit Tigers,run_line,home,1.5,home_run_line,-169.0,0.6470970405149772,0.0299946976244311,0.0506910389852885,False,823343,1,final,2026-08-28T17:43:21.077345+00:00,5,8,13,1.5,-1.5,8.0,Loss,HOME,0.0299946976244311,-169.0,,1.5,8.0,0.0506910389852885,0.6470970405149772,Night,0.02_to_0.0299,minus_199_to_minus_150,1.0_to_1.9,5_to_9.9,0.05_to_0.0999,60_to_64.9,60_to_64.9,8.0_to_8.5,+1.5
63302053,baseball,mlb,2026_08_17,07:10 PM,New York Mets,San Diego Padres,run_line,home,1.5,home_run_line,-204.0,0.7761742653309949,0.1566518463756001,0.3195697666062245,False,823589,1,final,2026-08-28T17:43:21.077345+00:00,2,1,3,1.5,-1.5,8.0,Win,HOME,0.1566518463756001,-204.0,,1.5,8.0,0.3195697666062245,0.7761742653309949,Night,0.10_plus,minus_200_or_lower,1.0_to_1.9,5_to_9.9,0.20_plus,75_to_79.9,75_to_79.9,8.0_to_8.5,+1.5
63302473,baseball,mlb,2026_08_17,07:40 PM,Kansas City Royals,Athletics,run_line,away,1.5,away_run_line,-120.0,0.6314285990060373,0.157619098177735,0.189142917813282,False,,,final,2026-08-28T17:43:21.077345+00:00,9,5,14,,,,Loss,AWAY,0.157619098177735,-120.0,,,,0.189142917813282,0.6314285990060373,Night,0.10_plus,minus_124_to_minus_110,UNBUCKETED,UNBUCKETED,0.15_to_0.1999,60_to_64.9,60_to_64.9,UNBUCKETED,UNBUCKETED
63302751,baseball,mlb,2026_08_17,08:40 PM,Colorado Rockies,Los Angeles Dodgers,run_line,home,1.5,home_run_line,139.0,0.464827226721125,0.1109370718634887,0.0798108430672581,False,824320,1,final,2026-08-28T17:43:21.077345+00:00,5,11,16,1.5,-1.5,11.0,Loss,HOME,0.1109370718634887,139.0,,1.5,11.0,0.0798108430672581,0.464827226721125,Night,0.10_plus,plus_126_to_plus_150,1.0_to_1.9,10_to_14.9,0.05_to_0.0999,<50,<50,11.0_to_11.5,+1.5
63302815,baseball,mlb,2026_08_17,06:05 PM,Tampa Bay Rays,Baltimore Orioles,run_line,home,-1.5,home_run_line,135.0,0.509447080783185,0.1972006398404848,0.1460745480299888,False,822939,1,final,2026-08-28T17:43:21.077345+00:00,7,6,13,-1.5,1.5,8.0,Loss,HOME,0.1972006398404848,135.0,,-1.5,8.0,0.1460745480299888,0.509447080783185,Night,0.10_plus,plus_126_to_plus_150,1.0_to_1.9,5_to_9.9,0.10_to_0.1499,50_to_54.9,50_to_54.9,8.0_to_8.5,-1.5
63303451,baseball,mlb,2026_08_17,08:30 PM,Minnesota Twins,Atlanta Braves,run_line,away,-1.5,away_run_line,127.0,0.5033480075157764,0.1425999770608124,0.1122834465045766,False,823668,1,final,2026-08-28T17:43:21.077345+00:00,4,2,6,1.5,-1.5,9.0,Loss,AWAY,0.1425999770608124,127.0,,-1.5,9.0,0.1122834465045766,0.5033480075157764,Night,0.10_plus,plus_126_to_plus_150,1.0_to_1.9,5_to_9.9,0.10_to_0.1499,50_to_54.9,50_to_54.9,9.0_to_9.5,-1.5
63303579,baseball,mlb,2026_08_17,07:40 PM,Chicago Cubs,Chicago White Sox,run_line,away,1.5,away_run_line,-149.0,0.6077362017303599,0.0156128471869771,0.0232631423085961,False,824641,1,final,2026-08-28T17:43:21.077345+00:00,7,5,12,-1.5,1.5,8.0,Loss,AWAY,0.0156128471869771,-149.0,,1.5,8.0,0.0232631423085961,0.6077362017303599,Night,0.01_to_0.0199,minus_149_to_minus_125,1.0_to_1.9,5_to_9.9,0.02_to_0.0299,60_to_64.9,60_to_64.9,8.0_to_8.5,+1.5
63299303,baseball,mlb,2026_08_18,08:10 PM,Houston Astros,Los Angeles Angels,run_line,away,1.5,away_run_line,-144.0,0.8024681099041738,0.3597376306709612,0.5180221881661842,False,824154,1,final,2026-08-28T17:43:21.077345+00:00,1,3,4,-1.5,1.5,9.0,Win,AWAY,0.3597376306709612,-144.0,,1.5,9.0,0.5180221881661842,0.8024681099041738,Night,0.10_plus,minus_149_to_minus_125,1.0_to_1.9,5_to_9.9,0.20_plus,80_plus,80_plus,9.0_to_9.5,+1.5
63300863,baseball,mlb,2026_08_18,07:40 PM,Minnesota Twins,Atlanta Braves,moneyline,away,,away_moneyline,-131.0,0.6226555967685674,0.0979652126224355,0.1283344285353905,False,823667,1,final,2026-08-28T17:43:21.077345+00:00,4,1,5,1.5,-1.5,8.5,Loss,AWAY,0.0979652126224355,-131.0,-131.0,-1.5,8.5,0.1283344285353905,0.6226555967685674,Night,0.075_to_0.0999,minus_149_to_minus_125,1.0_to_1.9,5_to_9.9,0.10_to_0.1499,60_to_64.9,60_to_64.9,8.5_to_9.0,-1.5
63301273,baseball,mlb,2026_08_18,08:05 PM,Texas Rangers,Washington Nationals,run_line,away,1.5,away_run_line,-163.0,0.6474043390434645,0.0445849151437494,0.0726734116843116,False,822859,1,final,2026-08-28T17:43:21.077345+00:00,5,0,5,-1.5,1.5,8.0,Loss,AWAY,0.0445849151437494,-163.0,,1.5,8.0,0.0726734116843116,0.6474043390434645,Night,0.04_to_0.0499,minus_199_to_minus_150,1.0_to_1.9,5_to_9.9,0.05_to_0.0999,60_to_64.9,60_to_64.9,8.0_to_8.5,+1.5
63301327,baseball,mlb,2026_08_18,07:40 PM,Kansas City Royals,Athletics,run_line,away,1.5,away_run_line,-175.0,0.6651723528098374,0.0452708401297445,0.0792239702270529,False,,,final,2026-08-28T17:43:21.077345+00:00,4,3,7,,,,Win,AWAY,0.0452708401297445,-175.0,,,,0.0792239702270529,0.6651723528098374,Night,0.04_to_0.0499,minus_199_to_minus_150,UNBUCKETED,UNBUCKETED,0.05_to_0.0999,65_to_69.9,65_to_69.9,UNBUCKETED,UNBUCKETED
63301327,baseball,mlb,2026_08_18,07:40 PM,Kansas City Royals,Athletics,total,under,9.5,under_total,-106.0,0.7012363017140603,0.3627799825763813,0.3845467815309641,False,,,final,2026-08-28T17:43:21.077345+00:00,4,3,7,,,,Win,UNDER,0.3627799825763813,-106.0,,,,0.3845467815309641,0.7012363017140603,Night,0.10_plus,minus_109_to_minus_101,UNBUCKETED,UNBUCKETED,0.20_plus,70_to_74.9,70_to_74.9,UNBUCKETED,UNBUCKETED
63301807,baseball,mlb,2026_08_18,07:10 PM,New York Mets,San Diego Padres,run_line,home,1.5,home_run_line,-172.0,0.683074054229716,0.0802101322702486,0.1379614275048276,False,823586,1,final,2026-08-28T17:43:21.077345+00:00,2,5,7,1.5,-1.5,8.5,Loss,HOME,0.0802101322702486,-172.0,,1.5,8.5,0.1379614275048276,0.683074054229716,Night,0.075_to_0.0999,minus_199_to_minus_150,1.0_to_1.9,5_to_9.9,0.10_to_0.1499,65_to_69.9,65_to_69.9,8.5_to_9.0,+1.5
63302785,baseball,mlb,2026_08_18,08:40 PM,Colorado Rockies,Los Angeles Dodgers,run_line,away,-1.5,away_run_line,-125.0,0.5679198462872931,0.0222557233171276,0.0278196541464094,False,824319,1,final,2026-08-28T17:43:21.077345+00:00,6,7,13,1.5,-1.5,11.5,Loss,AWAY,0.0222557233171276,-125.0,,-1.5,11.5,0.0278196541464094,0.5679198462872931,Night,0.02_to_0.0299,minus_149_to_minus_125,1.0_to_1.9,10_to_14.9,0.02_to_0.0299,55_to_59.9,55_to_59.9,11.5_to_12.0,-1.5
63302835,baseball,mlb,2026_08_18,07:40 PM,Milwaukee Brewers,Seattle Mariners,run_line,home,-1.5,home_run_line,139.0,0.5863014856329806,0.4012605506628237,0.2886766551531105,False,823749,1,final,2026-08-28T17:43:21.077345+00:00,22,0,22,-1.5,1.5,7.5,Win,HOME,0.4012605506628237,139.0,,-1.5,7.5,0.2886766551531105,0.5863014856329806,Night,0.10_plus,plus_126_to_plus_150,1.0_to_1.9,5_to_9.9,0.20_plus,55_to_59.9,55_to_59.9,7.5_to_8.0,-1.5
63303147,baseball,mlb,2026_08_18,07:10 PM,Boston Red Sox,Arizona Diamondbacks,run_line,home,-1.5,home_run_line,124.0,0.4700538592002913,0.0529206446086525,0.0426779392005263,False,824723,1,final,2026-08-28T17:43:21.077345+00:00,9,4,13,-1.5,1.5,8.5,Win,HOME,0.0529206446086525,124.0,,-1.5,8.5,0.0426779392005263,0.4700538592002913,Night,0.05_to_0.0749,plus_101_to_plus_125,1.0_to_1.9,5_to_9.9,0.03_to_0.0499,<50,<50,8.5_to_9.0,-1.5
63303355,baseball,mlb,2026_08_18,08:08 PM,Chicago Cubs,Chicago White Sox,run_line,away,1.5,away_run_line,-156.0,0.7703478714085136,0.2641606094908939,0.4120905508057947,False,824639,1,final,2026-08-28T17:43:21.077345+00:00,4,3,7,-1.5,1.5,8.5,Win,AWAY,0.2641606094908939,-156.0,,1.5,8.5,0.4120905508057947,0.7703478714085136,Night,0.10_plus,minus_199_to_minus_150,1.0_to_1.9,5_to_9.9,0.20_plus,75_to_79.9,75_to_79.9,8.5_to_9.0,+1.5
63303381,baseball,mlb,2026_08_18,06:40 PM,Cleveland Guardians,San Francisco Giants,run_line,home,-1.5,home_run_line,112.0,0.5481125527749147,0.1619986118828191,0.1446416177525171,False,824398,1,final,2026-08-28T17:43:21.077345+00:00,8,1,9,-1.5,1.5,8.0,Win,HOME,0.1619986118828191,112.0,,-1.5,8.0,0.1446416177525171,0.5481125527749147,Night,0.10_plus,plus_101_to_plus_125,1.0_to_1.9,5_to_9.9,0.10_to_0.1499,50_to_54.9,50_to_54.9,8.0_to_8.5,-1.5
63299381,baseball,mlb,2026_08_19,01:40 PM,Minnesota Twins,Atlanta Braves,run_line,home,1.5,home_run_line,-175.0,0.6552971748485049,0.0297527033333648,0.0520672308333884,False,823664,1,final,2026-08-28T17:43:21.077345+00:00,6,4,10,1.5,-1.5,8.5,Win,HOME,0.0297527033333648,-175.0,,1.5,8.5,0.0520672308333884,0.6552971748485049,Day,0.02_to_0.0299,minus_199_to_minus_150,1.0_to_1.9,5_to_9.9,0.05_to_0.0999,65_to_69.9,65_to_69.9,8.5_to_9.0,+1.5
63301001,baseball,mlb,2026_08_19,03:40 PM,Kansas City Royals,Athletics,run_line,home,-1.5,home_run_line,159.0,0.4113510910080682,0.0653993257108966,0.0411316513905009,False,,,final,2026-08-28T17:43:21.077345+00:00,9,7,16,,,,Win,HOME,0.0653993257108966,159.0,,,,0.0411316513905009,0.4113510910080682,Day,0.05_to_0.0749,plus_151_to_plus_200,UNBUCKETED,UNBUCKETED,0.03_to_0.0499,<50,<50,UNBUCKETED,UNBUCKETED
63301215,baseball,mlb,2026_08_19,01:10 PM,New York Mets,San Diego Padres,run_line,home,1.5,home_run_line,-158.0,0.6439958658462037,0.0515881860020286,0.0815093338832054,False,823587,1,final,2026-08-28T17:43:21.077345+00:00,4,2,6,1.5,-1.5,8.5,Win,HOME,0.0515881860020286,-158.0,,1.5,8.5,0.0815093338832054,0.6439958658462037,Day,0.05_to_0.0749,minus_199_to_minus_150,1.0_to_1.9,5_to_9.9,0.05_to_0.0999,60_to_64.9,60_to_64.9,8.5_to_9.0,+1.5
63301245,baseball,mlb,2026_08_19,02:20 PM,Chicago Cubs,Chicago White Sox,run_line,away,1.5,away_run_line,-181.0,0.6979731981249018,0.0835937495751237,0.1513046867309738,False,824640,1,final,2026-08-28T17:43:21.077345+00:00,0,3,3,-1.5,1.5,8.0,Win,AWAY,0.0835937495751237,-181.0,,1.5,8.0,0.1513046867309738,0.6979731981249018,Day,0.075_to_0.0999,minus_199_to_minus_150,1.0_to_1.9,5_to_9.9,0.15_to_0.1999,65_to_69.9,65_to_69.9,8.0_to_8.5,+1.5
63301957,baseball,mlb,2026_08_19,02:35 PM,Baltimore Orioles,New York Yankees,run_line,away,-1.5,away_run_line,135.0,0.4276035288448647,0.0048682927854319,0.0036061428040237,False,824801,1,final,2026-08-28T17:43:21.077345+00:00,3,5,8,1.5,-1.5,9.0,Win,AWAY,0.0048682927854319,135.0,,-1.5,9.0,0.0036061428040237,0.4276035288448647,Day,0.00_to_0.0099,plus_126_to_plus_150,1.0_to_1.9,5_to_9.9,0.001_to_0.0099,<50,<50,9.0_to_9.5,-1.5
63302179,baseball,mlb,2026_08_19,02:40 PM,Tampa Bay Rays,Toronto Blue Jays,run_line,home,-1.5,home_run_line,102.0,0.622354865879469,0.2571568290765273,0.2521145383103209,False,822937,1,final,2026-08-28T17:43:21.077345+00:00,7,6,13,-1.5,1.5,7.5,Loss,HOME,0.2571568290765273,102.0,,-1.5,7.5,0.2521145383103209,0.622354865879469,Day,0.10_plus,plus_101_to_plus_125,1.0_to_1.9,5_to_9.9,0.20_plus,60_to_64.9,60_to_64.9,7.5_to_8.0,-1.5
63302593,baseball,mlb,2026_08_19,04:05 PM,Texas Rangers,Washington Nationals,run_line,home,-1.5,home_run_line,154.0,0.4028050582586765,0.0231248479770382,0.0150161350500249,False,822860,1,final,2026-08-28T17:43:21.077345+00:00,0,6,6,-1.5,1.5,7.5,Loss,HOME,0.0231248479770382,154.0,,-1.5,7.5,0.0150161350500249,0.4028050582586765,Day,0.02_to_0.0299,plus_151_to_plus_200,1.0_to_1.9,5_to_9.9,0.01_to_0.0199,<50,<50,7.5_to_8.0,-1.5
63302703,baseball,mlb,2026_08_19,04:10 PM,Boston Red Sox,Arizona Diamondbacks,run_line,away,1.5,away_run_line,-175.0,0.7863045684957521,0.2356214647790391,0.4123375633633184,False,824722,1,final,2026-08-28T17:43:21.077345+00:00,6,7,13,-1.5,1.5,8.0,Win,AWAY,0.2356214647790391,-175.0,,1.5,8.0,0.4123375633633184,0.7863045684957521,Day,0.10_plus,minus_199_to_minus_150,1.0_to_1.9,5_to_9.9,0.20_plus,75_to_79.9,75_to_79.9,8.0_to_8.5,+1.5
63302843,baseball,mlb,2026_08_19,02:40 PM,Cleveland Guardians,San Francisco Giants,run_line,home,-1.5,home_run_line,112.0,0.6691672149809387,0.41863449575959,0.3737807997853483,False,824394,1,final,2026-08-28T17:43:21.077345+00:00,0,1,1,-1.5,1.5,7.0,Loss,HOME,0.41863449575959,112.0,,-1.5,7.0,0.3737807997853483,0.6691672149809387,Day,0.10_plus,plus_101_to_plus_125,1.0_to_1.9,5_to_9.9,0.20_plus,65_to_69.9,65_to_69.9,7.0_to_7.5,-1.5
63303379,baseball,mlb,2026_08_19,04:10 PM,Houston Astros,Los Angeles Angels,run_line,away,1.5,away_run_line,-158.0,0.8382739017198519,0.3688270040741885,0.582746666437218,False,824155,1,final,2026-08-28T17:43:21.077345+00:00,3,2,5,-1.5,1.5,8.5,Win,AWAY,0.3688270040741885,-158.0,,1.5,8.5,0.582746666437218,0.8382739017198519,Day,0.10_plus,minus_199_to_minus_150,1.0_to_1.9,5_to_9.9,0.20_plus,80_plus,80_plus,8.5_to_9.0,+1.5
63303707,baseball,mlb,2026_08_19,06:05 PM,Philadelphia Phillies,Miami Marlins,run_line,away,1.5,away_run_line,-196.0,0.8303950605455845,0.2540660098035356,0.4979693792149302,False,823424,1,final,2026-08-28T17:43:21.077345+00:00,4,1,5,-1.5,1.5,8.5,Loss,AWAY,0.2540660098035356,-196.0,,1.5,8.5,0.4979693792149302,0.8303950605455845,Night,0.10_plus,minus_199_to_minus_150,1.0_to_1.9,5_to_9.9,0.20_plus,80_plus,80_plus,8.5_to_9.0,+1.5
63303821,baseball,mlb,2026_08_19,12:35 PM,Pittsburgh Pirates,Detroit Tigers,run_line,home,-1.5,home_run_line,138.0,0.5559338392207922,0.3231225373454853,0.2341467661923807,False,823342,1,final,2026-08-28T17:43:21.077345+00:00,4,3,7,-1.5,1.5,8.0,Loss,HOME,0.3231225373454853,138.0,,-1.5,8.0,0.2341467661923807,0.5559338392207922,Day,0.10_plus,plus_126_to_plus_150,1.0_to_1.9,5_to_9.9,0.20_plus,55_to_59.9,55_to_59.9,8.0_to_8.5,-1.5
63301347,baseball,mlb,2026_08_24,05:40 PM,Arizona Diamondbacks,Chicago Cubs,run_line,home,1.5,home_run_line,-136.0,0.6527586382689017,0.1327282252313293,0.180510386314608,False,825041,1,final,2026-08-28T17:43:21.077345+00:00,0,7,7,1.5,-1.5,9.0,Loss,HOME,0.1327282252313293,-136.0,,1.5,9.0,0.180510386314608,0.6527586382689017,Night,0.10_plus,minus_149_to_minus_125,1.0_to_1.9,5_to_9.9,0.15_to_0.1999,65_to_69.9,65_to_69.9,9.0_to_9.5,+1.5
63301535,baseball,mlb,2026_08_24,02:40 PM,Miami Marlins,Boston Red Sox,run_line,home,1.5,home_run_line,-163.0,0.7882260293528625,0.2718002804895878,0.4430344571980282,False,823828,1,final,2026-08-28T17:43:21.077345+00:00,2,4,6,1.5,-1.5,7.0,Loss,HOME,0.2718002804895878,-163.0,,1.5,7.0,0.4430344571980282,0.7882260293528625,Day,0.10_plus,minus_199_to_minus_150,1.0_to_1.9,5_to_9.9,0.20_plus,75_to_79.9,75_to_79.9,7.0_to_7.5,+1.5
63301551,baseball,mlb,2026_08_24,05:40 PM,Seattle Mariners,Philadelphia Phillies,run_line,home,1.5,home_run_line,-196.0,0.6948776569727998,0.0494070737956566,0.0968378646394873,False,823097,1,final,2026-08-28T17:43:21.077345+00:00,9,2,11,1.5,-1.5,6.5,Win,HOME,0.0494070737956566,-196.0,,1.5,6.5,0.0968378646394873,0.6948776569727998,Night,0.04_to_0.0499,minus_199_to_minus_150,1.0_to_1.9,5_to_9.9,0.05_to_0.0999,65_to_69.9,65_to_69.9,6.5_to_7.0,+1.5
63302035,baseball,mlb,2026_08_24,05:40 PM,San Diego Padres,Pittsburgh Pirates,run_line,home,1.5,home_run_line,-200.0,0.7557287957676477,0.1335931936514716,0.2671863873029432,False,823260,1,final,2026-08-28T17:43:21.077345+00:00,2,3,5,1.5,-1.5,7.5,Win,HOME,0.1335931936514716,-200.0,,1.5,7.5,0.2671863873029432,0.7557287957676477,Night,0.10_plus,minus_200_or_lower,1.0_to_1.9,5_to_9.9,0.20_plus,75_to_79.9,75_to_79.9,7.5_to_8.0,+1.5
63302115,baseball,mlb,2026_08_24,05:38 PM,Los Angeles Angels,Cleveland Guardians,run_line,home,1.5,home_run_line,-126.0,0.6833275560669878,0.2256510132630098,0.2843202767113923,False,823992,1,final,2026-08-28T17:43:21.077345+00:00,2,4,6,1.5,-1.5,7.5,Loss,HOME,0.2256510132630098,-126.0,,1.5,7.5,0.2843202767113923,0.6833275560669878,Night,0.10_plus,minus_149_to_minus_125,1.0_to_1.9,5_to_9.9,0.20_plus,65_to_69.9,65_to_69.9,7.5_to_8.0,+1.5
63302291,baseball,mlb,2026_08_24,05:45 PM,San Francisco Giants,Cincinnati Reds,run_line,away,-1.5,away_run_line,108.0,0.590307489873167,0.2278395789361873,0.2109625730890623,False,823183,1,final,2026-08-28T17:43:21.077345+00:00,5,0,5,1.5,-1.5,7.0,Loss,AWAY,0.2278395789361873,108.0,,-1.5,7.0,0.2109625730890623,0.590307489873167,Night,0.10_plus,plus_101_to_plus_125,1.0_to_1.9,5_to_9.9,0.20_plus,55_to_59.9,55_to_59.9,7.0_to_7.5,-1.5
63302779,baseball,mlb,2026_08_24,05:40 PM,Athletics,Minnesota Twins,run_line,home,1.5,home_run_line,-119.0,0.693495277305294,0.2762644178979783,0.328754657298594,False,,,final,2026-08-28T17:43:21.077345+00:00,6,9,15,,,,Loss,HOME,0.2762644178979783,-119.0,,,,0.328754657298594,0.693495277305294,Night,0.10_plus,minus_124_to_minus_110,UNBUCKETED,UNBUCKETED,0.20_plus,65_to_69.9,65_to_69.9,UNBUCKETED,UNBUCKETED
63303767,baseball,mlb,2026_08_24,03:40 PM,Chicago White Sox,Texas Rangers,run_line,home,-1.5,home_run_line,154.0,0.4227246548953058,0.0737206234340768,0.0478705346974524,False,824557,1,final,2026-08-28T17:43:21.077345+00:00,2,11,13,-1.5,1.5,8.0,Loss,HOME,0.0737206234340768,154.0,,-1.5,8.0,0.0478705346974524,0.4227246548953058,Day,0.05_to_0.0749,plus_151_to_plus_200,1.0_to_1.9,5_to_9.9,0.03_to_0.0499,<50,<50,8.0_to_8.5,-1.5
63301267,baseball,mlb,2026_08_25,05:40 PM,Arizona Diamondbacks,Chicago Cubs,run_line,home,1.5,home_run_line,-181.0,0.7151341051378937,0.1102358206836913,0.1995268354374811,False,825042,1,final,2026-08-28T17:43:21.077345+00:00,5,4,9,1.5,-1.5,8.5,Win,HOME,0.1102358206836913,-181.0,,1.5,8.5,0.1995268354374811,0.7151341051378937,Night,0.10_plus,minus_199_to_minus_150,1.0_to_1.9,5_to_9.9,0.15_to_0.1999,70_to_74.9,70_to_74.9,8.5_to_9.0,+1.5
63301275,baseball,mlb,2026_08_25,03:07 PM,Toronto Blue Jays,Kansas City Royals,run_line,away,1.5,away_run_line,-200.0,0.7110324006147181,0.066548600922077,0.1330972018441542,False,822773,1,final,2026-08-28T17:43:21.077345+00:00,3,5,8,-1.5,1.5,8.5,Win,AWAY,0.066548600922077,-200.0,,1.5,8.5,0.1330972018441542,0.7110324006147181,Day,0.05_to_0.0749,minus_200_or_lower,1.0_to_1.9,5_to_9.9,0.10_to_0.1499,70_to_74.9,70_to_74.9,8.5_to_9.0,+1.5
63301309,baseball,mlb,2026_08_25,05:40 PM,Seattle Mariners,Philadelphia Phillies,run_line,home,1.5,home_run_line,-196.0,0.7115518200240677,0.0745884628934898,0.1461933872712402,False,823098,1,final,2026-08-28T17:43:21.077345+00:00,4,1,5,1.5,-1.5,7.5,Win,HOME,0.0745884628934898,-196.0,,1.5,7.5,0.1461933872712402,0.7115518200240677,Night,0.05_to_0.0749,minus_199_to_minus_150,1.0_to_1.9,5_to_9.9,0.10_to_0.1499,70_to_74.9,70_to_74.9,7.5_to_8.0,+1.5
63301403,baseball,mlb,2026_08_25,02:40 PM,Miami Marlins,Boston Red Sox,run_line,home,1.5,home_run_line,-126.0,0.5732052192140966,0.0281299963681413,0.0354437954238582,False,823826,1,final,2026-08-28T17:43:21.077345+00:00,3,7,10,1.5,-1.5,7.5,Loss,HOME,0.0281299963681413,-126.0,,1.5,7.5,0.0354437954238582,0.5732052192140966,Day,0.02_to_0.0299,minus_149_to_minus_125,1.0_to_1.9,5_to_9.9,0.03_to_0.0499,55_to_59.9,55_to_59.9,7.5_to_8.0,+1.5
63301843,baseball,mlb,2026_08_25,02:40 PM,Detroit Tigers,Tampa Bay Rays,run_line,home,1.5,home_run_line,-163.0,0.6458117797332885,0.0420153255819317,0.0684849806985487,False,824233,1,final,2026-08-28T17:43:21.077345+00:00,4,1,5,1.5,-1.5,7.5,Win,HOME,0.0420153255819317,-163.0,,1.5,7.5,0.0684849806985487,0.6458117797332885,Day,0.04_to_0.0499,minus_199_to_minus_150,1.0_to_1.9,5_to_9.9,0.05_to_0.0999,60_to_64.9,60_to_64.9,7.5_to_8.0,+1.5
63302051,baseball,mlb,2026_08_25,02:45 PM,Washington Nationals,Colorado Rockies,run_line,home,-1.5,home_run_line,135.0,0.5704618142926404,0.3405852635877051,0.252285380435337,False,822693,1,final,2026-08-28T17:43:21.077345+00:00,1,3,4,-1.5,1.5,8.5,Loss,HOME,0.3405852635877051,135.0,,-1.5,8.5,0.252285380435337,0.5704618142926404,Day,0.10_plus,plus_126_to_plus_150,1.0_to_1.9,5_to_9.9,0.20_plus,55_to_59.9,55_to_59.9,8.5_to_9.0,-1.5
63302213,baseball,mlb,2026_08_25,03:40 PM,Chicago White Sox,Texas Rangers,run_line,home,1.5,home_run_line,-175.0,0.6673409691694389,0.0486786658376896,0.0851876652159567,False,824556,1,final,2026-08-28T17:43:21.077345+00:00,11,7,18,1.5,-1.5,7.5,Win,HOME,0.0486786658376896,-175.0,,1.5,7.5,0.0851876652159567,0.6673409691694389,Day,0.04_to_0.0499,minus_199_to_minus_150,1.0_to_1.9,5_to_9.9,0.05_to_0.0999,65_to_69.9,65_to_69.9,7.5_to_8.0,+1.5
63302415,baseball,mlb,2026_08_25,05:45 PM,San Francisco Giants,Cincinnati Reds,run_line,home,1.5,home_run_line,-188.0,0.7038517238287125,0.0782409386312192,0.147092964626692,False,823181,1,final,2026-08-28T17:43:21.077345+00:00,3,1,4,1.5,-1.5,8.0,Win,HOME,0.0782409386312192,-188.0,,1.5,8.0,0.147092964626692,0.7038517238287125,Night,0.075_to_0.0999,minus_199_to_minus_150,1.0_to_1.9,5_to_9.9,0.10_to_0.1499,70_to_74.9,70_to_74.9,8.0_to_8.5,+1.5
63302667,baseball,mlb,2026_08_25,05:40 PM,San Diego Padres,Pittsburgh Pirates,run_line,home,1.5,home_run_line,-212.0,0.7853256819910612,0.155762324439675,0.3302161278121112,False,823259,1,final,2026-08-28T17:43:21.077345+00:00,0,1,1,1.5,-1.5,7.5,Win,HOME,0.155762324439675,-212.0,,1.5,7.5,0.3302161278121112,0.7853256819910612,Night,0.10_plus,minus_200_or_lower,1.0_to_1.9,5_to_9.9,0.20_plus,75_to_79.9,75_to_79.9,7.5_to_8.0,+1.5
63302667,baseball,mlb,2026_08_25,05:40 PM,San Diego Padres,Pittsburgh Pirates,total,over,7.5,over_total,100.0,0.7041949962788512,0.4083899925577023,0.4083899925577023,False,823259,1,final,2026-08-28T17:43:21.077345+00:00,0,1,1,1.5,-1.5,7.5,Loss,OVER,0.4083899925577023,100.0,,,7.5,0.4083899925577023,0.7041949962788512,Night,0.10_plus,minus_100_to_plus_100,UNBUCKETED,5_to_9.9,0.20_plus,70_to_74.9,70_to_74.9,7.5_to_8.0,UNBUCKETED
63303161,baseball,mlb,2026_08_25,03:10 PM,New York Mets,Milwaukee Brewers,run_line,home,1.5,home_run_line,-133.0,0.6709312987427793,0.1753909218576512,0.2332699260706759,False,823585,1,final,2026-08-28T17:43:21.077345+00:00,3,2,5,1.5,-1.5,7.5,Win,HOME,0.1753909218576512,-133.0,,1.5,7.5,0.2332699260706759,0.6709312987427793,Day,0.10_plus,minus_149_to_minus_125,1.0_to_1.9,5_to_9.9,0.20_plus,65_to_69.9,65_to_69.9,7.5_to_8.0,+1.5
63303383,baseball,mlb,2026_08_25,03:15 PM,Atlanta Braves,Los Angeles Dodgers,run_line,home,1.5,home_run_line,-136.0,0.6841065924553217,0.1871261457312936,0.2544915581945591,False,824881,1,final,2026-08-28T17:43:21.077345+00:00,4,3,7,1.5,-1.5,8.5,Win,HOME,0.1871261457312936,-136.0,,1.5,8.5,0.2544915581945591,0.6841065924553217,Day,0.10_plus,minus_149_to_minus_125,1.0_to_1.9,5_to_9.9,0.20_plus,65_to_69.9,65_to_69.9,8.5_to_9.0,+1.5
63303431,baseball,mlb,2026_08_25,05:38 PM,Los Angeles Angels,Cleveland Guardians,run_line,home,1.5,home_run_line,-149.0,0.7568310920763798,0.2647714223289836,0.3945094192701855,False,823989,1,final,2026-08-28T17:43:21.077345+00:00,6,8,14,1.5,-1.5,7.5,Loss,HOME,0.2647714223289836,-149.0,,1.5,7.5,0.3945094192701855,0.7568310920763798,Night,0.10_plus,minus_149_to_minus_125,1.0_to_1.9,5_to_9.9,0.20_plus,75_to_79.9,75_to_79.9,7.5_to_8.0,+1.5
63303591,baseball,mlb,2026_08_25,03:45 PM,St Louis Cardinals,Baltimore Orioles,run_line,away,1.5,away_run_line,-196.0,0.7122310914707045,0.0756143014047374,0.1482040307532852,False,,,final,2026-08-28T17:43:21.077345+00:00,1,13,14,,,,Win,AWAY,0.0756143014047374,-196.0,,,,0.1482040307532852,0.7122310914707045,Day,0.075_to_0.0999,minus_199_to_minus_150,UNBUCKETED,UNBUCKETED,0.10_to_0.1499,70_to_74.9,70_to_74.9,UNBUCKETED,UNBUCKETED
63303865,baseball,mlb,2026_08_25,05:40 PM,Athletics,Minnesota Twins,run_line,home,1.5,home_run_line,-126.0,0.7187270221016173,0.2891452936108374,0.3643230699496551,False,,,final,2026-08-28T17:43:21.077345+00:00,4,2,6,,,,Win,HOME,0.2891452936108374,-126.0,,,,0.3643230699496551,0.7187270221016173,Night,0.10_plus,minus_149_to_minus_125,UNBUCKETED,UNBUCKETED,0.20_plus,70_to_74.9,70_to_74.9,UNBUCKETED,UNBUCKETED
63299301,baseball,mlb,2026_08_26,12:10 PM,San Diego Padres,Pittsburgh Pirates,run_line,away,1.5,away_run_line,-188.0,0.7374261075004747,0.1296740370220037,0.243787189601367,False,823255,1,final,2026-08-28T17:43:21.077345+00:00,3,0,3,-1.5,1.5,8.5,Loss,AWAY,0.1296740370220037,-188.0,,1.5,8.5,0.243787189601367,0.7374261075004747,Day,0.10_plus,minus_199_to_minus_150,1.0_to_1.9,5_to_9.9,0.20_plus,70_to_74.9,70_to_74.9,8.5_to_9.0,+1.5
63301813,baseball,mlb,2026_08_26,12:07 PM,Los Angeles Angels,Cleveland Guardians,run_line,home,1.5,home_run_line,-144.0,0.7227458027747478,0.2246526102572115,0.3234997587703845,False,823988,1,final,2026-08-28T17:43:21.077345+00:00,3,4,7,1.5,-1.5,8.5,Win,HOME,0.2246526102572115,-144.0,,1.5,8.5,0.3234997587703845,0.7227458027747478,Day,0.10_plus,minus_149_to_minus_125,1.0_to_1.9,5_to_9.9,0.20_plus,70_to_74.9,70_to_74.9,8.5_to_9.0,+1.5
63301827,baseball,mlb,2026_08_26,02:40 PM,Miami Marlins,Boston Red Sox,run_line,home,1.5,home_run_line,-156.0,0.6978684837401814,0.1452200758813233,0.2265433183748643,False,823825,1,final,2026-08-28T17:43:21.077345+00:00,4,0,4,1.5,-1.5,7.5,Win,HOME,0.1452200758813233,-156.0,,1.5,7.5,0.2265433183748643,0.6978684837401814,Day,0.10_plus,minus_199_to_minus_150,1.0_to_1.9,5_to_9.9,0.20_plus,65_to_69.9,65_to_69.9,7.5_to_8.0,+1.5
63301827,baseball,mlb,2026_08_26,02:40 PM,Miami Marlins,Boston Red Sox,moneyline,home,,home_moneyline,114.0,0.4938885467264822,0.0569214899946719,0.0499311315742736,False,823825,1,final,2026-08-28T17:43:21.077345+00:00,4,0,4,1.5,-1.5,7.5,Win,HOME,0.0569214899946719,114.0,114.0,1.5,7.5,0.0499311315742736,0.4938885467264822,Day,0.05_to_0.0749,plus_101_to_plus_125,1.0_to_1.9,5_to_9.9,0.03_to_0.0499,<50,<50,7.5_to_8.0,+1.5
63301929,baseball,mlb,2026_08_26,05:05 PM,Athletics,Minnesota Twins,run_line,home,1.5,home_run_line,-136.0,0.6278472212267573,0.0894995897758434,0.1217194420951472,False,,,final,2026-08-28T17:43:21.077345+00:00,7,4,11,,,,Win,HOME,0.0894995897758434,-136.0,,,,0.1217194420951472,0.6278472212267573,Night,0.075_to_0.0999,minus_149_to_minus_125,UNBUCKETED,UNBUCKETED,0.10_to_0.1499,60_to_64.9,60_to_64.9,UNBUCKETED,UNBUCKETED
63301929,baseball,mlb,2026_08_26,05:05 PM,Athletics,Minnesota Twins,total,under,10.5,under_total,-116.0,0.7259012287425683,0.3516781500723685,0.4079466540839476,False,,,final,2026-08-28T17:43:21.077345+00:00,7,4,11,,,,Loss,UNDER,0.3516781500723685,-116.0,,,,0.4079466540839476,0.7259012287425683,Night,0.10_plus,minus_124_to_minus_110,UNBUCKETED,UNBUCKETED,0.20_plus,70_to_74.9,70_to_74.9,UNBUCKETED,UNBUCKETED
63302741,baseball,mlb,2026_08_26,12:10 PM,Seattle Mariners,Philadelphia Phillies,run_line,home,1.5,home_run_line,-158.0,0.7433227758445544,0.213780228910728,0.3377727616789502,False,823096,1,final,2026-08-28T17:43:21.077345+00:00,0,6,6,1.5,-1.5,7.0,Loss,HOME,0.213780228910728,-158.0,,1.5,7.0,0.3377727616789502,0.7433227758445544,Day,0.10_plus,minus_199_to_minus_150,1.0_to_1.9,5_to_9.9,0.20_plus,70_to_74.9,70_to_74.9,7.0_to_7.5,+1.5
63302981,baseball,mlb,2026_08_26,03:40 PM,Chicago White Sox,Texas Rangers,run_line,home,-1.5,home_run_line,168.0,0.3929406036562075,0.0530808177986361,0.0315957248801405,False,824555,1,final,2026-08-28T17:43:21.077345+00:00,10,4,14,-1.5,1.5,8.0,Win,HOME,0.0530808177986361,168.0,,-1.5,8.0,0.0315957248801405,0.3929406036562075,Day,0.05_to_0.0749,plus_151_to_plus_200,1.0_to_1.9,5_to_9.9,0.03_to_0.0499,<50,<50,8.0_to_8.5,-1.5
63303453,baseball,mlb,2026_08_26,03:07 PM,Toronto Blue Jays,Kansas City Royals,run_line,home,-1.5,home_run_line,134.0,0.4976818966320246,0.1645756381189376,0.1228176403872668,False,822772,1,final,2026-08-28T17:43:21.077345+00:00,3,0,3,-1.5,1.5,8.5,Win,HOME,0.1645756381189376,134.0,,-1.5,8.5,0.1228176403872668,0.4976818966320246,Day,0.10_plus,plus_126_to_plus_150,1.0_to_1.9,5_to_9.9,0.10_to_0.1499,<50,<50,8.5_to_9.0,-1.5
63303761,baseball,mlb,2026_08_26,03:10 PM,New York Mets,Milwaukee Brewers,run_line,home,1.5,home_run_line,-129.0,0.6830130451786356,0.2124805220612988,0.2740998734590755,False,823584,1,final,2026-08-28T17:43:21.077345+00:00,1,8,9,1.5,-1.5,8.5,Loss,HOME,0.2124805220612988,-129.0,,1.5,8.5,0.2740998734590755,0.6830130451786356,Day,0.10_plus,minus_149_to_minus_125,1.0_to_1.9,5_to_9.9,0.20_plus,65_to_69.9,65_to_69.9,8.5_to_9.0,+1.5
63301935,baseball,mlb,2026_08_27,03:15 PM,Atlanta Braves,Los Angeles Dodgers,run_line,home,1.5,home_run_line,-217.0,0.7231445801754468,0.0563909304867125,0.1223683191561663,False,824879,1,final,2026-08-28T17:43:21.077345+00:00,1,0,1,1.5,-1.5,6.5,Win,HOME,0.0563909304867125,-217.0,,1.5,6.5,0.1223683191561663,0.7231445801754468,Day,0.05_to_0.0749,minus_200_or_lower,1.0_to_1.9,5_to_9.9,0.10_to_0.1499,70_to_74.9,70_to_74.9,6.5_to_7.0,+1.5
63302267,baseball,mlb,2026_08_27,03:07 PM,Toronto Blue Jays,Kansas City Royals,run_line,home,1.5,home_run_line,-172.0,0.6948233205766584,0.0987903674235528,0.169919431968511,False,822771,1,final,2026-08-28T17:43:21.077345+00:00,2,13,15,1.5,-1.5,8.5,Loss,HOME,0.0987903674235528,-172.0,,1.5,8.5,0.169919431968511,0.6948233205766584,Day,0.075_to_0.0999,minus_199_to_minus_150,1.0_to_1.9,5_to_9.9,0.15_to_0.1999,65_to_69.9,65_to_69.9,8.5_to_9.0,+1.5
63302523,baseball,mlb,2026_08_27,05:45 PM,San Francisco Giants,Arizona Diamondbacks,run_line,home,1.5,home_run_line,-181.0,0.7676960696120576,0.1918375445358462,0.3472259556098818,False,823179,1,final,2026-08-28T17:43:21.077345+00:00,6,1,7,1.5,-1.5,8.0,Win,HOME,0.1918375445358462,-181.0,,1.5,8.0,0.3472259556098818,0.7676960696120576,Night,0.10_plus,minus_199_to_minus_150,1.0_to_1.9,5_to_9.9,0.20_plus,75_to_79.9,75_to_79.9,8.0_to_8.5,+1.5
63302725,baseball,mlb,2026_08_27,09:05 AM,Washington Nationals,Colorado Rockies,run_line,away,1.5,away_run_line,-196.0,0.7289898015320115,0.1009233737422214,0.197809812534754,False,822694,1,final,2026-08-28T17:43:21.077345+00:00,7,1,8,-1.5,1.5,9.5,Loss,AWAY,0.1009233737422214,-196.0,,1.5,9.5,0.197809812534754,0.7289898015320115,Day,0.10_plus,minus_199_to_minus_150,1.0_to_1.9,5_to_9.9,0.15_to_0.1999,70_to_74.9,70_to_74.9,9.5_to_10.0,+1.5
63303091,baseball,mlb,2026_08_27,10:15 AM,St Louis Cardinals,Baltimore Orioles,run_line,home,1.5,home_run_line,-163.0,0.7747652945457839,0.2500814261689643,0.4076327246554116,False,,,final,2026-08-28T17:43:21.077345+00:00,7,5,12,,,,Win,HOME,0.2500814261689643,-163.0,,,,0.4076327246554116,0.7747652945457839,Day,0.10_plus,minus_199_to_minus_150,UNBUCKETED,UNBUCKETED,0.20_plus,75_to_79.9,75_to_79.9,UNBUCKETED,UNBUCKETED
63303107,baseball,mlb,2026_08_27,03:10 PM,New York Mets,Milwaukee Brewers,run_line,away,-1.5,away_run_line,-119.0,0.5624198044984123,0.0350414889508596,0.041699371851523,False,823581,1,final,2026-08-28T17:43:21.077345+00:00,2,8,10,1.5,-1.5,7.0,Win,AWAY,0.0350414889508596,-119.0,,-1.5,7.0,0.041699371851523,0.5624198044984123,Day,0.03_to_0.0399,minus_124_to_minus_110,1.0_to_1.9,5_to_9.9,0.03_to_0.0499,55_to_59.9,55_to_59.9,7.0_to_7.5,-1.5
63303187,baseball,mlb,2026_08_27,03:05 PM,New York Yankees,Houston Astros,run_line,home,-1.5,home_run_line,124.0,0.4486601626967686,0.0049987644407618,0.0040312616457756,False,823503,1,final,2026-08-28T17:43:21.077345+00:00,1,5,6,-1.5,1.5,8.5,Loss,HOME,0.0049987644407618,124.0,,-1.5,8.5,0.0040312616457756,0.4486601626967686,Day,0.00_to_0.0099,plus_101_to_plus_125,1.0_to_1.9,5_to_9.9,0.001_to_0.0099,<50,<50,8.5_to_9.0,-1.5
