"last_name, first_name",home_team,adj_woba_weather,adj_woba_park,adj_woba_combined
"Springs, Jeffrey",Athletics,0.3019199999999999,0.3713024000000001,0.3366112
"Quintana, Jose",Brewers,0.316,0.2674624,0.2917311999999999
"Mikolas, Miles",Cardinals,0.3508799999999999,0.3371543999999999,0.3440171999999999
"Webb, Logan",Giants,0.2989,0.292922,0.295911
"Eovaldi, Nathan",Rangers,0.22746,0.18063,0.204045
"Abbott, Andrew",Reds,0.28458,0.2734479,0.27901395
"Falter, Bailey",Royals,0.316,0.2674624,0.2917311999999999
"Warren, Will",Yankees,0.318,0.3054072,0.3117035999999999
