player_id,game_id,adj_woba_weather,adj_woba_park,adj_woba_combined
661563,776436,,0.35123,
571510,776440,,0.2772,
645261,776433,,0.29109,
669373,776435,,0.2496,
663903,776439,,0.3038,
656605,776441,,0.30576,
669432,776443,,0.20808,
669358,776438,,0.3417,
669467,776437,,0.33124,
663568,776434,,0.29596,
694462,776447,,0.23868,
694297,776424,,0.36645,
685326,776431,,0.4962299999999999,
579328,776430,,0.33229,
