player_id,game_id,adj_woba_weather,adj_woba_park,adj_woba_combined
700249,776372,0.356967,0.3729,0.3649335
681343,776364,0.303186,0.2870399999999999,0.2951129999999999
592332,776369,0.28435,0.28325,0.2838
677960,776367,0.29764,0.2772,0.28742
693645,776368,0.304128,0.28512,0.294624
668909,776370,0.3024,0.288,0.2952
682243,776362,0.343275,0.3174,0.3303375
