player_id,game_id,adj_woba_weather,adj_woba_park,adj_woba_combined
642547,776459,0.25996,0.26264,0.2613
694973,776461,0.248502,0.24402,0.246261
686752,776458,0.327712,0.31416,0.320936
702070,776463,0.283648,0.27146,0.2775539999999999
671737,776462,0.28548,0.2989,0.29219
664299,776464,0.26784,0.2375999999999999,0.2527199999999999
