player_id,game_id,adj_woba_weather,adj_woba_park,adj_woba_combined
518876,776375,0.31414,0.23908,0.2766099999999999
686930,776379,0.463232,0.47936,0.471296
693313,776374,0.374218,0.38122,0.377719
669330,776387,0.31232,0.3264,0.31936
671106,776382,0.336663,0.31968,0.3281715
621244,776385,0.314184,0.33072,0.322452
519242,776381,0.300776,0.29274,0.2967579999999999
601713,776377,0.248,0.2380799999999999,0.2430399999999999
669302,776373,0.272568,0.25484,0.263704
605483,776380,0.31,0.3255,0.31775
