player_id,game_id,adj_woba_weather,adj_woba_park,adj_woba_combined
605483,776461,0.30752,0.3038,0.30566
671106,776458,0.358308,0.33966,0.348984
543294,776463,0.33792,0.3234,0.33066
686642,776462,0.1988559999999999,0.20776,0.2033079999999999
