player_id,game_id,adj_woba_weather,adj_woba_park,adj_woba_combined
670912,776372,0.303264,0.3168,0.310032
693855,776364,0.250458,0.23712,0.243789
664299,776369,0.24816,0.2472,0.24768
663947,776368,0.313344,0.2937599999999999,0.3035519999999999
663568,776370,0.304416,0.2899199999999999,0.297168
656849,776371,0.308568,0.30797,0.308269
685326,776365,0.41283,0.4003199999999999,0.4065749999999999
