game_date,game_id,gamePk,home_team,away_team,sdv_as_of_date,dratings_home_prob,dratings_away_prob,dratings_home_projected_runs,dratings_away_projected_runs,dratings_total_projected_runs,venue_id,day_night,home_sp_pitch_quality_plus,away_sp_pitch_quality_plus,home_sp_command_plus,away_sp_command_plus,home_sp_xera,away_sp_xera,home_sp_xera_30d,away_sp_xera_30d,home_sp_xwoba,away_sp_xwoba,home_sp_xwoba_30d,away_sp_xwoba_30d,home_sp_avg_velo,away_sp_avg_velo,home_sp_avg_velo_30d,away_sp_avg_velo_30d,home_sp_velo_delta_30d,away_sp_velo_delta_30d,home_sp_pitches,away_sp_pitches,home_sp_games,away_sp_games,home_sp_pitches_30d,away_sp_pitches_30d,home_sp_games_30d,away_sp_games_30d,target_home_runs,target_away_runs
2026-03-26,3954fca33e068341fbcf893afefbc2e6,824541,Cincinnati Reds,Boston Red Sox,2026-03-25,0.443,0.557,3.17,3.78,6.95,2602,day,,,,,,,,,,,,,,,,,,,,,,,,,,,0.0,3.0
2026-03-26,4de2590a17bdf6f8b4a906f4c63162c0,824704,Chicago Cubs,Washington Nationals,2026-03-25,0.69,0.31,5.54,2.48,8.02,17,day,,,,,,,,,,,,,,,,,,,,,,,,,,,4.0,10.0
2026-03-26,5c8789e78ef558dfaf6b887deacec21c,823163,Seattle Mariners,Cleveland Guardians,2026-03-25,0.642,0.358,4.18,2.69,6.87,680,night,,,,,,,,,,,,,,,,,,,,,,,,,,,4.0,6.0
2026-03-26,7dc467f8d7fca948c9e9ca103825d968,823649,New York Mets,Pittsburgh Pirates,2026-03-25,0.56,0.44,3.92,3.04,6.96,3289,day,,,,,,,,,,,,,,,,,,,,,,,,,,,11.0,7.0
2026-03-26,938a5275d47936ba93f9663f6415f344,824218,Houston Astros,Los Angeles Angels,2026-03-25,0.632,0.368,4.51,3.13,7.64,2392,day,,,,,,,,,,,,,,,,,,,,,,,,,,,0.0,3.0
2026-03-26,a6a0dde319f89b70eb1cf1e004b81fe6,823974,Los Angeles Dodgers,Arizona Diamondbacks,2026-03-25,0.726,0.274,5.39,3.05,8.44,22,night,,,,,,,,,,,,,,,,,,,,,,,,,,,8.0,2.0
2026-03-26,ac57f6f9aed299cfeb9551b910fa7248,823486,Philadelphia Phillies,Texas Rangers,2026-03-25,0.539,0.461,4.38,3.98,8.36,2681,day,,,,,,,,,,,,,,,,,,,,,,,,,,,5.0,3.0
2026-03-26,afb66747c7f054c593a2674b7b304b4e,823812,Milwaukee Brewers,Chicago White Sox,2026-03-25,0.643,0.357,4.94,2.75,7.69,32,day,,,,,,,,,,,,,,,,,,,,,,,,,,,14.0,2.0
2026-03-26,c52d19ac74eb2f89bfb7bc284970d655,824865,Baltimore Orioles,Minnesota Twins,2026-03-25,0.599,0.401,4.6,3.57,8.17,2,day,,,,,,,,,,,,,,,,,,,,,,,,,,,2.0,1.0
2026-03-26,ded68cb95818777b5dd185d53a79acff,823325,San Diego Padres,Detroit Tigers,2026-03-25,0.485,0.515,3.02,3.18,6.2,2680,day,,,,,,,,,,,,,,,,,,,,,,,,,,,2.0,8.0
2026-03-27,3a7909f4e2e9f0bedff35e657a6b5cbe,824216,Houston Astros,Los Angeles Angels,2026-03-26,0.526,0.474,4.47,4.19,8.66,2392,night,,,,,,,,,,,,,,,,,,,,,,,,,,,2.0,6.0
2026-03-27,45eec2b395c23c0449b2d9ee928b3f8d,823893,Miami Marlins,Colorado Rockies,2026-03-26,0.554,0.446,4.1,3.54,7.64,4169,night,,,,,,,,,,,,,,,,,,,,,,,,,,,2.0,1.0
2026-03-27,487285d7a2811bab184f43dff7b4f563,823243,San Francisco Giants,New York Yankees,2026-03-26,0.509,0.491,4.16,4.07,8.23,2395,day,,,,,,,,,,,,,,,,,,,,,,,,,,,0.0,3.0
2026-03-27,5a803a22e56c7ecf1ff614f2cd9124c3,823324,San Diego Padres,Detroit Tigers,2026-03-26,0.472,0.528,3.47,3.76,7.23,2680,night,,,,,,,,,,,,,,,,,,,,,,,,,,,2.0,5.0
2026-03-27,88ab453feed0e220f331817b3aec9b00,824946,Atlanta Braves,Kansas City Royals,2026-03-26,0.617,0.383,4.32,3.09,7.41,4705,night,,,,,,,,,,,,,,,,,,,,,,,,,,,6.0,0.0
2026-03-27,964bf73d6e6a9d5e87ffb96d1703af2e,823971,Los Angeles Dodgers,Arizona Diamondbacks,2026-03-26,0.654,0.346,5.29,3.69,8.98,22,night,,,,,,,,,,,,,,,,,,,,,,,,,,,5.0,4.0
2026-03-27,dc68cc35f657fa8af1c2f9310055cb33,823162,Seattle Mariners,Cleveland Guardians,2026-03-26,0.609,0.391,4.2,3.06,7.26,680,night,,,,,,,,,,,,,,,,,,,,,,,,,,,5.0,1.0
2026-03-28,0b1c8f9394e800658a0fd429a8685edd,823323,San Diego Padres,Detroit Tigers,2026-03-27,0.472,0.528,4.13,4.42,8.55,2680,night,,,,,,,,,,,,,,,,,,,,,,,,,,,3.0,0.0
2026-03-28,1a825b96d509d162a93aedec56ed8927,823892,Miami Marlins,Colorado Rockies,2026-03-27,0.632,0.368,4.68,3.3,7.98,4169,day,,,,,,,,,,,,,,,,,,,,,,,,,,,4.0,3.0
2026-03-28,2262e13c280ca7610f5186dd2c77b23d,824213,Houston Astros,Los Angeles Angels,2026-03-27,0.607,0.393,5.2,4.08,9.28,2392,night,,,,,,,,,,,,,,,,,,,,,,,,,,,11.0,9.0
2026-03-28,2676d7ac3c89974581ba5cd216b0424f,823811,Milwaukee Brewers,Chicago White Sox,2026-03-27,0.645,0.355,5.04,3.53,8.57,32,night,,,,,,,,,,,,,,,,,,,,,,,,,,,6.0,1.0
2026-03-28,4e515c128a5ccbd9a666705e73a055ea,824540,Cincinnati Reds,Boston Red Sox,2026-03-27,0.446,0.554,3.63,4.19,7.82,2602,day,,,,,,,,,,,,,,,,,,,,,,,,,,,6.0,5.0
2026-03-28,70e647daf98ec717652b7a06c7a93e6e,824701,Chicago Cubs,Washington Nationals,2026-03-27,0.642,0.358,5.46,3.96,9.42,17,day,,,,,,,,,,,,,,,,,,,,,,,,,,,10.0,2.0
2026-03-28,83fb92be857af525695a1086c6d0eaaf,823488,Philadelphia Phillies,Texas Rangers,2026-03-27,0.568,0.432,4.64,3.92,8.56,2681,day,,,,,,,,,,,,,,,,,,,,,,,,,,,4.0,5.0
2026-03-28,93188dfe3185656f40aad93e25a4bead,823651,New York Mets,Pittsburgh Pirates,2026-03-27,0.631,0.369,4.6,3.22,7.82,3289,day,,,,,,,,,,,,,,,,,,,,,,,,,,,4.0,2.0
2026-03-28,9f95aca01eff5725132691732b38a03e,823973,Los Angeles Dodgers,Arizona Diamondbacks,2026-03-27,0.737,0.263,5.73,3.26,8.99,22,night,,,,,,,,,,,,,,,,,,,,,,,,,,,3.0,2.0
2026-03-28,c016bc529dccaa041545262bfb133323,823161,Seattle Mariners,Cleveland Guardians,2026-03-27,0.644,0.356,4.19,2.67,6.86,680,night,,,,,,,,,,,,,,,,,,,,,,,,,,,5.0,6.0
2026-03-28,e0d4956a76de96648305fd7ef0d96800,824945,Atlanta Braves,Kansas City Royals,2026-03-27,0.57,0.43,4.5,3.76,8.26,4705,night,,,,,,,,,,,,,,,,,,,,,,,,,,,6.0,2.0
2026-03-28,e4be161112d6550a383416acab9cc6cb,823241,San Francisco Giants,New York Yankees,2026-03-27,0.469,0.531,4.32,4.65,8.97,2395,day,,,,,,,,,,,,,,,,,,,,,,,,,,,1.0,3.0
2026-03-28,e5bb185ad50b6e624fefc0480aed9633,824862,Baltimore Orioles,Minnesota Twins,2026-03-27,0.616,0.384,5.12,3.9,9.02,2,day,,,,,,,,,,,,,,,,,,,,,,,,,,,1.0,4.0
2026-03-29,1cc0a701f7797bb7a857a7b86d813bc3,824700,Chicago Cubs,Washington Nationals,2026-03-28,0.691,0.309,5.68,3.73,9.41,17,day,,,,,,,,,,,,,,,,,,,,,,,,,,,3.0,6.0
2026-03-29,24c5b56e3ca8ad6f391c82da33200b32,823810,Milwaukee Brewers,Chicago White Sox,2026-03-28,0.642,0.358,5.05,3.55,8.6,32,day,,,,,,,,,,,,,,,,,,,,,,,,,,,9.0,7.0
2026-03-29,285b503fee35b6ef594efb5a51af4852,823487,Philadelphia Phillies,Texas Rangers,2026-03-28,0.55,0.45,5.42,4.9,10.32,2681,day,,,,,,,,,,,,,,,,,,,,,,,,,,,3.0,8.0
2026-03-29,691a2e76d0dd8b75857aa006417cd71f,823160,Seattle Mariners,Cleveland Guardians,2026-03-28,0.562,0.438,4.55,3.89,8.44,680,day,,,,,,,,,,,,,,,,,,,,,,,,,,,8.0,0.0
2026-03-29,8fe8daacad929f4573b3727c48c408a3,824864,Baltimore Orioles,Minnesota Twins,2026-03-28,0.564,0.436,5.51,4.84,10.35,2,day,,,,,,,,,,,,,,,,,,,,,,,,,,,8.0,6.0
2026-03-29,b14a5b9c91da30ed32754a658ccd291a,824538,Cincinnati Reds,Boston Red Sox,2026-03-28,0.48,0.52,4.0,4.21,8.21,2602,day,,,,,,,,,,,,,,,,,,,,,,,,,,,3.0,2.0
2026-03-29,cba87f51d6aaf782f15d618c9783d976,824944,Atlanta Braves,Kansas City Royals,2026-03-28,0.546,0.454,4.21,3.72,7.93,4705,day,,,,,,,,,,,,,,,,,,,,,,,,,,,1.0,4.0
2026-03-29,d9fde1830516f8d110396de3488df17b,823891,Miami Marlins,Colorado Rockies,2026-03-28,0.59,0.41,4.63,3.69,8.32,4169,day,,,,,,,,,,,,,,,,,,,,,,,,,,,4.0,3.0
2026-03-29,dcc3bfcf77ed21831942e88a0c03ac20,823647,New York Mets,Pittsburgh Pirates,2026-03-28,0.697,0.303,5.28,3.27,8.55,3289,day,,,,,,,,,,,,,,,,,,,,,,,,,,,3.0,4.0
2026-03-29,efc716ec5ed02ff75164fec236e0d60b,824215,Houston Astros,Los Angeles Angels,2026-03-28,0.613,0.387,5.14,3.96,9.1,2392,day,,,,,,,,,,,,,,,,,,,,,,,,,,,9.0,7.0
2026-03-30,0ead2ddb81bd23c5cf3c8bf29237af4b,822834,Toronto Blue Jays,Colorado Rockies,2026-03-29,0.682,0.318,5.37,3.5,8.87,14,night,,,,,,,,,,,,,,,,,,,,,,,,,,,5.0,14.0
2026-03-30,1285603c30d60465769201640920f04e,823484,Philadelphia Phillies,Washington Nationals,2026-03-29,0.631,0.369,5.93,4.56,10.49,2681,night,,,,,,,,,,,,,,,,,,,,,,,,,,,2.0,13.0
2026-03-30,24e5dec72a26c2b5304dda6d4fc9b9d4,825108,Arizona Diamondbacks,Detroit Tigers,2026-03-29,0.493,0.507,4.17,4.24,8.41,15,night,,,,,,,,,,,,,,,,,,,,,,,,,,,9.0,6.0
2026-03-30,27331c71f78dcb268af96a5483952ca2,823159,Seattle Mariners,New York Yankees,2026-03-29,0.446,0.554,3.44,4.02,7.46,680,night,,,,,,,,,,,,,,,,,,,,,,,,,,,2.0,1.0
2026-03-30,302b4128aeb5c50b679d20539e8816c4,823890,Miami Marlins,Chicago White Sox,2026-03-29,0.539,0.461,4.62,4.21,8.83,4169,night,,,,,,,,,,,,,,,,,,,,,,,,,,,4.0,9.0
2026-03-30,4f499b3c97433774d26ebe998b1e9c54,823972,Los Angeles Dodgers,Cleveland Guardians,2026-03-29,0.67,0.33,5.34,3.58,8.92,22,night,,,,,,,,,,,,,,,,,,,,,,,,,,,2.0,4.0
2026-03-30,640970e11703be5ad9c5087e476eecc7,824863,Baltimore Orioles,Texas Rangers,2026-03-29,0.538,0.462,4.88,4.49,9.37,2,night,,,,,,,,,,,,,,,,,,,,,,,,,,,2.0,5.0
2026-03-30,7493ee494cdbb239513b5032bd1d2702,824135,Kansas City Royals,Minnesota Twins,2026-03-29,0.601,0.399,5.16,4.1,9.26,7,day,,,,,,,,,,,,,,,,,,,,,,,,,,,3.0,1.0
2026-03-30,a263feaf763c1299324e6d7fc4f5f5c5,823809,Milwaukee Brewers,Tampa Bay Rays,2026-03-29,0.546,0.454,4.49,4.01,8.5,32,night,,,,,,,,,,,,,,,,,,,,,,,,,,,2.0,3.0
2026-03-30,a482d9f2b799c59df8b639db5cce02e5,824214,Houston Astros,Boston Red Sox,2026-03-29,0.456,0.544,3.76,4.23,7.99,2392,night,,,,,,,,,,,,,,,,,,,,,,,,,,,8.0,1.0
2026-03-30,b780a77331a7f24c19a612abf1b71f30,824539,Cincinnati Reds,Pittsburgh Pirates,2026-03-29,0.566,0.434,4.66,3.97,8.63,2602,night,,,,,,,,,,,,,,,,,,,,,,,,,,,2.0,0.0
2026-03-30,b9044eb7a2798e7b9c463104de35f476,823320,San Diego Padres,San Francisco Giants,2026-03-29,0.554,0.446,5.11,4.55,9.66,2680,night,,,,,,,,,,,,,,,,,,,,,,,,,,,2.0,3.0
2026-03-30,cb56684da584f70f8c48dec3ad5bdb7c,824702,Chicago Cubs,Los Angeles Angels,2026-03-29,0.62,0.38,5.63,4.36,9.99,17,night,,,,,,,,,,,,,,,,,,,,,,,,,,,7.0,2.0
2026-03-31,293dc85524404aab44c5329de3f56664,823322,San Diego Padres,San Francisco Giants,2026-03-30,0.502,0.498,3.77,3.75,7.52,2680,night,,98.89561503168711,,101.02228412300688,,5.95469833846154,,5.95469833846154,,0.3693650769230769,,0.3693650769230769,,89.15348837209302,,89.15348837209302,,0.0,,86.0,,1.0,,86.0,,1.0,3.0,9.0
2026-03-31,3606100715aa7a59a44cebf83296c1ee,823969,Los Angeles Dodgers,Cleveland Guardians,2026-03-30,0.65,0.35,4.84,3.27,8.11,22,night,,99.98213314497865,,99.37197196496489,,7.005426399999999,,7.005426399999999,,0.4039284999999999,,0.4039284999999999,,87.91410256410256,,87.91410256410256,,0.0,,78.0,,1.0,,78.0,,1.0,4.0,1.0
2026-03-31,445445096cf76e57c1a9dee969e15995,824537,Cincinnati Reds,Pittsburgh Pirates,2026-03-30,0.566,0.434,4.57,3.87,8.44,2602,night,,,,,,,,,,,,,,,,,,,,,,,,,,,3.0,8.0
2026-03-31,484bcc5bc25e0e38e25dcac48903ccea,823485,Philadelphia Phillies,Washington Nationals,2026-03-30,0.67,0.33,5.42,3.66,9.08,2681,night,,102.5687238701392,,97.4094115588753,,5.307366,,5.307366,,0.34807125,,0.34807125,,82.85263157894737,,82.85263157894737,,0.0,,38.0,,2.0,,38.0,,2.0,3.0,2.0
2026-03-31,4f785ad4f8847d0e028769afc44d9942,824699,Chicago Cubs,Los Angeles Angels,2026-03-30,0.598,0.402,4.55,3.52,8.07,17,night,,103.27526882037805,,100.22460670317304,,2.0502257391304357,,2.0502257391304357,,0.2409284782608695,,0.2409284782608695,,94.26813186813186,,94.26813186813186,,0.0,,95.0,,1.0,,95.0,,1.0,0.0,2.0
2026-03-31,522613bca37febfdc7fe1b1b858dea09,823807,Milwaukee Brewers,Tampa Bay Rays,2026-03-30,0.541,0.459,4.29,3.85,8.14,32,night,,,,,,,,,,,,,,,,,,,,,,,,,,,6.0,2.0
2026-03-31,5fa4f7bd1d1be2a30a40c0d7f653d9ff,824212,Houston Astros,Boston Red Sox,2026-03-30,0.577,0.423,4.07,3.27,7.34,2392,night,99.03311612100627,,99.27519388225846,,1.365829818181818,,1.365829818181818,,0.2184154545454545,,0.2184154545454545,,92.03235294117648,,92.03235294117648,,0.0,,102.0,,1.0,,102.0,,1.0,,9.0,2.0
2026-03-31,85518e9fa7d88ada5c7ef6acc3fb06fc,825107,Arizona Diamondbacks,Detroit Tigers,2026-03-30,0.47,0.53,4.45,4.76,9.21,15,night,,,,,,,,,,,,,,,,,,,,,,,,,,,7.0,5.0
2026-03-31,8d928227a51e9c7b63c36bcf0a8083f0,823158,Seattle Mariners,New York Yankees,2026-03-30,0.514,0.486,3.7,3.55,7.25,680,night,99.58827642695142,96.1034527942343,102.06320706352057,98.56586307400912,1.214228571428572,3.95899812173913,1.214228571428572,3.95899812173913,0.2134285714285714,0.3037170434782608,0.2134285714285714,0.3037170434782608,88.58488372093024,88.44883720930233,88.58488372093024,88.44883720930233,0.0,0.0,86.0,86.0,1.0,1.0,86.0,86.0,1.0,1.0,0.0,5.0
2026-03-31,a7ee9fc9ac1db47a494d6c4c39dfc4de,824861,Baltimore Orioles,Texas Rangers,2026-03-30,0.52,0.48,4.98,4.77,9.75,2,night,,,,,,,,,,,,,,,,,,,,,,,,,,,5.0,8.0
2026-03-31,b724336c8a25a94c67ba0d63ea2c98a0,822836,Toronto Blue Jays,Colorado Rockies,2026-03-30,0.65,0.35,4.96,3.4,8.36,14,night,,,,,,,,,,,,,,,,,,,,,,,,,,,5.0,1.0
2026-03-31,c49833eafa15bdd83a074d3229783d86,823888,Miami Marlins,Chicago White Sox,2026-03-30,0.584,0.416,4.86,3.98,8.84,4169,night,,,,,,,,,,,,,,,,,,,,,,,,,,,9.0,2.0
2026-04-01,03100440c2d895c0a6ffd0e94af916a9,825106,Arizona Diamondbacks,Detroit Tigers,2026-03-31,0.384,0.616,3.06,4.29,7.35,15,day,103.6656257696365,101.02283189771636,100.4439573658104,100.29356852676506,9.522112,1.197054545454546,9.522112,1.197054545454546,0.4867142105263157,0.2128636363636363,0.4867142105263157,0.2128636363636363,90.3092105263158,92.89729729729729,90.3092105263158,92.89729729729729,0.0,0.0,76.0,74.0,1.0,1.0,76.0,74.0,1.0,1.0,1.0,0.0
2026-04-01,0ab4430c93f4388372c2e69d5d140069,824536,Cincinnati Reds,Pittsburgh Pirates,2026-03-31,0.505,0.495,3.44,3.39,6.83,2602,day,98.16118044237176,101.6444948318658,99.0050775749318,98.64259311763988,2.6904732000000005,6.218135644444445,2.6904732000000005,6.218135644444445,0.26198925,0.3780307777777777,0.26198925,0.3780307777777777,88.02650602409638,93.5054054054054,88.02650602409638,93.5054054054054,0.0,0.0,83.0,37.0,1.0,1.0,83.0,37.0,1.0,1.0,3.0,8.0
2026-04-01,24f243aa4931d665a39634650fab8767,822835,Toronto Blue Jays,Colorado Rockies,2026-03-31,0.66,0.34,4.65,2.99,7.64,14,day,99.94728069353027,87.94291678160933,101.42105584067616,97.01936075702936,1.0924,5.346134323809524,1.0924,5.346134323809524,0.2094210526315789,0.3493465238095238,0.2094210526315789,0.3493465238095238,89.37951807228916,87.53703703703704,89.37951807228916,87.53703703703704,0.0,0.0,83.0,81.0,1.0,1.0,83.0,81.0,1.0,1.0,1.0,2.0
2026-04-01,25b209388bb30aa144af568ffd0b3921,823157,Seattle Mariners,New York Yankees,2026-03-31,0.548,0.452,4.39,3.89,8.28,680,day,98.1701774422976,100.7878406611824,101.60900195344746,99.5766195586836,2.953220038095239,-1.078799999999999,2.953220038095239,-1.078799999999999,0.2706322380952381,0.138,0.2706322380952381,0.138,91.78333333333332,95.8264705882353,91.78333333333332,95.8264705882353,0.0,0.0,90.0,69.0,1.0,1.0,90.0,69.0,1.0,1.0,3.0,5.0
2026-04-01,321f53de67eea12b85a524534e30a5ba,823889,Miami Marlins,Chicago White Sox,2026-03-31,0.58,0.42,4.39,3.55,7.94,4169,day,100.30685167811208,103.35953252140423,100.44546578286987,98.48004638972314,1.0146291200000008,4.7992528000000005,1.0146291200000008,4.7992528000000005,0.2068628,0.331357,0.2068628,0.331357,91.27534246575344,93.5074074074074,91.27534246575344,93.5074074074074,0.0,0.0,73.0,54.0,1.0,1.0,73.0,54.0,1.0,1.0,10.0,0.0
2026-04-01,4dabf3c25d679f972f575c9dfd6f7c94,824860,Baltimore Orioles,Texas Rangers,2026-03-31,0.542,0.458,3.95,3.52,7.47,2,day,100.21432206243496,103.66905124813286,98.09700331410164,100.65946385014269,3.727605511111111,2.820690909090909,3.727605511111111,2.820690909090909,0.2961054444444444,0.2662727272727272,0.2961054444444444,0.2662727272727272,88.38068181818181,89.35,88.38068181818181,89.35,0.0,0.0,88.0,80.0,1.0,1.0,88.0,80.0,1.0,1.0,8.0,3.0
2026-04-01,53d62d8a9267d511ebf7cd7fa665db9e,823483,Philadelphia Phillies,Washington Nationals,2026-03-31,0.69,0.31,5.51,3.57,9.08,2681,day,101.47561996913528,99.89883882977526,98.99244352031585,99.46347992355788,-0.5952952380952379,2.780846588235293,-0.5952952380952379,2.780846588235293,0.1539047619047619,0.2649620588235293,0.1539047619047619,0.2649620588235293,90.12183908045978,91.364,90.12183908045978,91.364,0.0,0.0,87.0,75.0,1.0,1.0,87.0,75.0,1.0,1.0,6.0,5.0
2026-04-01,5fe99c93584b4bf570646386c809ec41,824698,Chicago Cubs,Los Angeles Angels,2026-03-31,0.606,0.394,4.04,2.92,6.96,17,day,98.63479371099136,93.2911212936516,99.01308602249478,100.2196996779066,10.06867435294118,5.698721090909091,10.06867435294118,5.698721090909091,0.5046932352941177,0.3609447727272727,0.5046932352941177,0.3609447727272727,88.91428571428573,88.83255813953488,88.91428571428573,88.83255813953488,0.0,0.0,63.0,86.0,1.0,1.0,63.0,86.0,1.0,1.0,6.0,2.0
2026-04-01,6adbbe821c88271b3ccca51eb9d54dee,823806,Milwaukee Brewers,Tampa Bay Rays,2026-03-31,0.573,0.427,4.04,3.26,7.3,32,day,99.68020666844714,100.07720408397036,97.76510526741288,101.586933585139,2.8798196,2.7865600000000006,2.8798196,2.7865600000000006,0.26821775,0.26515,0.26821775,0.26515,95.62021276595743,92.86301369863014,95.62021276595743,92.86301369863014,0.0,0.0,95.0,73.0,1.0,1.0,95.0,73.0,1.0,1.0,8.0,2.0
2026-04-01,6e5e041ab28b3e4d10c68fb1fdd50a89,823321,San Diego Padres,San Francisco Giants,2026-03-31,0.61,0.39,4.38,3.22,7.6,2680,day,97.27553543829306,,97.47964566475255,,7.790568,,7.790568,,0.4297555263157894,,0.4297555263157894,,87.22753623188406,,87.22753623188406,,0.0,,69.0,,1.0,,69.0,,1.0,,7.0,1.0
2026-04-01,7d8eb7e9ca4020fe2b949197c47e54a4,824211,Houston Astros,Boston Red Sox,2026-03-31,0.392,0.608,3.07,4.19,7.26,2392,day,99.24516706728924,98.6416840762542,100.73076751354117,97.88238870864475,4.340081846153849,2.873987636363636,4.340081846153849,2.873987636363636,0.3162526923076924,0.268025909090909,0.3162526923076924,0.268025909090909,90.40744680851064,93.32375,90.40744680851064,93.32375,0.0,0.0,94.0,80.0,1.0,1.0,94.0,80.0,1.0,1.0,6.0,4.0
2026-04-01,cc33d68ceec04cd9b09a8c631d7574a0,824136,Kansas City Royals,Minnesota Twins,2026-03-31,0.54,0.46,3.82,3.4,7.22,7,night,,99.13192383800728,,99.93925491480287,,0.867712,,0.867712,,0.20203,,0.20203,,89.12705882352941,,89.12705882352941,,0.0,,85.0,,1.0,,85.0,,1.0,13.0,9.0
2026-04-01,fd93ab95f0912b81f977d64ebcc5df42,823970,Los Angeles Dodgers,Cleveland Guardians,2026-03-31,0.71,0.29,4.76,2.6,7.36,22,night,101.53070917764188,100.8835910893995,102.2031975851037,97.009451389536,3.235104761904763,4.526835636363637,3.235104761904763,4.526835636363637,0.2799047619047619,0.3223959090909091,0.2799047619047619,0.3223959090909091,89.67578947368422,92.11685393258426,89.67578947368422,92.11685393258426,0.0,0.0,95.0,89.0,1.0,1.0,95.0,89.0,1.0,1.0,1.0,4.0
2026-04-02,c7e9785b27cff0b87f132c7c63daea75,823242,San Francisco Giants,New York Mets,2026-04-01,0.463,0.537,3.78,4.16,7.94,2395,night,100.27842535981983,99.383495744607,98.5988778716502,98.88697048585334,3.3320952380952398,3.17546112,3.3320952380952398,3.17546112,0.2830952380952381,0.2779428,0.2830952380952381,0.2779428,89.2629213483146,87.24605263157895,89.2629213483146,87.24605263157895,0.0,0.0,89.0,76.0,1.0,1.0,89.0,76.0,1.0,1.0,7.0,2.0
2026-04-02,e55dd97cbbe9b080f6059d380832d84f,825105,Arizona Diamondbacks,Atlanta Braves,2026-04-01,0.477,0.523,4.2,4.45,8.65,15,night,97.9154600858359,101.2212742983091,98.5548666808788,97.97957734624904,8.297768,4.670351272727274,8.297768,4.670351272727274,0.4464397368421052,0.3271168181818182,0.4464397368421052,0.3271168181818182,92.56626506024097,88.62597402597402,92.56626506024097,88.62597402597402,0.0,0.0,83.0,77.0,1.0,1.0,83.0,77.0,1.0,1.0,2.0,17.0
2026-04-03,02a4ac33822ef29632a98a54a26c6e72,823732,Minnesota Twins,Tampa Bay Rays,2026-04-02,0.494,0.506,4.34,4.49,8.83,3312,day,103.2992111540661,101.55071411113168,97.6214693148105,98.91913010135411,5.95394494117647,3.4356000000000013,5.95394494117647,3.4356000000000013,0.369340294117647,0.2865,0.369340294117647,0.2865,84.54642857142858,92.22533333333332,84.54642857142858,92.22533333333332,0.0,0.0,56.0,75.0,1.0,1.0,56.0,75.0,1.0,1.0,10.0,4.0
2026-04-03,0f9bae674791b2ef6540b6c885ca8d67,822758,Washington Nationals,Los Angeles Dodgers,2026-04-02,0.332,0.668,3.95,5.83,9.78,3309,day,102.72806927670628,102.36921794084736,101.67344849888046,98.94499677749025,2.6583163333333344,6.047283,2.6583163333333344,6.047283,0.2609314583333333,0.372410625,0.2609314583333333,0.372410625,86.55051546391752,88.7566265060241,86.55051546391752,88.7566265060241,0.0,0.0,97.0,83.0,1.0,1.0,97.0,83.0,1.0,1.0,6.0,13.0
2026-04-03,292a9ce022187e0a27729ba402751e8c,824786,Boston Red Sox,San Diego Padres,2026-04-02,0.585,0.415,4.66,4.5,9.16,3,day,100.22567229789692,97.08990010059524,101.01580906153931,97.83990429344902,8.182630933333334,4.122407440000001,8.182630933333334,4.122407440000001,0.4426523333333333,0.30909235,0.4426523333333333,0.30909235,88.29249999999999,88.93780487804878,88.29249999999999,88.93780487804878,0.0,0.0,80.0,82.0,1.0,1.0,80.0,82.0,1.0,1.0,5.0,2.0
2026-04-03,2bb9ef2181cdb59b76492b604e5256d6,823568,New York Yankees,Miami Marlins,2026-04-02,0.568,0.432,5.45,4.4,9.85,3313,day,100.81545334891412,102.09254727037708,100.04459606719703,99.18664262713985,4.302912,5.455832000000001,4.302912,5.455832000000001,0.31503,0.352955,0.31503,0.352955,92.67831325301204,91.69032258064516,92.67831325301204,91.69032258064516,0.0,0.0,83.0,93.0,1.0,1.0,83.0,93.0,1.0,1.0,8.0,2.0
2026-04-03,453461c70d67fa8012419eeefc30e149,825103,Arizona Diamondbacks,Atlanta Braves,2026-04-02,0.428,0.572,4.45,5.16,9.61,15,night,99.06567664125006,90.12048611018656,98.23343291991723,98.43681763868425,3.0002264,1.717405818181818,3.0002264,1.717405818181818,0.2721785,0.2299804545454545,0.2721785,0.2299804545454545,88.79113924050633,88.34078947368421,88.79113924050633,88.34078947368421,0.0,0.0,79.0,76.0,1.0,1.0,79.0,76.0,1.0,1.0,0.0,2.0
2026-04-03,79116c311ac42e78eb951ee46440d09f,823406,Pittsburgh Pirates,Baltimore Orioles,2026-04-02,0.493,0.507,4.12,4.38,8.5,31,day,101.79829363776145,94.7750944052721,99.8792900187104,98.53723424422397,1.2692380952380948,2.147368,1.2692380952380948,2.147368,0.2152380952380952,0.244123947368421,0.2152380952380952,0.244123947368421,88.48441558441559,88.37469879518073,88.48441558441559,88.37469879518073,0.0,0.0,77.0,83.0,1.0,1.0,77.0,83.0,1.0,1.0,5.0,4.0
2026-04-03,86847e700f1f4f34225dc6187f7c1257,824621,Chicago White Sox,Toronto Blue Jays,2026-04-02,0.391,0.609,3.92,4.95,8.87,4,day,92.41919827946155,99.84935361946413,97.25684675697032,99.67794682328687,2.0484480000000014,2.632169454545455,2.0484480000000014,2.632169454545455,0.24087,0.2600713636363636,0.24087,0.2600713636363636,93.904,91.43888888888888,93.904,91.43888888888888,0.0,0.0,50.0,90.0,2.0,1.0,50.0,90.0,2.0,1.0,5.0,4.0
2026-04-03,8f72c90df46c96451049020f8482d5c7,822919,Texas Rangers,Cincinnati Reds,2026-04-02,0.587,0.413,4.21,3.29,7.5,5325,day,97.52430587962051,99.1170267291961,97.13980385776546,97.46274042460178,2.744776581818182,7.046443200000001,2.744776581818182,7.046443200000001,0.2637755454545454,0.4052777368421053,0.2637755454545454,0.4052777368421053,90.40111111111112,87.28918918918919,90.40111111111112,87.28918918918919,0.0,0.0,90.0,74.0,1.0,1.0,90.0,74.0,1.0,1.0,3.0,5.0
2026-04-03,9c1e11abdcd795ef8ff437128ea5e829,824458,Cleveland Guardians,Chicago Cubs,2026-04-02,0.501,0.499,3.66,4.14,7.81,5,day,95.04506866335436,100.56937346813226,95.3797726734865,101.7797494806052,5.819221777777779,3.745803047619048,5.819221777777779,3.745803047619048,0.3649086111111111,0.2967040476190476,0.3649086111111111,0.2967040476190476,86.50329670329671,91.228,86.50329670329671,91.228,0.0,0.0,91.0,75.0,1.0,1.0,91.0,75.0,1.0,1.0,4.0,1.0
2026-04-03,c58c47a59e543a1a6aa0202a6ca69a25,824056,Los Angeles Angels,Seattle Mariners,2026-04-02,0.341,0.659,3.51,5.5,9.01,1,night,96.33070042321516,98.66189956955976,99.80184383189274,101.25779907804774,1.168928228571429,1.2802201739130434,1.168928228571429,1.2802201739130434,0.2119384285714285,0.2155993478260869,0.2119384285714285,0.2155993478260869,87.96000000000001,93.844578313253,87.96000000000001,93.844578313253,0.0,0.0,95.0,83.0,1.0,1.0,95.0,83.0,1.0,1.0,1.0,3.0
2026-04-03,d9a1b05c6ab0703ea7c26b6fc732451f,823240,San Francisco Giants,New York Mets,2026-04-02,0.425,0.575,3.62,4.41,8.03,2395,night,102.66817170877036,100.53967188169295,101.17784212547969,99.71035861841868,6.2525802352941175,2.9426736727272726,6.2525802352941175,2.9426736727272726,0.3791638235294117,0.2702853181818181,0.3791638235294117,0.2702853181818181,88.52374999999999,90.26666666666668,88.52374999999999,90.26666666666668,0.0,0.0,80.0,84.0,1.0,1.0,80.0,84.0,1.0,1.0,3.0,10.0
2026-04-03,dcf384a7692bd7df83a96e49919f2dc0,824377,Colorado Rockies,Philadelphia Phillies,2026-04-02,0.356,0.644,4.67,5.51,10.18,19,day,101.38805524750134,101.46161749047448,100.03152081215076,100.40726376059528,7.001262981818184,6.763805818181819,7.001262981818184,6.763805818181819,0.4037915454545455,0.3959804545454545,0.4037915454545455,0.3959804545454545,88.00860215053764,86.6054945054945,88.00860215053764,86.6054945054945,0.0,0.0,93.0,91.0,1.0,1.0,93.0,91.0,1.0,1.0,1.0,10.0
2026-04-04,2c78d22f888a922842d18ab0938e9db4,824378,Colorado Rockies,Philadelphia Phillies,2026-04-03,0.386,0.614,4.29,5.49,9.78,19,night,99.9820519302244,97.5938901764466,100.26233416299333,97.06648683460982,3.727163636363638,2.7866025600000013,3.727163636363638,2.7866025600000013,0.2960909090909091,0.2651514,0.2960909090909091,0.2651514,84.1925,90.34444444444443,84.1925,90.34444444444443,0.0,0.0,40.0,99.0,4.0,1.0,40.0,99.0,4.0,1.0,1.0,2.0
2026-04-04,2f55ab2592008c576ce6bba0557199d8,824295,Detroit Tigers,St Louis Cardinals,2026-04-03,0.655,0.345,5.44,3.82,9.26,2394,day,101.73111532375025,102.70828943012016,98.06024606013372,98.51748888528236,9.863955047619047,7.785266545454546,9.863955047619047,7.785266545454546,0.4979590476190476,0.4295811363636364,0.4979590476190476,0.4295811363636364,88.78314606741573,90.31475409836064,88.78314606741573,90.31475409836064,0.0,0.0,89.0,61.0,1.0,1.0,89.0,61.0,1.0,1.0,11.0,6.0
2026-04-04,312f9e53b1d64ed1a38adc48dd3b1ce7,825104,Arizona Diamondbacks,Atlanta Braves,2026-04-03,0.524,0.476,4.84,4.58,9.42,15,day,100.24510223172344,94.4263613268442,100.42028148621864,100.45101993114264,5.475113200000001,3.060602782608696,5.475113200000001,3.060602782608696,0.35358925,0.2741645652173913,0.35358925,0.2741645652173913,87.01573033707865,87.19277108433735,87.01573033707865,87.19277108433735,0.0,0.0,89.0,83.0,1.0,1.0,89.0,83.0,1.0,1.0,2.0,1.0
2026-04-04,376d4054f0497d9efc59db45c18f76ae,824782,Boston Red Sox,San Diego Padres,2026-04-03,0.561,0.439,4.33,3.69,8.02,3,day,96.97960326870007,99.78812478063992,97.72503878350152,99.35507509192432,4.981758476190476,2.3727300869565218,4.981758476190476,2.3727300869565218,0.3373604761904761,0.2515371739130435,0.3373604761904761,0.2515371739130435,88.70729166666666,90.47802197802196,88.70729166666666,90.47802197802196,0.0,0.0,96.0,91.0,1.0,1.0,96.0,91.0,1.0,1.0,2.0,3.0
2026-04-04,415818bc74e8e550d87f1a25d6276e94,823239,San Francisco Giants,New York Mets,2026-04-03,0.47,0.53,4.03,4.35,8.38,2395,night,100.76661638048654,102.44780060526662,99.64878741586048,101.4382719025258,1.847663238095239,5.517147478260871,1.847663238095239,5.517147478260871,0.2342652380952381,0.3549719565217391,0.2342652380952381,0.3549719565217391,88.32840909090909,89.43666666666667,88.32840909090909,89.43666666666667,0.0,0.0,88.0,90.0,1.0,1.0,88.0,90.0,1.0,1.0,0.0,9.0
2026-04-04,41fa4cec7f51caff22b1eab7e4523008,823569,New York Yankees,Miami Marlins,2026-04-03,0.686,0.314,5.31,3.41,8.72,3313,night,99.63570770777604,100.35878057589036,99.63874817629453,99.35383984156108,3.4213120000000004,5.591449043478263,3.4213120000000004,5.591449043478263,0.28603,0.3574160869565218,0.28603,0.3574160869565218,91.82857142857144,90.40617283950616,91.82857142857144,90.40617283950616,0.0,0.0,77.0,81.0,1.0,1.0,77.0,81.0,1.0,1.0,9.0,7.0
2026-04-04,489e828d67b83a0f938e9fc1910929af,824622,Chicago White Sox,Toronto Blue Jays,2026-04-03,0.396,0.604,3.87,4.96,8.83,4,day,93.4068098528393,89.17228241438137,98.18727602521687,97.07922110367818,0.6747805714285717,-0.2313999999999998,0.6747805714285717,-0.2313999999999998,0.1956835714285714,0.165875,0.1956835714285714,0.165875,93.80847457627118,88.50263157894737,93.80847457627118,88.50263157894737,0.0,0.0,59.0,38.0,3.0,4.0,59.0,38.0,3.0,4.0,6.0,3.0
2026-04-04,a17bc682d534fc4be2a0873853346c69,824054,Los Angeles Angels,Seattle Mariners,2026-04-03,0.365,0.635,4.58,6.0,10.58,1,night,96.57907379215428,102.37237388335345,98.12439392989816,100.09090770265702,5.563496363636364,-1.3580128,5.563496363636364,-1.3580128,0.3564965909090909,0.1288153684210526,0.3564965909090909,0.1288153684210526,92.1936170212766,88.5340206185567,92.1936170212766,88.5340206185567,0.0,0.0,95.0,97.0,1.0,1.0,95.0,97.0,1.0,1.0,1.0,0.0
2026-04-04,aa08785add4f89977cb0595e43894b03,823730,Minnesota Twins,Tampa Bay Rays,2026-04-03,0.48,0.52,4.58,4.79,9.37,3312,night,101.65937762687278,101.51395582209604,99.68309499105756,99.49757321667714,9.182568,7.434336380952381,9.182568,7.434336380952381,0.4755449999999999,0.4180373809523809,0.4755449999999999,0.4180373809523809,91.41358024691358,87.70740740740742,91.41358024691358,87.70740740740742,0.0,0.0,85.0,81.0,1.0,1.0,85.0,81.0,1.0,1.0,1.0,7.0
2026-04-04,b3e6bdc5fabee63ec7b5666bb48e3a9a,824134,Kansas City Royals,Milwaukee Brewers,2026-04-03,0.593,0.407,4.87,3.89,8.76,7,night,99.58299712087212,,102.07575576536148,,7.697933333333333,,7.697933333333333,,0.4267083333333333,,0.4267083333333333,,85.69999999999999,,85.69999999999999,,0.0,,77.0,,1.0,,77.0,,1.0,,8.0,2.0
2026-04-04,b8f46c3336a07f5da37ff815cf155d69,822920,Texas Rangers,Cincinnati Reds,2026-04-03,0.5,0.5,4.4,4.41,8.81,5325,night,,100.4794605866184,,99.89303715754106,,2.2485120000000007,,2.2485120000000007,,0.2474510526315789,,0.2474510526315789,,90.34302325581396,,90.34302325581396,,0.0,,86.0,,1.0,,86.0,,1.0,0.0,2.0
2026-04-04,bb76dc664e8c6ea5005c7c5328bb484f,825027,Athletics,Houston Astros,2026-04-03,0.478,0.522,4.32,4.56,8.88,2529,day,100.63204676122656,99.30366641060176,97.327475809822,97.70120532568475,9.9040664,5.706763733333334,9.9040664,5.706763733333334,0.4992784999999999,0.3612093333333333,0.4992784999999999,0.3612093333333333,92.0112676056338,91.01216216216216,92.0112676056338,91.01216216216216,0.0,0.0,71.0,74.0,1.0,1.0,71.0,74.0,1.0,1.0,0.0,11.0
2026-04-04,cb5d17981ace91c9c0c11d20c49ea047,822757,Washington Nationals,Los Angeles Dodgers,2026-04-03,0.278,0.722,3.51,5.82,9.33,3309,day,101.25912407730564,98.13611362202576,99.9803915224288,100.54203171146196,3.6723932000000006,2.019072347826087,3.6723932000000006,2.019072347826087,0.29428925,0.2399036956521739,0.29428925,0.2399036956521739,87.38709677419355,90.39111111111112,87.38709677419355,90.39111111111112,0.0,0.0,93.0,90.0,1.0,1.0,93.0,90.0,1.0,1.0,5.0,10.0
2026-04-04,da18e0cacf2048f6b3e14df98e9a184c,823404,Pittsburgh Pirates,Baltimore Orioles,2026-04-03,0.536,0.464,4.47,4.09,8.56,31,day,99.85462578872983,99.68463176546452,101.43344447654898,97.54283411957476,1.5766400000000007,3.589347276190476,1.5766400000000007,3.589347276190476,0.22535,0.2915574761904762,0.22535,0.2915574761904762,90.14,91.47307692307692,90.14,91.47307692307692,0.0,0.0,85.0,78.0,1.0,1.0,85.0,78.0,1.0,1.0,3.0,2.0
2026-04-05,11db8321335040098def7d046fc1e7fd,822756,Washington Nationals,Los Angeles Dodgers,2026-04-04,0.362,0.638,3.97,5.42,9.39,3309,day,95.63812051360718,102.66425164586602,99.63772662871816,96.3499376191352,6.373118704761906,3.8935134117647054,6.373118704761906,3.8935134117647054,0.3831289047619047,0.3015629411764706,0.3831289047619047,0.3015629411764706,86.47674418604652,92.01666666666668,86.47674418604652,92.01666666666668,0.0,0.0,86.0,78.0,1.0,1.0,86.0,78.0,1.0,1.0,6.0,8.0
2026-04-05,29fe747229e417a970662db96f7b507a,824459,Cleveland Guardians,Chicago Cubs,2026-04-04,0.448,0.552,4.16,4.71,8.87,5,day,99.43877063218672,101.40314137957046,98.66463754513138,99.93156019973124,7.287240733333334,-0.4823439999999994,7.287240733333334,-0.4823439999999994,0.4131987083333333,0.1576202631578947,0.4131987083333333,0.1576202631578947,85.46559139784947,91.85625,85.46559139784947,91.85625,0.0,0.0,93.0,80.0,1.0,1.0,93.0,80.0,1.0,1.0,0.0,1.0
2026-04-05,2b9ccede64dae0b4bcf9d3be43f46109,823405,Pittsburgh Pirates,Baltimore Orioles,2026-04-04,0.534,0.466,4.66,4.3,8.96,31,day,97.26739430305214,100.79341900963806,98.90143615591766,98.0897358088811,4.563110666666667,5.742773952,4.563110666666667,5.742773952,0.3235891666666666,0.36239388,0.3235891666666666,0.36239388,91.32528735632184,85.04899999999999,91.32528735632184,85.04899999999999,0.0,0.0,87.0,100.0,1.0,1.0,87.0,100.0,1.0,1.0,8.0,2.0
2026-04-05,318f813f9377b7ebede8b485f5ebef63,824620,Chicago White Sox,Toronto Blue Jays,2026-04-04,0.372,0.628,3.87,5.21,9.08,4,day,98.76097217336614,99.5562046153661,100.11398943437098,99.01066432944712,6.95154384761905,0.7068732000000004,6.95154384761905,0.7068732000000004,0.4021560476190476,0.19673925,0.4021560476190476,0.19673925,89.10217391304347,87.96666666666667,89.10217391304347,87.96666666666667,0.0,0.0,92.0,87.0,1.0,1.0,92.0,87.0,1.0,1.0,3.0,0.0
2026-04-05,4c267806bb7b5fed26df010d063685b8,822917,Texas Rangers,Cincinnati Reds,2026-04-04,0.55,0.45,4.39,3.86,8.25,5325,day,101.0496240545556,99.80736028578788,99.3670369262231,97.08223529228547,2.404260999999999,1.3875773333333337,2.404260999999999,1.3875773333333337,0.2525743749999999,0.2191308333333333,0.2525743749999999,0.2191308333333333,90.5532608695652,95.32564102564102,90.5532608695652,95.32564102564102,0.0,0.0,92.0,78.0,1.0,1.0,92.0,78.0,1.0,1.0,1.0,2.0
2026-04-05,6713ad4fbeae608d336734ee11015eb2,825102,Arizona Diamondbacks,Atlanta Braves,2026-04-04,0.433,0.567,4.4,5.11,9.51,15,day,99.8566308983424,96.70485090733804,101.11285954440906,101.40204484754418,0.8196610000000004,1.6029142857142855,0.8196610000000004,1.6029142857142855,0.200449375,0.2262142857142857,0.200449375,0.2262142857142857,88.19647058823529,85.7063829787234,88.19647058823529,85.7063829787234,0.0,0.0,85.0,47.0,1.0,1.0,85.0,47.0,1.0,1.0,6.0,5.0
2026-04-05,6cfb88cfd2f02bcfc42f9513be8da728,823566,New York Yankees,Miami Marlins,2026-04-04,0.749,0.251,5.8,3.2,9.0,3313,day,97.47285456652638,97.85998059964214,98.82464585393568,99.76690187518872,2.820623200000001,-2.495440000000001,2.820623200000001,-2.495440000000001,0.2662705,0.0914,0.2662705,0.0914,88.67954545454546,92.1472222222222,88.67954545454546,92.1472222222222,0.0,0.0,176.0,36.0,2.0,3.0,176.0,36.0,2.0,3.0,6.0,7.0
2026-04-05,6e92e4380327a4202b28a449cec82e36,824131,Kansas City Royals,Milwaukee Brewers,2026-04-04,0.572,0.428,4.23,3.48,7.71,7,day,100.32183952248472,100.78061235799748,97.88821172284702,100.40574265980824,4.8289632727272735,1.5398332,4.8289632727272735,1.5398332,0.3323343181818182,0.2241392499999999,0.3323343181818182,0.2241392499999999,88.64933333333333,90.86666666666666,88.64933333333333,90.86666666666666,0.0,0.0,75.0,87.0,1.0,1.0,75.0,87.0,1.0,1.0,5.0,8.0
2026-04-05,91cb43db006ffd2bfb2bb937ec974414,824379,Colorado Rockies,Philadelphia Phillies,2026-04-04,0.44,0.56,4.97,5.61,10.58,19,day,102.1880312738278,101.74228541206185,100.7319216509431,99.51005853746804,4.704918222222223,6.065572137931034,4.704918222222223,6.065572137931034,0.3282538888888889,0.3730122413793103,0.3282538888888889,0.3730122413793103,89.98750000000001,85.07575757575758,89.98750000000001,85.07575757575758,0.0,0.0,73.0,99.0,1.0,1.0,73.0,99.0,1.0,1.0,4.0,1.0
2026-04-05,a90501690931f0257555636a2bba3fbf,824781,Boston Red Sox,San Diego Padres,2026-04-04,0.635,0.365,5.6,4.17,9.77,3,day,97.70316194616092,101.89766674892196,98.93980175395316,98.9442289605741,8.2354332,6.3264432,8.2354332,6.3264432,0.4443892499999999,0.3815935263157894,0.4443892499999999,0.3815935263157894,86.61052631578947,87.01111111111112,86.61052631578947,87.01111111111112,0.0,0.0,76.0,72.0,1.0,1.0,76.0,72.0,1.0,1.0,6.0,8.0
2026-04-05,b58a8d0376af31bc90316319ce719acf,824460,Cleveland Guardians,Chicago Cubs,2026-04-04,0.488,0.512,3.9,4.02,7.92,5,day,101.1591016617013,100.5023507441976,97.00186837270356,97.32608097017498,3.26232,5.651442181818183,3.26232,5.651442181818183,0.2808,0.3593895454545455,0.2808,0.3593895454545455,88.26842105263158,87.1219512195122,88.26842105263158,87.1219512195122,0.0,0.0,76.0,82.0,1.0,1.0,76.0,82.0,1.0,1.0,6.0,5.0
2026-04-05,e7c8fd226080f70fcf82e59c4705ede9,823729,Minnesota Twins,Tampa Bay Rays,2026-04-04,0.502,0.498,4.53,4.5,9.03,3312,day,101.92967205571549,96.0815659645741,100.09934885750772,101.15072059498368,2.476153199999999,4.061333333333334,2.476153199999999,4.061333333333334,0.2549392499999999,0.3070833333333333,0.2549392499999999,0.3070833333333333,89.73614457831326,87.7625,89.73614457831326,87.7625,0.0,0.0,83.0,88.0,1.0,1.0,83.0,88.0,1.0,1.0,1.0,4.0
2026-04-05,f546541ad061224570d6c2508ff82661,823238,San Francisco Giants,New York Mets,2026-04-04,0.458,0.542,3.78,4.21,7.99,2395,day,100.45208506312166,99.96900353795112,99.51233977794166,97.17704706182472,5.449231623529412,3.3332796800000004,5.449231623529412,3.3332796800000004,0.3527378823529412,0.2831342,0.3527378823529412,0.2831342,88.97947368421052,90.6804347826087,88.97947368421052,90.6804347826087,0.0,0.0,190.0,92.0,2.0,1.0,190.0,92.0,2.0,1.0,2.0,5.0
2026-04-05,f9328a738af71bb6fd039c0c537f6b09,824053,Los Angeles Angels,Seattle Mariners,2026-04-04,0.387,0.613,3.93,5.12,9.05,1,day,,101.09452107058983,,101.08586258169925,,-0.0791177142857142,,-0.0791177142857142,,0.1708842857142857,,0.1708842857142857,,91.45263157894736,,91.45263157894736,,0.0,,95.0,,1.0,,95.0,,1.0,8.0,7.0
2026-04-06,0bbb2fe84dad148ca7acd671cfd4278a,824052,Los Angeles Angels,Atlanta Braves,2026-04-05,0.367,0.633,3.11,4.5,7.61,1,night,101.1733425042408,97.9160237637005,100.34217704669244,98.50008523898204,2.786895813953489,2.8044829714285715,2.786895813953489,2.8044829714285715,0.2651610465116279,0.2657395714285714,0.2651610465116279,0.2657395714285714,93.02154696132598,86.6245508982036,93.02154696132598,86.6245508982036,0.0,0.0,185.0,167.0,2.0,2.0,185.0,167.0,2.0,2.0,6.0,2.0
2026-04-06,48b9e30cc5595d9696cc12db0aef6114,823002,Tampa Bay Rays,Chicago Cubs,2026-04-05,0.463,0.537,3.63,4.01,7.64,12,day,97.30841072568884,100.78606415861474,97.15322839731977,99.1846897203735,3.4545680000000005,5.420968,3.4545680000000005,5.420968,0.287123947368421,0.3518081578947368,0.287123947368421,0.3518081578947368,89.46329113924051,85.57764705882353,89.46329113924051,85.57764705882353,0.0,0.0,79.0,89.0,1.0,1.0,79.0,89.0,1.0,1.0,6.0,4.0
2026-04-06,5c34cdfbbae06991923848f910bcad7e,822832,Toronto Blue Jays,Los Angeles Dodgers,2026-04-05,0.432,0.568,4.32,5.02,9.34,14,night,101.30406512065304,96.02670780466866,100.26740966927515,98.19881186974467,5.383666545454545,3.700768470588237,5.383666545454545,3.700768470588237,0.3505811363636363,0.2952226470588235,0.3505811363636363,0.2952226470588235,88.15060240963855,89.81833333333334,88.15060240963855,89.81833333333334,0.0,0.0,83.0,60.0,1.0,1.0,83.0,60.0,1.0,1.0,2.0,14.0
2026-04-06,6852a6697b356bb6e8a0216138056714,824783,Boston Red Sox,Milwaukee Brewers,2026-04-05,0.519,0.481,3.9,3.69,7.59,3,night,99.10994441282992,99.8302753588453,98.83338261596964,100.03386464703682,9.345183680000002,3.5980000000000008,9.345183680000002,3.5980000000000008,0.4808942,0.2918421052631579,0.4808942,0.2918421052631579,89.14347826086957,90.99253731343283,89.14347826086957,90.99253731343283,0.0,0.0,92.0,67.0,1.0,1.0,92.0,67.0,1.0,1.0,6.0,8.0
2026-04-06,71afed60c85a1e206512b59088d8479f,822918,Texas Rangers,Seattle Mariners,2026-04-05,0.47,0.53,3.59,3.9,7.49,5325,night,100.881200202871,101.08464748943432,101.29955056807208,100.7166310792407,2.932480000000001,1.9455543636363648,2.932480000000001,1.9455543636363648,0.26995,0.2374853409090909,0.26995,0.2374853409090909,94.1632911392405,88.53259668508286,94.1632911392405,88.53259668508286,0.0,0.0,79.0,181.0,1.0,2.0,79.0,181.0,1.0,2.0,2.0,1.0
2026-04-06,7b162981e371aa40406814eda380bb75,824619,Chicago White Sox,Baltimore Orioles,2026-04-05,0.364,0.636,3.74,5.16,8.9,4,night,95.9160858622428,,98.21483677690544,,1.2004310588235292,,1.2004310588235292,,0.2129747058823529,,0.2129747058823529,,94.21617647058824,,94.21617647058824,,0.0,,68.0,,4.0,,68.0,,4.0,,1.0,2.0
2026-04-06,8638889acbe04188b2fcf40386691db5,823401,Pittsburgh Pirates,San Diego Padres,2026-04-05,0.586,0.414,4.89,3.99,8.88,31,night,100.2110422538956,99.3515172414034,94.30785796222114,98.71741588603984,4.983136000000001,6.145903555555555,4.983136000000001,6.145903555555555,0.3374057894736842,0.3756547222222222,0.3374057894736842,0.3756547222222222,97.10617283950616,90.68,97.10617283950616,90.68,0.0,0.0,81.0,65.0,1.0,1.0,81.0,65.0,1.0,1.0,0.0,5.0
2026-04-06,9587d8ccb994fa95ccf0d6ea51bb3393,823728,Minnesota Twins,Detroit Tigers,2026-04-05,0.506,0.494,3.9,3.83,7.73,3312,night,99.75802836980458,102.6384568603266,100.23776430358971,97.58024310209872,3.9046774564102567,5.214787636363637,3.9046774564102567,5.214787636363637,0.3019301794871795,0.3450259090909091,0.3019301794871795,0.3450259090909091,89.06296296296297,89.98494623655914,89.06296296296297,89.98494623655914,0.0,0.0,162.0,93.0,2.0,1.0,162.0,93.0,2.0,1.0,7.0,3.0
2026-04-06,b5ee5b660c88cd4cb3262b4b7e9f236f,823886,Miami Marlins,Cincinnati Reds,2026-04-05,0.543,0.457,4.38,3.92,8.3,4169,night,99.9966439309694,97.52283473297378,99.86188738648534,97.84047486487466,2.5416560000000006,11.721769454545452,2.5416560000000006,11.721769454545452,0.257093947368421,0.5590713636363636,0.257093947368421,0.5590713636363636,88.5481012658228,87.1,88.5481012658228,87.1,0.0,0.0,79.0,94.0,1.0,1.0,79.0,94.0,1.0,1.0,0.0,2.0
2026-04-06,c9b16007bef6e68c3d559ee080921941,824376,Colorado Rockies,Houston Astros,2026-04-05,0.424,0.576,4.63,5.43,10.06,19,night,103.43644641941069,99.62311354777958,99.3953982003187,100.4470328656539,1.7782058181818177,2.4798356923076925,1.7782058181818177,2.4798356923076925,0.2319804545454545,0.2550603846153846,0.2319804545454545,0.2550603846153846,90.4191489361702,92.744,90.4191489361702,92.744,0.0,0.0,47.0,50.0,1.0,1.0,47.0,50.0,1.0,1.0,9.0,7.0
2026-04-06,e7bc40f9611b8baa6328e83959820910,824456,Cleveland Guardians,Kansas City Royals,2026-04-05,0.535,0.465,3.94,3.58,7.52,5,night,100.07357621025676,96.23851345394355,100.77902482540917,101.10933615608585,6.512512000000002,0.2174332000000003,6.512512000000002,0.2174332000000003,0.3877142105263158,0.18063925,0.3877142105263158,0.18063925,88.14802631578948,87.7875,88.14802631578948,87.7875,0.0,0.0,152.0,80.0,2.0,1.0,152.0,80.0,2.0,1.0,2.0,4.0
2026-04-06,e82a29b726b7958743405c67fec4b61a,823237,San Francisco Giants,Philadelphia Phillies,2026-04-05,0.454,0.546,4.1,4.59,8.69,2395,night,96.2902293834803,101.23727756197796,101.83992226369746,100.58562841779532,2.92522656,-1.9042540952380955,2.92522656,-1.9042540952380955,0.2697114,0.1108469047619047,0.2697114,0.1108469047619047,91.66162790697672,90.34285714285714,91.66162790697672,90.34285714285714,0.0,0.0,86.0,84.0,1.0,1.0,86.0,84.0,1.0,1.0,4.0,6.0
2026-04-07,180be1fd7e6956dee1a43586959cf909,824051,Los Angeles Angels,Atlanta Braves,2026-04-06,0.364,0.636,3.35,4.78,8.13,1,night,96.16144052239014,101.15185554892852,99.53663693782502,99.48336288390676,5.418519166666667,3.826985170731708,5.418519166666667,3.826985170731708,0.3517276041666666,0.2993745121951219,0.3517276041666666,0.2993745121951219,88.68305084745762,87.89423076923077,88.68305084745762,87.89423076923077,0.0,0.0,177.0,157.0,2.0,2.0,177.0,157.0,2.0,2.0,2.0,7.0
2026-04-07,1a5f8eab5c69c278ea5154ff16256884,823235,San Francisco Giants,Philadelphia Phillies,2026-04-06,0.421,0.579,3.45,4.28,7.73,2395,night,98.58541463422198,102.37750042094704,97.39806524518458,98.5420060714792,4.201153302325581,1.3586990222222235,4.201153302325581,1.3586990222222235,0.3116826744186046,0.2181808888888889,0.3116826744186046,0.2181808888888889,89.08702702702702,89.89945652173913,89.08702702702702,89.89945652173913,0.0,0.0,185.0,184.0,2.0,2.0,185.0,184.0,2.0,2.0,6.0,0.0
2026-04-07,1f445ebef3c39eb365683bafea3e03b5,822999,Tampa Bay Rays,Chicago Cubs,2026-04-06,0.56,0.44,3.8,3.17,6.97,12,night,96.49752530470876,,100.07195160265734,,7.897885714285715,,7.897885714285715,,0.4332857142857143,,0.4332857142857143,,86.89803921568628,,86.89803921568628,,0.0,,51.0,,3.0,,51.0,,3.0,,2.0,9.0
2026-04-07,2f6016ab5acb82146f38a5f9453224fa,824618,Chicago White Sox,Baltimore Orioles,2026-04-06,0.316,0.684,3.07,4.95,8.02,4,day,102.2166348910779,100.22761029428597,98.59592884144308,98.76226960670388,5.30325020689655,2.847349270588236,5.30325020689655,2.847349270588236,0.3479358620689654,0.2671496470588235,0.3479358620689654,0.2671496470588235,92.91825396825398,88.21899441340783,92.91825396825398,88.21899441340783,0.0,0.0,126.0,179.0,2.0,2.0,126.0,179.0,2.0,2.0,2.0,4.0
2026-04-07,34c5b69d9dd0d7d28dcc752eae1cf3ee,822916,Texas Rangers,Seattle Mariners,2026-04-06,0.525,0.475,3.73,3.47,7.2,5325,night,103.37200215600554,100.53949320840476,100.47130774085826,101.34294058234862,5.981670933333334,3.1148002844444447,5.981670933333334,3.1148002844444447,0.3702523333333333,0.2759473777777778,0.3702523333333333,0.2759473777777778,88.17916666666667,92.32290502793296,88.17916666666667,92.32290502793296,0.0,0.0,168.0,179.0,2.0,2.0,168.0,179.0,2.0,2.0,3.0,2.0
2026-04-07,60f04be9ddd5105e10aa2fb477a3258a,823648,New York Mets,Arizona Diamondbacks,2026-04-06,0.635,0.365,4.8,3.38,8.18,3289,day,105.620767784288,100.76899830408374,99.89958861516828,101.15665168423928,2.2156697142857142,7.5506731999999985,2.2156697142857142,7.5506731999999985,0.2463707142857142,0.4218642499999999,0.2463707142857142,0.4218642499999999,88.51802325581396,89.38170731707318,88.51802325581396,89.38170731707318,0.0,0.0,172.0,164.0,2.0,2.0,172.0,164.0,2.0,2.0,4.0,3.0
2026-04-07,6884c2daf73ff285509cbbcc3d531c93,823727,Minnesota Twins,Detroit Tigers,2026-04-06,0.381,0.619,2.85,4.09,6.94,3312,night,102.13332344597978,101.0314496482583,99.0341054695922,99.8343883226747,3.8750850232558154,4.275480851063832,3.8750850232558154,4.275480851063832,0.3009567441860465,0.3141276595744681,0.3009567441860465,0.3141276595744681,92.58645833333333,92.8,92.58645833333333,92.8,0.0,0.0,192.0,161.0,2.0,2.0,192.0,161.0,2.0,2.0,4.0,2.0
2026-04-07,737f5efdae425ee79614f3733ac854fc,823402,Pittsburgh Pirates,San Diego Padres,2026-04-06,0.536,0.464,3.49,3.11,6.6,31,night,100.31168218802662,98.60273885155624,99.20774818988971,97.67585215610497,2.0679637517241387,3.4597762162162176,2.0679637517241387,3.4597762162162176,0.2415119655172413,0.2872952702702703,0.2415119655172413,0.2872952702702703,93.56315789473685,89.49867549668873,93.56315789473685,89.49867549668873,0.0,0.0,114.0,151.0,2.0,2.0,114.0,151.0,2.0,2.0,7.0,1.0
2026-04-07,96d192b9d73482f9d651313a2422fb78,822831,Toronto Blue Jays,Los Angeles Dodgers,2026-04-06,0.424,0.576,3.17,3.97,7.14,14,night,103.1200588648682,101.50538845665092,101.47023243514784,101.046300601563,0.2542400000000007,4.942868762790699,0.2542400000000002,4.942868762790699,0.18185,0.3360812093023256,0.18185,0.3360812093023256,88.7296511627907,90.08021978021978,88.7296511627907,90.08021978021978,0.0,0.0,172.0,182.0,2.0,2.0,172.0,182.0,2.0,2.0,1.0,4.0
2026-04-07,a028589ce492c9027a1dcaf75f436276,824780,Boston Red Sox,Milwaukee Brewers,2026-04-06,0.589,0.411,4.0,3.07,7.07,3,night,97.9840146163982,98.5893546627528,97.74019139461804,98.13669393827374,4.574238080000001,3.1945158399999998,4.574238080000001,3.1945158399999998,0.3239552,0.2785696,0.3239552,0.2785696,92.19537572254336,95.9186170212766,92.19537572254336,95.9186170212766,0.0,0.0,173.0,189.0,2.0,2.0,173.0,189.0,2.0,2.0,3.0,2.0
2026-04-07,a8ff4cf1d716757bfb7db919dd280201,824375,Colorado Rockies,Houston Astros,2026-04-06,0.427,0.573,5.04,5.8,10.84,19,night,90.59472049722436,100.6375988491617,98.37853347994016,99.39280440792032,5.385424893023256,4.085328256000001,5.385424893023256,4.085328256000001,0.350638976744186,0.30787264,0.350638976744186,0.30787264,87.56686390532543,90.2634831460674,87.56686390532543,90.2634831460674,0.0,0.0,169.0,178.0,2.0,2.0,169.0,178.0,2.0,2.0,5.0,1.0
2026-04-07,cdbfd5e28cb2a7740714cfb069042ee5,824457,Cleveland Guardians,Kansas City Royals,2026-04-06,0.507,0.493,3.32,3.22,6.54,5,day,98.9983959596528,101.24279695981186,99.35418386466353,100.42560054770571,2.9975461333333357,2.8880731999999973,2.9975461333333357,2.8880731999999973,0.2720903333333334,0.2684892499999999,0.2720903333333334,0.2684892499999999,91.61264367816092,87.0139534883721,91.61264367816092,87.0139534883721,0.0,0.0,174.0,86.0,2.0,1.0,174.0,86.0,2.0,1.0,2.0,1.0
2026-04-07,f30f9a55dc0c96a5bbfbcbd3e4f60344,823887,Miami Marlins,Cincinnati Reds,2026-04-06,0.454,0.546,3.57,4.06,7.63,4169,night,99.67112367414104,96.7111738484367,101.06459682491855,98.8723491639502,0.4169218000000012,4.860610604651162,0.4169218000000012,4.860610604651162,0.187201375,0.3333753488372092,0.187201375,0.3333753488372092,91.24939759036144,87.81286549707602,91.24939759036144,87.81286549707602,0.0,0.0,166.0,171.0,2.0,2.0,166.0,171.0,2.0,2.0,3.0,6.0
2026-04-08,00d50aafe35c1d5cd48cc12b8dc26bbb,824374,Colorado Rockies,Houston Astros,2026-04-07,0.441,0.559,5.59,6.2,11.79,19,day,101.44412331375209,98.0223761914517,99.93785206019898,97.54096716292123,8.709989191111113,6.841470514285716,8.709989191111113,6.841470514285716,0.4599996444444445,0.3985352142857143,0.4599996444444445,0.3985352142857143,87.32764705882353,87.03461538461538,87.32764705882353,87.03461538461538,0.0,0.0,170.0,156.0,2.0,2.0,170.0,156.0,2.0,2.0,9.0,1.0
2026-04-08,15b87c6f572dbd799229c124977cd9cc,824617,Chicago White Sox,Baltimore Orioles,2026-04-07,0.412,0.588,3.57,4.5,8.07,4,day,102.11604256478182,91.7873422908442,101.377759374464,97.99114365287788,3.4643967619047635,2.8465680000000004,3.4643967619047635,2.8465680000000004,0.2874472619047619,0.267123947368421,0.2874472619047619,0.267123947368421,89.59261363636364,89.2359756097561,89.59261363636364,89.2359756097561,0.0,0.0,176.0,164.0,2.0,2.0,176.0,164.0,2.0,2.0,3.0,5.0
2026-04-08,160de2c0d9ab7767e9268364d732e3a3,824455,Cleveland Guardians,Kansas City Royals,2026-04-07,0.496,0.504,3.72,3.76,7.48,5,day,95.52947996326594,99.54295153184088,96.50228360810698,98.02269793830432,3.096074871794871,4.391661463414635,3.096074871794871,4.391661463414635,0.2753314102564102,0.3179493902439024,0.2753314102564102,0.3179493902439024,85.62658959537572,88.90502793296089,85.62658959537572,88.90502793296089,0.0,0.0,173.0,179.0,2.0,2.0,173.0,179.0,2.0,2.0,10.0,2.0
2026-04-08,2f7d7c64bfe4e6ab5864b9f70ae4ba1a,823000,Tampa Bay Rays,Chicago Cubs,2026-04-07,0.496,0.504,3.79,3.84,7.63,12,night,99.70405455586145,102.27808814913315,98.29267985375463,100.64647654608108,3.5057598222222235,5.524764,3.5057598222222235,5.524764,0.2888078888888889,0.3552225,0.2888078888888889,0.3552225,91.78938547486032,89.61616161616162,91.78938547486032,89.61616161616162,0.0,0.0,179.0,99.0,2.0,2.0,179.0,99.0,2.0,2.0,2.0,6.0
2026-04-08,3096b597fdfee7ae162b7e06d7b349db,822915,Texas Rangers,Seattle Mariners,2026-04-07,0.426,0.574,3.12,3.91,7.03,5325,day,98.48331112964968,99.78455268185304,98.50177930828484,100.85936237766548,3.023919234782609,0.5306004521739136,3.023919234782609,0.5306004521739136,0.2729578695652174,0.1909408043478261,0.2729578695652174,0.1909408043478261,90.02247191011236,92.70705882352942,90.02247191011236,92.70705882352942,0.0,0.0,178.0,170.0,2.0,2.0,178.0,170.0,2.0,2.0,3.0,0.0
2026-04-08,3905b085d9465ee22fdad2d16362cd7a,823726,Minnesota Twins,Detroit Tigers,2026-04-07,0.429,0.571,3.52,4.27,7.79,3312,night,100.57119416992752,98.35816529934888,96.0893468549914,99.6841402077294,5.269028342857143,2.3255998367346944,5.269028342857143,2.3255998367346944,0.3468101428571428,0.2499868367346938,0.3468101428571428,0.2499868367346938,83.9231884057971,88.95057471264367,83.9231884057971,88.95057471264367,0.0,0.0,138.0,174.0,2.0,2.0,138.0,174.0,2.0,2.0,8.0,6.0
2026-04-08,4ef0a953d5a2ee85f161aca8c6c49b3c,823885,Miami Marlins,Cincinnati Reds,2026-04-07,0.499,0.501,3.97,3.97,7.94,4169,night,103.08723465644916,100.14285323402784,97.49908104302747,98.88388635797588,5.849296612765956,6.398904507317074,5.849296612765956,6.398904507317074,0.3658979148936169,0.3839771219512195,0.3658979148936169,0.3839771219512195,91.8361581920904,87.73478260869565,91.8361581920904,87.73478260869565,0.0,0.0,178.0,161.0,2.0,2.0,178.0,161.0,2.0,2.0,7.0,4.0
2026-04-08,672bd33686c333c6153712db080ee8a9,822833,Toronto Blue Jays,Los Angeles Dodgers,2026-04-07,0.411,0.589,3.65,4.59,8.24,14,day,100.22873357084828,102.61268039939532,98.17368857655794,98.67296810137346,2.7084213953488376,3.5288645565217385,2.7084213953488376,3.5288645565217385,0.2625796511627907,0.2895679130434782,0.2625796511627907,0.2895679130434782,91.45792349726776,87.68620689655172,91.45792349726776,87.68620689655172,0.0,0.0,183.0,87.0,2.0,1.0,183.0,87.0,2.0,1.0,4.0,3.0
2026-04-08,74300b0d6c081e81f663475a7fbc6023,823234,San Francisco Giants,Philadelphia Phillies,2026-04-07,0.487,0.513,4.3,4.44,8.74,2395,day,102.00023681621936,100.39546506547136,101.46857662222884,100.31103426760971,7.523909799999998,4.379199829787233,7.523909799999998,4.379199829787233,0.4209838749999999,0.3175394680851063,0.4209838749999999,0.3175394680851063,88.77368421052631,86.09462365591398,88.77368421052631,86.09462365591398,0.0,0.0,171.0,186.0,2.0,2.0,171.0,186.0,2.0,2.0,5.0,0.0
2026-04-08,a6d31fb32b9a25db695c58e6621fcd41,823646,New York Mets,Arizona Diamondbacks,2026-04-07,0.55,0.45,4.27,3.75,8.02,3289,day,96.2534422404064,98.48410648332282,98.66226564285152,98.62115784714024,4.663722000000003,9.2767396,4.663722000000003,9.2767396,0.32689875,0.47864275,0.32689875,0.47864275,87.4625,91.54171779141105,87.4625,91.54171779141105,0.0,0.0,144.0,163.0,2.0,2.0,144.0,163.0,2.0,2.0,2.0,7.0
2026-04-08,d52d861ea5ed462b15486ffb7493bbc4,823403,Pittsburgh Pirates,San Diego Padres,2026-04-07,0.492,0.508,3.56,3.64,7.2,31,day,101.64689207435782,96.52252664232547,99.0853102508146,99.12428569401166,3.4056139574468105,4.957107274418604,3.4056139574468105,4.957107274418604,0.2855136170212766,0.3365495813953488,0.2855136170212766,0.3365495813953488,88.86060606060606,89.22147239263803,88.86060606060606,89.22147239263803,0.0,0.0,165.0,163.0,2.0,2.0,165.0,163.0,2.0,2.0,2.0,8.0
2026-04-08,e82c967c1c766b4626e30f8560c26373,824050,Los Angeles Angels,Atlanta Braves,2026-04-07,0.433,0.567,4.23,4.94,9.17,1,day,95.55595011766924,95.05515870643066,98.33423589873264,98.65668814832476,2.181662740425534,3.0364586046511626,2.181662740425534,3.0364586046511626,0.2452520638297873,0.2733703488372093,0.2452520638297873,0.2733703488372093,88.06180904522613,89.65465838509317,88.06180904522613,89.65465838509317,0.0,0.0,200.0,161.0,2.0,2.0,200.0,161.0,2.0,2.0,2.0,8.0
2026-04-08,ed3937bc90189b707190e2ab6060520c,824779,Boston Red Sox,Milwaukee Brewers,2026-04-07,0.522,0.478,4.01,3.78,7.79,3,day,99.70927044696076,,101.37147241937978,,4.503120648648649,,4.503120648648649,,0.3216158108108108,,0.3216158108108108,,88.54670658682635,,88.54670658682635,,0.0,,167.0,,2.0,,167.0,,2.0,,5.0,0.0
2026-04-09,24a184f33e22a7efc5cc7c836d3b270a,823645,New York Mets,Arizona Diamondbacks,2026-04-08,0.629,0.371,4.76,3.41,8.17,3289,night,100.59027246053824,99.8748949317202,100.4771923175251,98.58797708482332,2.0886182634146357,2.019591130434784,2.0886182634146357,2.019591130434784,0.2421913902439024,0.2399207608695652,0.2421913902439024,0.2399207608695652,90.71864406779662,87.70887573964497,90.71864406779662,87.70887573964497,0.0,0.0,177.0,170.0,2.0,2.0,177.0,170.0,2.0,2.0,1.0,7.0
2026-04-09,4a900f08d0a609bca4a6bda0d78e00a5,823724,Minnesota Twins,Detroit Tigers,2026-04-08,0.449,0.551,4.23,4.77,9.0,3312,day,102.84235077779628,102.7258117422173,99.31821638126,97.92908925211192,7.482969990243905,7.836652152380953,7.482969990243905,7.836652152380953,0.4196371707317073,0.4312714523809524,0.4196371707317073,0.4312714523809524,89.64121212121212,87.97142857142858,89.64121212121212,87.97142857142858,0.0,0.0,169.0,175.0,2.0,2.0,169.0,175.0,2.0,2.0,3.0,1.0
2026-04-09,7852034521d5a37d9d67116eba334699,823884,Miami Marlins,Cincinnati Reds,2026-04-08,0.468,0.532,3.89,4.23,8.12,4169,day,98.991646933908,99.6142245371738,99.09673967076476,99.38761522897464,5.9067841860465125,2.5468632380952387,5.9067841860465125,2.5468632380952387,0.3677889534883721,0.2572652380952381,0.3677889534883721,0.2572652380952381,90.71941176470588,89.56785714285714,90.71941176470588,89.56785714285714,0.0,0.0,170.0,168.0,2.0,2.0,170.0,168.0,2.0,2.0,8.0,1.0
2026-04-09,7d89d3d30b7d4078b13216eb9fb387d2,823319,San Diego Padres,Colorado Rockies,2026-04-08,0.643,0.357,4.63,3.12,7.75,2680,night,100.15334310860344,100.3985051850557,100.0957441346048,100.00275162575214,3.827588173913045,0.8142909090909094,3.827588173913045,0.8142909090909094,0.299394347826087,0.2002727272727272,0.299394347826087,0.2002727272727272,90.21379310344828,85.74673913043478,90.21379310344828,85.74673913043478,0.0,0.0,174.0,92.0,2.0,5.0,174.0,92.0,2.0,5.0,7.0,3.0
2026-04-09,eef70c714ae56d35f8173ff025e0e8bd,824130,Kansas City Royals,Chicago White Sox,2026-04-08,0.656,0.344,5.7,4.07,9.77,7,night,98.87445684461666,97.2335148947298,101.18484538578194,97.22375009268208,4.986722844444446,7.999661128205129,4.986722844444446,7.999661128205129,0.3375237777777778,0.4366335897435897,0.3375237777777778,0.4366335897435897,84.9211111111111,90.23214285714286,84.9211111111111,90.23214285714286,0.0,0.0,180.0,168.0,2.0,2.0,180.0,168.0,2.0,2.0,0.0,2.0
2026-04-10,23f579057c07153cd0fc94f5986b5182,823482,Philadelphia Phillies,Arizona Diamondbacks,2026-04-09,0.598,0.402,5.25,4.22,9.47,2681,night,98.78788395113187,100.51738197747297,97.72340775961976,99.51014473485382,2.538046204081633,6.055679733333335,2.538046204081633,6.055679733333335,0.2569752040816326,0.3726868333333333,0.2569752040816326,0.3726868333333333,90.46464646464646,88.13944444444445,90.46464646464646,88.13944444444445,0.0,0.0,198.0,180.0,2.0,2.0,198.0,180.0,2.0,2.0,4.0,5.0
2026-04-10,42e0046642eb115deabbf499117c8534,824297,Detroit Tigers,Miami Marlins,2026-04-09,0.621,0.379,5.59,4.32,9.91,2394,night,98.35368738094613,104.124608323468,102.055531333544,98.97840636396808,1.2258508235294103,5.606194019047618,1.2258508235294108,5.606194019047618,0.2138108823529411,0.357901119047619,0.2138108823529411,0.357901119047619,90.4,86.62814371257485,90.4,86.62814371257485,0.0,0.0,63.0,167.0,1.0,2.0,63.0,167.0,1.0,2.0,2.0,0.0
2026-04-10,59f40327564ee4d08604733d721958f5,823318,San Diego Padres,Colorado Rockies,2026-04-09,0.581,0.419,4.64,3.79,8.43,2680,night,102.9218408828008,100.01203676100856,97.55733556682844,100.75314270762442,5.263406448484851,4.409033951219513,5.263406448484851,4.409033951219513,0.3466252121212121,0.3185208536585366,0.3466252121212121,0.3185208536585366,86.32556390977443,89.12,86.32556390977443,89.12,0.0,0.0,133.0,151.0,2.0,2.0,133.0,151.0,2.0,2.0,5.0,2.0
2026-04-10,726827eb314c5b9295dc278e7a0ca37c,824941,Atlanta Braves,Cleveland Guardians,2026-04-09,0.584,0.416,4.63,3.75,8.38,4705,night,98.86795401370986,100.91998549219984,99.93055160584754,99.64826189329496,1.1821644255319153,4.963545208888888,1.1821644255319153,4.963545208888888,0.212373829787234,0.3367613555555555,0.212373829787234,0.3367613555555555,87.43546511627906,86.18651685393259,87.43546511627906,86.18651685393259,0.0,0.0,172.0,178.0,2.0,2.0,172.0,178.0,2.0,2.0,11.0,5.0
2026-04-10,8039217c4e7279df26ad2bbd8d8a3ca0,824534,Cincinnati Reds,Los Angeles Angels,2026-04-09,0.658,0.342,5.89,4.26,10.15,2602,night,99.65429561601673,95.33042124061473,98.58904573471742,99.0921283749471,1.9062918095238104,5.447401066666667,1.9062918095238104,5.447401066666667,0.2361938095238095,0.3526776666666666,0.2361938095238095,0.3526776666666666,95.14606060606062,92.71666666666668,95.14606060606062,92.71666666666668,0.0,0.0,165.0,181.0,2.0,2.0,165.0,181.0,2.0,2.0,2.0,10.0
2026-04-10,a75e638966e5f1f6faed34c459043f44,823156,Seattle Mariners,Houston Astros,2026-04-09,0.575,0.425,4.73,3.95,8.68,680,night,102.3886234153464,100.24236107369192,99.93535362749611,98.6389736113341,1.950236204651164,2.972201297297297,1.950236204651164,2.972201297297297,0.2376393488372093,0.2712566216216216,0.2376393488372093,0.2712566216216216,88.98994413407821,90.12857142857143,88.98994413407821,90.12857142857143,0.0,0.0,179.0,169.0,2.0,2.0,179.0,169.0,2.0,2.0,9.0,6.0
2026-04-10,af16b3a5b13ea6dff32c681b29262f9e,824128,Kansas City Royals,Chicago White Sox,2026-04-09,0.669,0.331,4.9,3.15,8.05,7,night,100.37699861463838,98.88653526425412,98.23108512054016,99.25409715022435,4.591655441860464,5.241530654545457,4.591655441860464,5.241530654545457,0.3245281395348837,0.3459056136363637,0.3245281395348837,0.3459056136363637,88.71052631578948,90.06836158192091,88.71052631578948,90.06836158192091,0.0,0.0,171.0,177.0,2.0,2.0,171.0,177.0,2.0,2.0,2.0,0.0
2026-04-10,b8b97be2c6361ef8c7839ad60c57adc3,822997,Tampa Bay Rays,New York Yankees,2026-04-09,0.472,0.528,3.4,3.69,7.09,12,night,100.62535742542956,,99.35442193365144,,3.767776558139536,,3.767776558139536,,0.2974268604651163,,0.2974268604651163,,87.00786516853933,,87.00786516853933,,0.0,,178.0,,2.0,,178.0,,2.0,,5.0,3.0
2026-04-10,cba7f4f927e5e141eef8113b0ae66a4b,823808,Milwaukee Brewers,Washington Nationals,2026-04-09,0.701,0.299,5.56,3.51,9.07,32,night,97.9143481672944,100.5710394118199,96.49659521004186,99.87789387735668,3.410208205128205,5.52042838095238,3.410208205128205,5.52042838095238,0.2856647435897436,0.3550798809523809,0.2856647435897436,0.3550798809523809,91.86973684210528,87.83707865168539,91.86973684210528,87.83707865168539,0.0,0.0,152.0,178.0,7.0,2.0,152.0,178.0,7.0,2.0,3.0,7.0
2026-04-10,e346f0bf21a45185de1dcf8a928deedf,823968,Los Angeles Dodgers,Texas Rangers,2026-04-09,0.703,0.297,5.33,3.26,8.59,22,night,97.56567184095844,96.40877139526604,101.15455810170924,100.51881473518264,1.8657019574468092,3.718828869565219,1.8657019574468092,3.718828869565219,0.2348586170212766,0.2958167391304348,0.2348586170212766,0.2958167391304348,90.28376963350786,90.30625,90.28376963350786,90.30625,0.0,0.0,191.0,80.0,2.0,1.0,191.0,80.0,2.0,1.0,8.0,7.0
2026-04-10,eff6484dd3596abf15d8ee0f27b5e9ba,824858,Baltimore Orioles,San Francisco Giants,2026-04-09,0.551,0.449,4.73,4.2,8.93,2,night,101.79688511605194,99.39736769963967,97.92043940058484,100.3070133088987,3.354821252173912,1.7396634545454548,3.354821252173912,1.7396634545454548,0.283842804347826,0.2307126136363636,0.283842804347826,0.2307126136363636,91.24090909090908,87.39071038251366,91.24090909090908,87.39071038251366,0.0,0.0,176.0,183.0,2.0,2.0,176.0,183.0,2.0,2.0,3.0,6.0
2026-04-10,fde5a00c9e07284677e2086060505663,822829,Toronto Blue Jays,Minnesota Twins,2026-04-09,0.616,0.384,4.9,3.68,8.58,14,night,,99.91345946597744,,99.989843738495,,4.3174346086956525,,4.3174346086956525,,0.3155077173913043,,0.3155077173913043,,88.95555555555555,,88.95555555555555,,0.0,,171.0,,2.0,,171.0,,2.0,10.0,4.0
2026-04-11,07dae97a577c9f8fc2d464d68dfba8ed,824857,Baltimore Orioles,San Francisco Giants,2026-04-10,0.48,0.52,3.82,4.03,7.85,2,night,101.40212480061612,99.31967192442954,97.89511344055092,100.31096594032476,7.362391560000001,4.565239446153845,7.362391560000001,4.565239446153845,0.415670775,0.3236591923076922,0.415670775,0.3236591923076922,85.63827160493827,89.06914893617021,85.63827160493827,89.06914893617021,0.0,0.0,162.0,282.0,2.0,3.0,162.0,282.0,2.0,3.0,6.0,2.0
2026-04-11,0e8be2dcf9f09a0e06d78026cce411cc,824535,Cincinnati Reds,Los Angeles Angels,2026-04-10,0.566,0.434,4.81,4.12,8.93,2602,day,98.94653410201472,101.87263739521292,98.25853755897522,96.9959017300186,7.526617217391303,9.8650575,7.526617217391303,9.8650575,0.4210729347826086,0.4979953124999999,0.4210729347826086,0.4979953124999999,87.20213903743316,92.31095890410958,87.20213903743316,92.31095890410958,0.0,0.0,187.0,73.0,2.0,1.0,187.0,73.0,2.0,1.0,7.0,3.0
2026-04-11,5205127abeb3d8f956e9e3201fd85f68,823316,San Diego Padres,Colorado Rockies,2026-04-10,0.576,0.424,4.73,3.93,8.66,2680,night,100.84356942502528,100.02799211029242,99.2088220652802,99.5370799530116,4.626710974358975,7.794834057142856,4.626710974358975,7.794834057142856,0.325681282051282,0.4298958571428571,0.325681282051282,0.4298958571428571,90.35286624203822,90.0880341880342,90.35286624203822,90.0880341880342,0.0,0.0,157.0,117.0,2.0,2.0,157.0,117.0,2.0,2.0,9.0,5.0
2026-04-11,5242327588eadc6af4c8050a32d92f63,824939,Atlanta Braves,Cleveland Guardians,2026-04-10,0.534,0.466,4.15,3.79,7.94,4705,night,97.8624504434192,101.15910642522492,100.09934660595624,97.0943486023028,4.631595878787878,3.1090698000000008,4.631595878787878,3.1090698000000008,0.3258419696969696,0.275758875,0.3258419696969696,0.275758875,85.93114754098362,88.49101796407186,85.93114754098362,88.49101796407186,0.0,0.0,122.0,167.0,2.0,2.0,122.0,167.0,2.0,2.0,0.0,6.0
2026-04-11,56e59f81876d8980be713a90fbef9a3d,823967,Los Angeles Dodgers,Texas Rangers,2026-04-10,0.627,0.373,5.09,3.75,8.84,22,night,102.58473074992352,101.01186468366164,98.3723922878394,100.31474399641895,6.422170232558139,2.2303574545454543,6.422170232558139,2.2303574545454543,0.3847424418604651,0.2468538636363636,0.3847424418604651,0.2468538636363636,87.98066298342542,91.49774011299436,87.98066298342542,91.49774011299436,0.0,0.0,182.0,177.0,2.0,2.0,182.0,177.0,2.0,2.0,6.0,3.0
2026-04-11,760efdb51921a34fbd7c8547eafcb545,823805,Milwaukee Brewers,Washington Nationals,2026-04-10,0.636,0.364,4.97,3.54,8.51,32,night,100.6749502600912,96.14590391392716,99.50188001551136,98.8252116786587,3.603587434146341,6.232797320930233,3.603587434146341,6.232797320930233,0.2920259024390244,0.3785130697674418,0.2920259024390244,0.3785130697674418,90.2819209039548,86.03756906077348,90.2819209039548,86.03756906077348,0.0,0.0,177.0,182.0,2.0,2.0,177.0,182.0,2.0,2.0,1.0,3.0
2026-04-11,a0e79d40ffa34443e7b94247edbd9363,822996,Tampa Bay Rays,New York Yankees,2026-04-10,0.403,0.597,2.95,3.97,6.92,12,night,97.09620403997108,97.58836580656468,101.67020744276664,97.91434344077142,3.0886150909090917,2.426660074666666,3.0886150909090917,2.426660074666666,0.2750860227272727,0.2533111866666666,0.2750860227272727,0.2533111866666666,86.67218934911243,88.35519713261648,86.67218934911243,88.35519713261648,0.0,0.0,169.0,279.0,2.0,3.0,169.0,279.0,2.0,3.0,5.0,4.0
2026-04-11,a23f07d17eae739724cce22627234e9d,824294,Detroit Tigers,Miami Marlins,2026-04-10,0.548,0.452,4.31,3.8,8.11,2394,day,102.51158199552432,101.8219090930397,98.4562113994694,100.14566243597808,6.178159130434781,2.467372936170213,6.178159130434781,2.467372936170213,0.3767157608695651,0.2546504255319149,0.3767157608695651,0.2546504255319149,89.40491803278688,87.90180722891567,89.40491803278688,87.90180722891567,0.0,0.0,183.0,166.0,2.0,2.0,183.0,166.0,2.0,2.0,6.0,1.0
2026-04-11,ead7229cac20dbbe3dbf60560e0434bb,823155,Seattle Mariners,Houston Astros,2026-04-10,0.619,0.381,5.2,3.96,9.16,680,night,102.12592632447588,99.30123231111472,100.2670482978571,99.73039691858337,2.82764712,3.694101333333332,2.82764712,3.694101333333332,0.26650155,0.2950033333333333,0.26650155,0.2950033333333333,91.6581005586592,88.12228571428571,91.6581005586592,88.12228571428571,0.0,0.0,179.0,175.0,2.0,2.0,179.0,175.0,2.0,2.0,8.0,7.0
2026-04-12,09f98bac3897ce216acb197781ef8add,822998,Tampa Bay Rays,New York Yankees,2026-04-11,0.433,0.567,2.99,3.7,6.69,12,day,101.7976885183362,102.49321444535208,100.53647037016616,100.60425662170596,3.5942766,0.5665333333333336,3.5942766,0.5665333333333336,0.291719625,0.1921228070175438,0.291719625,0.1921228070175438,92.579012345679,95.02380952380952,92.579012345679,95.02380952380952,0.0,0.0,162.0,232.0,2.0,3.0,162.0,232.0,2.0,3.0,5.0,4.0
2026-04-12,118a6e3080de70ad7b82922f6a69fc7c,824293,Detroit Tigers,Miami Marlins,2026-04-11,0.659,0.341,4.27,2.62,6.89,2394,day,99.09240481464812,101.69043794054564,99.67252063165496,101.24482587577828,4.815618704225352,0.3623180093023266,4.815618704225352,0.3623180093023266,0.331895352112676,0.1854051976744186,0.331895352112676,0.1854051976744186,92.72109375,92.11302681992338,92.72109375,92.11302681992338,0.0,0.0,257.0,261.0,3.0,3.0,257.0,261.0,3.0,3.0,8.0,2.0
2026-04-12,37a92ce7648fc0715c4a6411c5bcb637,823317,San Diego Padres,Colorado Rockies,2026-04-11,0.686,0.314,4.82,2.91,7.73,2680,day,98.40293864634936,93.44307948746771,99.20488022105415,98.7611866423868,1.622912,4.230749659701493,1.622912,4.230749659701493,0.2268721052631578,0.3126562388059701,0.2268721052631578,0.3126562388059701,89.2210970464135,87.41839999999999,89.2210970464135,87.41839999999999,0.0,0.0,237.0,250.0,3.0,3.0,237.0,250.0,3.0,3.0,7.0,2.0
2026-04-12,396adc6bdadc61665a790a130d131bec,823966,Los Angeles Dodgers,Texas Rangers,2026-04-11,0.538,0.462,4.36,3.97,8.33,22,day,103.71196681828356,100.99197596016008,96.73405260323833,100.3725082900079,5.182783000000001,3.119509837837838,5.182783000000001,3.119509837837838,0.343973125,0.2761022972972973,0.343973125,0.2761022972972973,91.19940476190476,93.8248407643312,91.19940476190476,93.8248407643312,0.0,0.0,168.0,157.0,2.0,2.0,168.0,157.0,2.0,2.0,2.0,5.0
2026-04-12,48ddab368fb44b8c7e5c7ef18e0ba99a,824696,Chicago Cubs,Pittsburgh Pirates,2026-04-11,0.552,0.448,5.39,4.85,10.24,17,day,100.50049017496367,101.1405476479141,99.63554477464476,96.25480533263632,5.105772545454546,6.515766000000001,5.105772545454546,6.515766000000001,0.3414398863636363,0.38782125,0.3414398863636363,0.38782125,85.92083333333333,96.84634146341465,85.92083333333333,96.84634146341465,0.0,0.0,172.0,164.0,2.0,2.0,172.0,164.0,2.0,2.0,7.0,6.0
2026-04-12,6656a7aa341ece1a4bb860481931621a,823154,Seattle Mariners,Houston Astros,2026-04-11,0.593,0.407,4.69,3.71,8.4,680,day,100.94071451189023,101.12810600260134,101.04699016784105,99.59450196830298,2.1560118208955226,2.278151448275864,2.1560118208955226,2.278151448275864,0.2444082835820895,0.2484260344827586,0.2444082835820895,0.2484260344827586,87.72274368231047,90.95575221238938,87.72274368231047,90.95575221238938,0.0,0.0,277.0,113.0,3.0,2.0,277.0,113.0,3.0,2.0,6.0,1.0
2026-04-12,752e9b625117fe75f792a9f4c0464b06,822828,Toronto Blue Jays,Minnesota Twins,2026-04-11,0.556,0.444,4.55,3.97,8.52,14,day,100.85004225194204,103.57430443254977,100.29242014817116,99.5456804935436,6.80320412903226,3.3602748800000004,6.80320412903226,3.3602748800000004,0.3972764516129032,0.2840222,0.3972764516129032,0.2840222,88.04537815126051,92.2787162162162,88.04537815126051,92.2787162162162,0.0,0.0,119.0,296.0,2.0,3.0,119.0,296.0,2.0,3.0,2.0,8.0
2026-04-12,b078df49b4b246be7446b434bca64f28,824938,Atlanta Braves,Cleveland Guardians,2026-04-11,0.626,0.374,4.16,2.83,6.99,4705,night,97.44835533650188,99.14075492834752,98.30662197359104,100.01354397638288,4.283685688888889,5.139533103448276,4.283685688888889,5.139533103448276,0.3143975555555555,0.3425504310344827,0.3143975555555555,0.3425504310344827,86.6405737704918,87.736820083682,86.6405737704918,87.736820083682,0.0,0.0,244.0,239.0,3.0,3.0,244.0,239.0,3.0,3.0,13.0,1.0
2026-04-12,b438d512032c8841846d4e9f4b6a061b,823804,Milwaukee Brewers,Washington Nationals,2026-04-11,0.612,0.388,4.73,3.56,8.29,32,day,101.8511022361442,100.45304813958272,100.10391853521962,98.9080679934806,3.549452626086957,4.526909333333332,3.549452626086957,4.526909333333332,0.290245152173913,0.3223983333333333,0.290245152173913,0.3223983333333333,88.5136645962733,86.93724137931034,88.5136645962733,86.93724137931034,0.0,0.0,161.0,145.0,2.0,2.0,161.0,145.0,2.0,2.0,6.0,8.0
2026-04-12,b71115505615845619d9ea17e964e30f,824126,Kansas City Royals,Chicago White Sox,2026-04-11,0.648,0.352,5.54,4.0,9.54,7,day,99.59055339879414,97.184574522005,99.42345607357908,98.96198831336562,4.645084727272727,1.6060491851851868,4.645084727272727,1.6060491851851868,0.3262856818181818,0.2263174074074074,0.3262856818181818,0.2263174074074074,86.63551912568306,94.38018867924528,86.63551912568306,94.38018867924528,0.0,0.0,183.0,106.0,2.0,6.0,183.0,106.0,2.0,6.0,5.0,6.0
2026-04-12,b83acf62bfc5d9a65fbea3ae78974c7b,823479,Philadelphia Phillies,Arizona Diamondbacks,2026-04-11,0.582,0.418,4.83,3.98,8.81,2681,day,95.57208649896968,100.78324443647382,98.4746601666488,100.3124203999992,2.603831127272729,5.928983873015873,2.603831127272729,5.928983873015873,0.2591391818181818,0.3685192063492063,0.2591391818181818,0.3685192063492063,93.56989247311829,89.37490347490348,93.56989247311829,89.37490347490348,0.0,0.0,93.0,259.0,6.0,3.0,93.0,259.0,6.0,3.0,3.0,4.0
2026-04-12,e2d6559de3f32042d39f5da40364950a,824859,Baltimore Orioles,San Francisco Giants,2026-04-11,0.516,0.484,4.4,4.23,8.63,2,day,93.98879985227455,99.74299876071824,97.5227022946164,101.27830540684194,5.874383000000002,4.875788528301887,5.874383000000002,4.875788528301887,0.366723125,0.3338746226415094,0.366723125,0.3338746226415094,86.63563218390804,91.06971428571428,86.63563218390804,91.06971428571428,0.0,0.0,87.0,175.0,1.0,2.0,87.0,175.0,1.0,2.0,6.0,2.0
2026-04-12,f032258401e01dc5335139248b940efc,824533,Cincinnati Reds,Los Angeles Angels,2026-04-11,0.59,0.41,4.51,3.56,8.07,2602,day,97.06412044976427,102.63493960268974,98.07662754415858,100.44193853316273,4.475647522388059,2.987277101449277,4.475647522388059,2.987277101449277,0.3207120895522388,0.2717525362318841,0.3207120895522388,0.2717525362318841,87.97786259541985,93.06438848920864,87.97786259541985,93.06438848920864,0.0,0.0,262.0,282.0,3.0,3.0,262.0,282.0,3.0,3.0,6.0,9.0
2026-04-13,41cfc5f9fbe204005b41506b477dbe2a,823563,New York Yankees,Los Angeles Angels,2026-04-12,0.633,0.367,5.55,4.16,9.71,3313,night,100.77323683167133,96.20521912110348,99.68938075761744,99.7959849291144,3.8787765079365055,4.195039771428571,3.8787765079365055,4.195039771428571,0.3010781746031745,0.3114815714285714,0.3010781746031745,0.3114815714285714,91.14285714285714,88.88722627737226,91.14285714285714,88.88722627737226,0.0,0.0,245.0,274.0,3.0,3.0,245.0,274.0,3.0,3.0,11.0,10.0
2026-04-13,af4723d660204fd1fb7719261eb7f74b,823964,Los Angeles Dodgers,New York Mets,2026-04-12,0.607,0.393,4.77,3.65,8.42,22,night,95.5906804981068,97.83134573056095,97.57391763214004,98.19340121543168,4.54914,5.257302628571429,4.54914,5.257302628571429,0.3231296052631578,0.3464244285714286,0.3231296052631578,0.3464244285714286,90.34710144927536,87.38122270742358,90.34710144927536,87.38122270742358,0.0,0.0,138.0,230.0,2.0,3.0,138.0,230.0,2.0,3.0,4.0,0.0
2026-04-13,d10f53a6fb57a00a4e08f7d5fe1d10de,823153,Seattle Mariners,Houston Astros,2026-04-12,0.615,0.385,4.83,3.63,8.46,680,day,100.10108601310432,99.87611066130012,101.5305357612068,99.65913074250844,3.0708549698630154,4.860617490410959,3.0708549698630154,4.860617490410959,0.2745018082191781,0.3333755753424657,0.2745018082191781,0.3333755753424657,92.36765799256506,90.05433962264152,92.36765799256506,90.05433962264152,0.0,0.0,270.0,265.0,3.0,3.0,270.0,265.0,3.0,3.0,6.0,2.0
2026-04-13,d68d87788cfa956ebee8d3a758c79ff0,823725,Minnesota Twins,Boston Red Sox,2026-04-12,0.422,0.578,3.07,3.89,6.96,3312,night,101.76072596779326,97.94358805161772,98.44658063530696,97.8357920812426,4.585977220338984,4.01181316056338,4.585977220338984,4.01181316056338,0.3243413559322034,0.3054543802816901,0.3243413559322034,0.3054543802816901,83.57299578059072,92.265,83.57299578059072,92.265,0.0,0.0,237.0,280.0,3.0,3.0,237.0,280.0,3.0,3.0,13.0,6.0
2026-04-13,dcb7f3b019ab5e225b354b9e8c2b291e,823481,Philadelphia Phillies,Chicago Cubs,2026-04-12,0.585,0.415,4.39,3.5,7.89,2681,night,103.5679489531418,101.05818439782178,98.64604383081615,99.36537072235524,3.3794877681159416,0.963712,3.3794877681159416,0.963712,0.2846542028985507,0.2051878947368421,0.2846542028985507,0.2051878947368421,90.09528985507248,89.28999999999999,90.09528985507248,89.28999999999999,0.0,0.0,276.0,80.0,3.0,1.0,276.0,80.0,3.0,1.0,13.0,7.0
2026-04-13,df0e15c1b18c2572248e1e6fa22b5271,823400,Pittsburgh Pirates,Washington Nationals,2026-04-12,0.663,0.337,4.82,3.13,7.95,31,night,101.74979678244668,101.9549166573767,99.40798654159732,97.8661780853913,2.5710263384615386,6.221483282051281,2.5710263384615386,6.221483282051281,0.2580600769230769,0.3781408974358974,0.2580600769230769,0.3781408974358974,93.35522388059702,83.54634146341463,93.35522388059702,83.54634146341463,0.0,0.0,201.0,164.0,3.0,9.0,201.0,164.0,3.0,9.0,16.0,5.0
2026-04-13,eb7b6453caa8162c84f45e9a1f779847,824937,Atlanta Braves,Miami Marlins,2026-04-12,0.619,0.381,4.77,3.53,8.3,4705,night,99.35015687938171,102.98277542447484,98.46543066399012,98.16273123543488,3.448350873239437,5.356785374647886,3.448350873239437,5.356785374647886,0.2869194366197183,0.3496968873239436,0.2869194366197183,0.3496968873239436,89.96615384615384,91.70588235294116,89.96615384615384,91.70588235294116,0.0,0.0,260.0,273.0,3.0,3.0,260.0,273.0,3.0,3.0,4.0,10.0
2026-04-13,f0a7004057c75d3a27566a9cadac71de,824856,Baltimore Orioles,Arizona Diamondbacks,2026-04-12,0.51,0.49,4.44,4.33,8.77,2,night,,97.3360794545164,,99.28378715757307,,5.94773725,,5.94773725,,0.36913609375,,0.36913609375,,91.88273092369478,,91.88273092369478,,0.0,,249.0,,3.0,,249.0,,3.0,9.0,7.0
2026-04-14,2142bbf2fe04a2b7b7ae829b27222697,824210,Houston Astros,Colorado Rockies,2026-04-13,0.572,0.428,4.67,3.92,8.59,2392,night,,100.47389211007184,,99.3357965745862,,6.279727125333334,,6.279727125333331,,0.3800568133333333,,0.3800568133333332,,87.3693950177936,,87.3693950177936,,0.0,,281.0,,4.0,,281.0,,4.0,7.0,6.0
2026-04-14,385f86efd6c56a30190e6bb26a224fe6,824853,Baltimore Orioles,Arizona Diamondbacks,2026-04-13,0.569,0.431,4.28,3.56,7.84,2,night,102.02087463920556,,98.39276097329164,,2.2451895040000003,,2.2451895040000003,,0.24734176,,0.24734176,,88.16464285714285,,88.16464285714285,,0.0,,280.0,,3.0,,280.0,,3.0,,3.0,4.0
2026-04-14,3de0bc35b00fae1cd6acfbadcf023411,824616,Chicago White Sox,Tampa Bay Rays,2026-04-13,0.453,0.547,3.77,4.26,8.03,4,night,,98.9774980683244,,96.5730262905167,,4.649484666666665,,4.649484666666665,,0.3264304166666666,,0.3264304166666666,,89.27905405405404,,89.27905405405404,,0.0,,148.0,,2.0,,148.0,,2.0,5.0,8.0
2026-04-14,42f96d05fcb3bf3aefe7588b7e0de883,823478,Philadelphia Phillies,Chicago Cubs,2026-04-13,0.522,0.478,4.71,4.49,9.2,2681,night,101.11714740430838,95.7761171966088,100.2333477216883,100.66925798483192,4.596506514285713,-1.7641818181818172,4.596506514285717,-1.7641818181818172,0.3246877142857142,0.1154545454545454,0.3246877142857143,0.1154545454545454,86.2762962962963,91.30238095238094,86.2762962962963,91.30238095238094,0.0,0.0,270.0,42.0,3.0,3.0,270.0,42.0,3.0,3.0,4.0,10.0
2026-04-14,441105a5d9e63b9467a1b49e493aff1f,824292,Detroit Tigers,Kansas City Royals,2026-04-13,0.572,0.428,4.24,3.49,7.73,2394,night,97.08167762906702,99.07349030861992,99.20922313836031,97.62804437406908,3.925364266666666,4.759130086956521,3.9253642666666697,4.759130086956521,0.3026106666666666,0.3300371739130434,0.3026106666666667,0.3300371739130434,88.4007662835249,89.1725888324873,88.4007662835249,89.1725888324873,0.0,0.0,261.0,197.0,3.0,3.0,261.0,197.0,3.0,3.0,2.0,1.0
2026-04-14,62e56fb8e25706db1f4b277d3dab18de,823723,Minnesota Twins,Boston Red Sox,2026-04-13,0.42,0.58,3.74,4.58,8.32,3312,night,102.53937795808636,98.0544143937852,100.32704776243658,101.08851964979628,7.033153963636362,4.562819540983607,7.033153963636362,4.562819540983606,0.4048405909090908,0.3235795901639344,0.4048405909090908,0.3235795901639344,89.36441947565542,87.8077821011673,89.36441947565542,87.8077821011673,0.0,0.0,271.0,257.0,3.0,3.0,271.0,257.0,3.0,3.0,6.0,0.0
2026-04-14,70099d392f8cdba638b5d8e7d6dce3e2,823315,San Diego Padres,Seattle Mariners,2026-04-13,0.495,0.505,3.28,3.33,6.61,2680,night,97.27724828593192,100.12655542387964,99.1003621454744,100.89397622343388,5.064262758208955,1.5346374823529412,5.064262758208955,1.5346374823529412,0.3400744328358209,0.2239683382352941,0.3400744328358209,0.2239683382352941,88.77751937984496,92.9501976284585,88.77751937984496,92.9501976284585,0.0,0.0,258.0,253.0,3.0,3.0,258.0,253.0,3.0,3.0,4.0,1.0
2026-04-14,9d2cb684d156eddca29c13df0d0bce22,823802,Milwaukee Brewers,Toronto Blue Jays,2026-04-13,0.506,0.494,3.79,3.72,7.51,32,night,99.61323721590894,103.6159247918584,97.8784468628356,100.90218394582098,3.2336800238805967,1.195202031746032,3.2336800238805967,1.195202031746032,0.279857895522388,0.2128026984126984,0.279857895522388,0.2128026984126984,95.5560553633218,88.82421875,95.5560553633218,88.82421875,0.0,0.0,290.0,256.0,3.0,3.0,290.0,256.0,3.0,3.0,7.0,9.0
2026-04-14,be2fbbe5b663cd7dc72d23031f2498ec,824935,Atlanta Braves,Miami Marlins,2026-04-13,0.701,0.299,4.88,2.82,7.7,4705,night,100.18844073530376,99.7728625732011,99.31808205680156,99.47933584723404,4.004684077419356,5.681183515151518,4.004684077419354,5.681183515151518,0.3052198709677419,0.3603678787878788,0.3052198709677419,0.3603678787878788,88.20254237288135,90.96614785992216,88.20254237288135,90.96614785992216,0.0,0.0,237.0,257.0,3.0,3.0,237.0,257.0,3.0,3.0,6.0,5.0
2026-04-14,bf8721941657f63c8758e23bdee938ba,823965,Los Angeles Dodgers,New York Mets,2026-04-13,0.651,0.349,4.26,2.69,6.95,22,night,101.42897339804496,100.78804512369508,101.0487812229336,99.9232108521952,3.987689862686567,1.4631230749999995,3.987689862686569,1.4631230749999995,0.3046608507462686,0.2216158906249999,0.3046608507462687,0.2216158906249999,90.16344086021503,90.80324909747291,90.16344086021503,90.80324909747291,0.0,0.0,279.0,277.0,3.0,3.0,279.0,277.0,3.0,3.0,2.0,1.0
2026-04-14,d5bcde6808790e2d31facdd85fadb43e,823398,Pittsburgh Pirates,Washington Nationals,2026-04-13,0.663,0.337,5.68,4.0,9.68,31,night,100.6129103828605,101.95491665737669,99.28029646896972,97.86617808539133,2.793862608695651,6.221483282051283,2.793862608695651,6.221483282051281,0.2653902173913043,0.3781408974358974,0.2653902173913043,0.3781408974358974,88.61291666666666,83.54634146341463,88.61291666666666,83.54634146341463,0.0,0.0,240.0,164.0,3.0,9.0,240.0,164.0,3.0,9.0,4.0,5.0
2026-04-14,e24b161253e29f8c9ef92e6906b29364,823562,New York Yankees,Los Angeles Angels,2026-04-13,0.693,0.307,5.97,4.0,9.97,3313,night,101.28877387737045,95.40757779329935,99.29553654485392,98.18793801980128,5.45807343283582,2.4364789647058824,5.45807343283582,2.4364789647058824,0.3530287313432835,0.2536341764705882,0.3530287313432835,0.2536341764705882,90.5143396226415,88.05051546391753,90.5143396226415,88.05051546391753,0.0,0.0,266.0,292.0,3.0,3.0,266.0,292.0,3.0,3.0,1.0,7.0
2026-04-14,fb1c5d37a9a3812d5d1e0b5ab2f3e768,824531,Cincinnati Reds,San Francisco Giants,2026-04-13,0.49,0.51,4.13,4.24,8.37,2602,night,98.84350610313442,99.55746107820508,99.59072783322276,97.14201832700874,7.439522151724137,3.738370782608696,7.439522151724137,3.738370782608696,0.4182079655172413,0.2964595652173913,0.4182079655172413,0.2964595652173913,87.30427350427351,88.70748299319727,87.30427350427351,88.70748299319727,0.0,0.0,234.0,294.0,3.0,3.0,234.0,294.0,3.0,3.0,2.0,1.0
2026-04-15,0addbc8d6735535fe5cf8e6aa6c955e1,824209,Houston Astros,Colorado Rockies,2026-04-14,0.6,0.4,4.71,3.65,8.36,2392,night,,102.53778081340928,,96.33657379446969,,6.0772586666666655,,6.0772586666666655,,0.3733966666666666,,0.3733966666666666,,87.47564102564102,,87.47564102564102,,0.0,,78.0,,1.0,,78.0,,1.0,3.0,1.0
2026-04-15,2e63bbfb5214a9cb7474c49a13d013d6,824936,Atlanta Braves,Miami Marlins,2026-04-14,0.615,0.385,5.09,3.87,8.96,4705,night,98.96123480115288,103.25909638753876,99.72898974888624,99.80463206354206,2.2271664705882364,4.6630031761194015,2.2271664705882364,4.6630031761194015,0.2467488970588235,0.3268751044776118,0.2467488970588235,0.3268751044776118,87.4241935483871,86.39961977186312,87.4241935483871,86.39961977186312,0.0,0.0,248.0,263.0,3.0,3.0,248.0,263.0,3.0,3.0,6.0,3.0
2026-04-15,30d1ac7c8c0a6c6b760667043f6569aa,824855,Baltimore Orioles,Arizona Diamondbacks,2026-04-14,0.573,0.427,4.97,4.2,9.17,2,day,95.38184757386348,101.3295490519018,98.42274159740882,98.84303732254152,3.3870422295081983,3.690114366197183,3.3870422295081983,3.690114366197183,0.2849027049180328,0.2948721830985915,0.2849027049180328,0.2948721830985915,89.49384615384616,87.57416974169742,89.49384615384616,87.57416974169742,0.0,0.0,260.0,272.0,3.0,3.0,260.0,272.0,3.0,3.0,5.0,8.0
2026-04-15,5dde1728cec88d86d8dbbaa27a572697,824532,Cincinnati Reds,San Francisco Giants,2026-04-14,0.534,0.466,4.45,4.08,8.53,2602,night,100.40883987970666,101.56425781642572,99.91089813527672,100.68255722752852,4.788270352941175,5.932910125000001,4.788270352941175,5.932910125000001,0.3309957352941176,0.368648359375,0.3309957352941176,0.368648359375,89.31596958174904,89.1188679245283,89.31596958174904,89.1188679245283,0.0,0.0,264.0,265.0,3.0,3.0,264.0,265.0,3.0,3.0,8.0,3.0
2026-04-15,69d8354de162a3ae1d59bf8aa804c3ca,824291,Detroit Tigers,Kansas City Royals,2026-04-14,0.531,0.469,4.23,3.9,8.13,2394,night,101.60845188993812,99.1511100048676,98.09836001814683,100.14380304179664,6.671682806153843,5.263217159420293,6.671682806153843,5.263217159420293,0.3929500923076922,0.3466189855072464,0.3929500923076922,0.3466189855072464,87.3784090909091,85.82426470588236,87.3784090909091,85.82426470588236,0.0,0.0,264.0,272.0,3.0,3.0,264.0,272.0,3.0,3.0,2.0,1.0
2026-04-15,748d289cf73992eb235de4c4f66d4175,823477,Philadelphia Phillies,Chicago Cubs,2026-04-14,0.52,0.48,4.28,4.07,8.35,2681,night,96.75667705715458,102.74783394850272,97.84861312277714,98.93114303242882,2.8946683943661986,2.744070933333335,2.8946683943661986,2.744070933333335,0.2687061971830986,0.2637523333333333,0.2687061971830986,0.2637523333333333,90.756338028169,87.31897810218979,90.756338028169,87.31897810218979,0.0,0.0,284.0,274.0,3.0,3.0,284.0,274.0,3.0,3.0,2.0,11.0
2026-04-15,851336f466000da358ea664a9302c8f4,824615,Chicago White Sox,Tampa Bay Rays,2026-04-14,0.464,0.536,3.85,4.22,8.07,4,night,102.34657917322662,101.86135616534368,100.52641589649602,100.58707328566474,3.4155271741935502,3.2340390588235297,3.4155271741935502,3.2340390588235297,0.2858397096774194,0.2798697058823529,0.2858397096774194,0.2798697058823529,89.17313432835822,89.7672131147541,89.17313432835822,89.7672131147541,0.0,0.0,268.0,61.0,3.0,1.0,268.0,61.0,3.0,1.0,3.0,8.0
2026-04-15,a9a5304518c8a2714a581f284aa4cb4f,823561,New York Yankees,Los Angeles Angels,2026-04-14,0.662,0.338,6.11,4.44,10.55,3313,night,100.71304315562053,97.28846069306124,96.60490056673896,98.4683317128502,5.8316992,6.232683882352939,5.8316992,6.232683882352939,0.3653190526315789,0.378509338235294,0.3653190526315789,0.378509338235294,92.63295454545454,92.872,92.63295454545454,92.872,0.0,0.0,88.0,276.0,1.0,3.0,88.0,276.0,1.0,3.0,5.0,4.0
2026-04-15,bc75992fc84ef71ac01271077d656ba0,823399,Pittsburgh Pirates,Washington Nationals,2026-04-14,0.633,0.367,5.51,4.12,9.63,31,night,92.69293495985109,100.48423415399792,97.66995701262108,99.0785339960229,4.095047777777777,5.756108,4.095047777777777,5.756108,0.3081923611111111,0.3628325,0.3081923611111111,0.3628325,94.72767295597484,87.89100719424461,94.72767295597484,87.89100719424461,0.0,0.0,159.0,278.0,8.0,3.0,159.0,278.0,8.0,3.0,2.0,0.0
2026-04-15,c4b632a3318002ec947a0861f17d8583,823963,Los Angeles Dodgers,New York Mets,2026-04-14,0.64,0.36,4.57,3.1,7.67,22,night,102.49588305981376,101.66610471163872,98.80569826214544,100.27175364442296,2.3252542297872343,3.9014293333333336,2.325254229787234,3.9014293333333336,0.2499754680851063,0.3018233333333333,0.2499754680851063,0.3018233333333333,88.91092896174864,89.38697318007662,88.91092896174864,89.38697318007662,0.0,0.0,183.0,261.0,2.0,3.0,183.0,261.0,2.0,3.0,8.0,2.0
2026-04-15,e1d1d3bf816d477e6f48db9e600d48bf,823803,Milwaukee Brewers,Toronto Blue Jays,2026-04-14,0.531,0.469,4.08,3.75,7.83,32,night,99.86889397704908,99.40097625635448,99.3639861842596,97.69890273541544,4.0116650980392174,3.063785890909092,4.0116650980392174,3.063785890909092,0.3054495098039216,0.2742692727272727,0.3054495098039216,0.2742692727272727,90.5295238095238,91.6494623655914,90.5295238095238,91.6494623655914,0.0,0.0,210.0,279.0,3.0,3.0,210.0,279.0,3.0,3.0,2.0,1.0
2026-04-15,e39af7619a05b0b5a99bc6dcd7fbc12b,823722,Minnesota Twins,Boston Red Sox,2026-04-14,0.482,0.518,3.84,4.03,7.87,3312,day,100.5133707105134,98.2439155050769,100.04570685223406,97.69362550688884,5.002668553846155,5.548393521311475,5.002668553846155,5.548393521311475,0.3380483076923077,0.3559997868852458,0.3380483076923077,0.3559997868852458,88.38702928870293,87.59777777777778,88.38702928870293,87.59777777777778,0.0,0.0,239.0,270.0,3.0,3.0,239.0,270.0,3.0,3.0,5.0,9.0
2026-04-15,f3b41be4bbb9dbffe13b5c0c9f57bb50,823314,San Diego Padres,Seattle Mariners,2026-04-14,0.531,0.469,4.09,3.76,7.85,2680,night,100.15578231123553,101.85931393889278,100.00725410637524,99.6335053197096,4.601526794202897,2.270214504918033,4.601526794202897,2.270214504918033,0.3248528550724637,0.2481649508196721,0.3248528550724637,0.2481649508196721,90.5563909774436,88.56853932584269,90.5563909774436,88.56853932584269,0.0,0.0,266.0,267.0,3.0,3.0,266.0,267.0,3.0,3.0,7.0,6.0
2026-04-16,01461c715fdcb8321ca3e4ed2762e436,824289,Detroit Tigers,Kansas City Royals,2026-04-15,0.489,0.511,3.67,3.79,7.46,2394,day,99.9223463071846,100.24429081807104,100.88724203590829,97.84355016548704,-0.0343439999999999,2.843932059701494,-0.0343440000000008,2.843932059701494,0.1723571052631578,0.2670372388059702,0.1723571052631578,0.2670372388059702,89.86783216783218,88.2127413127413,89.86783216783218,88.2127413127413,0.0,0.0,143.0,259.0,2.0,3.0,143.0,259.0,2.0,3.0,10.0,9.0
2026-04-16,25ef39bccec531e95be4427ad60576d2,823560,New York Yankees,Los Angeles Angels,2026-04-15,0.688,0.312,5.2,3.28,8.48,3313,day,97.63394259864415,99.61891637461156,98.57698969771236,97.92789781434364,2.098099092307692,2.8650553333333333,2.0980990923076925,2.8650553333333333,0.2425032596153846,0.2677320833333333,0.2425032596153846,0.2677320833333333,88.18418230563002,82.03333333333333,88.18418230563002,82.03333333333333,0.0,0.0,373.0,208.0,4.0,6.0,373.0,208.0,4.0,6.0,4.0,11.0
2026-04-16,2813553c6a0cdab5c77497cf373aa7af,824208,Houston Astros,Colorado Rockies,2026-04-15,0.548,0.452,4.37,3.86,8.23,2392,night,101.24950644640826,98.71856170401225,99.50580306212362,99.99311406053906,5.739328285714286,6.582299777777779,5.739328285714286,6.582299777777779,0.3622805357142857,0.3900098611111111,0.3622805357142857,0.3900098611111111,91.31095890410958,91.87278911564626,91.31095890410958,91.87278911564626,0.0,0.0,219.0,151.0,5.0,7.0,219.0,151.0,5.0,7.0,2.0,3.0
2026-04-16,34fa181a3e06104ac8bb8d652bffbae7,823313,San Diego Padres,Seattle Mariners,2026-04-15,0.419,0.581,3.75,4.6,8.35,2680,night,102.46306306751912,101.90104557371455,98.6392729759952,101.10050705034256,3.9438719396226416,5.286684406557376,3.9438719396226416,5.286684406557376,0.3032194716981132,0.3473909344262295,0.3032194716981132,0.3473909344262295,87.1731343283582,91.18259259259258,87.1731343283582,91.18259259259258,0.0,0.0,201.0,270.0,3.0,3.0,201.0,270.0,3.0,3.0,5.0,2.0
2026-04-16,50a6b335289549d2d3f41d9072e8d031,824453,Cleveland Guardians,Baltimore Orioles,2026-04-15,0.572,0.428,4.12,3.37,7.49,5,night,102.51864251210606,101.08471276654733,98.36849164770597,98.69666039833577,3.022862424242424,4.366798670422535,3.022862424242424,4.366798670422535,0.272923106060606,0.3171315352112676,0.272923106060606,0.3171315352112676,88.2780876494024,91.336,88.2780876494024,91.336,0.0,0.0,251.0,275.0,3.0,3.0,251.0,275.0,3.0,3.0,4.0,2.0
2026-04-16,58f0238587c37c6200e35bece1cdc6a2,824530,Cincinnati Reds,San Francisco Giants,2026-04-15,0.554,0.446,4.55,3.99,8.54,2602,day,100.40792486469329,99.06839192996613,98.61895938237356,100.08856098201966,5.2352711884058,2.227277101449276,5.2352711884058,2.227277101449276,0.3456997101449276,0.246752536231884,0.3456997101449276,0.246752536231884,95.11984435797665,87.29891304347827,95.11984435797665,87.29891304347827,0.0,0.0,257.0,276.0,3.0,3.0,257.0,276.0,3.0,3.0,0.0,3.0
2026-04-16,74f39156689a078022ede0ab999cd304,823396,Pittsburgh Pirates,Washington Nationals,2026-04-15,0.613,0.387,5.05,3.86,8.91,31,day,99.81024929601122,95.01140140838284,99.60086391595938,98.7193371480646,1.9438603076923089,5.266798044444445,1.9438603076923084,5.266798044444445,0.2374296153846154,0.3467367777777778,0.2374296153846154,0.3467367777777778,91.91713147410358,85.9183908045977,91.91713147410358,85.9183908045977,0.0,0.0,251.0,262.0,3.0,3.0,251.0,262.0,3.0,3.0,7.0,8.0
2026-04-16,99d0656dfdf7a804df87e510c4687f62,824614,Chicago White Sox,Tampa Bay Rays,2026-04-15,0.438,0.562,3.84,4.49,8.33,4,day,99.6083597831216,98.78921857208896,99.28925261478057,99.51009856465026,5.322879771428572,3.566431949206349,5.322879771428572,3.566431949206349,0.3485815714285714,0.2908036825396825,0.3485815714285714,0.2908036825396825,91.20208333333332,86.82330827067669,91.20208333333332,86.82330827067669,0.0,0.0,144.0,266.0,8.0,3.0,144.0,266.0,8.0,3.0,3.0,5.0
2026-04-16,d28f023fdea4d8299ebf509d22707293,823801,Milwaukee Brewers,Toronto Blue Jays,2026-04-15,0.515,0.485,4.5,4.34,8.84,32,day,101.13071327638606,86.57180841845363,98.5306350872044,99.36291078420936,7.614886530612243,10.775982480000003,7.614886530612244,10.775982480000003,0.4239765306122448,0.5279599500000001,0.4239765306122448,0.5279599500000001,92.75113122171946,83.86235294117647,92.75113122171946,83.86235294117647,0.0,0.0,222.0,85.0,3.0,1.0,222.0,85.0,3.0,1.0,2.0,1.0
2026-04-17,0d33220f9d453b16cf8525818ee29051,823152,Seattle Mariners,Texas Rangers,2026-04-16,0.503,0.497,3.46,3.43,6.89,680,night,102.05084187576767,100.4790039904322,100.68916791742332,100.35417653060826,2.39419621978022,2.7076998666666685,2.39419621978022,2.707699866666669,0.2522432967032967,0.2625559166666667,0.2522432967032967,0.2625559166666667,87.98812154696132,93.8004,87.98812154696132,93.8004,0.0,0.0,362.0,253.0,4.0,3.0,362.0,253.0,4.0,3.0,0.0,5.0
2026-04-17,3eb605c9b25ccc2ad16334a2f4a4c17e,824454,Cleveland Guardians,Baltimore Orioles,2026-04-16,0.561,0.439,4.3,3.65,7.95,5,night,99.13802665859774,100.91823706449742,100.06698689385264,99.1930646539111,5.246146146341464,6.563369285245901,5.246146146341462,6.563369285245901,0.3460574390243902,0.3893871475409836,0.3460574390243902,0.3893871475409836,87.80993975903615,84.59840637450199,87.80993975903615,84.59840637450199,0.0,0.0,332.0,251.0,4.0,3.0,332.0,251.0,4.0,3.0,4.0,6.0
2026-04-17,45655eea8b0523564f56d5ba45520388,824693,Chicago Cubs,New York Mets,2026-04-16,0.566,0.434,4.19,3.5,7.69,17,day,100.9301795133393,99.56006202497257,98.61381359670725,98.41463299914967,4.076602707692308,4.304135124999998,4.076602707692308,4.304135125,0.3075856153846154,0.3150702343749999,0.3075856153846154,0.315070234375,92.10436363636364,89.1654761904762,92.10436363636364,89.1654761904762,0.0,0.0,275.0,252.0,3.0,3.0,275.0,252.0,3.0,3.0,12.0,4.0
2026-04-17,49988d9d2bd029a05b88766f7a72ca27,824048,Los Angeles Angels,San Diego Padres,2026-04-16,0.566,0.434,4.58,3.89,8.47,1,night,101.34195804591248,,100.68309666798864,,2.838039489361703,,2.838039489361703,,0.2668434042553191,,0.2668434042553191,,93.31875,,93.31875,,0.0,,388.0,,4.0,,388.0,,4.0,,8.0,0.0
2026-04-17,534d4f4aa2042d0efb0d307c77b7b0bf,823397,Pittsburgh Pirates,Tampa Bay Rays,2026-04-16,0.535,0.465,4.16,3.8,7.96,31,night,101.97148294113308,96.13867333779534,98.3419716582952,101.444347033052,5.852602666666667,4.596852363636365,5.852602666666668,4.596852363636365,0.3660066666666666,0.3246990909090909,0.3660066666666667,0.3246990909090909,95.66901960784313,86.33984375,95.66901960784313,86.33984375,0.0,0.0,255.0,256.0,3.0,3.0,255.0,256.0,3.0,3.0,5.0,1.0
2026-04-17,6c36be674cd46d59ac8a57a727b8a4ca,823883,Miami Marlins,Milwaukee Brewers,2026-04-16,0.527,0.473,3.89,3.6,7.49,4169,night,100.91454571329388,,100.28553532585182,,3.463827294117648,,3.463827294117648,,0.2874285294117647,,0.2874285294117647,,87.42264150943396,,87.42264150943396,,0.0,,265.0,,3.0,,265.0,,3.0,,5.0,7.0
2026-04-17,7067ff8b35400b4b9c0c1b2cf807fe58,823476,Philadelphia Phillies,Atlanta Braves,2026-04-16,0.483,0.517,4.76,4.94,9.7,2681,night,101.50714396007264,98.84456331006317,99.67954827324924,99.43145620468545,6.644752114285714,4.1863280000000005,6.644752114285714,4.1863280000000005,0.3920642142857142,0.311195,0.3920642142857142,0.311195,85.53948339483395,85.92451923076922,85.53948339483395,85.92451923076922,0.0,0.0,271.0,208.0,3.0,3.0,271.0,208.0,3.0,3.0,0.0,9.0
2026-04-17,72adcb72b594dcf90c1756f4f9358d4c,822752,Washington Nationals,San Francisco Giants,2026-04-16,0.495,0.505,4.06,4.12,8.18,3309,night,100.99003105370858,100.50835251317568,99.36648881344246,100.72417324723752,5.683783636363636,4.544247269902913,5.683783636363636,4.544247269902913,0.360453409090909,0.3229686601941747,0.360453409090909,0.3229686601941747,87.05694444444444,89.05526315789474,87.05694444444444,89.05526315789474,0.0,0.0,216.0,380.0,3.0,4.0,216.0,380.0,3.0,4.0,5.0,10.0
2026-04-17,7e51baba35f9e72d4028c265cbceb500,823720,Minnesota Twins,Cincinnati Reds,2026-04-16,0.583,0.417,4.34,3.47,7.81,3312,night,98.69210446593344,99.2736885006735,100.2813715171008,97.4831232664894,2.500576112941176,7.237992071641791,2.500576112941176,7.237992071641793,0.2557426352941176,0.4115786865671642,0.2557426352941176,0.4115786865671642,88.76045197740113,87.15285714285714,88.76045197740113,87.15285714285714,0.0,0.0,354.0,280.0,4.0,3.0,354.0,280.0,4.0,3.0,1.0,2.0
2026-04-17,a1ab635fdacdca4f7d8f471d141a873f,823559,New York Yankees,Kansas City Royals,2026-04-16,0.599,0.401,3.7,2.65,6.35,3313,night,101.46827479385784,100.11457497770198,100.43812895461544,100.65952406071492,1.2223982999999996,3.72876774054054,1.2223983,3.7287677405405377,0.2136973125,0.2961436756756756,0.2136973125,0.2961436756756755,95.2503164556962,87.33259259259259,95.2503164556962,87.33259259259259,0.0,0.0,318.0,270.0,4.0,3.0,318.0,270.0,4.0,3.0,4.0,2.0
2026-04-17,e0edf79975e2cd47e757ea67749e43fd,824373,Colorado Rockies,Los Angeles Dodgers,2026-04-16,0.298,0.702,3.55,5.61,9.16,19,night,100.73890406153645,97.17661667937828,100.56893015156255,100.47456396669136,5.539403047619051,2.5872430422535206,5.53940304761905,2.5872430422535206,0.3557040476190477,0.2585935211267605,0.3557040476190476,0.2585935211267605,88.7943722943723,90.18762886597938,88.7943722943723,90.18762886597938,0.0,0.0,232.0,291.0,3.0,3.0,232.0,291.0,3.0,3.0,1.0,7.0
2026-04-17,ed205a37de8d35d5fe44ef82f8644637,825101,Arizona Diamondbacks,Toronto Blue Jays,2026-04-16,0.537,0.463,4.43,4.04,8.47,15,night,99.63168361206154,90.63187507308191,99.4967782280758,100.13094688119143,6.039260632835822,3.960683539393938,6.039260632835822,3.960683539393938,0.3721467313432836,0.3037724848484848,0.3721467313432836,0.3037724848484848,88.28937728937728,87.93557046979865,88.28937728937728,87.93557046979865,0.0,0.0,273.0,149.0,3.0,8.0,273.0,149.0,3.0,8.0,6.0,3.0
2026-04-17,f396e7f6c0d265d701a8b7123bbcee83,824778,Boston Red Sox,Detroit Tigers,2026-04-16,0.556,0.444,4.05,3.47,7.52,3,night,98.93104429308568,102.87448043566413,98.7985811009956,99.01723081458692,6.184735333333332,4.879047661971832,6.184735333333334,4.87904766197183,0.3769320833333333,0.3339818309859155,0.3769320833333333,0.3339818309859154,86.0804255319149,89.42256809338521,86.0804255319149,89.42256809338521,0.0,0.0,237.0,257.0,3.0,3.0,237.0,257.0,3.0,3.0,1.0,0.0
2026-04-18,18200eb582e3bee33b38016accc8cc4e,824049,Los Angeles Angels,San Diego Padres,2026-04-17,0.511,0.489,4.87,4.75,9.62,1,night,97.95872304548897,100.29872682010604,99.0185256962596,99.32658763024445,6.355827415730336,5.8282551864406775,6.355827415730336,5.828255186440678,0.3825601123595505,0.3652057627118644,0.3825601123595505,0.3652057627118644,88.58342696629214,90.22962962962964,88.58342696629214,90.22962962962964,0.0,0.0,356.0,243.0,4.0,3.0,356.0,243.0,4.0,3.0,1.0,4.0
2026-04-18,2ea66f343279c5bb39b4cb87f04810e7,824694,Chicago Cubs,New York Mets,2026-04-17,0.529,0.471,3.69,3.39,7.08,17,day,99.26143697408504,103.13419360899528,98.96722426513402,99.01207809006092,4.740468754285716,4.053268236363636,4.740468754285716,4.053268236363636,0.3294233142857143,0.3068180340909091,0.3294233142857143,0.3068180340909091,85.90074074074074,88.37908847184987,85.90074074074074,88.37908847184987,0.0,0.0,274.0,373.0,3.0,4.0,274.0,373.0,3.0,4.0,4.0,2.0
2026-04-18,38325b462bdab2c582eec8fa2fe82395,824451,Cleveland Guardians,Baltimore Orioles,2026-04-17,0.594,0.406,4.2,3.22,7.42,5,night,99.99948022754816,96.26847731001062,99.76303954596176,98.84206743516437,4.423449707865166,6.567523809523809,4.423449707865166,6.567523809523809,0.3189950561797752,0.3895238095238095,0.3189950561797752,0.3895238095238095,91.25257452574525,86.175,91.25257452574525,86.175,0.0,0.0,369.0,80.0,4.0,1.0,369.0,80.0,4.0,1.0,4.0,2.0
2026-04-18,53626d17dd82b37d118427fbbb6fda67,824775,Boston Red Sox,Detroit Tigers,2026-04-17,0.442,0.558,2.84,3.45,6.29,3,day,99.98779359391231,98.76530276043135,99.428199816457,99.0768620012259,5.937205295774648,4.24371104,5.937205295774648,4.24371104,0.3687896478873239,0.3130826,0.3687896478873239,0.3130826,89.71544117647058,92.70482954545454,89.71544117647058,92.70482954545454,0.0,0.0,272.0,353.0,3.0,4.0,272.0,353.0,3.0,4.0,1.0,4.0
2026-04-18,6e5129c6e0fc6e1f6fcaff97e0a79ebc,825098,Arizona Diamondbacks,Toronto Blue Jays,2026-04-17,0.582,0.418,5.13,4.27,9.4,15,night,101.261496775882,100.67470955211978,100.24949506118304,100.02042043100336,6.424454682352941,8.269759756521738,6.424454682352943,8.269759756521738,0.3848175882352941,0.4455184130434782,0.3848175882352941,0.4455184130434782,89.53440233236151,87.90588235294119,89.53440233236151,87.90588235294119,0.0,0.0,343.0,187.0,4.0,3.0,343.0,187.0,4.0,3.0,6.0,2.0
2026-04-18,779cfb39de4fd07ffa6e5e9e2a7fec4d,823558,New York Yankees,Kansas City Royals,2026-04-17,0.54,0.46,3.96,3.53,7.49,3313,day,100.3887060626449,100.19344183670184,100.09031894406908,99.42331102959986,4.040718459999999,5.587484417910447,4.040718459999999,5.587484417910448,0.3064052124999999,0.357285671641791,0.3064052124999999,0.357285671641791,90.9497005988024,86.2224,90.9497005988024,86.2224,0.0,0.0,334.0,250.0,4.0,3.0,334.0,250.0,4.0,3.0,13.0,4.0
2026-04-18,912d3bf4c4f1b996c5903aa3b6e3bc2a,823474,Philadelphia Phillies,Atlanta Braves,2026-04-17,0.511,0.489,3.65,3.54,7.19,2681,night,103.56724196367873,97.69912688842372,98.54275445713029,98.847410853235,3.0435984,4.252414184269665,3.0435984,4.252414184269663,0.2736052105263157,0.3133688876404495,0.2736052105263157,0.3133688876404494,90.19516129032256,87.13870967741936,90.19516129032256,87.13870967741936,0.0,0.0,372.0,341.0,4.0,4.0,372.0,341.0,4.0,4.0,1.0,3.0
2026-04-18,9b611b49a26ba77a07349b2b50bab4ad,823394,Pittsburgh Pirates,Tampa Bay Rays,2026-04-17,0.543,0.457,3.3,2.84,6.14,31,day,102.18943075822676,101.01545431264292,100.06293176993002,100.92927947316404,2.3289171333333334,2.4351231186440683,2.3289171333333334,2.4351231186440683,0.2500959583333333,0.2535895762711864,0.2500959583333333,0.2535895762711864,92.50311418685122,92.40252100840335,92.50311418685122,92.40252100840335,0.0,0.0,289.0,238.0,4.0,3.0,289.0,238.0,4.0,3.0,7.0,8.0
2026-04-18,b4b4c5e63320cc913bd4ac9d7c447f23,823151,Seattle Mariners,Texas Rangers,2026-04-17,0.514,0.486,3.69,3.55,7.24,680,day,99.64508159163138,103.02373069304764,101.3263198093439,100.25200414081746,3.038438007843138,4.189865369072163,3.038438007843138,4.189865369072165,0.2734354607843137,0.3113113608247422,0.2734354607843137,0.3113113608247422,92.0991847826087,87.96347826086956,92.0991847826087,87.96347826086956,0.0,0.0,369.0,345.0,4.0,4.0,369.0,345.0,4.0,4.0,7.0,3.0
2026-04-18,de78c77cca84245548d38b8c40c65391,824372,Colorado Rockies,Los Angeles Dodgers,2026-04-17,0.304,0.696,4.29,6.29,10.58,19,night,98.50150894714714,102.93038768225462,99.10214192037888,98.97668422917492,8.030185428571427,5.835427446153847,8.030185428571428,5.835427446153847,0.4376376785714285,0.3654416923076923,0.4376376785714285,0.3654416923076923,89.96281407035175,88.43798449612403,89.96281407035175,88.43798449612403,0.0,0.0,199.0,259.0,3.0,3.0,199.0,259.0,3.0,3.0,4.0,3.0
2026-04-18,e2145c6f89c91d068baad1ef60cb1205,823721,Minnesota Twins,Cincinnati Reds,2026-04-17,0.504,0.496,4.33,4.29,8.62,3312,day,103.79279091461424,97.45607021436666,98.9931367388154,97.5232004061839,3.550072017204301,5.09464602352941,3.5500720172042994,5.094646023529412,0.2902655268817204,0.3410738823529411,0.2902655268817203,0.3410738823529411,92.12860696517411,87.91231231231231,92.12860696517411,87.91231231231231,0.0,0.0,402.0,333.0,4.0,4.0,402.0,333.0,4.0,4.0,4.0,5.0
2026-04-18,f191de07e9e709e1723e5815840236c0,823882,Miami Marlins,Milwaukee Brewers,2026-04-17,0.46,0.54,3.53,3.96,7.49,4169,day,101.86566740007436,101.09192494766243,100.8073768564139,99.85299741182368,2.0658748,2.9265238352941187,2.065874800000001,2.9265238352941183,0.2414432499999999,0.2697540735294118,0.24144325,0.2697540735294118,91.95540166204988,88.85541125541125,91.95540166204988,88.85541125541125,0.0,0.0,361.0,235.0,4.0,3.0,361.0,235.0,4.0,3.0,2.0,5.0
2026-04-18,ff3a4cea8f327d320fac1af61a34e8c3,822751,Washington Nationals,San Francisco Giants,2026-04-17,0.475,0.525,4.65,4.91,9.56,3309,day,100.7947064206138,99.78857292611636,97.8007541724317,100.99145447753288,5.364989816216216,4.869298918918919,5.364989816216216,4.8692989189189175,0.3499667702702702,0.3336611486486486,0.3499667702702702,0.3336611486486486,90.6325581395349,90.95855513307984,90.6325581395349,90.95855513307984,0.0,0.0,301.0,263.0,4.0,3.0,301.0,263.0,4.0,3.0,6.0,7.0
2026-04-19,0d7765b227447b5fb746d1178be90177,823475,Philadelphia Phillies,Atlanta Braves,2026-04-18,0.5,0.5,4.41,4.41,8.82,2681,night,100.84306416781344,100.06919593945126,100.43252397381816,98.3044264385057,1.9826598666666668,3.3892572727272734,1.9826598666666668,3.3892572727272734,0.2387059166666666,0.2849755681818182,0.2387059166666666,0.2849755681818182,90.78267716535431,89.79843260188088,90.78267716535431,89.79843260188088,0.0,0.0,254.0,319.0,3.0,4.0,254.0,319.0,3.0,4.0,2.0,4.0
2026-04-19,0e8cd1402139869a8535c9d0d09acb45,825100,Arizona Diamondbacks,Toronto Blue Jays,2026-04-18,0.523,0.477,3.87,3.64,7.51,15,day,96.21878152470504,103.01148632032786,99.26128583360835,100.68847310072276,4.842862494117646,2.34973471264368,4.842862494117648,2.34973471264368,0.3327915294117646,0.2507807471264368,0.3327915294117647,0.2507807471264368,91.95630498533724,89.05835694050991,91.95630498533724,89.05835694050991,0.0,0.0,341.0,353.0,4.0,4.0,341.0,353.0,4.0,4.0,4.0,10.0
2026-04-19,1048fb9b5524c70651232a93456ec26c,822750,Washington Nationals,San Francisco Giants,2026-04-18,0.396,0.604,4.1,5.18,9.28,3309,day,100.78535484751374,99.92156384392688,97.96285587244456,96.82255307196289,5.901719346938775,4.831826046511626,5.901719346938777,4.831826046511626,0.3676223469387755,0.3324284883720929,0.3676223469387755,0.3324284883720929,83.9444976076555,88.45567010309279,83.9444976076555,88.45567010309279,0.0,0.0,209.0,388.0,12.0,4.0,209.0,388.0,12.0,4.0,3.0,0.0
2026-04-19,22dc10f0ffdfd73bd79c7bdf5266e95f,823150,Seattle Mariners,Texas Rangers,2026-04-18,0.611,0.389,4.04,2.87,6.91,680,day,100.22027143693892,97.75008087297952,100.60395243723669,97.96808360764652,1.9761279670103096,3.210257104761906,1.9761279670103096,3.210257104761906,0.2384910515463917,0.2790874047619048,0.2384910515463917,0.2790874047619048,92.70753623188403,89.94915254237289,92.70753623188403,89.94915254237289,0.0,0.0,345.0,354.0,4.0,4.0,345.0,354.0,4.0,4.0,5.0,2.0
2026-04-19,4c4e3a56911954f45c048e7f6a7f4822,824452,Cleveland Guardians,Baltimore Orioles,2026-04-18,0.513,0.487,3.28,3.14,6.42,5,day,95.74033849438348,101.44838554442148,96.96009709967826,98.12173372552648,3.36525402469136,2.412943059793815,3.365254024691361,2.412943059793815,0.284185987654321,0.2528599690721649,0.284185987654321,0.2528599690721649,86.02798833819242,88.29498680738787,86.02798833819242,88.29498680738787,0.0,0.0,343.0,379.0,4.0,4.0,343.0,379.0,4.0,4.0,8.0,4.0
2026-04-19,6d654c503d52995cf1547c4bc56ba827,824691,Chicago Cubs,New York Mets,2026-04-18,0.551,0.449,4.47,3.94,8.41,17,day,100.65504220524149,102.18502209889886,99.81591538795236,100.1269096045453,5.133027911111111,2.7574212765957444,5.133027911111111,2.7574212765957444,0.3423364444444444,0.2641914893617021,0.3423364444444444,0.2641914893617021,89.20802469135803,86.52011834319526,89.20802469135803,86.52011834319526,0.0,0.0,162.0,173.0,2.0,6.0,162.0,173.0,2.0,6.0,2.0,1.0
2026-04-19,72f3eee98d3f21414ef8f55962b0364f,824371,Colorado Rockies,Los Angeles Dodgers,2026-04-18,0.344,0.656,4.66,6.29,10.95,19,day,99.49958533048222,102.5189708868592,99.44722281897656,97.27741511346468,6.291744068817204,5.658158709677419,6.291744068817204,5.658158709677419,0.3804521075268817,0.3596104838709677,0.3804521075268817,0.3596104838709677,87.44829545454546,90.51564885496182,87.44829545454546,90.51564885496182,0.0,0.0,352.0,262.0,5.0,3.0,352.0,262.0,5.0,3.0,9.0,6.0
2026-04-19,77c097e15cdac31a63aa34c4a10c9c91,824777,Boston Red Sox,Detroit Tigers,2026-04-18,0.559,0.441,3.92,3.3,7.22,3,day,98.18402265647096,95.2684350569556,97.57060071242668,99.34708897207616,5.659179991011235,3.3131821230769245,5.659179991011235,3.313182123076923,0.3596440786516853,0.2824730961538462,0.3596440786516853,0.2824730961538461,92.12597014925372,88.48362068965517,92.12597014925372,88.48362068965517,0.0,0.0,335.0,348.0,4.0,4.0,335.0,348.0,4.0,4.0,2.0,6.0
2026-04-19,9ac64069558fef330a70fa14356058dc,823881,Miami Marlins,Milwaukee Brewers,2026-04-18,0.478,0.522,3.72,3.94,7.66,4169,day,102.49234385752274,101.5720888328274,98.13201258262436,98.25052444780056,5.425480105494505,2.8567836545454544,5.425480105494505,2.8567836545454544,0.3519565824175824,0.2674599886363636,0.3519565824175824,0.2674599886363636,91.82442528735632,95.43616438356165,91.82442528735632,95.43616438356165,0.0,0.0,349.0,366.0,4.0,4.0,349.0,366.0,4.0,4.0,5.0,3.0
2026-04-19,bc5456b82441dbb9bd569ac5bfd0ab07,823556,New York Yankees,Kansas City Royals,2026-04-18,0.621,0.379,4.49,3.22,7.71,3313,day,100.38328261773395,101.22912380605676,99.20927603891532,98.067250648806,6.088254471910112,5.537442388059701,6.088254471910112,5.537442388059703,0.3737583707865168,0.3556395522388059,0.3737583707865168,0.355639552238806,89.96239554317549,89.22344827586207,89.96239554317549,89.22344827586207,0.0,0.0,360.0,290.0,4.0,4.0,360.0,290.0,4.0,4.0,7.0,0.0
2026-04-19,d97433d24ce14d05b02b695c3cb6d537,823393,Pittsburgh Pirates,Tampa Bay Rays,2026-04-18,0.547,0.453,4.22,3.73,7.95,31,day,101.28524714386926,97.01282216763502,98.74990326137991,96.30100178076265,4.357318542222223,4.90613972413793,4.357318542222223,4.90613972413793,0.3168196888888889,0.3348730172413792,0.3168196888888889,0.3348730172413792,88.48636363636363,89.19307359307359,88.48636363636363,89.19307359307359,0.0,0.0,330.0,231.0,4.0,3.0,330.0,231.0,4.0,3.0,6.0,3.0
2026-04-19,de5baa6a9b1b0c7a10c628770ffff6ff,823718,Minnesota Twins,Cincinnati Reds,2026-04-18,0.513,0.487,4.3,4.16,8.46,3312,day,104.36242469444174,98.0940446375198,98.89030566750075,99.8021239888392,4.726037797647057,5.852685092682927,4.726037797647058,5.852685092682927,0.3289486117647058,0.3660093780487805,0.3289486117647058,0.3660093780487805,84.0433734939759,87.26019417475729,84.0433734939759,87.26019417475729,0.0,0.0,332.0,309.0,4.0,4.0,332.0,309.0,4.0,4.0,4.0,7.0
2026-04-19,e1d026d4b97697ac7e0862b37a1e26a5,824047,Los Angeles Angels,San Diego Padres,2026-04-18,0.397,0.603,3.72,4.79,8.51,1,day,101.7601496628952,96.12837267355609,99.06048563080392,98.60529918430544,6.748266285714287,4.9410512869565215,6.748266285714287,4.9410512869565215,0.3954692857142857,0.3360214239130434,0.3954692857142857,0.3360214239130434,95.06451612903226,88.84081632653061,95.06451612903226,88.84081632653061,0.0,0.0,65.0,343.0,2.0,4.0,65.0,343.0,2.0,4.0,1.0,2.0
2026-04-20,043dafafb56c1b3ebf5472c9f3fe428f,824046,Los Angeles Angels,Toronto Blue Jays,2026-04-19,0.442,0.558,4.22,4.83,9.05,1,night,97.4993177861246,98.52951985184346,98.96471678369424,98.6296226801389,2.478367415053764,2.9216075090909075,2.478367415053766,2.9216075090909106,0.2550120860215054,0.2695923522727272,0.2550120860215054,0.2695923522727273,88.16333333333333,91.86623376623376,88.16333333333333,91.86623376623376,0.0,0.0,391.0,385.0,4.0,4.0,391.0,385.0,4.0,4.0,2.0,5.0
2026-04-20,0d70750c31542bcfe935969cb9ccc66e,824692,Chicago Cubs,Philadelphia Phillies,2026-04-19,0.542,0.458,4.47,4.03,8.5,17,night,101.06999317031747,101.01786802829918,99.81082285392462,100.25761714594522,3.975227717647059,4.521896602150535,3.975227717647059,4.521896602150538,0.3042509117647058,0.3222334408602149,0.3042509117647058,0.322233440860215,89.97358490566037,86.5249299719888,89.97358490566037,86.5249299719888,0.0,0.0,265.0,357.0,4.0,4.0,265.0,357.0,4.0,4.0,5.0,1.0
2026-04-20,0e45c1c07e2b9a60ebf70c74f0180cb6,824776,Boston Red Sox,Detroit Tigers,2026-04-19,0.557,0.443,4.02,3.42,7.44,3,day,98.51427049391658,100.96173913149688,100.35605611854382,98.53833815976996,5.677635527710841,5.120043383908047,5.677635527710844,5.120043383908045,0.3602511686746987,0.3419093218390804,0.3602511686746988,0.3419093218390804,87.55314285714286,87.6257617728532,87.55314285714286,87.6257617728532,0.0,0.0,350.0,361.0,4.0,4.0,350.0,361.0,4.0,4.0,8.0,6.0
2026-04-20,4e58a660bb4f20467d3e4261ec9f47ba,824370,Colorado Rockies,Los Angeles Dodgers,2026-04-19,0.334,0.666,3.84,5.56,9.4,19,night,100.70046422415962,96.47948368104568,97.25202617738805,98.85708364638808,8.132636444444444,4.310649523809524,8.132636444444444,4.310649523809524,0.4410077777777777,0.3152845238095238,0.4410077777777778,0.3152845238095238,87.00588235294117,89.86447368421052,87.00588235294117,89.86447368421052,0.0,0.0,154.0,229.0,2.0,3.0,154.0,229.0,2.0,3.0,3.0,12.0
2026-04-20,6a0b76ac89fd72cc8272b53212004e44,824125,Kansas City Royals,Baltimore Orioles,2026-04-19,0.57,0.43,4.67,3.94,8.61,7,night,99.25724160579476,90.1827807670383,100.29272183285326,98.57532589752904,4.100999826086956,3.2966510344827595,4.100999826086956,3.2966510344827613,0.308388152173913,0.2819293103448276,0.308388152173913,0.2819293103448276,85.84532967032968,89.5546218487395,85.84532967032968,89.5546218487395,0.0,0.0,364.0,357.0,4.0,4.0,364.0,357.0,4.0,4.0,5.0,7.0
2026-04-20,6e7862ded6af1d5c6d82f19895ccd191,822749,Washington Nationals,Atlanta Braves,2026-04-19,0.399,0.601,4.45,5.51,9.96,3309,night,101.16628177840936,98.62018594544156,99.29687985741452,99.6565383481648,5.469898813793105,2.1416630857142844,5.469898813793106,2.1416630857142853,0.353417724137931,0.2439362857142856,0.3534177241379311,0.2439362857142857,87.62644628099174,87.65443425076452,87.62644628099174,87.65443425076452,0.0,0.0,363.0,327.0,4.0,4.0,363.0,327.0,4.0,4.0,4.0,9.0
2026-04-20,8b84f5c8a8eec852cbc8ab761818b5dc,824450,Cleveland Guardians,Houston Astros,2026-04-19,0.561,0.439,4.96,4.31,9.27,5,night,101.09435869763924,101.07115647744128,99.1821916606914,97.55889499777686,5.42886270909091,4.563838577777779,5.42886270909091,4.563838577777779,0.3520678522727273,0.3236131111111111,0.3520678522727273,0.3236131111111111,86.97942857142857,82.649,86.97942857142857,82.649,0.0,0.0,351.0,100.0,4.0,1.0,351.0,100.0,4.0,1.0,2.0,9.0
2026-04-20,eaa622d11f4b04e532bbea382e56ca52,822994,Tampa Bay Rays,Cincinnati Reds,2026-04-19,0.523,0.477,3.59,3.35,6.94,12,night,97.63820403857656,98.72844449191604,100.78616102101736,100.2788511653782,4.5840968,4.758842755555554,4.5840968,4.758842755555556,0.3242795,0.3300277222222221,0.3242795,0.3300277222222222,89.49130434782609,89.542776203966,89.49130434782609,89.542776203966,0.0,0.0,138.0,354.0,2.0,4.0,138.0,354.0,2.0,4.0,1.0,6.0
2026-04-21,0438fd942a9f1f07557cef989b1a4e4d,823236,San Francisco Giants,Los Angeles Dodgers,2026-04-20,0.378,0.622,3.36,4.64,8.0,2395,night,98.85408738476552,100.8303945335203,99.83264990910342,100.55134374660504,2.577025096629213,3.838659840000002,2.577025096629213,3.838659840000002,0.258257404494382,0.2997585473684211,0.258257404494382,0.2997585473684211,86.7573002754821,90.41096605744126,86.7573002754821,90.41096605744126,0.0,0.0,363.0,383.0,4.0,4.0,363.0,383.0,4.0,4.0,3.0,1.0
2026-04-21,0567a988f9302cca0e4d8ef6eeb73371,824369,Colorado Rockies,San Diego Padres,2026-04-20,0.367,0.633,3.81,5.21,9.02,19,night,101.1886747291556,100.4824205406663,99.79998928690082,100.025972076801,4.8573624,5.757480053333333,4.8573624,5.757480053333333,0.3332684999999999,0.3628776333333333,0.3332684999999999,0.3628776333333333,85.49435028248588,90.70655270655271,85.49435028248588,90.70655270655271,0.0,0.0,177.0,351.0,10.0,4.0,177.0,351.0,10.0,4.0,0.0,1.0
2026-04-21,1d3c338edb1851414b920c5e62833c42,822995,Tampa Bay Rays,Cincinnati Reds,2026-04-20,0.544,0.456,3.79,3.34,7.13,12,night,98.87773030198942,99.56211890449312,99.48334866778156,98.83894058294844,4.859005609411765,4.13765088372093,4.859005609411765,4.13765088372093,0.3333225529411764,0.3095937790697674,0.3333225529411764,0.3095937790697674,86.95235294117647,95.02936046511628,86.95235294117647,95.02936046511628,0.0,0.0,340.0,344.0,4.0,4.0,340.0,344.0,4.0,4.0,6.0,12.0
2026-04-21,4e1d939bfe81862d61aca2a33e9f716c,824045,Los Angeles Angels,Toronto Blue Jays,2026-04-20,0.447,0.553,4.74,5.3,10.04,1,night,98.19212354343264,87.85622465473723,99.11750484603314,99.28443878354598,5.416168,7.609507840000001,5.416168,7.609507840000001,0.3516502631578947,0.4237996,0.3516502631578947,0.4237996,93.01075268817203,85.00426829268294,93.01075268817203,85.00426829268294,0.0,0.0,373.0,164.0,4.0,2.0,373.0,164.0,4.0,2.0,2.0,4.0
2026-04-21,8dd01844bbaffc7ec461c4e06ea83b42,822914,Texas Rangers,Pittsburgh Pirates,2026-04-20,0.544,0.456,3.84,3.39,7.23,5325,night,101.00079830194277,101.03358769406796,99.548075180062,99.79374469364652,4.157351355223881,3.3148690206896547,4.157351355223881,3.3148690206896547,0.3102418208955224,0.2825285862068965,0.3102418208955224,0.2825285862068965,90.21538461538462,89.36435045317221,90.21538461538462,89.36435045317221,0.0,0.0,260.0,331.0,3.0,4.0,260.0,331.0,3.0,4.0,5.0,1.0
2026-04-21,b1a87295d83bffd8d9d702ba76f4b1bd,824127,Kansas City Royals,Baltimore Orioles,2026-04-20,0.608,0.392,4.87,3.74,8.61,7,night,98.96938290505696,100.28378787233888,98.07056244131552,99.08072883060656,4.55413,4.636304098969072,4.55413,4.636304098969072,0.32329375,0.3259968453608247,0.32329375,0.3259968453608247,88.28093841642229,91.15748663101604,88.28093841642229,91.15748663101604,0.0,0.0,341.0,374.0,4.0,4.0,341.0,374.0,4.0,4.0,6.0,5.0
2026-04-21,b1f2c684186f6906566a63d457c86009,822747,Washington Nationals,Atlanta Braves,2026-04-20,0.361,0.639,3.21,4.67,7.88,3309,night,95.12039849815524,100.54258846625288,98.968981275653,99.36510339740464,4.710548744827587,4.113734997590363,4.710548744827587,4.113734997590363,0.3284391034482758,0.3088070722891566,0.3284391034482758,0.3088070722891566,85.88742857142857,87.94307228915662,85.88742857142857,87.94307228915662,0.0,0.0,351.0,333.0,4.0,4.0,351.0,333.0,4.0,4.0,11.0,4.0
2026-04-21,b7ec1f6220bc8b3dbe3589c95eabd186,825099,Arizona Diamondbacks,Chicago White Sox,2026-04-20,0.652,0.348,4.97,3.39,8.36,15,night,101.68892306103608,101.90683730421476,98.38503926700922,99.82363602495026,8.578011130434781,5.045533451162792,8.578011130434781,5.045533451162792,0.4556582608695652,0.3394583372093023,0.4556582608695652,0.3394583372093023,88.88604651162791,89.13555555555556,88.88604651162791,89.13555555555556,0.0,0.0,86.0,360.0,1.0,4.0,86.0,360.0,1.0,4.0,5.0,11.0
2026-04-21,bce74dac7fe3dd7ecf80111287a3dd34,824290,Detroit Tigers,Milwaukee Brewers,2026-04-20,0.525,0.475,3.97,3.71,7.68,2394,night,98.9962629342408,101.67782643448125,100.81771184647748,99.43022307838687,1.4417798095238097,4.029187359999999,1.4417798095238097,4.029187359999999,0.2209138095238095,0.3060258999999999,0.2209138095238095,0.3060258999999999,90.2150442477876,90.2411067193676,90.2150442477876,90.2411067193676,0.0,0.0,226.0,253.0,3.0,3.0,226.0,253.0,3.0,3.0,4.0,12.0
2026-04-21,c3a389932a73d413d0f0e503a36712ea,824448,Cleveland Guardians,Houston Astros,2026-04-20,0.616,0.384,5.34,4.12,9.46,5,night,102.01754708707652,101.32287630576369,98.37699532801402,99.00493316293176,2.740320946236559,5.973936666666667,2.740320946236559,5.973936666666667,0.2636289784946236,0.3699979166666666,0.2636289784946236,0.3699979166666666,88.47988980716254,90.61389830508476,88.47988980716254,90.61389830508476,0.0,0.0,363.0,295.0,4.0,6.0,363.0,295.0,4.0,6.0,8.0,5.0
2026-04-21,d5285248b8322f4781920eb06d586c63,824773,Boston Red Sox,New York Yankees,2026-04-20,0.483,0.517,3.66,3.84,7.5,3,night,99.4066491172767,102.07112449793271,97.55858580487596,98.170578523251,5.606400304761905,6.575795434146342,5.606400304761905,6.575795434146342,0.3579079047619047,0.3897959024390244,0.3579079047619047,0.3897959024390244,87.80225352112676,92.5578947368421,87.80225352112676,92.5578947368421,0.0,0.0,355.0,171.0,4.0,2.0,355.0,171.0,4.0,2.0,0.0,4.0
2026-04-21,e56e51d0e26b298582dc9ebe9dcf1e22,823640,New York Mets,Minnesota Twins,2026-04-20,0.606,0.394,4.89,3.79,8.68,3289,night,100.71998987629348,101.24217036723957,99.71341906656846,99.54762831742586,1.6684674696629207,5.114613714285716,1.6684674696629207,5.114613714285716,0.2283706404494381,0.3417307142857143,0.2283706404494381,0.3417307142857143,91.04462365591398,88.81752265861027,91.04462365591398,88.81752265861027,0.0,0.0,372.0,331.0,4.0,4.0,372.0,331.0,4.0,4.0,3.0,5.0
2026-04-21,fd082c9fac90847ff16ee7691851778f,824690,Chicago Cubs,Philadelphia Phillies,2026-04-20,0.597,0.403,4.79,3.78,8.57,17,night,102.53338238584251,97.74930920394702,98.69454333127852,97.54296593878746,2.5502648780487807,3.938417551020408,2.5502648780487807,3.938417551020408,0.2573771341463414,0.3030400510204081,0.2573771341463414,0.3030400510204081,87.15967741935484,91.11204188481676,87.15967741935484,91.11204188481676,0.0,0.0,372.0,382.0,4.0,4.0,372.0,382.0,4.0,4.0,7.0,4.0
2026-04-22,07187e7c60013c66b4831e61391ded49,822993,Tampa Bay Rays,Cincinnati Reds,2026-04-21,0.552,0.448,4.22,3.68,7.9,12,day,98.2155444320029,98.08431593022004,101.13097592354738,97.65122195013775,5.049276608695653,6.777444639999996,5.049276608695653,6.777444639999997,0.3395814673913043,0.3964290999999998,0.3395814673913043,0.3964290999999998,86.8264534883721,87.20053619302949,86.8264534883721,87.20053619302949,0.0,0.0,345.0,373.0,4.0,4.0,345.0,373.0,4.0,4.0,6.0,1.0
2026-04-22,1716e08eb19cda68f1493c3d9b10107e,822748,Washington Nationals,Atlanta Braves,2026-04-21,0.511,0.489,4.88,4.77,9.65,3309,night,100.48664491385328,101.45454733656194,99.29707238051924,99.89905324098866,7.311842516853934,3.545617599999999,7.311842516853934,3.545617599999999,0.4140079775280899,0.2901189999999999,0.4140079775280899,0.2901189999999999,87.14095563139931,92.81428571428572,87.14095563139931,92.81428571428572,0.0,0.0,293.0,56.0,4.0,1.0,293.0,56.0,4.0,1.0,6.0,8.0
2026-04-22,28a3f2a1820315be48605c5c321f0c19,824688,Chicago Cubs,Philadelphia Phillies,2026-04-21,0.573,0.427,4.32,3.54,7.86,17,night,99.79984626390944,89.67241480336277,98.96253134829514,98.1126924454844,4.825664648648649,3.841423714285715,4.825664648648649,3.841423714285715,0.3322258108108108,0.2998494642857143,0.3322258108108108,0.2998494642857143,87.29937888198758,85.21065573770493,87.29937888198758,85.21065573770493,0.0,0.0,161.0,122.0,2.0,7.0,161.0,122.0,2.0,7.0,7.0,2.0
2026-04-22,2a8e5f1a3a4ac585a773ec30d535e4e0,822913,Texas Rangers,Pittsburgh Pirates,2026-04-21,0.505,0.495,3.66,3.61,7.27,5325,night,101.15052126475844,99.05780947189336,99.72026174925227,99.51970843031262,5.80807409777778,1.6091072000000004,5.80807409777778,1.6091072000000004,0.3645419111111111,0.226418,0.3645419111111111,0.226418,91.87893333333334,91.84897360703812,91.87893333333334,91.84897360703812,0.0,0.0,375.0,341.0,4.0,4.0,375.0,341.0,4.0,4.0,4.0,8.0
2026-04-22,863d10a0d1fd4ccb9810966d4740d766,824367,Colorado Rockies,San Diego Padres,2026-04-21,0.456,0.544,4.56,5.02,9.58,19,night,99.9632715733281,103.10939262503598,100.47702110867218,99.05446236838392,7.572801395348838,4.363390093150684,7.572801395348837,4.363390093150684,0.4225921511627907,0.317019410958904,0.4225921511627907,0.317019410958904,88.49440993788821,87.52076124567473,88.49440993788821,87.52076124567473,0.0,0.0,324.0,289.0,4.0,4.0,324.0,289.0,4.0,4.0,8.0,3.0
2026-04-22,a1a9de3dc48cafca34e52ab1babe5d9f,824286,Detroit Tigers,Milwaukee Brewers,2026-04-21,0.49,0.51,3.71,3.81,7.52,2394,night,102.6265144768618,96.60355865198454,98.85589491470049,96.14719488078978,3.941146178723405,4.563154654545457,3.941146178723405,4.563154654545457,0.3031298085106383,0.3235906136363637,0.3031298085106383,0.3235906136363637,89.73703703703704,87.99368421052631,89.73703703703704,87.99368421052631,0.0,0.0,351.0,190.0,4.0,10.0,351.0,190.0,4.0,10.0,5.0,2.0
2026-04-22,a51b58a3d9fe032b72e59da66a7243fc,823231,San Francisco Giants,Los Angeles Dodgers,2026-04-21,0.398,0.602,3.4,4.46,7.86,2395,night,100.99480270567804,102.83029098233138,100.23399930648915,98.78326092898786,7.05122753488372,2.112943142028984,7.05122753488372,2.112943142028984,0.4054351162790697,0.2429915507246376,0.4054351162790697,0.2429915507246376,89.0186440677966,89.68525179856115,89.0186440677966,89.68525179856115,0.0,0.0,354.0,278.0,4.0,3.0,354.0,278.0,4.0,3.0,3.0,0.0
2026-04-22,d599119eee8f7c6afc027334f7445633,824123,Kansas City Royals,Baltimore Orioles,2026-04-21,0.591,0.409,4.9,3.94,8.84,7,day,100.51359119436457,103.01790292064032,100.48039939732384,98.82581278874376,3.747661273469388,5.956696173493977,3.747661273469388,5.956696173493977,0.2967651734693877,0.3694307951807229,0.2967651734693877,0.3694307951807229,87.341689373297,84.43048433048433,87.341689373297,84.43048433048433,0.0,0.0,367.0,351.0,4.0,4.0,367.0,351.0,4.0,4.0,6.0,8.0
2026-04-22,dad354a5f508e2a69c2cf2b029462737,823641,New York Mets,Minnesota Twins,2026-04-21,0.582,0.418,4.42,3.55,7.97,3289,night,101.83013073062772,,100.19745868258693,,4.380050202150538,,4.380050202150538,,0.317567440860215,,0.317567440860215,,89.02836676217765,,89.02836676217765,,0.0,,349.0,,4.0,,349.0,,4.0,,3.0,2.0
2026-04-22,dfff7f7620a1af42549f691892c9c7cd,825097,Arizona Diamondbacks,Chicago White Sox,2026-04-21,0.602,0.398,5.03,3.96,8.99,15,night,101.03367131544152,98.13280168436654,98.8656613932,97.58750488346014,4.556303916666666,6.875808498701296,4.556303916666666,6.875808498701296,0.3233652604166666,0.3996647532467531,0.3233652604166666,0.3996647532467531,87.89647696476965,90.87227138643068,87.89647696476965,90.87227138643068,0.0,0.0,370.0,339.0,4.0,4.0,370.0,339.0,4.0,4.0,11.0,7.0
2026-04-22,e308577ae69b60256ed912a05d931a57,824044,Los Angeles Angels,Toronto Blue Jays,2026-04-21,0.515,0.485,4.22,4.06,8.28,1,day,101.22181240712034,99.76259406935708,100.3184891121518,98.14682868117418,2.7784715213675204,4.900977435897436,2.7784715213675204,4.900977435897436,0.2648839316239316,0.3347032051282051,0.2648839316239316,0.3347032051282051,93.3111801242236,86.42324840764331,93.3111801242236,86.42324840764331,0.0,0.0,487.0,314.0,5.0,4.0,487.0,314.0,5.0,4.0,7.0,3.0
2026-04-22,e33bac43c9aeb7a52713962ae0686e1f,824449,Cleveland Guardians,Houston Astros,2026-04-21,0.547,0.453,4.47,3.98,8.45,5,day,99.40922593709962,100.81969370317915,100.05354758399652,99.67671432922212,5.219416598130842,5.348518733333333,5.219416598130842,5.348518733333333,0.3451781775700934,0.3494249583333333,0.3451781775700934,0.3494249583333333,87.46728971962617,90.29,87.46728971962617,90.29,0.0,0.0,428.0,90.0,5.0,1.0,428.0,90.0,5.0,1.0,0.0,2.0
2026-04-22,ebdf17398c47e7ea946db3d1e80d50e7,824774,Boston Red Sox,New York Yankees,2026-04-21,0.444,0.556,3.39,3.97,7.36,3,night,98.84157566313012,97.35609622223907,98.50708422685518,98.50952809780225,4.868892837209303,2.0643896634920647,4.868892837209303,2.064389663492064,0.3336477906976744,0.2413943968253968,0.3336477906976744,0.2413943968253968,85.94847560975609,88.29034334763949,85.94847560975609,88.29034334763949,0.0,0.0,330.0,466.0,4.0,5.0,330.0,466.0,4.0,5.0,1.0,4.0
2026-04-23,0690cb513a9395d92f4b14ef1ff47d78,824689,Chicago Cubs,Philadelphia Phillies,2026-04-22,0.5,0.5,4.2,4.2,8.4,17,day,102.00964897690056,102.08622656851836,99.11188385844792,98.62413292959378,4.620401155555555,2.832983024390244,4.620401155555555,2.832983024390244,0.3254737222222222,0.2666770731707317,0.3254737222222222,0.2666770731707317,91.90928961748637,89.92430107526883,91.90928961748637,89.92430107526883,0.0,0.0,366.0,465.0,4.0,5.0,366.0,465.0,4.0,5.0,8.0,7.0
2026-04-23,1e66733b3f851159b9299af54335356a,823639,New York Mets,Minnesota Twins,2026-04-22,0.501,0.499,4.02,4.0,8.02,3289,night,,98.41219420325844,,100.6316486092768,,2.6803230803738307,,2.6803230803738307,,0.2616553644859812,,0.2616553644859812,,88.65758928571428,,88.65758928571428,,0.0,,448.0,,5.0,,448.0,,5.0,10.0,8.0
2026-04-23,528817a2bf72047f1124e81a7ae55de9,822912,Texas Rangers,Pittsburgh Pirates,2026-04-22,0.597,0.403,4.2,3.19,7.39,5325,night,101.35515247026034,103.10634044978832,100.13943843128168,98.38814638459272,2.710510649350651,4.947983905882351,2.7105106493506503,4.947983905882351,0.2626483766233766,0.3362494705882352,0.2626483766233766,0.3362494705882352,93.32189349112426,95.21594202898552,93.32189349112426,95.21594202898552,0.0,0.0,341.0,345.0,4.0,4.0,341.0,345.0,4.0,4.0,6.0,1.0
2026-04-23,7350a8d7c4145d7f644e02a87a4bb365,823233,San Francisco Giants,Los Angeles Dodgers,2026-04-22,0.393,0.607,3.19,4.32,7.51,2395,day,100.5610860787986,98.40272951567894,100.84850181392204,100.18460898029798,4.809759975384616,2.6177472,4.809759975384616,2.6177472,0.3317026307692308,0.259596947368421,0.3317026307692308,0.259596947368421,89.14530271398748,90.25404699738904,89.14530271398748,90.25404699738904,0.0,0.0,479.0,383.0,5.0,4.0,479.0,383.0,5.0,4.0,0.0,3.0
2026-04-23,a1b5b1f882e1c817603a505107a56d2f,825096,Arizona Diamondbacks,Chicago White Sox,2026-04-22,0.615,0.385,4.78,3.58,8.36,15,day,100.23991134859996,100.05530289678568,99.9737339482327,100.39706887955784,5.329265895652174,5.151717838297873,5.329265895652174,5.151717838297873,0.3487916413043478,0.3429512446808511,0.3487916413043478,0.3429512446808511,88.23651226158037,90.09367816091954,88.23651226158037,90.09367816091954,0.0,0.0,367.0,348.0,4.0,4.0,367.0,348.0,4.0,4.0,1.0,4.0
2026-04-23,ce566623c1d73c8d56830bafe9334cbb,824770,Boston Red Sox,New York Yankees,2026-04-22,0.402,0.598,3.27,4.3,7.57,3,night,,100.8026872912647,,100.2069944736025,,2.086119153846156,,2.086119153846156,,0.2421091826923077,,0.2421091826923077,,95.13789731051344,,95.13789731051344,,0.0,,411.0,,5.0,,411.0,,5.0,2.0,4.0
2026-04-23,ce701a760fa0f743a20a0f8c455c6f67,822745,Washington Nationals,Atlanta Braves,2026-04-22,0.415,0.585,4.2,5.09,9.29,3309,day,101.0409385875632,,98.4518561719792,,4.950056412903228,,4.950056412903228,,0.3363176451612903,,0.3363176451612903,,91.05699745547074,,91.05699745547074,,0.0,,394.0,,5.0,,394.0,,5.0,,2.0,7.0
2026-04-23,de14a27d2ad6df38427c5adcc15cb1c1,824368,Colorado Rockies,San Diego Padres,2026-04-22,0.447,0.553,5.28,5.84,11.12,19,day,98.24051250748252,101.56565436413447,99.0544933551818,100.4295296540092,6.987780354430379,5.16838841904762,6.987780354430379,5.16838841904762,0.4033480379746835,0.343499619047619,0.4033480379746835,0.343499619047619,89.4590909090909,85.08641975308642,89.4590909090909,85.08641975308642,0.0,0.0,286.0,81.0,4.0,1.0,286.0,81.0,4.0,1.0,8.0,10.0
2026-04-23,eb87da969b550c21334d689f9113d312,824288,Detroit Tigers,Milwaukee Brewers,2026-04-22,0.651,0.349,4.34,2.77,7.11,2394,day,100.1997116796846,100.63491789721787,98.78069452293464,99.10247175181962,3.640263362711865,5.785534777777778,3.640263362711865,5.785534777777778,0.2932323474576271,0.3638004861111111,0.2932323474576271,0.3638004861111111,92.44920634920636,92.50033783783783,92.44920634920636,92.50033783783783,0.0,0.0,442.0,297.0,5.0,4.0,442.0,297.0,5.0,4.0,5.0,4.0
2026-04-24,0bbbb2fddbaa8b74fdca003a5d074d6f,823800,Milwaukee Brewers,Pittsburgh Pirates,2026-04-23,0.534,0.466,3.61,3.26,6.87,32,night,101.8762559536729,103.47823905058736,100.04750788838486,100.17539874611413,2.869624567741936,2.2047176275862066,2.869624567741936,2.2047176275862066,0.2678823870967742,0.246010448275862,0.2678823870967742,0.246010448275862,88.64303405572755,92.54617563739376,88.64303405572755,92.54617563739376,0.0,0.0,327.0,353.0,4.0,5.0,327.0,353.0,4.0,5.0,0.0,6.0
2026-04-24,1a7da3935dee427bcfb5038b6aca6b69,824611,Chicago White Sox,Washington Nationals,2026-04-23,0.505,0.495,4.98,4.93,9.91,4,night,102.47391276950822,99.83547171731676,96.8355158777746,97.93568641873604,4.4589016695652175,6.761837714285714,4.4589016695652175,6.761837714285714,0.3201612391304347,0.3959157142857142,0.3201612391304347,0.3959157142857142,88.19690265486726,84.1927966101695,88.19690265486726,84.1927966101695,0.0,0.0,228.0,236.0,11.0,14.0,228.0,236.0,11.0,14.0,5.0,4.0
2026-04-24,1daf20445fbf24373621ac69d10909d6,823638,New York Mets,Colorado Rockies,2026-04-23,0.688,0.312,4.92,2.99,7.91,3289,night,103.09309546670104,101.32125961052132,99.15982021383088,99.79224880011044,4.248940771171172,6.049558803478261,4.248940771171172,6.049558803478261,0.3132546306306306,0.3724854869565217,0.3132546306306306,0.3724854869565217,88.43497854077252,87.7259090909091,88.43497854077252,87.7259090909091,0.0,0.0,466.0,440.0,5.0,6.0,466.0,440.0,5.0,6.0,3.0,4.0
2026-04-24,2c16b21f64ac893fc7dd8fd60f2a018c,824529,Cincinnati Reds,Detroit Tigers,2026-04-23,0.525,0.475,3.85,3.59,7.44,2602,night,98.1221208878614,96.3781352031991,97.4703697093668,99.00189338237544,5.266889027522937,3.508194242519687,5.266889027522937,3.5081942425196866,0.3467397706422018,0.288887968503937,0.3467397706422018,0.288887968503937,87.59186046511628,88.3390134529148,87.59186046511628,88.3390134529148,0.0,0.0,430.0,446.0,5.0,5.0,430.0,446.0,5.0,5.0,9.0,8.0
2026-04-24,392c482c74dac60779aaf9841598058b,823232,San Francisco Giants,Miami Marlins,2026-04-23,0.534,0.466,4.55,4.18,8.73,2395,night,100.109306374808,100.48613246307885,100.54962765885062,99.95413060136126,5.624461408000002,2.9312047200000007,5.624461408000002,2.931204720000001,0.35850202,0.26990805,0.35850202,0.26990805,90.65783475783476,92.14519650655022,90.65783475783476,92.14519650655022,0.0,0.0,351.0,458.0,4.0,5.0,351.0,458.0,4.0,5.0,4.0,9.0
2026-04-24,55fa28ecac0b985cde7ea3ed079986e0,823962,Los Angeles Dodgers,Chicago Cubs,2026-04-23,0.558,0.442,4.52,3.91,8.43,22,night,102.42109128101922,99.47152292464985,99.32231408187734,99.14680896002642,5.15612688372093,4.829144731914893,5.15612688372093,4.829144731914893,0.3430962790697674,0.3323402872340425,0.3430962790697674,0.3323402872340425,88.35940298507464,85.83378378378379,88.35940298507464,85.83378378378379,0.0,0.0,336.0,374.0,4.0,4.0,336.0,374.0,4.0,4.0,4.0,6.0
2026-04-24,781378f4580bd5ca464d5bfa8f1035a2,824124,Kansas City Royals,Los Angeles Angels,2026-04-23,0.591,0.409,4.85,3.9,8.75,7,night,99.52538237495244,98.05486937849577,99.20532354112058,98.93044789736824,6.937136898876405,5.412652223423423,6.937136898876405,5.412652223423423,0.4016821348314607,0.3515346126126126,0.4016821348314607,0.3515346126126126,86.6861111111111,88.99253393665158,86.6861111111111,88.99253393665158,0.0,0.0,324.0,442.0,4.0,5.0,324.0,442.0,4.0,5.0,6.0,3.0
2026-04-24,7b000b2feb3413984543d3be6ccd448b,824204,Houston Astros,New York Yankees,2026-04-23,0.414,0.586,4.15,5.05,9.2,2392,night,99.44784439628532,99.86732478625554,99.88046633370476,100.08395370963676,4.744736762790697,3.99117216,4.744736762790697,3.99117216,0.3295637093023255,0.3047754,0.3295637093023255,0.3047754,87.54927536231884,90.94145199063232,87.54927536231884,90.94145199063232,0.0,0.0,345.0,427.0,4.0,5.0,345.0,427.0,4.0,5.0,4.0,12.0
2026-04-24,8a412fa061b10c75d57bc591bf081271,824932,Atlanta Braves,Philadelphia Phillies,2026-04-23,0.612,0.388,4.85,3.67,8.52,4705,night,99.94560978546546,101.441782662479,98.5539295785552,100.24565270222357,3.7998701308411222,3.056695554430381,3.7998701308411222,3.056695554430381,0.2984825700934579,0.2740360379746835,0.2984825700934579,0.2740360379746835,89.8215,90.65710059171596,89.8215,90.65710059171596,0.0,0.0,400.0,338.0,5.0,4.0,400.0,338.0,5.0,4.0,5.0,3.0
2026-04-24,932ab74f8b661c6fcaea03f907780fce,824854,Baltimore Orioles,Boston Red Sox,2026-04-23,0.524,0.476,4.51,4.26,8.77,2,night,101.72196898840816,98.5892146983806,100.21841888359036,99.5727246088924,3.1207404444444435,6.8463864615384615,3.1207404444444435,6.8463864615384615,0.2761427777777777,0.398696923076923,0.2761427777777777,0.398696923076923,89.41666666666667,89.67528089887641,89.41666666666667,89.67528089887641,0.0,0.0,66.0,356.0,1.0,4.0,66.0,356.0,1.0,4.0,10.0,3.0
2026-04-24,988cc0182b2c8cc4ce2bd71787602b09,822992,Tampa Bay Rays,Minnesota Twins,2026-04-23,0.635,0.365,4.63,3.22,7.85,12,night,101.29013971763008,103.9921929859241,100.694538043224,99.16234535461682,2.876632324324324,3.515017166101696,2.8766323243243246,3.515017166101696,0.2681129054054054,0.289112406779661,0.2681129054054054,0.289112406779661,92.33377483443708,91.77165668662674,92.33377483443708,91.77165668662674,0.0,0.0,302.0,501.0,4.0,5.0,302.0,501.0,4.0,5.0,6.0,2.0
2026-04-24,c5471ce2c30f59270ff07727d27ce902,822827,Toronto Blue Jays,Cleveland Guardians,2026-04-23,0.441,0.559,3.82,4.44,8.26,14,night,101.07350015529306,99.8740382630152,99.88780799867511,100.10302726598329,6.327011952941177,3.773131200000001,6.327011952941177,3.773131200000001,0.3816122352941176,0.297603,0.3816122352941176,0.297603,88.016091954023,90.83432835820896,88.016091954023,90.83432835820896,0.0,0.0,261.0,469.0,4.0,5.0,261.0,469.0,4.0,5.0,6.0,8.0
2026-04-25,0230d646bd78d15e54bbc955a0e7d747,823960,Los Angeles Dodgers,Chicago Cubs,2026-04-24,0.523,0.477,4.7,4.47,9.17,22,day,102.28520425361454,101.77544791452178,97.61168322400032,99.98191403299096,5.940026914285713,3.650500133333333,5.940026914285715,3.650500133333333,0.3688824642857142,0.2935690833333333,0.3688824642857143,0.2935690833333333,90.7179411764706,89.54593837535015,90.7179411764706,89.54593837535015,0.0,0.0,340.0,357.0,4.0,5.0,340.0,357.0,4.0,5.0,12.0,4.0
2026-04-25,08936c478449a51f7fe13f0d1640984f,825093,Arizona Diamondbacks,San Diego Padres,2026-04-24,0.537,0.463,4.86,4.48,9.34,5340,day,101.12490213127082,99.96240944981938,100.5865280758577,99.51541781726684,5.671811449541285,5.8111137215189865,5.671811449541283,5.8111137215189865,0.3600595871559633,0.3646418987341772,0.3600595871559632,0.3646418987341772,89.19025522041764,89.9441087613293,89.19025522041764,89.9441087613293,0.0,0.0,431.0,331.0,5.0,4.0,431.0,331.0,5.0,4.0,4.0,6.0
2026-04-25,17a28912aee00dc855f859e2835228d9,823799,Milwaukee Brewers,Pittsburgh Pirates,2026-04-24,0.569,0.431,4.26,3.54,7.8,32,night,98.17303460571588,101.30350185611088,98.14776436820549,98.99436838967412,2.9881013189189183,3.801529293913045,2.9881013189189165,3.801529293913045,0.2717796486486486,0.298537147826087,0.2717796486486485,0.298537147826087,95.9034632034632,88.52100238663485,95.9034632034632,88.52100238663485,0.0,0.0,464.0,419.0,5.0,5.0,464.0,419.0,5.0,5.0,3.0,6.0
2026-04-25,31a831e88d76ddeb493400030e7b7881,824613,Chicago White Sox,Washington Nationals,2026-04-24,0.554,0.446,4.96,4.39,9.35,4,day,98.00742815225571,100.41794538940272,97.43954117992548,99.14942401602887,2.531343783783784,5.885311154716982,2.531343783783784,5.885311154716982,0.2567547297297297,0.3670826037735849,0.2567547297297297,0.3670826037735849,92.08780487804876,87.78654292343387,92.08780487804876,87.78654292343387,0.0,0.0,164.0,431.0,2.0,5.0,164.0,431.0,2.0,5.0,3.0,6.0
2026-04-25,4231dc4bed4b8aac32157bce916837c9,824933,Atlanta Braves,Philadelphia Phillies,2026-04-24,0.484,0.516,3.79,3.96,7.75,4705,night,99.70719161517302,,99.32489750654786,,2.703804759322032,,2.7038047593220336,,0.2624277881355931,,0.2624277881355932,,87.79411764705883,,87.79411764705883,,0.0,,425.0,,5.0,,425.0,,5.0,,5.0,8.0
2026-04-25,5ea60d3f2b8cbb37652324db287ef423,823229,San Francisco Giants,Miami Marlins,2026-04-24,0.545,0.455,4.26,3.78,8.04,2395,day,99.2935880469544,101.86520035144584,97.28511164106862,98.47411040733402,5.022000928571426,5.122754942857141,5.022000928571428,5.122754942857143,0.3386842410714284,0.3419985178571428,0.3386842410714285,0.3419985178571428,88.34199584199584,92.1837962962963,88.34199584199584,92.1837962962963,0.0,0.0,481.0,433.0,5.0,5.0,481.0,433.0,5.0,5.0,6.0,2.0
2026-04-25,63131db348d369a559938449619679e9,822989,Tampa Bay Rays,Minnesota Twins,2026-04-24,0.549,0.451,5.18,4.66,9.84,12,day,98.11413328052538,104.31488816855249,97.25260310316798,98.7564821496899,5.064168405063289,4.266333953153152,5.06416840506329,4.266333953153152,0.3400713291139239,0.3138267747747747,0.340071329113924,0.3138267747747747,89.88411214953271,84.11244239631337,89.88411214953271,84.11244239631337,0.0,0.0,321.0,434.0,4.0,5.0,321.0,434.0,4.0,5.0,6.0,1.0
2026-04-25,637539eefe84344993cdd0d125a3e0fa,822910,Texas Rangers,Athletics,2026-04-24,0.546,0.454,3.89,3.41,7.3,5325,night,97.77276354765834,100.77697565463072,98.2678444951465,98.7445085671518,5.095561315887853,3.226223931034484,5.095561315887851,3.2262239310344825,0.3411039906542056,0.2796126293103448,0.3411039906542056,0.2796126293103448,89.84887387387387,85.15859030837004,89.84887387387387,85.15859030837004,0.0,0.0,445.0,454.0,5.0,5.0,445.0,454.0,5.0,5.0,4.0,3.0
2026-04-25,76173d6fb6052a6141d640d803185876,822826,Toronto Blue Jays,Cleveland Guardians,2026-04-24,0.542,0.458,3.71,3.27,6.98,14,day,102.41046789498132,95.16411417962092,100.46952158256596,96.98411289961469,3.331021285714284,3.9992180660194174,3.3310212857142862,3.999218066019417,0.2830599107142856,0.305040067961165,0.2830599107142857,0.305040067961165,88.94738041002279,86.12592592592593,88.94738041002279,86.12592592592593,0.0,0.0,439.0,432.0,5.0,5.0,439.0,432.0,5.0,5.0,5.0,3.0
2026-04-25,923d805add7039794f2363537d65f6c3,824527,Cincinnati Reds,Detroit Tigers,2026-04-24,0.512,0.488,4.09,3.96,8.05,2602,night,96.84260428797866,101.68951240623346,99.45638663303455,97.83573603371433,5.541900311111111,5.199459424299064,5.541900311111111,5.199459424299064,0.3557861944444444,0.344521691588785,0.3557861944444444,0.344521691588785,86.93002421307506,87.23387096774194,86.93002421307506,87.23387096774194,0.0,0.0,413.0,434.0,5.0,5.0,413.0,434.0,5.0,5.0,9.0,2.0
2026-04-25,a06835fe8f4774ce140569b5ea8415bf,824851,Baltimore Orioles,Boston Red Sox,2026-04-24,0.522,0.478,3.89,3.66,7.55,2,day,101.17137882028744,98.1394322425581,98.11733416290718,98.01637449778649,3.6756562380165287,5.800449090265488,3.6756562380165287,5.800449090265488,0.2943965867768595,0.3642910884955752,0.2943965867768595,0.3642910884955752,87.94620253164557,92.24485981308412,87.94620253164557,92.24485981308412,0.0,0.0,474.0,428.0,5.0,5.0,474.0,428.0,5.0,5.0,1.0,17.0
2026-04-25,b266f49858dc754c6db869ecff6d52d5,824203,Houston Astros,New York Yankees,2026-04-24,0.395,0.605,3.68,4.77,8.45,2392,night,100.52290046837308,99.8891856037431,99.47416691228328,99.12083406851592,4.32287433442623,5.009204452173915,4.32287433442623,5.009204452173914,0.3156866557377049,0.3382633043478261,0.3156866557377049,0.3382633043478261,90.16088888888888,89.7057268722467,90.16088888888888,89.7057268722467,0.0,0.0,450.0,455.0,5.0,5.0,450.0,455.0,5.0,5.0,3.0,8.0
2026-04-25,be47d30294aeb48696725d5dbe33216a,823070,St Louis Cardinals,Seattle Mariners,2026-04-24,0.405,0.595,3.05,4.04,7.09,2889,day,97.98633969608352,100.144865677587,97.97139169155771,100.8156551206115,5.081615862068965,2.399188370731708,5.081615862068965,2.3991883707317068,0.3406452586206896,0.252407512195122,0.3406452586206896,0.2524075121951219,89.44411085450348,92.77116279069767,89.44411085450348,92.77116279069767,0.0,0.0,433.0,430.0,5.0,5.0,433.0,430.0,5.0,5.0,9.0,11.0
2026-04-25,d8627b6c88e823c4e5eadd5bb0041769,824121,Kansas City Royals,Los Angeles Angels,2026-04-24,0.539,0.461,4.99,4.57,9.56,7,night,99.2807426736358,101.71381832159136,96.98474270178482,97.84693346048104,6.63689513043478,2.3573119999999994,6.636895130434782,2.3573119999999994,0.3918057608695651,0.25103,0.3918057608695652,0.25103,89.38501291989664,94.537012987013,89.38501291989664,94.537012987013,0.0,0.0,387.0,157.0,5.0,3.0,387.0,157.0,5.0,3.0,12.0,1.0
2026-04-26,02dcaedecc84abb3770b936306df02d9,825094,Arizona Diamondbacks,San Diego Padres,2026-04-25,0.417,0.583,3.43,4.29,7.72,5340,day,96.90263592020828,96.70155853538256,99.38782450647209,98.91937045505486,5.472580799999999,4.539124929729729,5.472580799999999,4.539124929729729,0.353505947368421,0.3228001621621621,0.353505947368421,0.3228001621621621,91.87304582210244,88.69241071428571,91.87304582210244,88.69241071428571,0.0,0.0,371.0,448.0,5.0,5.0,371.0,448.0,5.0,5.0,12.0,7.0
2026-04-26,0ac87629ee3c61883fb75f522f9e964d,823637,New York Mets,Colorado Rockies,2026-04-25,0.621,0.379,4.73,3.47,8.2,3289,day,99.7264087652136,,98.84861941321148,,4.298607804878051,,4.298607804878051,,0.3148884146341464,,0.3148884146341464,,89.06750788643534,,89.06750788643534,,0.0,,318.0,,4.0,,318.0,,4.0,,0.0,3.0
2026-04-26,1461fb537b3598f4090a3bd48ac75aa0,823959,Los Angeles Dodgers,Chicago Cubs,2026-04-25,0.551,0.449,4.13,3.59,7.72,22,day,96.55685654643534,102.30637472059117,99.16349327441355,98.4806365142654,4.157905652173914,2.305370222222222,4.157905652173913,2.3053702222222228,0.3102600543478261,0.2493213888888888,0.310260054347826,0.2493213888888888,89.63476923076922,87.23202614379085,89.63476923076922,87.23202614379085,0.0,0.0,326.0,459.0,4.0,5.0,326.0,459.0,4.0,5.0,6.0,0.0
2026-04-26,1e288a31989294698b1a4901c9fda486,824612,Chicago White Sox,Washington Nationals,2026-04-25,0.502,0.498,4.34,4.32,8.66,4,day,102.29771215643687,94.60227839798976,96.66703023345777,98.92287825642752,4.315498816,4.896028872072071,4.315498816,4.89602887207207,0.31544404,0.3345404234234234,0.31544404,0.3345404234234233,88.17448559670783,85.7804932735426,88.17448559670783,85.7804932735426,0.0,0.0,245.0,447.0,12.0,5.0,245.0,447.0,12.0,5.0,1.0,2.0
2026-04-26,3b5d0ef6c7e43cabe937c7a9f10067e9,823635,New York Mets,Colorado Rockies,2026-04-25,0.662,0.338,4.24,2.56,6.8,3289,day,99.4917806525758,98.74879499573431,99.78946744203186,98.16953735586146,1.5142632000000007,7.34502255737705,1.5142631999999998,7.345022557377053,0.2232981315789473,0.4150994262295082,0.2232981315789473,0.4150994262295083,91.12377919320596,86.6888888888889,91.12377919320596,86.6888888888889,0.0,0.0,471.0,244.0,5.0,3.0,471.0,244.0,5.0,3.0,1.0,3.0
2026-04-26,4bd84afb941f32d8212a16abd49c992b,824122,Kansas City Royals,Los Angeles Angels,2026-04-25,0.581,0.419,4.94,4.09,9.03,7,day,99.47657893975234,96.92167225486672,100.31224658533031,98.74351812342216,4.296195172413792,2.765752860504202,4.296195172413792,2.7657528605042034,0.3148090517241378,0.2644655546218487,0.3148090517241378,0.2644655546218488,85.99562363238512,87.929375,85.99562363238512,87.929375,0.0,0.0,457.0,481.0,5.0,5.0,457.0,481.0,5.0,5.0,11.0,9.0
2026-04-26,4bfe574e7c5269d65b3a9936e5793ada,824528,Cincinnati Reds,Detroit Tigers,2026-04-25,0.538,0.462,4.04,3.64,7.68,2602,day,98.70131658627253,99.31130310779034,100.24104192787084,101.235115761445,4.442284,1.6541081411764709,4.442284,1.6541081411764709,0.3196146052631579,0.227898294117647,0.3196146052631579,0.227898294117647,89.34237668161434,89.88312101910827,89.34237668161434,89.88312101910827,0.0,0.0,447.0,314.0,5.0,4.0,447.0,314.0,5.0,4.0,3.0,8.0
2026-04-26,7ec692536ced485b4f6b8d0e30b4fef8,824852,Baltimore Orioles,Boston Red Sox,2026-04-25,0.519,0.481,3.97,3.78,7.75,2,day,91.41277814940725,98.75361892688392,98.59748988275574,97.71895804467664,3.998588,5.934516135849055,3.998588,5.934516135849057,0.3050193421052631,0.3687011886792452,0.3050193421052631,0.3687011886792453,89.67527114967463,88.02729306487696,89.67527114967463,88.02729306487696,0.0,0.0,461.0,447.0,5.0,5.0,461.0,447.0,5.0,5.0,3.0,5.0
2026-04-26,b5cfe25f8464fa7df106032a0f8176cb,824202,Houston Astros,New York Yankees,2026-04-25,0.417,0.583,3.74,4.61,8.35,2392,day,100.87201258046844,102.94249446013336,97.80404474976972,97.9968738707155,5.37792673846154,5.5384353476923085,5.37792673846154,5.538435347692307,0.3503923269230769,0.3556722153846154,0.350392326923077,0.3556722153846153,83.51683673469387,91.84448818897638,83.51683673469387,91.84448818897638,0.0,0.0,196.0,254.0,2.0,3.0,196.0,254.0,2.0,3.0,7.0,4.0
2026-04-26,c26a6d846d17f3b6d042903c4207d68f,824934,Atlanta Braves,Philadelphia Phillies,2026-04-25,0.644,0.356,4.78,3.27,8.05,4705,day,97.42273346481866,101.6511227027401,98.86385259405404,99.96703175278188,3.3341210991304355,5.076499478260869,3.3341210991304355,5.076499478260869,0.2831618782608696,0.3404769565217391,0.2831618782608696,0.3404769565217391,86.82556561085973,86.32696629213483,86.82556561085973,86.32696629213483,0.0,0.0,442.0,445.0,5.0,5.0,442.0,445.0,5.0,5.0,6.0,2.0
2026-04-26,cc556f65adbf4288f6798535aeee908d,822991,Tampa Bay Rays,Minnesota Twins,2026-04-25,0.586,0.414,5.27,4.38,9.65,12,day,101.31949368078688,101.76360327505974,98.724296281669,99.76525549791342,6.489843512195121,5.018108318584071,5.682567999999999,5.018108318584071,0.3869685365853658,0.3385561946902655,0.3604134210526315,0.3385561946902655,92.0566844919786,88.7237089201878,91.9514450867052,88.7237089201878,-0.1052394052733944,0.0,191.0,428.0,11.0,5.0,177.0,428.0,10.0,5.0,4.0,2.0
2026-04-26,d39ff9cf8baccfeb8924d92a8ef7f7f7,823797,Milwaukee Brewers,Pittsburgh Pirates,2026-04-25,0.538,0.462,3.91,3.52,7.43,32,day,100.3170591212808,100.88853220373544,98.5927587521309,99.90305231858066,4.754689953246753,3.962690118518518,4.754689953246753,3.96269011851852,0.3298911168831168,0.3038384907407407,0.3298911168831168,0.3038384907407407,90.47169230769232,89.48490566037735,90.47169230769232,89.48490566037735,0.0,0.0,325.0,424.0,4.0,5.0,325.0,424.0,4.0,5.0,5.0,0.0
2026-04-26,f837a42730f5b62ac990bb62b5c144a3,823230,San Francisco Giants,Miami Marlins,2026-04-25,0.561,0.439,4.6,3.97,8.57,2395,day,99.22998873458994,100.18655861032454,100.17857178762765,99.9520916651257,2.5298289321100924,4.749998996363638,2.5298289321100924,4.749998996363637,0.2567048990825688,0.3297368090909091,0.2567048990825688,0.3297368090909091,86.89168443496801,90.80372093023256,86.89168443496801,90.80372093023256,0.0,0.0,469.0,430.0,5.0,5.0,469.0,430.0,5.0,5.0,6.0,3.0
2026-04-26,f98073ff54e69128fe75a3c5776fb520,822824,Toronto Blue Jays,Cleveland Guardians,2026-04-25,0.54,0.46,4.65,4.24,8.89,14,day,89.95344223716214,101.96524495533568,99.44037974632488,99.29649809331092,6.185517958620689,6.4647725773913045,6.185517958620689,6.464772577391305,0.3769578275862069,0.3861438347826086,0.3769578275862069,0.3861438347826087,85.29432314410481,86.39256756756757,85.29432314410481,86.39256756756757,0.0,0.0,229.0,445.0,3.0,5.0,229.0,445.0,3.0,5.0,4.0,2.0
2026-04-27,0b45fce085ac92932833ba131d0e395d,823719,Minnesota Twins,Seattle Mariners,2026-04-26,0.441,0.559,4.06,4.69,8.75,3312,night,93.8630580790988,102.0164384514376,97.62441864367004,100.60848279479852,2.6246352941176463,5.5669136,2.6246352941176463,5.5669136,0.2598235294117647,0.3566089999999999,0.2598235294117647,0.3566089999999999,89.75243902439024,91.49157667386608,89.75243902439024,91.49157667386608,0.0,0.0,83.0,463.0,1.0,5.0,83.0,463.0,1.0,5.0,11.0,4.0
2026-04-27,1a4159875887b1b0c4fe65b367df29a7,824446,Cleveland Guardians,Tampa Bay Rays,2026-04-26,0.584,0.416,4.41,3.53,7.94,5,night,101.31792683377232,96.8599752759268,98.30808165986204,98.8932847599696,3.345338095575223,5.391201301960785,3.345338095575221,5.391201301960783,0.2835308584070797,0.3508289901960784,0.2835308584070796,0.3508289901960784,88.67991071428571,86.93093525179856,88.67991071428571,86.93093525179856,0.0,0.0,448.0,417.0,5.0,5.0,448.0,417.0,5.0,5.0,2.0,3.0
2026-04-27,371ff765cd40348073b510b2f45d81e9,822906,Texas Rangers,New York Yankees,2026-04-26,0.389,0.611,2.84,4.0,6.84,5325,night,101.0023049783196,97.10371698858316,99.51616310930436,98.63564704310932,5.373964257142857,2.069318874838709,5.373964257142857,1.7400565818181817,0.3502619821428571,0.2415565419354838,0.3502619821428571,0.2307255454545454,91.9917211328976,87.89116607773852,91.9917211328976,87.79125,0.0,-0.0999160777385128,459.0,566.0,5.0,6.0,459.0,480.0,5.0,5.0,2.0,4.0
2026-04-27,65f2df473a540a92e7f974a290ed36fb,823961,Los Angeles Dodgers,Miami Marlins,2026-04-26,0.715,0.285,5.1,2.87,7.97,22,night,101.80478826671848,103.90323103889244,100.83599650075072,100.53637315244232,3.956139941463417,4.150944334545454,4.104588360784316,4.150944334545454,0.3036230243902439,0.3100310636363636,0.3085061960784314,0.3100310636363636,90.34318181818182,86.92629213483146,90.50616966580978,86.92629213483146,0.16298784762796,0.0,484.0,445.0,5.0,5.0,389.0,445.0,4.0,5.0,5.0,4.0
2026-04-27,717163f13d80f9495ad5b88b9396ca1a,823311,San Diego Padres,Chicago Cubs,2026-04-26,0.505,0.495,3.97,3.92,7.89,2680,night,100.8598015156241,99.50132708566832,100.0382038006588,99.09352207190156,4.681118400000001,4.028592714285714,4.681118400000001,1.395736615384615,0.327471,0.3060063392857142,0.327471,0.2193992307692307,90.7183908045977,86.96979591836734,90.7183908045977,86.2967032967033,0.0,-0.6730926216640398,435.0,245.0,5.0,3.0,435.0,182.0,5.0,2.0,9.0,7.0
2026-04-27,aede5ca829ddcbc5ee6726a1c0a03117,824609,Chicago White Sox,Los Angeles Angels,2026-04-26,0.559,0.441,5.14,4.51,9.65,4,night,98.02957304038269,97.43401390711831,97.6961586192828,99.47805479887607,7.415556024242425,5.515437125423727,7.415556024242424,5.515437125423729,0.4174196060606061,0.3549156949152541,0.417419606060606,0.3549156949152542,90.79164733178654,92.94260869565215,90.79164733178654,92.94260869565215,0.0,0.0,431.0,461.0,5.0,5.0,431.0,461.0,5.0,5.0,8.0,7.0
2026-04-27,eb2a21d7a425f6a975d1eae9da93e4c7,822825,Toronto Blue Jays,Boston Red Sox,2026-04-26,0.489,0.511,3.81,3.93,7.74,14,night,100.13320518041095,98.97384968106914,98.97507433359335,98.57893208556102,2.6840835345454543,5.349885158878506,2.6840835345454543,5.349885158878505,0.2617790636363636,0.3494699065420561,0.2617790636363636,0.349469906542056,91.91010101010102,86.1889724310777,91.91010101010102,86.1889724310777,0.0,0.0,495.0,401.0,5.0,5.0,495.0,401.0,5.0,5.0,0.0,5.0
2026-04-28,3c9ebf868da49e615e589bd0d839b640,824849,Baltimore Orioles,Houston Astros,2026-04-27,0.527,0.473,5.25,4.96,10.21,2,night,99.80481921721614,101.4081996019772,99.0706877952278,99.79714350753132,4.704260520634921,2.669762249999999,4.704260520634921,2.8549185454545443,0.3282322539682539,0.2613079687499999,0.3282322539682539,0.2673986363636363,91.25572033898304,89.78287937743191,91.25572033898304,89.76605504587155,0.0,-0.0168243315603575,473.0,257.0,5.0,11.0,473.0,218.0,5.0,10.0,5.0,3.0
2026-04-28,54e35854b4573f13cd3a3491cd75cfa1,823956,Los Angeles Dodgers,Miami Marlins,2026-04-27,0.672,0.328,4.67,2.91,7.58,22,night,102.97782430105067,102.1012636602063,99.33090962214004,100.38096380890748,1.6077725739130435,3.7902765211009184,1.6077725739130426,3.7902765211009184,0.2263740978260869,0.2981669908256881,0.2263740978260869,0.2981669908256881,90.44579945799458,87.6427536231884,90.44579945799458,87.6427536231884,0.0,0.0,369.0,414.0,4.0,5.0,369.0,414.0,4.0,5.0,1.0,2.0
2026-04-28,5a48e526a92801449cb2aff612e11b5f,822823,Toronto Blue Jays,Boston Red Sox,2026-04-27,0.533,0.467,4.53,4.17,8.7,14,night,,97.87707176044762,,96.49910123352134,,-0.7419334545454541,,-0.7419334545454541,,0.1490811363636363,,0.1490811363636363,,93.54193548387096,,93.54193548387096,,0.0,,93.0,,1.0,,93.0,,1.0,3.0,0.0
2026-04-28,6015a24988595d49a325507fa8543243,824931,Atlanta Braves,Detroit Tigers,2026-04-27,0.582,0.418,4.33,3.48,7.81,4705,night,98.34024037607544,102.57014677770296,99.53852743062843,98.94661874403084,4.957330773333335,3.4184660923076926,4.957330773333333,3.418466092307691,0.3365569333333333,0.2859363846153846,0.3365569333333333,0.2859363846153845,85.98531073446327,89.62482915717541,85.98531073446327,89.62482915717541,0.0,0.0,354.0,439.0,5.0,5.0,354.0,439.0,5.0,5.0,5.0,2.0
2026-04-28,72f79061defb394c2e533967c55edb30,823798,Milwaukee Brewers,Arizona Diamondbacks,2026-04-27,0.607,0.393,4.63,3.51,8.14,32,night,99.85613619484307,100.91918886088112,99.05295927712592,98.29874136142504,4.3603033191489375,10.353768326530613,4.577016639999999,10.353768326530613,0.3169178723404255,0.5140713265306123,0.3240465999999999,0.5140713265306123,90.4188679245283,89.1379679144385,90.38383838383838,89.1379679144385,-0.0350295406899192,0.0,371.0,187.0,5.0,2.0,297.0,187.0,4.0,2.0,13.0,2.0
2026-04-28,7401e0a3694fdfd518a0b949987e61b4,823716,Minnesota Twins,Seattle Mariners,2026-04-27,0.468,0.532,3.41,3.75,7.16,3312,night,99.37419174500415,101.77253347996496,100.72952849249867,100.33920038007852,3.121856800000001,4.069732599999999,3.5008722973451345,4.591172466086954,0.2761795,0.3073596249999999,0.2886471150442478,0.3245122521739129,88.27574074074074,88.00363636363636,88.11670329670329,87.89590517241379,-0.1590374440374518,-0.1077311912225695,540.0,550.0,6.0,6.0,455.0,464.0,5.0,5.0,1.0,7.0
2026-04-28,781a040a058473c689200f515770de83,824526,Cincinnati Reds,Colorado Rockies,2026-04-27,0.633,0.367,4.8,3.41,8.21,2602,night,100.07996058494766,93.44307948746768,99.01255335994522,98.76118664238672,3.702341703703704,4.230749659701491,3.702341703703704,3.72155231304348,0.2952743981481481,0.3126562388059701,0.2952743981481481,0.2959063260869565,94.73333333333332,87.41839999999999,94.73333333333332,87.36153846153846,0.0,-0.0568615384615327,441.0,250.0,5.0,3.0,441.0,169.0,5.0,2.0,7.0,2.0
2026-04-28,b2b5566d4285c0ab7ca9f78f4d1a6de7,824447,Cleveland Guardians,Tampa Bay Rays,2026-04-27,0.528,0.472,4.05,3.75,7.8,5,night,100.03093714753864,98.6400083865522,100.23398188701658,101.21067694337462,4.983478656488551,5.018214032786887,4.619163747747748,5.018214032786885,0.3374170610687023,0.3385596721311475,0.325433018018018,0.3385596721311475,87.32026768642447,87.07198177676537,87.21617977528089,87.07198177676537,-0.1040879111435799,0.0,523.0,440.0,6.0,5.0,445.0,440.0,5.0,5.0,0.0,1.0
2026-04-28,bb7e51c3ed5e76ca658d46e6b586c0fa,822908,Texas Rangers,New York Yankees,2026-04-27,0.474,0.526,2.91,3.19,6.1,5325,night,101.53790897054029,100.9777188922857,100.393183173518,100.3163023790572,3.1129678399999987,2.133959515151515,3.1129678399999987,2.6088891826086957,0.2758870999999999,0.2436828787878787,0.2758870999999999,0.2593055652173913,93.4049180327869,94.98217821782178,93.4049180327869,94.85080091533182,0.0,-0.131377302489966,430.0,507.0,5.0,6.0,430.0,438.0,5.0,5.0,2.0,3.0
2026-04-28,be00405883c8d7ad0c220c8af4c08a53,824610,Chicago White Sox,Los Angeles Angels,2026-04-27,0.473,0.527,4.12,4.4,8.52,4,night,100.59920314998854,102.34638605113756,100.51650678467976,100.64376621192469,5.037835091525424,2.753024583941606,5.037835091525424,2.894817333333333,0.3392051016949152,0.2640468613138686,0.3392051016949152,0.268711096491228,89.83213483146068,93.05079365079364,89.83213483146068,92.81806722689076,0.0,-0.2327264239028892,445.0,571.0,5.0,6.0,445.0,476.0,5.0,5.0,5.0,2.0
2026-04-28,ca628e132f0ee9d811d1967c7062a0a5,823473,Philadelphia Phillies,San Francisco Giants,2026-04-27,0.537,0.463,4.8,4.42,9.22,2681,night,96.51688101634588,100.6752400531052,97.67882238281776,100.55983296447724,4.414074334426229,5.945225857142858,4.414074334426229,5.8902256,0.3186866557377049,0.3690534821428571,0.3186866557377049,0.3672442631578947,91.13547717842324,89.24449438202248,91.13547717842324,89.40246575342466,0.0,0.1579713714021835,482.0,445.0,5.0,5.0,482.0,365.0,5.0,4.0,7.0,0.0
2026-04-28,d221d6de333533ced3489663067a588d,823310,San Diego Padres,Chicago Cubs,2026-04-27,0.454,0.546,4.2,4.67,8.87,2680,night,101.7143731189336,100.97457616453949,99.07637566252426,99.52816583947023,5.317350747826088,4.028821220338985,5.317350747826087,4.028821220338983,0.3483996956521739,0.3060138559322034,0.3483996956521739,0.3060138559322033,87.88167115902965,91.76726057906458,87.88167115902965,91.76726057906458,0.0,0.0,371.0,449.0,5.0,5.0,371.0,449.0,5.0,5.0,3.0,8.0
2026-04-28,fbf763600d3ccdeb10333812e326159f,823636,New York Mets,Washington Nationals,2026-04-27,0.6,0.4,4.62,3.58,8.2,3289,night,101.80841450505744,100.76761783617115,100.08802610911172,99.58210449209491,4.583847773333332,7.605019760683762,4.583847773333334,7.60501976068376,0.3242713083333333,0.4236519658119658,0.3242713083333333,0.4236519658119658,89.4741418764302,87.06246786632391,89.4741418764302,87.06246786632391,0.0,0.0,437.0,389.0,5.0,5.0,437.0,389.0,5.0,5.0,8.0,0.0
2026-04-29,3bf2df80de60f0bf82343a646a188fb2,823717,Minnesota Twins,Seattle Mariners,2026-04-28,0.449,0.551,3.74,4.27,8.01,3312,day,103.34859823518914,98.74748640920554,99.01511843126836,100.92045218548093,4.60592066849315,2.920495800000001,4.810245870866142,2.915249929770991,0.3249973904109589,0.2695557828947368,0.3317186141732283,0.2693832213740457,91.84343434343434,92.31431192660553,91.86852589641434,92.41934065934066,0.025091552980001,0.1050287327351497,594.0,546.0,6.0,6.0,502.0,456.0,5.0,5.0,3.0,5.0
2026-04-29,68d4de1e01d8567e0d2e4a137d4b254b,824930,Atlanta Braves,Detroit Tigers,2026-04-28,0.474,0.526,3.3,3.58,6.88,4705,night,101.3495302718727,99.96768836158412,100.16986982785542,98.90971578367544,5.406420307692308,3.17857378028169,5.406420307692308,3.541852306666668,0.3513296153846154,0.278045190140845,0.3513296153846154,0.2899951416666667,88.34382022471911,92.567476635514,88.34382022471911,92.51453362255964,0.0,-0.0529430129543726,89.0,536.0,1.0,6.0,89.0,462.0,1.0,5.0,4.0,3.0
2026-04-29,7760595a4e43ffc332f44c4146b7c5ef,824525,Cincinnati Reds,Colorado Rockies,2026-04-28,0.611,0.389,4.94,3.78,8.72,2602,night,98.06985621311053,100.98678512098368,97.75254121754428,100.4132471246498,6.900027700000001,6.350153981651376,6.900027700000001,6.350153981651376,0.4004614375,0.382373486238532,0.4004614375,0.382373486238532,86.9686956521739,88.54633569739953,86.9686956521739,88.54633569739953,0.0,0.0,460.0,425.0,5.0,5.0,460.0,425.0,5.0,5.0,2.0,13.0
2026-04-29,80411c6402609069c4467ccdcb494273,823958,Los Angeles Dodgers,Miami Marlins,2026-04-28,0.689,0.311,4.88,2.95,7.83,22,day,98.06430200014752,100.08485790616876,99.90406030320857,100.2158565415206,1.8784854,3.26050918554217,1.8451503505154645,3.6587148709219863,0.2352791249999999,0.2807404337349398,0.2341825773195876,0.293839304964539,90.45184426229508,92.3655477031802,90.46557788944725,92.52697768762678,0.0137336271521633,0.1614299844465705,489.0,566.0,5.0,6.0,399.0,493.0,4.0,5.0,2.0,3.0
2026-04-29,8fd17a4be77506eba9c4446e52b3ce71,823633,New York Mets,Washington Nationals,2026-04-28,0.581,0.419,4.98,4.14,9.12,3289,night,95.81087533935144,100.96563359139208,97.74357982560676,98.70427387082404,5.15470729180328,4.208506372413793,5.664822284536083,4.453660072727272,0.3430495819672131,0.3119245517241379,0.3598296804123711,0.3199888181818181,88.23073170731708,91.17594142259414,88.45479041916168,91.1409429280397,0.2240587118446058,-0.0349984945544292,411.0,479.0,6.0,6.0,335.0,404.0,5.0,5.0,2.0,14.0
2026-04-29,abd0114b226ed04c6bd4daac824f5241,824608,Chicago White Sox,Los Angeles Angels,2026-04-28,0.487,0.513,4.83,4.96,9.79,4,day,98.84506394358316,98.62090761694084,100.2514939812538,98.50114936564128,4.051427005607476,5.280722742857144,4.051427005607476,5.1978762234234255,0.3067574672897196,0.3471948270676692,0.3067574672897196,0.3444696126126126,87.54076738609113,89.43402255639099,87.54076738609113,89.55000000000001,0.0,0.1159774436090259,417.0,532.0,5.0,6.0,417.0,446.0,5.0,5.0,3.0,2.0
2026-04-29,af3e6454c0293bcd38866af00fb22cc1,822907,Texas Rangers,New York Yankees,2026-04-28,0.499,0.501,3.55,3.56,7.11,5325,day,103.6868764862324,,100.7454173845191,,5.063814073469387,,5.458603750399998,,0.3400596734693877,,0.3530461759999999,,87.94999999999999,,87.69887892376681,,-0.2511210762331757,,526.0,,6.0,,446.0,,5.0,,3.0,0.0
2026-04-29,c0a29accc7d25369ec83132f9e4034da,822821,Toronto Blue Jays,Boston Red Sox,2026-04-28,0.522,0.478,4.14,3.92,8.06,14,day,100.19541357122633,97.33074395858598,98.31573891729631,100.02201278729694,4.923834980392158,7.772188,5.952362243902438,7.772187999999999,0.3354550980392157,0.4291509210526315,0.369288231707317,0.4291509210526315,86.20076335877863,89.98367346938777,85.69869281045752,89.98367346938777,-0.5020705483211145,0.0,393.0,441.0,5.0,5.0,306.0,441.0,4.0,5.0,8.0,1.0
2026-04-29,dbb1f14488d5ad0f783dce845101d4c1,823796,Milwaukee Brewers,Arizona Diamondbacks,2026-04-28,0.577,0.423,4.87,4.06,8.93,32,night,100.41356444540432,100.06673326996884,99.1181006983756,99.1508762035185,5.551735827956988,5.310119733333334,4.505098346666669,5.772098399999998,0.3561097311827956,0.3481618333333333,0.3216808666666667,0.3633584999999999,92.23629032258064,87.93010752688173,92.26188811188813,87.75388601036269,0.0255977893074685,-0.1762215165190355,373.0,466.0,5.0,5.0,287.0,387.0,4.0,4.0,2.0,6.0
2026-04-29,dbde00d498a1f217c0ee8968123b069f,823312,San Diego Padres,Chicago Cubs,2026-04-28,0.425,0.575,4.15,4.94,9.09,2680,day,100.0205277758888,100.66584839719292,100.38786431251606,99.47134845493552,5.061898886956521,4.961638233043478,5.061898886956521,4.961638233043478,0.3399966739130434,0.3366986260869565,0.3399966739130434,0.3366986260869565,85.60122699386503,85.9389010989011,85.60122699386503,85.9389010989011,0.0,0.0,163.0,459.0,2.0,5.0,163.0,459.0,2.0,5.0,4.0,5.0
2026-04-29,de142860d352b18879f2382e67ab3e2e,824445,Cleveland Guardians,Tampa Bay Rays,2026-04-28,0.513,0.487,3.31,3.17,6.48,5,day,99.9253860860576,100.50930031999258,99.88011814807072,100.68794683476771,4.437069126760563,2.6567209795918343,4.420611933333333,2.623428923076923,0.3194430633802816,0.2608789795918366,0.3189017083333333,0.2597838461538461,90.58230088495576,92.30875,90.29537815126052,92.18501529051989,-0.2869227336952491,-0.1237347094801322,565.0,400.0,6.0,5.0,476.0,327.0,5.0,4.0,3.0,1.0
2026-04-30,0abd6580f0a4c91cb98db1774d582be8,824929,Atlanta Braves,Detroit Tigers,2026-04-29,0.531,0.469,4.3,3.97,8.27,4705,day,99.94164310612716,97.50785862464282,99.33313603720796,98.86568154910836,2.9359289424657544,4.267164306849316,2.91261594796748,4.491915080991736,0.2700634520547945,0.3138540890410959,0.2692965772357723,0.3212472066115702,87.96208897485494,88.22205607476636,88.10921658986176,87.97522123893806,0.1471276150068234,-0.2468348358282952,517.0,535.0,6.0,6.0,434.0,452.0,5.0,5.0,2.0,5.0
2026-04-30,6f84f4f2e016877657f3d3ae23ce6760,824848,Baltimore Orioles,Houston Astros,2026-04-29,0.538,0.462,4.88,4.49,9.37,2,day,102.71921502896951,102.0029652931402,99.16315779021896,99.98901569309324,6.378299170370371,3.059117533333335,6.569722428915664,3.059117533333335,0.3832993148148148,0.2741157083333334,0.3895961325301205,0.2741157083333334,84.47858769931662,90.39784946236558,84.31032448377582,90.39784946236558,-0.1682632155408043,0.0,439.0,186.0,5.0,2.0,339.0,186.0,4.0,2.0,10.0,3.0
2026-04-30,788f4dc2e6058c5b7725dafd62fd9b9d,823714,Minnesota Twins,Toronto Blue Jays,2026-04-29,0.428,0.572,3.6,4.36,7.96,3312,night,103.2817865199455,103.17706557043957,98.63703272438616,100.56726600850672,4.208296914285713,3.1209955036496364,3.952469186206897,3.4476337627118623,0.3119176616541352,0.2761511678832117,0.3035022758620689,0.286895847457627,84.12282398452611,89.01679245283019,84.07136659436009,88.94944071588367,-0.0514573901660213,-0.0673517369465201,517.0,530.0,6.0,6.0,461.0,447.0,5.0,5.0,7.0,1.0
2026-04-30,c229774bb80147623f1c232bad890e16,824524,Cincinnati Reds,Colorado Rockies,2026-04-29,0.618,0.382,5.1,3.86,8.96,2602,day,96.8126546134445,100.31693778259816,97.91529865454235,100.0009817005914,5.842948687500001,5.877804697872341,6.4267404444444445,5.6701065277310905,0.3656891015625,0.3668356808510638,0.3848927777777777,0.3600035042016806,87.42639691714837,87.7588679245283,87.31215596330274,87.70572082379863,-0.1142409538456235,-0.0531471007296744,519.0,530.0,6.0,7.0,436.0,437.0,5.0,6.0,6.0,4.0
2026-04-30,d1e8ca71cf93b52520848723fb9b56a3,823634,New York Mets,Washington Nationals,2026-04-29,0.661,0.339,5.03,3.37,8.4,3289,day,103.11633308244276,101.56560795653527,99.3381525430432,100.63850290348404,3.8498812869565215,5.753070091743122,4.1091078427350425,6.626882917647059,0.3001276739130434,0.3627325688073395,0.3086548632478632,0.3914764117647059,88.88199643493762,87.15100000000001,89.03305613305614,87.34323432343234,0.1510596981185159,0.1922343234323307,561.0,400.0,6.0,6.0,481.0,303.0,5.0,5.0,4.0,5.0
2026-04-30,d90908eede84c449de24cbd9b202bcf7,824850,Baltimore Orioles,Houston Astros,2026-04-29,0.588,0.412,5.81,4.89,10.7,2,day,100.9202894371417,100.44805938382662,100.9129904074752,99.82556018119035,3.469432372093024,5.281945115596331,3.469432372093024,5.741827689411764,0.2876129069767442,0.3472350366972477,0.2876129069767442,0.3623627529411764,88.9440251572327,87.61189931350114,88.9440251572327,87.35659824046921,0.0,-0.25530107303193,159.0,437.0,2.0,5.0,159.0,341.0,2.0,4.0,5.0,11.0
2026-04-30,e5babd0fb427836d74e73a544af17f39,823795,Milwaukee Brewers,Arizona Diamondbacks,2026-04-29,0.557,0.443,3.97,3.38,7.35,32,day,101.57414299234944,100.22703174977411,100.31489780072847,100.01578299425496,3.205368533333334,4.977097599999998,3.2053685333333326,4.871136834042551,0.2789265964912281,0.3372071578947367,0.278926596491228,0.3337216063829786,89.08477157360406,88.39850427350427,89.08477157360406,88.72321899736147,0.0,0.3247147238571983,398.0,468.0,5.0,5.0,398.0,379.0,5.0,4.0,13.0,1.0
2026-05-01,224916189ace451ec4c3a758ac5d3b0d,823877,Miami Marlins,Philadelphia Phillies,2026-04-30,0.486,0.514,3.67,3.81,7.48,4169,night,102.01683073961416,100.75638104872924,98.64970529195745,98.39923686906572,5.4615373647058805,3.0698196000000006,5.462950620183486,3.0698196000000006,0.3531426764705881,0.27446775,0.3531891651376146,0.27446775,92.33250950570344,89.875,92.4704387990762,89.875,0.1379292933727782,0.0,527.0,84.0,6.0,1.0,434.0,84.0,5.0,1.0,5.0,6.0
2026-05-01,4c46549aafa11d0400c4c8c87e755dda,823309,San Diego Padres,Chicago White Sox,2026-04-30,0.548,0.452,4.64,4.13,8.77,2680,night,98.9252451682298,97.11079925952671,99.53607385355004,96.96072658493703,5.39385276952381,3.471265180327868,5.238256055172413,3.4712651803278693,0.3509162095238095,0.2876731967213114,0.3457978965517241,0.2876731967213115,89.81773399014779,91.240562248996,89.6533724340176,91.240562248996,-0.1643615561301885,0.0,406.0,249.0,5.0,3.0,341.0,249.0,4.0,3.0,2.0,8.0
2026-05-01,5c57e8c626d8c6627101848a75f83307,822990,Tampa Bay Rays,San Francisco Giants,2026-04-30,0.54,0.46,4.27,3.84,8.11,12,night,97.92283096823202,99.30365236062556,97.8867883077751,96.88712186539162,4.704254319999999,4.828397714285714,4.997390617283952,5.108954428571428,0.3282320499999999,0.3323157142857142,0.3378746913580247,0.3415445535714285,89.57960687960689,88.49186851211073,89.60762195121951,88.35153374233128,0.0280150716126286,-0.140334769779443,407.0,578.0,5.0,6.0,328.0,489.0,4.0,5.0,3.0,0.0
2026-05-01,6f2e9ec22774fd2d53ca6ed64f1ec7e5,824366,Colorado Rockies,Atlanta Braves,2026-04-30,0.385,0.615,4.41,5.62,10.03,19,night,97.28486620464922,99.0470698744366,98.67215010653834,98.68879968262527,5.6259519012345685,4.490477748148147,5.497007111111111,5.03036785840708,0.358551049382716,0.3211999259259259,0.3543094444444444,0.3389594690265486,86.19483282674771,89.58650306748467,85.79681274900399,89.81573849878934,-0.3980200777437233,0.2292354313046729,330.0,490.0,4.0,6.0,252.0,414.0,3.0,5.0,6.0,8.0
2026-05-01,71bed1a7ce55f688df69c714d2376fe7,824772,Boston Red Sox,Houston Astros,2026-04-30,0.572,0.428,5.04,4.29,9.33,3,night,,100.74411950972691,,99.62269390511312,,4.18786755804196,,4.154042160683761,,0.3112456433566434,,0.3101329658119658,,89.89354243542437,,89.78571428571429,,-0.1078281497100732,,542.0,,6.0,,448.0,,5.0,3.0,1.0
2026-05-01,99cbbfbfd9560db3b77799bea7dfc475,824041,Los Angeles Angels,New York Mets,2026-04-30,0.502,0.498,4.24,4.22,8.46,1,night,99.66162854268524,101.06613502581185,98.12435533490115,91.6270050260054,3.655389423728813,8.16776128,2.6931610666666668,8.16776128,0.2937299152542372,0.4421632,0.2620776666666666,0.4421632,94.32297872340426,91.8186046511628,94.057225433526,91.8186046511628,-0.2657532898782477,0.0,239.0,43.0,4.0,1.0,174.0,43.0,2.0,1.0,3.0,4.0
2026-05-01,a469364d09b62046dd2c9d0acf413e9b,822744,Washington Nationals,Milwaukee Brewers,2026-04-30,0.403,0.597,3.63,4.65,8.28,3309,night,101.12092292454432,99.4276917877568,99.61926892373756,98.55199478281884,4.932496706976743,3.1542868321167883,5.163708359633028,3.2012043076923065,0.3357400232558139,0.2772462773722627,0.3433456697247706,0.2787896153846153,87.46396917148363,96.26021699819168,87.48075117370892,96.3912854030501,0.0167820022252982,0.1310684048584249,519.0,555.0,6.0,6.0,426.0,460.0,5.0,5.0,1.0,6.0
2026-05-01,a69ddb925b6880022ed2ad0e0f2787fd,823146,Seattle Mariners,Kansas City Royals,2026-04-30,0.605,0.395,4.06,2.95,7.01,680,night,100.2053094780234,98.86144466637816,100.75383812491386,97.3845766140745,3.948438082269504,5.679815234782609,4.468514454237289,5.210115914893615,0.3033696737588652,0.3603228695652173,0.3204774491525424,0.3448722340425531,92.78944099378884,89.63662551440329,92.5705,89.82752525252525,-0.2189409937888342,0.1908997381219563,483.0,486.0,6.0,6.0,400.0,396.0,5.0,5.0,6.0,7.0
2026-05-01,d4c3dbfeab9d45e50dea2e86b3da477a,823713,Minnesota Twins,Toronto Blue Jays,2026-04-30,0.477,0.523,4.41,4.66,9.07,3312,night,102.15955656554502,90.93321986910806,99.62295430116431,99.47302538246548,5.151444681481482,6.0940893538461545,5.616712765217392,6.0940893538461545,0.3429422592592592,0.3739503076923077,0.3582471304347826,0.3739503076923077,88.5436507936508,85.1888178913738,88.30855106888362,85.1888178913738,-0.2350997247671813,0.0,506.0,313.0,6.0,4.0,423.0,313.0,5.0,4.0,3.0,7.0
2026-05-01,eb5e5ee05cf9e2c9e3df8f51d9835b52,824287,Detroit Tigers,Texas Rangers,2026-04-30,0.533,0.467,4.3,3.96,8.26,2394,night,101.84171394108763,98.04280466428035,97.73243721580712,98.20052689790148,5.6991477243697455,4.96975949090909,4.806689012244895,5.4147560727272745,0.360958806722689,0.3369657727272727,0.3316016122448978,0.3516038181818182,87.35498007968127,90.20872727272727,87.04721549636804,90.17108695652172,-0.3077645833132294,-0.0376403162055396,502.0,551.0,6.0,6.0,413.0,461.0,5.0,5.0,4.0,5.0
2026-05-01,f451d4c00cab2b041332088186c10c3c,823557,New York Yankees,Baltimore Orioles,2026-04-30,0.658,0.342,4.95,3.31,8.26,3313,night,99.71980377091197,93.04785863245128,100.39752175379785,99.11181118605934,3.7645096186046505,3.9171581666666686,3.671512843636364,3.9171581666666686,0.2973193953488371,0.3023407291666667,0.2942602909090909,0.3023407291666667,90.8795019157088,85.94782608695652,90.53940774487472,85.94782608695652,-0.3400941708340923,0.0,522.0,184.0,6.0,2.0,439.0,184.0,5.0,2.0,7.0,2.0
2026-05-01,f9bc114c35828121793d26f1d0d40338,823389,Pittsburgh Pirates,Cincinnati Reds,2026-04-30,0.558,0.442,4.46,3.85,8.31,31,night,101.18902479899432,94.9538477952774,99.33417582959343,99.68342163441018,4.143418954744524,5.63377735572519,4.663744800000001,5.394128685714287,0.3097835182481751,0.3588084656488549,0.3268995,0.3509252857142857,88.8384765625,86.81597633136094,88.90114942528736,86.73510392609701,0.0626728627873518,-0.080872405263932,512.0,507.0,6.0,6.0,435.0,433.0,5.0,5.0,9.0,1.0
2026-05-02,27aba50ebc7d419dd836a458e12b2faf,824771,Boston Red Sox,Houston Astros,2026-05-01,0.592,0.408,5.04,4.07,9.11,3,day,97.61741661635403,100.21122270871476,98.00085260500502,98.31872136056845,5.380758264615383,5.304768553846152,5.45762978348624,5.304768553846154,0.3504854692307692,0.3479858076923076,0.3530141376146789,0.3479858076923077,88.08534322820037,83.6345890410959,87.95056433408577,83.6345890410959,-0.1347788941146035,0.0,539.0,292.0,6.0,3.0,443.0,292.0,5.0,3.0,3.0,6.0
2026-05-02,2a3a64708f7d4e8c0f5ee57ea757d07c,824685,Chicago Cubs,Arizona Diamondbacks,2026-05-01,0.648,0.352,4.68,3.14,7.82,17,day,101.12163600055888,96.42108020487449,98.29159692169615,99.46601574819438,3.0190434285714303,5.529402554621848,2.4973067387387395,5.00341312,0.2727974812030075,0.3553750840336134,0.2556350900900901,0.3380728,86.94400715563506,92.35905172413791,86.91341719077568,92.31391076115486,-0.0305899648593879,-0.0451409629830692,559.0,465.0,6.0,6.0,477.0,382.0,5.0,5.0,2.0,0.0
2026-05-02,383d74609e0b5f77bfaf7eaa55477b31,823144,Seattle Mariners,Kansas City Royals,2026-05-01,0.543,0.457,3.7,3.24,6.94,680,night,103.03258095379456,98.95455451601696,99.45557819383636,100.694136389995,4.849696689230771,4.658972510067113,5.912277592792793,4.075492032000001,0.3330163384615385,0.3267425167785234,0.3679696576576576,0.30754908,89.46121323529412,85.73862815884476,89.66241610738254,85.7448637316562,0.201202872088416,0.006235572811434,544.0,554.0,6.0,6.0,447.0,477.0,5.0,5.0,2.0,3.0
2026-05-02,7bda241ffa570175ee12fdbd71a4b3c9,823388,Pittsburgh Pirates,Cincinnati Reds,2026-05-01,0.542,0.458,4.18,3.73,7.91,31,day,100.60903878706723,98.71779296201144,100.11116530129554,100.22829897618064,4.388662374400001,4.411942941176468,4.924285683809522,4.763269333333334,0.317850736,0.3186165441176469,0.3354699238095237,0.3301733333333333,89.31821782178217,89.35018518518518,89.15190476190477,89.16211453744494,-0.166313059877396,-0.1880706477402469,505.0,541.0,6.0,6.0,420.0,455.0,5.0,5.0,17.0,7.0
2026-05-02,7dd5007f59f84948d08db8b63132cdec,822746,Washington Nationals,Milwaukee Brewers,2026-05-01,0.438,0.562,3.44,4.09,7.53,3309,day,95.19263011754028,100.75221625136471,98.9943549467877,98.67068875741514,4.878988423529412,3.65264365,4.606147241739133,4.208646400000001,0.3339798823529412,0.29363959375,0.3250048434782609,0.3119291578947368,85.74898336414047,90.26784037558686,85.61142857142856,90.1141592920354,-0.13755479271191,-0.1536810835514614,542.0,426.0,6.0,5.0,456.0,339.0,5.0,4.0,1.0,4.0
2026-05-02,826eb43891b621623989f26eb6deccab,823308,San Diego Padres,Chicago White Sox,2026-05-01,0.647,0.353,4.7,3.17,7.87,2680,night,97.90780251639298,101.99825238290128,98.91521504474434,100.05951920167335,3.880880685714285,4.057004096969697,3.838132587610621,4.167213185714285,0.3011473909774436,0.3069409242424242,0.299741203539823,0.3105662232142857,88.66660649819495,88.93370577281192,88.61949152542373,88.85358744394618,-0.0471149727712258,-0.080118328865737,554.0,537.0,6.0,6.0,472.0,446.0,5.0,5.0,0.0,4.0
2026-05-02,8a401fa09b77692deee8ed01cd058b3d,824284,Detroit Tigers,Texas Rangers,2026-05-01,0.567,0.433,4.74,4.04,8.78,2394,night,99.17698101492236,102.37480469867216,101.02321971504028,99.4386807203821,2.2038049056603786,4.717615200000002,2.203804905660377,4.717615200000002,0.2459804245283019,0.328671552631579,0.2459804245283018,0.328671552631579,89.988,89.96087962962963,89.988,89.96087962962963,0.0,0.0,400.0,434.0,5.0,5.0,400.0,434.0,5.0,5.0,5.0,1.0
2026-05-02,a5c3ef5e48ad39a2a1e04b385a33f7f0,822988,Tampa Bay Rays,San Francisco Giants,2026-05-01,0.539,0.461,4.29,3.88,8.17,12,night,102.23950194275268,98.61704286544143,98.94664212936893,100.2878803206309,5.555531591836735,2.367666776470588,4.062024864864866,2.4626239443478277,0.3562345918367346,0.2513706176470588,0.3071060810810811,0.2544942086956522,92.2316513761468,86.7437062937063,91.99125,86.4555785123967,-0.240401376146778,-0.2881277813095977,222.0,572.0,12.0,6.0,164.0,484.0,8.0,5.0,5.0,1.0
2026-05-02,ad24319e5623a8196399f98734f3be87,823876,Miami Marlins,Philadelphia Phillies,2026-05-01,0.528,0.472,4.38,4.1,8.48,4169,day,100.08896560650062,101.55592671003822,99.760864058024,99.90500996698056,4.785972873282443,4.279673614953271,4.614436281481483,5.789702474418604,0.3309201603053435,0.3142655794392523,0.3252775092592593,0.3639375813953488,90.90098619329387,90.77396313364056,90.99507042253522,90.87742857142857,0.0940842292413322,0.1034654377880173,507.0,434.0,6.0,5.0,426.0,350.0,5.0,4.0,4.0,0.0
2026-05-02,b23ef59a61f5e3a71d93b5ae6eed4786,824042,Los Angeles Angels,New York Mets,2026-05-01,0.444,0.556,3.66,4.24,7.9,1,night,98.46569045454189,100.13960823339974,98.95665454695228,99.37227201686612,3.0089546742857136,2.0527506133333326,3.333665223529412,1.879491256637168,0.2724656142857142,0.2410115333333333,0.2831468823529411,0.2353122123893805,88.04223385689353,90.93754448398576,88.05857740585775,91.05543933054392,0.0163435489642154,0.1178948465581726,574.0,562.0,6.0,6.0,479.0,478.0,5.0,5.0,4.0,3.0
2026-05-02,c0137f0b36b1eea6d91260c926fe437e,823715,Minnesota Twins,Toronto Blue Jays,2026-05-01,0.475,0.525,4.03,4.29,8.32,3312,day,94.38406692232334,99.6692671550342,97.51961781312824,98.71458955795585,2.152344222222222,3.4141333839416053,2.152344222222222,3.56372648347826,0.2442876388888888,0.2857938613138686,0.2442876388888888,0.2907146869565217,89.54879518072289,91.56976744186046,89.54879518072289,91.5927734375,0.0,0.0230059956395365,167.0,602.0,2.0,6.0,167.0,512.0,2.0,5.0,4.0,11.0
2026-05-02,d5dfcb82d0a54536cff3e16f1858d180,824365,Colorado Rockies,Atlanta Braves,2026-05-01,0.305,0.695,3.57,5.55,9.12,19,night,99.14714336224776,97.86279084578526,98.10734707377516,98.91216671471209,2.770536612765957,3.105947059854014,2.478233911111111,3.239225920000003,0.264622914893617,0.2756561532846715,0.2550076944444444,0.2800403263157895,85.8,87.05221402214023,86.21217948717948,87.24266666666666,0.4121794871794861,0.1904526445264309,200.0,542.0,14.0,6.0,160.0,375.0,10.0,4.0,1.0,9.0
2026-05-02,e9452f8c1e4f22f3d7ff43170252ddfe,823554,New York Yankees,Baltimore Orioles,2026-05-01,0.644,0.356,4.86,3.35,8.21,3313,day,100.06697031370544,91.77203316362728,99.10387426757988,98.69537421461985,4.970415529411764,4.770237688888889,5.221979350427352,5.199845655172414,0.3369873529411764,0.3304025555555555,0.3452624786324786,0.3445343965517241,89.62518518518519,89.6415300546448,89.25874730021599,89.86716738197424,-0.3664378849692014,0.2256373273294372,541.0,549.0,6.0,6.0,464.0,466.0,5.0,5.0,9.0,4.0
2026-05-03,092612a571aeb504211ec7f4950924e3,823555,New York Yankees,Baltimore Orioles,2026-05-02,0.673,0.327,5.05,3.27,8.32,3313,day,96.93360737614064,,98.42214030725704,,1.9687713272727283,,1.6493268750000003,,0.2382490568181818,,0.227741015625,,87.8,,87.4768267223382,,-0.3231732776617946,,655.0,,7.0,,479.0,,5.0,,11.0,3.0
2026-05-03,1c691cd82a568ab8542e6672e53d0125,822742,Washington Nationals,Milwaukee Brewers,2026-05-02,0.417,0.583,3.64,4.51,8.15,3309,day,100.26360899370694,95.27101344655163,98.13535442189614,98.86860546398287,6.214430375757575,2.953540444444445,6.583664400000001,2.953540444444445,0.3779088939393939,0.2706427777777778,0.39005475,0.2706427777777778,84.26386861313868,89.36857142857143,84.5056603773585,89.36857142857143,0.2417917642198119,0.0,274.0,35.0,16.0,1.0,212.0,35.0,12.0,1.0,3.0,2.0
2026-05-03,257b715ef1fa8b967fb27a46de2d3021,824043,Los Angeles Angels,New York Mets,2026-05-02,0.417,0.583,3.78,4.66,8.44,1,day,97.51142802743225,100.7258262735678,99.57798510036892,100.2178881944364,4.965238075524474,4.287301385915494,4.856463841322316,4.049600040336136,0.3368170419580419,0.3145164929577465,0.3332389421487604,0.3066973697478992,92.82472727272727,89.29642184557439,92.95482456140353,89.26780045351474,0.1300972886762395,-0.028621392059648,551.0,531.0,6.0,6.0,456.0,441.0,5.0,5.0,1.0,5.0
2026-05-03,341da475ed0042be75b5bc44221f8161,823711,Minnesota Twins,Toronto Blue Jays,2026-05-02,0.529,0.471,4.03,3.72,7.75,3312,day,99.34682932720852,101.24917880509808,100.92046159915876,99.36560525439944,3.2488810425806447,-0.1728799999999992,3.0283977655172425,-0.1728799999999992,0.280357929032258,0.1678,0.2731051896551724,0.1678,88.08296178343949,88.93648648648649,87.74227467811158,88.93648648648649,-0.3406871053279019,0.0,628.0,74.0,7.0,1.0,466.0,74.0,5.0,1.0,4.0,3.0
2026-05-03,4c6f75a0f0a2e467d79983253235c3a9,823875,Miami Marlins,Philadelphia Phillies,2026-05-02,0.444,0.556,3.95,4.54,8.49,4169,day,103.51070781710868,95.33795928182356,100.3864606098838,97.7641290125852,4.061720793700784,3.444043233103448,3.912622878504672,3.5810100400000016,0.3070960787401574,0.2867777379310344,0.3021915420560747,0.291283225,86.974609375,90.98350877192982,87.00623556581985,91.11783439490446,0.0316261908198498,0.134325622974643,512.0,570.0,6.0,6.0,433.0,471.0,5.0,5.0,2.0,7.0
2026-05-03,60f28cce3cfa86c53a2a227c6532203a,823307,San Diego Padres,Chicago White Sox,2026-05-02,0.635,0.365,4.9,3.49,8.39,2680,day,,98.34181423680413,,97.96955951356858,,7.661960000000002,,7.851391128712873,,0.425525,,0.4317562871287129,,90.63550863723609,,90.56783216783217,,-0.0676764694039206,,521.0,,6.0,,429.0,,5.0,4.0,3.0
2026-05-03,83a816db7e0b75a4f8d0b9a486ad3113,822987,Tampa Bay Rays,San Francisco Giants,2026-05-02,0.53,0.47,4.04,3.73,7.77,12,day,96.93064305305325,100.56279321486588,99.20452859454365,100.3296574758714,5.143707061417323,5.607917074626864,4.689903139622641,5.514248068376068,0.3426877322834645,0.3579577985074626,0.3277599716981131,0.3548765811965811,87.19453125,89.21992409867173,87.09814385150813,89.34451901565996,-0.0963873984918706,0.1245949169882294,512.0,527.0,6.0,6.0,431.0,447.0,5.0,5.0,2.0,1.0
2026-05-03,9e48c32033c5db8cdc98fcd3ecdc2aa2,824364,Colorado Rockies,Atlanta Braves,2026-05-02,0.416,0.584,4.73,5.61,10.34,19,day,93.13645198924247,,99.01771861155258,,4.448963851162789,,3.512502809302326,,0.3198343372093022,,0.2890296976744186,,87.22188449848025,,86.8575,,-0.3643844984802484,,329.0,,4.0,,160.0,,2.0,,6.0,11.0
2026-05-03,b713b3ae079ed7d21c2a9f7edb043f6b,824285,Detroit Tigers,Texas Rangers,2026-05-02,0.56,0.44,4.48,3.85,8.33,2394,night,95.436777154398,101.14855608199431,98.93521493338316,99.48997682734918,6.37467548852459,5.668861982608696,6.788853071698114,6.3561463999999965,0.3831801147540983,0.3599625652173913,0.3968043773584905,0.3825706052631578,86.37078189300411,92.00652173913043,86.04272300469484,92.29717391304348,-0.3280588883092719,0.2906521739130312,243.0,552.0,13.0,6.0,213.0,460.0,11.0,5.0,7.0,1.0
2026-05-03,b7ad1d7b238b8062d64011d24d284989,824687,Chicago Cubs,Arizona Diamondbacks,2026-05-02,0.596,0.404,6.26,5.25,11.51,17,day,99.77619561860185,101.1829304099906,99.33956925681844,98.56541703244068,4.493724615384616,10.671912555555558,4.194168975609758,10.671912555555556,0.3213067307692308,0.5245365972222222,0.3114529268292683,0.5245365972222222,86.7669642857143,89.05704467353951,86.27714285714286,89.05704467353951,-0.4898214285714317,0.0,336.0,293.0,4.0,3.0,175.0,293.0,2.0,3.0,8.0,4.0
2026-05-03,b7ecafff68e95721e956a1a960acdd98,823387,Pittsburgh Pirates,Cincinnati Reds,2026-05-02,0.558,0.442,4.33,3.72,8.05,31,day,99.70339121432085,99.1988008947535,99.65734580141336,99.26462400372198,2.819357799999998,3.595935633587787,2.4456964714285707,3.947709522123896,0.2662288749999999,0.2917741984732824,0.2539373839285714,0.3033457079646018,92.3507662835249,94.76765799256506,92.55586206896552,94.67304347826088,0.2050957854406192,-0.0946145143041974,522.0,538.0,6.0,6.0,435.0,460.0,5.0,5.0,1.0,0.0
2026-05-03,c07320ad7cda17703d445ae8f3b85376,824769,Boston Red Sox,Houston Astros,2026-05-02,0.612,0.388,4.88,3.71,8.59,3,day,98.5071552017972,100.8318369611764,98.66046627795116,98.65420636805868,3.8096270909090912,4.881711739534883,3.019304571428572,5.922524693333333,0.2988035227272727,0.334069465116279,0.2728060714285714,0.3683067333333333,86.2688492063492,90.66531791907516,86.20817757009345,89.82032520325203,-0.0606716362557477,-0.8449927158231247,506.0,173.0,6.0,4.0,430.0,123.0,5.0,3.0,1.0,3.0
2026-05-03,e05ec850dc5af5d56ee55a4acb831ae9,823145,Seattle Mariners,Kansas City Royals,2026-05-02,0.507,0.493,3.82,3.74,7.56,680,day,102.73529036107196,99.4225199536122,100.42306421049273,98.19857237348768,5.910925485714288,4.761811623529411,7.034058585714284,4.7488525333333325,0.3679251804511279,0.3301253823529411,0.4048703482142856,0.329699096491228,91.25267857142858,88.32346368715083,91.21182795698924,88.27056277056278,-0.0408506144393214,-0.052900916588058,560.0,537.0,6.0,6.0,465.0,462.0,5.0,5.0,1.0,4.0
2026-05-04,1be0149112c46951b21b30f3277a53dd,823552,New York Yankees,Baltimore Orioles,2026-05-03,0.689,0.311,5.2,3.26,8.46,3313,night,100.2542801869798,100.94391813460774,100.31449230798286,99.41205596022957,2.206108283870969,4.437188597333333,3.040714393162393,4.57520927751938,0.2460561935483871,0.3194469933333333,0.2735103418803418,0.3239871472868217,95.18978224455611,91.12771929824562,95.21355555555556,91.0729674796748,0.0237733109994451,-0.0547518185708213,600.0,572.0,7.0,6.0,452.0,494.0,5.0,5.0,12.0,1.0
2026-05-04,25d5af851ff059eb0a390e1f5908f926,824684,Chicago Cubs,Cincinnati Reds,2026-05-03,0.6,0.4,5.29,4.23,9.52,17,night,101.48537524640096,,99.72236699511429,,4.076896928671328,,4.775490296774192,,0.3075952937062937,,0.3305753387096773,,91.5271897810219,,91.47094017094015,,-0.0562496100817355,,548.0,,6.0,,468.0,,5.0,,5.0,4.0
2026-05-04,286159b7ccc29dea1805a4ce6218be0e,824120,Kansas City Royals,Cleveland Guardians,2026-05-03,0.556,0.444,4.45,3.87,8.32,7,night,99.56316995034736,99.6375689195706,100.51807452541443,100.20759172813732,4.879950944217686,4.601229385620915,5.614205707086613,3.96967513043478,0.334011544217687,0.3248430718954248,0.3581646614173228,0.3040682608695651,86.89144385026738,87.08506493506493,86.74241164241164,86.73685344827587,-0.1490322078557397,-0.3482114867890686,561.0,616.0,6.0,7.0,481.0,464.0,5.0,5.0,6.0,2.0
2026-05-04,29183afced82bafdf09738bf1fa00600,824201,Houston Astros,Los Angeles Dodgers,2026-05-03,0.404,0.596,3.61,4.62,8.23,2392,night,78.8299853241805,101.44187259424102,98.37218264128168,100.78159869385236,4.789281084745764,4.308984141496598,5.873218039215688,4.04689723076923,0.3310289830508475,0.3152297414965986,0.3666848039215686,0.3066084615384615,84.14957627118643,90.4423076923077,84.37611940298507,90.61128205128206,0.2265431317986355,0.168974358974367,237.0,572.0,17.0,6.0,202.0,390.0,15.0,4.0,3.0,8.0
2026-05-04,42cd2c9d9860ded679366dcdfe136ea7,824283,Detroit Tigers,Boston Red Sox,2026-05-03,0.621,0.379,4.21,2.95,7.16,2394,night,94.60621473080414,98.36567204377764,99.46219732946714,96.19112396071478,6.0789688250000005,1.1902885714285705,6.82613609056604,1.1902885714285725,0.373452921875,0.2126410714285714,0.3980307924528302,0.2126410714285714,86.38423076923077,93.32422360248448,86.08206278026906,93.32422360248448,-0.3021679889617132,0.0,260.0,161.0,14.0,2.0,223.0,161.0,11.0,2.0,4.0,5.0
2026-05-04,6afb68c3e91d245e69a9eec05286476d,823143,Seattle Mariners,Atlanta Braves,2026-05-03,0.553,0.447,4.16,3.6,7.76,680,night,101.55929839001324,99.64890537083636,100.33203267670244,99.96423755889626,4.063626189999999,5.099976156862743,4.867032744827586,5.099976156862747,0.3071587562499999,0.3412492156862744,0.3335866034482758,0.3412492156862745,87.98646967340592,89.05967741935483,87.77251082251082,89.05967741935483,-0.2139588508950964,0.0,643.0,186.0,7.0,2.0,462.0,186.0,5.0,2.0,5.0,4.0
2026-05-04,724956d85946d94ae169ea8b4f5299b3,822984,Tampa Bay Rays,Toronto Blue Jays,2026-05-03,0.53,0.47,4.05,3.74,7.79,12,night,99.28959693123208,99.84282032977713,101.1277690262016,98.29881739116082,4.153553260273975,5.767281256198348,4.171694885245901,6.769342257425743,0.3101168835616439,0.363200041322314,0.3107136475409836,0.3961625742574257,86.9191489361702,86.21019522776572,86.74615384615385,85.80160427807486,-0.1729950900163572,-0.4085909496908613,518.0,461.0,6.0,6.0,430.0,374.0,5.0,5.0,5.0,1.0
2026-05-04,80044e6fc3586ebcf9f4df924a6f9519,824363,Colorado Rockies,New York Mets,2026-05-03,0.42,0.58,4.06,4.91,8.97,19,day,100.44723645835076,92.57350666776708,100.47631036036428,100.98959939722565,5.804146381679387,2.7693015593220336,5.97924467256637,3.4591464888888903,0.364412709923664,0.2645822881355932,0.3701725221238937,0.2872745555555556,88.434046692607,93.14285714285714,88.18099547511312,93.23693181818182,-0.2530512174938764,0.094074675324677,517.0,232.0,6.0,14.0,444.0,177.0,5.0,10.0,2.0,4.0
2026-05-04,a6a446c7235d0fcd72e04a211f04e87a,823228,San Francisco Giants,San Diego Padres,2026-05-03,0.527,0.473,4.36,4.08,8.44,2395,night,,99.6511533620698,,99.89034879914072,,5.377105763503648,,5.983251733333335,,0.3503653211678831,,0.3703043333333333,,90.73900184842884,,90.79177777777778,,0.0527759293489396,,541.0,,6.0,,450.0,,5.0,3.0,2.0
2026-05-04,a8b6869ab87cab44f73e7d8fe9c435f5,823874,Miami Marlins,Philadelphia Phillies,2026-05-03,0.562,0.438,4.66,4.0,8.66,4169,night,101.97334120683746,100.84200494845852,100.48156971609416,99.60454131709454,3.7541060969696978,5.1916788,3.957969387610621,5.6022864516129065,0.2969771742424242,0.34426575,0.303683203539823,0.3577725806451614,87.52632653061225,86.2985347985348,87.32992700729926,86.40388888888889,-0.1963995233129907,0.1053540903540835,491.0,546.0,6.0,6.0,412.0,360.0,5.0,4.0,0.0,1.0
2026-05-04,e07f1907da5ba8bebef841815c5cd9a1,824039,Los Angeles Angels,Chicago White Sox,2026-05-03,0.584,0.416,4.56,3.69,8.25,1,night,102.11604174984244,99.8812503872195,100.05699763430854,100.71527169025175,3.2430872499999994,4.893890955555555,3.410747350427351,4.542584364227642,0.2801673437499999,0.3344700972222222,0.2856824786324786,0.3229139593495935,93.22484939759036,89.89060773480662,93.30103519668738,90.05144124168514,0.0761857990970185,0.160833506878518,668.0,543.0,7.0,6.0,483.0,451.0,5.0,5.0,0.0,6.0
2026-05-05,642027e0dc5d6fe0e383f9c8b6453d6c,823553,New York Yankees,Texas Rangers,2026-05-04,0.53,0.47,4.54,4.22,8.76,3313,night,101.45446633132728,102.09169268852406,97.76429330512268,100.66972838422072,6.31272744,3.387435934426229,6.31272744,3.476642980392157,0.3811423499999999,0.2849156557377049,0.3811423499999999,0.2878500980392157,90.13125,93.25653846153848,90.13125,93.09410430839004,0.0,-0.162434153148439,80.0,523.0,1.0,6.0,80.0,444.0,1.0,5.0,7.0,4.0
2026-05-05,692aeb05691cac285d594067d9c4a24e,823873,Miami Marlins,Baltimore Orioles,2026-05-04,0.564,0.436,4.6,3.93,8.53,4169,night,100.95968730311924,102.06661195117516,100.44205062989914,99.42022343795234,3.353375403108809,5.475464995555554,4.553677605839417,5.41471296,0.2837952435233161,0.3536008222222221,0.3232788686131387,0.3516024,92.28731343283582,84.33320825515948,92.62916666666666,84.16789838337182,0.3418532338308466,-0.165309871787656,670.0,533.0,7.0,6.0,504.0,433.0,5.0,5.0,7.0,9.0
2026-05-05,6ce90524a09ef856d3a08a7038715209,824200,Houston Astros,Los Angeles Dodgers,2026-05-04,0.35,0.65,3.36,4.93,8.29,2392,night,101.6909260387532,102.71574258552415,100.02548187312004,99.4137915154648,3.0896429333333355,1.966218318644068,3.0896429333333355,1.5878934400000002,0.2751198333333334,0.2381650762711864,0.2751198333333334,0.2257201789473684,90.20397111913356,90.2832980972516,90.20397111913356,90.86865284974094,0.0,0.5853547524893514,277.0,473.0,3.0,5.0,277.0,386.0,3.0,4.0,2.0,1.0
2026-05-05,71ef508a8cbaa38a8e77f003e58f92aa,824281,Detroit Tigers,Boston Red Sox,2026-05-04,0.613,0.387,4.55,3.37,7.92,2394,night,96.23905627134158,101.37488083814172,98.61427480036916,97.71741688009143,4.041449599999999,3.4798406857142856,4.730602373770493,3.347909028571429,0.3064292631578947,0.2879552857142857,0.329098762295082,0.2836154285714286,87.98927444794953,86.46470588235294,87.62565217391305,86.28277310924369,-0.3636222740364729,-0.1819327731092528,634.0,294.0,7.0,10.0,460.0,243.0,5.0,8.0,3.0,10.0
2026-05-05,725a2bc29fdee3828f24905b97afda08,824119,Kansas City Royals,Cleveland Guardians,2026-05-04,0.468,0.532,3.79,4.12,7.91,7,night,,99.97798407131164,,99.96611010586793,,4.068688355555556,,4.451239149206348,,0.3073252748538012,,0.3199091825396825,,90.52813990461048,,90.1134065934066,,-0.4147333112038893,,660.0,,7.0,,486.0,,5.0,5.0,3.0
2026-05-05,732ae7d99e94ec771af4f2525709bb66,823142,Seattle Mariners,Atlanta Braves,2026-05-04,0.538,0.462,4.21,3.8,8.01,680,night,99.63460025183026,99.39376515741442,100.94135259811372,99.35937560488824,2.90858920677966,3.0910582418604653,2.838289975757576,3.808802316799999,0.2691641186440677,0.2751663895348837,0.2668516439393939,0.2987763919999999,91.99205607476635,88.21383855024712,91.86414686825054,88.5216091954023,-0.1279092065158096,0.3077706451551876,643.0,607.0,7.0,7.0,464.0,435.0,5.0,5.0,2.0,3.0
2026-05-05,7cdd4e1d6b845aedaf71e33a78a0f164,824682,Chicago Cubs,Cincinnati Reds,2026-05-04,0.628,0.372,4.58,3.24,7.82,17,night,97.91172766509816,95.77434973103946,99.90596240963224,97.7578833093196,4.448599005714284,5.515913825503355,4.295912965289259,5.781744377358489,0.3198223357142856,0.3549313758389261,0.3147997685950414,0.3636758018867924,85.82872727272728,87.21090909090908,85.87462365591398,86.97373271889401,0.0458963831867009,-0.237176372015071,554.0,605.0,6.0,7.0,465.0,434.0,5.0,5.0,3.0,2.0
2026-05-05,8ce45c11dc2d0ef2edaaf6ecd5f2b8ff,825092,Arizona Diamondbacks,Pittsburgh Pirates,2026-05-04,0.504,0.496,4.6,4.57,9.17,15,night,100.84776448614642,102.77467100569471,99.09571463350385,98.61282857370126,5.346348419580419,5.448409021538461,6.923985896907217,5.528050349549549,0.3493535664335664,0.352710823076923,0.4012495360824742,0.3553306036036036,87.8945652173913,94.83602362204724,87.97650130548303,94.40538641686182,0.081936088091723,-0.4306372051854197,553.0,509.0,6.0,6.0,383.0,428.0,4.0,5.0,9.0,0.0
2026-05-05,90becb516bb091bc1f699dadd4f5e4ef,823227,San Francisco Giants,San Diego Padres,2026-05-04,0.548,0.452,4.8,4.29,9.09,2395,night,101.43223910260934,100.78181256161704,100.56709853836216,98.9009708747404,4.77486529892473,5.1907557333333365,4.520104687407408,4.963618240000001,0.3305547795698924,0.3442353859649124,0.3221744962962963,0.3367637578947368,89.0965620328849,88.04168466522678,89.14300626304802,88.2314578005115,0.046444230163118,0.1897731352847245,669.0,463.0,7.0,6.0,479.0,391.0,5.0,5.0,5.0,10.0
2026-05-05,a3d49ab06b3c4cfdcaeec1ee6be2c11f,824040,Los Angeles Angels,Chicago White Sox,2026-05-04,0.562,0.438,4.95,4.3,9.25,1,night,99.72837193803625,98.00734015001392,96.13994849981796,100.26596414998164,5.650183000000001,3.534011200000001,5.650183000000001,3.6973287999999993,0.359348125,0.2897372105263158,0.359348125,0.2951094999999999,83.84848484848484,87.40230769230769,83.84848484848484,87.16522727272726,0.0,-0.2370804195804225,33.0,520.0,1.0,6.0,33.0,440.0,1.0,5.0,4.0,3.0
2026-05-05,d0147770323bf6c913a672f31ac49256,822986,Tampa Bay Rays,Toronto Blue Jays,2026-05-04,0.547,0.453,3.73,3.23,6.96,12,night,100.62695959363715,102.96793593257094,100.53004781746982,100.37791274343486,2.580643606557377,3.5958232,2.086188487804877,4.709684266666666,0.2583764344262295,0.2917705,0.2421114634146341,0.3284106666666666,92.150916496945,88.96987179487179,91.94012158054711,89.06128318584071,-0.2107949163978872,0.0914113909689149,491.0,624.0,6.0,7.0,329.0,452.0,4.0,5.0,4.0,3.0
2026-05-05,d1bb060e1d2465b94fde23b308c82f30,822743,Washington Nationals,Minnesota Twins,2026-05-04,0.506,0.494,4.83,4.76,9.59,3309,night,100.78542481501864,103.27918200900916,98.93460414010778,99.11345172335072,4.094263406993007,4.354574252023121,4.092053085148515,4.513174535384613,0.3081665594405594,0.3167294161849711,0.3080938514851485,0.3219465307692307,91.20591304347826,91.9066384180791,91.33918269230767,91.65368217054264,0.133269648829426,-0.2529562475364599,576.0,708.0,7.0,7.0,417.0,516.0,5.0,5.0,3.0,11.0
2026-05-06,1f8259cdeb29bfd068ffa5cbaea3e8d7,823141,Seattle Mariners,Atlanta Braves,2026-05-05,0.547,0.453,4.02,3.52,7.54,680,day,101.22535308088308,97.39972394360528,100.76529037127602,99.35991850530698,4.415015479518074,4.819420050450451,5.904041240000001,4.898884123076921,0.3187176144578313,0.3320203963963964,0.367698725,0.3346343461538461,92.57336860670192,85.82741573033707,92.516120906801,85.78823529411764,-0.0572476999009268,-0.039180436219425,567.0,445.0,7.0,6.0,397.0,323.0,5.0,4.0,3.0,1.0
2026-05-06,30985b2de1c1ed30f2e2fd8caf711d21,822985,Tampa Bay Rays,Toronto Blue Jays,2026-05-05,0.542,0.458,4.74,4.29,9.03,12,day,98.55060431988828,91.72794416518796,98.07167569926308,99.60504484484204,4.1589186,5.951009172277228,4.291420198019803,5.951009172277228,0.310293375,0.3692437227722772,0.3146519801980198,0.3692437227722772,89.749375,85.04030612244898,89.80573566084787,85.04030612244898,0.0563606608478721,0.0,480.0,392.0,6.0,5.0,401.0,392.0,5.0,5.0,3.0,0.0
2026-05-06,30d2a93f1ca79f37c19806e74ed1cdab,824118,Kansas City Royals,Cleveland Guardians,2026-05-05,0.491,0.509,4.18,4.27,8.45,7,night,99.8577133862306,95.51759596545676,97.32257491279609,97.34877265191668,5.579127130434782,4.573756366666666,6.081045608247424,5.122609493333332,0.3570107608695652,0.3239393541666666,0.373521237113402,0.3419937333333332,90.04991394148021,85.4822033898305,90.55970149253731,85.42230215827338,0.5097875510571015,-0.0599012315571201,581.0,590.0,7.0,7.0,402.0,417.0,5.0,5.0,1.0,3.0
2026-05-06,3d9ff7b926b247cb73447ca5c7a7428e,824361,Colorado Rockies,New York Mets,2026-05-05,0.375,0.625,3.94,5.24,9.18,19,night,99.63842017946034,103.24037007816648,99.74430049727812,99.41314167234086,5.8209156711656425,3.9705792,4.719150345762713,4.57972133553719,0.3649643312883435,0.304098,0.3287220508474576,0.3241355702479339,87.73170731707317,88.95345622119815,87.88606741573034,89.1098121085595,0.1543600986571647,0.1563558873613431,615.0,651.0,8.0,7.0,445.0,479.0,6.0,5.0,5.0,10.0
2026-05-06,4a14bd2383b640b8cf105c59c99fa882,824282,Detroit Tigers,Boston Red Sox,2026-05-05,0.51,0.49,4.65,4.54,9.19,2394,night,100.71723297315243,97.85300949733832,98.2585458745902,100.33235022956748,5.607317182608696,5.921489497872338,4.631983133333335,6.842185066666668,0.3579380652173913,0.3682726808510637,0.3258547083333333,0.3985587192982456,87.27403035413154,87.54410256410256,86.98205741626795,86.7932735426009,-0.2919729378635907,-0.7508290215016586,593.0,390.0,7.0,5.0,418.0,223.0,5.0,3.0,0.0,4.0
2026-05-06,50bf885c9e829f1de48161f3ec47e5dc,822740,Washington Nationals,Minnesota Twins,2026-05-05,0.468,0.532,4.67,5.0,9.67,3309,night,101.68874599281322,103.83536649227965,101.00897120794204,98.7677643077672,5.518884031999997,4.119526226751591,4.219398,3.7897510295081966,0.3550290799999999,0.3089975732484076,0.3122828289473684,0.2981497049180328,87.21022964509395,83.97157024793388,87.78881355932204,83.98586723768737,0.5785839142280906,0.0142969897534896,479.0,605.0,7.0,7.0,295.0,467.0,5.0,5.0,15.0,2.0
2026-05-06,7c30fa11564865dd19f2a9c4a7e9d937,824036,Los Angeles Angels,Chicago White Sox,2026-05-05,0.538,0.462,4.56,4.17,8.73,1,day,99.2884748991912,97.48830038587496,98.4933429926626,97.20871963796668,3.630245743589744,3.574751421686748,2.948178750000001,3.574751421686748,0.2929028205128205,0.2910773493975904,0.27046640625,0.2910773493975904,94.4970297029703,91.13690476190476,94.35103734439834,91.13690476190476,-0.1459923585719593,0.0,307.0,336.0,5.0,4.0,242.0,336.0,3.0,4.0,8.0,2.0
2026-05-06,7dd3ac6bd80317fdd884080b8d94dd77,823872,Miami Marlins,Baltimore Orioles,2026-05-05,0.611,0.389,5.09,3.92,9.01,4169,night,102.2092710823454,101.4133098547356,98.87108177130676,100.68667779215691,5.340789934177215,5.996319411764706,5.125476295495495,5.996319411764706,0.3491707215189873,0.3707341911764705,0.342088036036036,0.3707341911764705,92.190192926045,88.86016597510373,92.33101123595506,88.86016597510373,0.1408183099100455,0.0,623.0,241.0,7.0,3.0,445.0,241.0,5.0,3.0,4.0,7.0
2026-05-06,895be7e0cbc697eeffc1f4c9fb60613b,823550,New York Yankees,Texas Rangers,2026-05-05,0.575,0.425,4.75,3.97,8.72,3313,night,99.9024687603429,103.57709291603818,100.40355335705796,100.7319335315751,3.6273974,4.743812864739885,3.8770560428571423,4.308628387500001,0.292809125,0.3295333179190751,0.3010215803571428,0.3152180390625,90.5448051948052,87.94044585987261,90.03377192982457,87.85326086956522,-0.5110332649806253,-0.0871849903073922,616.0,628.0,7.0,7.0,456.0,460.0,5.0,5.0,1.0,6.0
2026-05-06,a524558d8c67f4e0116d63123b26e426,824683,Chicago Cubs,Cincinnati Reds,2026-05-05,0.636,0.364,5.01,3.59,8.6,17,night,101.11915434621277,95.72241140772348,100.00101210602448,99.64118253378533,4.776923892198583,6.323595715436242,4.607846998260869,6.295006266666665,0.3306224964539007,0.3814998590604027,0.3250607565217391,0.3805594166666666,89.38838475499092,86.83303730017762,89.33849557522124,86.47189054726367,-0.0498891797696785,-0.3611467529139531,551.0,563.0,7.0,7.0,452.0,402.0,5.0,5.0,7.0,6.0
2026-05-06,bd85ab302972ab39355e0e7baa91a454,823226,San Francisco Giants,San Diego Padres,2026-05-05,0.513,0.487,5.3,5.16,10.46,2395,day,99.75684240391604,98.48461352748495,100.68525839282869,100.35190504049078,6.165296709859154,1.8663239384615389,6.857619391452991,2.703054577777777,0.3762926549295774,0.2348790769230769,0.3990664273504273,0.2624031111111111,90.75040322580644,92.91384615384617,90.55926829268292,92.59545454545456,-0.1911349331235214,-0.3183916083915932,496.0,261.0,6.0,14.0,410.0,199.0,5.0,11.0,1.0,5.0
2026-05-06,de734f0e0ca302bf4a6c20844ec6127c,824198,Houston Astros,Los Angeles Dodgers,2026-05-05,0.288,0.712,3.53,5.72,9.25,2392,day,100.1224236643644,97.92998216980654,99.50723694085802,99.7855429132578,4.69668777142857,2.2638011748251747,5.159419973626372,2.458703916666666,0.3279831503759398,0.247953986013986,0.3432046043956043,0.2543652604166666,87.10578358208954,90.26396551724136,86.61301939058171,90.25424164524422,-0.4927641915078311,-0.0097238719971528,536.0,585.0,6.0,6.0,361.0,394.0,4.0,4.0,2.0,12.0
2026-05-06,de899b461227924fc52c2f9492e9fe56,825091,Arizona Diamondbacks,Pittsburgh Pirates,2026-05-05,0.419,0.581,3.31,4.15,7.46,15,night,100.58689795942696,103.93332568860215,100.22600095326796,100.30761591127076,5.430444847407408,1.995523920610688,5.148080705376345,1.9749282823529404,0.3521198962962963,0.2391290763358778,0.3428316021505376,0.238451588235294,88.44168190127971,92.79434306569344,88.58991825613079,92.59239631336403,0.148236354851079,-0.2019467523293912,547.0,548.0,6.0,7.0,367.0,434.0,4.0,5.0,0.0,1.0
2026-05-08,0f65cc2fecae3661933682f1525e806d,823466,Philadelphia Phillies,Colorado Rockies,2026-05-07,0.678,0.322,5.16,3.32,8.48,2681,night,96.39784003920684,99.6946476854623,98.15928332393472,99.22334365639296,3.3379451255813954,3.291845460645161,3.6566040455284576,2.7616953762711844,0.2832876686046511,0.2817712322580645,0.2937698699186992,0.2643320847457626,90.78467261904764,94.06134185303516,90.91835443037976,94.10769230769232,0.1336818113321243,0.0463504546571726,672.0,626.0,7.0,8.0,474.0,481.0,5.0,6.0,7.0,9.0
2026-05-08,3d859a4947ba1d62e82366cdebc59d78,823794,Milwaukee Brewers,New York Yankees,2026-05-07,0.44,0.56,3.08,3.71,6.79,32,night,100.04971320760838,97.09413601102436,98.60984331093292,98.09126691045688,2.9652453161290326,2.111100728,2.7608688909090917,1.92176512,0.2710278064516129,0.2429309449999999,0.2643048977272727,0.2367028,96.43432601880878,88.0479002624672,97.16160458452724,87.8703933747412,0.72727856571845,-0.1775068877259968,640.0,762.0,7.0,8.0,350.0,483.0,4.0,5.0,6.0,0.0
2026-05-08,40150285b21b0e818a39c0940eca75d7,824522,Cincinnati Reds,Houston Astros,2026-05-07,0.573,0.427,5.14,4.37,9.51,2602,night,,100.56018962871934,,99.68112540467448,,4.19148412781065,,3.6826639666666665,,0.3113646094674556,,0.2946271041666666,,89.71163522012579,,89.46684636118597,,-0.2447888589398132,,636.0,,7.0,,371.0,,4.0,0.0,10.0
2026-05-08,6aa50c59681975bb7beff37ab4f46bb5,824116,Kansas City Royals,Detroit Tigers,2026-05-07,0.542,0.458,4.07,3.63,7.7,7,night,98.21715760125667,99.62657272407093,98.34863081695164,100.89948448041297,4.147864869135804,3.2996049090909096,3.987503569747901,3.606159860869564,0.3099297654320988,0.2820264772727273,0.3046547226890757,0.2921105217391304,88.33011093502378,89.93752577319587,88.18869565217392,89.86848341232228,-0.1414152828498629,-0.0690423608735955,631.0,485.0,7.0,6.0,460.0,422.0,5.0,5.0,4.0,3.0
2026-05-08,739421696ed76f3cffaf12c7db22c763,824768,Boston Red Sox,Tampa Bay Rays,2026-05-07,0.535,0.465,4.21,3.84,8.05,3,night,99.4063498711241,99.02457253615331,98.00114202618629,100.65889916675796,5.622670442666667,4.460184782978723,5.699227112727274,4.460184782978723,0.3584431066666667,0.3202034468085106,0.3609614181818182,0.3202034468085106,88.1689935064935,89.26505681818182,88.47569444444444,89.26505681818182,0.3067009379509358,0.0,616.0,352.0,7.0,5.0,432.0,352.0,5.0,5.0,2.0,0.0
2026-05-08,79db8c5227deae699a7b9c123aaf6d3f,824607,Chicago White Sox,Seattle Mariners,2026-05-07,0.448,0.552,3.6,4.14,7.74,4,night,101.56405603172436,103.19424962839358,100.28341986987502,99.7401980960278,3.603189708387097,3.924250761783441,3.654776467256637,4.668835200000001,0.2920128193548387,0.3025740382165605,0.2937097522123894,0.327066947368421,88.9048,89.54374034003092,88.63518930957683,89.75555555555555,-0.2696106904231641,0.2118152155246235,625.0,647.0,7.0,7.0,449.0,468.0,5.0,5.0,8.0,12.0
2026-05-08,92c3e303601373eee3d37fbb858409af,822822,Toronto Blue Jays,Los Angeles Angels,2026-05-07,0.611,0.389,5.3,4.13,9.43,14,night,99.62846949788432,98.05134317305392,98.957357772734,99.1942156692936,3.129847180487803,2.860673379640718,3.279610062809918,3.126619213333333,0.2764423414634145,0.2675879401197604,0.2813687520661157,0.2763361583333333,91.60409604519774,87.66571856287425,91.65504761904762,87.49765458422175,0.0509515738498862,-0.1680639786524977,708.0,669.0,7.0,7.0,525.0,469.0,5.0,5.0,2.0,0.0
2026-05-08,9faf187505c47b0f5009cb7d7da5200c,823957,Los Angeles Dodgers,Atlanta Braves,2026-05-07,0.515,0.485,3.89,3.74,7.63,22,night,102.31978268650349,97.22255145967354,99.56072791422288,98.78574345541114,4.668129309090908,2.894748409756097,3.82067133483146,2.028381592079209,0.3270437272727272,0.2687088292682926,0.2991668202247191,0.2402099207920792,88.28968105065667,87.44596273291926,88.44857954545455,87.93725,0.1588984947978815,0.4912872670807502,534.0,644.0,6.0,7.0,352.0,400.0,4.0,4.0,3.0,1.0
2026-05-08,ad17b69505e6a7e7c4c06dc7f6b91ac6,823871,Miami Marlins,Washington Nationals,2026-05-07,0.534,0.466,4.3,3.94,8.24,4169,night,,94.81823875732876,,98.72322251488826,,4.767833837037037,,4.238477284033612,,0.3303234814814814,,0.3129104369747899,,85.7564263322884,,85.64507658643326,,-0.1113497458551364,,639.0,,7.0,,457.0,,5.0,2.0,3.0
2026-05-08,bb96582815dabc42936e794a19c74217,825088,Arizona Diamondbacks,New York Mets,2026-05-07,0.48,0.52,4.04,4.24,8.28,15,night,96.92779079211262,100.13804808530456,99.75727502552256,99.37622518112616,6.013828342857144,2.1279712209150325,4.708663840000002,2.142377214285713,0.3713101428571428,0.2434858954248366,0.3283771,0.2439597767857142,92.7257299270073,91.135,93.227012987013,91.29416846652268,0.5012830600057043,0.1591684665226722,553.0,640.0,7.0,7.0,390.0,463.0,5.0,5.0,1.0,3.0
2026-05-08,d03f5e26dab4993281752b81c816fe4b,822904,Texas Rangers,Chicago Cubs,2026-05-07,0.459,0.541,4.39,4.82,9.21,5325,night,102.17922274644548,100.24907315757328,99.39906041608536,100.02017312806612,5.183493117460318,2.833461119999999,5.5105540660194166,2.846607015384616,0.3439964841269841,0.2666927999999999,0.354755067961165,0.2671252307692308,89.90947368421052,92.87506234413964,89.82911392405063,92.78384615384616,-0.0803597601598937,-0.091216190293494,477.0,401.0,6.0,12.0,397.0,260.0,5.0,9.0,1.0,7.0
2026-05-08,d0f880a5482c5178286681a63048600f,824443,Cleveland Guardians,Minnesota Twins,2026-05-07,0.598,0.402,4.33,3.3,7.63,5,night,99.52298167855344,95.96275448438024,98.4222916046498,97.44274009292852,2.9177393128205136,3.710378414545456,2.8517632827586192,3.710378414545456,0.269465108974359,0.2955387636363636,0.2672948448275861,0.2955387636363636,88.95571658615137,89.6785992217899,89.12665198237886,89.6785992217899,0.1709353962274917,0.0,622.0,258.0,7.0,3.0,455.0,258.0,5.0,3.0,6.0,4.0
2026-05-09,07fcb9aa4b08eff491227a6d817d08a7,823869,Miami Marlins,Washington Nationals,2026-05-08,0.613,0.387,4.65,3.47,8.12,4169,day,102.11335211778072,89.22600738952973,100.3931287283209,97.9868682809996,3.527389641558442,4.31112095,3.9930044560747686,3.618270482051282,0.2895193961038961,0.31530003125,0.3048356728971963,0.2925088974358974,87.72800687285223,87.03478260869565,87.65865384615384,86.93221476510067,-0.0693530266983941,-0.1025678435949828,583.0,264.0,7.0,14.0,417.0,156.0,5.0,10.0,8.0,7.0
2026-05-09,0d5568f7e3f7c4adba722775d2895494,822905,Texas Rangers,Chicago Cubs,2026-05-08,0.432,0.568,3.8,4.51,8.31,5325,night,100.8818069319619,102.58240540809211,99.80995334090836,99.75289121334802,5.208924497560977,4.555517581176471,6.301065746666668,5.262169267692308,0.3448330426829268,0.323339394117647,0.3807587416666667,0.3465845153846154,92.19601226993863,91.56546310832024,92.4562105263158,91.36630434782607,0.2601982563771372,-0.1991587604941571,652.0,637.0,7.0,7.0,475.0,460.0,5.0,5.0,6.0,0.0
2026-05-09,3d093f3fea09b2f77b6ccf058d9061ea,823468,Philadelphia Phillies,Colorado Rockies,2026-05-08,0.645,0.355,5.25,3.74,8.99,2681,night,101.00618984223676,92.91132671391703,99.7967263259011,98.98505822294186,4.759738086956522,4.941535301818182,4.885300835164837,6.049038511627908,0.3300571739130434,0.3360373454545454,0.3341875274725275,0.3724683720930232,86.21015625,86.99344262295081,86.1618918918919,86.39322033898306,-0.0482643581080992,-0.6002222839677529,640.0,427.0,7.0,5.0,370.0,177.0,4.0,2.0,9.0,3.0
2026-05-09,4cb11bc70bb01deb01ccc535f614ba59,824523,Cincinnati Reds,Houston Astros,2026-05-08,0.559,0.441,4.93,4.31,9.24,2602,day,99.59075059698527,99.08652164152168,99.3862500965033,98.22922121939324,3.0944737548387096,5.937525417821778,3.536098902654869,5.937525417821783,0.2752787419354838,0.3688001782178216,0.2898058849557522,0.3688001782178218,94.73401898734176,84.07836411609499,94.58843683083512,84.07836411609499,-0.1455821565066486,0.0,632.0,379.0,7.0,4.0,467.0,379.0,5.0,4.0,3.0,1.0
2026-05-09,4e0f5d6412cdfd2b0ade4fee11642753,823955,Los Angeles Dodgers,Atlanta Braves,2026-05-08,0.678,0.322,5.26,3.42,8.68,22,night,,99.28685126915214,,96.73595147714988,,6.202679999999999,,6.202679999999999,,0.3775223684210526,,0.3775223684210526,,87.74137931034483,,87.74137931034483,,0.0,,87.0,,1.0,,87.0,,1.0,2.0,7.0
2026-05-09,54ac0c67d3a1921cfede4e125572526e,823224,San Francisco Giants,Pittsburgh Pirates,2026-05-08,0.468,0.532,3.56,3.91,7.47,2395,night,98.5802034051068,99.52863627707012,100.31760568072444,99.74403249337566,2.5910752203821668,2.6252809128834347,2.9225983858407085,2.744787566101695,0.2587195796178344,0.2598447668711656,0.2696249469026548,0.263775906779661,86.72015151515151,92.1794701986755,86.46289308176101,92.243488372093,-0.2572584333905041,0.0640181734175087,660.0,604.0,7.0,7.0,477.0,430.0,5.0,5.0,3.0,13.0
2026-05-09,5e7a25171efa4aba6c2670c7d93dbde3,825089,Arizona Diamondbacks,New York Mets,2026-05-08,0.478,0.522,4.12,4.34,8.46,15,day,101.05286180261434,100.06665147125402,99.0292402777434,100.30177677809822,9.496280166666669,4.109954695238094,9.496280166666669,4.317269485714285,0.4858644791666666,0.3086827202380952,0.4858644791666666,0.3155022857142857,89.01671018276762,89.27428571428572,89.01671018276762,89.1288888888889,0.0,-0.1453968253968298,385.0,630.0,4.0,7.0,385.0,450.0,4.0,5.0,2.0,1.0
2026-05-09,6c26284a3ba72def6e7e0c9db9893fc8,824606,Chicago White Sox,Seattle Mariners,2026-05-08,0.413,0.587,4.01,4.93,8.94,4,night,97.6486687454466,102.27869931363531,97.8331218385956,100.29203665775108,7.331502297872342,6.0752044679245305,7.076029803921571,7.1668203831932775,0.4146546808510639,0.3733290943396227,0.4062509803921569,0.409237512605042,90.54266886326197,91.60211800302572,90.66150341685648,91.58132780082988,0.1188345535945387,-0.0207902021958545,607.0,661.0,7.0,7.0,439.0,482.0,5.0,5.0,6.0,1.0
2026-05-09,6dce302dd60dfcdf0b0f75b0c7526958,822820,Toronto Blue Jays,Los Angeles Angels,2026-05-08,0.644,0.356,5.75,4.24,9.99,14,day,102.77426144939592,98.04831417394884,98.70045115213732,99.50208319998806,0.8108297999999996,4.802248711111111,0.8108298000000009,4.571837155555556,0.2001588749999999,0.3314555497076023,0.200158875,0.3238762222222222,88.6448717948718,92.49454545454546,88.6448717948718,92.41125,0.0,-0.0832954545454498,156.0,661.0,2.0,7.0,156.0,480.0,2.0,5.0,14.0,1.0
2026-05-09,9fd60ef171dd7d6b753c07fe32aa37f6,824444,Cleveland Guardians,Minnesota Twins,2026-05-08,0.552,0.448,4.05,3.51,7.56,5,night,99.58241526490296,99.19118344162824,100.28267915971328,100.90193519949936,4.449680372093025,3.2754218191082813,4.098702666666666,3.2933001333333336,0.3198579069767442,0.2812309808917198,0.3083125877192982,0.2818190833333333,87.19336219336219,88.06562009419153,86.90726872246697,87.56363636363636,-0.2860934708952243,-0.5019837305551675,693.0,637.0,8.0,8.0,454.0,374.0,5.0,5.0,1.0,2.0
2026-05-09,bf49c6516b601ce34a25f268cb202250,823792,Milwaukee Brewers,New York Yankees,2026-05-08,0.43,0.57,3.2,3.94,7.14,32,night,100.7140777531202,100.91308088995602,98.74097021765066,99.71189143292376,3.5846071200000007,2.709726533333335,3.574756577215189,3.7029136260162594,0.29140155,0.2626225833333334,0.2910775189873417,0.2952932113821138,90.09267822736032,95.49580924855492,89.99473684210527,95.73232104121476,-0.0979413852550408,0.2365117926598259,519.0,695.0,6.0,8.0,342.0,463.0,4.0,5.0,4.0,3.0
2026-05-09,dd95987c051582f99dbe07d5424b2a03,824115,Kansas City Royals,Detroit Tigers,2026-05-08,0.538,0.462,4.22,3.83,8.05,7,night,99.2088509400768,100.48102325655566,100.60966793947554,99.31112800630996,4.648960998843931,3.087478545454545,4.739002393700786,3.087478545454545,0.3264131907514451,0.2750486363636363,0.3293750787401574,0.2750486363636363,87.02875,88.72647058823529,86.9032751091703,88.72647058823529,-0.1254748908297074,0.0,640.0,170.0,7.0,7.0,458.0,170.0,5.0,7.0,5.0,1.0
2026-05-10,1a0f51cf52137e602d477a383aededcd,825085,Arizona Diamondbacks,New York Mets,2026-05-09,0.519,0.481,4.6,4.39,8.99,15,day,100.03069176767885,94.865892077432,99.26949322053474,100.4615504390654,5.05478944378698,3.019310330434783,6.043482612244896,2.878666933333334,0.3397628106508875,0.2728062608695652,0.3722856122448978,0.2681798333333333,87.92167938931297,93.23483146067416,88.16692708333333,93.3563829787234,0.2452476940203638,0.1215515180492445,656.0,268.0,7.0,16.0,384.0,189.0,4.0,10.0,5.0,1.0
2026-05-10,1a85cdf5d7c53f361d8dd4b822af8f09,824113,Kansas City Royals,Detroit Tigers,2026-05-09,0.529,0.471,4.05,3.75,7.8,7,night,99.19384494740984,99.42877457597848,99.30871806984914,100.10650799033014,6.432034055555556,2.5464462608695646,7.21829176,2.5464462608695646,0.3850669097222222,0.2572515217391304,0.4109306499999999,0.2572515217391304,86.81940594059407,92.94090909090907,86.92391304347827,92.94090909090907,0.1045071028841988,0.0,505.0,88.0,6.0,4.0,322.0,88.0,4.0,4.0,3.0,6.0
2026-05-10,24f0fb743655b2176ff9d2f1d17bc2d0,823221,San Francisco Giants,Pittsburgh Pirates,2026-05-09,0.516,0.484,4.08,3.91,7.99,2395,day,100.46283069884286,102.32467718280569,100.58992528795804,98.60857208861894,5.022856102564103,5.4216234,4.38977504347826,5.030858185714287,0.3387123717948718,0.3518297171052631,0.3178873369565217,0.3389755982142857,89.18481421647819,94.80583333333334,89.23418079096045,94.03830275229356,0.0493665744822635,-0.7675305810397646,619.0,602.0,7.0,7.0,354.0,438.0,4.0,5.0,7.0,6.0
2026-05-10,2f41717fcce350329e8ac46662be3d88,823868,Miami Marlins,Washington Nationals,2026-05-09,0.572,0.428,4.92,4.16,9.08,4169,day,100.88054803413424,101.20109623940168,100.48655799371208,98.89998097947856,3.6939772697247695,4.089546375757574,5.8646037575757575,3.772922236893204,0.2949992522935779,0.3080113939393938,0.3664014393939394,0.2975961262135922,92.09574742268042,91.16958525345622,92.08699029126214,91.6221105527638,-0.0087571314182781,0.4525252993075952,776.0,652.0,8.0,8.0,515.0,399.0,5.0,5.0,5.0,2.0
2026-05-10,3751eb6375883244bf07ebaa76d74e35,824520,Cincinnati Reds,Houston Astros,2026-05-09,0.543,0.457,5.05,4.6,9.65,2602,day,96.1643993084356,99.7488948018099,97.79138250249224,99.9716458344213,5.643275236994219,3.4728297528089884,6.3813040754717,3.8813197333333354,0.3591208959537572,0.2877246629213483,0.3833981603773585,0.3011618333333333,87.23954480796586,89.15807365439093,86.80090702947845,88.47892561983471,-0.4386377784874042,-0.6791480345562206,703.0,353.0,8.0,14.0,441.0,242.0,5.0,9.0,5.0,0.0
2026-05-10,4d2a59061aec314f7265432aacbe8df1,824440,Cleveland Guardians,Minnesota Twins,2026-05-09,0.623,0.377,4.29,3.0,7.29,5,day,100.14299098614308,100.04810407142504,99.9502016023781,100.5321224425288,4.620922408080809,3.5499905555555564,5.0019430595419845,3.5499905555555564,0.3254908686868687,0.2902628472222222,0.3380244427480915,0.2902628472222222,90.39683195592288,89.56404109589042,89.90355555555556,89.56404109589042,-0.4932764003673213,0.0,757.0,292.0,8.0,8.0,481.0,292.0,5.0,8.0,4.0,5.0
2026-05-10,6dd9cd4491079d3cedf1f7d3ff85b358,823463,Philadelphia Phillies,Colorado Rockies,2026-05-09,0.689,0.311,4.63,2.7,7.33,2681,day,101.38580893738929,100.99818736690295,98.68890955690878,100.29003696512352,3.2353249461538462,6.42992651655629,3.1637621064748203,7.183168290909093,0.2799120048076923,0.3849975827814569,0.2775579640287769,0.4097752727272727,90.07265415549595,88.33965217391305,90.05936170212766,88.06423529411765,-0.013292453368308,-0.2754168797954008,746.0,578.0,8.0,7.0,470.0,427.0,5.0,5.0,6.0,0.0
2026-05-10,73c2cde50707b32c9767a0a8fbb2e7d2,824765,Boston Red Sox,Tampa Bay Rays,2026-05-09,0.484,0.516,3.81,3.97,7.78,3,day,98.27336240339228,99.00418520067336,96.77206041327808,101.13897474250447,1.6120160716417915,4.228794251497007,1.6120160716417915,4.636663219512195,0.2265136865671642,0.3125919161676647,0.2265136865671642,0.3260086585365853,92.65,86.8547619047619,92.65,86.92840095465394,0.0,0.0736390498920371,244.0,589.0,3.0,7.0,244.0,420.0,3.0,5.0,1.0,4.0
2026-05-10,9bfd5fd962a5ede4a98e0c595c9db46f,822819,Toronto Blue Jays,Los Angeles Angels,2026-05-09,0.552,0.448,4.75,4.21,8.96,14,day,97.44123456141592,101.17672034878564,100.17089058359056,99.95314704078471,3.856508266666669,4.19686749726776,2.15111184,4.928988,0.3003456666666667,0.311541693989071,0.2442470999999999,0.3356246052631579,91.02137931034484,93.39242021276596,90.99473684210528,93.58481012658228,-0.026642468239558,0.1923899138162994,290.0,756.0,11.0,8.0,190.0,474.0,7.0,5.0,1.0,6.0
2026-05-10,ab56a10bb0c4a672e1d846d67e7f703e,823954,Los Angeles Dodgers,Atlanta Braves,2026-05-09,0.636,0.364,4.99,3.57,8.56,22,day,95.677221041951,99.36135977945852,99.07111882604153,99.21377159962246,4.571891837762237,2.882284585567009,4.580125836190476,3.4258604190476185,0.3238780209790209,0.2682988350515463,0.3241488761904761,0.286179619047619,89.20116054158608,88.26599999999999,88.78390501319261,88.53655303030304,-0.4172555283934684,0.2705530303030485,518.0,700.0,6.0,8.0,380.0,528.0,4.0,6.0,2.0,7.0
2026-05-10,d58ee5722b0d27c98714b46a090df16f,824605,Chicago White Sox,Seattle Mariners,2026-05-09,0.426,0.574,3.62,4.39,8.01,4,day,100.02479790970236,101.29782661686612,100.82339189103902,100.45466874518202,4.572846731360944,5.148265504864866,4.3374699904,6.847257003389832,0.3239094319526626,0.3428376810810811,0.316166776,0.3987255593220339,90.0579617834395,88.07363387978143,90.0538802660754,88.28725274725274,-0.0040815173640993,0.2136188674713111,628.0,732.0,7.0,8.0,451.0,455.0,5.0,5.0,2.0,1.0
2026-05-10,e254b4d802742c85bc156989d1b71346,823793,Milwaukee Brewers,New York Yankees,2026-05-09,0.45,0.55,3.62,4.14,7.76,32,day,97.9429003779272,,100.49145399971556,,0.5149554666666676,,-0.5301523809523809,,0.1904261666666666,,0.156047619047619,,88.50990990990991,,88.11447368421052,,-0.3954362256993846,,111.0,,2.0,,76.0,,1.0,,4.0,3.0
2026-05-10,f39e9272c26acb799cf16afa62e26316,822902,Texas Rangers,Chicago Cubs,2026-05-09,0.499,0.501,3.62,3.63,7.25,5325,day,102.62027167182194,99.0222565666006,100.73882952935706,100.18744689964667,3.7038942818791942,4.292285428220859,3.896949857142857,3.9915002756302527,0.2953254697986577,0.3146804417177914,0.3016759821428571,0.3047861932773109,93.23778501628664,85.93938461538461,93.03610503282276,85.94585062240664,-0.2016799834638902,0.006466007022027,618.0,654.0,7.0,7.0,461.0,482.0,5.0,5.0,3.0,0.0
2026-05-11,5469c15e3925b64e5437f4ebe23e9b60,824441,Cleveland Guardians,Los Angeles Angels,2026-05-10,0.621,0.379,4.72,3.45,8.17,5,night,95.2342627873109,98.54085003681269,97.54890769925748,97.63142861747566,4.383804348466256,3.992207111111109,5.644359813592233,4.009305358490567,0.3176909325153373,0.3048094444444443,0.359156572815534,0.3053718867924528,85.54015151515152,81.8,85.38847117794487,81.65530973451327,-0.1516803372066562,-0.1446902654867301,660.0,395.0,8.0,15.0,399.0,226.0,5.0,10.0,7.0,2.0
2026-05-11,80622319ceec1faf47baaee869656e13,824199,Houston Astros,Seattle Mariners,2026-05-10,0.475,0.525,3.82,4.08,7.9,2392,night,100.75928848414378,99.86668031482026,99.5552727501423,101.08172516853593,3.550514941935484,2.8180657812807874,3.550514941935484,2.6761149292307693,0.2902800967741935,0.2661863743842364,0.2902800967741935,0.2615169384615384,90.20708661417324,91.8391780821918,90.20708661417324,91.53080260303688,0.0,-0.3083754791549182,382.0,731.0,4.0,8.0,382.0,461.0,4.0,5.0,1.0,3.0
2026-05-11,875a5a258588aff680ae69335167dec2,823953,Los Angeles Dodgers,San Francisco Giants,2026-05-10,0.604,0.396,4.95,3.86,8.81,22,night,102.36204726284237,98.7086706024334,98.26545856963357,101.0915464787506,5.992261942857143,2.890562200000001,6.340424929032256,2.890562200000001,0.3706007218045112,0.268571125,0.3820534516129031,0.268571125,91.11896869244936,91.58024691358024,91.08293333333332,91.58024691358024,-0.0360353591160276,0.0,543.0,81.0,6.0,1.0,375.0,81.0,4.0,1.0,3.0,9.0
2026-05-11,8ca76871aa74f5f88b3dba57c6e6e48c,822818,Toronto Blue Jays,Tampa Bay Rays,2026-05-10,0.498,0.502,3.3,3.32,6.62,14,night,101.25744812036824,99.9271721856947,100.47084459847716,100.35405219146254,3.60862500546448,3.407311455782311,4.875672066666667,3.337417943925233,0.2921916120218579,0.2855694557823128,0.3338707916666666,0.2832703271028037,89.14958333333333,92.2017361111111,89.3290948275862,92.05410628019324,0.1795114942528783,-0.1476298309178645,720.0,576.0,8.0,7.0,464.0,414.0,5.0,5.0,5.0,8.0
2026-05-11,a96772c4a288f0b16b88697b8dfdd837,824844,Baltimore Orioles,New York Yankees,2026-05-10,0.355,0.645,3.28,4.81,8.09,2,night,101.6055630156796,99.81791003887407,100.73329908733928,99.0802820836563,5.116680774193548,5.0282579487179495,5.5957064533333325,4.704688988764044,0.3417987096774193,0.3388900641025641,0.3575561333333333,0.3282463483146067,89.12215568862275,89.53714285714285,89.04962686567164,88.82767123287671,-0.0725288229511136,-0.7094716242661434,334.0,631.0,4.0,7.0,268.0,365.0,3.0,4.0,3.0,2.0
2026-05-11,aead05342952ab70ff6c1a772b4295d4,822901,Texas Rangers,Arizona Diamondbacks,2026-05-10,0.606,0.394,4.4,3.29,7.69,5325,night,99.61480068141668,100.64483951060686,100.89418134795336,100.17165528211726,4.5969555096774215,5.429944335802468,5.380277600000002,5.000216000000003,0.3247024838709678,0.3521034320987654,0.3504696578947369,0.3379676315789474,86.41272727272727,88.34984375,86.25594405594406,88.39482288828339,-0.1567832167832108,0.0449791382833808,224.0,640.0,15.0,7.0,147.0,367.0,9.0,4.0,0.0,1.0
2026-05-12,a0929cf66d445eec19f118010165e95c,823951,Los Angeles Dodgers,San Francisco Giants,2026-05-11,0.712,0.288,5.25,3.07,8.32,22,night,101.58578176673872,99.28231199135917,100.90794803884717,100.7066206724404,4.580706663529413,5.827068273170731,4.966455456310681,6.281282926126124,0.3241679823529412,0.3651667195121951,0.3368570873786408,0.3801079909909909,90.55817091454271,91.06105263157896,90.84201030927834,91.05721518987342,0.2838393947356081,-0.003837441705528,667.0,570.0,7.0,7.0,388.0,395.0,4.0,5.0,2.0,6.0
2026-05-13,002b9c5446f97ad6146eb0b6da64db25,824763,Boston Red Sox,Philadelphia Phillies,2026-05-12,0.551,0.449,5.34,4.81,10.15,3,night,98.22267091154212,100.90690072703096,100.41851723164852,99.48655809629302,5.758853866666666,5.348225399999999,7.135421675471699,7.54315944347826,0.3629228245614034,0.3494153092105262,0.4082046603773585,0.4216170869565216,87.46608695652174,90.79935587761676,87.0334975369458,90.8108991825613,-0.4325894195759332,0.0115433049445528,460.0,621.0,6.0,7.0,203.0,367.0,3.0,4.0,3.0,1.0
2026-05-13,15bc05498c54cf822aedf7434d3a8bc6,823791,Milwaukee Brewers,San Diego Padres,2026-05-12,0.556,0.444,4.32,3.73,8.05,32,night,100.86296770905518,98.42462782258184,99.01458177940329,99.10602098036804,2.7373240225988704,4.058210341899438,2.4349980945454552,3.456375414285713,0.263530395480226,0.3069806033519552,0.2535854636363636,0.2871834017857142,96.61964529331514,88.48306010928961,97.31193693693692,88.32278481012658,0.6922916436217861,-0.1602752991630325,735.0,732.0,8.0,8.0,445.0,474.0,5.0,5.0,1.0,3.0
2026-05-13,18791fe8f5ff31b64bb2cff4f5af59a0,823710,Minnesota Twins,Miami Marlins,2026-05-12,0.45,0.55,4.07,4.59,8.66,3312,night,101.55912244710557,98.87213348897528,99.64351966909436,99.81095012843448,5.996666720903955,4.377200219428572,6.573540657142857,3.5876323522935776,0.370745615819209,0.3174736914285714,0.3897217321428571,0.2915010642201834,88.51041347626341,90.99926900584796,88.5816425120773,91.0192037470726,0.0712290358138858,0.0199347412246453,656.0,684.0,8.0,8.0,417.0,427.0,5.0,5.0,5.0,9.0
2026-05-13,198e79fae18be9cb416f60f6da4d7996,823386,Pittsburgh Pirates,Colorado Rockies,2026-05-12,0.641,0.359,4.69,3.2,7.89,31,night,101.15001002311028,95.25447849717148,99.52321335054891,98.49224320880325,4.209442950537635,4.8443145984,5.044272382905982,4.636903446728972,0.3119553602150537,0.332839296,0.3394168547008546,0.3260165607476635,89.01071428571429,85.81844262295083,89.21826086956521,85.50317073170733,0.2075465838509274,-0.3152718912434977,701.0,489.0,8.0,6.0,461.0,411.0,5.0,5.0,4.0,10.0
2026-05-13,1ae3a00c8d26de69bd61ddda56e9dba1,824928,Atlanta Braves,Chicago Cubs,2026-05-12,0.455,0.545,3.86,4.32,8.18,4705,night,99.73583702871916,101.63447282977864,99.42092965625588,98.27380381974062,5.421511632432432,3.180647229946524,5.421511632432432,3.3869037480314965,0.3518260405405405,0.2781133957219251,0.3518260405405405,0.2848981496062992,89.0021505376344,86.76738255033557,89.0021505376344,86.44649681528664,0.0,-0.3208857350489325,279.0,745.0,3.0,8.0,279.0,471.0,3.0,5.0,4.0,1.0
2026-05-13,21ff18fdfd96a55a86867197e834497e,824841,Baltimore Orioles,New York Yankees,2026-05-12,0.378,0.622,3.38,4.66,8.04,2,day,92.81002092579624,96.67493354270664,98.91791669963736,98.10605117268244,4.674307304918034,2.2698466265486728,5.317939842622952,2.4162543606557367,0.3272469508196721,0.2481528495575221,0.3484190737704918,0.2529688934426229,89.85449591280654,87.97581775700935,90.05232067510549,87.81490683229813,0.1978247622989499,-0.1609109247112172,735.0,856.0,8.0,9.0,475.0,483.0,5.0,5.0,7.0,0.0
2026-05-13,4546828df054a4ac1c7634c94b4c7012,824519,Cincinnati Reds,Washington Nationals,2026-05-12,0.611,0.389,5.22,4.05,9.27,2602,night,99.19719514415996,99.58729784362065,101.37690728496786,99.93397443562944,10.06050784,5.4102345909090905,10.06050784,5.212592642857143,0.5044246,0.3514550852272727,0.5044246,0.3449537053571428,90.31666666666666,87.00141043723555,90.31666666666666,86.42761020881672,0.0,-0.5738002284188326,78.0,709.0,1.0,8.0,78.0,431.0,1.0,5.0,7.0,8.0
2026-05-13,4d53bfb528444dbb7721172c9851e6c9,824603,Chicago White Sox,Kansas City Royals,2026-05-12,0.443,0.557,3.7,4.29,7.99,4,night,97.1943729107538,98.76240226768805,97.2038270557967,100.6121698962457,4.58248676923077,4.825367795918368,4.58248676923077,4.587481133858268,0.3242265384615385,0.3322160459183673,0.3242265384615385,0.3243908267716535,91.0322891566265,85.50382081686429,91.0322891566265,85.32484599589321,0.0,-0.1789748209710779,415.0,759.0,5.0,8.0,415.0,487.0,5.0,5.0,6.0,5.0
2026-05-13,4ea6eeeb6626c218d536f9bca6edbeae,822900,Texas Rangers,Arizona Diamondbacks,2026-05-12,0.475,0.525,4.13,4.39,8.52,5325,night,102.2436599458859,96.51692462917455,99.42439475258168,100.0392128890584,5.5251592,5.418445595092026,5.991193327999999,5.076277252525252,0.3552355,0.3517251840490797,0.3705655699999999,0.3404696464646464,89.88576512455516,92.93685847589424,89.52781954887217,93.60304568527918,-0.3579455756829901,0.6661872093849297,564.0,648.0,7.0,8.0,401.0,399.0,5.0,5.0,6.0,5.0
2026-05-13,67da7d89e932aa7075b0600f26224572,824438,Cleveland Guardians,Los Angeles Angels,2026-05-12,0.664,0.336,4.92,3.21,8.13,5,day,100.0062974352248,98.82639508603197,98.57418699819054,98.96351027648448,3.216102204444445,2.980727088172045,3.3279778666666666,3.2943616,0.2792796777777778,0.2715370752688172,0.282959798245614,0.281854,88.91312849162011,87.70117340286832,89.25591397849462,87.48760504201681,0.3427854868745044,-0.2135683608515108,717.0,768.0,8.0,8.0,466.0,476.0,5.0,5.0,4.0,2.0
2026-05-13,6ff5fdd2fde54dc43326a02792b3e79f,824195,Houston Astros,Seattle Mariners,2026-05-12,0.416,0.584,4.37,5.25,9.62,2392,night,99.74012832150125,,99.43664442202552,,4.849839632432429,,4.86855955862069,,0.3330210405405404,,0.3336368275862069,,86.98415841584159,,86.26164772727272,,-0.7225106885688746,,606.0,,7.0,,352.0,,4.0,,4.0,3.0
2026-05-13,7018d88c446b88b45928fc75ec91e83c,823952,Los Angeles Dodgers,San Francisco Giants,2026-05-12,0.666,0.334,4.19,2.46,6.65,22,night,101.89060037418449,100.30081137880592,99.58161665100708,97.35447437206687,1.889039266666665,4.508332314606741,1.6776773773195883,4.995739155963304,0.2356262916666666,0.3217872471910112,0.2286735979381443,0.3378203669724771,90.3153024911032,88.63971539456662,90.9934036939314,88.59812108559498,0.6781012028282021,-0.0415943089716392,562.0,773.0,6.0,8.0,379.0,479.0,4.0,5.0,4.0,0.0
2026-05-13,70e80bbf99890d3a610a98c21f3a7419,822815,Toronto Blue Jays,Tampa Bay Rays,2026-05-12,0.509,0.491,4.02,3.93,7.95,14,night,99.6995163277966,102.92784660042771,99.02661551518896,99.46550771748088,3.034455754497353,5.227226000000001,3.0187176325203264,4.6441043137254905,0.2733044656084655,0.3454350657894737,0.2727867642276423,0.326253431372549,91.57552795031056,92.4625786163522,91.53631178707224,92.63062200956938,-0.0392161632383221,0.1680433932171752,805.0,326.0,8.0,14.0,526.0,217.0,5.0,7.0,5.0,3.0
2026-05-13,ca6c0da9264577ed9bb23ff05ee77801,823631,New York Mets,Detroit Tigers,2026-05-12,0.503,0.497,4.38,4.36,8.74,3289,night,99.31343309429536,97.50480703913088,97.3486665783225,98.64215795701011,3.507742366666667,4.661067001036272,3.507742366666667,5.160065377391307,0.2888731041666666,0.326811414507772,0.2888731041666666,0.3432258347826087,91.6934673366834,87.99769452449569,91.6934673366834,87.75473441108545,0.0,-0.2429601134102341,199.0,694.0,3.0,8.0,199.0,433.0,3.0,5.0,3.0,2.0
2026-05-14,bc2f7272b3d5ef426608824387a95824,823950,Los Angeles Dodgers,San Francisco Giants,2026-05-13,0.631,0.369,4.56,3.19,7.75,22,night,103.36613109897954,98.98670042323192,99.6168745988294,100.49567695102331,4.511911400000001,2.4382765805714275,3.523077572413793,2.575625298113206,0.3219049802631579,0.2536933085714285,0.2893775517241379,0.258211358490566,88.31771336553946,86.57254641909815,88.23223140495868,86.1531380753138,-0.085481960580779,-0.4194083437843403,622.0,754.0,7.0,8.0,363.0,478.0,4.0,5.0,5.0,2.0
2026-05-15,0a103297db91d5bd1abf13d04b710c2a,824925,Atlanta Braves,Boston Red Sox,2026-05-14,0.536,0.464,4.21,3.83,8.04,4705,night,100.46547023863464,99.88726835941358,97.5832372283434,98.08061991933651,3.491456199999999,5.064583654545454,3.4914562000000005,4.807954073043478,0.2883373749999999,0.3400849886363636,0.288337375,0.3316432260869565,88.8741573033708,88.1939606741573,88.8741573033708,88.55814479638008,0.0,0.364184122222781,178.0,712.0,2.0,8.0,178.0,442.0,2.0,5.0,3.0,2.0
2026-05-15,19b80d07edae4ffcb25b42667963c877,824280,Detroit Tigers,Toronto Blue Jays,2026-05-14,0.488,0.512,3.96,4.09,8.05,2394,night,99.70060552900595,101.63457507898254,100.29632106020128,98.37855001715144,4.195879483870968,1.8852704,4.195879483870968,1.8852703999999991,0.3115091935483871,0.2355023157894736,0.3115091935483871,0.2355023157894736,92.84910714285716,88.6275720164609,92.84910714285716,88.6275720164609,0.0,0.0,112.0,243.0,6.0,3.0,112.0,243.0,6.0,3.0,3.0,2.0
2026-05-15,204926b2f2e00788f62385d3af31d828,824360,Colorado Rockies,Arizona Diamondbacks,2026-05-14,0.415,0.585,5.1,5.98,11.08,19,night,95.0228926577554,101.48838116453804,99.33251028357668,99.32619582639283,5.527031727407408,8.688031603305785,6.804250823529415,8.713852734693878,0.3552970962962963,0.4592773553719008,0.3973108823529412,0.4601267346938775,86.80272373540856,89.11837160751566,86.21969696969697,89.16921119592875,-0.583026765711594,0.0508395884130976,514.0,483.0,6.0,5.0,264.0,397.0,3.0,4.0,1.0,9.0
2026-05-15,2aee6b065d2ab7dd34a7bf34c50ecf64,822983,Tampa Bay Rays,Miami Marlins,2026-05-14,0.564,0.436,4.18,3.51,7.69,12,night,97.85284461994397,101.96257727048058,98.79152619812156,100.67307267158309,4.787362692682925,4.170360737777778,5.333626814814815,4.599327471428572,0.3309658780487804,0.3106697611111111,0.3489350925925926,0.3247805089285714,86.26432926829268,87.76893491124261,86.5889423076923,87.99221411192215,0.3246130393996225,0.2232792006795421,332.0,677.0,18.0,8.0,212.0,412.0,12.0,5.0,7.0,2.0
2026-05-15,36e963840422a477a4a60c1d4b1b2879,824601,Chicago White Sox,Chicago Cubs,2026-05-14,0.418,0.582,3.83,4.7,8.53,4,night,101.54476281430854,101.7918095994834,100.1034537142294,99.85519394275474,4.100637743820226,4.698550014659687,4.466817531034484,5.019395847619048,0.3083762415730337,0.3280444083769633,0.3204216293103448,0.3385985476190476,88.90185979971388,91.56331034482758,88.73317865429235,91.23266666666666,-0.1686811454215302,-0.330643678160925,699.0,725.0,8.0,8.0,431.0,450.0,5.0,5.0,5.0,10.0
2026-05-15,4323e1f1f88640843f73a6482a7730d5,824194,Houston Astros,Texas Rangers,2026-05-14,0.488,0.512,4.52,4.65,9.17,2392,night,99.44005498984652,101.1573931505043,98.38447842263642,99.51077734558766,5.691126283870965,4.9819429818181815,5.691126283870965,5.405920593548385,0.360694943548387,0.3373665454545454,0.360694943548387,0.3513131774193547,84.20190677966103,92.21722296395193,84.20190677966103,92.63841336116911,0.0,0.4211903972171882,472.0,749.0,5.0,8.0,472.0,479.0,5.0,5.0,2.0,0.0
2026-05-15,44a4350d4a8392d58e49e092bee941e9,822739,Washington Nationals,Baltimore Orioles,2026-05-14,0.542,0.458,4.83,4.38,9.21,3309,night,100.27270417727252,100.16925321376338,99.1043324387186,99.18246699874815,7.373893604790418,5.008073794923858,8.4783219009901,5.369427238095238,0.4160491317365269,0.3382261116751269,0.4523790099009901,0.3501127380952381,87.34133790737565,91.02180156657964,87.50871934604905,90.84582484725053,0.1673814386734022,-0.1759767193291139,583.0,774.0,8.0,8.0,367.0,499.0,5.0,5.0,3.0,2.0
2026-05-15,8a72d8b519cc92911419682fb63aaf67,824037,Los Angeles Angels,Los Angeles Dodgers,2026-05-14,0.351,0.649,4.03,5.59,9.62,1,night,97.25887365297451,99.30790731754456,99.26188191557908,98.8333185776276,5.33361097142857,2.911494787878787,4.855978487499999,3.864056,0.3489345714285713,0.2692596969696969,0.3332229765624999,0.300593947368421,92.48440860215052,92.36037037037036,92.25714285714284,92.7625850340136,-0.2272657450076707,0.4022146636432495,745.0,275.0,8.0,12.0,469.0,150.0,5.0,7.0,0.0,6.0
2026-05-15,919b933a4af691070848a940a7d07a84,823140,Seattle Mariners,San Diego Padres,2026-05-14,0.523,0.477,4.7,4.46,9.16,680,night,101.6239458545476,99.12508263968571,99.4866960573292,99.94220506375846,4.24327301420765,4.9957312088888886,5.2298022688524615,5.240777196396395,0.3130681912568305,0.3378201055555555,0.3455198114754099,0.3458808288288287,89.39122807017543,90.68713692946058,89.85464135021097,90.76323851203502,0.4634132800355388,0.076101582574438,741.0,723.0,8.0,8.0,474.0,457.0,5.0,5.0,0.0,2.0
2026-05-15,a051c6df269a83813b248ea222859c65,823384,Pittsburgh Pirates,Philadelphia Phillies,2026-05-14,0.62,0.38,4.96,3.7,8.66,31,night,99.63304792779591,100.82958225492376,99.94751071150328,100.05129127496896,2.537303644444444,4.672078469945356,2.8483828129032265,4.827266400000001,0.2569507777777777,0.3271736338797814,0.2671836451612903,0.3322785,92.26637426900584,86.00967302452315,92.4688221709007,85.52175066312998,0.2024479018948568,-0.4879223613931742,684.0,734.0,8.0,8.0,433.0,377.0,5.0,4.0,9.0,11.0
2026-05-15,afc970260745e8fb77f25865b9aa1d1e,823629,New York Mets,New York Yankees,2026-05-14,0.397,0.603,2.54,3.61,6.15,3289,night,99.95305090461424,100.20184031671972,100.08017154007987,99.81561490119472,4.069608941666666,2.408740179104477,4.170516706666666,3.193098446280993,0.3073555572916666,0.2527217164179104,0.3106748916666666,0.2785229752066116,89.38908594815825,95.57376425855512,89.39025423728813,95.78985200845666,0.0011682891298789,0.2160877499015328,733.0,792.0,8.0,9.0,472.0,474.0,5.0,5.0,2.0,5.0
2026-05-15,d5256fecb9779436e7900fb3f1b19363,824439,Cleveland Guardians,Cincinnati Reds,2026-05-14,0.58,0.42,4.26,3.42,7.68,5,night,99.89093748834452,96.39102384332568,100.1554383104351,98.01137807747176,4.117850746391752,5.10614268041237,3.2917773285714285,5.115107963302752,0.3089424587628865,0.34145206185567,0.2817689910714285,0.3417469724770642,87.31706700379267,87.2247461928934,86.96056644880174,86.72153846153847,-0.3565005549909301,-0.5032077313549337,791.0,788.0,9.0,9.0,459.0,455.0,5.0,5.0,6.0,7.0
2026-05-16,2638aded4f2e2359a902072c9d2fba22,823382,Pittsburgh Pirates,Philadelphia Phillies,2026-05-15,0.403,0.597,3.43,4.45,7.88,31,day,102.23857571735785,101.10421267598184,98.72479962387564,98.87373912393038,5.061631334104044,2.829048462978723,4.60862048,2.6834610057142863,0.3399878728323698,0.2665476468085106,0.3250862,0.2617585857142857,94.8570162481536,89.97090694935218,94.36635071090048,89.79601677148847,-0.4906655372531361,-0.1748901778637162,679.0,849.0,8.0,9.0,424.0,477.0,5.0,5.0,0.0,6.0
2026-05-16,4b228f8e92985dcf7be730bd8e8c2c5d,824600,Chicago White Sox,Chicago Cubs,2026-05-15,0.46,0.54,3.94,4.36,8.3,4,night,99.2197725896822,99.97272332979888,100.64178835634924,100.15184492201968,4.251063447120419,4.597979165405406,3.5643914842975213,4.511246372173913,0.3133244554973822,0.3247361567567567,0.2907365619834711,0.3218831043478261,90.07135061391541,85.9922972972973,90.03417721518987,86.04489361702127,-0.0371733987255424,0.0525963197239747,733.0,744.0,8.0,8.0,474.0,470.0,5.0,5.0,8.0,3.0
2026-05-16,58b1dff480365011b5d7ad2e1c40baae,824193,Houston Astros,Texas Rangers,2026-05-15,0.424,0.576,3.57,4.37,7.94,2392,night,101.28445434058033,101.99749984332188,99.83242844448507,100.82988347900924,3.96525773846154,3.171488138728324,4.783723466666667,3.41774739823009,0.3039229519230769,0.2778121098265896,0.3308461666666666,0.2859127433628319,88.94639423076923,93.29166666666669,88.0086274509804,93.01397379912665,-0.9377667797888308,-0.2776928675400256,416.0,712.0,15.0,8.0,255.0,459.0,8.0,5.0,4.0,1.0
2026-05-16,6b2d5ebb90ade419f4d5c59b95c1b301,824278,Detroit Tigers,Toronto Blue Jays,2026-05-15,0.53,0.47,4.34,4.03,8.37,2394,day,102.5656598278444,93.14612212641828,99.1393532656121,98.03692393316658,3.681018724999999,1.2792314920634924,2.1887370666666675,0.4599512727272739,0.2945729843749999,0.2155668253968254,0.2454847719298245,0.1886168181818182,89.62790697674419,87.2931899641577,89.87222222222223,86.62244897959184,0.2443152454780488,-0.6707409845658674,473.0,284.0,6.0,22.0,216.0,147.0,3.0,12.0,1.0,2.0
2026-05-16,8cb0cf3de3f70a1993a155d8d3cfef98,824435,Cleveland Guardians,Cincinnati Reds,2026-05-15,0.615,0.385,4.63,3.42,8.05,5,night,94.6440716046896,103.52067898957549,97.61241200136618,100.39530282118282,4.185180603208556,4.7025953666666656,4.811728271698113,5.289436551724138,0.3111572566844919,0.3281774791666666,0.3317673773584905,0.3474814655172413,85.66241699867199,86.82017094017094,85.35658536585365,87.02086956521738,-0.3058316328183394,0.2006986250464422,753.0,585.0,9.0,7.0,410.0,230.0,5.0,3.0,7.0,4.0
2026-05-16,a5e515bbcd25515bb500f052064aa31d,823706,Minnesota Twins,Milwaukee Brewers,2026-05-15,0.45,0.55,3.89,4.41,8.3,3312,night,95.9575565175683,96.9866094209225,97.6677542115768,100.87984028239492,3.5754824820512816,2.8015862857142864,3.5754824820512816,2.767396600000001,0.2911013974358974,0.2656442857142857,0.2911013974358974,0.264519625,89.70971428571428,88.1054054054054,89.70971428571428,87.81066666666666,0.0,-0.2947387387387437,351.0,185.0,4.0,3.0,351.0,150.0,4.0,2.0,1.0,2.0
2026-05-16,a6224f9c00c2799d9f58de009bf48393,824038,Los Angeles Angels,Los Angeles Dodgers,2026-05-15,0.407,0.593,3.7,4.68,8.38,1,night,100.90088259544478,96.7316166153965,99.99885751398756,98.95702178619224,4.086033094339622,4.44834061920904,5.080197491525424,4.524433066666667,0.3078958254716981,0.3198138361581921,0.3405986016949152,0.3223168771929824,93.24105263157897,89.29481361426257,93.17770700636942,88.96092544987147,-0.0633456252095356,-0.333888164391098,859.0,618.0,9.0,7.0,471.0,389.0,5.0,4.0,2.0,15.0
2026-05-16,c0881b4a195ada00f7db5d84c6cef8b7,822981,Tampa Bay Rays,Miami Marlins,2026-05-15,0.591,0.409,4.54,3.58,8.12,12,day,98.5029994066378,100.64936909928042,101.15796050110454,100.31367761460622,4.180600133333335,3.73487757355372,3.962563250793652,5.27141980952381,0.3110065833333333,0.2963446570247934,0.3038343174603174,0.3468888095238095,86.77799401197605,92.05236994219652,87.0502427184466,92.1218253968254,0.272248706470549,0.0694554546288657,669.0,865.0,8.0,9.0,413.0,504.0,5.0,5.0,5.0,10.0
2026-05-16,c53d7080fd560dbde65770d1a7facbfd,823627,New York Mets,New York Yankees,2026-05-15,0.435,0.565,3.84,4.52,8.36,3289,night,95.4202494243101,98.01350059405408,99.97741229486856,94.00073450546395,2.750853717073172,4.84864064,2.6557154769230777,4.84864064,0.2639754512195122,0.3329816,0.2608459038461538,0.3329816,93.27018633540372,91.41794871794872,93.65512195121951,91.41794871794872,0.3849356158157917,0.0,325.0,78.0,18.0,1.0,208.0,78.0,11.0,1.0,6.0,3.0
2026-05-16,ca5e359ff82548cecbaa7a8695e9fbf0,824924,Atlanta Braves,Boston Red Sox,2026-05-15,0.58,0.42,4.41,3.56,7.97,4705,night,99.20724333616158,98.86610062489152,99.09243480902944,97.54424906282696,3.004245674074074,1.572510195348837,3.6322057984000016,1.5725101953488374,0.2723107129629629,0.2252141511627906,0.292967296,0.2252141511627907,88.36449553001276,92.78892307692308,88.87368421052632,92.78892307692308,0.5091886805135601,0.0,784.0,325.0,9.0,4.0,457.0,325.0,5.0,4.0,2.0,3.0
2026-05-16,cc7b9980605dd66040b354031b4491c8,822737,Washington Nationals,Baltimore Orioles,2026-05-15,0.503,0.497,4.91,4.88,9.79,3309,day,101.0183102896426,100.34546539097454,98.86410008507085,99.61750352631606,4.517805759999999,5.382706753072625,3.9773607586206903,4.772364257627119,0.3220988736842105,0.35054956424581,0.3043210775862069,0.3304725084745762,90.8577747989276,84.58136557610241,91.01011235955056,84.57190265486726,0.1523375606229535,-0.0094629212351549,747.0,703.0,9.0,8.0,446.0,452.0,5.0,5.0,13.0,3.0
2026-05-16,d89740dbc48f3d782b0e473629494f6b,823139,Seattle Mariners,San Diego Padres,2026-05-15,0.602,0.398,4.36,3.29,7.65,680,day,101.29812270609008,101.4813196666284,100.57193840355464,99.42111832620029,4.736983913725489,5.23686426329114,6.623653649557525,5.889517531428573,0.329308681372549,0.3457521139240506,0.391370185840708,0.3672209714285714,88.15164835164835,88.24668769716088,88.28118161925602,88.74503464203232,0.1295332676076697,0.498346944871443,819.0,634.0,9.0,8.0,457.0,433.0,5.0,5.0,4.0,7.0
2026-05-16,e794b5b54765be45db1d4e7681c62e39,824359,Colorado Rockies,Arizona Diamondbacks,2026-05-15,0.435,0.565,5.01,5.7,10.71,19,day,99.63405064121952,99.7473396567646,100.28977366070986,99.3803887995308,6.861296924855489,4.967801039999999,7.618381599999999,5.34764453846154,0.3991873988439305,0.3369013499999999,0.4240914999999999,0.3493962019230769,88.25807926829269,88.03748344370861,87.96658823529413,88.17227979274611,-0.2914910329985645,0.1347963490375008,659.0,756.0,8.0,8.0,427.0,386.0,5.0,4.0,4.0,2.0
2026-05-17,0d9a62c64d2a238adaad12a20dcdbf30,824279,Detroit Tigers,Toronto Blue Jays,2026-05-16,0.453,0.547,3.6,4.09,7.69,2394,day,100.95783658459833,101.86960104942472,98.74917195121652,100.45046527862412,5.524334748603352,3.754662685990338,5.906653756521741,4.773235466666668,0.3552083798882681,0.2969954830917874,0.3677846630434783,0.3305011666666667,87.43447837150127,89.29987804878049,87.27199999999999,89.48244111349037,-0.1624783715012796,0.1825630647098819,786.0,820.0,9.0,9.0,425.0,467.0,5.0,5.0,1.0,4.0
2026-05-17,0fb188572539c3bf9558877136a1c260,823708,Minnesota Twins,Milwaukee Brewers,2026-05-16,0.423,0.577,3.27,4.07,7.34,3312,day,103.4462342210221,,99.21922783099303,,3.3302456727272696,,2.3734526838709664,,0.2830343971291865,,0.251560943548387,,83.98492268041238,,83.94121621621622,,-0.0437064641961626,,776.0,,9.0,,444.0,,5.0,,5.0,4.0
2026-05-17,116182ae8e8405948f5510df38eec4e8,824599,Chicago White Sox,Chicago Cubs,2026-05-16,0.402,0.598,3.84,4.87,8.71,4,day,98.5230494415911,102.03800186574858,100.3431582144496,99.97787529291112,4.531624327272727,5.677051485405407,5.274158071428571,6.666145641025638,0.3225534318181818,0.3602319567567568,0.3469788839285714,0.3927679487179486,87.53407407407407,89.29547325102881,87.23962264150943,88.90818965517242,-0.2944514325646423,-0.3872835958563883,675.0,729.0,8.0,9.0,424.0,464.0,5.0,5.0,9.0,8.0
2026-05-17,2012acf4d020399d425e3b100b9eb0b8,824436,Cleveland Guardians,Cincinnati Reds,2026-05-16,0.633,0.367,4.74,3.34,8.08,5,day,99.54553933768916,95.36127019569903,99.92155145125976,99.60730008654264,4.643692892444442,6.247879489005236,4.787822623529411,6.545181695412845,0.3262398977777777,0.3790091937172775,0.3309810073529411,0.388788871559633,90.38307134220072,86.67111716621253,89.6825327510917,86.24282352941175,-0.700538591109023,-0.4282936368007739,858.0,734.0,9.0,9.0,489.0,425.0,5.0,5.0,10.0,3.0
2026-05-17,36d5609a0cc871bc0455884cbbeb54a7,822738,Washington Nationals,Baltimore Orioles,2026-05-16,0.508,0.492,4.85,4.78,9.63,3309,day,101.59766692432812,100.74541376309936,101.04187770616662,100.0010446771188,5.464313408805031,4.622557426086956,4.494074126582279,4.901245113402061,0.3532339937106918,0.325544652173913,0.3213182278481012,0.3347120103092783,87.66891025641026,89.22482598607888,88.59434523809524,89.19013698630137,0.9254349816849868,-0.034688999777515,624.0,431.0,9.0,5.0,336.0,365.0,5.0,4.0,3.0,7.0
2026-05-17,4a7ed5c0f59bf539dffd13712f0d22e3,823138,Seattle Mariners,San Diego Padres,2026-05-16,0.525,0.475,4.03,3.77,7.8,680,day,99.38059177147272,,101.12312467508934,,2.9924331044247783,,2.9545903612903244,,0.2719221415929203,,0.2706773145161291,,91.91954161640533,,91.7761388286334,,-0.1434027877719046,,830.0,,9.0,,461.0,,5.0,,3.0,8.0
2026-05-17,8669868fab8f7f8ccddf468e6ac88d5b,823628,New York Mets,New York Yankees,2026-05-16,0.451,0.549,3.38,3.89,7.27,3289,day,103.7028560001156,99.7991668912303,99.53049130410626,97.80355758553505,3.835284218181818,7.249897672727273,3.67675038677686,7.249897672727273,0.2996475071770335,0.4119703181818182,0.2944325785123967,0.4119703181818182,89.2978622327791,90.43908045977012,90.02857142857142,90.43908045977012,0.7307091957923291,0.0,842.0,174.0,9.0,2.0,469.0,174.0,5.0,2.0,7.0,6.0
2026-05-17,8732923778f83df576e551800c5f68d9,824358,Colorado Rockies,Arizona Diamondbacks,2026-05-16,0.418,0.582,4.58,5.45,10.03,19,day,99.7154970650834,100.53578991335704,99.65203804123576,100.22947393407756,6.055082735238097,5.176419817391304,5.866967316239317,4.682314393162394,0.3726671952380953,0.3437638097826087,0.366479188034188,0.3275103418803419,87.94243964421855,88.16296296296296,88.34229885057472,88.0872807017544,0.3998592063561688,-0.0756822612085699,787.0,729.0,10.0,8.0,435.0,456.0,5.0,5.0,6.0,8.0
2026-05-17,bfb9f1713a1e1d5af34925cdf9b13a7e,824923,Atlanta Braves,Boston Red Sox,2026-05-16,0.592,0.408,4.41,3.44,7.85,4705,day,99.27954298406544,98.79321236729471,98.77885865423464,99.8943389409458,4.843100248587569,6.445341922651938,6.280607910112359,6.773321018181821,0.3327993502824858,0.3855046685082874,0.3800857865168539,0.3962934545454546,89.56941896024465,90.4139941690962,89.3513432835821,90.87294685990338,-0.2180756766625506,0.4589526908071661,656.0,686.0,8.0,8.0,337.0,414.0,4.0,5.0,8.0,1.0
2026-05-17,c4ad12dbd84b0112939a27411ee0bf4d,824192,Houston Astros,Texas Rangers,2026-05-16,0.45,0.55,3.68,4.2,7.88,2392,day,101.71833518336308,104.08265209896032,99.74500541346411,100.83197350089704,3.7056112800000007,4.774715592000001,3.7056112800000007,5.325496869902912,0.29538195,0.330549855,0.29538195,0.3486676601941747,89.91928721174004,87.7241426611797,89.91928721174004,87.50911458333333,0.0,-0.2150280778463695,478.0,729.0,5.0,8.0,478.0,384.0,5.0,4.0,0.0,8.0
2026-05-17,d125d71e5b57f505a63c57086e78bfea,823381,Pittsburgh Pirates,Philadelphia Phillies,2026-05-16,0.537,0.463,3.36,2.97,6.33,31,day,103.3942171718614,101.44920738847664,100.35086733806632,99.87477806710667,1.3449963191256835,3.78856890212766,0.7067774126126136,3.78856890212766,0.2177301420765027,0.2981108191489361,0.1967360990990991,0.2981108191489361,92.69798115746973,89.76446280991736,92.82202643171806,89.76446280991736,0.1240452742483313,0.0,743.0,363.0,9.0,4.0,454.0,363.0,5.0,4.0,0.0,6.0
2026-05-17,dd1591797593585fc5c6ed59ebb7a738,824034,Los Angeles Angels,Los Angeles Dodgers,2026-05-16,0.413,0.587,4.35,5.27,9.62,1,day,,102.67962152778856,,98.4419663477938,,5.935296123076924,,6.118088885106383,,0.3687268461538461,,0.3747397659574468,,91.4223974763407,,92.06102150537632,,0.6386240290356255,,634.0,,7.0,,372.0,,4.0,1.0,10.0
2026-05-18,0659b2fd47b200a2c0fe612b8a32e5b1,823465,Philadelphia Phillies,Cincinnati Reds,2026-05-17,0.552,0.448,5.22,4.68,9.9,2681,night,100.90920467573186,99.65183897389215,99.5097050703604,99.138285414976,5.338252668235295,8.081649795121953,7.168576014545454,8.081649795121953,0.3490872588235294,0.4393305853658537,0.4092952636363636,0.4393305853658537,90.69443631039532,89.64909090909092,90.64219114219114,89.64909090909092,-0.0522451682041804,0.0,683.0,165.0,8.0,2.0,429.0,165.0,5.0,2.0,5.0,4.0
2026-05-18,13038bc4537d05af00935232c7a96b21,823549,New York Yankees,Toronto Blue Jays,2026-05-17,0.648,0.352,5.07,3.53,8.6,3313,night,100.46864975711532,92.2330676959897,98.97090312081514,99.10332992077704,4.582088446927374,6.292508295890412,3.0926576,5.795527335849057,0.3242134357541899,0.3804772465753425,0.275219,0.3641291886792452,89.37017783857729,84.91799628942486,88.7986559139785,84.88026666666666,-0.5715219245987981,-0.0377296227582064,732.0,539.0,8.0,7.0,372.0,375.0,4.0,5.0,7.0,6.0
2026-05-18,13c307bac70250bed56ce2a649cc492e,824357,Colorado Rockies,Texas Rangers,2026-05-17,0.425,0.575,4.49,5.27,9.76,19,night,96.0140489941934,97.4726923693872,98.55906823344309,98.29650875522506,5.063111922222221,4.39634138325123,4.039937081481482,5.233577344537816,0.3400365763888888,0.3181033349753694,0.3063795092592593,0.3456439915966386,85.88413547237077,90.2594011976048,85.46348039215685,90.48773388773388,-0.420655080213919,0.2283326901290792,562.0,836.0,7.0,9.0,408.0,482.0,5.0,5.0,7.0,6.0
2026-05-18,14c70bb665938baff9719079a82cbb93,823137,Seattle Mariners,Chicago White Sox,2026-05-17,0.613,0.387,4.13,2.95,7.08,680,night,100.63126738474598,97.2860332183164,100.80120485837509,97.25763480336217,3.5146636284360206,5.181248325203251,4.823768533333335,5.083147,0.2891007772511849,0.3439226422764227,0.3321634385964913,0.340695625,92.60221066319896,90.99959266802443,92.51650943396228,90.69559902200488,-0.0857012292367045,-0.3039936460195633,770.0,491.0,9.0,6.0,425.0,409.0,5.0,5.0,6.0,1.0
2026-05-18,42fd4ebc22c3536132b84d9c0a55ef29,823705,Minnesota Twins,Houston Astros,2026-05-17,0.533,0.467,5.01,4.65,9.66,3312,night,96.65744762026571,100.3259782277574,95.8223544431025,98.0376129355207,5.760556235294116,6.768661144615384,5.760556235294116,11.768484647619047,0.3629788235294117,0.3961401692307692,0.3629788235294117,0.5606080476190476,92.06617647058825,90.69719298245614,92.06617647058825,91.8175,0.0,1.1203070175438512,136.0,286.0,3.0,4.0,136.0,80.0,3.0,1.0,6.0,3.0
2026-05-18,5d7782b4079153d44f30c8b3b9ccf495,822980,Tampa Bay Rays,Baltimore Orioles,2026-05-17,0.592,0.408,4.36,3.39,7.75,12,night,98.53614693751764,102.163063619992,98.76109637560464,98.19124964352316,3.512518734177215,4.503655717647059,2.70421856,8.125068714285716,0.2890302215189873,0.3216334117647059,0.2624414,0.4407588392857143,89.57535771065183,88.34499178981937,89.79723618090453,88.42739130434782,0.2218784702527045,0.082399514528447,629.0,609.0,8.0,7.0,398.0,230.0,5.0,3.0,16.0,6.0
2026-05-18,60ea4be5f7a9bd97fd35cbbbe9e208fa,823867,Miami Marlins,Atlanta Braves,2026-05-17,0.504,0.496,4.28,4.23,8.51,4169,night,98.03150676766714,100.48805340325576,99.74684888666592,99.46784038197566,4.648208744554455,4.895620139130434,3.90875643826087,4.895620139130434,0.3263884455445544,0.3345269782608695,0.3020643565217391,0.3345269782608695,90.95384615384616,88.80737704918033,90.94149659863945,88.80737704918033,-0.0123495552067112,0.0,780.0,366.0,9.0,4.0,441.0,366.0,5.0,4.0,12.0,0.0
2026-05-18,6990aa317792d95bc36b258c5662a9b4,824277,Detroit Tigers,Cleveland Guardians,2026-05-17,0.568,0.432,4.53,3.82,8.35,2394,night,96.88292321045664,101.58088478615517,98.70460501276489,99.92903872754438,4.609559963800907,5.52358316862745,5.761895822222223,5.595440068965519,0.3251171040723982,0.355183656862745,0.3630228888888889,0.3575473706896552,88.00299999999999,87.94547803617571,87.63296460176991,88.74292452830188,-0.3700353982300726,0.7974464921261699,800.0,776.0,9.0,9.0,452.0,425.0,5.0,5.0,2.0,8.0
2026-05-18,82ca2e0ae47260f1183ee3abf8a69169,824114,Kansas City Royals,Boston Red Sox,2026-05-17,0.497,0.503,4.33,4.37,8.7,7,night,98.82862437440622,97.77571480940492,100.5429058891688,100.52442050199544,5.219653709090908,5.508241826865671,6.023686187500003,5.232561882352943,0.3451859772727272,0.3546790074626865,0.3716344140625001,0.3456105882352941,85.39576968272621,87.29739776951673,85.05975359342915,86.82127659574468,-0.3360160892970611,-0.4761211737720572,851.0,538.0,9.0,7.0,487.0,188.0,5.0,3.0,1.0,3.0
2026-05-18,8bf07e3c1ae5450be5661196332a989f,822734,Washington Nationals,New York Mets,2026-05-17,0.439,0.561,4.59,5.24,9.83,3309,night,100.32697228718128,99.58534647093433,99.8563373718564,98.69862685664246,6.0043909113402085,4.24909792,6.438977943925236,4.24909792,0.3709997010309279,0.3132598,0.3852953271028038,0.3132598,86.71383647798743,91.05972222222222,85.94699074074073,91.05972222222222,-0.7668457372466975,0.0,795.0,288.0,9.0,4.0,432.0,288.0,5.0,4.0,7.0,16.0
2026-05-18,a18a19981ef7d4e6c9f6244dc08e597a,824680,Chicago Cubs,Milwaukee Brewers,2026-05-17,0.611,0.389,5.47,4.31,9.78,17,night,101.23168399025646,99.30592918181163,98.18321478225477,99.26190694084026,3.009813421800949,5.183281400000002,3.301929550387598,4.641253360000001,0.2724938625592417,0.3439895197368421,0.2821029457364341,0.32615965,86.80071343638525,92.45382113821138,86.51599147121536,92.41065830721004,-0.2847219651698935,-0.0431628310013536,841.0,616.0,9.0,8.0,469.0,319.0,5.0,4.0,3.0,9.0
2026-05-18,d98976061eadebf5d9ba5c0632212976,823301,San Diego Padres,Los Angeles Dodgers,2026-05-17,0.421,0.579,3.34,4.16,7.5,2680,night,98.31560515898236,101.9917112271634,99.18359990074204,100.99094537141616,3.945261662745098,4.360236578461539,3.1272916142857143,4.855734480000001,0.3032651862745097,0.3169156769230769,0.2763582767857143,0.33321495,88.52418772563178,90.71986842105264,88.30163934426228,91.03368700265251,-0.2225483813694921,0.3138185815998753,831.0,760.0,9.0,8.0,488.0,377.0,5.0,4.0,1.0,0.0
2026-05-18,daf39ff0f5f85b7da76274b743b1ab1f,825087,Arizona Diamondbacks,San Francisco Giants,2026-05-17,0.517,0.483,4.51,4.33,8.84,15,night,100.82612039189016,100.05853605948374,100.79465873738792,97.40829594861424,5.670855633333336,4.960470049751242,5.0722021831775725,5.056673391304346,0.3600281458333333,0.336660199004975,0.3403355981308412,0.3398247826086956,89.11987012987014,88.48778801843318,88.78688524590164,88.51375,-0.3329848839684928,0.025961981566823,770.0,868.0,9.0,9.0,427.0,480.0,5.0,5.0,12.0,2.0
2026-05-19,00aa355eed768f248a9d925736ced07e,825086,Arizona Diamondbacks,San Francisco Giants,2026-05-18,0.544,0.456,4.4,3.94,8.34,15,night,97.36647159564085,98.93768315819676,100.21658909291162,100.4094253734467,4.855619707936508,2.76884688241206,4.866046276923079,2.924048145454546,0.3332111746031745,0.2645673316582914,0.3335541538461539,0.2696726363636363,92.82065663474692,86.47869615832363,93.57641025641028,86.27479838709678,0.7557536216633594,-0.203897771226849,736.0,859.0,9.0,9.0,395.0,496.0,5.0,5.0,5.0,3.0
2026-05-19,0df79000a907b712204a8a3cf32bd442,824356,Colorado Rockies,Texas Rangers,2026-05-18,0.484,0.516,4.92,5.09,10.01,19,night,,101.37429114801256,,98.89115382825852,,2.920894897777777,,3.502582434782608,,0.2695689111111111,,0.2887033695652173,,86.66053412462908,,86.715,,0.0544658753709228,,338.0,,20.0,,160.0,,10.0,0.0,10.0
2026-05-19,17b57496d4b06d4d4ecabf5046cb5e37,823136,Seattle Mariners,Chicago White Sox,2026-05-18,0.578,0.422,4.72,3.91,8.63,680,night,102.82212288590988,97.27607922965646,101.49314835437528,97.68002053158298,2.743669565217391,6.452205729032261,2.743669565217391,6.15296340550459,0.2637391304347826,0.3857304516129033,0.2637391304347826,0.3758869541284404,91.47777777777776,90.3205808080808,91.47777777777776,89.90772626931566,0.0,-0.4128545387651456,85.0,792.0,1.0,9.0,85.0,453.0,1.0,5.0,1.0,2.0
2026-05-19,54706a0490ebce80c512adf788e6b1d2,823464,Philadelphia Phillies,Cincinnati Reds,2026-05-18,0.558,0.442,4.46,3.85,8.31,2681,night,96.03601848378425,100.01498938488028,98.10475458210972,99.1423481068165,3.351759954716981,3.092468444444446,2.8474402666666663,2.2899176428571426,0.2837421037735849,0.2752127777777778,0.2671526403508771,0.2488130803571428,90.5441210710128,94.77297297297297,90.08930817610064,94.58531914893616,-0.4548128949121661,-0.1876538240368006,859.0,814.0,9.0,9.0,477.0,470.0,5.0,5.0,1.0,4.0
2026-05-19,71b59fe2207f3970c30c5dacc7d3956d,823548,New York Yankees,Toronto Blue Jays,2026-05-18,0.571,0.429,4.75,4.0,8.75,3313,night,100.78104770096324,99.27652002891244,100.15249898476056,99.068037768123,3.3788114181818183,2.984563825116278,2.6874363870967746,3.0281870992125985,0.2846319545454545,0.2716632837209302,0.2618893548387097,0.2730982598425197,90.66695760598505,91.50940265486726,90.3544,91.2447013487476,-0.3125576059850345,-0.2647013061196617,802.0,904.0,9.0,9.0,375.0,519.0,4.0,5.0,5.0,4.0
2026-05-19,97bf3716f67af1bbeb31d15893f46ec1,823704,Minnesota Twins,Houston Astros,2026-05-18,0.549,0.451,5.6,5.08,10.68,3312,night,101.59927236070484,101.5692240057847,98.2872464231784,98.13053802339212,0.9492265600000004,6.12132484848485,0.9492265600000004,6.12132484848485,0.2047114,0.3748462121212121,0.2047114,0.3748462121212121,89.01204819277109,85.69075630252101,89.01204819277109,85.69075630252101,0.0,0.0,83.0,120.0,1.0,2.0,83.0,120.0,1.0,2.0,1.0,2.0
2026-05-19,9ba5958467f2222cf1204d56f898ed51,822736,Washington Nationals,New York Mets,2026-05-18,0.47,0.53,3.87,4.19,8.06,3309,night,94.62138934520388,100.2374544763764,98.85598038520013,99.4926107292012,4.874330332075473,2.787375558620691,4.988322316800002,3.660909066666667,0.3338266556603774,0.2651768275862069,0.337576392,0.2939114824561403,85.6717887154862,90.97923169267706,85.51552795031056,90.92646420824296,-0.1562607651756451,-0.0527674844341135,834.0,833.0,9.0,9.0,483.0,461.0,5.0,5.0,9.0,6.0
2026-05-19,a1ca821baa20137a228b1dff8e70c21d,824677,Chicago Cubs,Milwaukee Brewers,2026-05-18,0.492,0.508,3.75,3.83,7.58,17,night,100.74263349885771,99.97150722237484,99.53925505602894,99.32029520315032,2.3038072874999997,2.382869069306929,1.3919958819672154,2.0170402666666685,0.2492699765624999,0.2518706930693069,0.2192761803278689,0.239836850877193,92.7177734375,96.7273607748184,92.70956175298804,97.74967462039044,-0.0082116845119628,1.022313845572043,512.0,828.0,14.0,9.0,251.0,462.0,7.0,5.0,2.0,5.0
2026-05-19,ae09768ff9ace4d90b4d8b78be0ac325,823865,Miami Marlins,Atlanta Braves,2026-05-18,0.427,0.573,3.64,4.41,8.05,4169,day,99.25139902221753,98.0650689523712,95.41259537493696,99.5676281141988,7.472778461538461,4.369371867625898,7.472778461538461,4.132519999999999,0.419301923076923,0.317216179856115,0.419301923076923,0.3094249999999999,87.696875,85.63711711711711,87.696875,85.10474308300395,0.0,-0.5323740341131611,64.0,555.0,1.0,9.0,64.0,253.0,1.0,5.0,4.0,8.0
2026-05-19,c974a8cecb0d3237e2c78f1920c5eaf3,822979,Tampa Bay Rays,Baltimore Orioles,2026-05-18,0.578,0.422,4.44,3.63,8.07,12,night,102.02277307070176,93.5005183408804,99.35499550003809,99.0613316762348,5.6092656000000005,4.264379552941175,5.014008533333334,4.983972553846155,0.3580021578947368,0.3137624852941176,0.3384213333333333,0.3374333076923077,92.49947916666667,89.91079136690648,92.93628318584072,90.17735849056604,0.4368040191740334,0.2665671236595557,392.0,835.0,15.0,9.0,230.0,478.0,5.0,5.0,4.0,1.0
2026-05-19,d66cf630e36e9449d187a5ac8311303c,823302,San Diego Padres,Los Angeles Dodgers,2026-05-18,0.439,0.561,3.95,4.59,8.54,2680,night,100.66481389909636,103.17936878917104,97.0966645163184,99.55310880425664,4.7453232,4.042963163428571,4.7453232,2.967321815730336,0.3295829999999999,0.3064790514285714,0.3295829999999999,0.2710961123595505,91.0731818181818,88.48621169916434,91.0731818181818,88.59712793733681,0.0,0.1109162381724644,220.0,720.0,3.0,8.0,220.0,384.0,3.0,4.0,4.0,5.0
2026-05-19,d830cdcc631105b0bba70245ff339e90,824276,Detroit Tigers,Cleveland Guardians,2026-05-18,0.469,0.531,3.67,4.0,7.67,2394,night,99.70326803447944,100.2022700486826,100.67916298754628,98.5463420489384,4.13652091954023,3.26105288627451,5.665968576576577,3.69734180900901,0.3095566091954023,0.280758318627451,0.3598673873873874,0.2951099279279279,89.6923322683706,88.81792682926829,89.397,89.08643326039387,-0.2953322683706005,0.2685064311255871,626.0,821.0,8.0,9.0,400.0,458.0,5.0,5.0,3.0,4.0
2026-05-19,ec5b231b8737543f956f9575bc81de01,824112,Kansas City Royals,Boston Red Sox,2026-05-18,0.468,0.532,3.36,3.69,7.05,7,night,97.60485913125356,98.15264930269213,96.57066492863396,98.65501134791388,4.298179034482758,3.3579154082840232,5.679407111111114,1.7923243373493989,0.3148743103448275,0.2839445857988165,0.3603094444444445,0.2324448795180723,89.39687500000001,86.33692307692307,88.96428571428571,86.73260869565217,-0.4325892857143003,0.3956856187291038,96.0,652.0,3.0,8.0,28.0,322.0,1.0,4.0,1.0,7.0
2026-05-20,005a4910f335d19816293b6d19644bd0,824111,Kansas City Royals,Boston Red Sox,2026-05-19,0.542,0.458,3.93,3.5,7.43,7,night,99.51758536796008,100.15869870905172,100.62224226465402,98.24455906292852,4.272724800000001,5.063483919191918,4.684374604800001,4.663440266666669,0.314037,0.3400488131313131,0.327578112,0.3268894824561404,87.23161764705883,88.23984962406014,87.14164810690423,88.59051918735891,-0.0899695401545983,0.3506695632987657,816.0,798.0,9.0,9.0,449.0,443.0,5.0,5.0,3.0,4.0
2026-05-20,0d1fe29e67867b51d29c32056784a512,825084,Arizona Diamondbacks,San Francisco Giants,2026-05-19,0.561,0.439,4.63,3.99,8.62,15,day,101.41910299366224,100.93495362339254,99.70574676843698,100.61494035637988,7.522112,4.49720169458128,7.333850914728682,2.6198835555555555,0.4209247368421052,0.3214211083743842,0.4147319379844961,0.2596672222222222,88.98203799654577,89.1151364764268,88.99878296146045,89.19070796460176,0.0167449649146789,0.0755714881749582,583.0,806.0,6.0,9.0,497.0,452.0,5.0,5.0,6.0,3.0
2026-05-20,2d368724e0c14ae2d63c7f7016e17330,822735,Washington Nationals,New York Mets,2026-05-19,0.494,0.506,4.34,4.39,8.73,3309,night,100.77801243627373,,99.20925029763484,,7.428076218181817,,7.533635395918367,,0.4178314545454545,,0.4213037959183673,,87.52746268656716,,87.82785145888593,,0.3003887723187688,,670.0,,9.0,,377.0,,5.0,,8.0,4.0
2026-05-20,3846930337f62766087b0490c958713e,824355,Colorado Rockies,Texas Rangers,2026-05-19,0.399,0.601,4.58,5.65,10.23,19,day,94.69782611283942,101.3989951001108,98.84390291604352,99.79503807994226,5.703739740127388,4.967376306542056,6.800299022222221,4.357192425806454,0.3611098598726114,0.3368873785046729,0.3971808888888888,0.3168155403225807,86.5383193277311,92.24344746162927,85.90057971014492,92.53305084745764,-0.6377396175861776,0.2896033858283573,595.0,847.0,7.0,9.0,345.0,472.0,4.0,5.0,4.0,5.0
2026-05-20,44f850d55bfab7238e84fbd1b0e4c76f,823462,Philadelphia Phillies,Cincinnati Reds,2026-05-19,0.537,0.463,4.69,4.3,8.99,2681,day,100.7898814883234,98.21911130346317,100.05721869026064,98.02927456699844,5.175563760000001,5.12885959259259,5.743704373831777,4.988250168224299,0.34373565,0.3421993287037036,0.3624244859813084,0.3375740186915887,86.11941031941032,87.28154897494305,85.80262582056893,86.98370535714285,-0.3167844988413861,-0.2978436178001971,814.0,878.0,9.0,10.0,457.0,448.0,5.0,5.0,4.0,9.0
2026-05-20,7a000dccd00ad40a268d4d9160f1e0d3,824678,Chicago Cubs,Milwaukee Brewers,2026-05-19,0.52,0.48,3.66,3.45,7.11,17,night,101.94099218547429,100.95386282145309,99.85667009577053,98.7972143435172,4.741473546666666,3.614831939999999,4.83227784,3.366218687999999,0.3294563666666666,0.2923957874999999,0.3324433499999999,0.2842177199999999,91.63726937269374,90.25007194244604,91.4145413870246,90.25520361990952,-0.222727985669124,0.005131677463467,813.0,696.0,9.0,8.0,447.0,443.0,5.0,5.0,0.0,5.0
2026-05-20,7da6a18b316119afbe4c2a58d5c2cbce,822977,Tampa Bay Rays,Baltimore Orioles,2026-05-19,0.618,0.382,5.01,3.76,8.77,12,day,97.96764844534522,99.90346990498924,99.30250956629786,99.15101832934003,5.105439763758389,5.269540396460177,5.432735125000001,5.7456948217054284,0.3414289395973154,0.3468269867256637,0.352195234375,0.3624899612403101,87.37321131447588,90.9741418764302,87.92145593869732,90.837,0.5482446242214394,-0.1371418764301921,601.0,882.0,7.0,9.0,261.0,508.0,3.0,5.0,5.0,3.0
2026-05-20,831c912e2cd0016f96881ac551738e6e,823703,Minnesota Twins,Houston Astros,2026-05-19,0.606,0.394,4.92,3.82,8.74,3312,day,99.52172681772512,100.502607723951,100.7746997089582,99.6294267300417,3.312593962561578,4.297406698181817,4.017312550000001,4.265702089795919,0.2824537487684729,0.3148489045454545,0.30563528125,0.3138059897959184,88.12721822541967,89.6523923444976,87.51165803108809,89.05958549222798,-0.6155601943315787,-0.5928068522696179,835.0,836.0,10.0,9.0,387.0,386.0,5.0,4.0,4.0,1.0
2026-05-20,b0078538407a959dc03f5469df863662,823134,Seattle Mariners,Chicago White Sox,2026-05-19,0.594,0.406,4.56,3.57,8.13,680,day,103.05116634208628,101.70147575436545,99.62563824855582,100.0155207223696,4.320872319999999,4.423109365174128,5.277395711475409,3.957644396521741,0.3156208,0.3189838606965173,0.3470853852459016,0.3036725130434783,89.47716346153847,89.04164556962024,89.94903640256959,88.96302325581395,0.4718729410311226,-0.0786223138062922,832.0,790.0,9.0,9.0,467.0,430.0,5.0,5.0,5.0,4.0
2026-05-20,cc55d7d8e85462a3aa9f55084d696c51,824273,Detroit Tigers,Cleveland Guardians,2026-05-19,0.508,0.492,4.13,4.04,8.17,2394,night,,99.21737547894736,,100.12917472684632,,4.045983661261262,,2.95418084173913,,0.3065784099099099,,0.2706638434782608,,87.3642615558061,,87.2681917211329,,-0.0960698346732016,,887.0,,10.0,,459.0,,5.0,2.0,3.0
2026-05-20,ce352adc7aae36822a5575bb25b54ff8,823866,Miami Marlins,Atlanta Braves,2026-05-19,0.396,0.604,3.12,4.21,7.33,4169,night,101.6573468276834,98.46940004373496,100.6146229164007,98.97183470720006,4.069164061538462,3.209785000000001,4.21984006896552,3.0682141940594065,0.307340923076923,0.279071875,0.3122973706896552,0.2744149405940594,87.85515463917527,87.73345153664303,88.10837320574163,88.72673267326732,0.2532185665663604,0.9932811366242902,777.0,846.0,9.0,9.0,419.0,404.0,5.0,4.0,1.0,9.0
2026-05-20,e4390656e1c8d9fd196a4745760cdf05,823547,New York Yankees,Toronto Blue Jays,2026-05-19,0.673,0.327,4.39,2.6,6.99,3313,night,100.91859810428876,100.8126298346875,99.7401959362006,97.8344452758252,2.520645795555557,1.6658272197530866,2.89412323966942,1.6658272197530866,0.2564028222222222,0.2282837901234568,0.2686882644628098,0.2282837901234568,95.56402234636872,88.75921450151057,95.92263374485596,88.75921450151057,0.3586113984872554,0.0,898.0,331.0,10.0,4.0,487.0,331.0,5.0,4.0,1.0,2.0
2026-05-20,eb71b24bcac6134977abdc1add17dd0a,823299,San Diego Padres,Los Angeles Dodgers,2026-05-19,0.391,0.609,3.16,4.3,7.46,2680,night,100.07804866144936,101.03162994507916,99.89624258002802,99.61861361597369,5.150389655445544,2.1176269552941167,4.662549157142857,2.120826788118812,0.3429075544554455,0.2431456235294117,0.3268601696428571,0.2432508811881188,90.74401496259352,90.37106446776612,90.77317073170732,90.8611825192802,0.0291557691137995,0.4901180515140879,802.0,667.0,9.0,7.0,451.0,389.0,5.0,4.0,0.0,4.0
2026-05-21,427339d860a9d7bf7b2075fa02850c56,824274,Detroit Tigers,Cleveland Guardians,2026-05-20,0.496,0.504,3.9,3.94,7.84,2394,day,102.28146104441024,93.65561617523684,99.381867099375,97.46949741878164,3.0842095020408173,4.2164337923076936,1.5643595471698122,4.429512076190479,0.2749411020408163,0.3121853221153846,0.224946037735849,0.3191944761904762,89.70036764705883,85.6202380952381,89.63367875647668,85.08480392156862,-0.0666888905821423,-0.5354341736694721,544.0,840.0,7.0,10.0,193.0,408.0,3.0,5.0,1.0,3.0
2026-05-21,6a7d1b1febdcfcc35087e32a118d0e3e,822733,Washington Nationals,New York Mets,2026-05-20,0.497,0.503,4.41,4.44,8.85,3309,day,102.0292534611264,93.93426513137706,99.1417357305635,97.82308156511498,4.498162474074075,4.677206832000001,4.1564865691056925,3.91405742795699,0.3214527129629629,0.32734233,0.3102133739837399,0.3022387311827957,90.98166666666668,88.51462395543176,90.91543624161072,88.93201133144476,-0.0662304250559344,0.4173873760129964,841.0,719.0,10.0,10.0,447.0,353.0,5.0,5.0,1.0,2.0
2026-05-21,ba2cf88267a9c181d7eed83a461dbaab,825083,Arizona Diamondbacks,Colorado Rockies,2026-05-20,0.599,0.401,4.86,3.82,8.68,15,night,99.37310972513458,100.42379415638835,99.58260257969545,99.55380798062284,4.854008107623317,4.85204022857143,5.079044346456692,4.950766400000002,0.3331581614349775,0.3330934285714286,0.3405606692913385,0.336341,88.14468085106382,90.06317991631799,88.33668763102725,89.80526315789474,0.192006779963421,-0.2579167584232493,847.0,482.0,9.0,13.0,477.0,247.0,5.0,6.0,2.0,1.0
2026-05-21,cce976ea22886df248e92176cb5f8f26,823545,New York Yankees,Toronto Blue Jays,2026-05-20,0.648,0.352,4.83,3.28,8.11,3313,night,98.06112255726715,90.27399985710274,94.79154955639744,99.66473579539984,4.494248778378379,4.715281616000001,4.494248778378381,5.065307733333334,0.321323972972973,0.32859479,0.321323972972973,0.3401088070175438,91.6289156626506,88.2443373493976,91.6289156626506,88.2948275862069,0.0,0.0504902368093098,166.0,418.0,2.0,24.0,166.0,235.0,2.0,13.0,0.0,2.0
2026-05-21,fa85c6e14d2b480b97a6f0004286ec0b,823864,Miami Marlins,Atlanta Braves,2026-05-20,0.461,0.539,4.28,4.68,8.96,4169,night,100.38933354088896,101.86923421167042,100.45050058843438,97.30596254742468,3.533962444943821,2.9538386206896545,4.198419779527558,2.9538386206896545,0.289735606741573,0.2706525862068965,0.3115927559055118,0.2706525862068965,92.0664596273292,88.94885496183205,91.99547244094488,88.94885496183205,-0.0709871863843147,0.0,966.0,262.0,10.0,3.0,508.0,262.0,5.0,3.0,3.0,9.0
2026-05-22,0fec3ff922e35049f5bbc3e899ce1cef,823788,Milwaukee Brewers,Los Angeles Dodgers,2026-05-21,0.484,0.516,4.14,4.32,8.46,32,night,98.76066970902778,96.30299074078825,100.55471694420008,99.0901698238697,3.055752,4.228146569458128,3.0705891612903216,4.2863642666666655,0.274005,0.3125706108374384,0.274493064516129,0.3144856666666666,88.146468401487,89.24055555555555,87.96367521367522,88.91620253164557,-0.1827931878117823,-0.3243530239099783,269.0,721.0,4.0,8.0,234.0,395.0,3.0,4.0,5.0,1.0
2026-05-22,2e525c53c28c114fe0aeaafcbe01e2be,823223,San Francisco Giants,Chicago White Sox,2026-05-21,0.498,0.502,3.67,3.7,7.37,2395,night,93.2183055967406,100.07646968585593,100.09375903956848,100.60866409952652,4.112110508108109,3.964170508920189,4.112110508108109,3.0261079126050427,0.3087536351351351,0.3038871877934272,0.3087536351351351,0.2730298655462185,90.79154411764704,90.13155339805824,90.79154411764704,90.159243697479,0.0,0.0276902994207546,272.0,824.0,3.0,9.0,272.0,476.0,3.0,5.0,4.0,9.0
2026-05-22,35a7408a1687fdea6b7052d86f74cdb5,824029,Los Angeles Angels,Texas Rangers,2026-05-21,0.31,0.69,3.34,5.29,8.63,1,night,99.86131633148884,101.24635758814274,98.75887416744708,100.89217764573272,8.10075504761905,3.340909428571428,8.10075504761905,3.7488145210084034,0.4399590476190476,0.2833851785714285,0.4399590476190476,0.2968031092436974,88.87088607594937,93.20436408977557,88.87088607594937,93.11875,0.0,-0.0856140897755608,79.0,806.0,1.0,9.0,79.0,465.0,1.0,5.0,9.0,6.0
2026-05-22,668e5f71f74fad13739788e98ce12084,824842,Baltimore Orioles,Detroit Tigers,2026-05-21,0.537,0.463,4.43,4.04,8.47,2,night,98.76074462188636,101.49747278741566,99.08022737752806,99.04288539840648,5.536077395348838,5.398990738916252,5.536077395348838,5.621385016666668,0.3555946511627907,0.3510852216748767,0.3555946511627907,0.3584008229166667,90.2970760233918,87.44646118721462,90.2970760233918,87.6552036199095,0.0,0.2087424326948763,171.0,876.0,10.0,10.0,171.0,442.0,10.0,5.0,7.0,4.0
2026-05-22,7298c47d240347dac3ccc27327e2dd9c,823546,New York Yankees,Tampa Bay Rays,2026-05-21,0.569,0.431,4.29,3.56,7.85,3313,night,,98.74062921219006,,101.11709009769936,,4.196950184186045,,3.559437736585367,,0.3115444139534883,,0.2905736097560976,,86.7586577181208,,86.70049875311722,,-0.0581589650035851,,746.0,,9.0,,401.0,,5.0,2.0,4.0
2026-05-22,7299c6da7b62235dd67f58484e58a33b,824922,Atlanta Braves,Washington Nationals,2026-05-21,0.669,0.331,5.13,3.39,8.52,4705,night,99.7397762518736,84.94423769215915,99.29779546123376,98.12083730960111,3.1557623612903227,4.841888621176471,3.566000800000001,5.869180799999999,0.277294814516129,0.332759494117647,0.2907895,0.3665519999999999,88.45914221218962,86.76235632183908,89.07223427331888,86.47176470588235,0.6130920611292652,-0.2905916159567283,887.0,360.0,10.0,19.0,462.0,174.0,5.0,11.0,5.0,4.0
2026-05-22,79b579806db1b97214fad9783eef88cd,824110,Kansas City Royals,Seattle Mariners,2026-05-21,0.452,0.548,3.77,4.28,8.05,7,night,98.3521307338498,100.68841814121328,99.00718814787844,100.49982355624476,5.746242224598931,4.529742192207791,4.664715428571428,5.781355462068965,0.3625079679144385,0.3224915194805194,0.3269314285714285,0.3636630086206896,87.0882697947214,88.09410480349345,87.45223463687151,88.24087912087911,0.3639648421501107,0.1467743173856632,682.0,916.0,8.0,10.0,358.0,455.0,4.0,5.0,0.0,2.0
2026-05-22,9a684c8b4ec22835fc3fd145e7796370,825082,Arizona Diamondbacks,Colorado Rockies,2026-05-21,0.647,0.353,5.1,3.56,8.66,15,night,100.12413465895844,99.8442532153966,100.0855997496485,100.42803611952893,5.166016145454545,7.230486096410258,5.03764882051282,6.960402466055047,0.3434215837320574,0.4113317794871795,0.3391989743589743,0.4024474495412844,87.98391777509069,88.22822580645162,87.78239130434783,88.02511848341231,-0.2015264707428627,-0.2031073230393048,827.0,747.0,9.0,9.0,460.0,423.0,5.0,5.0,2.0,3.0
2026-05-22,a29760479f428402af00a34cffbc00cf,823863,Miami Marlins,New York Mets,2026-05-21,0.484,0.516,3.98,4.15,8.13,4169,night,102.14875868958784,102.18630834243451,98.51508467939408,99.4366542242262,5.395581579130434,3.1674948672566385,5.654535674576271,3.4400517966101707,0.3509730782608695,0.2776807522123894,0.3594913050847457,0.2866464406779661,92.38783185840708,87.31720698254364,92.57457627118644,87.95784313725491,0.1867444127793476,0.6406361547112738,905.0,405.0,10.0,16.0,472.0,204.0,5.0,9.0,2.0,1.0
2026-05-22,a5ab3fe9c783f6349643c38556202b88,824679,Chicago Cubs,Houston Astros,2026-05-21,0.597,0.403,4.23,3.21,7.44,17,day,98.85397548065065,99.22619700716832,100.22583181022276,98.43097212959796,5.442650763636364,5.258958378807947,5.944125259130437,5.196469947474746,0.3525214066985646,0.3464788940397351,0.3690172782608696,0.3444233535353534,86.0732530120482,84.47386759581882,86.2658695652174,84.97010582010583,0.1926165531692021,0.496238224287012,834.0,574.0,9.0,6.0,460.0,378.0,5.0,4.0,2.0,4.0
2026-05-22,b76277870735bb77b65fe5d409036cf6,822816,Toronto Blue Jays,Pittsburgh Pirates,2026-05-21,0.603,0.397,4.49,3.4,7.89,14,night,102.4961485953446,102.396202941584,100.47119495692267,98.79031956199049,3.586612995633187,5.269828791489361,3.831281982905983,5.535428939805825,0.2914675327510916,0.3468364734042553,0.2995158547008547,0.3555733203883495,89.22715376226827,94.778,89.48410041841005,94.40493827160492,0.2569466561417783,-0.3730617283950721,917.0,756.0,10.0,9.0,478.0,411.0,5.0,5.0,6.0,2.0
2026-05-22,ea533201c1219a43e8c91415af4065b2,823461,Philadelphia Phillies,Cleveland Guardians,2026-05-21,0.617,0.383,4.09,2.86,6.95,2681,night,98.89543622645938,99.7075941668606,98.97220265539228,100.12440388272933,2.7852673737827724,4.777210003200001,2.7445102555555554,5.632536391111112,0.2651074794007491,0.330631908,0.2637667847222222,0.3587676444444445,90.02079414838035,90.46815217391304,90.1119918699187,90.08736141906874,0.0911977215383501,-0.3807907548442983,957.0,951.0,10.0,10.0,492.0,482.0,5.0,5.0,0.0,1.0
2026-05-22,ed5e4f7c7c0c51b06ffd0fdf93ce8f17,824761,Boston Red Sox,Minnesota Twins,2026-05-21,0.579,0.421,4.26,3.44,7.7,3,night,98.80196870147604,95.79368534827498,97.9339649790811,97.72590761357584,2.319120533333334,3.216773877227724,2.319120533333334,3.2167738772277223,0.2497737017543859,0.2793017722772277,0.2497737017543859,0.2793017722772277,92.76024390243902,89.36422018348624,92.76024390243902,89.36422018348624,0.0,0.0,410.0,437.0,5.0,5.0,410.0,437.0,5.0,5.0,6.0,8.0
2026-05-23,1d419a4245a0f02f79282579190123f2,822814,Toronto Blue Jays,Pittsburgh Pirates,2026-05-22,0.415,0.585,3.03,3.93,6.96,14,day,90.58184520304904,103.02648382041768,98.67179333305695,100.34612413801258,6.494102428915662,1.7293790446601935,6.659823718518519,1.3818626016806723,0.3871086325301204,0.2303743106796116,0.3925599907407407,0.2189428487394958,84.70129449838188,92.78215568862277,84.3521850899743,92.95497925311204,-0.3491094084075854,0.1728235644892777,618.0,835.0,8.0,10.0,389.0,482.0,5.0,5.0,5.0,2.0
2026-05-23,203ad61a573433f885122e8811cd8350,824109,Kansas City Royals,Seattle Mariners,2026-05-22,0.511,0.489,4.08,3.97,8.05,7,day,102.12454025243774,99.57510316478276,100.6056382500892,101.17343548435235,4.348193460869564,3.4077504384000004,4.348193460869564,3.8175902032786913,0.3165195217391304,0.285583896,0.3165195217391304,0.2990654672131148,90.11158301158302,92.10636461704424,90.11158301158302,92.036717062635,0.0,-0.0696475544092436,259.0,928.0,3.0,10.0,259.0,463.0,3.0,5.0,5.0,0.0
2026-05-23,5e73a3b37ba9f2d7f8672112ad0b5d3a,824674,Chicago Cubs,Houston Astros,2026-05-22,0.65,0.35,5.39,3.81,9.2,17,day,101.37626404907608,100.72840331796286,99.96699822641772,99.78162078273274,5.636413017475727,4.0709196288,7.369573352727274,5.2145339,0.3588951650485436,0.307398672,0.4159070181818182,0.3450175625,89.4262315270936,88.9459349593496,89.33230769230768,88.10491803278688,-0.0939238347859259,-0.8410169265627161,812.0,492.0,10.0,16.0,455.0,244.0,5.0,6.0,0.0,3.0
2026-05-23,613fbf2d89b0e9cffb2d70ebdbe1f178,824760,Boston Red Sox,Minnesota Twins,2026-05-22,0.572,0.428,4.53,3.78,8.31,3,day,101.25264493753238,103.381920688734,97.71833234038569,99.14130793247234,3.3244516970873788,4.172225624242423,4.537699545098039,5.141608100000001,0.2828438058252427,0.310731106060606,0.3227532745098039,0.3426186875,86.83103448275862,92.05111940298508,87.35812807881774,92.513201320132,0.5270935960591174,0.4620819171469321,411.0,804.0,16.0,8.0,204.0,303.0,9.0,3.0,2.0,4.0
2026-05-23,8cd9a8c51a76ba56fe6f4a174a01a9ee,823862,Miami Marlins,New York Mets,2026-05-22,0.516,0.484,3.86,3.69,7.55,4169,day,99.10455254920628,102.80135370574658,99.65165584311478,99.0667412001086,4.425233457142857,4.198880972413791,4.1118632,4.152958347107437,0.3190537321428571,0.3116079267241378,0.3087455,0.3100973140495867,90.98916761687572,89.43688699360341,91.1675615212528,90.4260593220339,0.1783939043770743,0.9891723284304844,877.0,938.0,10.0,10.0,447.0,472.0,5.0,5.0,4.0,1.0
2026-05-23,8d35e402aab765eeda746ea98f694dc6,824920,Atlanta Braves,Washington Nationals,2026-05-22,0.69,0.31,5.56,3.61,9.17,4705,day,100.1343629096134,100.47489233224096,98.80336873641797,99.96441066069066,4.550988099502488,5.856519343396226,5.405984085106383,5.827727532075474,0.3231903980099502,0.3661355047169811,0.3513152659574468,0.3651884056603774,89.62024291497977,86.9909090909091,89.3841642228739,86.20799086757991,-0.2360786921058633,-0.7829182233291903,743.0,869.0,9.0,10.0,343.0,438.0,4.0,5.0,0.0,2.0
2026-05-23,aa331215453a8e2dcfbcdcaa7cacecbe,825080,Arizona Diamondbacks,Colorado Rockies,2026-05-22,0.674,0.326,5.58,3.78,9.36,15,night,101.24207898747883,100.54424904158738,100.82642232054836,99.63612338608912,5.507987653953489,6.208463686808509,5.339527335849057,6.360747533333334,0.3546706465116279,0.3777126212765956,0.3491291886792453,0.3827219583333333,88.98601645123385,88.1338963963964,88.77642857142857,88.53459821428571,-0.2095878798052837,0.4007018178893133,851.0,888.0,10.0,11.0,420.0,448.0,5.0,5.0,5.0,4.0
2026-05-23,bb14f988c4cc921c1b5286bf757183f6,823458,Philadelphia Phillies,Cleveland Guardians,2026-05-22,0.652,0.348,4.57,2.98,7.55,2681,day,100.91895116912202,101.27368000130828,99.87831381985428,100.05753295310062,3.657009586554623,5.306129975652173,3.657009586554623,4.147487373913043,0.2937832100840336,0.3480305913043477,0.2937832100840336,0.3099173478260869,90.3770065075922,88.03505747126437,90.3770065075922,89.74694835680751,0.0,1.7118908855431414,461.0,872.0,5.0,10.0,461.0,427.0,5.0,5.0,3.0,0.0
2026-05-23,cdafb9b5d32150ff1e65098271c992b2,824030,Los Angeles Angels,Texas Rangers,2026-05-22,0.41,0.59,3.27,4.21,7.48,1,night,99.41557478696149,104.0033586160422,99.22579219535524,100.82000449239294,3.0699211444444447,4.4801477497797375,3.325384800000001,4.490555565714285,0.2744710902777778,0.3208601233480176,0.2828745,0.3212024857142856,93.74722222222222,87.6978128797084,93.45900473933648,87.41671018276762,-0.2882174828857273,-0.2811026969407777,580.0,823.0,8.0,9.0,423.0,383.0,5.0,4.0,5.0,2.0
2026-05-23,d414dc60c44b7705cece8354be2575d1,823222,San Francisco Giants,Chicago White Sox,2026-05-22,0.565,0.435,5.01,4.32,9.33,2395,day,99.38147191678392,101.88868195327674,100.24189930600718,97.54908027225794,6.049330196226413,3.145579519999999,6.42867732857143,1.9126648489795923,0.372477966981132,0.2769598526315789,0.3849564910714286,0.2364034489795918,91.11193633952254,88.80074626865672,91.5074441687345,89.57613636363637,0.3955078292119509,0.7753900949796417,754.0,404.0,9.0,24.0,403.0,176.0,5.0,13.0,10.0,3.0
2026-05-23,e8edd4604077b2fc638f1b2e3db08545,823787,Milwaukee Brewers,Los Angeles Dodgers,2026-05-22,0.518,0.482,4.44,4.25,8.69,32,night,100.15386028983598,101.91137304092445,96.69075561622572,98.69441345823716,5.48105032,5.42363907932961,5.48105032,4.967043519999999,0.35378455,0.3518960223463687,0.35378455,0.3368764315789473,87.29620253164556,91.35062068965516,87.29620253164556,91.90935064935064,0.0,0.5587299596954693,79.0,725.0,1.0,8.0,79.0,385.0,1.0,4.0,3.0,11.0
2026-05-24,00df9acbb37e0b01ff82cec41f4c57b8,824921,Atlanta Braves,Washington Nationals,2026-05-23,0.662,0.338,4.97,3.29,8.26,4705,day,96.94498082140224,93.96817918656886,99.56863187818723,99.0887407723968,4.116901343209876,4.72321492881356,3.0663645555555537,4.569756147200001,0.3089112283950617,0.3288557542372881,0.2743540972222221,0.323807768,85.56366508688784,85.71763440860214,85.02867383512545,85.65971074380165,-0.534991251762392,-0.0579236648004837,633.0,931.0,10.0,10.0,279.0,484.0,5.0,5.0,1.0,2.0
2026-05-24,0c7eacfb6fcc01d117cceb47c958a392,824108,Kansas City Royals,Seattle Mariners,2026-05-23,0.455,0.545,3.59,4.07,7.66,7,day,99.21309633854182,100.8902392781294,100.5184156589213,100.58227883178512,5.275604669387757,3.343530272961372,6.156313984496126,4.399476218181818,0.3470264693877551,0.2834713905579398,0.3759971705426357,0.3182064545454545,85.68061440677967,92.38696158323631,85.38501026694045,92.0018648018648,-0.2956041398392131,-0.3850967813715016,944.0,860.0,10.0,10.0,487.0,430.0,5.0,5.0,8.0,6.0
2026-05-24,24764298bc8225d9b8c29e943649671f,823861,Miami Marlins,New York Mets,2026-05-23,0.529,0.471,4.52,4.21,8.73,4169,day,99.93648764999575,99.83311514358527,98.76565907938549,98.3876336642313,3.712825912500001,4.546297102222223,3.536151507692307,4.093614080000001,0.2956192734375,0.3230360888888889,0.2898076153846153,0.3081452,89.11327967806842,91.29945799457994,88.91065573770491,91.23098159509202,-0.2026239403635088,-0.0684763994879205,497.0,369.0,15.0,5.0,244.0,326.0,8.0,4.0,4.0,0.0
2026-05-24,30932455872c68aa6d63646b48a38fc5,823786,Milwaukee Brewers,Los Angeles Dodgers,2026-05-23,0.391,0.609,3.69,4.83,8.52,32,day,99.11697357960956,101.27936596021334,99.4825399019533,100.82997787940678,5.172611893641619,4.12374416651584,4.731880320000001,4.334104571428573,0.343638549132948,0.3091363212669684,0.3291408,0.3160560714285714,92.63189033189032,90.87381776239909,93.09034267912772,91.5443864229765,0.4584523472373973,0.6705686605774162,694.0,867.0,9.0,9.0,321.0,383.0,4.0,4.0,1.0,5.0
2026-05-24,3d426f5b8c4503c96291d847232b352e,824759,Boston Red Sox,Minnesota Twins,2026-05-23,0.577,0.423,4.46,3.64,8.1,3,day,98.1969035777764,103.32549974307348,100.3403092916698,99.30423046720948,4.79772760506329,4.105092093506494,3.147202325000001,3.955943373333334,0.331306829113924,0.3085227662337662,0.277013234375,0.3036165583333333,87.38721682847897,83.97467760844079,87.1188596491228,83.83198090692123,-0.2683571793561725,-0.1426967015195543,618.0,853.0,8.0,10.0,228.0,419.0,3.0,5.0,5.0,6.0
2026-05-24,491a9de98e8b6561bbf422febc6f39af,824839,Baltimore Orioles,Detroit Tigers,2026-05-23,0.469,0.531,4.11,4.44,8.55,2,day,100.42891657457194,96.2348606866544,99.6638071450818,98.64764322466608,4.899483428571428,4.731713967213116,5.177895373913043,6.059808027350427,0.3346540601503759,0.3291353278688524,0.3438123478260869,0.3728226324786324,89.12994011976048,88.01282339707537,89.0864367816092,87.6844243792325,-0.0435033381512823,-0.3283990178428695,501.0,890.0,6.0,10.0,435.0,444.0,5.0,5.0,5.0,3.0
2026-05-24,65d8670f338a88af5bde23a17924de49,824028,Los Angeles Angels,Texas Rangers,2026-05-23,0.444,0.556,4.34,4.93,9.27,1,day,98.58487707872132,97.3146601515494,98.78107000523283,98.20636617272716,3.4337789378151258,4.323834259715638,4.1018050151260494,3.529845846153846,0.2864400966386554,0.315718232227488,0.3084146386554621,0.2896001923076923,87.88824141519251,90.20915411355736,87.84719334719335,90.5909307875895,-0.0410480679991565,0.3817766740321389,962.0,864.0,10.0,10.0,481.0,419.0,5.0,5.0,2.0,1.0
2026-05-24,6810bebc827ff6339e19bf57045954c2,823459,Philadelphia Phillies,Cleveland Guardians,2026-05-23,0.468,0.532,3.89,4.22,8.11,2681,day,101.00416568134726,100.26361073635424,99.4320605604679,98.20938617262912,4.990338966666665,3.365416803555555,6.342178166371683,3.385674785714286,0.3376427291666666,0.2841913422222222,0.3821111238938053,0.2848577232142857,90.64308510638298,88.74539400665927,90.63164251207728,88.81015452538631,-0.0114425943056915,0.0647605187270414,752.0,902.0,9.0,10.0,414.0,454.0,5.0,5.0,1.0,3.0
2026-05-24,8f29a5e5e5da656a595405cea1f3dbae,823544,New York Yankees,Tampa Bay Rays,2026-05-23,0.538,0.462,3.7,3.3,7.0,3313,day,99.55319261910526,100.40120995402158,99.0366653342672,100.42156201024372,4.476003128712871,3.646640560824745,3.771196781609196,4.121478973333333,0.3207237871287128,0.2934421237113402,0.2975393678160919,0.3090618083333333,89.25103532277711,92.35695708712612,88.68855585831062,92.37194860813705,-0.5624794644664917,0.0149915210108986,822.0,769.0,9.0,9.0,367.0,467.0,4.0,5.0,2.0,0.0
2026-05-24,928ebc4404b9485931a3c4232720dc5b,825081,Arizona Diamondbacks,Colorado Rockies,2026-05-23,0.641,0.359,4.85,3.36,8.21,15,day,97.05937180394362,96.14676718452336,100.09299356149096,98.65246573730025,5.131710239999999,4.86683775621302,4.872648614400001,3.4671222666666663,0.3422930999999999,0.3335801893491125,0.333771336,0.2875369166666666,92.82442002442002,85.7375572519084,93.61227678571429,85.1764563106796,0.7878567612942646,-0.5611009412288013,824.0,656.0,10.0,8.0,453.0,412.0,5.0,5.0,9.0,1.0
2026-05-24,a3077ecb7ee3e8827e0af9e701b5e0b7,824840,Baltimore Orioles,Detroit Tigers,2026-05-23,0.503,0.497,4.16,4.13,8.29,2,night,101.82246463622182,,98.43348243772982,,4.624844873142858,,6.751730518518519,,0.3256198971428571,,0.3955832407407407,,88.706456241033,,90.32242152466368,,1.615965283630686,,698.0,,8.0,,224.0,,3.0,,1.0,4.0
2026-05-24,bcb23e6708172d9bcdc2a18e01b320ce,823220,San Francisco Giants,Chicago White Sox,2026-05-23,0.565,0.435,4.73,4.05,8.78,2395,day,99.78276954162864,96.70616631299195,97.39208105265176,97.71709085619707,5.526510654867258,5.362439243835615,6.022169333333333,6.323453299082573,0.3552799557522124,0.3498828698630136,0.3715845175438596,0.3814951743119267,88.44978991596638,90.93780068728525,88.55987261146497,90.4866028708134,0.1100826954985905,-0.4511978164718329,952.0,582.0,10.0,7.0,471.0,418.0,5.0,5.0,8.0,5.0
2026-05-24,f70aa43669ed4dd4d5fa56bbe2964822,822813,Toronto Blue Jays,Pittsburgh Pirates,2026-05-23,0.552,0.448,4.15,3.61,7.76,14,day,99.56532241916584,101.0880923260664,98.92266249813886,99.7052123317713,3.0837868286919834,4.620209565367967,3.4299865322834657,5.43183224827586,0.2749271983122363,0.3254674199134199,0.2863153464566929,0.3521655344827585,91.62609561752988,89.0135573580533,91.34990176817288,89.47837837837838,-0.276193849357,0.4648210203250755,1004.0,864.0,10.0,10.0,509.0,445.0,5.0,5.0,1.0,4.0
2026-05-24,fb835eef241cc0456eb7fed048643f00,824676,Chicago Cubs,Houston Astros,2026-05-23,0.671,0.329,5.1,3.33,8.43,17,day,101.32470416485388,100.7368326903001,98.25505443374531,99.60829450357654,3.5781643574468074,3.662990100000001,4.660540472440945,3.964926383333336,0.2911896170212765,0.2939799375,0.3267940944881889,0.3039120520833334,86.98445652173913,89.85035087719298,86.73796095444685,89.58515625,-0.2464955672922855,-0.265194627192983,920.0,571.0,10.0,6.0,461.0,385.0,5.0,4.0,5.0,8.0
2026-05-25,07cd090c6a690c5a8478fc3834d0421b,824838,Baltimore Orioles,Tampa Bay Rays,2026-05-24,0.415,0.585,3.59,4.48,8.07,2,day,93.02920019919306,97.94600648277292,99.12265824128266,98.64612348964307,4.438248764601769,3.686499933701658,4.885760614285712,2.619482196078432,0.3194818672566371,0.2947532872928177,0.3342026517857142,0.2596540196078431,89.9929487179487,89.5721835883171,90.30126315789474,89.32060301507538,0.3083144399460309,-0.2515805732417249,937.0,719.0,10.0,9.0,476.0,398.0,5.0,5.0,9.0,7.0
2026-05-25,56f5691dc9526c1284405c8be014cd55,824598,Chicago White Sox,Minnesota Twins,2026-05-24,0.5,0.5,4.2,4.21,8.41,4,day,97.34640686911416,101.85795734344153,97.75440181596797,100.30545970685844,6.128138669230768,2.135863833333334,4.958832998165137,2.135863833333333,0.3750703509615384,0.2437455208333333,0.3366063486238532,0.2437455208333333,90.42088535754824,89.5207650273224,90.06577777777777,89.5207650273224,-0.3551075797704754,0.0,881.0,183.0,10.0,2.0,450.0,183.0,5.0,2.0,3.0,1.0
2026-05-25,664888c720cda0a13b39fa74f0032e0e,823948,Los Angeles Dodgers,Colorado Rockies,2026-05-24,0.739,0.261,5.6,3.11,8.71,22,night,102.52955721861288,103.19024093120944,99.525876000897,100.08059237193004,4.340530661139899,5.332462564102562,4.39277769638554,5.605063428571428,0.3162674559585492,0.3488967948717947,0.3179861084337348,0.3578639285714285,88.57350318471337,88.2629290617849,88.6699140401146,88.1235494880546,0.0964108554012312,-0.1393795737302952,787.0,441.0,9.0,7.0,350.0,293.0,4.0,5.0,5.0,3.0
2026-05-25,70d5dc9048e8c374d09b9848b71eeea5,823625,New York Mets,Cincinnati Reds,2026-05-24,0.594,0.406,4.28,3.29,7.57,3289,day,100.0050354201234,99.47514971340983,99.67840258223276,98.0485413590106,3.0208972307692314,7.223293144615383,4.45219956,7.223293144615386,0.2728584615384615,0.4110951692307691,0.319940775,0.4110951692307693,90.90203644158628,89.64274809160305,90.67597402597404,89.64274809160305,-0.2260624156122617,0.0,933.0,262.0,10.0,3.0,462.0,262.0,5.0,3.0,2.0,7.0
2026-05-25,7123a44993110990cac606ecf9dd4292,823296,San Diego Padres,Philadelphia Phillies,2026-05-24,0.488,0.512,3.79,3.91,7.7,2680,day,100.29257838626248,96.06914384048692,97.747908056527,98.26252247727298,4.3769258666666655,3.421550801702128,4.376925866666667,2.349976722123891,0.3174646666666666,0.2860378553191489,0.3174646666666667,0.2507887079646017,90.83972602739726,90.65408805031448,90.83972602739726,90.1625,0.0,-0.4915880503144763,292.0,954.0,4.0,10.0,292.0,472.0,4.0,5.0,0.0,3.0
2026-05-25,74ffd45f125fe46746cf345bf6c2758b,824437,Cleveland Guardians,Washington Nationals,2026-05-24,0.621,0.379,4.64,3.38,8.02,5,night,99.67542052561816,101.69316752504427,100.29335357151427,98.16468906731444,4.218484147199999,5.748749729032259,3.376347334453782,4.484324,0.3122527679999999,0.3625904516129032,0.2845508991596638,0.3209975,87.558526740666,84.32130750605326,87.82478632478633,84.3006711409396,0.2662595841203341,-0.0206363651136598,991.0,417.0,11.0,23.0,468.0,153.0,5.0,8.0,2.0,10.0
2026-05-25,8c78facf9134823f8b8caaecab733fe5,823380,Pittsburgh Pirates,Chicago Cubs,2026-05-24,0.5,0.5,4.09,4.1,8.19,31,day,101.63022609041572,100.71861916996144,100.13532808201452,99.54945833425668,5.027324063255811,2.5996252339869264,6.101907857943925,2.1553668,0.3388593441860464,0.2590008300653594,0.3742074953271028,0.2443870657894736,89.55511163337249,92.7912457912458,89.62482435597191,92.84898648648648,0.0697127225994194,0.057740695240696,851.0,594.0,10.0,15.0,427.0,296.0,5.0,7.0,2.0,1.0
2026-05-25,8fb262f6c182cf0135648235b653fcdc,822812,Toronto Blue Jays,Miami Marlins,2026-05-24,0.611,0.389,4.43,3.27,7.7,14,night,100.98957915727958,102.14911080166958,98.29211778694102,100.60787514924289,1.2159446019801976,4.117745994805195,1.2159446019801967,4.410321180327869,0.2134850198019801,0.308939012987013,0.2134850198019801,0.3185631967213114,89.04929577464789,87.95487238979119,89.04929577464789,88.24330357142857,0.0,0.2884311816373781,426.0,863.0,5.0,10.0,426.0,449.0,5.0,5.0,2.0,8.0
2026-05-25,bc69f749f6c99f6d4bfe0f276b216404,823219,San Francisco Giants,Arizona Diamondbacks,2026-05-24,0.549,0.451,4.19,3.68,7.87,2395,day,99.21859199283315,99.70192950666524,100.40329405339789,99.98064779342586,2.8837303135135146,7.722949573033706,3.2251042123893807,6.723646325581397,0.2683463918918919,0.4275312359550561,0.279575796460177,0.3946594186046512,86.54768421052631,89.02063253012048,86.21226611226611,88.97463312368973,-0.3354180982602059,-0.0459994064307522,950.0,668.0,10.0,7.0,481.0,481.0,5.0,5.0,2.0,6.0
2026-05-25,c6ff6f73bf527a17ffd4a0fad2e61698,822899,Texas Rangers,Houston Astros,2026-05-24,0.565,0.435,4.68,3.99,8.67,5325,night,101.90084773320405,100.4470579641958,99.3534674752596,98.42102560716134,5.168070325388599,6.276209330120482,6.09690454368932,8.412835323076923,0.3434891554404144,0.3799410963855421,0.3740429126213592,0.4502248461538461,89.63490813648295,90.86908077994428,89.29396135265699,91.67987012987014,-0.3409467838259559,0.8107893499258552,764.0,360.0,9.0,5.0,415.0,154.0,5.0,2.0,0.0,9.0
2026-05-25,e94284827b5744a1519040f323631cda,824107,Kansas City Royals,New York Yankees,2026-05-24,0.437,0.563,3.98,4.64,8.62,7,day,99.28046294977128,100.6282631772248,100.44614861120934,100.09181142260869,4.190307090322581,3.307532989954338,3.4095202048000006,2.652533155555556,0.3113258911290322,0.2822872694063927,0.285642112,0.2607412222222222,87.27339847991314,90.7204954954955,87.507311827957,90.49371584699452,0.2339133480438562,-0.2267796485009654,921.0,888.0,10.0,10.0,465.0,366.0,5.0,4.0,3.0,4.0
2026-05-26,178bf0e15a0e6812cdf47d0523e51ac7,823216,San Francisco Giants,Arizona Diamondbacks,2026-05-25,0.489,0.511,4.49,4.61,9.1,2395,night,100.74719278383851,99.41878898682003,100.7604000042076,99.6505018518416,4.424068778761062,4.614006769230769,2.929598666666668,3.9562622362204736,0.3190154203539823,0.3252633805668016,0.2698552192982456,0.3036270472440945,89.0554802259887,88.36296296296297,88.86431818181819,88.78229166666667,-0.191162044170511,0.4193287037036981,885.0,946.0,10.0,10.0,440.0,480.0,5.0,5.0,5.0,7.0
2026-05-26,2a617b3c38b4cfff06d9866d761bb481,823379,Pittsburgh Pirates,Chicago Cubs,2026-05-25,0.553,0.447,4.39,3.84,8.23,31,night,99.60801285021502,,100.16940815449004,,2.931343862295081,,3.995406412307691,,0.2699126270491803,,0.3049146846153845,,92.43514739229023,,92.66107382550337,,0.2259264332131039,,882.0,,10.0,,447.0,,5.0,,12.0,1.0
2026-05-26,3612f76561632387afb3c6779ef370b1,824837,Baltimore Orioles,Tampa Bay Rays,2026-05-25,0.464,0.536,3.94,4.32,8.26,2,night,99.81270127781536,101.30716322802478,99.26874026278186,99.490684481793,5.033837587096773,4.855384920353982,5.374220459016393,3.924651555555558,0.3390736048387096,0.3332034513274336,0.3502704098360655,0.3025872222222223,90.86797520661156,92.41479820627802,90.49899193548389,92.67335907335908,-0.3689832711276892,0.2585608670810586,976.0,454.0,10.0,16.0,503.0,263.0,5.0,5.0,6.0,1.0
2026-05-26,42ec808f3f2b51bde3830094a2d31f59,823624,New York Mets,Cincinnati Reds,2026-05-25,0.513,0.487,4.05,3.91,7.96,3289,night,93.59265516984716,100.10421699581882,97.7798256710592,99.18419846085942,4.79042954234234,2.9515887706422035,4.346010688,2.214485890909092,0.3310667612612611,0.2705785779816514,0.31644772,0.2463317727272727,88.601,94.856,88.9902564102564,94.97385620915033,0.389256410256408,0.1178562091503323,801.0,900.0,11.0,10.0,390.0,459.0,5.0,5.0,2.0,7.0
2026-05-26,57c63aa916ea5b39518da155c32b24ee,824597,Chicago White Sox,Minnesota Twins,2026-05-25,0.46,0.54,3.71,4.12,7.83,4,night,101.29817878165544,99.71554425609438,99.92759114039823,100.92008094088942,4.444256322869955,2.9695492195555557,3.936492340869564,2.753370718279571,0.3196794843049327,0.2711693822222222,0.3029767217391304,0.264058247311828,89.03757159221077,88.12240085744908,89.15364077669904,87.9117048346056,0.1160691844882677,-0.2106960228434786,873.0,934.0,10.0,11.0,412.0,394.0,5.0,5.0,3.0,5.0
2026-05-26,6c64b931bb7cda75b570159a5a4ed328,824275,Detroit Tigers,Los Angeles Angels,2026-05-25,0.643,0.357,5.37,3.88,9.25,2394,night,99.94207222110671,97.65014600011789,100.26181181261089,99.1418483769028,4.004266474226805,5.387760984615383,5.836958752293577,5.270971956589147,0.3052061340206186,0.3507158218623481,0.3654920642201834,0.3468740775193798,89.58621659634318,92.68222698072805,89.3513853904282,92.4295358649789,-0.2348312059149719,-0.252691115749144,711.0,939.0,9.0,10.0,397.0,478.0,5.0,5.0,6.0,10.0
2026-05-26,82e37a8a126f9724f8872ec1669446da,823294,San Diego Padres,Philadelphia Phillies,2026-05-25,0.588,0.412,4.8,3.88,8.68,2680,night,100.06263470143575,100.7102934622306,99.8768693417488,100.33490163055713,5.748342163228699,5.124453596412557,6.8645211449541295,5.175515851851852,0.3625770448430493,0.3420543946188341,0.3992934587155963,0.3437340740740741,90.79714611872149,86.11447811447812,90.8748299319728,85.902466367713,0.0776838132513262,-0.2120117467651141,876.0,891.0,10.0,10.0,441.0,446.0,5.0,5.0,3.0,4.0
2026-05-26,990789f1b2f666667f7dad0fe7d8b8b8,824758,Boston Red Sox,Atlanta Braves,2026-05-25,0.515,0.485,4.26,4.11,8.37,3,night,98.5103664679807,100.81540498604876,98.44404641002475,97.79261795678876,3.3688154042553213,2.65721912195122,0.751846716049382,2.6572191219512176,0.2843031382978724,0.2608953658536585,0.1982186419753086,0.2608953658536584,86.35212038303693,88.84088397790056,86.54819277108433,88.84088397790056,0.1960723880473978,0.0,733.0,362.0,9.0,4.0,332.0,362.0,4.0,4.0,6.0,7.0
2026-05-26,acd23c21d644ac44611a206f197cdd6b,823949,Los Angeles Dodgers,Colorado Rockies,2026-05-25,0.757,0.243,5.91,3.21,9.12,22,night,100.63679786661751,94.07292152262536,98.4891273248596,98.75267449598836,6.078523130434782,6.006067414525138,8.074763661016949,7.06808785714286,0.3734382608695651,0.3710548491620111,0.4391040677966101,0.4059897321428572,86.14485049833887,86.4327485380117,86.03971291866029,85.86497695852535,-0.1051375796785833,-0.5677715794863474,602.0,684.0,8.0,8.0,209.0,434.0,3.0,5.0,15.0,6.0
2026-05-26,b50993453829a9cf93015ffb4cce5262,822811,Toronto Blue Jays,Miami Marlins,2026-05-25,0.555,0.445,4.75,4.18,8.93,14,night,90.58484475582163,100.7609841525418,99.82333557793956,100.5791307384038,4.1928990142857145,3.6020040441379337,4.411740013114755,4.059166516129034,0.3114111517857142,0.2919738172413794,0.318609868852459,0.3070120564516129,88.01239130434782,92.04792452830188,87.82716049382717,91.684008097166,-0.1852308105206503,-0.3639164311358911,463.0,1060.0,27.0,11.0,246.0,494.0,14.0,5.0,8.0,1.0
2026-05-26,ba00397c03fc2b6ae2ee60c76dbab901,824106,Kansas City Royals,New York Yankees,2026-05-25,0.342,0.658,2.72,4.36,7.08,7,night,97.92026521792542,101.26382333095832,96.64993655929568,99.6250332190429,5.158916682926829,2.5589300079681268,6.570621714285715,3.030325848739497,0.3431880487804878,0.257662171314741,0.3896257142857143,0.2731686134453782,89.02962962962962,95.65824175824176,88.47611940298506,96.34657258064516,-0.553510226644562,0.688330822403401,135.0,1004.0,4.0,11.0,67.0,497.0,2.0,5.0,1.0,15.0
2026-05-26,d8d4e1b2c44eb56c7b6ab81de4f6b385,822898,Texas Rangers,Houston Astros,2026-05-25,0.557,0.443,4.66,4.07,8.73,5325,night,100.96891506896054,100.23190462091186,99.80235213771422,99.30023178529196,4.891155704201681,4.24484257142857,4.4619925460317456,4.244842571428573,0.3343801218487395,0.3131198214285713,0.3202629126984126,0.3131198214285715,92.03354838709676,85.75276381909548,92.07430997876858,85.75276381909548,0.04076159167181,0.0,930.0,200.0,10.0,3.0,471.0,200.0,5.0,3.0,10.0,7.0
2026-05-26,e3e38b1f0ba0517d7e95030e6f0b6a8d,824434,Cleveland Guardians,Washington Nationals,2026-05-25,0.639,0.361,4.73,3.27,8.0,5,night,94.60819620295142,101.62521045747886,97.56450284191074,99.1450827391988,4.047995761038962,4.451746271604939,3.898766943396226,4.673918148031496,0.3066445974025974,0.3199258641975309,0.3017357547169811,0.3272341496062992,85.3771855010661,91.05941558441558,85.06474820143885,90.93452914798208,-0.3124372996272484,-0.1248864364334991,938.0,925.0,11.0,11.0,417.0,446.0,5.0,5.0,3.0,6.0
2026-05-27,0320eab1e5e078823858b2f7f29d919a,824432,Cleveland Guardians,Washington Nationals,2026-05-26,0.665,0.335,4.98,3.26,8.24,5,day,99.00540212532093,101.83323502923122,100.11841828954846,98.09817861868486,4.52774765631769,6.047779888000001,4.623128035555554,5.531729297297298,0.3224259097472924,0.37242697,0.3255634222222222,0.3554516216216216,90.40500490677134,84.46628959276018,90.18436123348016,84.66404494382023,-0.220643673291164,0.1977553510600529,1050.0,446.0,11.0,24.0,485.0,182.0,5.0,9.0,3.0,2.0
2026-05-27,0bf247d0cff39f586755507c71b2d50c,823217,San Francisco Giants,Arizona Diamondbacks,2026-05-26,0.502,0.498,4.1,4.08,8.18,2395,day,94.7543950142062,100.21041938212905,100.02769013746656,100.038537797035,4.338667686956521,4.8115692551724125,4.338667686956523,4.651652040677967,0.3162061739130434,0.3317621465517241,0.3162061739130435,0.3265017118644068,90.84378698224852,87.81845303867404,90.84378698224852,87.19725400457665,0.0,-0.621199034097387,338.0,905.0,4.0,10.0,338.0,437.0,4.0,5.0,2.0,3.0
2026-05-27,163227043e0edc8544e84f24250fe6b3,824836,Baltimore Orioles,Tampa Bay Rays,2026-05-26,0.457,0.543,3.81,4.27,8.08,2,night,90.19890317235166,97.8705042035608,99.1113529699761,99.32000820547692,6.287173935483869,4.8172400771084325,6.287173935483871,3.902489374999999,0.3803017741935483,0.3319486867469879,0.3803017741935484,0.3018582031249999,90.12820512820512,87.41122754491018,90.12820512820512,88.20916334661355,0.0,0.7979358017033746,117.0,668.0,2.0,8.0,117.0,251.0,2.0,3.0,11.0,2.0
2026-05-27,228dd3c2e156b75b9ed49b10de2e6765,822897,Texas Rangers,Houston Astros,2026-05-26,0.645,0.355,4.81,3.29,8.1,5325,night,101.22869840895568,100.63746543172742,100.767780626878,99.58690215021484,4.190038504672897,4.54923950769231,5.134837333333335,5.04612593846154,0.3113170560747663,0.3231328785425101,0.3423959649122807,0.3394778269230769,93.0313725490196,89.51491891891892,92.66886363636364,88.97911227154047,-0.3625089126559686,-0.5358066473784504,871.0,925.0,10.0,10.0,441.0,383.0,5.0,4.0,3.0,4.0
2026-05-27,22b2c62258204f36738be815101ba92b,824270,Detroit Tigers,Los Angeles Angels,2026-05-26,0.572,0.428,4.42,3.67,8.09,2394,night,102.5868090275236,101.99459137322962,99.7269194547977,99.78019010931428,2.7125496888888896,3.9972013618320617,1.1830641481481496,5.360819110399998,0.2627154502923977,0.3049737290076336,0.2124034259259259,0.3498295759999999,89.67824726134586,93.28866666666669,89.79549999999999,93.56790890269151,0.1172527386541304,0.2792422360248423,639.0,1054.0,8.0,11.0,200.0,483.0,3.0,5.0,4.0,0.0
2026-05-27,2b326f001d0f02dd0d2032f5291d9966,823376,Pittsburgh Pirates,Chicago Cubs,2026-05-26,0.466,0.534,4.24,4.59,8.83,31,night,102.76952884770232,99.13041844717182,98.7790688614567,100.17213799556453,4.86029049904762,5.549154627586207,4.089898901960783,6.126628006837607,0.333364819047619,0.356024823275862,0.3080229901960784,0.3750206581196581,94.93274440518256,86.16815217391304,94.77699530516432,86.39247311827957,-0.1557491000182409,0.224320944366525,855.0,924.0,10.0,10.0,431.0,465.0,5.0,5.0,4.0,10.0
2026-05-27,37259b2bbe7415ecdf587502c33a932d,823295,San Diego Padres,Philadelphia Phillies,2026-05-26,0.407,0.593,3.41,4.38,7.79,2680,day,101.0297292514393,100.096518297854,99.60211942829793,98.95955691667342,5.030929394059408,2.9413441247457643,4.791376989090907,2.304038569014084,0.3389779405940594,0.2702415830508475,0.3310979272727272,0.2492775845070422,88.53219512195122,89.98300094966763,89.06971046770602,90.15848670756648,0.5375153457547981,0.1754857578988407,820.0,1053.0,10.0,11.0,449.0,489.0,5.0,5.0,0.0,3.0
2026-05-27,5245e46d5b599afb14e52536df8267e9,824596,Chicago White Sox,Minnesota Twins,2026-05-26,0.547,0.453,4.52,4.03,8.55,4,night,,94.7738288567407,,97.50519056099496,,4.0595120132231415,,4.294059169230768,,0.3070234214876033,,0.3147387884615384,,89.16372360844531,,89.05375854214122,,-0.1099650663040847,,522.0,,6.0,,439.0,,5.0,15.0,2.0
2026-05-27,6dd8c66f2fcc65059e5f099901f4a42b,822809,Toronto Blue Jays,Miami Marlins,2026-05-26,0.597,0.403,4.54,3.52,8.06,14,day,103.10443257499448,102.34814793969598,100.50905747696451,98.67438072981751,3.5245080314960626,5.452434252799999,3.99699705982906,5.441574400000001,0.2894246062992126,0.3528432319999999,0.3049670085470085,0.352486,89.14193867457962,92.37969696969697,89.27983367983367,92.4331896551724,0.1378950052540517,0.0534926854754473,1011.0,991.0,11.0,11.0,481.0,464.0,5.0,5.0,2.0,1.0
2026-05-27,77b3529d80cffeb203543f5f2201f8ff,823947,Los Angeles Dodgers,Colorado Rockies,2026-05-26,0.793,0.207,5.01,1.9,6.91,22,night,102.21014000590463,99.74827866504825,99.65811366983128,100.5856363470281,2.254958256084656,7.315363300900902,2.868783851546393,8.246405918584074,0.2476631005291005,0.4141237927927928,0.2678547319587629,0.4447501946902655,90.37907284768212,88.23020214030916,90.31528497409326,87.91028708133972,-0.0637878735888506,-0.3199150589694426,755.0,844.0,8.0,10.0,386.0,419.0,4.0,5.0,4.0,1.0
2026-05-27,880e1e94ed3cbd5f07937fd05887eb09,824756,Boston Red Sox,Atlanta Braves,2026-05-26,0.473,0.527,3.97,4.25,8.22,3,night,100.28699316431444,99.25100338620828,98.36173658117686,99.38230669474076,5.032201244444444,3.106329888235294,4.555228479999999,3.3037786031746017,0.3390197777777777,0.2756687463235294,0.3233298842105263,0.2821637698412698,88.2969696969697,88.46104830421378,88.62102272727272,89.0267543859649,0.3240530303030198,0.5657060817511308,891.0,974.0,10.0,11.0,352.0,457.0,4.0,5.0,8.0,0.0
2026-05-27,a9124c7ee5e65da688ee0e5e3c192445,824104,Kansas City Royals,New York Yankees,2026-05-26,0.424,0.576,3.34,4.14,7.48,7,night,98.29881875786688,100.71807577387654,98.79379460751376,96.55506049757513,5.315269638095238,2.443945090909092,3.2469876129032254,2.443945090909092,0.3483312380952381,0.2538797727272727,0.2802956451612903,0.2538797727272727,87.05526992287918,92.64166666666668,87.55956284153005,92.64166666666668,0.5042929186508758,0.0,778.0,72.0,9.0,1.0,366.0,72.0,4.0,1.0,0.0,7.0
2026-05-27,ded9b9a083989d5a8249364b1eb5a293,823626,New York Mets,Cincinnati Reds,2026-05-26,0.544,0.456,4.27,3.81,8.08,3289,night,96.6220623924472,98.01618411959204,100.1006452794904,98.13585750674262,2.558996654545453,5.018569046413503,1.592142059574468,4.050490201834863,0.2576643636363636,0.3385713502109704,0.2258599361702127,0.3067266513761468,93.41844155844156,87.45020533880904,93.7622950819672,87.47736263736263,0.3438535235256523,0.0271572985535897,392.0,974.0,22.0,11.0,189.0,455.0,10.0,5.0,4.0,2.0
2026-05-28,10c998a5c2995335fd238b7e7e037c62,823378,Pittsburgh Pirates,Chicago Cubs,2026-05-27,0.604,0.396,4.26,3.16,7.42,31,night,102.14270028355328,102.09620978454844,100.31655328897877,99.8543461593688,2.272323248695652,5.515620058369096,2.991027385123968,6.40817098119658,0.2482343173913043,0.3549217124463518,0.2718759008264463,0.3842819401709401,92.79324758842444,89.42153846153847,92.61437371663244,89.33557483731019,-0.1788738717920068,-0.0859636242282846,933.0,910.0,11.0,11.0,487.0,461.0,5.0,5.0,2.0,7.0
2026-05-28,26a9e538184a6f2d2c207fd1872bd028,824595,Chicago White Sox,Minnesota Twins,2026-05-27,0.542,0.458,4.32,3.87,8.19,4,day,100.1812738753496,96.32518212882296,100.4116956675431,96.11337532968108,3.852810235983264,3.958255546666668,2.697166161983472,2.947564246153846,0.3002240209205021,0.3036926166666667,0.2622094132231405,0.2704461923076923,90.10997830802604,92.2237885462555,90.36918238993712,92.271875,0.2592040819110792,0.0480864537445029,922.0,227.0,10.0,5.0,477.0,192.0,5.0,4.0,6.0,2.0
2026-05-28,28a4545a50aea1be3bff69f0dea3afcc,824272,Detroit Tigers,Los Angeles Angels,2026-05-27,0.611,0.389,5.64,4.49,10.13,2394,day,101.48697274159905,100.4371116492497,99.2620592009184,99.29064563533096,5.3865816216216205,7.755512695652175,5.0254615611650495,7.755512695652175,0.3506770270270269,0.4286023913043478,0.3387980776699029,0.4286023913043478,87.33930817610063,89.46477272727272,87.32190265486726,89.46477272727272,-0.0174055212333712,0.0,954.0,176.0,11.0,2.0,452.0,176.0,5.0,2.0,1.0,7.0
2026-05-28,5bacfc86e437d15ee2ffef91a1562308,822896,Texas Rangers,Houston Astros,2026-05-27,0.59,0.41,4.23,3.29,7.52,5325,night,103.25707715615084,98.95229165420808,100.7379078955749,98.21639598281322,4.45714984375,5.119457222988505,3.638987992660551,4.968891766666666,0.32010361328125,0.341890040229885,0.2931903944954128,0.3369372291666666,87.63978260869565,84.4161387631976,87.22563451776651,85.03126684636118,-0.4141480909291459,0.615128083163583,920.0,663.0,10.0,7.0,394.0,371.0,4.0,4.0,1.0,5.0
2026-05-28,6072e0886fb927d9ece5f578024d31e2,824757,Boston Red Sox,Atlanta Braves,2026-05-27,0.386,0.614,2.83,4.02,6.85,3,day,98.91425613588557,97.83538396289887,98.12519542066606,99.0654677934217,1.909098336690647,3.179536763485478,2.407582947008545,3.2764770461538477,0.2362861294964028,0.278076867219917,0.2526836495726495,0.2812656923076923,92.91292929292928,87.68057324840765,92.76741293532338,88.53200000000001,-0.1455163576059135,0.8514267515923564,495.0,942.0,6.0,10.0,402.0,400.0,5.0,4.0,2.0,10.0
2026-05-28,f83cd7ff929aebf58050093ee52c8a86,824834,Baltimore Orioles,Toronto Blue Jays,2026-05-27,0.492,0.508,3.93,4.01,7.94,2,night,101.15293169680174,91.23250341568288,99.59898643592066,98.75612644084312,5.210147142342347,5.690754514285715,4.1034768,5.407330032432433,0.3448732612612614,0.3606827142857143,0.3084696315789473,0.3513595405405405,84.45943060498222,84.66994301994302,84.43861386138613,84.25244215938302,-0.0208167435960859,-0.417500860559997,843.0,702.0,10.0,9.0,404.0,389.0,5.0,5.0,1.0,2.0
2026-05-29,0efc76f321b5fc7e72e7e7641d5667f6,824515,Cincinnati Reds,Atlanta Braves,2026-05-28,0.409,0.591,4.37,5.32,9.69,2602,night,103.5142194554016,99.41172576384106,100.55435925787208,98.85485807638,4.687504640000002,4.521730654708522,5.949005409523808,4.569675454545454,0.3276810736842105,0.3222279820627803,0.3691778095238094,0.3238051136363636,86.83145917001339,89.35253623188405,86.5195744680851,89.0150442477876,-0.3118847019282924,-0.3374919840964452,747.0,830.0,9.0,10.0,235.0,340.0,3.0,4.0,3.0,8.0
2026-05-29,1587b2f52f5f1a490cebb01e524ec361,824594,Chicago White Sox,Detroit Tigers,2026-05-28,0.475,0.525,3.9,4.16,8.06,4,night,98.92861268505374,101.00067515087498,100.25805819558968,98.16726795950096,5.053532398139533,6.017326909090909,6.046359037037037,6.017326909090909,0.3397214604651162,0.3714252272727272,0.3723802314814814,0.3714252272727272,87.73509389671362,92.87215189873416,87.92137931034483,92.87215189873416,0.1862854136312108,0.0,852.0,79.0,10.0,1.0,435.0,79.0,5.0,1.0,4.0,3.0
2026-05-29,18e8a4acb1d40019544cfef0a5f07ef1,823946,Los Angeles Dodgers,Philadelphia Phillies,2026-05-28,0.533,0.467,3.99,3.64,7.63,22,night,95.4601847277753,100.42791843419393,99.01763419312869,100.0936819851436,4.448027672246695,3.344614319999998,4.917214933333332,3.390413440000001,0.3198035418502202,0.2835070499999999,0.3352373333333333,0.2850136,89.44597560975609,90.39142857142856,89.43056994818652,90.48256302521008,-0.0154056615695736,0.091134453781521,822.0,560.0,9.0,6.0,387.0,476.0,4.0,5.0,4.0,2.0
2026-05-29,2106f4fc8ef576eac2a39262d02f66e7,824353,Colorado Rockies,San Francisco Giants,2026-05-28,0.389,0.611,4.48,5.65,10.13,19,night,100.49250876187648,101.4249717940558,99.73953143303332,100.53173689821828,6.123564596138994,4.924446788349516,6.417226847457629,5.349362144680851,0.3749198880308879,0.3354752233009709,0.3845798305084746,0.3494527021276595,88.34511201629327,89.11586867305061,89.0325221238938,89.31818181818181,0.6874101076005275,0.2023131451311997,982.0,731.0,12.0,8.0,452.0,154.0,5.0,2.0,8.0,6.0
2026-05-29,274a30921628d47bff96d4b5f37f6a19,824191,Houston Astros,Milwaukee Brewers,2026-05-28,0.44,0.56,3.91,4.53,8.44,2392,night,100.48666095704677,92.07806255778542,99.7975189245056,101.83774164204812,3.8391210041379313,3.4967739199999985,4.136355317647061,1.9895311999999987,0.2997737172413793,0.2885122999999999,0.3095511617647059,0.238931947368421,88.80963855421687,85.32137931034482,88.27340425531915,85.66029411764706,-0.5362342988977247,0.3389148073022312,581.0,145.0,17.0,2.0,282.0,68.0,5.0,1.0,4.0,5.0
2026-05-29,57848c1e5cf12fb46c9c6e5c89c1022e,822894,Texas Rangers,Kansas City Royals,2026-05-28,0.509,0.491,3.81,3.71,7.52,5325,night,97.61000446517166,102.6036432448527,98.21975128820677,100.56696986055272,4.131539468965518,3.31512666122449,3.02508904,3.31512666122449,0.3093927456896552,0.2825370612244898,0.27299635,0.2825370612244898,90.09469854469856,90.0024523160763,89.94247572815534,90.0024523160763,-0.1522228165432011,0.0,963.0,367.0,11.0,4.0,412.0,367.0,5.0,4.0,9.0,1.0
2026-05-29,6493e9132fdd464eebd5031d8ad02c41,823623,New York Mets,Miami Marlins,2026-05-28,0.533,0.467,3.87,3.53,7.4,3289,night,103.53846153126248,99.29653231265388,99.13280888547226,99.56513459645475,3.759163792366412,4.100688269879519,3.6582039999999982,3.339906210169492,0.2971435458015267,0.3083779036144578,0.2938224999999999,0.2833521779661017,89.32734225621414,90.98858024691356,89.84247422680411,91.08408602150536,0.5151319705899766,0.0955057745917997,1046.0,972.0,11.0,11.0,485.0,465.0,5.0,5.0,9.0,7.0
2026-05-29,765d27e397e587aa1885002dd751e9da,823377,Pittsburgh Pirates,Minnesota Twins,2026-05-28,0.569,0.431,4.51,3.79,8.3,31,night,,103.60643590514503,,99.1069927679624,,3.9136018592592583,,2.469622628571429,,0.3022237453703703,,0.2547244285714286,,92.13192702394528,,92.7374558303887,,0.6055288064434308,,877.0,,9.0,,283.0,,3.0,6.0,5.0
2026-05-29,8c92a04b11da0a1f6f84d1dfd48fbf9d,822732,Washington Nationals,San Diego Padres,2026-05-28,0.475,0.525,4.41,4.67,9.08,3309,night,101.29641334242947,101.35894328168784,99.63135553092002,98.86521745250812,4.615953034146343,4.244156214634144,3.4061361818181792,4.244156214634147,0.3253274024390244,0.3130972439024389,0.2855307954545453,0.313097243902439,89.75277777777778,84.06280487804878,89.76011560693641,84.06280487804878,0.0073378291586294,0.0,326.0,165.0,15.0,2.0,175.0,165.0,9.0,2.0,5.0,7.0
2026-05-29,95952a4215c0c1d281c4dcbed7471d28,822978,Tampa Bay Rays,Los Angeles Angels,2026-05-28,0.633,0.367,4.7,3.3,8.0,12,night,97.83536099332484,99.2378646422435,101.06290164122191,99.2549068498452,4.630450429875516,3.5358457293413177,5.36336608,3.47053945185185,0.3258042904564314,0.2897975568862275,0.3499133578947368,0.287649324074074,86.79797377830751,93.70014947683109,86.60341614906832,93.36290322580643,-0.1945576292391848,-0.3372462510246379,840.0,673.0,10.0,9.0,322.0,434.0,4.0,5.0,8.0,5.0
2026-05-29,bc8152dee5f6a9c85e452cc78f0747e4,823135,Seattle Mariners,Arizona Diamondbacks,2026-05-28,0.577,0.423,4.1,3.29,7.39,680,night,99.3734090589902,100.95309022876432,101.04019060537456,100.81076299238416,3.607845522021659,5.234829596652719,4.443662783999999,5.178600213333335,0.2921659711191335,0.3456851841004184,0.3196599599999999,0.3438355333333334,91.9676153091266,88.94105037513398,91.56898734177214,88.57814569536424,-0.3986279673544572,-0.3629046797697413,1020.0,933.0,11.0,11.0,474.0,453.0,5.0,5.0,7.0,6.0
2026-05-29,d32dadf5a576ba276bac1775287783ba,824433,Cleveland Guardians,Boston Red Sox,2026-05-28,0.536,0.464,4.18,3.81,7.99,5,night,101.6500258031894,97.62821869701588,100.04175534499136,97.76032645768666,5.089845073015872,5.100611908571428,4.141793345132742,5.998615200000001,0.3409159563492063,0.3412701285714285,0.3097300442477875,0.3708097105263158,88.0312761506276,90.19263565891472,89.56943127962086,90.6970802919708,1.5381551289932531,0.5044446330560817,958.0,259.0,11.0,18.0,423.0,137.0,5.0,11.0,4.0,3.0
2026-05-29,ddd9481c210fa90dea318ad8e185cf22,824835,Baltimore Orioles,Toronto Blue Jays,2026-05-28,0.489,0.511,4.27,4.39,8.66,2,night,101.8794713986784,96.54060563453734,98.4448806392949,99.104315529064,4.912190670769231,4.460260711111109,6.89733726984127,4.460260711111109,0.3350720615384615,0.3202059444444444,0.4003729365079365,0.3202059444444444,88.86607369758578,88.17564102564103,90.46693227091632,88.17564102564103,1.6008585733305551,0.0,788.0,78.0,9.0,6.0,252.0,78.0,3.0,6.0,5.0,6.0
2026-05-30,63299501,822893,Texas Rangers,Kansas City Royals,2026-05-29,0.518,0.482,4.08,3.89,7.97,5325,day,101.79723361784754,99.06925406689506,99.36807425385264,100.48922704085749,4.910096714418605,5.517447323529411,5.127353077227724,6.557388357723578,0.3350031813953488,0.3549818198529411,0.3421497722772277,0.389190406504065,89.5435655253837,85.64932038834952,89.10915662650604,85.54537815126051,-0.4344088988776633,-0.103942237089015,849.0,1031.0,10.0,11.0,415.0,477.0,5.0,5.0,7.0,6.0
2026-05-30,63299521,824593,Chicago White Sox,Detroit Tigers,2026-05-29,0.467,0.533,3.76,4.11,7.87,4,day,97.55080510822236,96.43000542134862,97.80339940114212,98.7607227432449,5.943223275862071,4.768810285714284,4.069645405405405,5.379146226666668,0.3689876077586207,0.3303556015037593,0.3073567567567567,0.3504324416666667,90.28276923076923,88.14464831804281,89.87797356828193,88.05179372197308,-0.4047956624873023,-0.0928545960697277,975.0,982.0,11.0,11.0,454.0,447.0,5.0,5.0,7.0,1.0
2026-05-30,63299639,822731,Washington Nationals,San Diego Padres,2026-05-29,0.459,0.541,3.53,3.97,7.5,3309,day,94.01432995791906,98.22668141841342,98.9432574938652,99.43369558039964,4.503659224806204,3.918591753846153,4.085259462295083,3.962587999999999,0.321633527131783,0.3023878866396761,0.3078703770491803,0.3038351315789473,85.70607843137255,88.59614624505929,85.65762004175366,88.51091703056768,-0.0484583896188866,-0.0852292144916049,1021.0,1012.0,11.0,11.0,479.0,458.0,5.0,5.0,9.0,4.0
2026-05-30,63299695,824190,Houston Astros,Milwaukee Brewers,2026-05-29,0.472,0.528,4.1,4.39,8.49,2392,day,100.17565791892244,98.8757057365587,99.4234065882953,99.3606306763789,4.066754304761907,5.1552866309278365,4.469809013333334,4.564168474074073,0.3072616547619048,0.3430686391752577,0.3205200333333333,0.3236239629629629,89.7927191679049,92.71202046035806,89.56160164271047,93.47682926829268,-0.2311175251944348,0.764808807934628,674.0,783.0,7.0,10.0,488.0,328.0,5.0,4.0,9.0,2.0
2026-05-30,63299705,824833,Baltimore Orioles,Toronto Blue Jays,2026-05-29,0.453,0.547,3.46,3.95,7.41,2,day,100.10972358636587,100.56305685162695,99.7007471129449,98.22078948885223,4.632918161490683,1.5989072875000012,5.056900271186441,1.927016044444444,0.3258854658385093,0.2260824765625,0.3398322457627118,0.2368755277777777,88.84818481848185,89.09790076335878,88.81409395973155,89.12444444444445,-0.0340908587503037,0.0265436810856698,606.0,524.0,7.0,6.0,447.0,450.0,5.0,5.0,6.0,5.0
2026-05-30,63299887,823132,Seattle Mariners,Arizona Diamondbacks,2026-05-29,0.593,0.407,3.98,3.01,6.99,680,night,100.63849878089384,96.61636393099788,100.53308198978247,99.93114792713436,3.2864753631372547,4.851239222310758,2.467732000000002,4.239864703030304,0.2815945843137254,0.3330670796812749,0.2546622368421053,0.3129560757575758,92.48884210526316,92.96052060737529,92.1779443254818,93.5698689956332,-0.3108977797813566,0.6093483882579136,953.0,927.0,11.0,11.0,470.0,462.0,5.0,5.0,5.0,1.0
2026-05-30,63300113,824352,Colorado Rockies,San Francisco Giants,2026-05-29,0.446,0.554,5.08,5.65,10.73,19,night,99.19906443084678,99.45095441820467,99.00847753407363,100.38299514419003,6.54375127272727,5.818520178540773,,5.5451781527272725,0.3887418181818181,0.3648855321888412,,0.3558940181818181,89.24018404907976,91.1921968787515,,91.9488888888889,,0.7566920101373995,326.0,833.0,5.0,10.0,,405.0,,5.0,8.0,3.0
2026-05-30,63300119,824513,Cincinnati Reds,Atlanta Braves,2026-05-29,0.41,0.59,4.23,5.18,9.41,2602,night,94.3595702151058,96.60590819974844,99.62977972081391,99.53882789566048,6.261221072985782,4.3568834,7.28866016,3.653574246575343,0.3794480616113744,0.316805375,0.4132454,0.293670205479452,86.72207317073172,85.48887343532684,86.56996805111821,84.9390510948905,-0.152105119613509,-0.5498223404363358,820.0,719.0,10.0,11.0,313.0,274.0,4.0,5.0,2.0,5.0
2026-05-30,63300315,823945,Los Angeles Dodgers,Philadelphia Phillies,2026-05-29,0.558,0.442,4.59,3.98,8.57,22,night,102.62290145800162,97.6249215649416,98.88650612140786,98.2344287016966,5.303825616000001,3.3117315027027034,4.290343070967743,3.1434402666666674,0.34795479,0.2824253783783784,0.3146165483870968,0.2768894824561403,91.4582512315271,90.65103969754252,92.07184986595176,90.26270491803278,0.6135986344246476,-0.3883347795097478,812.0,1058.0,9.0,11.0,373.0,488.0,4.0,5.0,3.0,4.0
2026-05-30,63300415,824431,Cleveland Guardians,Boston Red Sox,2026-05-29,0.568,0.432,3.71,3.0,6.71,5,day,100.76239289553644,97.7706378651863,98.29277618480631,100.15595193049164,3.366146621686747,4.739924194350283,4.1980173333333335,3.40176589879518,0.2842153493975903,0.3294054011299435,0.3115795175438596,0.2853870361445783,88.82268145161291,87.2995670995671,88.82293986636971,86.9848184818482,0.0002584147568001,-0.3147486177189051,993.0,693.0,11.0,9.0,450.0,303.0,5.0,4.0,1.0,9.0
2026-05-30,63300457,823375,Pittsburgh Pirates,Minnesota Twins,2026-05-29,0.585,0.415,4.7,3.81,8.51,31,day,101.31709924612538,103.3926155984206,99.44795790004008,99.4167579367078,4.570379275000002,4.062015310671937,5.061921828571428,3.899886533333334,0.323828265625,0.3071057667984189,0.3399974285714285,0.3017725833333333,88.96846473029046,83.9303743315508,89.11570796460178,83.69234449760766,0.1472432343113183,-0.2380298339431306,965.0,935.0,11.0,11.0,453.0,418.0,5.0,5.0,10.0,9.0
2026-05-30,63300689,822975,Tampa Bay Rays,Los Angeles Angels,2026-05-29,0.628,0.372,4.48,3.13,7.61,12,day,100.39471172849174,98.0494316013346,100.3412509407331,98.87742564476292,3.357725379816513,2.9605558448669207,4.345266800000002,2.905467746341465,0.2839383348623853,0.2708735475285171,0.31642325,0.2690614390243903,92.31765389082462,88.01825922421949,92.53891891891892,87.98987603305785,0.221265028094308,-0.0283831911616374,861.0,1058.0,10.0,11.0,370.0,484.0,4.0,5.0,3.0,14.0
2026-05-30,63300779,823622,New York Mets,Miami Marlins,2026-05-29,0.537,0.463,3.61,3.23,6.84,3289,day,98.8497333007486,100.0817611067781,98.57412344543224,98.7005440652313,4.525073333333334,3.536687811111109,4.174814876923078,2.282637250000001,0.3223379385964912,0.2898252569444444,0.3108162788461538,0.24857359375,90.89956803455723,89.19820143884891,90.8054761904762,88.9323404255319,-0.0940918440810349,-0.2658610133170072,463.0,556.0,6.0,16.0,420.0,235.0,5.0,6.0,6.0,1.0
2026-05-31,63299609,823133,Seattle Mariners,Arizona Diamondbacks,2026-05-30,0.566,0.434,4.22,3.53,7.75,680,day,102.76427067835468,101.11694199439631,101.12592861515937,100.07323659232468,1.862291066666668,7.083023294117647,1.8622910666666672,5.125447333333334,0.2347464166666666,0.4064810294117646,0.2347464166666666,0.3420870833333333,91.2834745762712,88.98921052631579,91.2834745762712,88.94712153518122,0.0,-0.0420889911345625,240.0,764.0,3.0,8.0,240.0,471.0,3.0,5.0,3.0,2.0
2026-05-31,63299725,822729,Washington Nationals,San Diego Padres,2026-05-30,0.523,0.477,4.99,4.74,9.73,3309,day,101.3437775762262,100.9712530007821,99.14772784940988,98.21662353455646,6.634102482051283,4.943533656565657,5.073413162886598,4.943533656565656,0.3917138974358974,0.3361030808080808,0.3403754329896907,0.3361030808080807,87.8151913875598,90.75475578406169,88.68870523415978,90.75475578406169,0.8735138465999768,0.0,836.0,389.0,11.0,5.0,363.0,389.0,5.0,5.0,4.0,2.0
2026-05-31,63299785,824187,Houston Astros,Milwaukee Brewers,2026-05-30,0.369,0.631,3.09,4.46,7.55,2392,day,100.14278586390654,99.15260312629462,98.38596010164056,99.45868365625776,5.899107091262134,1.840147692307692,7.030224298305084,0.2034471272727276,0.367536417475728,0.2340180161943319,0.404744220338983,0.1801791818181818,90.76403508771932,96.9487951807229,91.17569721115537,97.80835214446952,0.4116621234360593,0.8595569637466269,457.0,998.0,6.0,11.0,251.0,443.0,3.0,5.0,0.0,2.0
2026-05-31,63299961,822976,Tampa Bay Rays,Los Angeles Angels,2026-05-30,0.649,0.351,5.08,3.53,8.61,12,day,97.01176553794797,97.93933888759466,98.58344374953256,99.04110281181998,3.820509449504951,5.278566981273408,2.9540929098039204,5.639905961290322,0.2991614950495049,0.3471239138576779,0.2706609509803921,0.359010064516129,89.64072229140723,92.663,89.70353535353534,92.46533333333332,0.0628130621281144,-0.1976666666666631,803.0,1005.0,10.0,11.0,396.0,454.0,5.0,5.0,5.0,2.0
2026-05-31,63300093,824512,Cincinnati Reds,Atlanta Braves,2026-05-30,0.445,0.555,4.08,4.66,8.74,2602,day,99.41795027988148,101.4267824263492,98.07736292495323,98.04639393216802,6.456164494382023,2.7488772815533977,6.456164494382021,2.7488772815533977,0.3858606741573033,0.2639104368932038,0.3858606741573033,0.2639104368932038,89.68611111111112,88.60378619153674,89.68611111111112,88.60378619153674,0.0,0.0,360.0,449.0,4.0,5.0,360.0,449.0,4.0,5.0,6.0,4.0
2026-05-31,63300095,824430,Cleveland Guardians,Boston Red Sox,2026-05-30,0.506,0.494,3.81,3.75,7.56,5,day,99.45545200952492,97.88805014588246,100.2016927889534,98.44786534366048,4.762821942857142,3.774788642253524,4.981615405309736,3.718014874074074,0.3301586165413533,0.2976575211267606,0.3373557699115044,0.2957899629629629,87.60342205323194,86.43941605839416,88.33577981651376,86.70974842767296,0.7323577632818257,0.2703323692788046,1052.0,824.0,12.0,10.0,436.0,318.0,5.0,4.0,4.0,9.0
2026-05-31,63300183,824832,Baltimore Orioles,Toronto Blue Jays,2026-05-30,0.532,0.468,4.23,3.88,8.11,2,day,93.3248061092686,98.5857677784162,99.0229716718506,100.2593504332386,4.503714537051792,3.071614857142859,4.193536731034483,2.043968470588235,0.3216353466135457,0.2745268045112782,0.3114321293103448,0.2407226470588235,90.01585603112841,90.54990253411306,90.44488517745305,89.95622641509435,0.4290291463246234,-0.5936761190187099,1029.0,514.0,11.0,15.0,480.0,266.0,5.0,6.0,9.0,5.0
2026-05-31,63300337,823621,New York Mets,Miami Marlins,2026-05-30,0.59,0.41,4.29,3.35,7.64,3289,day,99.63258942762704,97.57565792861514,99.47499567405968,97.26332891716744,3.3508121169960496,2.907396781176476,4.835882481355935,4.368763466666668,0.2837109249011858,0.2691248941176472,0.3325619237288136,0.3171961666666666,90.8761622156281,84.88519736842105,90.79933184855234,84.65,-0.0768303670757575,-0.2351973684210406,1011.0,308.0,11.0,26.0,449.0,130.0,5.0,11.0,10.0,1.0
2026-05-31,63300371,823373,Pittsburgh Pirates,Minnesota Twins,2026-05-30,0.62,0.38,4.51,3.25,7.76,31,day,99.46028998907852,101.26266448843562,100.11502890036112,99.87372001137294,3.044562461538463,2.485611243835617,3.268123293430655,2.4856112438356166,0.2736369230769231,0.2552503698630137,0.2809908978102189,0.2552503698630137,92.50040941658136,89.41439114391143,92.67208791208792,89.41439114391143,0.1716784955065549,0.0,977.0,271.0,11.0,3.0,455.0,271.0,5.0,3.0,9.0,3.0
2026-05-31,63300377,824354,Colorado Rockies,San Francisco Giants,2026-05-30,0.459,0.541,4.98,5.41,10.39,19,day,102.49314359707188,99.70469958107732,100.30392319899704,97.37804667698146,4.792741913043479,5.643401853658537,4.549373244444442,6.602654513274336,0.3311428260869565,0.3591250609756097,0.3231372777777777,0.390679424778761,88.25048355899419,88.43955938697317,87.84489164086688,88.37467811158798,-0.405591918127314,-0.0648812753851899,521.0,1044.0,8.0,11.0,323.0,466.0,5.0,5.0,6.0,19.0
2026-05-31,63300393,823944,Los Angeles Dodgers,Philadelphia Phillies,2026-05-30,0.668,0.332,5.16,3.43,8.59,22,day,101.45946138698667,100.56194360935478,100.80959346656212,99.47402275072275,4.104230716129034,4.713381525925928,3.806223255445545,5.139131493577985,0.3084944314516129,0.3285322870370371,0.2986915544554455,0.3425372201834863,90.78164754953076,90.55227817745804,91.28320413436693,90.31175,0.5015565848361518,-0.2405281774580459,959.0,834.0,10.0,10.0,387.0,400.0,4.0,5.0,9.0,1.0
2026-05-31,63300573,822895,Texas Rangers,Kansas City Royals,2026-05-30,0.507,0.493,3.8,3.72,7.52,5325,day,100.94474685762826,99.2113771991144,99.72979077235652,100.48597901780984,5.017003163636363,4.281813405090908,4.303062552380954,3.594889824999999,0.3385198409090909,0.3143359672727272,0.3150349523809524,0.2917397968749999,91.98946341463414,87.17948717948718,91.96955602536998,87.53620309050773,-0.0199073892641621,0.3567159110205438,1025.0,1015.0,11.0,11.0,473.0,454.0,5.0,5.0,6.0,3.0
2026-05-31,63300635,824592,Chicago White Sox,Detroit Tigers,2026-05-30,0.544,0.456,4.26,3.79,8.05,4,day,101.52490881542823,99.89673155427307,99.9932616924772,100.36653025332116,4.094114870967742,4.048502967272728,4.136344372413794,5.763748533333334,0.3081616733870967,0.3066612818181818,0.3095508017241379,0.3630838333333333,89.22374100719423,89.678125,89.5809633027523,89.36825,0.3572222955580599,-0.309874999999991,973.0,800.0,11.0,10.0,436.0,400.0,5.0,5.0,2.0,1.0
2026-06-01,63299391,823781,Milwaukee Brewers,San Francisco Giants,2026-05-31,0.592,0.408,4.34,3.38,7.72,32,night,95.10582258621676,99.219094632484,99.21203888561423,100.42089933540916,2.619045238938054,3.162825990243902,1.5362865333333344,4.145931927272728,0.2596396460176991,0.2775271707317073,0.2240225833333333,0.3098661818181818,90.15897435897436,86.6241610738255,91.31155555555554,86.47898089171974,1.1525811965811954,-0.1451801821057614,429.0,1043.0,11.0,11.0,225.0,471.0,7.0,5.0,16.0,2.0
2026-06-01,63301179,825078,Arizona Diamondbacks,Los Angeles Dodgers,2026-05-31,0.41,0.59,4.02,4.97,8.99,15,night,99.56089924388978,102.66543916059436,99.47822656257168,99.45756664758788,4.799311029411765,4.206892969585255,4.192905240310079,3.4906200658823523,0.3313589154411764,0.3118714792626728,0.3114113565891473,0.2883098705882352,88.23407122232916,88.5672748004561,88.61889117043121,88.99738372093023,0.3848199481020486,0.4301089204741259,1040.0,879.0,11.0,10.0,487.0,345.0,5.0,4.0,4.0,1.0
2026-06-01,63301821,822974,Tampa Bay Rays,Detroit Tigers,2026-05-31,0.604,0.396,4.52,3.42,7.94,12,night,101.5322416374537,97.46515769311786,99.65327821006213,98.01000727618826,4.578539483870968,2.13410530232558,3.940237973333336,2.1341053023255814,0.3240966935483871,0.2436876744186046,0.3030999333333334,0.2436876744186046,92.44152892561983,88.95142857142856,92.61353383458646,88.95142857142856,0.1720049089666275,0.0,492.0,175.0,17.0,3.0,270.0,175.0,5.0,3.0,9.0,10.0
2026-06-01,63302413,824027,Los Angeles Angels,Colorado Rockies,2026-05-31,0.659,0.341,5.18,3.52,8.7,1,night,101.5563908926226,93.16610141199264,99.78722831147373,98.81430898707056,4.087526618181817,6.723946069651742,5.159830577777777,8.42523712,0.3079449545454545,0.3946692786069651,0.343218111111111,0.4506328,93.0904761904762,86.29895424836602,92.90875763747454,85.60252293577982,-0.1817185530016587,-0.6964313125861992,1159.0,765.0,12.0,9.0,491.0,436.0,5.0,5.0,8.0,9.0
2026-06-01,63302977,823702,Minnesota Twins,Chicago White Sox,2026-05-31,0.598,0.402,4.44,3.41,7.85,3312,night,99.92167300376568,99.82238063616572,100.94663146222167,101.10823648340784,2.8876876862745107,0.3755999999999999,2.3278379840000016,0.3755999999999999,0.268476568627451,0.1858421052631579,0.25006046,0.1858421052631579,88.06372453928225,91.64754098360656,88.03374689826302,91.64754098360656,-0.0299776410192293,0.0,1032.0,61.0,12.0,1.0,404.0,61.0,5.0,1.0,9.0,6.0
2026-06-01,63303327,823131,Seattle Mariners,New York Mets,2026-05-31,0.552,0.448,4.01,3.46,7.47,680,night,103.22108778551596,81.3155188608189,99.54221887427546,99.45642055241834,4.417604973493979,3.936840202531643,3.945572006722687,4.66314509090909,0.3188027951807229,0.3029881645569619,0.3032753949579831,0.3268797727272727,89.56796019900497,88.05,89.6939262472885,88.03122676579926,0.12596604828353,-0.0187732342007365,1005.0,316.0,11.0,14.0,461.0,269.0,5.0,11.0,3.0,2.0
2026-06-01,63303797,824510,Cincinnati Reds,Kansas City Royals,2026-05-31,0.571,0.429,5.01,4.26,9.27,2602,night,97.57997138701344,99.94232932760126,100.3781915317938,99.57166216318666,22.952400000000004,5.109814399999999,22.952400000000004,3.0456160000000008,0.9285,0.3415728421052631,0.9285,0.2736715789473684,92.32727272727271,92.12151300236408,92.32727272727271,92.3981343283582,0.0,0.2766213259941423,11.0,423.0,1.0,10.0,11.0,268.0,1.0,7.0,2.0,9.0
2026-06-01,63303827,822730,Washington Nationals,Miami Marlins,2026-05-31,0.564,0.436,4.64,3.96,8.6,3309,night,102.21649637464571,100.50148825689816,99.15381576149755,100.56710439579894,4.293895791044777,4.113635538940812,4.5222752384,5.259965275000001,0.3147334141791045,0.308803800623053,0.322245896,0.346512015625,91.06023738872403,92.0352380952381,90.86811926605505,91.68701030927836,-0.1921181226689867,-0.3482277859597502,1013.0,1155.0,12.0,12.0,437.0,485.0,5.0,5.0,3.0,7.0
2026-06-02,63299333,824511,Cincinnati Reds,Kansas City Royals,2026-06-01,0.525,0.475,4.49,4.22,8.71,2602,night,98.32076868670708,98.5951303661218,98.32919309682502,98.75128201712016,5.294739954022989,5.121656034782609,5.000499714285715,2.9275346976744188,0.3476559195402299,0.3419623695652173,0.3379769642857143,0.2697873255813953,87.52353488372093,86.90309633027523,87.92595744680851,87.01825613079019,0.4024225630875833,0.1151598005149594,1075.0,872.0,12.0,10.0,470.0,367.0,5.0,4.0,4.0,3.0
2026-06-02,63300829,825079,Arizona Diamondbacks,Los Angeles Dodgers,2026-06-01,0.468,0.532,4.41,4.75,9.16,15,night,100.18770711653605,100.13929925791132,100.057788985508,98.7143796088507,4.427527823622048,5.865082448087434,3.2897648134453794,6.055952516129032,0.3191292047244095,0.3664171857923498,0.2817027899159664,0.3726958064516129,87.84757085020242,86.20773638968481,87.1106575963719,86.20295358649788,-0.7369132538305223,-0.0047828031869272,988.0,698.0,11.0,9.0,441.0,237.0,5.0,3.0,5.0,6.0
2026-06-02,63300971,824189,Houston Astros,Pittsburgh Pirates,2026-06-01,0.503,0.497,4.47,4.45,8.92,2392,night,100.10963673858087,102.26909843741537,99.64484963902248,98.9856778082837,4.468046797080291,4.957312533333334,4.913180998095241,4.343441923076925,0.3204620656934306,0.3365563333333333,0.3351046380952381,0.3163632211538462,89.5482283464567,94.9241489361702,89.27473684210527,95.02777777777776,-0.2734915043514263,0.1036288416075592,1016.0,946.0,11.0,11.0,380.0,437.0,4.0,5.0,6.0,10.0
2026-06-02,63301079,823460,Philadelphia Phillies,San Diego Padres,2026-06-01,0.533,0.467,4.38,4.04,8.42,2681,night,100.6389039360536,98.96463552700745,100.50698797739184,99.97636786156548,4.821681770491804,6.356386154838709,4.323608846153846,7.565047538738739,0.3320947950819672,0.3825784919354838,0.3157108173076923,0.4223370900900901,86.01400617919671,90.84820512820512,85.64847058823528,90.984331797235,-0.3655355909614286,0.1361266690298919,971.0,975.0,11.0,11.0,425.0,434.0,5.0,5.0,3.0,2.0
2026-06-02,63301197,823700,Minnesota Twins,Chicago White Sox,2026-06-01,0.473,0.527,3.9,4.18,8.08,3312,night,96.37339224827544,99.97558828224037,97.5059902494346,100.16325784357606,4.200635983216784,3.610062209230768,4.507046963636363,2.016343765517243,0.3116656573426573,0.2922388884615384,0.3217449659090908,0.2398139396551724,89.19169381107491,90.1489065606362,88.84117647058824,90.45183585313174,-0.3505173404866752,0.3029292924955484,615.0,1006.0,7.0,11.0,357.0,463.0,4.0,5.0,6.0,4.0
2026-06-02,63301257,823782,Milwaukee Brewers,San Francisco Giants,2026-06-01,0.657,0.343,4.56,2.93,7.49,32,night,101.295096973076,95.2519455895876,98.99921483557672,100.080161379097,3.242591137864077,4.056075400000001,2.7653595348837223,4.056075399999999,0.2801510242718446,0.306910375,0.2644526162790698,0.3069103749999999,90.25913734392736,90.60353773584906,90.4977900552486,90.60353773584906,0.2386527113212508,0.0,882.0,424.0,10.0,5.0,363.0,424.0,4.0,5.0,8.0,3.0
2026-06-02,63301441,824754,Boston Red Sox,Baltimore Orioles,2026-06-01,0.572,0.428,4.65,3.89,8.54,3,night,100.07255702044462,99.90110942769638,98.29915326520936,99.41461290942073,4.979067478260869,4.814720034657037,4.04178160776699,5.260623307086615,0.3372719565217391,0.3318657906137183,0.3064401844660194,0.3465336614173228,88.37732793522268,90.81218369259608,88.72231182795699,90.4503018108652,0.3449838927343052,-0.3618818817308664,988.0,1075.0,11.0,11.0,372.0,503.0,4.0,5.0,2.0,4.0
2026-06-02,63301777,822728,Washington Nationals,Miami Marlins,2026-06-01,0.507,0.493,4.32,4.25,8.57,3309,night,83.42975969092394,102.06308841664932,97.79523450327528,98.61997894963842,5.69128993846154,3.354951944827586,7.636239012765959,4.662166251851851,0.3607003269230769,0.2838471034482758,0.424678914893617,0.326847574074074,86.73317191283294,89.67516198704104,86.33829787234043,89.6841584158416,-0.3948740404925104,0.0089964288005575,425.0,463.0,24.0,18.0,189.0,202.0,12.0,9.0,3.0,7.0
2026-06-02,63302279,823541,New York Yankees,Cleveland Guardians,2026-06-01,0.65,0.35,4.29,2.73,7.02,3313,night,101.43868783632584,94.23186251047534,99.79114657898324,97.57235160476549,2.4755730109890117,4.401211838683127,2.8295309152542374,4.150237979797979,0.2549201648351648,0.3182635473251028,0.2665635169491525,0.3100078282828282,95.60556586270872,85.28609731876863,96.12162162162164,85.00863309352518,0.5160557589129127,-0.2774642252434489,1081.0,1007.0,12.0,12.0,481.0,417.0,5.0,5.0,4.0,9.0
2026-06-02,63302527,824918,Atlanta Braves,Toronto Blue Jays,2026-06-01,0.548,0.452,4.0,3.5,7.5,4705,night,100.04160368222172,102.5225345510126,99.3995208611544,100.40657115032384,3.3665663010309266,3.697869060869566,3.764779630252103,3.838621972413794,0.2842291546391752,0.2951272717391304,0.2973282773109244,0.2997573017241379,88.5593992248062,89.28951175406871,89.05294117647058,89.70331950207469,0.4935419516643833,0.4138077480059792,1033.0,1106.0,12.0,12.0,426.0,482.0,5.0,5.0,4.0,3.0
2026-06-02,63303121,824026,Los Angeles Angels,Colorado Rockies,2026-06-01,0.57,0.43,4.73,3.99,8.72,1,night,99.5169386883127,100.16954434974971,99.42930220307692,100.551831850328,6.08263556923077,7.392407094214875,6.08263556923077,9.266840908108106,0.3735735384615384,0.4166581280991735,0.3735735384615384,0.4783171351351351,89.72878787878788,88.29253246753247,89.72878787878788,88.1151219512195,0.0,-0.1774105163129604,265.0,927.0,3.0,11.0,265.0,410.0,3.0,5.0,2.0,8.0
2026-06-02,63303253,822971,Tampa Bay Rays,Detroit Tigers,2026-06-01,0.581,0.419,4.66,3.82,8.48,12,night,98.03846746665788,101.7683048920518,99.26452330051484,99.3167388049572,5.355930330434782,5.027542530612246,5.828778666666668,4.27979578317757,0.3496687608695651,0.3388665306122449,0.3652229824561404,0.3142695981308411,87.34178082191781,87.39062200956937,87.6876146788991,87.54358407079646,0.3458338569812866,0.1529620612270861,730.0,1049.0,9.0,12.0,218.0,456.0,3.0,5.0,0.0,8.0
2026-06-02,63303741,823129,Seattle Mariners,New York Mets,2026-06-01,0.579,0.421,4.16,3.33,7.49,680,night,100.9306145228446,,100.45288465465536,,4.299321385507247,,4.624418206896553,,0.3149118876811594,,0.3256058620689655,,88.21961852861035,,88.54694323144105,,0.327324702830694,,1101.0,,12.0,,458.0,,5.0,,8.0,3.0
2026-06-03,63299145,824188,Houston Astros,Pittsburgh Pirates,2026-06-02,0.415,0.585,2.87,3.75,6.62,2392,night,99.37353131086569,102.45907098999996,98.46108711889607,100.23802214217248,5.022042672081219,2.061321498814228,4.058878533333331,2.131972996721311,0.338685614213198,0.2412934703557311,0.3070025833333332,0.2436175327868852,84.39167767503302,92.71013513513512,84.70582010582011,92.6155737704918,0.3141424307870863,-0.0945613646433258,757.0,1036.0,8.0,12.0,378.0,488.0,4.0,5.0,11.0,9.0
2026-06-03,63301315,823780,Milwaukee Brewers,San Francisco Giants,2026-06-02,0.62,0.38,4.47,3.21,7.68,32,night,96.51058099259836,100.98707735821844,96.2797655090173,100.37211163582204,4.820157619512196,4.744408509734518,4.8201576195121945,4.60278444,0.3320446585365854,0.3295529115044249,0.3320446585365853,0.324894225,87.48333333333333,89.16744186046512,87.48333333333333,89.48783783783784,0.0,0.3203959773727263,168.0,817.0,2.0,9.0,168.0,148.0,2.0,2.0,0.0,1.0
2026-06-03,63301793,823456,Philadelphia Phillies,San Diego Padres,2026-06-02,0.667,0.333,4.93,3.2,8.13,2681,night,99.97108400806796,100.7485651148445,99.0493183630766,99.62933628232264,2.977170549068324,5.038405592727273,2.1603118647887327,4.874557328301888,0.2714200838509317,0.3392238681818181,0.2445497323943662,0.3338341226415094,90.02836079791847,88.70205011389521,90.13015873015873,89.43879518072289,0.1017979322402595,0.7367450668276803,1153.0,878.0,12.0,11.0,504.0,415.0,5.0,5.0,3.0,2.0
2026-06-03,63301849,823701,Minnesota Twins,Chicago White Sox,2026-06-02,0.562,0.438,4.85,4.21,9.06,3312,day,103.7715646154746,99.37611729176813,98.93340260455972,100.23587019948046,4.03420821106383,4.9337053743589765,3.140283612903225,6.776867009900992,0.306191059574468,0.3357797820512821,0.2767856451612903,0.396410099009901,92.2454356846473,87.67735042735043,93.182421875,88.02115384615385,0.936986190352698,0.343803418803418,964.0,936.0,10.0,11.0,256.0,416.0,3.0,5.0,0.0,8.0
2026-06-03,63301907,824509,Cincinnati Reds,Kansas City Royals,2026-06-02,0.53,0.47,3.98,3.66,7.64,2602,night,100.41456111584942,102.58517122019003,99.1327562536872,100.2730671039361,2.977155333333335,3.489595676033057,2.76322174117647,3.489595676033057,0.2714195833333334,0.288276173553719,0.264382294117647,0.288276173553719,94.91373737373738,90.02903930131005,95.23100558659218,90.02903930131005,0.317268212854799,0.0,990.0,458.0,11.0,5.0,358.0,458.0,4.0,5.0,2.0,5.0
2026-06-03,63302363,824755,Boston Red Sox,Baltimore Orioles,2026-06-02,0.575,0.425,4.63,3.85,8.48,3,night,99.12463475420785,101.21641986802967,98.051498240136,99.6705394794413,1.91642498,4.998018050612248,2.174880311864406,4.412060436363635,0.2365271374999999,0.3378953306122449,0.2450289576271186,0.318620409090909,93.24601018675722,84.8172264355363,93.21658878504672,85.47871794871794,-0.0294214017104934,0.6614915131816446,589.0,923.0,7.0,11.0,428.0,390.0,5.0,5.0,8.0,1.0
2026-06-03,63302469,822727,Washington Nationals,Miami Marlins,2026-06-02,0.469,0.531,4.13,4.46,8.59,3309,day,78.90021891356065,99.09840058731336,98.43265963065213,99.53171033057237,4.899039375,4.187746077090907,5.823219166666665,4.166975908196722,0.334639453125,0.3112416472727272,0.3650401041666666,0.3105584180327869,87.0391472868217,90.93886827458256,86.77806122448979,90.89918032786886,-0.2610860623319126,-0.0396879467136983,258.0,1078.0,5.0,12.0,196.0,488.0,4.0,5.0,1.0,4.0
2026-06-03,63302603,824024,Los Angeles Angels,Colorado Rockies,2026-06-02,0.638,0.362,5.22,3.78,9.0,1,night,98.7606734680264,99.13676138174756,99.0794806234507,99.82226859255589,3.484862806217617,6.083178911191335,3.3862552486956536,6.458169333333334,0.2881204870466321,0.3735914115523465,0.2848768173913044,0.3859266228070175,93.78042049934297,88.45836501901141,93.30633187772926,89.48100686498856,-0.4740886216137028,1.022641845977148,765.0,1052.0,10.0,13.0,458.0,437.0,5.0,5.0,11.0,4.0
2026-06-03,63302715,824917,Atlanta Braves,Toronto Blue Jays,2026-06-02,0.597,0.403,4.6,3.58,8.18,4705,night,99.5722538916214,89.68216300310358,99.1121953057376,98.8877675052068,4.645610699588477,5.568350796190475,4.566179662650604,5.213777438532111,0.3263029835390946,0.3566562761904761,0.3236901204819277,0.3449926788990826,89.42235682819383,84.59641943734015,89.14728915662651,84.1502564102564,-0.2750676715673137,-0.4461630270837418,910.0,782.0,11.0,10.0,332.0,390.0,4.0,5.0,7.0,3.0
2026-06-03,63302849,822973,Tampa Bay Rays,Detroit Tigers,2026-06-02,0.626,0.374,4.13,2.81,6.94,12,day,98.5022039732034,100.83989056827711,101.1611513775864,98.43415841583166,4.4892587820895535,5.231717119999999,4.891004734426229,5.231717119999999,0.321159828358209,0.3455827999999999,0.3343751557377049,0.3455827999999999,86.9099244875944,91.31011904761904,86.89829268292684,91.31011904761904,-0.0116318046675587,0.0,928.0,168.0,11.0,2.0,410.0,168.0,5.0,2.0,2.0,7.0
2026-06-03,63303087,823130,Seattle Mariners,New York Mets,2026-06-02,0.527,0.473,3.94,3.66,7.6,680,day,99.0268228127323,104.04888865203364,100.97230853217155,99.0185094402774,3.671404259531775,3.950301329577463,4.778111344262295,3.922984859504133,0.2942567190635452,0.3034309647887323,0.3306615573770491,0.3025323966942149,92.049095840868,89.36114035087719,92.12801724137933,89.9038854805726,0.0789214005113194,0.5427451296954047,1107.0,1140.0,12.0,12.0,464.0,489.0,5.0,5.0,1.0,7.0
2026-06-03,63303717,825077,Arizona Diamondbacks,Los Angeles Dodgers,2026-06-02,0.315,0.685,3.04,4.94,7.98,15,night,101.4184544378078,102.02039660755544,100.8052708388877,99.42803691572573,5.505435913846155,2.2184776377358477,5.459909146666668,2.535143591489361,0.3545867076923077,0.2464630801886791,0.3530891166666667,0.2568797234042553,89.01189773844642,90.4731850117096,88.63823529411765,90.70892388451443,-0.3736624443287724,0.2357388728048306,1017.0,854.0,12.0,9.0,442.0,381.0,5.0,4.0,0.0,7.0
2026-06-03,63303801,823540,New York Yankees,Cleveland Guardians,2026-06-02,0.629,0.371,4.03,2.67,6.7,3313,night,99.44836035439914,98.92357076155578,99.4731441124802,100.0783746723147,1.898613155555556,4.498471688448843,1.8986131555555563,5.05523646060606,0.2359412222222222,0.3214628844884488,0.2359412222222222,0.3397775151515151,91.4635761589404,90.3972147349506,91.4635761589404,90.22706611570248,0.0,-0.1701486192481098,151.0,1144.0,2.0,12.0,151.0,484.0,2.0,5.0,4.0,5.0
2026-06-04,63299451,824919,Atlanta Braves,Toronto Blue Jays,2026-06-03,0.653,0.347,4.14,2.55,6.69,4705,night,98.10136048848412,92.16756744778098,98.9340467297354,98.15080607909417,3.3428554727272743,1.6071625500000004,4.077751056,1.2433814476190466,0.2834491931818182,0.22635403125,0.30762339,0.2143875476190475,87.82369942196532,86.95665024630543,88.44111675126905,86.01176470588236,0.6174173293037342,-0.9448855404230728,1038.0,412.0,11.0,32.0,394.0,171.0,4.0,14.0,2.0,7.0
2026-06-04,63301039,824185,Houston Astros,Pittsburgh Pirates,2026-06-03,0.511,0.489,4.56,4.44,9.0,2392,night,100.4645567019857,100.70843880859526,99.72064093837916,99.66379591502266,3.838050308982035,6.468463238095238,4.2547763282051285,6.468463238095238,0.299738497005988,0.386265238095238,0.3134465897435897,0.386265238095238,88.74449404761906,92.7064935064935,88.28683385579937,92.7064935064935,-0.4576601918196843,0.0,672.0,77.0,18.0,1.0,319.0,77.0,4.0,1.0,1.0,5.0
2026-06-04,63301333,823542,New York Yankees,Cleveland Guardians,2026-06-03,0.645,0.355,4.73,3.21,7.94,3313,day,97.35976489046764,101.91277964179451,96.0659396514996,100.21181571509231,3.315106560000001,4.9505880383763845,3.315106560000001,3.5255319259259257,0.2825364,0.3363351328413284,0.2825364,0.289458287037037,90.814406779661,88.12185365853658,90.814406779661,89.48672985781991,0.0,1.36487619928333,354.0,1027.0,4.0,12.0,354.0,422.0,4.0,5.0,2.0,1.0
2026-06-04,63301717,824753,Boston Red Sox,Baltimore Orioles,2026-06-03,0.54,0.46,4.63,4.22,8.85,3,day,97.87316711213342,101.31210646269685,99.83778133853528,98.54821811144622,6.135714290196079,4.976052259360733,4.548588487804877,6.510465655172414,0.3753195490196078,0.3371727716894978,0.3231114634146341,0.3876468965517241,90.57880724174656,88.8284730195178,90.92390804597702,89.96776119402985,0.3451008042304693,1.1392881745120462,941.0,872.0,11.0,10.0,437.0,336.0,5.0,4.0,2.0,8.0
2026-06-04,63302275,823779,Milwaukee Brewers,San Francisco Giants,2026-06-03,0.662,0.338,5.04,3.35,8.39,32,day,98.07281897723809,100.03344406441504,101.54864686161322,100.27320377172758,5.347163531034481,5.899681656470591,5.623395156756756,5.565899907964603,0.3493803793103447,0.3675553176470589,0.3584669459459459,0.3565756548672567,85.79271844660194,91.01232432432433,86.25271317829457,91.31515151515153,0.4599947316926318,0.3028271908272018,206.0,925.0,3.0,11.0,129.0,429.0,2.0,5.0,9.0,12.0
2026-06-04,63303117,823457,Philadelphia Phillies,San Diego Padres,2026-06-03,0.638,0.362,4.56,3.11,7.67,2681,day,100.02410086120238,100.29185967019836,100.27551884181013,98.51435717418178,3.3479942871165678,5.3372677333333325,3.732974573333335,5.337267733333334,0.2836182331288344,0.3490548596491227,0.2962820583333334,0.3490548596491228,90.38892307692308,84.03236514522821,90.82733050847456,84.03236514522821,0.4384074315514965,0.0,650.0,243.0,7.0,3.0,472.0,243.0,5.0,3.0,6.0,4.0
2026-06-04,63303517,823698,Minnesota Twins,Kansas City Royals,2026-06-03,0.498,0.502,4.0,4.01,8.01,3312,night,100.69002402073096,99.54182484433916,100.11196562187608,100.60277837040158,3.475558429357798,5.281633551515149,3.610145745454548,6.4887132747967495,0.2878144220183486,0.3472247878787878,0.2922416363636364,0.3869313577235773,90.59597315436244,85.53955357142857,92.65,85.52548596112311,2.05402684563758,-0.0140676103054602,447.0,1121.0,17.0,12.0,180.0,464.0,11.0,5.0,6.0,8.0
2026-06-04,63303705,825076,Arizona Diamondbacks,Los Angeles Dodgers,2026-06-03,0.428,0.572,3.78,4.54,8.32,15,night,95.77521161662295,94.44799500575856,100.01476769678992,99.04073074450814,5.35102595490909,4.151143526399999,4.663675330370371,3.588835035514017,0.3495074327272727,0.3100376159999999,0.3268972148148148,0.2915406261682242,92.9558276199804,89.65473568281938,93.22241014799154,90.2544757033248,0.2665825280111278,0.5997400205054362,1026.0,910.0,12.0,10.0,473.0,392.0,5.0,4.0,3.0,2.0
2026-06-05,63299195,822892,Texas Rangers,Cleveland Guardians,2026-06-04,0.434,0.566,3.13,3.83,6.96,5325,night,101.70752272352978,100.80178343970024,99.29265139914108,98.3069592232932,4.9577037054393305,3.4192073066666664,4.705938520353984,4.1054266666666654,0.33656920083682,0.2859607666666666,0.3282874513274336,0.3085337719298245,89.41984978540773,88.96986175115208,88.9109409190372,88.98879310344829,-0.5089088663705326,0.0189313522962066,934.0,1090.0,11.0,12.0,457.0,468.0,5.0,5.0,3.0,2.0
2026-06-05,63299231,824271,Detroit Tigers,Seattle Mariners,2026-06-04,0.447,0.553,3.45,4.0,7.45,2394,night,96.6579626696635,101.58413496442166,98.84329891082264,100.42968818416212,4.730210457337883,2.9909309985611507,4.863657327999999,0.8802343571428564,0.3290858703071672,0.2718727302158273,0.3334755699999999,0.2024419196428571,88.26308411214953,92.43436293436294,88.75292553191488,92.26631130063966,0.4898414197653551,-0.1680516337232802,1071.0,1039.0,12.0,12.0,377.0,472.0,4.0,5.0,7.0,3.0
2026-06-05,63300949,824350,Colorado Rockies,Milwaukee Brewers,2026-06-04,0.411,0.589,4.76,5.69,10.45,19,night,99.81339996602831,99.20220790192543,99.2291671463808,99.40417432085546,6.438523259259257,5.4035729860465125,5.97552,5.209217960784314,0.3852803703703703,0.3512359534883721,0.37005,0.3448426960784314,89.23419023136246,92.76157354618016,89.2031746031746,93.40780141843972,-0.031015628187859,0.6462278722595585,389.0,878.0,6.0,11.0,63.0,423.0,1.0,5.0,7.0,9.0
2026-06-05,63301249,822810,Toronto Blue Jays,Baltimore Orioles,2026-06-04,0.585,0.415,4.71,3.82,8.53,14,night,99.51929924440682,100.68586213180004,97.91936038266589,99.79566181194944,2.373048518918919,4.657914791489363,2.951648044444445,3.8994855066666663,0.2515476486486486,0.3267077234042553,0.2705805277777778,0.3017593916666666,89.32613636363637,88.55332369942197,89.55717391304348,88.38935698447894,0.2310375494071195,-0.1639667149430295,616.0,692.0,7.0,8.0,460.0,451.0,5.0,5.0,3.0,13.0
2026-06-05,63301255,823943,Los Angeles Dodgers,Los Angeles Angels,2026-06-04,0.637,0.363,4.93,3.49,8.42,22,night,102.65401498779678,97.7189163423468,98.96039475549708,98.83215851159888,4.9214335781818175,2.9852439832167845,3.2844201011494243,3.160061552941179,0.3353761045454545,0.2716856573426573,0.2815269770114942,0.2774362352941177,91.63113839285714,88.06579634464752,92.41898016997168,88.62141372141373,0.7878417771145365,0.5556173767662074,896.0,1151.0,10.0,12.0,353.0,482.0,4.0,5.0,1.0,0.0
2026-06-05,63301389,823699,Minnesota Twins,Kansas City Royals,2026-06-04,0.481,0.519,4.03,4.23,8.26,3312,night,101.58190662021556,99.30542749805112,100.07061296822268,100.33988489535362,3.1031372799999986,4.262932034782609,3.10313728,3.732908139682539,0.2755637263157894,0.3137148695652174,0.2755637263157894,0.296279873015873,89.16280323450135,87.16642335766423,89.16280323450135,87.35964912280701,0.0,0.1932257651427846,371.0,1098.0,4.0,12.0,371.0,458.0,4.0,5.0,5.0,3.0
2026-06-05,63301407,823538,New York Yankees,Boston Red Sox,2026-06-04,0.574,0.426,4.16,3.37,7.53,3313,night,101.0083119325319,98.29925009145224,98.67300136403522,100.1414642395181,4.298796171206225,4.709467534328358,3.172102732673268,3.6447005757009343,0.3148946108949416,0.3284035373134328,0.2778323267326733,0.2933783084112149,89.21710654936462,87.30127388535031,88.70407124681932,87.06151898734178,-0.5130353025452905,-0.2397548980085275,1024.0,785.0,11.0,10.0,393.0,395.0,4.0,5.0,3.0,5.0
2026-06-05,63301583,824914,Atlanta Braves,Pittsburgh Pirates,2026-06-04,0.581,0.419,4.52,3.66,8.18,4705,night,96.90271007757144,101.55427041769455,99.4984150251911,99.577818483102,4.665084421674877,4.694674402867383,4.478875130434783,5.586843944827585,0.326943566502463,0.3279169211469533,0.3208182608695652,0.3572646034482758,85.5255,88.92055715658022,85.14704225352114,88.75764705882352,-0.3784577464788583,-0.1629100977566935,800.0,1042.0,12.0,12.0,355.0,426.0,6.0,5.0,6.0,3.0
2026-06-05,63301997,823455,Philadelphia Phillies,Chicago White Sox,2026-06-04,0.619,0.381,4.9,3.66,8.56,2681,night,97.74807252391476,97.4516210296467,98.34064163708726,97.8255996178828,3.312902067605634,5.899425448818899,3.274443085714285,4.112497699115044,0.2824638838028169,0.3675468897637796,0.2811987857142857,0.3087663716814159,90.64856895056374,90.30311614730878,90.45841995841997,89.98141592920354,-0.19014899214379,-0.3217002181052493,1153.0,1059.0,12.0,12.0,481.0,452.0,5.0,5.0,8.0,6.0
2026-06-05,63302201,823293,San Diego Padres,New York Mets,2026-06-04,0.549,0.451,4.04,3.52,7.56,2680,night,98.5555848498726,98.48546746549206,99.532320237986,98.5301363303944,4.273198235294119,4.550175466666667,4.238357866666665,4.42668473962264,0.3140525735294118,0.3231636666666667,0.3129065087719297,0.3191014716981131,88.66767676767677,90.35992844364937,88.8214446952596,90.18574660633485,0.1537679275828338,-0.1741818373145207,1089.0,560.0,12.0,7.0,443.0,443.0,5.0,5.0,0.0,5.0
2026-06-05,63303331,823860,Miami Marlins,Tampa Bay Rays,2026-06-04,0.441,0.559,3.54,4.15,7.69,4169,night,102.39956415856896,100.96047842559274,100.71253004743872,100.37181892024562,6.434342857142859,3.4979621220338992,4.829854545454547,3.647688503370789,0.3851428571428572,0.2885513855932203,0.3323636363636364,0.293476595505618,90.61346153846154,92.35102040816328,90.5475,92.59323943661973,-0.0659615384615364,0.2422190284564465,52.0,931.0,2.0,11.0,40.0,355.0,1.0,4.0,0.0,6.0
2026-06-05,63303813,825073,Arizona Diamondbacks,Washington Nationals,2026-06-04,0.551,0.449,4.83,4.3,9.13,15,night,100.8979550375506,94.2823182615191,100.21879408666712,98.85662058435524,7.100572055652171,4.760694268100361,5.3842438567164175,4.75080871111111,0.4070582913043477,0.3300886272401434,0.3506001268656716,0.3297634444444444,89.05600933488915,85.72513513513513,89.08776371308016,85.68283898305086,0.0317543781910103,-0.0422961520842761,861.0,1111.0,9.0,12.0,476.0,472.0,5.0,5.0,1.0,14.0
2026-06-06,63301727,824269,Detroit Tigers,Seattle Mariners,2026-06-05,0.493,0.507,4.53,4.61,9.14,2394,day,99.73202199582704,102.0108203901008,100.41597026753531,101.05298574765568,3.6490943866666665,1.463575688311689,4.076248192592593,1.4635756883116882,0.2935228416666666,0.2216307792207792,0.3075739537037037,0.2216307792207792,89.71248554913295,91.43029315960912,89.42526315789473,91.43029315960912,-0.2872223912382168,0.0,865.0,311.0,11.0,4.0,380.0,311.0,5.0,4.0,0.0,4.0
2026-06-06,63301995,824915,Atlanta Braves,Pittsburgh Pirates,2026-06-05,0.519,0.481,3.74,3.54,7.28,4705,day,101.80160108330156,99.7105618858466,98.44727959797642,100.0707538748668,2.977887307086613,2.791468311864408,2.4105626666666677,2.996684569696969,0.2714436614173228,0.2653114576271186,0.2527816666666667,0.2720619924242424,88.85936920222633,92.52071901608323,89.07455752212388,92.9757174392936,0.2151883198975497,0.4549984232103554,539.0,1057.0,6.0,12.0,452.0,453.0,5.0,5.0,6.0,3.0
2026-06-06,63302245,823697,Minnesota Twins,Kansas City Royals,2026-06-05,0.567,0.433,4.18,3.47,7.65,3312,day,100.36598298241935,98.98116420052315,101.02402370031628,99.33519757320376,3.217682127659574,4.621480208695653,3.1451610752,2.870184516129033,0.2793316489361702,0.3255092173913043,0.276946088,0.2679008064516129,88.20806023029229,92.0442043222004,88.39247967479675,91.86028368794324,0.1844194445044564,-0.1839206342571344,1130.0,509.0,13.0,11.0,493.0,282.0,5.0,6.0,2.0,3.0
2026-06-06,63302467,823942,Los Angeles Dodgers,Los Angeles Angels,2026-06-05,0.794,0.206,5.97,2.86,8.83,22,night,101.44865915040548,97.50302603550624,100.66729078207948,98.92783433450346,3.92412754962963,5.4744114487632505,2.807943056000001,6.5006599142857135,0.3025699851851852,0.3535661660777385,0.26585339,0.3873243392857142,90.89266227657572,92.74784644194756,91.4560606060606,93.1575980392157,0.5633983294848832,0.4097515972681407,1063.0,1073.0,11.0,12.0,396.0,412.0,4.0,5.0,9.0,2.0
2026-06-06,63302493,823859,Miami Marlins,Tampa Bay Rays,2026-06-05,0.487,0.513,3.78,3.91,7.69,4169,day,102.00635771566598,97.98239806290348,98.7073594922594,98.7833091454999,3.2611159168,3.8400330714932127,4.949929314285715,3.794444602469137,0.2807603919999999,0.2998037194570135,0.3363134642857143,0.2983040987654321,89.7111328125,89.61340206185567,89.70360360360361,89.73395061728395,-0.0075292088963863,0.1205485554282859,512.0,873.0,19.0,11.0,222.0,324.0,9.0,4.0,4.0,3.0
2026-06-06,63302719,825075,Arizona Diamondbacks,Washington Nationals,2026-06-05,0.566,0.434,4.83,4.15,8.98,15,day,99.72215829637398,101.2852777588068,99.47743222694302,99.19297090748351,4.873582648648649,6.249676390697678,4.632449196850394,4.112404961467888,0.3338020608108108,0.3790683023255815,0.3258700393700787,0.3087633211009173,88.42590308370043,87.77478260869566,89.11395833333333,88.50566502463055,0.688055249632896,0.7308824159348859,1136.0,920.0,12.0,12.0,480.0,406.0,5.0,5.0,1.0,6.0
2026-06-06,63302831,823454,Philadelphia Phillies,Chicago White Sox,2026-06-05,0.565,0.435,4.93,4.24,9.17,2681,day,101.44293205332374,101.40523861295168,99.59429152828363,97.2548421964386,5.039233647863247,3.430294615384614,5.896505929411763,2.5305464000000013,0.3392511068376068,0.2863254807692307,0.3674508529411764,0.2567285,90.50951859956236,86.60210970464135,90.10918635170604,86.88510638297872,-0.4003322478563262,0.2829966783373692,914.0,237.0,11.0,12.0,381.0,188.0,5.0,10.0,3.0,6.0
2026-06-06,63302917,824669,Chicago Cubs,San Francisco Giants,2026-06-05,0.601,0.399,4.54,3.48,8.02,17,day,100.461409204644,99.00863377000152,99.75254504349232,100.33395897237725,2.998539963819094,3.4730190096654265,3.1652862707070715,4.709315214285713,0.2721230251256281,0.2877308884758364,0.277608101010101,0.3283985267857142,92.75625823451912,86.68849868305531,92.6231843575419,86.64488517745303,-0.1330738769772068,-0.0436135056022806,759.0,1139.0,17.0,12.0,358.0,479.0,5.0,5.0,3.0,2.0
2026-06-06,63303125,822891,Texas Rangers,Cleveland Guardians,2026-06-05,0.496,0.504,3.71,3.75,7.46,5325,night,100.88580464277196,99.43646154873264,99.59751046187664,100.21659360288974,4.814013112195122,4.881379657931033,4.287464598373985,5.510636244067796,0.3318425365853658,0.3340585413793103,0.3145218617886179,0.3547577711864406,92.08055062166964,87.677057793345,91.92172995780592,88.42360801781737,-0.1588206638637217,0.7465502244723723,1126.0,1142.0,12.0,13.0,474.0,449.0,5.0,5.0,0.0,6.0
2026-06-06,63303365,823292,San Diego Padres,New York Mets,2026-06-05,0.46,0.54,4.03,4.45,8.48,2680,night,101.65586186300894,99.72025994125778,98.22699314544228,99.32439141718856,5.264609666666666,3.546790863768118,5.427829386138613,5.311664078048779,0.3466647916666666,0.2901575942028986,0.3520338613861385,0.3482126341463414,90.66223175965663,90.83076923076923,90.62519083969464,90.41204301075268,-0.0370409199619956,-0.418726220016552,466.0,1105.0,6.0,12.0,393.0,465.0,5.0,5.0,3.0,2.0
2026-06-06,63303473,822808,Toronto Blue Jays,Baltimore Orioles,2026-06-05,0.515,0.485,4.31,4.15,8.46,14,day,86.96302692289572,93.78261701410968,99.81371991250164,99.11831235202575,3.706361637500001,4.322539355395685,3.0093509037037025,2.935514315447155,0.2954066328125,0.3156756366906475,0.2724786481481481,0.2700498130081301,87.86054158607351,89.9812834224599,87.15700934579439,90.13264462809916,-0.7035322402791166,0.1513612056392759,520.0,1123.0,32.0,12.0,214.0,484.0,14.0,5.0,6.0,4.0
2026-06-06,63303689,824351,Colorado Rockies,Milwaukee Brewers,2026-06-05,0.295,0.705,3.36,5.46,8.82,19,night,100.15923791475328,99.2183895411852,99.72428833929418,99.42356547316656,5.374200536526947,1.9023175470588245,4.926966473846156,0.4941653743589738,0.350269754491018,0.2360630772058823,0.3355581076923077,0.189742282051282,90.08067092651756,97.01964944649448,90.12875536480686,97.85695067264574,0.0480844382892939,0.8373012261512685,634.0,1086.0,16.0,12.0,237.0,446.0,5.0,5.0,1.0,7.0
2026-06-07,63299429,823537,New York Yankees,Boston Red Sox,2026-06-06,0.621,0.379,3.95,2.69,6.64,3313,day,101.21729037488416,97.51975225677334,99.78741948474608,98.54964428325194,2.6349710744027304,3.8769529478991607,2.515891582300886,4.148472906666666,0.2601635221843003,0.3010181890756302,0.2562464336283186,0.3099497666666666,95.5204506065858,86.32502732240437,95.5573593073593,86.47536656891495,0.0369087007735089,0.1503392465105832,1157.0,917.0,13.0,11.0,462.0,341.0,5.0,4.0,6.0,1.0
2026-06-07,63301181,823291,San Diego Padres,New York Mets,2026-06-06,0.531,0.469,4.14,3.81,7.95,2680,day,98.75536699548324,96.2149449617842,99.94776910957616,100.19934349490076,6.285909237453184,2.5446676864000004,8.391750923364485,1.9598401428571437,0.3802601722846442,0.257193016,0.4495312803738317,0.2379552678571428,90.78710900473934,93.40892116182572,90.84812206572772,93.62511627906976,0.0610130609883725,0.2161951172440552,1059.0,489.0,12.0,27.0,430.0,221.0,5.0,11.0,3.0,7.0
2026-06-07,63301451,823857,Miami Marlins,Tampa Bay Rays,2026-06-06,0.503,0.497,3.99,3.95,7.94,4169,day,100.337930288444,100.2723603534964,100.67007449099002,99.76907381107672,4.2290242305475525,5.37658153846154,5.133212117829458,5.545999761194027,0.3125994812680115,0.3503480769230769,0.342342503875969,0.3559210447761193,92.11816,92.31258992805756,92.1548523206751,92.1121848739496,0.036692320675101,-0.2004050541079749,1250.0,564.0,13.0,18.0,474.0,238.0,5.0,4.0,4.0,1.0
2026-06-07,63301627,824268,Detroit Tigers,Seattle Mariners,2026-06-06,0.468,0.532,4.17,4.51,8.68,2394,day,101.42619984090032,101.9001994132706,99.3252739598973,100.01678914017504,4.808310292134832,5.382837538461539,4.394586296296296,4.131856381818182,0.3316549438202247,0.3505538663967611,0.3180456018518518,0.3094031704545454,87.42712906057946,91.64904397705544,87.55088888888889,91.7296103896104,0.1237598283094314,0.0805664125549583,1143.0,1046.0,13.0,12.0,454.0,385.0,5.0,5.0,5.0,4.0
2026-06-07,63301753,824349,Colorado Rockies,Milwaukee Brewers,2026-06-06,0.319,0.681,4.12,5.98,10.1,19,day,93.5195966245587,95.71687641840828,99.00524419943972,99.0854040218202,6.458582637554585,3.1102849230769234,7.860895300840335,2.472065577464789,0.3859402183406113,0.2757988461538461,0.4320689243697478,0.2548047887323943,86.40023364485982,90.41629778672032,85.80979020979021,91.71333333333332,-0.5904434350696164,1.297035546613003,856.0,497.0,10.0,12.0,429.0,270.0,5.0,7.0,4.0,12.0
2026-06-07,63302133,823696,Minnesota Twins,Kansas City Royals,2026-06-06,0.459,0.541,3.57,3.99,7.56,3312,day,96.18440176161047,97.94660741599225,97.55852289989092,98.9310808305676,4.074406352662721,4.66223939442231,4.250033866666666,2.280459663551402,0.3075133668639053,0.3268499800796812,0.3132905877192982,0.2485019626168224,89.3111581920904,86.8106360792492,89.10177383592018,86.80088105726873,-0.2093843561702186,-0.0097550219804816,709.0,959.0,8.0,11.0,451.0,454.0,5.0,5.0,5.0,6.0
2026-06-07,63302231,823941,Los Angeles Dodgers,Los Angeles Angels,2026-06-06,0.681,0.319,5.21,3.35,8.56,22,day,103.34709854483222,101.965540736791,99.49402269707096,99.70333906338313,4.001066838493724,4.3847120463022495,3.17814865046729,4.653271050000001,0.3051008828451882,0.3177207909967845,0.2780312056074766,0.32655496875,88.6470588235294,92.93388756927948,89.08394495412844,92.2590998043053,0.436886130599035,-0.674787764974198,971.0,1267.0,11.0,13.0,437.0,511.0,5.0,5.0,5.0,13.0
2026-06-07,63302761,822807,Toronto Blue Jays,Baltimore Orioles,2026-06-06,0.595,0.405,4.44,3.45,7.89,14,day,102.89381675773274,99.8955940041588,100.31011294313264,99.43019374775368,3.534798633887043,4.547346460726071,3.420305193220338,3.886186187500001,0.2897631129568106,0.323070607260726,0.2859968813559321,0.3013219140625,89.26289517470882,90.7353143841516,89.43215767634855,90.3961616161616,0.1692625016397357,-0.3391527679899866,1202.0,1169.0,13.0,12.0,482.0,496.0,5.0,5.0,6.0,4.0
2026-06-07,63302837,823453,Philadelphia Phillies,Chicago White Sox,2026-06-06,0.561,0.439,4.85,4.21,9.06,2681,day,100.78415839951174,86.05966982056124,100.67815922786384,97.56963694349416,4.632716167300381,11.239999466666667,4.432220784313728,,0.3258788212927757,0.5432236666666667,0.3192835784313726,,86.04803001876172,85.7719298245614,85.80446009389671,,-0.2435699248650138,,1066.0,57.0,12.0,2.0,426.0,,5.0,,9.0,5.0
2026-06-07,63303495,824916,Atlanta Braves,Pittsburgh Pirates,2026-06-06,0.609,0.391,4.63,3.49,8.12,4705,day,100.6937159245324,95.06815970191803,99.42039124752316,97.45165638620146,3.180399552201256,4.0374110188679255,3.646805225806452,4.1666785454545465,0.2781052484276728,0.3062964150943396,0.2934475403225806,0.3105486363636364,88.51092511013215,94.66510538641688,88.90505747126436,93.94689265536722,0.3941323611322076,-0.7182127310496469,1136.0,427.0,13.0,25.0,436.0,177.0,5.0,10.0,3.0,2.0
2026-06-07,63303519,825074,Arizona Diamondbacks,Washington Nationals,2026-06-06,0.583,0.417,4.99,4.12,9.11,15,day,100.77917568868078,102.73372196608776,100.0204729297738,99.2526328400284,4.417563911111109,4.266349186206898,3.0158064000000007,4.499728896000001,0.3188014444444443,0.313827275862069,0.272691,0.32150424,87.85735294117647,91.14790909090908,87.15379464285715,91.11648106904232,-0.7035582983193223,-0.031428021866759,1088.0,1102.0,12.0,13.0,448.0,450.0,5.0,5.0,5.0,1.0
2026-06-07,63303593,824670,Chicago Cubs,San Francisco Giants,2026-06-06,0.592,0.408,4.54,3.58,8.12,17,night,99.17711697563676,95.96217298913552,100.22381890885724,100.03817555558986,5.509186615053762,4.100246760563382,7.219142593103447,4.3462842983050844,0.3547100860215053,0.3083633802816902,0.4109586379310344,0.316456720338983,86.20585009140767,90.39569471624266,86.59594594594594,90.17255813953489,0.3900958545382735,-0.2231365767077875,1098.0,511.0,12.0,6.0,444.0,430.0,5.0,5.0,1.0,2.0
2026-06-07,63303673,822890,Texas Rangers,Cleveland Guardians,2026-06-06,0.556,0.444,3.8,3.21,7.01,5325,day,100.96834729833066,94.86016772709203,100.68947757643728,97.71502617729462,4.071928558139535,4.568160866666667,4.57502128440367,4.865686732673265,0.3074318604651163,0.3237552916666666,0.3239809633027523,0.3335423267326732,92.89753554502369,85.23196721311476,92.42380952380952,84.7675799086758,-0.4737260212141621,-0.4643873044389579,1059.0,1099.0,12.0,13.0,441.0,439.0,5.0,5.0,10.0,0.0
2026-06-08,63302359,824829,Baltimore Orioles,Seattle Mariners,2026-06-07,0.483,0.517,4.06,4.24,8.3,2,night,95.71195321949354,102.93416485071742,98.30717487929628,99.65175841532256,7.034957236363637,4.466080440148701,8.000843999999999,4.940193916279068,0.404899909090909,0.3203973828996283,0.4366724999999999,0.3359932209302325,90.85115207373272,89.45912408759123,91.697,89.60084507042254,0.8458479262672824,0.1417209828313019,217.0,1096.0,3.0,12.0,100.0,355.0,1.0,4.0,3.0,6.0
2026-06-08,63302787,822806,Toronto Blue Jays,Philadelphia Phillies,2026-06-07,0.406,0.594,3.14,4.12,7.26,14,night,91.54082287220754,100.98267936376978,98.97283495998664,99.11572051611564,5.544797404291845,2.839300232853025,4.6304568,2.246687712230216,0.3558814935622317,0.2668848760806916,0.3258045,0.2473910431654676,84.56632064590542,90.12021018593371,84.02149758454107,90.19246435845214,-0.5448230613643545,0.0722541725184271,867.0,1237.0,11.0,13.0,414.0,491.0,5.0,5.0,2.0,5.0
2026-06-08,63302861,824025,Los Angeles Angels,Houston Astros,2026-06-07,0.371,0.629,4.12,5.48,9.6,1,night,100.68315898253915,99.8019516014168,99.5719427625288,98.80592856515176,6.938187255813952,5.251937792592593,6.938187255813954,4.649813008695652,0.4017166860465115,0.3462479537037037,0.4017166860465116,0.3264412173913043,89.80112676056338,84.35940476190476,89.80112676056338,84.59045553145336,0.0,0.2310507695486023,356.0,840.0,4.0,9.0,356.0,461.0,4.0,5.0,4.0,5.0
2026-06-08,63302877,823218,San Francisco Giants,Washington Nationals,2026-06-07,0.565,0.435,4.81,4.12,8.93,2395,night,100.7839290647098,101.23489677312573,100.5205363546398,101.12590414206602,4.282678663453818,5.61267644813278,1.2081616000000004,6.255411546391752,0.3143644297188755,0.358114356846473,0.213229,0.3792569587628865,89.13486842105263,88.19946524064171,89.21160220994474,89.14267015706807,0.0767337888921133,0.9432049164263532,912.0,935.0,10.0,13.0,181.0,382.0,2.0,5.0,3.0,4.0
2026-06-08,63302909,822972,Tampa Bay Rays,Boston Red Sox,2026-06-07,0.496,0.504,3.68,3.72,7.4,12,night,98.11098508158672,100.12149527506392,98.91749504482084,98.35141322511924,4.186181225,4.951519767272727,3.697335555555557,4.750517301010102,0.311190171875,0.3363657818181818,0.2951097222222222,0.3297538585858586,86.02485089463221,88.52472324723247,85.9377990430622,89.15779569892473,-0.0870518515700098,0.6330724516922572,518.0,1084.0,26.0,12.0,220.0,372.0,10.0,4.0,3.0,1.0
2026-06-08,63303263,824427,Cleveland Guardians,New York Yankees,2026-06-07,0.55,0.45,3.9,3.37,7.27,5,night,98.77106040967044,100.3405672794973,100.0491190818056,100.12990648826546,4.618295017283952,3.517975217777778,4.614166260317458,2.7906386666666667,0.3254044413580247,0.2892097111111111,0.3252686269841269,0.2652841666666666,90.34780810587262,90.7029356060606,90.27412008281574,90.84057142857144,-0.0736880230568743,0.1376358225108305,1240.0,1056.0,13.0,12.0,483.0,350.0,5.0,4.0,5.0,7.0
2026-06-08,63303369,823289,San Diego Padres,Cincinnati Reds,2026-06-07,0.492,0.508,4.16,4.25,8.41,2680,night,101.04618472701154,98.6330795638253,99.62565915572524,98.1968901819963,4.9476604707818925,5.208757583333334,4.804231516981133,4.555091895652175,0.3362388312757201,0.3448275520833333,0.3315207735849056,0.3233253913043478,88.98786307053942,87.46813559322034,90.08066825775656,87.80503144654088,1.0928051872171525,0.3368958533205415,968.0,1180.0,12.0,13.0,423.0,477.0,5.0,5.0,6.0,2.0
2026-06-09,63301655,824267,Detroit Tigers,Minnesota Twins,2026-06-08,0.549,0.451,4.36,3.84,8.2,2394,night,99.95249568062992,103.60381655779145,99.20828750359986,98.80317976336568,4.780207392405062,4.403351729230772,4.780207392405062,5.14146412903226,0.3307305063291139,0.3183339384615385,0.3307305063291139,0.3426139516129032,90.993893129771,92.28342696629213,90.993893129771,92.99090909090908,0.0,0.7074821246169591,262.0,1068.0,3.0,11.0,262.0,264.0,3.0,3.0,10.0,4.0
2026-06-09,63301687,824830,Baltimore Orioles,Seattle Mariners,2026-06-08,0.457,0.543,4.0,4.45,8.45,2,night,101.97115356282632,100.96799626623653,98.6488908401603,100.35338786300836,4.687817878838175,4.363123688590603,5.563478678899083,3.077714520353981,0.327691377593361,0.3170106476510066,0.3564960091743119,0.2747274513274336,88.91565762004176,88.30266666666667,89.9308056872038,88.66089743589744,1.0151480671620448,0.3582307692307722,959.0,1200.0,11.0,13.0,423.0,468.0,5.0,5.0,5.0,6.0
2026-06-09,63302059,824429,Cleveland Guardians,New York Yankees,2026-06-08,0.439,0.561,3.84,4.48,8.32,5,night,102.00232877967134,99.38005667683365,100.25355802124962,99.93698440846607,4.79241925479452,2.3636155294117644,2.8668690566037736,2.363615529411766,0.3311322123287671,0.2512373529411764,0.2677917452830188,0.2512373529411765,88.00460704607046,91.6974358974359,89.04289099526066,91.6974358974359,1.0382839491902018,0.0,1109.0,234.0,13.0,3.0,422.0,234.0,5.0,3.0,2.0,3.0
2026-06-09,63302479,824347,Colorado Rockies,Chicago Cubs,2026-06-08,0.406,0.594,5.3,6.3,11.6,19,night,100.23159858469552,101.62468899882806,100.6527462476158,99.75470458546006,7.306614858867928,5.622632080866427,8.467842400000002,6.731628800000002,0.4138360150943397,0.3584418447653429,0.4520342894736842,0.394922,88.27186274509805,89.4719887955182,88.18426966292135,89.68199052132702,-0.0875930821766957,0.2100017258088229,1023.0,1071.0,12.0,13.0,445.0,422.0,5.0,5.0,7.0,3.0
2026-06-09,63302797,823374,Pittsburgh Pirates,Los Angeles Dodgers,2026-06-08,0.513,0.487,4.03,3.89,7.92,31,night,102.72283356579354,99.54020302269244,100.37194530824324,98.81801524048365,2.0390760985507232,5.698322916256164,2.720209828571429,5.696124698412697,0.2405617137681159,0.3609316748768474,0.2629674285714286,0.360859365079365,92.63781659388648,86.20286458333334,92.345,86.28455284552845,-0.2928165938864708,0.0816882621951151,1145.0,768.0,13.0,10.0,500.0,246.0,5.0,3.0,3.0,12.0
2026-06-09,63302839,824591,Chicago White Sox,Atlanta Braves,2026-06-08,0.397,0.603,4.04,5.12,9.16,4,night,99.02392957542956,99.66246098979896,97.10840292952948,99.12992601971004,3.0134266666666667,4.8419291820895545,2.1024856888888888,5.071727155555557,0.2726127192982456,0.332760828358209,0.2426475555555555,0.3403199722222222,86.60384615384615,89.45937813440321,86.85639810426541,89.29311163895487,0.2525519504192601,-0.1662664954483403,260.0,999.0,13.0,12.0,211.0,421.0,11.0,5.0,6.0,5.0
2026-06-09,63303449,824023,Los Angeles Angels,Houston Astros,2026-06-08,0.478,0.522,4.21,4.44,8.65,1,night,98.6598370131058,98.61541321601818,98.91524351976864,99.61125694588245,3.4734401548387104,4.042623840000002,3.456992765811967,4.544719619801979,0.2877447419354839,0.3064678894736842,0.2872037094017094,0.3229841980198019,93.74453488372092,88.64018445322792,93.3218415417559,88.1899014778325,-0.4226933419650294,-0.4502829753954103,864.0,759.0,11.0,19.0,467.0,406.0,5.0,5.0,10.0,1.0
2026-06-09,63303851,823858,Miami Marlins,Arizona Diamondbacks,2026-06-08,0.558,0.442,4.23,3.63,7.86,4169,night,98.9770376292224,101.52088206135387,99.5416400631471,100.80659687281882,3.898668559197323,5.704678826666666,3.2233214580645164,5.650769271794871,0.3017325183946487,0.3611407508771929,0.2795171532258064,0.3593674102564102,90.95393162393162,88.96034327009937,90.89012345679012,88.48379629629629,-0.0638081671415022,-0.4765469738030816,1170.0,1107.0,13.0,13.0,486.0,432.0,5.0,5.0,10.0,6.0
2026-06-10,63301019,823856,Miami Marlins,Arizona Diamondbacks,2026-06-09,0.503,0.497,4.12,4.08,8.2,4169,night,103.2690015072443,96.33542078469856,99.99091651834188,99.83675050544412,6.327127666666668,5.144626796013289,5.471364952380954,4.821203142028984,0.3816160416666667,0.3427179867109634,0.3534659523809524,0.3320790507246376,90.47764705882354,93.0411659192825,90.4191780821918,93.1832627118644,-0.0584689766317438,0.1420967925818956,85.0,1120.0,3.0,13.0,73.0,472.0,2.0,5.0,8.0,0.0
2026-06-10,63301321,823372,Pittsburgh Pirates,Los Angeles Dodgers,2026-06-09,0.35,0.65,3.01,4.58,7.59,31,night,103.28537184477378,101.83772559771162,99.53196715483476,99.5170537029602,5.965415619047617,2.1526358758620696,5.965415619047617,2.5839757818181823,0.3697176190476189,0.2442972327586207,0.3697176190476189,0.2584860454545454,93.58675496688744,90.4153764581124,93.58675496688744,90.56299212598424,0.0,0.1476156678718467,151.0,943.0,2.0,10.0,151.0,381.0,2.0,4.0,9.0,8.0
2026-06-10,63301375,824022,Los Angeles Angels,Houston Astros,2026-06-09,0.52,0.48,4.44,4.22,8.66,1,night,98.24493284866298,100.61447987570314,98.82043368180842,99.54675316604892,2.9710016521172644,4.241122295327104,2.956051808264464,4.77191968264463,0.2712171596091205,0.3129974439252336,0.2707253884297521,0.3304578842975207,88.20975806451614,89.70560093348891,89.03446088794927,89.30420168067228,0.8247028234331282,-0.4013992528166312,1242.0,858.0,13.0,9.0,474.0,476.0,5.0,5.0,3.0,2.0
2026-06-10,63302269,824348,Colorado Rockies,Chicago Cubs,2026-06-09,0.37,0.63,5.05,6.41,11.46,19,night,98.99774398477196,102.0603172957435,99.73160420567362,98.61830253782186,6.25740028896321,4.137567189610387,6.620925818181817,5.616443490909093,0.3793223779264214,0.3095910259740259,0.3912804545454545,0.3582382727272727,88.51468777484608,86.89727195225916,89.75494252873564,87.12336448598131,1.240254753889559,0.2260925337221522,1137.0,1173.0,14.0,13.0,435.0,428.0,5.0,5.0,3.0,2.0
2026-06-10,63302367,824266,Detroit Tigers,Minnesota Twins,2026-06-09,0.6,0.4,4.99,3.94,8.93,2394,night,97.10971810266396,102.1954488769168,98.66233605187888,98.59634064356447,4.680063761269842,2.917466322580646,4.710116013114753,2.917466322580646,0.3274363079365079,0.2694561290322581,0.328424868852459,0.2694561290322581,88.310409556314,89.26434782608695,88.76443514644352,89.26434782608695,0.4540255901295182,0.0,1173.0,115.0,13.0,2.0,479.0,115.0,5.0,2.0,4.0,6.0
2026-06-10,63303445,824590,Chicago White Sox,Atlanta Braves,2026-06-09,0.405,0.595,3.2,4.19,7.39,4,night,100.2186384324434,97.87931021904768,100.02422378683627,98.88699593867904,3.902263040000003,3.5093032955631416,3.193530297872339,4.077251309803922,0.3018507578947369,0.2889244505119454,0.2785371808510637,0.3076069509803921,90.18652094717667,87.92068062827225,90.41780821917808,88.34825000000001,0.2312872720013956,0.4275693717277562,1098.0,1146.0,12.0,12.0,365.0,400.0,4.0,4.0,2.0,1.0
2026-06-10,63303615,824428,Cleveland Guardians,New York Yankees,2026-06-09,0.515,0.485,3.66,3.5,7.16,5,day,101.06507607199148,95.62875734111536,98.37166535813884,96.54372838893885,3.5780226511945408,3.1235622990291247,4.1545330973451335,2.70788077108434,0.2911849556313993,0.2762356019417475,0.3101491150442478,0.2625618674698796,88.87017094017095,90.79244444444444,88.80242290748899,90.66129032258064,-0.0677480326819619,-0.1311541218638012,1175.0,450.0,13.0,5.0,458.0,372.0,5.0,4.0,4.0,8.0
2026-06-10,63303869,824831,Baltimore Orioles,Seattle Mariners,2026-06-09,0.458,0.542,4.34,4.78,9.12,2,night,100.76235646049535,98.93927222870846,99.99939495828616,100.90526591742127,4.8156527396226405,3.715954464596273,4.5803955361344535,5.247646924369748,0.3318964716981131,0.2957221863354037,0.3241577478991596,0.346106806722689,88.40875160875161,91.96167364016736,87.87088036117382,92.15397849462366,-0.5378712475777974,0.1923048544562959,777.0,1196.0,9.0,13.0,443.0,465.0,5.0,5.0,7.0,2.0
2026-06-11,63301431,824265,Detroit Tigers,Minnesota Twins,2026-06-10,0.606,0.394,4.93,3.81,8.74,2394,day,100.37122488481197,101.79820236689037,100.40189009873028,100.25118455220148,4.06111759389313,3.7724155540983606,4.76579534814815,3.7724155540983606,0.3070762366412213,0.2975794590163934,0.3302564259259259,0.2975794590163934,89.66525423728814,89.33205944798301,89.41907216494845,89.33205944798301,-0.2461820723396925,0.0,944.0,471.0,12.0,5.0,388.0,471.0,5.0,5.0,11.0,0.0
2026-06-11,63302121,824827,Baltimore Orioles,Seattle Mariners,2026-06-10,0.466,0.534,3.79,4.15,7.94,2,night,94.14182425965348,100.73535161890857,99.1460497014034,100.55401540101136,4.398505460869563,2.9851935003278696,3.96340427586207,1.6399196610169486,0.3181745217391303,0.2716839967213115,0.3038619827586207,0.2274315677966101,90.00656691604323,92.41305506216696,90.24456289978676,92.06702819956617,0.237995983743545,-0.3460268626007945,1204.0,1129.0,13.0,13.0,469.0,463.0,5.0,5.0,7.0,5.0
2026-06-11,63303573,823371,Pittsburgh Pirates,Los Angeles Dodgers,2026-06-10,0.399,0.601,3.85,4.91,8.76,31,night,101.6117010691613,94.6125234043794,99.52484047970812,98.96346020145184,4.842088300000001,4.139615626277373,5.839308935593222,3.5762720824742265,0.3327660625,0.3096584087591241,0.365569372881356,0.2911273711340206,88.99657894736842,89.70635080645161,88.9740909090909,90.38346666666668,-0.0224880382775154,0.6771158602150678,1141.0,994.0,13.0,11.0,440.0,376.0,5.0,4.0,6.0,8.0
2026-06-11,63303779,824346,Colorado Rockies,Chicago Cubs,2026-06-10,0.409,0.591,4.34,5.3,9.64,19,day,100.8062927954364,101.4542695101627,99.16325242988825,99.82256517772986,5.887373329230769,4.944022191020407,4.512105257142857,5.812266370370373,0.3671504384615384,0.3361191510204081,0.3219113571428571,0.3646798148148149,89.26468085106383,91.87023060796643,89.32013888888889,92.8419213973799,0.0554580378250619,0.971690789413458,470.0,954.0,7.0,11.0,144.0,229.0,2.0,3.0,3.0,9.0
2026-06-11,63303803,823855,Miami Marlins,Arizona Diamondbacks,2026-06-10,0.566,0.434,4.46,3.78,8.24,4169,day,100.84202225745494,101.36771363673878,99.13398236893538,99.9601207711944,4.136990913368983,7.308317872941174,3.778070305882353,6.06245696716418,0.3095720695187165,0.4138920352941175,0.2977654705882352,0.3729097686567164,89.11999999999999,89.10031847133757,89.1185303514377,89.0816414686825,-0.001469648562292,-0.0186770026550675,710.0,946.0,18.0,10.0,313.0,463.0,6.0,5.0,2.0,0.0
2026-06-12,63299179,824507,Cincinnati Reds,Arizona Diamondbacks,2026-06-11,0.505,0.495,4.68,4.64,9.32,2602,night,99.49932311794078,99.9179352749746,98.0604550721242,99.51400838341554,6.595049361702127,4.920625320872275,6.022246307438016,4.842648925619836,0.3904292553191489,0.3353495171339564,0.3715870495867768,0.3327845041322314,89.66414414414415,88.36984515077425,89.5574423480084,88.90148305084746,-0.1067017961357521,0.531637900073207,555.0,1228.0,6.0,13.0,477.0,472.0,5.0,5.0,2.0,5.0
2026-06-12,63299233,823617,New York Mets,Atlanta Braves,2026-06-11,0.554,0.446,4.37,3.81,8.18,3289,night,99.28122852098082,101.80231737252976,99.29066587707658,98.5137390145552,3.536272048322148,3.107960918918918,5.5217115186991865,2.965925629629629,0.2898115805369127,0.2757223986486486,0.3551220894308943,0.2710501851851851,90.89320066334992,88.72728731942215,90.64055793991416,88.6685393258427,-0.2526427234357555,-0.0587479935794448,1206.0,623.0,13.0,7.0,466.0,445.0,5.0,5.0,7.0,5.0
2026-06-12,63302273,824588,Chicago White Sox,Los Angeles Dodgers,2026-06-11,0.4,0.6,4.21,5.26,9.47,4,night,97.28795440102564,102.68326749293892,97.622522118832,98.90194363552077,6.020924334545455,4.488409449795918,5.057136,1.9522934831460683,0.3715435636363636,0.3211318897959183,0.33984,0.2377070224719101,90.34485165794068,91.69517102615694,90.27649667405764,92.17555555555556,-0.0683549838830259,0.4803845293986057,1146.0,994.0,13.0,11.0,451.0,360.0,5.0,4.0,8.0,2.0
2026-06-12,63302575,824425,Cleveland Guardians,Detroit Tigers,2026-06-11,0.629,0.371,4.73,3.37,8.1,5,night,99.60584825429468,100.40465226370344,100.33741040882272,99.27968934458224,4.832705787341773,4.856316650519031,5.969442491803278,3.769269018181819,0.3324574272151899,0.3332341003460207,0.3698500819672131,0.2974759545454545,87.67314890154597,87.53197389885807,88.3162100456621,87.70613636363636,0.6430611441161318,0.1741624647782913,1229.0,1230.0,14.0,14.0,438.0,444.0,5.0,5.0,3.0,2.0
2026-06-12,63302871,822803,Toronto Blue Jays,New York Yankees,2026-06-11,0.477,0.523,3.84,4.09,7.93,14,night,99.9581517762122,100.8240683409799,98.01784976810931,98.74716365388409,2.776277376744185,4.475237031802122,3.2179069217391314,4.291329307692307,0.2648117558139534,0.3206985865724382,0.2793390434782609,0.3146489903846153,89.32376237623762,89.23611111111111,89.68836206896552,88.98155844155845,0.3645996927278929,-0.2545526695526661,707.0,1117.0,8.0,12.0,464.0,385.0,5.0,4.0,8.0,5.0
2026-06-12,63303195,823778,Milwaukee Brewers,Philadelphia Phillies,2026-06-11,0.67,0.33,4.79,3.04,7.83,32,night,98.3434290526413,87.37463615846521,99.3579700076308,97.61910832352704,1.938598862458471,3.5971599999999992,0.7984831096774183,2.0620975999999995,0.2372565415282391,0.2918144736842105,0.1997527338709677,0.2413189999999999,97.14568527918782,87.21176470588235,98.00445434298442,87.44414414414413,0.8587690637966006,0.2323794382617876,1184.0,446.0,13.0,22.0,449.0,111.0,5.0,6.0,6.0,0.0
2026-06-12,63303583,823370,Pittsburgh Pirates,Miami Marlins,2026-06-11,0.611,0.389,4.77,3.61,8.38,31,night,99.68964683967404,100.4313470589735,100.20538979500334,100.61435520618129,3.0067307650000004,4.34780528172043,3.683995847328245,5.488793784615387,0.272392459375,0.316506752688172,0.2946709160305343,0.3540392692307693,92.61732283464568,92.16373134328356,93.14030501089324,92.36652631578949,0.5229821762475666,0.2027949725058988,1143.0,1340.0,13.0,14.0,459.0,475.0,5.0,5.0,3.0,8.0
2026-06-13,63299171,824426,Cleveland Guardians,Detroit Tigers,2026-06-12,0.433,0.567,3.45,4.16,7.61,5,day,95.5840159015452,99.59419600916944,97.8913496570055,98.9507564148481,4.772407601384083,3.36260648674699,5.848990431372551,,0.3304739342560553,0.2840988975903615,0.3658878431372549,,85.17138075313808,92.51805111821086,84.33484162895928,,-0.8365391241787989,,1196.0,627.0,14.0,7.0,443.0,,5.0,,3.0,1.0
2026-06-13,63299299,822802,Toronto Blue Jays,New York Yankees,2026-06-12,0.454,0.546,3.36,3.84,7.2,14,day,102.31875781115788,101.87204485209168,100.34471169513284,99.66292089039874,3.656847317133956,2.708681492993631,3.479235200000001,3.2422054230088504,0.2937778722741432,0.2625882070063694,0.2879353684210526,0.2801383362831858,89.23675675675676,95.53418940609951,89.1277894736842,95.46586433260394,-0.1089672830725589,-0.0683250734955862,1295.0,1249.0,14.0,14.0,475.0,457.0,5.0,5.0,1.0,3.0
2026-06-13,63300913,823776,Milwaukee Brewers,Philadelphia Phillies,2026-06-12,0.58,0.42,4.63,3.78,8.41,32,night,95.31985705737824,100.49188502466724,98.94120661976147,100.48618147604073,3.096785090909089,4.6310954666666655,3.3940014457831325,4.5575671372549005,0.2753547727272726,0.3258255087719298,0.2851316265060241,0.3234068137254901,90.26620689655172,85.9167525773196,90.97391304347826,85.75813953488372,0.7077061469265402,-0.1586130424358742,580.0,1165.0,13.0,13.0,299.0,431.0,6.0,5.0,8.0,9.0
2026-06-13,63301585,823369,Pittsburgh Pirates,Miami Marlins,2026-06-12,0.54,0.46,4.72,4.3,9.02,31,day,101.93961537636048,100.33203320813936,98.98554884319188,98.94969951390404,4.569160248375448,2.937578696503496,3.749953538461537,4.25208504242424,0.3237881660649818,0.2701177202797202,0.2968405769230768,0.3133580606060605,94.69258266309204,89.80682593856656,94.44072398190046,89.92379182156134,-0.2518586811915781,0.1169658829947764,1125.0,586.0,13.0,21.0,446.0,269.0,5.0,9.0,3.0,2.0
2026-06-13,63302453,824508,Cincinnati Reds,Arizona Diamondbacks,2026-06-12,0.446,0.554,4.22,4.79,9.01,2602,day,98.94928718758398,100.69070201901484,99.45514126799628,100.02384899658249,5.352296431460674,4.197859866229509,5.2532008,2.709801758677685,0.3495492247191011,0.311574337704918,0.3462895,0.2626250578512396,89.38030513176143,87.75227272727273,90.21428571428572,87.10000000000001,0.8339805825242763,-0.6522727272727167,722.0,1188.0,9.0,13.0,70.0,459.0,1.0,5.0,2.0,1.0
2026-06-13,63302587,823616,New York Mets,Atlanta Braves,2026-06-12,0.494,0.506,3.96,4.03,7.99,3289,day,97.77556780559944,97.26787704589536,98.58261204863048,99.30321627558104,4.459467680000004,4.348637962331838,2.836803503797463,3.987889379310344,0.3201798578947369,0.3165341434977578,0.2668027468354428,0.3046674137931034,84.50219072164948,85.35288135593221,85.62852664576802,84.9218023255814,1.1263359241185356,-0.4310790303508156,776.0,885.0,14.0,13.0,319.0,344.0,5.0,5.0,1.0,3.0
2026-06-13,63302699,824587,Chicago White Sox,Los Angeles Dodgers,2026-06-12,0.357,0.643,3.27,4.77,8.04,4,day,101.45126305069287,101.26617028773197,99.63190726415895,100.69235929446155,3.938945107266435,3.565919048648649,3.679654212612613,2.0323356990099017,0.3030574048442906,0.2907868108108108,0.2945280990990991,0.2403399900990099,89.51660899653979,90.88615916955015,90.45689277899343,91.20530303030304,0.9402837824536476,0.3191438607528738,1156.0,1156.0,13.0,12.0,457.0,396.0,5.0,4.0,1.0,7.0
2026-06-14,63299225,823615,New York Mets,Atlanta Braves,2026-06-13,0.517,0.483,4.42,4.24,8.66,3289,day,103.86240569692444,100.56217518843457,98.91442982730452,99.44248323468356,4.020433390476191,3.066690545882352,4.325127697637796,3.1754654838709686,0.3057379404761904,0.2743648205882352,0.315760779527559,0.2779429435483871,89.35339805825242,88.48201144726083,89.44748490945675,88.69113636363636,0.0940868512043238,0.2091249163755293,1340.0,1224.0,14.0,14.0,498.0,440.0,5.0,5.0,8.0,1.0
2026-06-14,63301783,823368,Pittsburgh Pirates,Miami Marlins,2026-06-13,0.607,0.393,4.06,2.95,7.01,31,day,102.09368556512123,99.42203188473468,100.39845617793294,99.3324779242756,2.315759239867108,4.095722352941176,3.821264447457628,3.1733896991735526,0.2496631328903653,0.3082145510835913,0.2991863305084746,0.2778746611570247,92.62443910256412,90.9000790513834,92.51623762376236,90.81360824742268,-0.108201478801746,-0.0864708039607222,1248.0,1265.0,14.0,14.0,505.0,485.0,5.0,5.0,2.0,4.0
2026-06-14,63302091,824586,Chicago White Sox,Los Angeles Dodgers,2026-06-13,0.358,0.642,4.16,5.65,9.81,4,day,102.41056517560034,102.32647675280704,97.3093525002668,99.4203460228337,3.4369519877862604,4.0591286387096766,4.569726112,4.097881490410959,0.2865444732824427,0.3070108104838709,0.3238067799999999,0.3082855753424657,89.16490566037736,88.6753438113949,90.35193370165746,89.128,1.1870280412801009,0.4526561886051041,532.0,1020.0,33.0,12.0,181.0,300.0,12.0,4.0,6.0,4.0
2026-06-14,63302635,824506,Cincinnati Reds,Arizona Diamondbacks,2026-06-13,0.515,0.485,4.79,4.63,9.42,2602,day,98.43884327085776,101.28202930604505,98.27776677575368,100.94272104060472,4.999924076923075,5.72160170289389,4.825293491525424,5.803477714285715,0.3379580288461538,0.361697424437299,0.3322136016949152,0.3643907142857143,87.51249024199844,88.8383014154871,87.97241379310346,88.33526682134571,0.459923551105021,-0.5030345941413827,1281.0,1201.0,14.0,14.0,493.0,431.0,5.0,5.0,3.0,5.0
2026-06-14,63302869,823777,Milwaukee Brewers,Philadelphia Phillies,2026-06-13,0.487,0.513,3.38,3.52,6.9,32,day,101.32432223346598,100.11548788815912,99.1012817676325,99.04872400021571,3.687357847154472,2.739035508847185,3.822289767441861,2.585752579710147,0.2947815081300813,0.2635866943699732,0.2992200581395349,0.2585444927536232,90.33308128544422,90.17395833333332,90.49201101928374,90.52222222222224,0.1589297338395141,0.3482638888888942,1059.0,1344.0,12.0,14.0,363.0,495.0,4.0,5.0,4.0,0.0
2026-06-14,63303833,822801,Toronto Blue Jays,New York Yankees,2026-06-13,0.46,0.54,4.09,4.51,8.6,14,day,91.32686380469802,100.75502962497768,98.66105396817969,100.16341920935392,5.811327776,3.5939533896193767,5.135824353846155,4.062064492307691,0.36464894,0.2917089930795847,0.3424284326923077,0.3071073846153845,84.59207188160677,90.63687881429816,84.16044226044227,90.56695652173912,-0.4316296211645039,-0.0699222925590419,947.0,1147.0,12.0,13.0,408.0,345.0,5.0,4.0,3.0,8.0
2026-06-15,63299361,824181,Houston Astros,Detroit Tigers,2026-06-14,0.522,0.478,4.44,4.21,8.65,2392,night,99.17349093608225,102.46715548199496,99.29881887044417,99.42096551698296,4.262362359069766,3.056771479781422,4.540730652252252,1.8673234782608696,0.3136961302325581,0.2740385355191257,0.322852981981982,0.2349119565217391,88.63356807511738,89.71966987620357,88.33509174311926,90.43358208955225,-0.2984763319981169,0.7139122133486779,852.0,729.0,20.0,25.0,436.0,268.0,5.0,10.0,3.0,9.0
2026-06-15,63300953,824666,Chicago Cubs,Colorado Rockies,2026-06-14,0.675,0.325,5.49,3.69,9.18,17,night,101.94027667040034,101.16544060274208,98.63732547512332,99.85977115867796,3.9092734629969432,5.842167340880505,5.545360262068964,5.428165185185184,0.3020813639143731,0.3656633993710692,0.3559000086206896,0.3520449074074073,86.96967537608867,88.50917280917281,87.30639810426541,89.536866359447,0.3367227281767384,1.0276935502741935,1263.0,1221.0,14.0,15.0,422.0,434.0,5.0,5.0,5.0,4.0
2026-06-15,63300977,823938,Los Angeles Dodgers,Tampa Bay Rays,2026-06-14,0.589,0.411,4.79,3.85,8.64,22,night,99.60067469885348,98.5472368901506,98.89122294199872,101.21662224242988,5.447402475336324,4.717654486075949,3.8085246451612895,5.549222516129033,0.3526777130044843,0.3286728449367088,0.2987672580645161,0.3560270564516129,86.32485414235705,86.85170132325142,86.74980392156863,86.97794871794872,0.4249497792115733,0.1262473946973017,857.0,1059.0,11.0,13.0,255.0,390.0,3.0,5.0,4.0,3.0
2026-06-15,63301303,823452,Philadelphia Phillies,Miami Marlins,2026-06-14,0.66,0.34,4.63,2.97,7.6,2681,night,100.7232049707568,103.25035505359688,100.13918183899716,101.41408901875964,3.350829026415094,4.530433200000001,3.0021209898305097,3.8990521081081098,0.2837114811320754,0.32251425,0.2722408220338983,0.3017451351351352,90.62811764705882,89.44238410596026,91.27186858316222,89.32230215827337,0.6437509361034017,-0.1200819476868844,850.0,151.0,9.0,4.0,487.0,139.0,5.0,3.0,7.0,0.0
2026-06-15,63301683,825071,Arizona Diamondbacks,Los Angeles Angels,2026-06-14,0.559,0.441,4.81,4.2,9.01,15,night,96.53107951440076,98.4673284373156,99.83192018918962,98.80782466357624,5.566405929411764,3.401130814937759,6.568932764179104,3.702077255284553,0.3565923003095975,0.2853661452282157,0.3895701567164178,0.2952656991869918,92.96992481203009,93.770423991727,93.20407725321888,93.57101449275363,0.2341524411888116,-0.1994094989733525,1202.0,971.0,14.0,12.0,466.0,483.0,5.0,5.0,4.0,3.0
2026-06-15,63302919,824505,Cincinnati Reds,New York Mets,2026-06-14,0.556,0.444,4.35,3.76,8.11,2602,night,100.085765086057,102.1961887332513,99.13495160197104,99.56242345652848,2.976544694444444,3.564906748091604,2.721512444444444,6.08656512,0.2713994965277777,0.2907535114503817,0.2630102777777777,0.3737027999999999,94.8062866722548,87.49347826086957,94.8778364116095,89.55595238095238,0.0715497393546797,2.062474120082811,1193.0,464.0,13.0,20.0,379.0,84.0,4.0,5.0,12.0,0.0
2026-06-15,63303721,822887,Texas Rangers,Minnesota Twins,2026-06-14,0.552,0.448,4.49,3.94,8.43,5325,night,97.38795259025358,102.07685466414652,98.14159132518428,99.2378026712884,4.536052264935066,2.578469927272726,4.80615996952381,2.578469927272728,0.3226990876623377,0.2583049318181817,0.3315842095238095,0.2583049318181818,90.10625,88.01676300578035,89.79661016949153,88.01676300578035,-0.3096398305084733,0.0,1249.0,173.0,14.0,3.0,413.0,173.0,5.0,3.0,2.0,4.0
2026-06-16,63300987,823128,Seattle Mariners,Baltimore Orioles,2026-06-15,0.601,0.399,4.31,3.26,7.57,680,night,100.49341662014636,101.68654176570372,100.43479713217582,99.98013783735506,4.354725816822431,4.659824931645571,3.90551712,4.694954137704919,0.3167344018691589,0.3267705569620253,0.3019578,0.3279261229508197,88.35279693486589,88.29445086705202,88.96195372750643,87.37050691244241,0.6091567926405332,-0.9239439546096122,1305.0,865.0,14.0,10.0,389.0,434.0,4.0,5.0,3.0,1.0
2026-06-16,63301283,822888,Texas Rangers,Minnesota Twins,2026-06-15,0.583,0.417,4.86,3.98,8.84,5325,night,101.37262386905633,101.82829761207331,99.20012219433914,100.08344409482888,4.960024119572952,3.981883744,4.233165489655173,4.588415180799998,0.3366455302491102,0.30446986,0.3127357068965517,0.3244215519999999,89.40838593327321,89.19221014492753,88.54222222222222,89.22409381663113,-0.8661637110509872,0.0318836717035964,1112.0,552.0,13.0,6.0,451.0,469.0,5.0,5.0,2.0,12.0
2026-06-16,63301337,823451,Philadelphia Phillies,Miami Marlins,2026-06-15,0.542,0.458,4.4,3.96,8.36,2681,night,97.32630973087912,100.54477447278524,98.35901552401968,99.30986207110736,3.611344668656717,3.8868616039024406,4.058758972357725,3.640150545454546,0.2922810746268657,0.3013441317073171,0.3069986504065041,0.2932286363636364,90.68961911874533,89.1428205128205,90.95,89.21111111111111,0.2603808812546759,0.0682905982906021,1339.0,780.0,14.0,19.0,480.0,369.0,5.0,6.0,8.0,2.0
2026-06-16,63301365,824182,Houston Astros,Detroit Tigers,2026-06-15,0.564,0.436,4.12,3.45,7.57,2392,night,99.8413399803062,96.16751283036815,100.11495391297863,98.69587372286944,1.2412926511627895,4.859940823668638,,5.332882447863248,0.2143188372093022,0.3333533165680473,,0.3489106068376068,92.27611111111112,88.36519647153168,,89.01342281879195,,0.6482263472602767,180.0,1248.0,2.0,14.0,,448.0,,5.0,4.0,2.0
2026-06-16,63301449,824667,Chicago Cubs,Colorado Rockies,2026-06-15,0.646,0.354,5.36,3.84,9.2,17,night,100.93780825716831,100.72351408599692,99.82654456131046,98.60856661259012,5.124487085714286,5.913182165333332,6.5607878571428575,5.018180851612903,0.3420554962406015,0.3679994133333332,0.3893022321428571,0.3385585806451612,92.048987463838,89.29889908256881,93.54330357142858,89.386301369863,1.4943161075905778,0.0874022872941964,1037.0,545.0,12.0,8.0,224.0,219.0,3.0,3.0,2.0,5.0
2026-06-16,63301883,824504,Cincinnati Reds,New York Mets,2026-06-15,0.5,0.5,4.81,4.8,9.61,2602,night,94.8535163858102,99.63399836122746,99.54770979254953,98.66662381234411,5.94690860729927,5.005246647422681,5.254312963855423,,0.3691088357664233,0.3381331134020618,0.3463260843373494,,86.94726775956285,89.28528610354223,87.50412087912088,,0.5568531195580277,,1098.0,368.0,13.0,5.0,364.0,,4.0,,5.0,3.0
2026-06-16,63301927,824750,Boston Red Sox,Toronto Blue Jays,2026-06-15,0.533,0.467,3.96,3.61,7.57,3,night,99.2948207520722,99.22156176865708,98.12255285443054,99.11477892230612,2.322888538388627,2.991444627338129,2.327316915463917,3.014926730158731,0.2498976492890995,0.2718896258992805,0.2500433195876288,0.2726620634920635,93.19411764705885,91.53196930946292,93.672311827957,91.6078066914498,0.4781941808981571,0.0758373819869007,782.0,1174.0,9.0,12.0,372.0,270.0,4.0,3.0,1.0,6.0
2026-06-16,63302381,823535,New York Yankees,Chicago White Sox,2026-06-15,0.621,0.379,4.82,3.54,8.36,3313,night,99.43971493046024,100.2680914424625,99.4182882669012,100.0043118275883,2.764525872727273,4.022042771612904,2.764525872727273,4.149123101030928,0.2644251931818182,0.3057908806451613,0.2644251931818182,0.3099711546391752,91.91861198738172,90.1475792988314,91.91861198738172,90.18288770053476,0.0,0.0353084017033751,318.0,1198.0,4.0,13.0,318.0,374.0,4.0,4.0,12.0,2.0
2026-06-16,63303259,825070,Arizona Diamondbacks,Los Angeles Angels,2026-06-15,0.564,0.436,4.84,4.18,9.02,15,night,101.4325532843812,98.62499811274064,99.97837740989404,98.8330824196452,6.953256063309352,2.848220994528877,6.267017155555554,1.8598224406779664,0.4022123705035971,0.2671783221884499,0.3796387222222221,0.2346652118644067,89.0615157480315,88.23619262603461,89.16681922196797,88.97195652173913,0.1053034739364733,0.7357638957045225,1020.0,1331.0,11.0,14.0,437.0,461.0,5.0,5.0,0.0,7.0
2026-06-16,63303411,823775,Milwaukee Brewers,Cleveland Guardians,2026-06-15,0.618,0.382,4.97,3.73,8.7,32,night,96.86657753345004,101.35902955814952,97.54283052592992,100.26507091178992,3.880658096551723,4.76245635047619,3.880658096551723,3.363628684684685,0.3011400689655172,0.3301465904761904,0.3011400689655172,0.2841325225225225,87.63284883720931,87.98877721943049,87.63284883720931,88.06857142857143,0.0,0.0797942091409424,344.0,1196.0,4.0,14.0,344.0,420.0,4.0,5.0,2.0,1.0
2026-06-16,63303733,823939,Los Angeles Dodgers,Tampa Bay Rays,2026-06-15,0.581,0.419,3.88,3.03,6.91,22,night,94.04980009491123,100.8839123435743,98.93852412620184,100.37821450673115,4.447608168135592,2.888790133333335,4.93185495652174,2.5209193714285725,0.3197897423728813,0.2685128333333333,0.3357189130434783,0.2564118214285714,89.81977611940299,92.2447533632287,91.00454545454544,92.19453302961276,1.1847693351424624,-0.0502203336159396,1074.0,1115.0,12.0,13.0,353.0,439.0,4.0,5.0,1.0,0.0
2026-06-17,63299121,823940,Los Angeles Dodgers,Tampa Bay Rays,2026-06-16,0.651,0.349,4.43,2.86,7.29,22,day,101.0426036896876,97.455569929006,99.38483371980712,98.64032120199684,2.509916505747125,3.9178496,3.2427651164835165,4.510833644444444,0.2560498850574712,0.3023634736842105,0.2801567472527472,0.3218695277777777,90.52,89.59250972762646,90.78280423280424,89.61954887218045,0.2628042328042426,0.0270391445539814,1045.0,1028.0,11.0,13.0,378.0,399.0,4.0,5.0,5.0,4.0
2026-06-17,63299125,824746,Boston Red Sox,Toronto Blue Jays,2026-06-16,0.553,0.447,5.22,4.67,9.89,3,night,99.00899103481504,102.15026510563482,100.28273463652135,99.63691470770272,4.373965968253967,6.200909772549019,1.4719047619047627,3.574688444444444,0.3173673015873015,0.3774641372549019,0.2219047619047619,0.2910752777777777,88.47950819672131,87.81458823529411,88.71095890410959,87.93780487804878,0.2314507073882765,0.1232166427546701,248.0,426.0,3.0,6.0,77.0,82.0,1.0,1.0,0.0,3.0
2026-06-17,63299187,824178,Houston Astros,Detroit Tigers,2026-06-16,0.498,0.502,4.17,4.2,8.37,2392,day,101.3030398657232,102.62698996195282,99.58590070862138,99.79654705067632,4.046340215126051,2.572836004324323,4.633599965957447,0.5946279999999997,0.3065901386554622,0.2581196054054053,0.3259078936170212,0.1930469736842105,89.73280590717299,89.75251076040172,89.55555555555556,89.93790849673202,-0.177250351617431,0.1853977363303016,949.0,697.0,10.0,9.0,378.0,153.0,4.0,2.0,4.0,2.0
2026-06-17,63301455,824668,Chicago Cubs,Colorado Rockies,2026-06-16,0.637,0.363,5.77,4.34,10.11,17,night,99.8394930593449,99.2395682214399,100.42777088701206,100.97703426893496,4.125099113513513,-0.874342266666666,0.4213858731707316,-0.874342266666666,0.3091808918918918,0.1447255833333333,0.1873482195121951,0.1447255833333333,89.36486956521739,84.25102040816327,89.38152866242038,84.25102040816327,0.0166590972029894,0.0,575.0,49.0,10.0,1.0,157.0,49.0,2.0,1.0,8.0,6.0
2026-06-17,63301575,823127,Seattle Mariners,Baltimore Orioles,2026-06-16,0.582,0.418,4.33,3.47,7.8,680,night,99.20050226267912,95.7852199917759,100.82708646670092,99.10525454332324,3.8170720045845257,4.566246014999999,4.850712323232323,5.097114620689654,0.2990484212034383,0.3236923031249999,0.3330497474747474,0.3411550862068965,92.07752117013086,90.18843167701864,92.00564516129032,90.69845814977974,-0.0718760088405474,0.5100264727611119,1300.0,1289.0,14.0,14.0,372.0,454.0,4.0,5.0,3.0,5.0
2026-06-17,63301609,824503,Cincinnati Reds,New York Mets,2026-06-16,0.458,0.542,4.16,4.6,8.76,2602,day,99.85891586227687,99.19011369692348,98.23287055045444,99.21245758426188,6.195486159036145,3.5111181215189875,5.576824486399999,4.811292814159291,0.3772857289156626,0.2889841487341772,0.3569350159999999,0.3317530530973451,89.72596006144393,90.91593533487298,89.75205761316873,90.8027896995708,0.0260975517248027,-0.1131456353021747,651.0,1299.0,7.0,14.0,486.0,466.0,5.0,5.0,1.0,9.0
2026-06-17,63301973,823774,Milwaukee Brewers,Cleveland Guardians,2026-06-16,0.535,0.465,4.0,3.64,7.64,32,night,99.1225387702368,98.2908112260256,99.38031726218838,99.87237352578958,5.374375906976745,4.78570312347826,5.648398218867924,4.80805344,0.3502755232558139,0.3309112869565217,0.3592894150943396,0.3316464947368421,92.71542288557214,90.40461893764434,93.12794871794873,90.25039577836412,0.4125258323765877,-0.154223159280221,1033.0,1330.0,13.0,14.0,417.0,379.0,5.0,4.0,9.0,4.0
2026-06-17,63302151,823450,Philadelphia Phillies,Miami Marlins,2026-06-16,0.534,0.466,5.01,4.66,9.67,2681,day,101.29330185216804,100.5019803383528,99.3974214419232,100.59564948713368,5.110229384397163,4.117580668656718,4.764122614285714,5.271847822222222,0.3415864929078014,0.3089335746268657,0.3302014017857143,0.3469028888888888,90.35917050691243,92.26615811373092,89.78955223880597,92.67142857142856,-0.569618268106467,0.4052704576976396,1085.0,1442.0,13.0,15.0,402.0,476.0,5.0,5.0,4.0,12.0
2026-06-17,63302257,824913,Atlanta Braves,San Francisco Giants,2026-06-16,0.575,0.425,4.8,4.01,8.81,4705,night,99.88557172600444,,99.79417548620114,,4.630195126153846,,3.9875872000000014,,0.3257958923076923,,0.3046574736842106,,88.70287356321839,,88.45769230769231,,-0.2451812555260772,,526.0,,6.0,,160.0,,2.0,,5.0,7.0
2026-06-17,63302895,825072,Arizona Diamondbacks,Los Angeles Angels,2026-06-16,0.602,0.398,5.12,4.05,9.17,15,day,100.39998784408026,100.10107230568192,99.3723585248526,97.4911166099109,5.074406095238095,3.981229333333333,5.509350796460177,1.967759130434784,0.3404080952380952,0.3044483333333333,0.3547154867256637,0.2382157608695652,88.38742378048781,86.1956043956044,88.82811158798283,86.10877192982457,0.4406878074950242,-0.0868324657798353,1313.0,273.0,14.0,5.0,466.0,171.0,5.0,3.0,8.0,1.0
2026-06-17,63303305,823536,New York Yankees,Chicago White Sox,2026-06-16,0.645,0.355,4.96,3.45,8.41,3313,night,96.52715403075712,97.1356182629744,96.96092785252992,97.65865222048969,3.406772725,5.805637302702703,2.964612131868133,4.712348872727275,0.285551734375,0.3644617533783784,0.271006978021978,0.3284983181818182,90.88131868131867,90.29514170040486,90.55473684210529,90.24966139954851,-0.3265818392134036,-0.045480300856326,546.0,1235.0,6.0,14.0,380.0,443.0,4.0,5.0,10.0,5.0
2026-06-18,63299273,823533,New York Yankees,Chicago White Sox,2026-06-17,0.6,0.4,5.28,4.24,9.52,3313,night,100.83526564299612,101.65115391605364,98.731799984255,99.52947506134936,4.525388863576159,4.146824617363342,4.625148048,3.641977032727273,0.3223483178807947,0.3098955466237941,0.32562987,0.2932887181818182,89.34732888146912,89.44663461538461,89.55702917771883,90.14519650655022,0.2097002962497072,0.6985618911656104,1199.0,1248.0,13.0,14.0,377.0,458.0,4.0,5.0,1.0,5.0
2026-06-18,63301219,823772,Milwaukee Brewers,Cleveland Guardians,2026-06-17,0.554,0.446,4.09,3.53,7.62,32,day,95.11178367049816,100.09144983489644,98.96947925078672,98.3942721852535,3.0278853333333333,3.4628975748427684,3.435574666666668,3.824093333333333,0.2730883333333333,0.2873979465408805,0.2864991666666667,0.2992793859649122,90.33768996960484,88.97212598425197,90.93910447761192,89.25311111111111,0.6014145080070818,0.2809851268591359,658.0,1275.0,14.0,14.0,335.0,454.0,6.0,5.0,2.0,4.0
2026-06-18,63301713,824748,Boston Red Sox,Toronto Blue Jays,2026-06-17,0.53,0.47,4.59,4.27,8.86,3,day,99.36211180454453,99.59523068473536,100.18624218937398,97.80660108675076,4.367121523505976,3.228946663959392,3.635554202150536,4.320435241379309,0.317142155378486,0.279702192893401,0.293077440860215,0.315606422413793,87.4,89.43807106598985,87.42365269461078,89.92975929978118,0.0236526946107744,0.4916882337913364,952.0,788.0,12.0,9.0,334.0,457.0,4.0,5.0,3.0,4.0
2026-06-18,63302879,823448,Philadelphia Phillies,New York Mets,2026-06-17,0.535,0.465,4.88,4.52,9.4,2681,night,100.24189963172904,97.67653346419796,100.60370261119658,98.6496899838708,4.65519848859935,4.367126694339624,3.6825531214953298,2.517607903614457,0.3266183713355049,0.3171423254716981,0.2946234579439253,0.256302891566265,85.90880704563651,84.5153488372093,85.51471264367817,85.20751445086705,-0.3940944019583412,0.6921656136577496,1250.0,860.0,14.0,15.0,436.0,346.0,5.0,5.0,4.0,6.0
2026-06-18,63302927,822889,Texas Rangers,Minnesota Twins,2026-06-17,0.47,0.53,3.61,3.93,7.54,5325,day,101.14689523205098,99.2317144580686,99.4559668166034,100.99341950505136,4.842097561791044,3.2660279759036137,4.620530195041326,3.1927497178294564,0.332766367164179,0.2809219728915662,0.3254779669421488,0.2785115038759689,92.01672975018926,88.42618154538636,91.61160337552742,88.92585170340682,-0.4051263746618332,0.4996701580204643,1321.0,1335.0,14.0,15.0,474.0,500.0,5.0,5.0,3.0,9.0
2026-06-18,63303635,823125,Seattle Mariners,Baltimore Orioles,2026-06-17,0.595,0.405,4.4,3.4,7.8,680,day,100.99735723964376,99.73009147141636,100.48089850046972,99.25382719591302,3.415961507317073,4.997439381818186,3.59360864,4.50938518095238,0.2858539969512195,0.3378762954545455,0.2916976526315789,0.3218218809523809,92.52450331125829,90.69397769516728,92.86303724928366,90.17409766454352,0.3385339380253782,-0.519880030623753,1211.0,1353.0,14.0,14.0,351.0,471.0,4.0,5.0,3.0,0.0
2026-06-19,63299291,822966,Tampa Bay Rays,Washington Nationals,2026-06-18,0.573,0.427,4.71,3.95,8.66,12,night,101.0748884424189,102.63815919187785,99.8949062822022,99.34387654607475,5.1304582666666665,4.616383797590362,5.594387940298507,4.836520055172417,0.3422519166666666,0.3253415722891566,0.3575127611940298,0.3325828965517242,92.08663729809103,91.28502758077228,91.46382978723403,91.87902097902098,-0.622807510857001,0.5939933982487133,689.0,1271.0,20.0,15.0,235.0,430.0,4.0,5.0,5.0,2.0
2026-06-19,63300891,823124,Seattle Mariners,Boston Red Sox,2026-06-18,0.531,0.469,3.91,3.58,7.49,680,night,102.53666384840574,96.91959911414624,100.825992549924,98.47034025147008,2.075857836065575,3.562716537062938,2.3356348999999987,3.934690138775512,0.2417716393442623,0.290681465034965,0.2503169374999999,0.3029174387755102,91.57357723577236,86.41179673321234,91.32772861356932,86.52938005390835,-0.2458486222030274,0.1175833206960135,496.0,1104.0,6.0,13.0,339.0,371.0,4.0,4.0,2.0,6.0
2026-06-19,63300951,823936,Los Angeles Dodgers,Baltimore Orioles,2026-06-18,0.67,0.33,5.32,3.57,8.89,22,night,102.98382834953664,100.96779561805522,98.88095460799816,98.6784099608906,4.635795176119405,6.5471388,3.0512551910112364,6.671122043076923,0.325980104477612,0.38885325,0.2738570786516854,0.3929316461538461,91.80451612903224,91.13650793650794,92.7186111111111,91.58850574712643,0.9140949820788506,0.4519978106184936,1085.0,378.0,12.0,5.0,360.0,261.0,4.0,3.0,6.0,5.0
2026-06-19,63301437,822886,Texas Rangers,San Diego Padres,2026-06-18,0.508,0.492,4.16,4.07,8.23,5325,night,100.64958500679712,98.96963611894886,100.66188235551424,99.9731125416881,3.728299,6.283044445016078,4.431339333333332,8.382092770642199,0.2961282565789473,0.3801659356913183,0.3192545833333333,0.4492135779816513,92.8208603896104,90.79869918699188,92.10558139534884,90.90116822429906,-0.7152789942615527,0.1024690373071877,1236.0,1234.0,14.0,14.0,430.0,432.0,5.0,5.0,9.0,7.0
2026-06-19,63301885,824663,Chicago Cubs,Toronto Blue Jays,2026-06-18,0.573,0.427,4.38,3.62,8.0,17,day,100.55406076233056,101.51669492480312,99.6664681869167,100.25665496315791,3.1768630771784228,3.3575968602898567,4.180469781818182,2.905487420689655,0.2779889170124481,0.2839341072463768,0.3110022954545454,0.2690620862068965,92.69828326180256,89.24492857142857,92.53491124260354,89.27867494824017,-0.1633720191990306,0.0337463768115924,932.0,1400.0,19.0,15.0,338.0,483.0,4.0,5.0,16.0,2.0
2026-06-19,63302153,825069,Arizona Diamondbacks,Minnesota Twins,2026-06-18,0.569,0.431,4.82,4.1,8.92,15,night,99.79762270237464,96.03545858397788,100.04031244081216,97.83767526475124,4.053320585365854,4.308254264788732,2.0990905680672274,5.292535685714286,0.3068197560975609,0.3152057323943661,0.2425358739495798,0.3475834107142857,87.80101483216238,89.42061155152888,87.46784140969163,89.47561521252796,-0.3331734224707503,0.0550036609990769,1281.0,884.0,14.0,10.0,454.0,447.0,5.0,5.0,9.0,5.0
2026-06-19,63302347,824179,Houston Astros,Cleveland Guardians,2026-06-18,0.522,0.478,4.25,4.02,8.27,2392,night,99.37907990204776,99.95903702800086,98.77207390663952,100.33541963438932,5.1743763282051285,4.931558696470587,3.921607298630138,6.597640542372882,0.3436965897435897,0.3357091676470587,0.3024870821917808,0.3905144915254237,90.72183908045976,87.78174242424242,90.56498516320477,88.63695150115474,-0.1568539172550203,0.8552090769123168,697.0,1320.0,9.0,15.0,337.0,433.0,4.0,5.0,9.0,3.0
2026-06-19,63302793,824910,Atlanta Braves,Milwaukee Brewers,2026-06-18,0.507,0.493,4.43,4.36,8.79,4705,night,96.5283455559037,99.50309229629312,99.38742698438342,99.54464328540205,4.256074607407408,1.560552004878049,4.534421135802468,0.3934234769230764,0.3134892962962963,0.2248207896341463,0.3226454320987654,0.1864284038461538,85.31422594142259,97.28723570869224,84.82538699690402,98.59071618037134,-0.4888389445185765,1.3034804716790944,956.0,1279.0,14.0,14.0,323.0,377.0,4.0,4.0,3.0,2.0
2026-06-19,63302851,824345,Colorado Rockies,Pittsburgh Pirates,2026-06-18,0.409,0.591,4.18,5.13,9.31,19,night,94.3901019798522,102.6395687201166,99.25829084153922,99.14228261982797,6.123057870503596,4.425512861538462,6.66713180826446,2.9955002954954963,0.3749032194244603,0.3190629230769231,0.3928003884297519,0.272023036036036,86.655,94.55211970074812,86.81101123595506,94.17814569536424,0.1560112359550629,-0.3739740053838858,1040.0,1209.0,12.0,14.0,445.0,453.0,5.0,5.0,4.0,3.0
2026-06-19,63303341,823534,New York Yankees,Cincinnati Reds,2026-06-18,0.596,0.404,4.75,3.75,8.5,3313,night,101.650538070002,99.0022842012816,99.49290460402996,99.58482681901708,2.7885441539358595,5.220176166336632,3.299367294915255,4.64545084,0.2652152682215743,0.3452031633663365,0.2820186610169491,0.326297725,95.64439495174462,89.4093023255814,95.80353982300883,89.87469879518073,0.1591448712642318,0.4653964695993409,1350.0,818.0,15.0,10.0,452.0,166.0,5.0,2.0,5.0,0.0
2026-06-19,63303633,824264,Detroit Tigers,Chicago White Sox,2026-06-18,0.567,0.433,5.23,4.52,9.75,2394,night,99.6195570481576,99.14995527894816,98.88404894532223,100.29961690993797,3.344221686021506,4.779626240000001,3.191627839999999,4.485143786666666,0.2834941344086021,0.3307113894736842,0.2784745999999999,0.3210244666666666,92.58951841359772,87.80393700787401,93.14875,88.35904255319149,0.5592315864022623,0.555105545317474,707.0,1147.0,8.0,14.0,80.0,380.0,1.0,5.0,4.0,3.0
2026-06-20,63299285,824342,Colorado Rockies,Pittsburgh Pirates,2026-06-19,0.406,0.594,4.16,5.15,9.31,19,night,100.46365761796106,102.57496161151298,100.6013240609738,100.41152956204988,6.965320107348243,2.3093351703703684,6.527122074576269,3.321800949152542,0.402609214057508,0.2494518148148147,0.3881948050847457,0.2827566101694915,88.26570247933884,92.57004437869824,88.3255364806867,92.2274661508704,0.0598340013478519,-0.3425782278278291,1213.0,1352.0,14.0,15.0,466.0,517.0,5.0,5.0,2.0,1.0
2026-06-20,63300883,824263,Detroit Tigers,Chicago White Sox,2026-06-19,0.541,0.459,4.91,4.49,9.4,2394,day,100.25832079391174,,99.47974118273775,,4.612681145098039,,4.6126811450980405,,0.3252197745098039,,0.3252197745098039,,90.92914285714286,,90.92914285714286,,0.0,,350.0,,4.0,,350.0,,4.0,,4.0,1.0
2026-06-20,63300899,824180,Houston Astros,Cleveland Guardians,2026-06-19,0.5,0.5,4.13,4.13,8.26,2392,night,100.11412661078624,94.3904136327015,98.6530999341513,97.90630386462028,4.778212597014928,4.630316763870967,4.157762912820514,5.474313411764706,0.3306648880597015,0.325799893548387,0.310255358974359,0.3535629411764706,84.59063706563705,85.17794348508635,84.7357142857143,84.32188940092165,0.1450772200772405,-0.8560540841646969,1036.0,1275.0,11.0,15.0,462.0,435.0,5.0,5.0,1.0,8.0
2026-06-20,63301109,823937,Los Angeles Dodgers,Baltimore Orioles,2026-06-19,0.646,0.354,5.2,3.67,8.87,22,night,101.31525929032776,101.82731221159776,100.7280575334772,98.79477767509816,3.456437270588235,4.642836461111112,2.010605662745097,4.6706995398230085,0.2871854365325077,0.3262117256944444,0.2396251862745097,0.3271282743362831,90.97652173913043,88.836763412489,91.2002512562814,89.04318181818182,0.2237295171509714,0.2064184056928155,1265.0,1138.0,13.0,13.0,398.0,440.0,4.0,5.0,2.0,3.0
2026-06-20,63301507,822885,Texas Rangers,San Diego Padres,2026-06-19,0.531,0.469,4.24,3.91,8.15,5325,day,104.55872913358012,100.84787081486604,100.74047802835196,99.88614467343132,4.661906355801107,4.854047630769231,4.967530085925926,4.259899441509433,0.3268390248618785,0.3331594615384615,0.336892437037037,0.3136151132075471,87.57968871595331,89.15783450704225,87.36926406926406,90.42493765586036,-0.2104246466892476,1.2671031488180944,1285.0,1140.0,14.0,14.0,462.0,405.0,5.0,5.0,4.0,6.0
2026-06-20,63301531,823447,Philadelphia Phillies,New York Mets,2026-06-19,0.57,0.43,4.46,3.72,8.18,2681,night,100.30254005561008,104.17031644313523,99.00733255523392,99.00883424939096,2.956809318592966,3.918049110112359,3.306440610687024,3.39262175483871,0.2707503065326633,0.3023700365168539,0.2822513358778626,0.2850862419354839,90.17212205270458,89.24723582925122,90.47072164948456,88.88492871690428,0.2985995967799653,-0.3623071123469401,1442.0,1430.0,15.0,15.0,485.0,492.0,5.0,5.0,15.0,3.0
2026-06-20,63301845,823532,New York Yankees,Cincinnati Reds,2026-06-19,0.621,0.379,4.81,3.54,8.35,3313,day,100.75586834059771,98.39633122628412,100.15496666409616,98.25307028255702,3.70795006967742,4.993990072289157,4.671591173626375,4.932672000000001,0.2954588838709677,0.3377628313253012,0.3271576043956044,0.3357457894736842,90.68048192771084,87.55238095238096,90.58095238095238,87.80690537084399,-0.0995295467584611,0.2545244184630348,1245.0,1376.0,14.0,15.0,357.0,402.0,4.0,4.0,2.0,10.0
2026-06-20,63302237,824665,Chicago Cubs,Toronto Blue Jays,2026-06-19,0.548,0.452,4.26,3.75,8.01,17,day,101.70492774673494,91.921097803916,99.5912179728114,98.8345668930413,5.920241889570552,5.666056507462685,6.407481453333334,4.318452360784313,0.3682316411042944,0.3598702798507462,0.3842592583333333,0.3155411960784313,89.60935483870968,84.51399217221136,89.95677570093459,84.22747524752475,0.347420862224908,-0.2865169246866088,1240.0,1023.0,15.0,13.0,428.0,405.0,5.0,5.0,6.0,8.0
2026-06-20,63302497,822967,Tampa Bay Rays,Washington Nationals,2026-06-19,0.573,0.427,5.06,4.29,9.35,12,day,98.026132710596,102.63815919187782,98.8436622095918,99.34387654607472,3.716932567088607,4.616383797590362,2.663484827118645,4.836520055172413,0.2957543607594936,0.3253415722891566,0.2611014745762712,0.332582896551724,85.90746031746032,91.28502758077228,85.41566265060241,91.87902097902098,-0.4917976668579058,0.5939933982487133,645.0,1271.0,28.0,15.0,260.0,430.0,6.0,5.0,3.0,4.0
2026-06-20,63303135,824909,Atlanta Braves,Milwaukee Brewers,2026-06-19,0.5,0.5,4.29,4.29,8.58,4705,day,98.04175178226336,101.5619647717006,98.78057161561269,98.9479436309843,3.602834032704405,3.537327053183521,4.927699511688311,4.561792247619046,0.2920011194968554,0.2898462846441947,0.3355822207792207,0.3235457976190475,88.12361889511608,90.28673110720564,89.4830618892508,90.07048710601718,1.3594429941347244,-0.2162440011884427,1250.0,1139.0,13.0,13.0,308.0,349.0,3.0,4.0,4.0,3.0
2026-06-20,63303223,823854,Miami Marlins,San Francisco Giants,2026-06-19,0.55,0.45,4.53,4.01,8.54,4169,day,98.19239430157602,95.80939532036302,99.44924918562268,99.6523500173041,4.028171523646722,4.527261840437159,3.3278418141732296,4.809107699082568,0.3059924843304842,0.3224099289617486,0.2829553228346457,0.3316811743119265,90.91532846715327,90.1459420289855,90.7839756592292,89.72583732057417,-0.131352807924074,-0.4201047084113298,1370.0,690.0,15.0,8.0,493.0,418.0,5.0,5.0,6.0,3.0
2026-06-20,63303789,825068,Arizona Diamondbacks,Minnesota Twins,2026-06-19,0.566,0.434,4.8,4.1,8.9,15,night,101.70182380079927,103.51527053704464,100.92921424970496,98.83454941298814,5.795687352380953,4.619529372903226,6.3068892958677685,5.410298499999999,0.3641344523809524,0.3254450451612903,0.3809503057851239,0.3514571874999999,88.91157154026583,92.41478537360892,88.76355140186917,93.05881057268722,-0.1480201383966601,0.6440251990783139,1286.0,1258.0,15.0,13.0,435.0,454.0,5.0,5.0,8.0,16.0
2026-06-20,63304155,823126,Seattle Mariners,Boston Red Sox,2026-06-19,0.555,0.445,4.03,3.46,7.49,680,night,102.66929415293252,100.42626930949557,99.92982255922914,98.11990717075732,4.7175487434083605,4.779205595061729,5.421571923809523,4.204215482828284,0.3286693665594855,0.3306975524691358,0.3518280238095237,0.311783404040404,89.81884522854853,88.6669551534225,90.61246200607904,89.53447368421052,0.7936167775305023,0.8675185307880184,1247.0,1272.0,14.0,14.0,329.0,381.0,4.0,4.0,1.0,5.0
2026-06-21,63299235,822968,Tampa Bay Rays,Washington Nationals,2026-06-20,0.572,0.428,5.0,4.24,9.24,12,day,98.6498105242144,82.49528994235637,101.29165116140786,98.08399719489424,4.731863555029589,4.937741884297521,5.666874731707316,5.395562051282054,0.3291402485207101,0.3359125619834711,0.3598971951219512,0.350972435897436,86.92521663778163,86.8672131147541,87.22860635696821,86.60310559006211,0.3033897191865833,-0.2641075246919797,1155.0,488.0,14.0,8.0,409.0,322.0,5.0,5.0,4.0,3.0
2026-06-21,63300997,824177,Houston Astros,Cleveland Guardians,2026-06-20,0.498,0.502,4.12,4.14,8.26,2392,day,98.55081095026996,101.68403541605392,99.1341331987056,100.32339416914408,4.655888599148936,4.644134950741839,5.320626065454546,3.2211549906542065,0.3266410723404255,0.3262544391691394,0.3485074363636363,0.2794458878504673,88.54340836012862,87.95039184952978,88.09433106575963,87.76896551724137,-0.4490772943689904,-0.1814263322884102,933.0,1278.0,21.0,15.0,441.0,406.0,5.0,5.0,2.0,1.0
2026-06-21,63301041,823531,New York Yankees,Cincinnati Reds,2026-06-20,0.621,0.379,4.87,3.6,8.47,3313,day,100.0039007829692,100.05925475249954,98.16042100125074,99.163614578665,6.218238350000004,2.9109950451612896,,2.81480556521739,0.3780341562500001,0.2692432580645161,,0.2660791304347825,90.0798319327731,94.82761020881672,,94.76259541984732,,-0.0650147889693926,238.0,1293.0,3.0,14.0,,393.0,,4.0,1.0,4.0
2026-06-21,63301291,824260,Detroit Tigers,Chicago White Sox,2026-06-20,0.538,0.462,4.48,4.09,8.57,2394,day,99.19642740099846,99.53940166917626,100.45847043551304,99.83920614182249,3.8845715822525615,4.287634198176295,3.6500179555555543,4.881580455172416,0.3012688020477816,0.3145274407294833,0.2935532222222222,0.3340651465517242,89.68186915887851,90.10812749003983,89.87130919220056,90.06334106728539,0.1894400333220431,-0.0447864227544414,1070.0,1286.0,14.0,14.0,359.0,462.0,5.0,5.0,5.0,4.0
2026-06-21,63301723,823934,Los Angeles Dodgers,Baltimore Orioles,2026-06-20,0.639,0.361,5.14,3.67,8.81,22,day,102.76145950059896,101.70688592934864,99.3836866490656,99.56122427786312,3.975756353903347,4.553990705343511,3.0494216000000005,4.197785029457364,0.3042683011152416,0.3232891679389312,0.2737967631578947,0.3115718759689922,88.76038077969174,88.29791013584118,89.22169811320755,87.38377192982456,0.461317333515808,-0.9141382060166166,1105.0,957.0,13.0,11.0,318.0,456.0,4.0,5.0,1.0,12.0
2026-06-21,63301731,824343,Colorado Rockies,Pittsburgh Pirates,2026-06-20,0.408,0.592,4.14,5.11,9.25,19,day,101.21471864803314,101.75631225927664,99.7886253356179,99.67370625556993,5.762939327058825,5.327692102564102,4.76581337904762,5.3276921025641,0.3630572147058823,0.3487398717948717,0.330257019047619,0.3487398717948717,88.42503816793894,93.70697674418604,89.03767772511848,93.70697674418604,0.6126395571795484,0.0,1310.0,301.0,16.0,4.0,422.0,301.0,5.0,4.0,6.0,8.0
2026-06-21,63301739,822883,Texas Rangers,San Diego Padres,2026-06-20,0.52,0.48,4.23,4.02,8.25,5325,day,104.5587291335801,,100.74047802835192,,4.661906355801108,,4.967530085925926,,0.3268390248618785,,0.336892437037037,,87.57968871595331,,87.36926406926406,,-0.2104246466892476,,1285.0,,14.0,,462.0,,5.0,,4.0,3.0
2026-06-21,63301993,823449,Philadelphia Phillies,New York Mets,2026-06-20,0.566,0.434,4.44,3.74,8.18,2681,night,100.89522075400458,94.53840073065594,100.21186523409344,97.6087970970012,3.055883172765956,5.03624769627119,2.439210386206896,5.7838042739726045,0.2740093148936169,0.3391528847457628,0.2537240258620689,0.3637435616438356,90.63474128827878,88.54905482041588,90.87921810699588,88.38798449612402,0.2444768187171178,-0.161070324291856,947.0,1060.0,10.0,15.0,486.0,259.0,5.0,4.0,6.0,2.0
2026-06-21,63302349,824908,Atlanta Braves,Milwaukee Brewers,2026-06-20,0.502,0.498,4.3,4.28,8.58,4705,day,100.41207427700712,96.87419101852096,99.33030931860276,97.81259920338164,3.3279981142857187,3.423455910280373,3.696226275862069,2.950445701149424,0.2829604642857144,0.2861005233644859,0.2950732327586207,0.2705409770114942,88.48012326656394,87.56536697247707,88.5252427184466,87.62492997198879,0.0451194518826696,0.0595629995117263,1299.0,436.0,15.0,5.0,412.0,357.0,5.0,4.0,4.0,9.0
2026-06-21,63302965,823852,Miami Marlins,San Francisco Giants,2026-06-20,0.551,0.449,4.54,4.0,8.54,4169,day,102.8433547532372,100.22717507985602,100.48149435354856,100.68464504723585,6.414304848484849,3.888693422222224,6.133201904761906,1.7550414879999998,0.3844837121212121,0.3014043888888889,0.3752369047619048,0.2312184699999999,88.95743801652893,89.0319606087735,88.8595652173913,88.87305699481865,-0.0978727991376189,-0.1589036139548483,242.0,1117.0,5.0,12.0,230.0,386.0,4.0,4.0,2.0,1.0
2026-06-21,63303711,823123,Seattle Mariners,Boston Red Sox,2026-06-20,0.558,0.442,4.05,3.44,7.49,680,day,100.91752617413714,99.38617937511874,100.31907936138104,98.28350665297266,4.230677294797687,2.5399759034482754,3.629946935652176,2.75334465084746,0.3126538583815028,0.2570386810344827,0.2928929913043478,0.2640573898305085,88.52244460328806,93.23348623853212,89.33478260869565,93.6534632034632,0.8123380054075824,0.4199769649310809,1399.0,872.0,15.0,10.0,483.0,462.0,5.0,5.0,3.0,1.0
2026-06-22,63299249,822800,Toronto Blue Jays,Houston Astros,2026-06-21,0.563,0.437,4.58,3.92,8.5,14,night,,100.15248542508112,,99.24392197314104,,1.7745558749999994,,2.866475809523809,,0.2318603906249999,,0.2677788095238095,,92.13088235294116,,91.84673913043478,,-0.2841432225063869,,272.0,,3.0,,92.0,,1.0,4.0,2.0
2026-06-22,63299463,823692,Minnesota Twins,Los Angeles Dodgers,2026-06-21,0.386,0.614,3.58,4.77,8.35,3312,night,101.81640913702488,99.50072453802242,100.28074213075747,98.80488316021842,3.996715514606743,5.51839286153846,4.683799212307692,4.469776893023255,0.3049577471910112,0.355012923076923,0.3275591846153846,0.320518976744186,89.17488372093024,86.42073684210526,89.03787878787878,86.89798850574712,-0.1370049330514575,0.4772516636418658,645.0,951.0,7.0,12.0,462.0,349.0,5.0,4.0,1.0,2.0
2026-06-22,63300877,824261,Detroit Tigers,New York Yankees,2026-06-21,0.457,0.543,3.78,4.23,8.01,2394,night,95.99458352233395,99.7748266252862,98.7045630053374,99.28358301777357,4.682356138082191,2.650071743396227,4.582824647933884,2.704057295238096,0.3275117150684931,0.2606602547169811,0.3242376528925619,0.2624360952380952,88.378715459298,91.80712401055408,89.10155555555555,91.6114006514658,0.7228400962575563,-0.1957233590882907,1341.0,408.0,15.0,5.0,451.0,336.0,5.0,4.0,5.0,3.0
2026-06-22,63301433,824585,Chicago White Sox,Cleveland Guardians,2026-06-21,0.505,0.495,3.95,3.89,7.84,4,night,97.12760544067385,98.67764439848732,97.80950699842084,99.88897984508723,5.76246308643533,4.902892678260869,5.064660139449542,6.044817635164834,0.363041548895899,0.3347662065217391,0.340087504587156,0.3723295274725274,90.16964420893264,90.43896103896104,89.66659090909091,90.533242506812,-0.5030532998417243,0.0942814678509478,1321.0,1417.0,15.0,15.0,440.0,367.0,5.0,4.0,6.0,5.0
2026-06-22,63301889,823851,Miami Marlins,Texas Rangers,2026-06-21,0.538,0.462,4.29,3.9,8.19,4169,night,101.08052314372644,101.4964657664782,99.26280778437513,99.1487185654016,4.399239915044245,5.267928590033223,5.295780653061224,5.446379007407408,0.3181986814159291,0.3467739667774086,0.3476901530612244,0.3526440462962963,89.21233993015133,89.33977947413062,89.34834254143647,88.80047961630696,0.1360026112851358,-0.5392998578236643,859.0,1182.0,20.0,14.0,362.0,418.0,5.0,5.0,3.0,4.0
2026-06-22,63301955,824344,Colorado Rockies,Boston Red Sox,2026-06-21,0.434,0.566,4.68,5.38,10.06,19,night,99.33876962419453,98.02945011469956,98.68952795317344,99.75427567691068,5.866153276300577,3.5214331180722893,5.1646400564705885,1.1616851902439025,0.3664524104046242,0.2893234578313253,0.3433763176470588,0.2117001707317073,89.11248073959938,88.64613003095975,88.98359133126935,88.94473684210527,-0.1288894083300249,0.2986068111455182,649.0,327.0,9.0,4.0,323.0,156.0,4.0,2.0,3.0,2.0
2026-06-22,63302103,822964,Tampa Bay Rays,Kansas City Royals,2026-06-21,0.604,0.396,4.6,3.51,8.11,12,night,100.26248880487884,99.28289544808558,100.50735240629768,100.5194761706143,2.922611745454546,4.3583902353562,1.6904925333333338,4.676593441221376,0.2696253863636363,0.3168549419525066,0.229095149122807,0.3273221526717558,92.30764174198848,87.03868131868133,92.22299107142858,86.5518018018018,-0.0846506705599097,-0.4868795168795259,1217.0,1367.0,14.0,15.0,448.0,446.0,5.0,5.0,1.0,2.0
2026-06-22,63302233,824016,Los Angeles Angels,Baltimore Orioles,2026-06-21,0.49,0.51,4.51,4.61,9.12,1,night,101.25999474467814,95.81397705310046,97.33295959002108,99.08092802218816,4.492865898901098,4.316423140229884,3.27260315076923,4.090746163934425,0.3212784835164834,0.3154744454022988,0.2811382615384615,0.3080508606557376,86.10571428571428,90.25972622478386,86.00887096774194,90.81216814159292,-0.0968433179723433,0.5524419168090589,350.0,1389.0,6.0,15.0,248.0,452.0,4.0,5.0,1.0,6.0
2026-06-22,63302293,823288,San Diego Padres,Atlanta Braves,2026-06-21,0.481,0.519,3.95,4.15,8.1,2680,night,98.98049092856644,99.6818069944025,99.80674517308452,99.0710679874422,4.9828469472463786,4.978784727759199,7.133369996581196,5.85620434285714,0.3373962811594203,0.3372626555183947,0.4081371709401709,0.3661251428571427,88.67002172338886,89.46621983914208,88.86355555555555,89.16428571428571,0.1935338321666933,-0.3019341248563734,1381.0,1121.0,15.0,14.0,450.0,378.0,5.0,5.0,1.0,0.0
2026-06-22,63302545,824502,Cincinnati Reds,Milwaukee Brewers,2026-06-21,0.432,0.568,4.57,5.29,9.86,2602,night,95.20814874512855,,99.4423927365178,,5.883990324324323,,4.947570465882355,,0.3670391554054053,,0.3362358705882353,,87.07291841883936,,87.85257452574525,,0.7796561069058896,,1189.0,,14.0,,369.0,,4.0,,1.0,2.0
2026-06-22,63303145,822720,Washington Nationals,Philadelphia Phillies,2026-06-21,0.466,0.534,4.12,4.47,8.59,3309,night,94.05095316756116,,98.6284074122366,,4.570842091594204,,4.240933930275229,,0.3238434898550725,,0.312991247706422,,85.78775510204082,,85.93529411764706,,0.1475390156062417,,1374.0,,15.0,,443.0,,5.0,,4.0,1.0
2026-06-23,63299153,822718,Washington Nationals,Philadelphia Phillies,2026-06-22,0.465,0.535,3.95,4.31,8.26,3309,night,101.30662610383158,97.47915604184269,99.48410557599148,98.43740329937756,6.502282500321543,3.437712925619834,4.961734661538462,3.4673855750000016,0.3873777138263665,0.2865695041322313,0.3367017980769231,0.287545578125,87.86049165935032,90.6918339100346,88.31589242053789,90.7651731160896,0.4554007611875761,0.0733392060550102,1139.0,1445.0,15.0,15.0,409.0,491.0,5.0,5.0,9.0,14.0
2026-06-23,63299283,824017,Los Angeles Angels,Baltimore Orioles,2026-06-22,0.491,0.509,4.49,4.59,9.08,1,night,101.03945832275548,100.0342962455262,98.89806603993584,99.36404636748618,6.259962666666664,4.879842080000001,5.880106560000002,4.59051718787879,0.3794066666666665,0.3340079631578947,0.3669114,0.324490696969697,87.48532818532819,90.64051246537396,89.04606741573033,90.17794117647058,1.5607392304021488,-0.4625712889033764,259.0,1452.0,5.0,15.0,89.0,476.0,1.0,5.0,5.0,1.0
2026-06-23,63299393,824501,Cincinnati Reds,Milwaukee Brewers,2026-06-22,0.438,0.562,4.49,5.14,9.63,2602,night,99.14734272231456,98.97037660874044,98.32632290963016,99.29332503366298,6.542110213756615,5.191245098901098,6.185038516129032,5.223480543999997,0.388687835978836,0.3442514835164835,0.3769420564516129,0.3453118599999999,89.67287449392714,92.76102803738318,89.6893528183716,92.99840848806366,0.0164783244444635,0.2373804506804759,741.0,1098.0,8.0,14.0,479.0,404.0,5.0,5.0,0.0,2.0
2026-06-23,63301555,823614,New York Mets,Chicago Cubs,2026-06-22,0.507,0.493,4.23,4.17,8.4,3289,night,99.66773425930992,100.6958506874834,98.58238625370112,99.80480027652128,5.306280533333334,5.079483425352115,7.0239444705882335,6.14090372881356,0.3480355438596491,0.3405751126760564,0.4045376470588234,0.3754902542372881,89.43073496659242,92.13541666666669,90.08170731707315,93.69173913043478,0.6509723504807425,1.5563224637681117,450.0,1104.0,6.0,13.0,82.0,230.0,1.0,3.0,6.0,9.0
2026-06-23,63301767,824340,Colorado Rockies,Boston Red Sox,2026-06-22,0.433,0.567,4.23,4.93,9.16,19,night,100.4541640194994,98.9190858091191,99.64911259332604,100.21146496670448,0.9426063085714284,4.160439447482015,0.9426063085714294,3.321343373333333,0.2044936285714285,0.3103434028776978,0.2044936285714285,0.2827415583333333,84.12366412213741,87.42987512007684,84.12366412213741,87.49219858156027,0.0,0.0623234614834302,131.0,1041.0,2.0,13.0,131.0,423.0,2.0,5.0,2.0,5.0
2026-06-23,63301811,824584,Chicago White Sox,Cleveland Guardians,2026-06-22,0.503,0.497,3.93,3.9,7.83,4,night,101.75127749282744,100.92976091869303,99.6207112339362,98.42022421512075,4.190560476190475,3.436854844444446,3.68990407079646,3.574235692307692,0.3113342261904761,0.2865412777777778,0.2948652654867256,0.2910603846153846,89.56145209580839,89.14245973645681,90.54924406047516,89.91182795698924,0.9877919646667834,0.7693682205324279,1337.0,1372.0,15.0,15.0,464.0,470.0,5.0,5.0,2.0,1.0
2026-06-23,63302069,823690,Minnesota Twins,Los Angeles Dodgers,2026-06-22,0.392,0.608,3.77,4.91,8.68,3312,night,96.32518212882296,94.2067789124208,96.1133753296811,98.95521967153232,3.958255546666666,4.419075979746838,,4.345232898876404,0.3036926166666666,0.3188511835443038,,0.3164221348314606,92.2237885462555,89.87620719929762,,90.982131661442,,1.1059244621443725,227.0,1141.0,5.0,13.0,,319.0,,4.0,3.0,12.0
2026-06-23,63302251,823849,Miami Marlins,Texas Rangers,2026-06-22,0.542,0.458,4.31,3.88,8.19,4169,night,100.47181173424016,99.52410293143676,100.61439352854762,99.82304593747052,4.042262541395349,5.515522154838708,4.954226571428573,5.911062327272729,0.3064560046511628,0.3549184919354838,0.3364548214285714,0.3679296818181818,92.26068652849742,90.11004016064255,92.72665289256196,89.98235294117647,0.4659663640645561,-0.1276872194660967,1544.0,502.0,16.0,15.0,484.0,174.0,5.0,7.0,6.0,4.0
2026-06-23,63302393,824262,Detroit Tigers,New York Yankees,2026-06-22,0.462,0.538,3.79,4.19,7.98,2394,night,102.09367367456836,96.54854577482264,99.73700639074325,96.9245008066716,3.040534586407767,3.731981151999999,4.642975085714285,4.153325826086957,0.273504427184466,0.2962493799999999,0.3262162857142857,0.310109402173913,89.9183908045977,90.904496124031,90.98402777777778,90.90651041666666,1.0656369731800766,0.0020142926356498,783.0,645.0,10.0,7.0,144.0,384.0,2.0,4.0,3.0,4.0
2026-06-23,63302961,822963,Tampa Bay Rays,Kansas City Royals,2026-06-22,0.601,0.399,4.58,3.53,8.11,12,night,97.68572772422444,99.77053519120582,98.3804676765308,98.55230550701236,4.113158293333332,4.595939092024541,4.8557079384615385,4.148642729411767,0.3087881017543859,0.3246690490797546,0.3332140769230769,0.3099553529411765,89.65463546354636,91.77802503477052,89.80586734693878,91.28044077134987,0.1512318833924268,-0.4975842634206344,1111.0,719.0,14.0,14.0,392.0,363.0,5.0,5.0,5.0,12.0
2026-06-23,63303041,822799,Toronto Blue Jays,Houston Astros,2026-06-22,0.567,0.433,4.54,3.83,8.37,14,day,,101.72609964666884,,99.5237812627861,,3.659557496183208,,3.655368555932205,,0.2938670229007634,,0.2937292288135593,,89.624493731919,,89.34882226980729,,-0.2756714621117169,,1038.0,,11.0,,467.0,,5.0,7.0,9.0
2026-06-23,63303785,823365,Pittsburgh Pirates,Seattle Mariners,2026-06-22,0.521,0.479,4.41,4.2,8.61,31,night,101.6075763008669,99.07796379560696,99.58645865696276,100.8483498053134,5.2011816500000005,3.791385870241285,6.3103101752066095,4.320976249999999,0.34457834375,0.2982034825737265,0.3810628347107437,0.3156242187499999,88.85689655172415,92.04176851186196,88.56985138004246,92.24489247311828,-0.2870451716816831,0.2031239612562956,1335.0,1392.0,15.0,15.0,471.0,372.0,5.0,4.0,2.0,3.0
2026-06-24,63301239,822719,Washington Nationals,Philadelphia Phillies,2026-06-23,0.466,0.534,4.09,4.45,8.54,3309,night,101.1761939948514,100.44732064992556,101.05314076478058,100.62928515897048,4.975488234527688,4.467558308157102,3.796949457943924,3.111191185185186,0.3371542182410423,0.320445996978852,0.2983864953271027,0.2758286574074074,88.38815903197926,86.01352154531946,89.54144385026738,85.81582417582418,1.153284818288128,-0.1976973694952875,1157.0,1347.0,16.0,15.0,374.0,456.0,5.0,5.0,4.0,5.0
2026-06-24,63301513,823691,Minnesota Twins,Los Angeles Dodgers,2026-06-23,0.407,0.593,4.1,5.07,9.17,3312,night,99.73720365381332,101.3937230697548,101.00988935573491,99.45773701322892,3.146943795454544,2.5936373777777773,3.461225524409448,3.240206610101012,0.2770047301136363,0.2588038611111111,0.2873429448818897,0.2800725858585859,88.54111888111888,90.57455985915492,89.3271629778672,90.96194225721784,0.7860440967483271,0.3873823980629112,1432.0,1136.0,16.0,12.0,498.0,381.0,5.0,4.0,3.0,4.0
2026-06-24,63301559,824341,Colorado Rockies,Boston Red Sox,2026-06-23,0.435,0.565,4.16,4.85,9.01,19,day,94.18857769723571,96.57900023041611,99.45544571841714,98.3986704177562,5.7368095,3.4755371664516126,5.3512321664,3.6399936524590175,0.3621976809210526,0.2878137225806451,0.349514216,0.2932234754098361,86.68135593220339,86.30234113712375,87.07048054919909,86.22408602150537,0.3891246169957014,-0.0782551156183757,1121.0,1198.0,13.0,14.0,437.0,465.0,5.0,5.0,8.0,6.0
2026-06-24,63301625,824259,Detroit Tigers,New York Yankees,2026-06-23,0.468,0.532,3.69,4.03,7.72,2394,night,100.08142287128656,101.02933201042568,99.15868206024774,98.58299743490512,3.780689562085308,4.405207718518518,5.3229515733333335,5.063715383333332,0.2978516303317535,0.3183949907407407,0.3485839333333333,0.3400564270833333,92.638125,89.27379471228616,93.07011494252876,89.2818918918919,0.4319899425287445,0.0080971796057411,801.0,1287.0,9.0,14.0,174.0,370.0,2.0,4.0,2.0,4.0
2026-06-24,63301921,822965,Tampa Bay Rays,Kansas City Royals,2026-06-23,0.604,0.396,4.6,3.51,8.11,12,night,101.24281119984086,97.35582002908414,99.75259870809636,98.91459839745022,5.510683272727276,4.628977285981307,6.381844611764706,3.3305863495495496,0.3547593181818183,0.3257558317757009,0.3834159411764705,0.2830456036036036,91.96866666666666,86.6941925218775,91.31414473684212,86.10772442588726,-0.6545219298245541,-0.5864680959902415,758.0,1257.0,21.0,14.0,304.0,479.0,5.0,5.0,5.0,3.0
2026-06-24,63302109,824583,Chicago White Sox,Cleveland Guardians,2026-06-23,0.505,0.495,3.94,3.89,7.83,4,day,99.98467344719056,100.0962061622472,100.29363673003355,100.29099862159023,4.723553100000001,4.797695261878454,3.926412098876405,6.090577214285715,0.3288668782894737,0.3313057651933702,0.3026451348314606,0.3738347767857143,87.81916461916461,87.85095406360425,88.01327913279133,88.53443396226415,0.1941145136267152,0.6834798986598969,1225.0,1415.0,15.0,16.0,373.0,424.0,5.0,5.0,3.0,4.0
2026-06-24,63302173,823367,Pittsburgh Pirates,Seattle Mariners,2026-06-23,0.522,0.478,4.41,4.17,8.58,31,night,99.604165955158,100.57516516113152,100.0826064531544,100.57147836303864,2.999481102997276,3.3559740464589245,3.134647661788618,3.536812457142857,0.2721539836512262,0.2838807252124646,0.2766002520325203,0.2898293571428571,92.60437405731524,92.51210485736314,92.94054054054054,92.5757925072046,0.3361664832253126,0.0636876498414693,1326.0,1300.0,15.0,15.0,444.0,347.0,5.0,4.0,11.0,1.0
2026-06-24,63302371,823850,Miami Marlins,Texas Rangers,2026-06-23,0.541,0.459,4.31,3.88,8.19,4169,day,102.22520657452252,100.69604564219502,98.67540092078758,100.65155750378052,5.2168122867924565,3.70335583030303,1.2897795200000006,2.8055102068965523,0.3450925094339623,0.2953077575757575,0.2159138,0.2657733620689655,92.4785512699906,92.90896860986548,93.81917808219178,92.68365180467092,1.3406268122011935,-0.2253168051945522,1064.0,1346.0,12.0,15.0,73.0,475.0,1.0,5.0,4.0,2.0
2026-06-24,63302397,822798,Toronto Blue Jays,Houston Astros,2026-06-23,0.564,0.436,4.54,3.87,8.41,14,night,100.70633632344293,100.092878153991,97.87847861257949,99.6645231452456,2.939796814414414,4.952428324079318,4.378714776859505,5.891934339622642,0.2701906846846846,0.3363956685552407,0.3175235123966942,0.3673004716981132,89.44178935447339,89.58064516129032,89.80765864332604,89.7419098143236,0.3658692888526502,0.1612646530332853,883.0,1303.0,10.0,15.0,457.0,378.0,5.0,5.0,1.0,3.0
2026-06-24,63302973,824500,Cincinnati Reds,Milwaukee Brewers,2026-06-23,0.441,0.559,4.36,4.99,9.35,2602,night,99.18813360650604,93.8902819697402,99.54020286463243,98.55219011290056,5.40850562819383,3.191585802020203,5.5242034707692325,3.7698073565217407,0.3513982114537444,0.2784732171717172,0.3552040615384615,0.2974936630434783,89.40087719298246,90.12750333778372,89.67586206896553,90.16340057636889,0.2749848759830655,0.0358972385851643,913.0,749.0,11.0,15.0,261.0,347.0,3.0,5.0,5.0,6.0
2026-06-24,63303367,823284,San Diego Padres,Atlanta Braves,2026-06-23,0.483,0.517,3.97,4.15,8.12,2680,night,,95.35754182310924,,99.38773244137435,,4.100663646441948,,3.532658409638553,,0.3083770936329588,,0.2896927108433734,,85.26011560693641,,84.74451410658307,,-0.5156015003533412,,1040.0,,15.0,,321.0,,4.0,5.0,2.0
2026-06-24,63303619,824018,Los Angeles Angels,Baltimore Orioles,2026-06-23,0.488,0.512,4.42,4.54,8.96,1,day,102.0582392454826,101.1570076132334,99.74105335592856,98.4159026354492,4.416454483989504,6.194601494214876,5.339515979831935,6.162715431111112,0.3187649501312337,0.3772566280991735,0.3491288151260505,0.3762077444444444,92.77180156657964,90.93557894736844,91.64585062240664,91.19944134078212,-1.1259509441729847,0.263862393413703,1536.0,475.0,16.0,6.0,482.0,358.0,5.0,4.0,7.0,6.0
2026-06-25,63299215,823612,New York Mets,Chicago Cubs,2026-06-24,0.494,0.506,4.34,4.4,8.74,3289,night,104.24965595995296,100.0013134964067,99.13449819962034,99.63780907744984,4.013849992533334,4.505287839999999,4.604361359292034,,0.3055213813333333,0.3216870999999999,0.3249460973451327,,89.21928429423458,86.19302325581396,88.97516198704103,,-0.2441223071935496,,1510.0,430.0,16.0,5.0,464.0,,5.0,,3.0,4.0
2026-06-25,63299439,822797,Toronto Blue Jays,Texas Rangers,2026-06-24,0.554,0.446,4.07,3.49,7.56,14,night,101.24028858134972,97.54666114076112,100.09880698770388,98.0917016881696,3.617278377900552,4.291339535195533,3.835460488888888,4.585574577777776,0.2924762624309392,0.3146493268156425,0.2996533055555555,0.324328111111111,89.15177111716622,90.18214532871971,89.17352297592998,90.35631469979296,0.0217518587637641,0.1741693710732335,1468.0,1446.0,16.0,16.0,457.0,483.0,5.0,5.0,5.0,6.0
2026-06-25,63301949,822961,Tampa Bay Rays,Kansas City Royals,2026-06-24,0.56,0.44,4.93,4.3,9.23,12,day,101.89780268340328,99.58136657169156,100.23915074291374,100.6978874049119,4.901538589312982,5.388666154366197,4.292250174358973,4.966636298795181,0.3347216641221375,0.3507455971830985,0.314679282051282,0.3368630361445783,89.45735294117647,85.65712155108127,90.01893939393939,85.68295819935692,0.5615864527629242,0.0258366482756429,498.0,1342.0,24.0,15.0,132.0,311.0,8.0,4.0,13.0,2.0
2026-06-25,63302135,824258,Detroit Tigers,Houston Astros,2026-06-24,0.593,0.407,4.97,3.99,8.96,2394,night,101.1129071852345,99.28250830787869,99.3973081797733,98.93307888052148,4.006385292799999,4.7266994844444445,3.5768637825242724,3.158413984415585,0.3052758319999999,0.3289703777777777,0.2911468349514563,0.2773820389610389,90.82096774193548,90.71566878980892,90.36450704225352,90.648632218845,-0.4564606996819691,-0.0670365709639213,434.0,786.0,5.0,10.0,355.0,329.0,4.0,4.0,1.0,2.0
2026-06-25,63302327,824747,Boston Red Sox,New York Yankees,2026-06-24,0.408,0.592,3.1,4.07,7.17,3,night,99.77137999434945,102.45466415667754,97.98646781597547,99.60437374903988,4.609467871264367,2.672987261202185,3.8361751154471553,2.921929613913044,0.3251140747126436,0.2614140546448087,0.2996768130081301,0.2696029478260869,88.73900657414171,95.74948024948024,89.56297071129707,95.95610859728508,0.8239641371553574,0.2066283478048234,1370.0,1446.0,15.0,16.0,479.0,442.0,5.0,5.0,6.0,3.0
2026-06-25,63302591,823366,Pittsburgh Pirates,Seattle Mariners,2026-06-24,0.467,0.533,3.54,3.89,7.43,31,day,102.4626563910808,102.25208738278292,99.04111350763122,100.8050886407388,4.398512797538461,1.7354337391304364,3.555266560000001,1.6378511794871806,0.318174763076923,0.2305734782608696,0.2904364,0.2273635256410256,94.64643696162882,91.45967741935485,94.0785046728972,91.5888198757764,-0.567932288731626,0.1291424564215617,1283.0,562.0,15.0,7.0,428.0,322.0,5.0,4.0,5.0,1.0
2026-06-25,63303545,822717,Washington Nationals,Philadelphia Phillies,2026-06-24,0.393,0.607,3.66,4.78,8.44,3309,night,102.53269888019996,100.663685722904,99.14136842911246,99.08505841307222,4.7304780716763,2.947644485308057,5.388068629126214,2.9622791811023617,0.3290946734104046,0.2704488317535545,0.3507259417475728,0.2709302362204724,91.27135377711294,90.2535551206784,91.7455205811138,90.84708333333332,0.4741668040008733,0.5935282126549168,1339.0,1533.0,16.0,16.0,414.0,480.0,5.0,5.0,5.0,10.0
2026-06-26,63299441,824824,Baltimore Orioles,Washington Nationals,2026-06-25,0.572,0.428,5.43,4.68,10.11,2,night,101.78660400797868,85.41720664817646,98.74407336794287,98.17659312268673,4.426194947909969,4.511317411764707,3.6092193793103458,4.597985931034483,0.3190853601286174,0.3218854411764706,0.2922111637931034,0.3247363793103448,88.97534468775345,86.96924460431654,89.16816143497758,86.84247311827957,0.1928167472241284,-0.1267714860369722,1234.0,556.0,14.0,9.0,446.0,372.0,5.0,5.0,3.0,1.0
2026-06-26,63301089,822962,Tampa Bay Rays,Arizona Diamondbacks,2026-06-25,0.578,0.422,4.83,4.02,8.85,12,night,98.40474567050111,101.52364540764222,101.13342874062084,100.85737531319542,4.832300203314917,5.801236128176795,5.234331570247933,6.901814673170734,0.3324440856353591,0.3643169779005524,0.3456688016528925,0.4005202195121952,86.94009661835749,88.93463235294118,87.23598014888337,88.92060889929742,0.2958835305258844,-0.0140234536437588,1243.0,1367.0,15.0,16.0,403.0,434.0,5.0,5.0,6.0,1.0
2026-06-26,63301359,823688,Minnesota Twins,Colorado Rockies,2026-06-25,0.589,0.411,5.81,4.87,10.68,3312,night,103.2712206712014,100.732173078975,98.8575152424872,100.67677672189042,4.482054041212123,6.790143264477612,5.559121333333333,5.758295051327433,0.3209228303030303,0.3968468179104477,0.3563526754385964,0.362904442477876,92.53409933283912,88.22007722007721,93.2813559322034,88.20132158590309,0.7472565993642633,-0.018755634174127,1349.0,1298.0,14.0,15.0,472.0,454.0,5.0,5.0,9.0,8.0
2026-06-26,63301969,824582,Chicago White Sox,Kansas City Royals,2026-06-25,0.542,0.458,4.68,4.23,8.91,4,night,,,,,,,,,,,,,,,,,,,,,,,,,,,22.0,1.0
2026-06-26,63302207,823363,Pittsburgh Pirates,Cincinnati Reds,2026-06-25,0.564,0.436,4.96,4.28,9.24,31,night,102.63664304351056,98.33808340961464,100.24588759500264,98.28987644833654,2.4504278988505743,5.037148858757059,2.797581030508475,5.07478488888889,0.2540930229885057,0.3391825282485874,0.2655125338983051,0.3404205555555555,92.54354395604396,87.52906976744185,92.09808795411092,87.68647540983606,-0.4454560019330387,0.1574056423942096,1456.0,1473.0,16.0,16.0,523.0,499.0,5.0,5.0,4.0,6.0
2026-06-26,63302613,824743,Boston Red Sox,New York Yankees,2026-06-25,0.484,0.516,4.2,4.37,8.57,3,night,99.877250222632,100.57545322249344,98.26059105124466,100.20375901107764,2.9025997571984448,3.89947729851632,4.072910752542374,5.283388646808513,0.2689670972762646,0.301759121661721,0.3074641694915254,0.3472825212765958,93.28969505783384,90.68861423220974,93.69868421052632,90.64171270718232,0.408989152692456,-0.0469015250274225,951.0,1336.0,11.0,15.0,456.0,363.0,5.0,4.0,6.0,1.0
2026-06-26,63302633,824423,Cleveland Guardians,Seattle Mariners,2026-06-25,0.502,0.498,3.48,3.45,6.93,5,night,94.5645997402344,102.21155880703331,97.94489216533812,100.15099616006964,4.410716156213023,4.834355476038339,4.435027200000001,2.9274585714285712,0.3185761893491126,0.3325116932907348,0.3193758947368421,0.2697848214285714,85.08309037900875,91.80572312451665,84.52301369863014,92.83396226415094,-0.5600766803786144,1.028239139634309,1374.0,1293.0,16.0,15.0,367.0,318.0,4.0,4.0,1.0,3.0
2026-06-26,63302747,822796,Toronto Blue Jays,Texas Rangers,2026-06-25,0.547,0.453,4.06,3.56,7.62,14,night,90.80982558885268,104.51635742751584,98.68480163258072,100.78557821942148,5.746484500000002,4.445870710077521,5.85287810909091,4.423829044274808,0.3625159375,0.3197325891472868,0.3660157272727273,0.319007534351145,84.39100623330366,87.52088469905729,83.92589073634205,87.28257080610021,-0.4651154969616016,-0.2383138929570805,1124.0,1379.0,14.0,15.0,422.0,459.0,5.0,5.0,4.0,5.0
2026-06-26,63303257,823285,San Diego Padres,Los Angeles Dodgers,2026-06-25,0.433,0.567,3.57,4.26,7.83,2680,night,100.68177434311764,102.49188853157384,99.83451897802098,99.01911829272952,4.607425037133552,4.548087789619378,3.7926833219047618,2.8498005393258428,0.3250468762214984,0.3230949930795848,0.2982461619047619,0.2672302808988764,89.17170891251023,91.96289361702128,90.47295285359802,93.09173553719008,1.3012439410877903,1.1288419201688242,1227.0,1175.0,15.0,13.0,407.0,363.0,5.0,4.0,7.0,1.0
2026-06-26,63303413,824255,Detroit Tigers,Houston Astros,2026-06-25,0.538,0.462,4.41,4.01,8.42,2394,night,99.39640277714652,100.00354217085535,100.4926913869424,98.87882668845911,3.880177105000002,4.792058168275864,3.509860207999999,4.300959586206895,0.301124246875,0.3311203344827587,0.2889427699999999,0.3149657758620689,89.67966841186735,84.52699822380106,89.68323699421966,84.68574514038878,0.003568582352301,0.1587469165877166,1146.0,1127.0,15.0,12.0,346.0,464.0,5.0,5.0,8.0,0.0
2026-06-26,63303441,823773,Milwaukee Brewers,Chicago Cubs,2026-06-25,0.588,0.412,4.67,3.75,8.42,32,night,99.80523851099944,101.40455691053442,99.5373728238953,99.74091752019952,1.538968527272727,5.678328278260867,0.8304803961904756,6.016819485714285,0.2241108068181818,0.360273956521739,0.2008052761904761,0.3714085357142856,97.41191520467837,89.56373292867981,98.65188172043013,89.88088235294119,1.239966515751746,0.3171494242613732,1370.0,1318.0,15.0,16.0,372.0,408.0,4.0,5.0,6.0,2.0
2026-06-26,63303477,823610,New York Mets,Philadelphia Phillies,2026-06-25,0.487,0.513,4.13,4.27,8.4,3289,night,,101.20049496970184,,100.2095619261078,,3.002876502325582,,2.597424854237288,,0.2722656744186046,,0.2589284491525424,,90.5360608943863,,90.70101832993888,,0.1649574355525942,,1051.0,,11.0,,491.0,,5.0,1.0,2.0
2026-06-27,63299347,823689,Minnesota Twins,Colorado Rockies,2026-06-26,0.587,0.413,5.88,4.96,10.84,3312,night,103.35337725890868,100.58474073670772,99.85708255729136,99.84031787883646,4.844306685714286,5.757461635164837,4.844306685714287,4.854407664761903,0.3328390357142857,0.3628770274725275,0.3328390357142857,0.3331713047619047,87.79869706840391,88.49771428571428,87.79869706840391,88.85622009569379,0.0,0.3585058099795049,308.0,1400.0,5.0,17.0,308.0,418.0,5.0,5.0,5.0,8.0
2026-06-27,63301341,824421,Cleveland Guardians,Seattle Mariners,2026-06-26,0.506,0.494,3.43,3.37,6.8,5,night,101.70286789186318,100.69053005934698,100.31082054042297,100.29346129901154,4.66431150666667,4.129331717391306,3.671399851851852,3.619362713043477,0.3269181416666668,0.3093201222826087,0.2942565740740741,0.2925448260869565,87.96066420664206,88.80006697923643,87.79147869674186,90.43035714285712,-0.1691855099002026,1.6302901636206997,1361.0,1493.0,16.0,16.0,403.0,392.0,5.0,4.0,4.0,3.0
2026-06-27,63301379,822794,Toronto Blue Jays,Texas Rangers,2026-06-26,0.547,0.453,4.06,3.57,7.63,14,day,99.2748154769234,99.4952617902312,99.02356104891852,99.92813956749548,2.9379028345679004,5.648032685714286,1.821746705882354,6.176421554716983,0.2701283827160493,0.3592773909774436,0.2334127205882353,0.3766586037735849,91.55039539899352,90.02161654135338,91.44855305466238,89.77303921568628,-0.1018423443311462,-0.2485773256670995,1392.0,536.0,14.0,16.0,311.0,208.0,3.0,8.0,4.0,7.0
2026-06-27,63301457,823770,Milwaukee Brewers,Chicago Cubs,2026-06-26,0.562,0.438,4.54,3.9,8.44,32,night,101.2483323359994,94.078592121347,98.99527540240082,97.6091795844186,3.3088590455172397,5.055309201269843,3.4713732000000013,5.547263402985075,0.2823308896551723,0.339779907936508,0.28767675,0.3559626119402985,90.27121831561732,88.59656992084433,90.30233918128656,88.81902834008096,0.031120865669223,0.2224584192366308,1224.0,1139.0,14.0,16.0,342.0,248.0,4.0,4.0,2.0,8.0
2026-06-27,63301459,823207,San Francisco Giants,Atlanta Braves,2026-06-26,0.473,0.527,3.9,4.18,8.08,2395,night,100.9975695023259,99.54953468388132,100.71937682537026,99.44397171000286,3.7564863808383246,3.596288488888891,1.8768001000000003,4.232947123809525,0.2970554730538922,0.2917858055555556,0.2352236875,0.3127285238095238,88.89754098360656,88.49676956209619,88.57116564417178,88.31772853185596,-0.3263753394347759,-0.1790410302402278,1220.0,1394.0,13.0,16.0,489.0,361.0,5.0,4.0,5.0,0.0
2026-06-27,63301533,824257,Detroit Tigers,Houston Astros,2026-06-26,0.536,0.464,4.49,4.11,8.6,2394,day,95.80181050830554,98.56948221695878,98.74826389596524,99.15104790828974,4.562185394344474,4.441679398449613,4.115338068292681,5.214873798230087,0.3235587300771208,0.3195947170542635,0.3088598048780487,0.3450287433628318,88.33642707606421,88.53720472440945,88.75265486725664,88.17333333333333,0.4162277911924263,-0.3638713910761169,1435.0,1016.0,16.0,22.0,453.0,435.0,5.0,5.0,6.0,8.0
2026-06-27,63301663,824745,Boston Red Sox,New York Yankees,2026-06-26,0.481,0.519,4.02,4.23,8.25,3,day,98.7361812101117,99.49719020445538,99.84272161959558,99.48400187056258,2.2987706615384607,3.336687355038762,-0.0899630193548395,4.107084247619046,0.249104298076923,0.2832462945736435,0.1705275322580644,0.3085882976190475,88.81215189873419,91.71965811965812,89.14151785714286,91.84164037854887,0.3293659584086725,0.1219822588907675,399.0,497.0,5.0,6.0,228.0,346.0,3.0,4.0,4.0,1.0
2026-06-27,63301791,822960,Tampa Bay Rays,Arizona Diamondbacks,2026-06-26,0.553,0.447,4.7,4.15,8.85,12,night,101.50967101328484,99.3410405335415,99.2263874172321,99.83431967737812,5.156542890510955,2.837238488888889,6.576980622222221,2.837238488888889,0.3431099635036498,0.2668170555555555,0.3898348888888888,0.2668170555555555,87.73085106382979,88.51612903225806,87.84840425531915,88.51612903225806,0.1175531914893639,0.0,572.0,62.0,28.0,1.0,192.0,62.0,10.0,1.0,4.0,2.0
2026-06-27,63302933,823364,Pittsburgh Pirates,Cincinnati Reds,2026-06-26,0.569,0.431,4.92,4.2,9.12,31,day,102.09541351756177,99.33747752306888,99.44210168618471,99.12233686270446,5.051285688888889,2.8833729788519635,5.051285688888887,2.6360349010989017,0.3396475555555555,0.2683346374622356,0.3396475555555555,0.2601985164835165,93.62254335260116,94.70467962562994,93.62254335260116,94.1859649122807,0.0,-0.5187147133492402,346.0,1389.0,5.0,15.0,346.0,399.0,5.0,4.0,7.0,9.0
2026-06-27,63302957,823609,New York Mets,Philadelphia Phillies,2026-06-26,0.486,0.514,4.15,4.29,8.44,3289,day,99.27060219704944,99.31954745062222,98.92360374903812,98.65857726354128,4.693690337078658,2.889511903030304,4.994039375000002,2.8134234666666678,0.3278845505617979,0.2685365757575758,0.337764453125,0.2660336666666666,90.1579865771812,84.25344827586207,88.9404255319149,84.44444444444444,-1.217561045266308,0.1909961685823731,746.0,116.0,9.0,2.0,283.0,72.0,3.0,1.0,6.0,2.0
2026-06-27,63303287,823283,San Diego Padres,Los Angeles Dodgers,2026-06-26,0.431,0.569,3.56,4.27,7.83,2680,night,99.61710797261576,100.8897966540432,99.8689617458332,100.78033930664064,6.437230163855425,3.4227053478510063,6.675912476190478,1.749256918811882,0.3852378343373495,0.2860758338108883,0.3930892261904762,0.2310281881188119,90.81827956989248,90.96956839795172,90.7290519877676,91.41127450980392,-0.0892275821248773,0.4417061118522127,1306.0,1367.0,15.0,14.0,331.0,408.0,4.0,4.0,3.0,15.0
2026-06-27,63303429,824581,Chicago White Sox,Kansas City Royals,2026-06-26,0.542,0.458,4.68,4.23,8.91,4,day,99.54220782894224,99.58148390164628,99.82489374219811,100.58531055798942,4.228616552974506,4.147065426600985,5.016491199999999,3.864197532824429,0.3125860708215298,0.3099034679802955,0.3385029999999999,0.3005986030534351,90.08070570570572,87.12663934426229,90.01487804878049,87.00755555555556,-0.0658276569252223,-0.1190837887067317,1363.0,1466.0,15.0,16.0,441.0,451.0,5.0,5.0,2.0,1.0
2026-06-27,63303589,824825,Baltimore Orioles,Washington Nationals,2026-06-26,0.546,0.454,5.06,4.58,9.64,2,night,100.50559971364012,94.25110023764752,99.6687631899782,98.59743088250995,4.464953847887324,4.278464843010754,4.2450981203252045,3.7688144000000015,0.320360323943662,0.3142258172043011,0.3131282276422764,0.297461,88.42148288973384,85.76675693974272,87.84170403587444,85.90218818380744,-0.5797788538593949,0.1354312440647191,1052.0,1479.0,12.0,16.0,446.0,458.0,5.0,5.0,3.0,4.0
2026-06-28,63301837,823204,San Francisco Giants,Atlanta Braves,2026-06-27,0.47,0.53,3.83,4.14,7.97,2395,day,99.21435496139615,98.00347851542868,97.17375427270431,98.82241746689633,4.952658254143646,3.5504817782991207,3.487805448275861,4.262343397402599,0.3364032320441988,0.2902790058651026,0.2882172844827586,0.3136955064935065,88.83099606815203,88.2374074074074,89.67883817427385,89.61378205128206,0.8478421061218171,1.3763746438746551,1526.0,1351.0,16.0,14.0,482.0,313.0,5.0,3.0,3.0,2.0
2026-06-28,63302167,822959,Tampa Bay Rays,Arizona Diamondbacks,2026-06-27,0.559,0.441,4.78,4.16,8.94,12,day,99.344278034352,101.40569900172882,100.48888260284426,100.07858175076385,3.115410077108435,6.9498472555891215,2.6520352000000003,6.73592668976378,0.275967436746988,0.4021002386706948,0.2607248421052631,0.3950633779527559,92.28477429227236,89.1775,92.22130044843048,89.50272727272727,-0.0634738438418907,0.3252272727272753,1307.0,1204.0,15.0,13.0,446.0,440.0,5.0,5.0,5.0,1.0
2026-06-28,63302197,824256,Detroit Tigers,Houston Astros,2026-06-27,0.543,0.457,4.54,4.08,8.62,2394,day,100.77405048388654,101.27934461251957,99.23916445944236,99.50384272290108,4.86162574834437,2.2183048098765443,4.148474666666669,3.3238711999999992,0.3334087417218542,0.2464573950617284,0.3099498245614036,0.2828247105263157,87.60977501939487,92.07703081232494,88.5483606557377,91.87457627118644,0.9385856363428218,-0.2024545411384934,1293.0,357.0,15.0,4.0,244.0,177.0,3.0,2.0,5.0,7.0
2026-06-28,63302223,824422,Cleveland Guardians,Seattle Mariners,2026-06-27,0.504,0.496,3.4,3.36,6.76,5,day,98.9111086661519,103.80486847306626,99.92751170439166,99.8985018563238,4.821522602061855,4.782168730330332,5.973104094117648,5.862839866666667,0.3320895592783505,0.330795024024024,0.3699705294117647,0.3663434166666666,90.57839297771775,89.81632653061224,91.12635869565216,90.60125786163522,0.5479657179344031,0.7849313310229746,1512.0,1323.0,16.0,15.0,368.0,318.0,4.0,4.0,6.0,5.0
2026-06-28,63302287,823769,Milwaukee Brewers,Chicago Cubs,2026-06-27,0.565,0.435,4.38,3.7,8.08,32,day,101.17328219929736,91.28689757298004,100.5685997929095,97.61789570139892,2.8682609841726627,3.6655383362831886,0.5964000000000009,2.2927018666666643,0.2678375323741007,0.294063761061947,0.1931052631578947,0.2489046666666665,88.99615384615385,88.96244239631336,90.10632911392403,88.95738636363636,1.1101752677702024,-0.0050560326770039,498.0,434.0,7.0,25.0,79.0,176.0,1.0,11.0,3.0,4.0
2026-06-28,63302405,824821,Baltimore Orioles,Washington Nationals,2026-06-27,0.549,0.451,4.96,4.45,9.41,2,day,95.800627376636,101.13148541175248,99.21255586702992,99.61183806847347,4.143718298412696,6.443151858103976,3.4322296692913383,5.962695449462366,0.309793365079365,0.3854326269113149,0.2863891338582677,0.3696281397849462,90.3570852921424,87.86803005008346,91.1180043383948,87.99005524861879,0.7609190462524111,0.1220251985353257,1490.0,1198.0,16.0,16.0,461.0,362.0,5.0,5.0,4.0,6.0
2026-06-28,63302637,823362,Pittsburgh Pirates,Cincinnati Reds,2026-06-27,0.567,0.433,4.93,4.23,9.16,31,day,102.02332607124744,95.7162585934944,99.67601433334936,99.47828714082374,5.128056626455027,5.6153143072100296,6.298264839344261,4.353403866666667,0.3421729153439153,0.3582011285266457,0.380666606557377,0.3166909166666666,88.87734922861151,87.05034749034749,88.68722943722943,87.61705263157894,-0.1901197913820738,0.5667051412314521,1427.0,1295.0,16.0,15.0,462.0,475.0,5.0,5.0,9.0,4.0
2026-06-28,63303027,824580,Chicago White Sox,Kansas City Royals,2026-06-27,0.55,0.45,4.69,4.16,8.85,4,day,96.2463342502182,100.80928298891035,97.93962858923804,98.39619943791124,5.457150789442816,4.402931634782608,4.422574488073394,3.6483938516853938,0.3529983812316715,0.3183201195652173,0.3189662660550458,0.293499797752809,90.07805907172995,91.64292803970224,89.63154362416108,91.11436031331591,-0.4465154475688706,-0.5285677263862993,1422.0,806.0,16.0,15.0,447.0,383.0,5.0,5.0,4.0,5.0
2026-06-28,63303063,824744,Boston Red Sox,New York Yankees,2026-06-27,0.49,0.51,4.07,4.18,8.25,3,night,99.29993874733618,97.0106617965681,100.1599643385534,96.97049814641102,3.9862368779220794,4.017968027906977,2.9678960000000005,4.503502666666668,0.3046130551948052,0.3056568430232558,0.271115,0.3216283771929825,87.50599647266314,90.82554644808744,87.83038548752833,90.78343949044586,0.32438901486519,-0.0421069576415789,1134.0,732.0,14.0,8.0,441.0,471.0,5.0,5.0,5.0,4.0
2026-06-28,63303097,823608,New York Mets,Philadelphia Phillies,2026-06-27,0.479,0.521,4.07,4.29,8.36,3289,day,74.19670121375542,97.31533062295924,97.88059700561938,98.3583728223348,6.331415138461537,3.3107800102301783,3.884818666666668,3.308913066666665,0.3817570769230768,0.2823940792838874,0.3012769298245614,0.2823326666666666,90.9253493013972,90.71969012265976,92.26941747572816,90.86761710794298,1.3440681743309568,0.1479269852832061,501.0,1549.0,26.0,16.0,206.0,491.0,10.0,5.0,4.0,5.0
2026-06-28,63303173,823686,Minnesota Twins,Colorado Rockies,2026-06-27,0.588,0.412,5.87,4.94,10.81,3312,day,96.09362609711344,100.35134865161017,97.88113658758408,98.60322462707144,4.546723252674895,5.53218774141414,5.041628048,4.722936916363638,0.3230501069958847,0.355466702020202,0.33932987,0.3288466090909091,89.50234693877552,89.15269541778976,90.02349726775955,89.08413461538461,0.5211503289840351,-0.0685608024051447,981.0,742.0,11.0,10.0,366.0,416.0,4.0,5.0,3.0,2.0
2026-06-28,63303233,822795,Toronto Blue Jays,Texas Rangers,2026-06-27,0.542,0.458,4.04,3.6,7.64,14,day,101.14908603726164,101.02950914509432,99.35668384692202,99.3057658290858,14.639599999999998,4.901826580000002,14.639599999999994,4.8848924952380965,0.6550526315789472,0.3347311375,0.6550526315789472,0.3341740952380952,87.87733333333334,89.21474103585658,87.87733333333334,88.53210784313725,0.0,-0.6826331927193223,75.0,1258.0,1.0,15.0,75.0,409.0,1.0,5.0,2.0,3.0
2026-06-28,63303771,823281,San Diego Padres,Los Angeles Dodgers,2026-06-27,0.433,0.567,3.59,4.3,7.89,2680,day,98.90653821554164,102.49133271569076,99.79898070612433,99.28628402400406,4.903439238709676,4.227732590344829,6.849497868800002,4.289680504109591,0.3347841854838709,0.3125569931034483,0.398799272,0.3145947534246576,88.64192672998642,88.81097046413502,88.7422077922078,89.50487012987013,0.1002810622213701,0.6938996657351026,1474.0,1187.0,16.0,14.0,462.0,308.0,5.0,4.0,2.0,4.0
2026-06-29,63299193,823444,Philadelphia Phillies,Pittsburgh Pirates,2026-06-28,0.577,0.423,4.78,3.96,8.74,2681,night,100.82908039359576,99.16144233337856,100.56105969644445,100.15410276771868,4.501750627272725,2.8339537558974373,3.7789432296296304,2.342533442735042,0.3215707443181817,0.2667090051282051,0.2977941851851852,0.2505438632478632,85.99008379888268,92.56267705382436,85.93969631236442,92.7025287356322,-0.0503874865182609,0.1398516818078263,1433.0,1412.0,16.0,16.0,462.0,435.0,5.0,5.0,7.0,11.0
2026-06-29,63299281,822792,Toronto Blue Jays,New York Mets,2026-06-28,0.546,0.454,4.14,3.66,7.8,14,night,99.2509944618356,97.22662521307925,97.8953371168136,98.49909891681084,2.8857854769230777,4.240150960629923,4.269990588235292,3.420283466666667,0.268413995951417,0.3129654921259843,0.3139470588235293,0.2859961666666666,89.34412955465586,84.60931796349664,89.62219827586206,85.17461928934011,0.2780687212061963,0.5653013258434783,988.0,1041.0,11.0,17.0,464.0,394.0,5.0,5.0,2.0,1.0
2026-06-29,63299419,824741,Boston Red Sox,Washington Nationals,2026-06-28,0.551,0.449,4.87,4.33,9.2,3,night,95.73647727538436,101.06110498946823,98.4890694033892,101.04500489283606,3.3035845270029687,4.9569030588235306,2.4941774580645157,4.083852754716981,0.2821573857566766,0.3365428637770898,0.2555321532258064,0.3078241037735849,86.15662557781202,88.43475760065736,85.66827731092437,89.5042780748663,-0.4883482668876553,1.069520474208943,1300.0,1217.0,15.0,17.0,476.0,374.0,5.0,5.0,6.0,3.0
2026-06-29,63301105,824420,Cleveland Guardians,Texas Rangers,2026-06-28,0.536,0.464,3.88,3.5,7.38,5,night,101.10787553032296,100.487004936704,98.41809192956872,98.9660529437818,3.3072775631436317,3.019759238620689,3.1851242666666666,1.9236332000000007,0.282278867208672,0.2728210275862068,0.2782606666666666,0.23676425,89.15564681724845,86.65009174311928,89.85991471215353,86.42086330935251,0.7042678949050725,-0.2292284337667638,1467.0,546.0,16.0,35.0,474.0,139.0,5.0,10.0,3.0,6.0
2026-06-29,63301133,825065,Arizona Diamondbacks,San Francisco Giants,2026-06-28,0.57,0.43,4.58,3.84,8.42,15,night,100.49160043937007,101.31267606697268,99.30427121682742,100.58962120425194,5.009335134020618,4.557751184905658,5.501805448275864,7.555712000000001,0.3382676030927835,0.3234128679245282,0.3544672844827586,0.42203,88.3238885202389,89.15299227799228,88.5232905982906,89.58571428571429,0.1994020780517047,0.4327220077220062,1508.0,1037.0,16.0,12.0,468.0,70.0,5.0,1.0,5.0,4.0
2026-06-29,63301225,823529,New York Yankees,Detroit Tigers,2026-06-28,0.578,0.422,4.44,3.63,8.07,3313,night,100.91466163929648,101.95352635703054,98.52613432961152,99.7760346950677,4.723478368,3.196505579220779,5.83644921967213,5.70474191304348,0.32886442,0.2786350519480519,0.3654753032786885,0.3611428260869566,89.25177151120752,90.06602272727274,89.21498929336188,91.26010928961747,-0.0367822178456407,1.1940865623447363,1384.0,880.0,15.0,11.0,467.0,183.0,5.0,2.0,3.0,7.0
2026-06-29,63301861,824176,Houston Astros,Minnesota Twins,2026-06-28,0.552,0.448,4.74,4.2,8.94,2392,night,100.77939231942308,102.30571055148488,99.54891822278768,100.3697159500343,3.6170416,4.302901419607845,2.9713002803418807,5.31558983816794,0.2924684736842105,0.3150296519607843,0.2712269829059829,0.3483417709923664,89.56465899025686,89.34648074369188,89.2280701754386,89.30829875518671,-0.3365888148182563,-0.0381819885051726,1130.0,753.0,12.0,8.0,456.0,482.0,5.0,5.0,4.0,5.0
2026-06-29,63302387,823121,Seattle Mariners,Los Angeles Angels,2026-06-28,0.603,0.397,4.69,3.62,8.31,680,night,99.38592536105078,101.91308582507614,100.81783130357115,99.33634000623086,3.916031643999999,4.799111824175824,4.640225584158416,3.022830181818182,0.3023036724999999,0.3313523626373626,0.3261258415841584,0.2729220454545454,92.00398110661268,87.33610315186246,91.87127659574467,87.97039106145252,-0.1327045108680096,0.6342879095900571,1483.0,349.0,16.0,6.0,376.0,179.0,4.0,2.0,6.0,2.0
2026-06-29,63302987,824822,Baltimore Orioles,Chicago White Sox,2026-06-28,0.543,0.457,4.54,4.09,8.63,2,night,99.98679355145342,101.14087164914854,99.4779151983776,99.6111010130773,4.766037263366336,4.154445642105264,4.659855155905514,4.286852998230089,0.3302643836633663,0.3101462382271468,0.3267715511811024,0.3145017433628319,90.65921824104234,89.54158485273493,90.31047008547009,90.2242825607064,-0.3487481555722524,0.6826977079714709,1543.0,1427.0,16.0,16.0,468.0,454.0,5.0,5.0,2.0,8.0
2026-06-29,63303003,823771,Milwaukee Brewers,Cincinnati Reds,2026-06-28,0.596,0.404,4.91,3.9,8.81,32,night,97.28102861145346,99.02419516496144,98.0350426702838,98.4308552958314,3.167037279999999,6.095118691625616,2.4054874606741574,5.8132496,0.2776656999999999,0.3739841674876847,0.2526147191011236,0.3647121578947368,87.71932457786117,89.66642156862746,87.82794520547945,89.65087719298246,0.1086206276182792,-0.0155443756449926,533.0,816.0,6.0,9.0,365.0,456.0,4.0,5.0,5.0,3.0
2026-06-29,63303427,824339,Colorado Rockies,Miami Marlins,2026-06-28,0.435,0.565,4.24,4.92,9.16,19,night,,100.69270144094888,,100.61118844944284,,3.987385743544861,,3.689399094117648,,0.3046508468271335,,0.2948486544117647,,92.34567453115548,,93.0656626506024,,0.7199881194469384,,1653.0,,17.0,,498.0,,5.0,7.0,10.0
2026-06-29,63303829,824662,Chicago Cubs,San Diego Padres,2026-06-28,0.566,0.434,4.74,4.05,8.79,17,night,101.88865810623206,,98.79289139403843,,3.818086044444445,,3.138904941176473,,0.2990817777777778,,0.2767402941176471,,86.89865913902611,,86.92682926829268,,0.0281701292665701,,1417.0,,16.0,,328.0,,4.0,,3.0,2.0
2026-06-30,63299239,823528,New York Yankees,Detroit Tigers,2026-06-29,0.578,0.422,4.45,3.63,8.08,3313,night,101.48707813291988,99.96607510040288,99.63791587949582,99.15195778946716,2.5882055343589743,3.627288830901289,2.851014755555555,4.283068967164179,0.258625182051282,0.2928055536480687,0.2672702222222222,0.3143772686567164,95.83902280130292,92.63943502824858,96.38971553610504,92.93281853281852,0.550692734802098,0.2933835045699453,1538.0,886.0,17.0,10.0,457.0,259.0,5.0,3.0,3.0,9.0
2026-06-30,63299271,823445,Philadelphia Phillies,Pittsburgh Pirates,2026-06-29,0.577,0.423,5.21,4.41,9.62,2681,night,101.29147509703628,102.32109318157218,99.15054946255296,99.0267033913496,2.997105435346756,4.458031756321839,3.0484577024000004,3.433192266666666,0.272075836689038,0.3201326235632183,0.273765056,0.286420798245614,90.27396923076924,94.69689349112426,90.8739406779661,94.17839805825244,0.5999714471968645,-0.5184954328718305,1625.0,1358.0,17.0,16.0,472.0,412.0,5.0,5.0,8.0,0.0
2026-06-30,63299421,824338,Colorado Rockies,Miami Marlins,2026-06-29,0.436,0.564,4.1,4.77,8.87,19,night,100.76071008005256,102.09634261288392,100.27162980116438,98.7628402889687,5.028481433766235,5.12470162857143,7.0617348,3.497413333333333,0.3388974155844156,0.3420625535714286,0.4057807499999999,0.2885333333333333,88.11047297297297,92.51343943412908,87.14533333333333,93.05882352941175,-0.965139639639645,0.5453840952826852,596.0,1132.0,9.0,13.0,75.0,68.0,1.0,1.0,3.0,14.0
2026-06-30,63300871,824742,Boston Red Sox,Washington Nationals,2026-06-29,0.55,0.45,5.5,4.98,10.48,3,night,99.8304024631021,102.65119847561756,98.05960659887984,99.2281738698109,4.501927643010752,4.7473681121293785,3.48750429579832,5.927276675728153,0.321576567204301,0.3296502668463611,0.2882073781512605,0.3684630485436892,88.82351738241309,91.38068340306832,89.74384133611692,92.14657210401892,0.9203239537038286,0.7658887009505833,1468.0,1436.0,16.0,17.0,480.0,423.0,5.0,5.0,1.0,8.0
2026-06-30,63301107,824661,Chicago Cubs,San Diego Padres,2026-06-29,0.571,0.429,4.98,4.23,9.21,17,night,99.87723365428856,101.43263408247282,99.10754021477888,99.33313917733614,4.511244958677688,5.424988666666667,4.5396121904761895,5.424988666666667,0.3218830578512397,0.3519404166666666,0.3228161904761904,0.3519404166666666,86.19782608695652,86.77160493827161,86.22500000000001,86.77160493827161,0.0271739130434838,0.0,506.0,81.0,6.0,1.0,76.0,81.0,1.0,1.0,9.0,7.0
2026-06-30,63301785,825066,Arizona Diamondbacks,San Francisco Giants,2026-06-29,0.543,0.457,4.44,3.99,8.43,15,night,,98.60931210415092,,100.52232346919494,,3.351477373333333,,3.758567199999999,,0.2837328083333333,,0.2971239210526315,,86.99618863049096,,87.76455445544555,,0.7683658249545857,,1548.0,,16.0,,505.0,,5.0,8.0,2.0
2026-06-30,63301855,823768,Milwaukee Brewers,Cincinnati Reds,2026-06-29,0.617,0.383,5.0,3.78,8.78,32,night,99.37015588439886,99.51246850727944,99.39458955668704,99.45976813533744,4.9512351889655175,5.716127013438738,3.654533504,6.346402004395606,0.3363564206896551,0.3615173359683795,0.29370176,0.3822500659340659,92.7388695652174,89.29387351778655,92.66593406593408,89.29972299168975,-0.072935499283318,0.0058494739031971,1178.0,1013.0,15.0,12.0,300.0,361.0,4.0,4.0,7.0,2.0
2026-06-30,63301873,824819,Baltimore Orioles,Chicago White Sox,2026-06-29,0.54,0.46,4.63,4.2,8.83,2,night,100.05112484238444,100.0681651760884,98.67838407464627,100.29202152680406,5.722187833093525,4.880996711111112,4.862636438095239,4.743954186666668,0.3617167050359712,0.3340459444444444,0.3334419880952381,0.3295379666666667,91.03918669131238,87.88371913580247,91.16512345679013,88.42027777777777,0.1259367654777463,0.5365586419753043,541.0,1300.0,7.0,16.0,324.0,364.0,4.0,5.0,3.0,9.0
2026-06-30,63302041,824418,Cleveland Guardians,Texas Rangers,2026-06-29,0.538,0.462,3.89,3.5,7.39,5,night,99.99929910462686,101.1318601341834,100.32747192254097,100.58145429112284,4.847229873629242,3.611447590909091,5.039131664957266,2.419181286956523,0.3329351932114882,0.2922844602272727,0.3392477521367522,0.2530651739130435,87.90784574468084,92.91805458362492,88.61637168141593,92.87612903225806,0.7085259367350858,-0.0419255513668446,1504.0,1437.0,17.0,16.0,452.0,469.0,5.0,5.0,2.0,4.0
2026-06-30,63302421,824175,Houston Astros,Minnesota Twins,2026-06-29,0.531,0.469,4.62,4.29,8.91,2392,night,99.98771512109356,99.54149450408208,99.65094818839664,101.08240851717758,4.684475567914439,3.2032244854881258,5.2774904,3.85211064516129,0.3275814331550802,0.2788560686015831,0.3470884999999999,0.3002010080645161,89.56379928315413,88.60215968586388,89.60554089709763,89.71911468812877,0.0417416139435005,1.1169550022648878,1396.0,1530.0,16.0,17.0,380.0,498.0,5.0,5.0,6.0,4.0
2026-06-30,63303119,822793,Toronto Blue Jays,New York Mets,2026-06-29,0.543,0.457,4.22,3.77,7.99,14,night,101.43864092892764,99.93786064569586,100.20184847201286,99.26127696732966,3.873202309743592,3.5344590699186984,4.297693333333334,3.934999406896552,0.3008948128205129,0.2897519430894308,0.3148583333333333,0.3029276120689655,89.12335673261008,91.06150265957449,88.72472885032538,91.4415821501014,-0.3986278822846998,0.3800794905269384,1567.0,1504.0,17.0,16.0,461.0,493.0,5.0,5.0,0.0,3.0
2026-06-30,63303193,823122,Seattle Mariners,Los Angeles Angels,2026-06-29,0.598,0.402,4.66,3.63,8.29,680,night,100.04895701099456,102.1683652348097,100.61433251141128,99.73432347941004,3.461351652546917,4.638081624120604,4.837951039999999,6.043963157142857,0.2873470938337801,0.3260553165829146,0.3326299684210526,0.3723014196428571,92.61265365148228,92.75434103685195,93.1449567723343,91.88385650224214,0.5323031208520064,-0.8704845346098296,1386.0,1605.0,16.0,17.0,347.0,446.0,4.0,5.0,8.0,3.0
2026-06-30,63303723,824096,Kansas City Royals,Tampa Bay Rays,2026-06-29,0.456,0.544,4.75,5.21,9.96,7,night,98.2016015421796,101.93181586908742,98.90796498732855,99.63199932611651,4.616829361159421,5.460845535135135,3.607176013913043,6.57723278367347,0.3253562289855072,0.3531199189189189,0.2921439478260869,0.3898431836734694,86.75692307692307,91.85727923627684,86.49837728194726,91.0584745762712,-0.2585457949758165,-0.7988046600056435,1367.0,846.0,15.0,22.0,495.0,354.0,5.0,5.0,4.0,10.0
2026-07-01,63299203,824419,Cleveland Guardians,Texas Rangers,2026-06-30,0.543,0.457,3.89,3.44,7.33,5,day,94.03407342164054,97.479023085728,97.95407113705896,98.23046642964756,4.294299968715084,4.130176025065275,4.068390539130435,3.814794519685039,0.3147467094972067,0.3093478955613577,0.3073154782608696,0.2989735039370078,85.06183310533515,90.19222294232016,84.56549450549451,90.38796680497926,-0.4963385998406409,0.1957438626590999,1464.0,1544.0,17.0,17.0,457.0,482.0,5.0,5.0,9.0,4.0
2026-07-01,63301357,823530,New York Yankees,Detroit Tigers,2026-06-30,0.578,0.422,4.74,3.93,8.67,3313,day,100.26724664633277,100.75106430866872,100.0817255551078,99.72639242770214,4.300261103296703,3.4525776662068965,6.547252476595748,2.51618848,0.3149427994505494,0.2870584758620689,0.3888569893617022,0.2562562,90.59221052631578,91.3,90.27533875338752,91.295197740113,-0.3168717729282519,-0.0048022598870005,1426.0,522.0,16.0,6.0,370.0,354.0,4.0,4.0,2.0,6.0
2026-07-01,63301401,823767,Milwaukee Brewers,Cincinnati Reds,2026-06-30,0.618,0.382,5.01,3.77,8.78,32,night,95.75969372823872,97.95816175096226,98.55621508293034,98.44011443862664,3.392962874074076,4.9994628571428565,4.24201814368932,4.340767794871796,0.285097462962963,0.3379428571428571,0.3130269126213592,0.3162752564102564,90.11759149940968,87.53071979434446,90.07511961722489,87.54677754677755,-0.0424718821847989,0.0160577524330847,847.0,1567.0,16.0,17.0,418.0,492.0,5.0,5.0,4.0,2.0
2026-07-01,63301417,824094,Kansas City Royals,Tampa Bay Rays,2026-06-30,0.455,0.545,4.74,5.22,9.96,7,night,99.5241665688995,97.77116204795456,100.62122754658613,98.43500145840996,5.419662996825396,4.511493778640777,5.925770962962963,6.197775781818183,0.3517652301587301,0.3218912427184466,0.3684135185185185,0.3773610454545454,85.6585604472397,89.74797639123103,86.0871382636656,90.12332268370606,0.4285778164259,0.3753462924750295,1432.0,1186.0,16.0,15.0,311.0,313.0,4.0,4.0,0.0,4.0
2026-07-01,63301501,825064,Arizona Diamondbacks,San Francisco Giants,2026-06-30,0.539,0.461,4.42,4.0,8.42,15,night,101.94964669676013,95.48554087886995,100.82101925907784,99.5411260766886,6.179767101030931,4.433230449777777,7.549502325000001,4.864264792380952,0.3767686546391753,0.319316791111111,0.421825734375,0.3334955523809523,88.96521438450898,90.15288574793875,88.85454545454544,89.70329411764706,-0.1106689299635377,-0.4495916302916924,1455.0,849.0,17.0,10.0,438.0,425.0,5.0,5.0,4.0,6.0
2026-07-01,63301701,824337,Colorado Rockies,Miami Marlins,2026-06-30,0.437,0.563,4.19,4.84,9.03,19,night,94.83958680778484,99.00665937226064,99.50213004755156,99.36143926516164,5.91629294894895,3.7911587809523817,4.686457515151515,2.9116305032258074,0.3681017417417417,0.2981960125313283,0.3276466287878787,0.2692641612903226,86.70773710482528,91.01824020552344,87.4233409610984,91.19686847599164,0.7156038562731197,0.1786282704682094,1202.0,1559.0,14.0,17.0,437.0,481.0,5.0,5.0,6.0,3.0
2026-07-01,63302333,824660,Chicago Cubs,San Diego Padres,2026-06-30,0.571,0.429,4.17,3.43,7.6,17,day,101.57113642728844,100.88622150216364,99.76518183647694,99.83658581896108,5.497777787465941,4.5280705761467885,5.592507113513514,3.478783626168224,0.354334795640327,0.3224365321100917,0.3574508918918919,0.2879205140186915,89.6544420753376,89.23639167309176,90.06592592592592,90.3560859188544,0.4114838505883256,1.1196942457626449,1407.0,1301.0,17.0,16.0,405.0,423.0,5.0,5.0,23.0,3.0
2026-07-01,63302401,822791,Toronto Blue Jays,New York Mets,2026-06-30,0.544,0.456,4.14,3.67,7.81,14,day,84.58313608723185,103.90281854482092,99.2839333313146,99.15541172623789,4.105637789595376,3.899280228571429,4.957981333333332,3.773280292173915,0.3085407167630057,0.3017526390977443,0.3365783333333332,0.2976079043478261,87.76456241032999,89.23036714374612,87.68235294117648,88.91113490364026,-0.0822094691535113,-0.3192322401058618,704.0,1608.0,41.0,17.0,208.0,468.0,11.0,5.0,9.0,3.0
2026-07-01,63302481,824740,Boston Red Sox,Washington Nationals,2026-06-30,0.548,0.452,5.09,4.6,9.69,3,day,99.4992846960445,85.27123740569553,98.3962083434358,98.04887876002552,2.8694258562277577,4.566007435897435,4.129592304132229,4.33433304347826,0.2678758505338078,0.3236844551282051,0.3093286942148759,0.3160635869565217,93.11693936477384,87.03167701863354,92.948,87.02668393782385,-0.1689393647738342,-0.0049930808096974,1039.0,644.0,12.0,10.0,450.0,386.0,5.0,5.0,2.0,10.0
2026-07-01,63302515,824818,Baltimore Orioles,Chicago White Sox,2026-06-30,0.539,0.461,4.51,4.11,8.62,2,day,,96.75801016884976,,97.80205265853364,,5.639618055757576,,,,0.3590005939393939,,,,90.97653374233128,,,,,,652.0,,8.0,,,,,6.0,1.0
2026-07-01,63303415,824174,Houston Astros,Minnesota Twins,2026-06-30,0.535,0.465,4.61,4.25,8.86,2392,night,98.9667585620616,103.13071274336896,98.95073279382396,98.79739978589846,4.311143140298507,4.317488587114848,2.317052799999999,4.863151606557379,0.3153007611940298,0.3155094929971989,0.2497056842105262,0.3334589344262295,90.65141884222474,92.67009668508288,90.38095238095238,93.51590909090908,-0.2704664612723633,0.8458124058262229,882.0,1448.0,11.0,15.0,315.0,484.0,4.0,5.0,3.0,8.0
2026-07-01,63303709,823446,Philadelphia Phillies,Pittsburgh Pirates,2026-06-30,0.577,0.423,4.78,3.96,8.74,2681,night,101.09083493756089,102.08713030933392,100.14527799687238,100.32044726772122,2.935861489752651,2.4749634415094333,2.376047773333334,3.3618398101694917,0.2700612332155477,0.2549001132075471,0.2516463083333333,0.2840736779661016,90.425500435161,92.50605670103091,90.47314629258516,92.09631782945736,0.0476458574241718,-0.4097388715735661,1149.0,1552.0,12.0,17.0,499.0,516.0,5.0,5.0,10.0,6.0
2026-07-02,63301173,822884,Texas Rangers,Detroit Tigers,2026-07-01,0.528,0.472,3.92,3.62,7.54,5325,night,104.3827882416414,95.92062471337027,100.76268546695484,98.741052166923,4.198161328813562,4.471825827469876,3.453653390769233,3.8512791344262314,0.3115842542372882,0.3205863759036143,0.2870938615384616,0.3001736557377049,87.52474507138001,88.3697567389875,87.34945770065076,88.62283813747229,-0.1752873707292508,0.253081398484781,1471.0,1523.0,16.0,17.0,461.0,452.0,5.0,5.0,10.0,4.0
2026-07-02,63301307,824416,Cleveland Guardians,Chicago White Sox,2026-07-01,0.523,0.477,4.09,3.86,7.95,5,night,101.34814277204744,99.74481636164298,100.3255291933958,99.85269730379092,4.617249662500003,4.051193316890081,3.817827539823009,5.066185246017703,0.3253700546875001,0.3067497801608579,0.2990732743362831,0.3401376725663718,87.96518723994453,90.11183932346722,87.5800959232614,90.02154963680388,-0.3850913166831304,-0.0902896866633398,1448.0,1450.0,17.0,16.0,421.0,444.0,5.0,5.0,6.0,5.0
2026-07-02,63301675,824335,Colorado Rockies,Miami Marlins,2026-07-01,0.436,0.564,4.18,4.84,9.02,19,day,100.67896381235008,102.783404555662,99.85633091842884,100.28931115038068,5.640142745501287,5.289842472727274,4.544419371428573,5.070229216666668,0.3590178534704371,0.3474948181818182,0.3229743214285714,0.3402706979166667,88.58753351206435,88.65656836461126,88.89636363636365,88.5842105263158,0.3088301242992912,-0.0723578382954599,1492.0,373.0,18.0,7.0,440.0,361.0,5.0,6.0,14.0,4.0
2026-07-02,63301691,823442,Philadelphia Phillies,Pittsburgh Pirates,2026-07-01,0.572,0.428,4.75,3.99,8.74,2681,day,99.71541393762796,101.10766302649247,99.28847680039708,99.30756375749942,2.922243545098038,5.009585100917432,2.891344123076922,4.661443727272725,0.2696132745098039,0.3382758256880734,0.2685968461538461,0.3268238068181817,84.36827956989248,93.48711943793911,84.50070422535211,93.65885714285714,0.13242465545963,0.1717377049180299,186.0,427.0,3.0,6.0,142.0,350.0,2.0,5.0,1.0,6.0
2026-07-02,63301891,823765,Milwaukee Brewers,Cincinnati Reds,2026-07-01,0.617,0.383,5.02,3.79,8.81,32,day,100.1015604993747,99.55413391969104,99.55791141015035,99.07316369370557,1.6477268735999997,2.917251553072626,0.9754097553398062,2.795413355932204,0.2276883839999999,0.26944906424581,0.2055726893203883,0.2654412288135593,97.4987118644068,94.65337381916328,98.82685421994886,94.12947154471544,1.3281423555420702,-0.523902274447849,1477.0,1482.0,16.0,16.0,391.0,492.0,4.0,5.0,2.0,7.0
2026-07-02,63302113,823935,Los Angeles Dodgers,San Diego Padres,2026-07-01,0.607,0.393,4.31,3.18,7.49,22,night,102.9999801574708,99.68155395779648,99.03235434989348,99.96121187678824,4.787326161812297,6.7914002233618245,4.455824683146068,7.838812737864076,0.3309646763754045,0.3968881652421652,0.3200600224719101,0.4313425242718446,92.01592356687898,90.81810282404057,92.97361111111113,90.74581280788178,0.9576875442321297,-0.0722900161587745,1256.0,1385.0,14.0,16.0,360.0,410.0,4.0,5.0,12.0,7.0
2026-07-02,63303217,823119,Seattle Mariners,Los Angeles Angels,2026-07-01,0.599,0.401,4.61,3.57,8.18,680,night,102.79299721505213,97.98369383056766,101.00555560993826,99.24072314827866,1.9182866000000016,3.3196313076923087,2.340126843373495,3.0516508100840323,0.236588375,0.2826852403846154,0.2504646987951807,0.2738700924369747,91.1820987654321,93.51702302631578,90.95865102639296,93.07648351648352,-0.2234477390391305,-0.4405395098322628,652.0,1220.0,8.0,15.0,341.0,455.0,4.0,5.0,1.0,0.0
2026-07-02,63303531,824093,Kansas City Royals,Tampa Bay Rays,2026-07-01,0.455,0.545,4.56,5.03,9.59,7,night,101.91522519554856,99.56869246056266,100.18731815305418,98.94950620533903,3.961699950710901,3.415814439800995,4.596417919999999,2.577590766265061,0.3038059194312796,0.2858491592039801,0.3246847999999999,0.2582760120481928,89.90623409669212,85.79188514357054,89.73475609756098,85.47426035502959,-0.1714779991311417,-0.3176247885409538,787.0,816.0,9.0,30.0,329.0,341.0,4.0,5.0,2.0,5.0
2026-07-03,63299387,824417,Cleveland Guardians,Chicago White Sox,2026-07-02,0.545,0.455,4.21,3.74,7.95,5,night,98.0211283546611,96.43000789808892,99.84350598466624,97.90031908131256,4.686534531719129,5.500023690607732,5.204562181818182,4.560689925925927,0.3276491622276029,0.3544086740331491,0.3446895454545454,0.323509537037037,90.6503787878788,90.0361872909699,91.24861995753716,89.38784403669725,0.5982411696583654,-0.6483432542726604,1615.0,1495.0,17.0,17.0,471.0,436.0,5.0,5.0,4.0,3.0
2026-07-03,63301083,823527,New York Yankees,Minnesota Twins,2026-07-02,0.594,0.406,4.73,3.75,8.48,3313,night,99.78508389551736,103.99912970474004,99.62925036580404,99.7790182070754,3.6627172078431376,5.524890385185185,4.397760562962962,5.612214886956522,0.2939709607843137,0.3552266574074074,0.3181500185185185,0.3580991739130434,91.57486535008977,87.92860892388452,91.61625615763546,87.65759493670886,0.0413908075456959,-0.2710139871756638,586.0,382.0,7.0,6.0,435.0,317.0,5.0,5.0,5.0,2.0
2026-07-03,63301491,823933,Los Angeles Dodgers,San Diego Padres,2026-07-02,0.634,0.366,4.44,3.03,7.47,22,night,101.1098126359248,98.739354591132,99.4355987029989,99.68186181458536,2.5219515794871787,4.93748152264631,3.1653163360000005,6.43074643305785,0.2564457756410256,0.3359039974554707,0.27760909,0.3850245537190082,90.77281632653062,88.71093350383632,91.46253369272236,88.8101052631579,0.6897173661917577,0.0991717593215781,1225.0,1564.0,13.0,17.0,371.0,475.0,4.0,5.0,4.0,3.0
2026-07-03,63301825,824013,Los Angeles Angels,Boston Red Sox,2026-07-02,0.452,0.548,3.82,4.33,8.15,1,night,98.62938509267616,97.15105967085428,98.7752562250768,99.78859925220166,3.0054974138613884,2.482408478740158,3.0545862372881363,0.8307767152941183,0.2723518886138614,0.2551450157480315,0.2739666525423729,0.2008150235294117,88.11654228855721,88.87717842323651,88.24357298474946,89.15016077170418,0.12703069619225,0.2729823484676643,1610.0,486.0,17.0,6.0,459.0,315.0,5.0,4.0,2.0,5.0
2026-07-03,63301981,824336,Colorado Rockies,San Francisco Giants,2026-07-02,0.436,0.564,4.28,4.95,9.23,19,night,99.08021192658174,,98.74736557675404,,5.34795442181818,,4.296334471428572,,0.3494063954545454,,0.3148136339285714,,89.1620145631068,,89.09747126436783,,-0.0645432987389682,,824.0,,11.0,,435.0,,5.0,,15.0,3.0
2026-07-03,63302669,824498,Cincinnati Reds,Baltimore Orioles,2026-07-02,0.498,0.502,4.71,4.73,9.44,2602,night,94.93807143277328,102.23854814793152,99.5823820908362,98.73617865702288,5.656782381341106,4.236077100895523,3.840938534513272,2.839055034482757,0.3595652099125364,0.3128314835820895,0.2998335044247787,0.2668768103448275,87.03819095477387,89.06681818181818,87.39686847599165,89.52917594654788,0.3586775212177855,0.4623577647297026,1393.0,1321.0,16.0,15.0,479.0,449.0,5.0,5.0,0.0,3.0
2026-07-03,63302711,824904,Atlanta Braves,New York Mets,2026-07-02,0.54,0.46,4.02,3.6,7.62,4705,night,99.85899684083434,99.32917400091804,99.06739409361776,98.7512760806549,4.945645506306307,4.807790857142861,5.755739484444444,5.377923278688526,0.3361725495495495,0.3316378571428572,0.3628203777777777,0.3503922131147541,89.49554494828958,90.20338573155983,89.68595988538682,89.8768656716418,0.1904149370972447,-0.3265200599180531,1259.0,828.0,16.0,10.0,349.0,268.0,5.0,3.0,5.0,3.0
2026-07-03,63302951,825062,Arizona Diamondbacks,Milwaukee Brewers,2026-07-02,0.457,0.543,3.9,4.35,8.25,15,night,99.54891531234792,100.82699801521278,99.10364093713288,98.9813553336412,4.220644409756098,3.0305857190938497,4.220644409756098,2.46814356,0.3123238292682926,0.2731771618122977,0.3123238292682926,0.254675775,89.41408450704225,90.29513307984791,89.41408450704225,90.16829268292685,0.0,-0.1268403969210823,142.0,1316.0,2.0,15.0,142.0,328.0,2.0,4.0,4.0,7.0
2026-07-03,63303077,823120,Seattle Mariners,Toronto Blue Jays,2026-07-02,0.524,0.476,3.87,3.62,7.49,680,night,101.74996473977929,99.26177912654,100.31746833583124,98.85239909268856,4.7688845611940325,2.971892329682996,3.045630181818181,2.2334603956043955,0.3303580447761194,0.2712464582132564,0.2736720454545454,0.246955934065934,91.72709537572254,91.53317757009349,91.96863905325444,91.41291866028708,0.2415436775318937,-0.1202589098063953,1384.0,1499.0,16.0,15.0,338.0,418.0,4.0,4.0,0.0,2.0
2026-07-03,63303313,824173,Houston Astros,Tampa Bay Rays,2026-07-02,0.496,0.504,4.07,4.12,8.19,2392,night,99.70198227236392,98.32902570455848,98.9274516558858,101.1885312492625,4.994000611003237,4.755059411948055,4.94467662857143,5.3639018803418805,0.3377631779935275,0.3299032701298702,0.3361406785714286,0.3499309829059829,84.42739950779327,86.95516201959306,84.48593073593074,87.06,0.0585312281374683,0.1048379804069412,1220.0,1328.0,13.0,16.0,463.0,400.0,5.0,5.0,1.0,3.0
2026-07-03,63303631,822714,Washington Nationals,Pittsburgh Pirates,2026-07-02,0.498,0.502,4.56,4.58,9.14,3309,night,94.30679125638606,102.17960565194012,98.58006361867348,99.73638548228315,4.0601423356783926,5.154326088778054,2.4176718386554623,6.205496747540986,0.3070441557788945,0.3430370423940149,0.2530155210084033,0.377615024590164,85.77199496538704,88.79302325581395,85.88058455114823,88.50689655172413,0.1085895857611944,-0.2861267040898241,1591.0,1506.0,17.0,17.0,480.0,464.0,5.0,5.0,9.0,5.0
2026-07-04,63299149,823118,Seattle Mariners,Toronto Blue Jays,2026-07-03,0.547,0.453,4.01,3.51,7.52,680,day,100.40112557849778,101.3791595730984,100.34039902724912,99.78808354091528,3.994607252525252,11.18805246511628,2.874016457142859,11.18805246511628,0.3048883964646464,0.5415148837209302,0.2680268571428572,0.5415148837209302,89.01635338345865,88.06586826347305,91.1790404040404,88.06586826347305,2.1626870205817568,0.0,1596.0,167.0,17.0,2.0,396.0,167.0,4.0,2.0,11.0,0.0
2026-07-04,63299199,824012,Los Angeles Angels,Boston Red Sox,2026-07-03,0.48,0.52,3.98,4.18,8.16,1,night,100.2318758473458,99.4192295790703,97.65305363742053,100.09675270329616,5.203237028571428,3.729216934939759,5.476865938823529,2.2251683053435114,0.344645954887218,0.2961584518072289,0.3536469058823529,0.2466831679389312,86.00459770114942,87.57887896019497,85.9891238670695,88.06748878923767,-0.0154738340799269,0.4886098290427014,522.0,1231.0,8.0,15.0,331.0,446.0,5.0,5.0,1.0,8.0
2026-07-04,63299269,822716,Washington Nationals,Pittsburgh Pirates,2026-07-03,0.502,0.498,4.58,4.56,9.14,3309,day,100.77086232437536,99.35555579269528,99.6690709355369,100.1969862319745,6.552654713544673,3.05459378937198,7.430951424719102,3.706879636974791,0.3890346945244958,0.2739669009661835,0.4179260337078652,0.2954236722689076,87.86,92.50284956925115,88.07777777777778,92.46106194690266,0.2177777777777834,-0.0417876223484938,1280.0,1509.0,17.0,17.0,360.0,452.0,5.0,5.0,1.0,7.0
2026-07-04,63299321,824903,Atlanta Braves,New York Mets,2026-07-03,0.566,0.434,4.15,3.45,7.6,4705,night,97.5299623882768,97.12320516415826,98.87123309078297,98.4837562313066,3.219936104632152,4.2280865155234695,2.9048806368932047,3.9331045592233007,0.2794057929155313,0.3125686353790615,0.2690421262135922,0.302865281553398,88.41218836565096,84.69036251105217,89.9167487684729,85.17648456057007,1.5045604028219373,0.4861220495179026,1445.0,1131.0,15.0,18.0,407.0,421.0,4.0,5.0,14.0,3.0
2026-07-04,63299431,823526,New York Yankees,Minnesota Twins,2026-07-03,0.589,0.411,4.67,3.74,8.41,3313,day,100.53607296122296,102.0055340142061,98.159277908599,100.34804136166066,9.346891692307691,4.444911200000004,,5.403321142857142,0.4809503846153846,0.3197010263157895,,0.3512276691729323,87.97115384615384,89.40498812351544,,89.59575371549893,,0.1907655919834923,52.0,842.0,1.0,9.0,,471.0,,5.0,4.0,11.0
2026-07-04,63300843,822882,Texas Rangers,Detroit Tigers,2026-07-03,0.518,0.482,3.95,3.77,7.72,5325,day,100.79062497433212,100.49925422178303,99.22075723790964,99.262174823113,4.704622651895044,4.553488720496893,4.123022923076922,3.3164458181818186,0.328244166180758,0.323272655279503,0.3091125961538461,0.2825804545454545,89.26800296956199,87.68893709327548,88.92698795180722,88.91106557377049,-0.3410150177547706,1.2221284804950017,1350.0,1387.0,16.0,16.0,416.0,244.0,5.0,3.0,0.0,3.0
2026-07-04,63300919,824415,Cleveland Guardians,Chicago White Sox,2026-07-03,0.548,0.452,4.23,3.72,7.95,5,night,100.99524126344596,101.18508410484247,98.53204179790606,99.6897252190175,3.187939951515152,4.0424241375,2.692367047619049,4.389133213793103,0.2783532878787879,0.3064613203125,0.2620515476190476,0.317866224137931,89.25667098445595,89.60389438943893,89.93464052287581,90.17349665924276,0.677969538419859,0.5696022698038234,1550.0,1516.0,17.0,17.0,460.0,450.0,5.0,5.0,1.0,3.0
2026-07-04,63301399,823932,Los Angeles Dodgers,San Diego Padres,2026-07-03,0.638,0.362,4.46,3.02,7.48,22,night,101.23958461835092,101.8197632647936,100.79919701736276,98.32474908341128,3.6261123174262746,5.207285201895733,2.844907339805824,5.131692501098902,0.2927668525469169,0.3447791184834122,0.2670693203883494,0.3422925164835165,90.926510989011,90.18566308243727,91.0180661577608,89.58706199460917,0.0915551687498208,-0.5986010878281007,1456.0,837.0,15.0,11.0,393.0,371.0,4.0,5.0,3.0,0.0
2026-07-04,63301525,824171,Houston Astros,Tampa Bay Rays,2026-07-03,0.468,0.532,3.91,4.26,8.17,2392,night,100.05962249710512,100.17539988426734,99.34254115836777,100.5500866182252,2.5455737509433947,2.952221896629214,3.4357973587301585,1.8789327866666672,0.2572228207547169,0.270599404494382,0.286506492063492,0.2352938416666666,91.9645652173913,92.26706970128022,91.76428571428572,92.10252631578946,-0.2002795031055768,-0.1645433854907594,460.0,1406.0,5.0,16.0,280.0,475.0,3.0,5.0,10.0,8.0
2026-07-04,63302899,824092,Kansas City Royals,Philadelphia Phillies,2026-07-03,0.428,0.572,4.12,4.88,9.0,7,night,99.08972619760848,96.17732842067063,100.65902172640328,98.36920087552224,4.0819035108046,3.265929723970944,3.6839069764705874,3.162517742635657,0.307759983908046,0.2809187409200968,0.2946679926470588,0.2775170310077519,87.16972594008922,90.7590273556231,87.17737843551798,91.0178861788618,0.0076524954287577,0.2588588232386968,1571.0,1645.0,17.0,17.0,473.0,492.0,5.0,5.0,1.0,6.0
2026-07-04,63303497,824499,Cincinnati Reds,Baltimore Orioles,2026-07-03,0.521,0.479,4.78,4.56,9.34,2602,night,,100.48549267481296,,99.51408569314242,,4.421813703896107,,4.051921999999998,,0.3189412402597403,,0.3067737499999999,,88.41982532751092,,88.2158940397351,,-0.2039312877758163,,1145.0,,13.0,,453.0,,5.0,5.0,8.0
2026-07-04,63303607,824334,Colorado Rockies,San Francisco Giants,2026-07-03,0.461,0.539,4.41,4.82,9.23,19,night,100.7105406224304,99.29160683369246,100.59911036711256,97.23676561497182,6.784904630167596,4.765968755102038,5.298310967741934,3.301294236220474,0.3966744944134077,0.3302621301020407,0.3477733870967741,0.2820820472440945,88.26326086956522,88.81659469463295,88.2388888888889,89.26777546777548,-0.0243719806763209,0.451180773142525,1383.0,1621.0,16.0,17.0,360.0,481.0,4.0,5.0,4.0,6.0
2026-07-04,63303815,825063,Arizona Diamondbacks,Milwaukee Brewers,2026-07-03,0.455,0.545,3.89,4.36,8.25,15,night,99.99386201289288,101.51682126323276,100.07577483679572,100.49940183794897,7.118139579888269,2.7529358792452863,7.149706225,1.291285333333334,0.4076361703910615,0.2640439433962265,0.408674546875,0.2159633333333333,89.21268368136117,89.119723183391,89.52064220183486,89.97239263803681,0.3079585204736901,0.852669454645806,1297.0,582.0,14.0,8.0,436.0,163.0,5.0,2.0,4.0,3.0
2026-07-05,63300857,824010,Los Angeles Angels,Boston Red Sox,2026-07-04,0.479,0.521,3.97,4.18,8.15,1,night,101.36371441222336,95.92457555148204,99.79680515529309,98.5356246650541,4.490362781981983,3.329943073684211,3.042431575,2.2715012032520328,0.3211961441441441,0.2830244432132964,0.273566828125,0.2482072764227642,87.57651162790698,86.1307968413496,88.1703846153846,85.75899581589958,0.5938729874776243,-0.3718010254500257,430.0,1395.0,7.0,16.0,260.0,478.0,3.0,5.0,5.0,7.0
2026-07-05,63301165,824333,Colorado Rockies,San Francisco Giants,2026-07-04,0.466,0.534,4.44,4.79,9.23,19,day,101.53703088768684,101.69645263285535,100.39027910510298,100.5004918552192,4.840132773033709,4.512848084507041,3.6315622,5.72114,0.3327017359550562,0.3219357922535211,0.292946125,0.3616822368421052,88.24354354354354,89.20651204281891,89.30810810810812,89.73548387096774,1.0645645645645772,0.5289718281488263,670.0,1122.0,10.0,13.0,74.0,155.0,1.0,2.0,7.0,6.0
2026-07-05,63301191,824091,Kansas City Royals,Philadelphia Phillies,2026-07-04,0.43,0.57,3.93,4.67,8.6,7,day,100.83515437500571,100.88163133263411,98.39000292910605,100.58391411323876,4.788289278431371,4.673404663466666,5.003829087640448,4.768949971428572,0.3309963578431372,0.3272172586666666,0.3380864831460674,0.3303601964285714,91.76457399103138,85.93827404479579,91.3929503916449,85.67942477876106,-0.3716235993864814,-0.2588492660347299,892.0,1519.0,16.0,17.0,383.0,453.0,5.0,5.0,5.0,2.0
2026-07-05,63301519,822879,Texas Rangers,Detroit Tigers,2026-07-04,0.522,0.478,4.0,3.77,7.77,5325,day,100.79062497433216,101.77782966415958,99.22075723790964,99.8655450942484,4.704622651895046,2.715155686956522,4.123022923076924,3.102348941176471,0.3282441661807581,0.2628011739130435,0.3091125961538462,0.275537794117647,89.26800296956199,90.04297520661157,88.92698795180722,90.790036900369,-0.3410150177547706,0.7470616937574306,1350.0,968.0,16.0,12.0,416.0,271.0,5.0,3.0,3.0,6.0
2026-07-05,63301605,823525,New York Yankees,Minnesota Twins,2026-07-04,0.595,0.405,4.71,3.71,8.42,3313,day,100.51477645847471,99.26427232656664,98.5528155092194,101.05069041147478,4.802709046153845,3.244825180000001,6.013041839252337,3.309692474576271,0.3314706923076922,0.2802245125,0.3712842710280374,0.2823583050847457,89.26968011126564,88.69357628165534,89.39927710843372,89.81224489795919,0.129596997168079,1.1186686163038502,1439.0,1621.0,16.0,18.0,415.0,491.0,5.0,5.0,1.0,6.0
2026-07-05,63301635,824413,Cleveland Guardians,Chicago White Sox,2026-07-04,0.55,0.45,4.17,3.65,7.82,5,day,100.34492143453568,92.46048303108932,100.40345958754,96.46316837347553,4.702639221515893,3.264899180487804,4.267053284033614,1.568170222222223,0.3281789217603912,0.2808848414634146,0.3138504369747899,0.2250713888888889,87.90056426332288,88.45081433224756,88.46401766004415,88.14685314685315,0.5634533967212718,-0.3039611853944137,1595.0,307.0,18.0,18.0,453.0,143.0,5.0,10.0,6.0,7.0
2026-07-05,63301847,824902,Atlanta Braves,New York Mets,2026-07-04,0.563,0.437,4.16,3.5,7.66,4705,day,97.44574304230758,99.77602761258434,99.24447656692011,99.34261847325013,4.556200779354837,3.5257226517766505,4.349627140186915,3.4764444610169503,0.3233618677419354,0.2894645609137056,0.3165666822429906,0.2878435677966102,85.09385892116183,91.05423197492163,84.24123456790123,91.55816326530612,-0.8526243532605946,0.5039312903844859,1207.0,1595.0,17.0,17.0,407.0,490.0,5.0,5.0,9.0,10.0
2026-07-05,63302315,822715,Washington Nationals,Pittsburgh Pirates,2026-07-04,0.499,0.501,4.59,4.6,9.19,3309,day,102.73275597119016,102.48893320542176,99.34892211342526,99.06777225783966,4.309657790862943,4.336962425531917,4.430422169230768,3.3692253042016818,0.3152519010152284,0.3161500797872341,0.3192244134615384,0.2843166218487395,91.50221642764016,94.69972394755004,92.40023041474652,94.5444976076555,0.8980139871063813,-0.1552263398945257,1536.0,1455.0,18.0,17.0,434.0,418.0,5.0,5.0,5.0,11.0
2026-07-05,63302863,823117,Seattle Mariners,Toronto Blue Jays,2026-07-04,0.548,0.452,3.98,3.47,7.45,680,day,102.83915363097806,100.66899213325313,99.83181985216672,97.99883150205252,4.659080947486035,3.1953018588235285,5.242419559550564,4.176701006451612,0.3267460837988827,0.2785954558823529,0.3459348539325843,0.3108783225806451,89.75432793807178,89.3960258780037,90.74984615384616,89.48841201716738,0.9955182157743678,0.0923861391636791,1421.0,1082.0,16.0,12.0,325.0,466.0,4.0,5.0,4.0,0.0
2026-07-05,63303255,825061,Arizona Diamondbacks,Milwaukee Brewers,2026-07-04,0.458,0.542,3.91,4.34,8.25,15,day,100.3307766559396,99.6058583800436,99.26429622085637,99.41052560611948,5.063091602905571,4.745090459163988,5.54253305982906,3.2703639666666677,0.3400359079903148,0.3295753440514469,0.3558070085470085,0.2810646041666667,88.33360450563204,92.69267515923566,88.10734341252699,92.53324538258576,-0.2262610931050517,-0.1594297766499153,1599.0,1284.0,17.0,16.0,463.0,406.0,5.0,5.0,2.0,3.0
2026-07-05,63303623,824497,Cincinnati Reds,Baltimore Orioles,2026-07-04,0.523,0.477,4.8,4.56,9.36,2602,day,98.04512785850604,96.06288993850248,98.34455492597348,99.24989893380122,6.091596606278027,4.132067598992446,5.519674272897196,3.6870999663865542,0.3738683094170403,0.3094101183879094,0.3550550747663551,0.294773025210084,89.6919956140351,90.437166454892,89.59314159292035,91.56880530973451,-0.0988540211147466,1.131638854842521,912.0,1575.0,10.0,17.0,452.0,452.0,5.0,5.0,3.0,2.0
2026-07-05,63303883,823931,Los Angeles Dodgers,San Diego Padres,2026-07-04,0.619,0.381,4.33,3.09,7.42,22,day,102.2640627179442,101.65067417330276,99.35012368014922,98.72374630383229,4.25111738511327,7.324582040816328,5.104861394285716,7.324582040816327,0.3133262297734628,0.4144270408163265,0.3414099142857143,0.4144270408163265,88.82174940898345,86.59261363636364,89.386,86.59261363636364,0.5642505910165454,0.0,1271.0,176.0,15.0,2.0,300.0,176.0,4.0,2.0,2.0,5.0
2026-07-06,63299185,823205,San Francisco Giants,Toronto Blue Jays,2026-07-05,0.493,0.507,4.07,4.15,8.22,2395,night,98.67010895321904,100.87945315738078,100.41215180094795,100.25444733863604,3.4980059060686,3.909550430843373,3.559110225454545,4.899026666666666,0.2885528258575197,0.3020904746987951,0.2905628363636363,0.3346390350877192,87.08437500000001,89.1696933253157,87.99898580121703,88.92668112798265,0.9146108012170232,-0.2430121973330585,1632.0,1663.0,17.0,18.0,493.0,461.0,5.0,5.0,10.0,1.0
2026-07-06,63299217,823282,San Diego Padres,Arizona Diamondbacks,2026-07-05,0.527,0.473,4.43,4.14,8.57,2680,night,100.95798301995669,99.727952147928,99.7416221231977,99.78604608998312,4.625868969627507,5.10396016,3.888177132075472,2.1736560000000003,0.3256535845272206,0.3413802684210526,0.3013874056603773,0.2449886842105263,89.27185238784371,88.75569985569985,89.9267942583732,90.37727272727273,0.6549418705294983,1.62157287157288,1388.0,693.0,17.0,14.0,420.0,66.0,5.0,1.0,0.0,8.0
2026-07-06,63302119,822712,Washington Nationals,Houston Astros,2026-07-05,0.532,0.468,4.79,4.46,9.25,3309,night,101.89410642903664,99.76023778023276,101.0768528834509,99.5856927973478,4.963165121813032,4.82689643123426,3.56555592857143,4.614127967346939,0.3367488526912181,0.3322663299748111,0.2907748660714286,0.3252673673469388,88.46537290715374,89.50955585464335,89.12137203166228,89.25684210526316,0.6559991245085399,-0.2527137493801916,1314.0,1487.0,18.0,17.0,379.0,381.0,5.0,5.0,12.0,11.0
2026-07-06,63302377,824900,Atlanta Braves,New York Mets,2026-07-05,0.565,0.435,4.17,3.49,7.66,4705,night,100.72256777183856,103.90644299710242,99.4246656306425,99.1359227612076,4.781952538248848,3.8919724541567695,3.614291724137931,3.5088274123893823,0.3307879124423963,0.3015122517814727,0.2923780172413793,0.288908796460177,88.44396843291996,89.27043580683157,88.28,88.89299781181619,-0.1639684329199582,-0.3774379950153843,889.0,1699.0,20.0,18.0,265.0,457.0,6.0,5.0,6.0,7.0
2026-07-06,63302475,823930,Los Angeles Dodgers,Colorado Rockies,2026-07-05,0.682,0.318,6.31,4.45,10.76,22,night,98.76322043465105,94.42972301222328,98.7868201687814,99.49903786844166,5.2209151783783785,5.652796090395482,4.178831621505378,4.176595136,0.3452274729729729,0.359434081920904,0.3109484086021505,0.31087484,86.48963684676706,86.8101787101787,87.09972299168975,87.62436194895591,0.6100861449226898,0.8141832387772041,1130.0,1287.0,14.0,15.0,362.0,431.0,4.0,5.0,8.0,7.0
2026-07-06,63302993,824089,Kansas City Royals,Philadelphia Phillies,2026-07-05,0.43,0.57,3.98,4.7,8.68,7,day,97.4459664132692,101.29693409843388,98.90588203020516,99.15441289010997,5.045946634520549,2.8318398680761114,5.890775733333333,2.811294260317461,0.3394719287671233,0.2666394693446089,0.3672623596491228,0.265963626984127,86.7459682977257,90.28945835760048,86.619918699187,90.725625,-0.1260495985386995,0.4361666423995416,1453.0,1717.0,16.0,18.0,494.0,480.0,5.0,5.0,15.0,1.0
2026-07-06,63303439,822958,Tampa Bay Rays,New York Yankees,2026-07-05,0.526,0.474,4.57,4.3,8.87,12,night,101.79010835720898,101.5124927181146,99.8093324138181,99.64358633669396,5.4927856918032765,3.1409873717073173,5.657312364356436,4.408190577777779,0.354170581967213,0.2768087951219512,0.3595826435643564,0.3184931111111111,91.74081408140812,95.76950617283951,90.84022662889518,96.3862660944206,-0.9005874525129514,0.6167599215810924,917.0,1623.0,23.0,18.0,353.0,466.0,5.0,5.0,1.0,5.0
2026-07-07,63299207,824579,Chicago White Sox,Boston Red Sox,2026-07-06,0.5,0.5,4.01,4.0,8.01,4,night,96.80552362440552,99.1650789513172,97.82980610739472,98.49813023952493,5.554752104918033,3.2162320850498345,4.776814222222222,5.061618546086956,0.3562089508196721,0.2792839501661129,0.3306188888888888,0.339987452173913,90.77821380243572,93.03255605381166,89.2919540229885,92.6992974238876,-1.4862597794472237,-0.3332586299240745,739.0,1115.0,9.0,13.0,87.0,427.0,1.0,5.0,1.0,8.0
2026-07-07,63299245,824820,Baltimore Orioles,Chicago Cubs,2026-07-06,0.488,0.512,4.31,4.43,8.74,2,night,100.01113221104492,99.95369387392935,99.47278444930572,99.29696104969776,4.6691241540603245,4.8954409158620695,4.957394787499999,5.76244775111111,0.3270764524361949,0.3345210827586207,0.3365590390624999,0.3630410444444444,90.67536496350364,86.18505154639175,90.5312629399586,86.16250000000001,-0.1441020235450452,-0.0225515463917389,1652.0,582.0,17.0,7.0,483.0,152.0,5.0,2.0,2.0,5.0
2026-07-07,63299407,823607,New York Mets,Kansas City Royals,2026-07-06,0.573,0.427,4.49,3.72,8.21,3289,night,,99.73829011823346,,100.60609375758249,,5.451102241584161,,5.282817374117648,,0.3527994158415842,,0.3472637294117647,,85.67189973614776,,86.13322368421052,,0.4613239480627555,,1517.0,,17.0,,304.0,,4.0,12.0,16.0
2026-07-07,63300887,823280,San Diego Padres,Arizona Diamondbacks,2026-07-06,0.525,0.475,4.42,4.16,8.58,2680,night,98.97240385679132,101.40466744556396,99.25232892900196,100.84170024738054,6.00256349503546,6.239632765048546,7.197845538461538,7.4401199496063,0.3709395886524822,0.3787379199029126,0.4102580769230768,0.4182276299212598,89.87360861759426,89.01382219338092,90.89464285714288,89.15023041474653,1.0210342395486125,0.1364082213656132,557.0,1550.0,7.0,18.0,56.0,443.0,1.0,5.0,4.0,1.0
2026-07-07,63301171,823361,Pittsburgh Pirates,Atlanta Braves,2026-07-06,0.535,0.465,4.18,3.81,7.99,31,night,102.66466805247263,100.08539853969756,100.27362941109776,97.70154083129488,2.635895820865138,3.921670964705885,4.043778242735042,3.921670964705885,0.2601939414758269,0.3024891764705883,0.3065058632478632,0.3024891764705883,92.47948560930804,89.67709923664123,92.10799180327868,89.67709923664123,-0.3714938060293491,0.0,1633.0,131.0,18.0,2.0,488.0,131.0,5.0,2.0,12.0,4.0
2026-07-07,63301573,822956,Tampa Bay Rays,New York Yankees,2026-07-06,0.501,0.499,4.37,4.37,8.74,12,night,99.4003349727963,100.22546887928736,98.86800047897998,100.13097967415564,3.379070385714286,4.215946601558442,2.3029226000000005,5.854662024347826,0.2846404732142857,0.3121692961038961,0.249240875,0.3660744086956521,85.7945701357466,90.57047872340424,85.49055118110236,90.25825892857142,-0.3040189546442349,-0.3122197948328278,899.0,1505.0,31.0,17.0,381.0,449.0,5.0,5.0,6.0,4.0
2026-07-07,63301917,822881,Texas Rangers,Los Angeles Angels,2026-07-06,0.57,0.43,4.35,3.62,7.97,5325,night,100.45010502857065,102.18756692338762,100.60797422512002,99.7587438502767,3.508385018567641,4.504724643809525,2.2865847394957983,4.847145908256882,0.2888942440318303,0.3216685738095238,0.2487034453781512,0.3329324311926606,93.0129180327869,92.70496453900708,93.27191489361702,92.03100233100234,0.2589968608301234,-0.6739622080047383,1533.0,1696.0,17.0,18.0,474.0,429.0,5.0,5.0,8.0,3.0
2026-07-07,63302303,823847,Miami Marlins,Seattle Mariners,2026-07-06,0.517,0.483,3.66,3.48,7.14,4169,night,97.91743740729764,,99.39854603015684,,3.884158381132073,,3.8494500352000034,,0.3012552099056603,,0.3001134880000001,,90.98220183486238,,91.05333333333334,,0.0711314984709616,,1637.0,,18.0,,467.0,,5.0,,6.0,5.0
2026-07-07,63302819,823687,Minnesota Twins,Cleveland Guardians,2026-07-06,0.503,0.497,3.91,3.88,7.79,3312,night,103.10004697609332,93.62364484854844,98.90566210080912,97.78432390518265,4.117769887830687,4.3906363200000005,3.4885217627118665,3.986614937931036,0.3089397989417989,0.3179156684210526,0.2882408474576272,0.3046254913793104,92.68025889967636,85.08405144694534,93.56876310272536,84.72866520787746,0.8885042030489956,-0.355386239067883,1545.0,1557.0,16.0,18.0,477.0,458.0,5.0,5.0,3.0,1.0
2026-07-07,63303167,824495,Cincinnati Reds,Philadelphia Phillies,2026-07-06,0.484,0.516,4.38,4.56,8.94,2602,night,98.26560559107136,,98.41872262315091,,5.009673151364764,,4.511096486956523,,0.3382787220843672,,0.3218781739130435,,87.53014527845036,,87.68516949152543,,0.1550242130750661,,1663.0,,18.0,,483.0,,5.0,,1.0,4.0
2026-07-07,63303417,823929,Los Angeles Dodgers,Colorado Rockies,2026-07-06,0.712,0.288,6.54,4.36,10.9,22,night,94.54712534175364,100.56685481215176,99.1186063491172,99.61706167603428,4.443474225336928,5.668941533980583,5.301796453608248,4.111869253097345,0.3196537574123989,0.3599651820388349,0.3478880412371134,0.3087456991150442,90.03221476510068,88.60302457466919,90.95845272206304,88.82622222222223,0.9262379569623675,0.2231976475530359,1343.0,1587.0,15.0,19.0,349.0,450.0,4.0,5.0,3.0,4.0
2026-07-07,63303455,823203,San Francisco Giants,Toronto Blue Jays,2026-07-06,0.498,0.502,4.12,4.14,8.26,2395,night,95.17361268316075,,99.78057681953874,,4.034041193442621,,3.9418726588235296,,0.3061855655737704,,0.3031537058823529,,90.10181043663472,,89.75093457943926,,-0.3508758571954615,,939.0,,11.0,,428.0,,5.0,,3.0,9.0
2026-07-07,63303535,822713,Washington Nationals,Houston Astros,2026-07-06,0.529,0.471,4.96,4.66,9.62,3309,night,86.51975885800802,98.60054031817889,97.79454453496504,98.65868244683128,4.230703565317921,5.05395650093458,3.4676893714285697,5.000496123076924,0.3126547225433526,0.3397354112149532,0.2875555714285713,0.3379768461538461,87.21880222841226,90.5861407249467,87.63465608465609,90.49642857142857,0.4158538562438281,-0.0897121535181355,718.0,939.0,11.0,12.0,378.0,280.0,5.0,4.0,3.0,6.0
2026-07-08,63299475,823279,San Diego Padres,Arizona Diamondbacks,2026-07-07,0.528,0.472,4.44,4.14,8.58,2680,night,98.92038505653652,100.7891791379687,99.79999036699674,98.23806595041783,4.735407611538462,6.316826879999999,5.216648317355372,6.316826880000002,0.3292568293269231,0.3812771999999999,0.3450871157024793,0.3812772,88.76741915802317,89.23560975609756,89.04201312910284,89.23560975609756,0.2745939710796676,0.0,1639.0,205.0,18.0,3.0,457.0,205.0,5.0,3.0,10.0,4.0
2026-07-08,63300847,823360,Pittsburgh Pirates,Atlanta Braves,2026-07-07,0.515,0.485,4.11,3.94,8.05,31,night,101.39459951702392,99.87088404368384,99.21031715011448,99.19647295683704,4.593751232,4.782683429859159,3.8996560000000007,4.60017927356322,0.32459708,0.3308119549295776,0.301765,0.3248085287356322,93.418,89.42576549663929,93.34498567335244,89.32777777777777,-0.0730143266475664,-0.0979877188615176,500.0,1342.0,7.0,17.0,349.0,343.0,5.0,5.0,0.0,3.0
2026-07-08,63301695,822957,Tampa Bay Rays,New York Yankees,2026-07-07,0.5,0.5,4.3,4.3,8.6,12,night,97.56379980201322,99.58129596046965,98.46381763698264,99.79498931313924,4.440823032218847,3.441408860115608,6.149702952380952,4.139408350476192,0.3195665471124621,0.2866910809248555,0.3757797023809524,0.3096515904761905,89.7210358565737,91.71782945736436,90.25348837209302,91.7294403892944,0.53245251551931,0.0116109319300647,1255.0,674.0,16.0,8.0,301.0,440.0,4.0,5.0,3.0,0.0
2026-07-08,63302009,823928,Los Angeles Dodgers,Colorado Rockies,2026-07-07,0.705,0.295,6.5,4.4,10.9,22,night,102.81105609647904,100.19117415060155,99.0184874789957,99.63793282405956,4.929304929663608,4.704896727272727,6.246614595121951,4.704896727272727,0.3356350305810397,0.3282531818181818,0.3789675853658536,0.3282531818181818,92.02901785714286,90.4132075471698,92.97714285714284,90.4132075471698,0.9481249999999904,0.0,1344.0,53.0,15.0,1.0,350.0,53.0,4.0,1.0,4.0,3.0
2026-07-08,63302165,824496,Cincinnati Reds,Philadelphia Phillies,2026-07-07,0.463,0.537,4.27,4.67,8.94,2602,night,99.69418531769776,,99.07941668287162,,2.992991559055117,,3.1041490598290595,,0.2719405118110236,,0.2755970085470085,,94.64971355824316,,94.15900621118011,,-0.4907073470630365,,1571.0,,17.0,,483.0,,5.0,,11.0,5.0
2026-07-08,63302185,823605,New York Mets,Kansas City Royals,2026-07-07,0.574,0.426,4.96,4.19,9.15,3289,night,99.08554517657116,100.9303783660622,98.79041489032788,99.17206111685748,4.921245158878505,4.179141289256201,6.298700827586206,2.386159215686273,0.335369906542056,0.3109585950413224,0.380680948275862,0.2519789215686274,90.15654565456546,95.31753653444676,89.82380952380952,95.7,-0.3327361307559471,0.3824634655532435,910.0,488.0,11.0,26.0,252.0,186.0,3.0,11.0,6.0,2.0
2026-07-08,63302461,822710,Washington Nationals,Houston Astros,2026-07-07,0.527,0.473,4.83,4.54,9.37,3309,night,94.95566854978684,99.9574538835992,98.5871218538281,98.96789762018612,4.183044290909091,4.872983087804878,2.991718137704917,4.1421418714285725,0.3110869832535885,0.3337823384146341,0.2718986229508196,0.3097415089285714,85.78259569377991,84.50077399380805,85.93939999999999,84.76349557522124,0.1568043062200814,0.2627215814131887,1674.0,1293.0,18.0,14.0,501.0,453.0,5.0,5.0,8.0,2.0
2026-07-08,63302673,823202,San Francisco Giants,Toronto Blue Jays,2026-07-07,0.498,0.502,4.04,4.07,8.11,2395,day,100.61949892977552,99.42612653142294,100.5256343950894,98.95769008539617,4.145722182585751,2.791694076549865,3.883397846153845,1.8062326956521744,0.3098592823218997,0.265318884097035,0.3012301923076922,0.2329023913043478,88.93090778097984,91.5078125,88.54012605042017,91.35846153846154,-0.3907817305596666,-0.1493509615384596,1388.0,1601.0,15.0,16.0,476.0,520.0,5.0,5.0,0.0,10.0
2026-07-08,63303037,823684,Minnesota Twins,Cleveland Guardians,2026-07-07,0.508,0.492,3.85,3.77,7.62,3312,night,95.7066126928835,101.32697127696798,97.91931338115924,100.309770823123,4.235822149253732,4.675710842053791,4.891627140740739,4.384438564102562,0.3128230970149254,0.327293119804401,0.3343956296296295,0.3177117948717948,89.48564771668221,88.03287937743191,90.01319444444444,88.1048275862069,0.5275467277622283,0.0719482087749838,1074.0,1548.0,12.0,18.0,288.0,439.0,3.0,5.0,6.0,5.0
2026-07-08,63303155,824815,Baltimore Orioles,Chicago Cubs,2026-07-07,0.486,0.514,4.4,4.54,8.94,2,night,102.5242805664306,101.59885871397292,99.14139377420302,99.71367270984028,4.066449107692308,5.581874044897957,3.280539272727273,5.483700340869566,0.3072516153846154,0.3571011198979591,0.2813993181818182,0.3538717217391304,86.01850393700788,89.59711021505376,86.27088607594936,89.91846522781775,0.2523821389414848,0.3213550127639877,255.0,1488.0,3.0,18.0,79.0,417.0,1.0,5.0,7.0,9.0
2026-07-08,63303437,822880,Texas Rangers,Los Angeles Angels,2026-07-07,0.569,0.431,4.45,3.73,8.18,5325,night,97.99416938436984,98.04253387586364,98.29400285726568,99.14461921943092,4.000697737931033,3.2948506238095225,3.126467548387097,2.969187361344538,0.3050887413793103,0.2818700863095237,0.2763311693548387,0.2711574789915966,90.19730886850154,93.3599395313681,90.33459915611814,92.64557235421168,0.137290287616608,-0.7143671771564328,1636.0,1327.0,18.0,16.0,474.0,463.0,5.0,5.0,1.0,13.0
2026-07-08,63303567,824578,Chicago White Sox,Boston Red Sox,2026-07-07,0.502,0.498,4.02,3.99,8.01,4,night,99.83913142955122,98.73744306252276,99.59661919258949,99.64755474710364,4.274360273469388,2.727950172903225,5.265460381308411,1.5768355823008853,0.3140907984693877,0.2632220451612903,0.3466927757009345,0.2253564336283186,90.07781501340484,88.81445993031359,89.77487309644671,88.99851116625311,-0.3029419169581189,0.1840512359395205,1523.0,578.0,17.0,7.0,425.0,407.0,5.0,5.0,0.0,5.0
2026-07-08,63303643,823848,Miami Marlins,Seattle Mariners,2026-07-07,0.517,0.483,3.66,3.48,7.14,4169,night,100.33538614892836,99.43005294026396,99.32270098927673,100.84859408729038,4.965629629830509,3.8432607479069794,6.400402222222222,4.222822074074074,0.3368299220338983,0.2999098930232559,0.3840263888888888,0.3123954629629629,88.96155913978495,91.95221238938052,88.68448275862069,91.92299741602066,-0.2770763811642638,-0.0292149733598705,1116.0,1583.0,23.0,17.0,406.0,387.0,5.0,4.0,2.0,0.0
2026-07-09,63299395,823846,Miami Marlins,Seattle Mariners,2026-07-08,0.517,0.483,3.66,3.48,7.14,4169,night,101.5030093625181,102.54834695351308,100.58448164212784,101.08032187130952,4.154178444094487,1.6066666086956536,,2.019204597701149,0.3101374488188976,0.2263377173913043,,0.2399080459770114,88.10837696335078,90.97032520325205,,90.30919881305638,,-0.6611263901956619,956.0,742.0,11.0,9.0,,337.0,,4.0,8.0,4.0
2026-07-09,63301427,824494,Cincinnati Reds,Philadelphia Phillies,2026-07-08,0.468,0.532,4.29,4.63,8.92,2602,night,95.35626424287874,96.97724664913083,99.482626692389,98.33639612055902,5.623881529670332,3.0314157541284423,4.024334933333335,1.385819686400001,0.3584829450549451,0.2732044655963303,0.3058662807017544,0.219073016,87.05861372812922,90.77758620689656,87.50745341614906,91.00120724346075,0.4488396880198451,0.2236210365641966,1486.0,1740.0,17.0,18.0,483.0,497.0,5.0,5.0,0.0,1.0
2026-07-09,63301775,824577,Chicago White Sox,Boston Red Sox,2026-07-08,0.503,0.497,4.02,3.99,8.01,4,day,96.71847441412798,,97.88642899775694,,5.351044010666667,,3.5088731200000005,,0.3495080266666666,,0.2889103,,90.05223590408296,,89.20755667506297,,-0.844679229019988,,1543.0,,18.0,,397.0,,5.0,,1.0,2.0
2026-07-09,63301801,823359,Pittsburgh Pirates,Atlanta Braves,2026-07-08,0.516,0.484,4.15,3.98,8.13,31,day,101.93746606381032,100.76465835206372,99.7787551049966,99.4998146553409,5.476839254332554,3.706584275060535,7.045654621138214,6.686911232876714,0.3536460281030445,0.2954139564164649,0.4052517967479675,0.3934510273972603,88.6815491183879,88.44924760601916,87.87991071428571,88.28158995815899,-0.8016384041021922,-0.1676576478601674,1589.0,1463.0,18.0,17.0,448.0,239.0,5.0,3.0,5.0,10.0
2026-07-09,63301879,823277,San Diego Padres,Arizona Diamondbacks,2026-07-08,0.523,0.477,4.48,4.24,8.72,2680,night,101.8434820369093,99.62009100410503,98.37669179847944,100.11723554128756,4.9612868088105735,7.255984589033945,5.281232018181818,7.151726875000003,0.3366870660792951,0.4121705456919061,0.3472115795454545,0.4087410156250001,90.22945054945056,89.32332129963899,89.85335195530726,89.79751693002258,-0.3760985941432864,0.4741956303835906,910.0,1389.0,12.0,15.0,358.0,443.0,5.0,5.0,1.0,3.0
2026-07-09,63302027,823201,San Francisco Giants,Colorado Rockies,2026-07-08,0.585,0.415,5.93,5.04,10.97,2395,night,,99.01300381390172,,98.9775263093786,,5.050090052459012,,4.095293333333333,,0.3396082254098359,,0.3082004385964912,,89.19462719298245,,89.12013574660634,,-0.0744914463761148,,912.0,,12.0,,442.0,,5.0,8.0,2.0
2026-07-09,63302677,822877,Texas Rangers,Los Angeles Angels,2026-07-08,0.569,0.431,4.43,3.71,8.14,5325,night,103.26432397449462,98.48691668781689,100.84470071230926,98.80203327274258,4.167616765057474,3.192046963170164,3.111788918032787,3.7482839344262286,0.3105794988505748,0.2784883869463869,0.2758483196721311,0.2967856557377049,87.50739074550128,88.13866822429907,87.37682119205297,87.95190677966103,-0.1305695534483106,-0.1867614446380372,1556.0,1714.0,17.0,18.0,453.0,472.0,5.0,5.0,7.0,6.0
2026-07-09,63302767,823683,Minnesota Twins,Cleveland Guardians,2026-07-08,0.504,0.496,3.83,3.79,7.62,3312,day,102.78907316122924,98.04437350711976,99.55116073325212,99.81690735213722,4.546130959139786,4.773810392592593,,4.726649563218392,0.323030623655914,0.3305200787037037,,0.3289687356321839,83.95843023255814,90.7161154539988,,91.82774725274726,,1.111631798748462,1032.0,1694.0,12.0,18.0,,364.0,,4.0,2.0,5.0
2026-07-09,63302769,822954,Tampa Bay Rays,New York Yankees,2026-07-08,0.498,0.502,4.25,4.27,8.52,12,day,100.14755178327138,,100.61775506859996,,3.188369185185185,,3.295444093333335,,0.2783674074074074,,0.2818896083333334,,92.24544841537424,,92.20537634408602,,-0.0400720712882218,,1483.0,,17.0,,465.0,,5.0,,4.0,12.0
2026-07-09,63303595,824816,Baltimore Orioles,Chicago Cubs,2026-07-08,0.487,0.513,4.56,4.69,9.25,2,day,101.85074813395858,95.36702138376069,98.65315867612216,97.57998339414164,4.3022973205633805,5.265970922905029,3.4872933333333327,6.774020800000001,0.3150097802816901,0.3467095698324022,0.2882004385964912,0.3963164736842105,89.13588110403397,88.59868928296068,89.59956043956045,88.74044943820225,0.4636793355264785,0.1417601552415703,1414.0,1299.0,16.0,18.0,455.0,357.0,5.0,5.0,3.0,2.0
2026-07-09,63303667,823606,New York Mets,Kansas City Royals,2026-07-08,0.57,0.43,5.01,4.27,9.28,3289,day,97.83857719004018,99.0048165155318,98.61837103437897,100.65756567717096,4.296516991362125,4.2164960763557495,4.017592389189191,3.5681022832116787,0.3148196378737541,0.3121873709327549,0.3056444864864865,0.2908586277372262,84.70185633575464,87.13309438470728,85.0365010799136,87.17804391217564,0.3346447441589646,0.0449495274683613,1239.0,1676.0,19.0,18.0,463.0,501.0,5.0,5.0,7.0,3.0
2026-07-10,63301221,822709,Washington Nationals,New York Yankees,2026-07-09,0.482,0.518,4.42,4.62,9.04,3309,night,97.92984929576512,100.08284681622315,97.5113107845321,98.5186504284914,3.780072171428572,4.771859304438642,3.780072171428572,5.611300336000001,0.2978313214285714,0.3304558981723237,0.2978313214285714,0.35806909,85.05118110236221,89.24626474442988,85.05118110236221,89.2739024390244,0.0,0.0276376945945173,127.0,1527.0,4.0,17.0,127.0,410.0,4.0,5.0,3.0,5.0
2026-07-10,63301377,822955,Tampa Bay Rays,Seattle Mariners,2026-07-09,0.531,0.469,3.75,3.42,7.17,12,night,98.36965547155673,101.58459858620378,101.25933529609723,100.30336237070432,4.853112390147783,4.732981644444445,5.32872014222222,3.439281043478261,0.3331286970443349,0.3291770277777778,0.3487736888888888,0.2866210869565217,87.00262039660056,91.65521885521883,87.45367231638417,91.2929203539823,0.4510519197836089,-0.3622985012365518,1413.0,1485.0,17.0,17.0,354.0,339.0,4.0,4.0,7.0,2.0
2026-07-10,63301817,823278,San Diego Padres,Toronto Blue Jays,2026-07-09,0.489,0.511,3.81,3.93,7.74,2680,night,99.80486101264673,101.72890593977556,98.7410295895729,99.83640753066112,5.897767393939396,9.967560125,5.897767393939394,9.967560125,0.3674923484848485,0.501367109375,0.3674923484848484,0.501367109375,87.0047619047619,88.206640625,87.0047619047619,88.206640625,0.0,0.0,252.0,256.0,3.0,3.0,252.0,256.0,3.0,3.0,3.0,5.0
2026-07-10,63301909,823845,Miami Marlins,Cleveland Guardians,2026-07-09,0.557,0.443,4.06,3.46,7.52,4169,night,100.78923034506658,101.2516160225184,100.26977023108736,98.5204859214725,3.901704983657589,3.2315613670644403,2.7330478647887326,2.4259013968253966,0.3018324007782101,0.2797882028639618,0.2633897323943662,0.2532862301587301,92.43055705786912,89.32201946472019,93.13300589390964,90.43734177215192,0.702448836040503,1.1153223074317251,1849.0,1650.0,19.0,18.0,509.0,475.0,5.0,5.0,2.0,3.0
2026-07-10,63302191,824252,Detroit Tigers,Philadelphia Phillies,2026-07-09,0.482,0.518,4.13,4.32,8.45,2394,night,100.60213798180855,100.36807355200898,99.32248149232908,100.64407920839272,4.4770882239067085,4.419486721588091,2.447513866666669,3.908397803389833,0.3207594810495627,0.3188646947890819,0.2539971666666667,0.3020525593220339,87.76444595513256,85.89498762376238,88.92775510204082,85.83893805309734,1.1633091469082617,-0.0560495706650385,1475.0,1617.0,17.0,18.0,245.0,452.0,3.0,5.0,10.0,2.0
2026-07-10,63302249,823604,New York Mets,Boston Red Sox,2026-07-09,0.545,0.455,4.24,3.76,8.0,3289,night,100.06464764235211,99.47813141319128,99.37407477640788,100.08203721703904,3.470282772315035,3.799041102824859,3.3077637289256208,1.880252761904762,0.2876408806682577,0.2984552994350282,0.2822948595041322,0.2353372619047619,91.0163808397398,87.53228285933896,91.32268041237111,87.91189931350114,0.3062995726313176,0.3796164541621749,1692.0,1301.0,18.0,16.0,486.0,437.0,5.0,5.0,2.0,6.0
2026-07-10,63303261,823200,San Francisco Giants,Colorado Rockies,2026-07-09,0.579,0.421,5.96,5.13,11.09,2395,night,98.53770095344116,101.20603421522452,97.2203068998986,100.41321412505648,4.70736573076923,5.026681400995024,3.3083526153846163,5.0207834212765965,0.3283343990384615,0.3388382039800994,0.2823142307692308,0.3386441914893617,88.72791105909889,88.44921052631578,88.77733050847458,89.64285714285714,0.0494194493756907,1.1936466165413575,1709.0,764.0,18.0,11.0,472.0,168.0,5.0,2.0,3.0,4.0
2026-07-10,63303457,824817,Baltimore Orioles,Kansas City Royals,2026-07-09,0.562,0.438,4.95,4.3,9.25,2,night,100.33928838663924,101.26781615634124,99.518022372939,98.47154660530082,4.5046290416918415,4.674508944796381,3.950536403361344,4.781880236363637,0.3216654290030211,0.3272535837104072,0.3034386974789915,0.3307855340909091,88.54258219727346,91.7330905306972,88.76382978723404,91.64083769633508,0.2212475899605834,-0.0922528343621138,1247.0,961.0,14.0,17.0,470.0,382.0,5.0,5.0,5.0,3.0
2026-07-10,63303465,822878,Texas Rangers,Houston Astros,2026-07-09,0.501,0.499,4.12,4.11,8.23,5325,night,98.94856436509777,101.05203608972326,99.9854167512992,98.987082872367,5.01921874556213,3.472355262500001,5.1905131362318855,4.601010465882353,0.3385927218934911,0.2877090546875,0.3442274057971015,0.3248358705882352,90.09494640122512,91.88856088560884,90.14538152610442,91.69585635359115,0.0504351248793,-0.1927045320176859,657.0,542.0,18.0,6.0,253.0,362.0,6.0,4.0,7.0,3.0
2026-07-10,63303769,823927,Los Angeles Dodgers,Arizona Diamondbacks,2026-07-09,0.656,0.344,5.39,3.77,9.16,22,night,100.97949205280726,100.49240859779344,99.47632740866926,99.35185741412414,2.5339263150442486,5.135507200000002,3.360649510280374,5.740569333333333,0.2568396814159292,0.342418,0.284034523364486,0.3623213596491227,90.94262172284644,88.21935294117647,92.2109693877551,87.82896405919661,1.26834766490866,-0.3903888819798595,1335.0,1701.0,14.0,18.0,392.0,473.0,4.0,5.0,3.0,9.0
2026-07-10,63303817,823685,Minnesota Twins,Los Angeles Angels,2026-07-09,0.577,0.423,4.73,3.92,8.65,3312,night,101.93895650648192,101.17178135354304,100.44506405885004,99.38427563105176,4.645100038709679,6.868232695081965,5.490080253968254,9.26803506666667,0.326286185483871,0.3994155491803278,0.3540815873015873,0.4783564166666667,89.51259500542889,89.98076923076923,89.70155555555554,91.0936170212766,0.1889605501266515,1.1128477905073595,921.0,499.0,10.0,6.0,450.0,47.0,5.0,1.0,3.0,4.0
2026-07-10,63303861,824493,Cincinnati Reds,Chicago Cubs,2026-07-09,0.474,0.526,4.46,4.73,9.19,2602,night,101.70389428151216,101.71512227499063,97.12556632723847,98.76549555392783,8.635024000000001,3.776427397101451,8.635024000000001,2.727077811320754,0.4575336842105263,0.2977114275362319,0.4575336842105263,0.2631933490566037,94.90449438202248,86.84112499999999,94.90449438202248,86.68688524590165,0.0,-0.1542397540983415,89.0,1600.0,1.0,18.0,89.0,427.0,1.0,5.0,4.0,0.0
2026-07-11,63299227,823356,Pittsburgh Pirates,Milwaukee Brewers,2026-07-10,0.478,0.522,3.9,4.14,8.04,31,day,102.22717175556456,96.08215196963631,99.0503934063682,98.5580781079057,4.438269340050375,3.5677256545454523,4.136129493333335,4.227042443636364,0.3194825440806044,0.2908462386363635,0.3095437333333333,0.3125342909090909,94.59908794788274,90.06623762376238,94.34759615384615,89.79651162790698,-0.2514917940365819,-0.2697259958553957,1541.0,1010.0,18.0,18.0,416.0,430.0,5.0,5.0,3.0,2.0
2026-07-11,63299343,824492,Cincinnati Reds,Chicago Cubs,2026-07-10,0.475,0.525,4.38,4.65,9.03,2602,night,98.20449987255502,100.53471013335243,98.5080812956142,100.388807790933,6.074173270967744,4.818044381981984,5.387785151401871,4.867918399999999,0.3732951733870968,0.3319751441441442,0.3507166168224299,0.3336157368421052,89.70327056491577,89.68437146092866,89.7511013215859,90.0885496183206,0.0478307566701374,0.4041781573919536,1009.0,884.0,11.0,14.0,454.0,394.0,5.0,5.0,3.0,5.0
2026-07-11,63301975,824813,Baltimore Orioles,Kansas City Royals,2026-07-10,0.56,0.44,4.8,4.17,8.97,2,night,96.13160240422266,97.86144672469617,99.3801111992961,98.84308143852624,4.035431044549767,5.058981692071611,3.1528355121951224,7.006517552136753,0.3062312843601897,0.3399007135549872,0.2771985365853658,0.4039643931623932,90.4142261904762,86.81793059125965,91.44234800838576,87.05699797160243,1.0281218179095646,0.2390673803427745,1681.0,1558.0,18.0,17.0,477.0,495.0,5.0,5.0,6.0,1.0
2026-07-11,63302127,824249,Detroit Tigers,Philadelphia Phillies,2026-07-10,0.485,0.515,4.15,4.3,8.45,2394,night,102.18379468607743,100.79257735531849,99.89052446417462,99.11666467253892,2.962040417142857,3.197584861538461,3.719964800000001,4.611129560330578,0.2709223821428571,0.2786705546558704,0.2958541052631579,0.32516873553719,90.07043314500942,90.26655555555556,90.67753424657536,90.53947368421052,0.6071011015659309,0.2729181286549647,1062.0,1800.0,13.0,19.0,365.0,456.0,4.0,5.0,2.0,4.0
2026-07-11,63302567,822953,Tampa Bay Rays,Seattle Mariners,2026-07-10,0.534,0.466,4.04,3.68,7.72,12,day,101.45766016447531,100.69791145768671,99.77928659821902,100.35445948825192,5.24871540763359,3.7208307207637255,5.125138713725491,1.6445008653061235,0.3461419541984733,0.2958825894988067,0.342076931372549,0.2275822653061224,91.70131313131311,89.22382928275044,90.9236559139785,92.19947643979056,-0.7776572173346352,2.975647157040129,998.0,1687.0,24.0,18.0,372.0,382.0,5.0,4.0,6.0,1.0
2026-07-11,63302619,823682,Minnesota Twins,Los Angeles Angels,2026-07-10,0.558,0.442,4.88,4.27,9.15,3312,day,99.12397024039736,101.15784785691297,100.98609385893144,100.14835799223594,3.061019660377359,4.852113990839694,2.7816055862068967,3.951336723809525,0.2741782783018868,0.333095854961832,0.2649870258620689,0.3034650238095238,88.75107246376812,87.45570599613153,89.73562753036437,87.8414985590778,0.9845550665962436,0.3857925629462784,1727.0,517.0,19.0,8.0,494.0,347.0,5.0,4.0,5.0,3.0
2026-07-11,63302643,823844,Miami Marlins,Cleveland Guardians,2026-07-10,0.56,0.44,4.02,3.4,7.42,4169,day,101.82045632645846,100.40058938901234,98.62647938901236,100.38621144115028,4.323116423529412,4.937059125233645,0.2398508413793103,5.231484614285715,0.3156946191950464,0.3358901028037383,0.1813766724137931,0.3455751517857143,92.43896103896104,87.90307785153892,92.2678861788618,88.56331775700934,-0.1710748600992389,0.6602399054704193,1310.0,1657.0,15.0,19.0,246.0,428.0,3.0,5.0,1.0,4.0
2026-07-11,63303307,823926,Los Angeles Dodgers,Arizona Diamondbacks,2026-07-10,0.636,0.364,5.23,3.79,9.02,22,night,101.15833454460802,100.67400190741816,100.76321705143944,99.9498733235488,3.3674372422110586,4.612436509090911,2.791450823529411,0.9354280000000008,0.2842578040201006,0.3252117272727273,0.2653108823529411,0.2042575,91.02043701799484,88.82875816993464,91.4085,89.93623188405797,0.3880629820051524,1.10747371412333,1557.0,765.0,16.0,15.0,401.0,138.0,4.0,2.0,2.0,9.0
2026-07-11,63303763,823603,New York Mets,Boston Red Sox,2026-07-10,0.53,0.47,3.94,3.62,7.56,3289,day,103.72933163164667,,99.10474259040828,,3.881887747747749,,3.450856859259259,,0.301180518018018,,0.2870018703703703,,89.16268739589117,,88.60995670995672,,-0.5527306859344492,,1802.0,,19.0,,462.0,,5.0,,0.0,4.0
2026-07-12,63300981,823925,Los Angeles Dodgers,Arizona Diamondbacks,2026-07-11,0.636,0.364,5.02,3.59,8.61,22,day,102.57984453576292,94.41346274610314,99.45806469567692,96.9214874333103,4.08189287804878,3.21828676923077,4.152462020000001,3.21828676923077,0.3077596341463414,0.2793515384615385,0.3100809875,0.2793515384615385,88.8934065934066,87.56666666666668,89.53314121037464,87.56666666666668,0.6397346169680418,0.0,1367.0,54.0,16.0,1.0,347.0,54.0,4.0,1.0,3.0,5.0
2026-07-12,63301077,824814,Baltimore Orioles,Kansas City Royals,2026-07-11,0.562,0.438,4.73,4.08,8.81,2,day,100.16788305778783,99.67108336679264,99.53969076734488,100.52953338862328,4.692031733916851,5.524587900702576,4.2827926625,5.585904640000001,0.3278299912472648,0.3552167072599531,0.3143681796874999,0.3572337052631579,90.63813073394496,85.72124223602485,90.53346613545816,86.1686440677966,-0.104664598486778,0.4474018317717565,1752.0,1611.0,18.0,18.0,502.0,354.0,5.0,4.0,8.0,2.0
2026-07-12,63301213,823681,Minnesota Twins,Los Angeles Angels,2026-07-11,0.551,0.449,4.81,4.28,9.09,3312,day,102.75652114041814,101.4111941985658,99.00148088316614,99.70475293810875,3.908255267661691,4.4446515185520346,2.0133308907563023,4.389792276923077,0.3020478706467661,0.3196924841628958,0.2397148319327731,0.3178879038461538,92.71415552855407,92.6089075630252,93.64171779141104,91.80184331797236,0.9275622628569806,-0.8070642450528567,1646.0,1789.0,17.0,19.0,489.0,434.0,5.0,5.0,4.0,2.0
2026-07-12,63301945,822876,Texas Rangers,Houston Astros,2026-07-11,0.528,0.472,4.36,4.07,8.43,5325,day,98.18170077247412,98.32382169638429,98.36035905719464,97.79700943461545,4.135950685846868,6.716065930158731,3.1340703089430906,5.751786133333334,0.3095378515081206,0.3944100634920635,0.2765812601626016,0.3626903333333333,90.16255072463768,87.78816326530611,90.30985324947588,89.09710144927536,0.14730252483821,1.3089381839692464,1726.0,245.0,19.0,5.0,477.0,69.0,5.0,2.0,6.0,5.0
2026-07-12,63302047,823602,New York Mets,Boston Red Sox,2026-07-11,0.51,0.49,4.04,3.94,7.98,3289,day,91.18967913299186,99.48671243126986,97.75724391499334,98.60469450241652,5.530561714285714,3.0515643527950305,3.73865495652174,4.436704864864866,0.3554132142857142,0.2738672484472049,0.2964689130434783,0.3194310810810811,87.44113924050633,93.01956882255392,87.58589743589744,92.69764150943396,0.1447581953911054,-0.3219273131199429,158.0,1206.0,2.0,14.0,78.0,424.0,1.0,5.0,2.0,3.0
2026-07-12,63302057,824491,Cincinnati Reds,Chicago Cubs,2026-07-11,0.474,0.526,4.37,4.64,9.01,2602,day,98.14251601285552,100.9742814792392,98.49207144347342,99.28195108174884,4.928263247058823,4.720150914285714,4.730403256637167,5.036126023529412,0.3356007647058823,0.3287549642857142,0.3290922123893804,0.3391488823529411,87.46937607326846,86.13614814814815,87.35085836909872,86.03632653061226,-0.1185177041697471,-0.0998216175358948,1758.0,675.0,19.0,8.0,477.0,245.0,5.0,3.0,4.0,8.0
2026-07-12,63302295,822708,Washington Nationals,New York Yankees,2026-07-11,0.457,0.543,4.11,4.57,8.68,3309,day,102.5771097157965,100.46752867041002,99.31580192616909,100.0960551089847,4.309196326650366,4.423131944827586,3.1960429855670096,6.471273846153848,0.3152367212713936,0.3189846034482758,0.2786198350515463,0.3863576923076923,91.50087664370696,90.5306523115896,92.47530562347188,90.24861111111112,0.9744289797649373,-0.2820412004784884,1599.0,1580.0,19.0,18.0,409.0,433.0,5.0,5.0,3.0,4.0
2026-07-12,63303105,823199,San Francisco Giants,Colorado Rockies,2026-07-11,0.574,0.426,5.01,4.24,9.25,2395,day,93.8791456140792,100.35969669708612,99.79379623846611,99.70491312861134,4.195723340458014,5.539813904328014,4.552909931313134,4.745199087603307,0.3115040572519083,0.3557175626423688,0.3232536161616162,0.3295789173553719,90.0973921765296,88.6025564803805,89.80877192982456,88.84989154013016,-0.2886202467050367,0.247335059749659,997.0,1682.0,12.0,20.0,399.0,461.0,5.0,5.0,3.0,1.0
2026-07-12,63303189,824250,Detroit Tigers,Philadelphia Phillies,2026-07-11,0.485,0.515,4.02,4.18,8.2,2394,day,99.55161149470597,101.87356317135549,99.1134857926257,100.16891165213175,3.214450612363636,2.531851402409641,2.9888187302752307,1.0849909333333336,0.279225349090909,0.2567714277108434,0.271803247706422,0.2091773333333333,92.62799625468163,90.34649963154015,92.78371040723982,89.87435897435898,0.1557141525581755,-0.4721406571811712,1069.0,1357.0,12.0,14.0,442.0,507.0,5.0,5.0,0.0,5.0
2026-07-12,63303419,822951,Tampa Bay Rays,Seattle Mariners,2026-07-11,0.533,0.467,4.45,4.11,8.56,12,day,99.0533565816098,102.82350779530998,98.8080393268682,99.92401430446392,3.2426488424489786,4.510874102617801,2.3922126757281568,4.035833130434783,0.2801529224489795,0.3218708586387434,0.2521780485436893,0.3062445108695652,85.82423312883436,89.77157964309319,85.5757142857143,90.19107692307692,-0.2485188431200669,0.4194972799837302,993.0,1514.0,32.0,17.0,420.0,326.0,5.0,4.0,2.0,7.0
2026-07-12,63303443,823358,Pittsburgh Pirates,Milwaukee Brewers,2026-07-11,0.475,0.525,4.21,4.46,8.67,31,day,102.77914699379431,97.60912754206107,100.26222445330738,98.3621782961388,2.595382109090908,3.513741028571429,3.314753764102565,3.177722240000001,0.2588612535885167,0.2890704285714285,0.2825247948717949,0.2780171789473684,92.55109953703705,87.80774550484094,92.36041666666668,87.96649076517151,-0.1906828703703666,0.1587452603305763,1728.0,723.0,19.0,8.0,480.0,379.0,5.0,4.0,14.0,5.0
2026-07-12,63303737,823842,Miami Marlins,Cleveland Guardians,2026-07-11,0.554,0.446,4.13,3.57,7.7,4169,day,101.00227115321285,93.98580770020835,99.2368162172376,97.86653884498786,4.973022663291139,4.230564428641976,6.9789957909909885,2.880627558620689,0.3370731139240506,0.3126501456790123,0.403059072072072,0.2682443275862068,88.93504633529906,85.05767131594907,88.53685503685503,84.75837004405287,-0.3981912984440328,-0.2993012718961978,1187.0,1651.0,24.0,19.0,407.0,455.0,5.0,5.0,2.0,5.0
2026-07-16,63301305,823440,Philadelphia Phillies,New York Mets,2026-07-15,0.526,0.474,4.81,4.54,9.35,2681,night,100.81114409453744,99.11993604095962,100.69316618708524,98.86222736244088,4.390256446335698,4.705412566523608,3.689073627586208,4.743349963636364,0.3179031725768321,0.3282701502145923,0.294837948275862,0.3295180909090909,85.86341176470587,90.11451451451452,85.73769401330377,89.98700787401575,-0.1257177514021066,-0.1275066404987654,1701.0,1000.0,19.0,12.0,451.0,254.0,5.0,3.0,1.0,4.0
2026-07-17,63299289,823766,Milwaukee Brewers,Miami Marlins,2026-07-16,0.583,0.417,4.79,3.91,8.7,32,night,98.2342075233576,100.80507412906306,100.04897125806258,100.34016409907451,3.004714781981982,3.860065854814816,3.306750323809524,3.109914005797102,0.2723261441441441,0.3004626925925926,0.2822615238095238,0.2757866449275362,87.81302325581395,92.35533880903492,85.21578947368421,92.60948616600793,-2.5972337821297344,0.254147356972993,430.0,1948.0,6.0,20.0,76.0,506.0,1.0,5.0,2.0,1.0
2026-07-17,63300967,824090,Kansas City Royals,San Diego Padres,2026-07-16,0.499,0.501,5.02,5.03,10.05,7,night,99.5108472301086,98.69731023944377,100.53714468808312,99.71970026871178,5.574220301345292,4.709900898405466,5.7698610666666665,3.7081308255319154,0.3568493520179372,0.3284177927107061,0.3632849035087719,0.295464829787234,85.70217775161859,88.76828422876949,86.00564334085779,89.15599999999999,0.3034655892391953,0.3877157712305035,1700.0,1731.0,19.0,19.0,443.0,350.0,5.0,4.0,7.0,6.0
2026-07-17,63300983,824332,Colorado Rockies,Cincinnati Reds,2026-07-16,0.471,0.529,4.79,5.09,9.88,19,night,100.01278212632155,95.15455128208976,99.82415815247026,99.50607119559774,2.491336914285715,5.616429990792839,2.491336914285715,4.78276832,0.2554387142857143,0.3582378286445012,0.2554387142857143,0.330814747368421,90.20748299319727,87.16546031746032,90.20748299319727,87.45051813471503,0.0,0.2850578172547102,147.0,1575.0,2.0,18.0,147.0,386.0,2.0,4.0,2.0,7.0
2026-07-17,63301771,822789,Toronto Blue Jays,Chicago White Sox,2026-07-16,0.545,0.455,4.53,4.06,8.59,14,night,96.8034507179072,96.80168741566598,100.5306527738779,97.8780251155765,3.3279331239669427,5.341571527272727,2.474530967741937,3.9679368320000017,0.282958326446281,0.3491964318181818,0.2548858870967742,0.30401108,90.5044979079498,90.02776758409786,91.31183673469388,89.20225,0.8073388267440862,-0.8255175840978524,958.0,1635.0,26.0,19.0,246.0,400.0,7.0,5.0,4.0,12.0
2026-07-17,63302499,824655,Chicago Cubs,Minnesota Twins,2026-07-16,0.6,0.4,5.42,4.38,9.8,17,night,101.73108134296062,102.79302532215974,99.68579318655,99.667723254329,5.750274284057973,4.525340944966445,5.120621563636362,4.220056000000001,0.3626406014492754,0.3223467416107383,0.3419283409090908,0.3123044736842105,89.6247625079164,83.90352622061484,89.6811209439528,83.13783783783784,0.0563584360364046,-0.7656883827770002,1579.0,1106.0,19.0,13.0,339.0,74.0,4.0,1.0,2.0,5.0
2026-07-17,63302551,823115,Seattle Mariners,San Francisco Giants,2026-07-16,0.579,0.421,4.66,3.83,8.49,680,night,102.53508839073572,98.76193798050116,100.97107418608786,100.48930479860256,1.888394867924528,3.4071021183374093,1.6342784000000004,3.1348748244897964,0.2356050943396226,0.2855625696821516,0.227246,0.2766077244897959,90.81269841269842,87.21779953917051,89.66788990825688,88.49263959390862,-1.144808504441542,1.274840054738107,823.0,1737.0,10.0,18.0,327.0,395.0,4.0,4.0,0.0,7.0
2026-07-17,63303347,824009,Los Angeles Angels,Detroit Tigers,2026-07-16,0.474,0.526,4.03,4.3,8.33,1,night,98.7287038527542,100.33982888696204,98.81921728371158,99.72056229752884,3.429290002672608,2.916636452910055,6.126517750000001,0.9281702620689654,0.286292434298441,0.2694288306878307,0.37501703125,0.2040187586206896,88.09448160535118,91.64232424677188,87.7832,92.36167146974064,-0.3112816053511835,0.7193472229687501,1796.0,697.0,19.0,8.0,375.0,347.0,4.0,4.0,1.0,2.0
2026-07-17,63303483,824901,Atlanta Braves,Texas Rangers,2026-07-16,0.587,0.413,4.7,3.79,8.49,4705,night,98.23192827071183,99.31399755322082,98.98264690462484,99.85824911019247,3.50002894328358,4.758309541666668,3.110838247619048,3.796136984615385,0.2886193731343283,0.3300101822916667,0.2758170476190476,0.2983597692307692,88.5188643533123,90.1580601092896,89.98809523809524,90.21222222222222,1.4692308847829452,0.0541621129326159,1586.0,736.0,17.0,19.0,336.0,270.0,4.0,5.0,15.0,1.0
2026-07-17,63303587,824170,Houston Astros,Baltimore Orioles,2026-07-16,0.511,0.489,4.54,4.42,8.96,2392,night,101.13060075663962,100.69812721259652,99.6526240459446,99.45426495903664,3.445831832768364,4.662254139534884,2.213754289655173,4.855965767441861,0.2868365734463277,0.3268504651162791,0.2463077068965517,0.3332225581395349,89.4586255259467,86.29739884393064,88.91485355648537,86.69941520467836,-0.5437719694613321,0.4020163607477229,1427.0,347.0,15.0,4.0,478.0,171.0,5.0,2.0,2.0,3.0
2026-07-17,63303845,823524,New York Yankees,Los Angeles Dodgers,2026-07-16,0.487,0.513,4.47,4.61,9.08,3313,night,99.63941535976048,103.03259273927108,99.96110402259173,99.05016899187736,3.561811983999999,4.824918217142858,4.589944595744681,5.443027668292686,0.2906517099999999,0.3322012571428571,0.3244718617021276,0.3525338048780488,91.8698113207547,92.0773558368495,91.935261707989,92.95578635014836,0.0654503872342786,0.8784305132988521,771.0,1422.0,9.0,16.0,363.0,337.0,4.0,4.0,1.0,2.0
2026-07-17,71409220,824766,Boston Red Sox,Tampa Bay Rays,2026-07-16,0.506,0.494,4.03,3.96,7.99,3,day,99.35640989412504,99.81111214103612,99.58347243014263,99.60944060825446,2.8634385600000005,5.413707194326242,2.0500776478632474,5.913558243137255,0.2676789,0.3515693156028369,0.2409236068376068,0.3680117843137255,88.88687022900764,91.72644003777148,89.1287104622871,91.07751322751324,0.2418402332794613,-0.6489268102582457,659.0,1067.0,8.0,25.0,411.0,378.0,5.0,5.0,5.0,3.0
2026-07-18,63301029,824738,Boston Red Sox,Tampa Bay Rays,2026-07-17,0.506,0.494,4.99,4.92,9.91,3,day,95.97655142393316,99.39586891299274,99.95304693206552,98.74889613799272,3.647256,3.5662426181818163,3.647256,3.341629298113207,0.2934623684210526,0.2907974545454544,0.2934623684210526,0.283408858490566,87.62923076923076,85.80738636363637,87.62923076923076,85.65938967136151,0.0,-0.1479966922748588,65.0,1071.0,1.0,33.0,65.0,426.0,1.0,5.0,7.0,6.0
2026-07-18,63301135,824008,Los Angeles Angels,Detroit Tigers,2026-07-17,0.474,0.526,4.0,4.28,8.28,1,night,100.65802973957643,99.65203135258297,99.24519247282628,99.00029198835534,6.706784452413794,3.162971875675676,5.850406817391304,2.8564949236363635,0.3941047517241379,0.2775319695945946,0.3659344347826087,0.2674504909090909,89.90331588132635,92.697157622739,89.41898734177215,92.86417582417582,-0.4843285395541983,0.1670182014368038,578.0,1162.0,7.0,13.0,79.0,455.0,1.0,5.0,0.0,7.0
2026-07-18,63301591,824899,Atlanta Braves,Texas Rangers,2026-07-17,0.587,0.413,4.72,3.82,8.54,4705,day,103.01577907386526,97.883574958533,101.90629960782876,98.29789041078112,2.614163771428573,4.044390604484306,2.614163771428573,3.296803459459459,0.2594790714285714,0.3065260067264574,0.2594790714285714,0.2819343243243243,90.04179104477612,90.20670391061452,90.04179104477612,90.21977272727273,0.0,0.0130688166582046,67.0,1791.0,2.0,20.0,67.0,440.0,2.0,5.0,6.0,7.0
2026-07-18,63302305,822790,Toronto Blue Jays,Chicago White Sox,2026-07-17,0.545,0.455,4.49,4.02,8.51,14,day,102.68987621373408,99.86349172799672,99.47099576808,99.62517602448403,9.222858604651163,4.541513759610708,9.222858604651163,5.560128097560975,0.4768703488372093,0.3228787420924575,0.4768703488372093,0.3563857926829268,88.27223796033994,90.0621192893401,88.27223796033994,89.8822429906542,0.0,-0.1798762986858975,353.0,1607.0,4.0,18.0,353.0,321.0,4.0,4.0,1.0,0.0
2026-07-18,63302351,823763,Milwaukee Brewers,Miami Marlins,2026-07-17,0.583,0.417,4.79,3.91,8.7,32,day,96.22074672138288,99.16816487140576,98.62767237181528,99.34840715467568,3.413153860207613,3.913426309909912,4.022015728571427,3.480355664516129,0.2857616401384083,0.3022179707207207,0.3057899910714285,0.2879722258064516,90.00933211344922,90.99177842565598,89.51264367816091,91.2953623188406,-0.4966884352883056,0.3035838931846086,1093.0,1717.0,19.0,19.0,435.0,347.0,5.0,4.0,8.0,6.0
2026-07-18,63303141,823441,Philadelphia Phillies,New York Mets,2026-07-17,0.589,0.411,5.19,4.26,9.45,2681,day,96.83007922433396,97.11104996527196,98.34316116614984,98.69352793086878,2.901975846956523,4.392874245871559,0.8971040989690726,4.440339297391305,0.2689465739130435,0.3179892844036697,0.2029968453608247,0.3195506347826087,90.75185185185184,84.81586826347305,90.97365728900256,85.35882352941177,0.2218054371506923,0.5429552659387156,1836.0,1336.0,19.0,20.0,391.0,476.0,4.0,5.0,6.0,1.0
2026-07-18,72946026,824414,Cleveland Guardians,Pittsburgh Pirates,2026-07-17,0.524,0.476,4.34,4.1,8.44,5,day,97.77515653205916,101.90718104100192,99.86343282995055,99.29344674103255,4.559481760698691,3.706039888111888,3.1553126755555554,1.760057230769231,0.3234697947598253,0.2953960489510489,0.2772800222222222,0.2313834615384615,90.71834654586635,93.76741767764298,91.73736842105262,93.83333333333331,1.0190218751862543,0.0659156556903468,1797.0,577.0,19.0,8.0,380.0,276.0,4.0,4.0,5.0,3.0
2026-07-19,63299259,824739,Boston Red Sox,Tampa Bay Rays,2026-07-18,0.506,0.494,4.04,3.98,8.02,3,day,99.08513904061208,97.71596867071426,100.13069727256374,98.42887943568256,3.726009587267904,4.142845520227919,2.5060954343434343,4.271040363636364,0.2960529469496021,0.3097646552706552,0.2559241919191919,0.3139815909090909,87.53081896551724,89.80417910447761,87.83019943019943,90.5296943231441,0.2993804646821871,0.7255152186664873,1392.0,1340.0,17.0,17.0,351.0,229.0,4.0,3.0,6.0,1.0
2026-07-19,63301313,824168,Houston Astros,Baltimore Orioles,2026-07-18,0.511,0.489,4.49,4.38,8.87,2392,day,100.3853882250897,100.01019841903896,98.7714407817884,99.55425084048557,3.8912391738562095,4.432689600000001,5.413348512359551,4.101638666666669,0.3014881307189542,0.319299,0.3515575168539326,0.3084091666666667,91.81375,88.53753753753753,91.57934782608694,89.14906666666667,-0.2344021739130539,0.6115291291291385,640.0,1332.0,7.0,15.0,368.0,375.0,4.0,4.0,2.0,5.0
2026-07-19,63301319,824007,Los Angeles Angels,Detroit Tigers,2026-07-18,0.475,0.525,3.97,4.24,8.21,1,day,100.72229699983303,101.87980247296132,99.97614224564964,99.87620891898442,5.126658555704698,3.0505837,4.0669456207792205,3.0717073469387763,0.3421269261744966,0.2738349901315789,0.307267948051948,0.2745298469387755,87.54611486486488,90.11665228645384,87.59339339339338,90.52952127659574,0.0472785285285084,0.4128689901419022,592.0,1159.0,9.0,14.0,333.0,376.0,4.0,4.0,3.0,2.0
2026-07-19,63301979,823764,Milwaukee Brewers,Miami Marlins,2026-07-18,0.581,0.419,4.61,3.77,8.38,32,day,97.19809822706216,101.868307514374,98.3437345924511,98.5854132552015,3.9530878,4.317586053868196,4.562449221505378,1.4807413904761897,0.303522625,0.3155126991404011,0.3235674086021505,0.2221954404761904,87.81613316261203,92.54644886363636,88.13304347826087,92.75565217391303,0.3169103156488404,0.2092033102766919,781.0,1409.0,9.0,16.0,345.0,345.0,4.0,4.0,3.0,1.0
2026-07-19,63302001,824653,Chicago Cubs,Minnesota Twins,2026-07-18,0.6,0.4,4.86,3.82,8.68,17,day,102.20107909432254,101.88957588804308,98.85334161149856,100.348312314893,3.876769808695653,4.766714370802919,4.135810454545455,6.194420583333333,0.3010121647597254,0.3302866569343065,0.3095332386363636,0.3772506770833333,86.73160987074031,89.5603128054741,85.8313559322034,90.2179894179894,-0.9002539385369204,0.6576766125153171,1702.0,1023.0,19.0,11.0,354.0,378.0,4.0,4.0,10.0,1.0
2026-07-19,63302615,824086,Kansas City Royals,San Diego Padres,2026-07-18,0.508,0.492,4.76,4.69,9.45,7,day,97.7467290728068,99.34336976176212,98.83439075650053,99.31767390064216,5.1036544727272775,5.720791009944749,6.674493410309278,5.333466264150943,0.3413702129186604,0.3616707569060772,0.3930425463917525,0.3489298113207547,86.7804347826087,90.3767955801105,87.05213032581455,91.76367713004484,0.2716955432058512,1.386881549934344,1658.0,724.0,18.0,9.0,401.0,223.0,4.0,3.0,2.0,19.0
2026-07-19,63302663,822786,Toronto Blue Jays,Chicago White Sox,2026-07-18,0.545,0.455,4.3,3.83,8.13,14,day,100.75624683403858,101.47241233584108,97.99179497640364,99.72688115873248,3.348780846601944,3.713834170370371,4.392395273563219,2.0452921000000006,0.2836441067961165,0.2956524398148148,0.3179735287356321,0.2407661875,89.3450282942603,89.76422716627634,89.10367231638418,90.49247311827956,-0.2413559778761254,0.7282459520032205,1237.0,1709.0,14.0,19.0,354.0,372.0,4.0,4.0,0.0,3.0
2026-07-19,63302739,823439,Philadelphia Phillies,New York Mets,2026-07-18,0.585,0.415,4.65,3.76,8.41,2681,day,99.14889290842336,100.08054559545612,99.72286207768052,99.29039869530337,3.5598008094117644,3.579028158558557,3.648096832876711,4.354040963106797,0.2905855529411764,0.2912180315315315,0.2934900273972602,0.3167118737864078,84.86666666666666,91.03761878144212,85.00199335548172,91.2146529562982,0.1353266888150557,0.1770341748560611,345.0,1790.0,5.0,19.0,301.0,390.0,4.0,4.0,1.0,6.0
2026-07-19,63302801,824330,Colorado Rockies,Cincinnati Reds,2026-07-18,0.472,0.528,4.79,5.09,9.88,19,day,99.20812202770168,101.039531412098,98.85944068054322,98.9048109547244,5.232962654681649,4.974893636363637,4.067622468085106,4.974893636363637,0.3456237715355805,0.3371346590909091,0.3072902127659574,0.3371346590909091,89.26762948207171,95.10274725274724,89.55126760563381,95.10274725274724,0.283638123562099,0.0,1004.0,182.0,13.0,2.0,355.0,182.0,4.0,2.0,6.0,9.0
2026-07-19,63303267,824897,Atlanta Braves,Texas Rangers,2026-07-18,0.587,0.413,4.61,3.7,8.31,4705,day,99.8383025850202,104.69802355373407,99.20281529586153,100.85209433250516,4.710311398400002,4.089506769631235,3.654080800000001,1.9964901010101004,0.328431296,0.3080100911062906,0.2936868684210526,0.2391608585858585,89.52743177046885,87.4404833836858,89.7483870967742,86.95702702702702,0.2209553263053436,-0.4834563566587775,1432.0,1655.0,18.0,18.0,311.0,370.0,4.0,4.0,8.0,5.0
2026-07-19,63303685,823521,New York Yankees,Los Angeles Dodgers,2026-07-18,0.487,0.513,4.45,4.58,9.03,3313,night,,,,,,,,,,,,,,,,,,,,,,,,,,,2.0,1.0
2026-07-20,63299261,824167,Houston Astros,Miami Marlins,2026-07-19,0.497,0.503,4.52,4.55,9.07,2392,night,,102.2028335645212,,100.5013525783786,,4.105566475636365,,3.5175931428571423,,0.3085383709090909,,0.2891971428571428,,88.29506769825919,,90.5518987341772,,2.256831035918026,,1035.0,,12.0,,79.0,,1.0,8.0,5.0
2026-07-20,63299309,823436,Philadelphia Phillies,Los Angeles Dodgers,2026-07-19,0.466,0.534,4.42,4.79,9.21,2681,night,100.33784752814898,102.73554773783331,99.09589595493225,99.52561583593334,3.209287926577439,4.014806670487107,4.013179814399999,4.146113360000001,0.2790555239005736,0.3055528510028653,0.3054993359999999,0.30987215,90.29001576458224,88.86050477489768,90.6587852494577,89.16473829201102,0.3687694848754574,0.3042335171133459,1903.0,1468.0,20.0,17.0,461.0,363.0,5.0,4.0,10.0,7.0
2026-07-20,63300923,824898,Atlanta Braves,San Diego Padres,2026-07-19,0.6,0.4,5.0,3.94,8.94,4705,night,100.87047591431572,100.25659422568704,99.51606567812276,98.74300039676577,3.935407948148147,5.474109552941176,7.18683705882353,5.474109552941176,0.3029410509259259,0.3535562352941176,0.4098959558823529,0.3535562352941176,88.4476812540823,87.36759259259259,88.26695278969957,87.36759259259259,-0.1807284643827245,0.0,1532.0,324.0,18.0,4.0,233.0,324.0,3.0,4.0,3.0,2.0
2026-07-20,63301085,824654,Chicago Cubs,Detroit Tigers,2026-07-19,0.57,0.43,4.49,3.76,8.25,17,night,99.38662500496258,100.76113578263546,100.18799799676697,99.302584316246,5.568455921678322,4.492647263215259,,2.7783164553846147,0.3566597342657343,0.3212712915531335,,0.2648788307692307,86.21842338352525,87.76294155427102,,88.49962686567164,,0.7366853114006204,1133.0,1561.0,13.0,18.0,,268.0,,3.0,6.0,8.0
2026-07-20,63301121,824410,Cleveland Guardians,Minnesota Twins,2026-07-19,0.567,0.433,4.46,3.77,8.23,5,night,100.23254030358038,99.3162922078808,100.31856240064812,100.96019666774735,4.804909805714284,3.2059894755555547,4.832992223655914,3.4180719183673465,0.3315430857142856,0.2789470222222222,0.3324668494623656,0.2859234183673469,87.82404340376927,88.75673446948873,87.71071428571429,89.54935732647814,-0.1133291180549775,0.7926228569894107,1751.0,1821.0,20.0,20.0,336.0,389.0,4.0,4.0,13.0,4.0
2026-07-20,63301693,824328,Colorado Rockies,Washington Nationals,2026-07-19,0.459,0.541,4.8,5.22,10.02,19,night,94.58237500846693,87.15030289541167,99.44542476106048,97.57860281634032,5.623047920199505,4.49199049099526,5.266516783505155,3.892702506666667,0.3584555236907731,0.3212496872037914,0.3467275257731959,0.3015362666666666,86.93059958649208,87.30397660818713,87.77727272727273,87.88474114441416,0.846673140780652,0.5807645362270364,1451.0,855.0,17.0,13.0,330.0,367.0,4.0,5.0,3.0,7.0
2026-07-20,63302183,822788,Toronto Blue Jays,Tampa Bay Rays,2026-07-19,0.529,0.471,4.3,4.0,8.3,14,night,99.42781742004624,98.53226577358728,98.90044699704174,101.24336730271224,2.742812266666665,4.832646700469488,1.8154676734693889,5.219745600000001,0.2637109298245613,0.3324554835680752,0.2332061734693877,0.345189,91.44097788125728,86.96025641025642,91.16567505720823,87.08353658536586,-0.2753028240490351,0.1232801751094427,1719.0,1483.0,17.0,18.0,437.0,328.0,4.0,4.0,1.0,7.0
2026-07-20,63302731,823112,Seattle Mariners,Cincinnati Reds,2026-07-19,0.544,0.456,4.14,3.67,7.81,680,night,99.23219965629514,97.7031216516404,100.91081182423837,98.3845896440612,3.989111281057269,4.896626738738739,4.899624592592593,4.608014000000001,0.3047076079295154,0.3345600900900901,0.3346587037037037,0.32506625,91.92020383693044,87.4803943044907,91.30974729241878,87.26724511930585,-0.6104565445116776,-0.2131491851848466,1669.0,1837.0,18.0,20.0,277.0,461.0,3.0,5.0,8.0,0.0
2026-07-20,63302855,822874,Texas Rangers,Chicago White Sox,2026-07-19,0.515,0.485,4.26,4.1,8.36,5325,night,100.55275352802737,99.7362413586518,100.53665184288666,100.19765793612764,3.51585447236181,4.7708224207253895,2.6059214117647054,4.946064780487808,0.2891399497487437,0.3304217901554404,0.2592079411764705,0.3361863414634147,92.96236760124611,88.15993464052288,93.22996254681648,89.50647249190939,0.2675949455703659,1.3465378513865147,1613.0,1534.0,18.0,19.0,267.0,309.0,3.0,4.0,3.0,10.0
2026-07-20,63302901,823762,Milwaukee Brewers,New York Mets,2026-07-19,0.567,0.433,4.46,3.76,8.22,32,night,100.3485318203296,103.48905462501382,99.55917514512085,99.09391101975868,1.5249492152380943,3.925346293103452,1.4523786588235297,3.949399970370372,0.2236496452380952,0.3026100754310346,0.2212624558823529,0.3034013148148148,97.50036144578314,89.15414685684098,97.91472602739724,88.86745689655173,0.4143645816141088,-0.2866899602892516,1662.0,1894.0,18.0,20.0,292.0,464.0,3.0,5.0,8.0,3.0
2026-07-20,63303061,823522,New York Yankees,Pittsburgh Pirates,2026-07-19,0.553,0.447,4.65,4.09,8.74,3313,night,99.75308914148268,99.45363175431244,98.5345294373222,100.17897004566684,4.560745107389163,3.318476167685593,5.175307473170733,4.604972747252748,0.3235113522167487,0.2826472423580787,0.3437272195121951,0.3249662087912088,89.09622758194187,92.43092298647854,88.40634441087613,91.8176,-0.6898831710657447,-0.6133229864785363,1618.0,1701.0,18.0,19.0,331.0,375.0,4.0,4.0,8.0,5.0
2026-07-20,63303101,824087,Kansas City Royals,San Francisco Giants,2026-07-19,0.516,0.484,4.91,4.74,9.65,7,night,99.11715262129272,94.05350449941088,100.5921981484014,99.79132923471604,4.280672264462815,4.031000947735193,4.000147398095239,3.1577726461538465,0.3142984297520663,0.3060855574912892,0.3050706380952381,0.2773609423076923,87.13166479190102,90.00990654205609,87.43898305084747,89.76289473684211,0.3073182589464522,-0.2470118052139724,1780.0,1070.0,19.0,13.0,413.0,380.0,4.0,5.0,4.0,3.0
2026-07-20,63303471,824736,Boston Red Sox,Baltimore Orioles,2026-07-19,0.546,0.454,4.77,4.28,9.05,3,night,98.9555356957115,100.33172158919656,98.6098441588854,99.62145658704966,2.973063458753709,4.523577666805847,3.929980723809525,3.1560981010101017,0.2712849821958457,0.322288739039666,0.3027625238095238,0.2773058585858586,93.01627358490566,90.65367965367966,92.54275,90.70074257425742,-0.4735235849056636,0.0470629205777584,1272.0,1856.0,15.0,19.0,400.0,404.0,5.0,4.0,6.0,5.0
2026-07-21,63299165,824409,Cleveland Guardians,Minnesota Twins,2026-07-20,0.568,0.432,4.56,3.85,8.41,5,night,101.01687237658798,96.44277177686992,98.39838847217428,96.02870205197524,3.261794701818183,3.8925896094117656,2.650870530612245,3.734991360000001,0.2807827204545455,0.3015325529411765,0.2606865306122449,0.2963484,89.37896253602305,92.553216374269,90.25447154471546,93.20347826086956,0.8755090086924042,0.6502618866005463,1741.0,342.0,19.0,8.0,369.0,115.0,4.0,3.0,5.0,2.0
2026-07-21,63301331,823437,Philadelphia Phillies,Los Angeles Dodgers,2026-07-20,0.468,0.532,4.6,4.93,9.53,2681,night,101.4776318074594,94.90625798308736,100.15044031049536,98.99962021062392,2.4372677785310737,4.273643504761904,1.2156323361344534,3.7199487807228913,0.2536601242937853,0.3140672205513784,0.2134747478991596,0.295853578313253,90.29401238816244,90.117212543554,89.65632411067193,91.0445945945946,-0.6376882774904971,0.9273820510405956,1453.0,1437.0,15.0,16.0,506.0,296.0,5.0,3.0,1.0,2.0
2026-07-21,63301503,823760,Milwaukee Brewers,New York Mets,2026-07-20,0.6,0.4,4.32,3.26,7.58,32,night,99.03026677883176,92.85478796032515,99.32996219832688,97.89595490206057,4.937857438616716,4.101601818181819,4.003062421621623,2.6470466382978723,0.335916363112392,0.3084079545454545,0.305166527027027,0.260560744680851,92.83368273934312,87.66833333333334,93.04903047091412,87.85249999999999,0.2153477315710006,0.1841666666666555,1461.0,240.0,18.0,3.0,363.0,160.0,4.0,2.0,0.0,4.0
2026-07-21,63302261,824085,Kansas City Royals,San Francisco Giants,2026-07-20,0.509,0.491,4.18,4.08,8.26,7,night,99.76033414742376,100.65789695754108,98.6515831565574,100.41987493616124,4.988096607346939,4.355256431137724,5.767629229268295,4.436478545454548,0.3375689673469387,0.3167518562874251,0.3632114878048781,0.3194236363636364,91.67928098391674,89.25223076923076,91.46923076923076,89.62994011976048,-0.2100502146859781,0.3777093505297131,1057.0,1302.0,18.0,15.0,338.0,335.0,4.0,4.0,3.0,2.0
2026-07-21,63302505,824895,Atlanta Braves,San Diego Padres,2026-07-20,0.598,0.402,4.86,3.84,8.7,4705,night,100.98268520228407,100.48653248519122,99.57968478695211,99.78024407823536,4.651874778294573,4.657485707772022,3.845596543209876,4.852025275949366,0.3265090387596899,0.3266936088082902,0.2999867283950617,0.3330929367088607,88.60247148288974,89.4027922077922,89.0028653295129,90.29432176656152,0.4003938466231602,0.8915295587693066,1054.0,1546.0,22.0,19.0,349.0,319.0,5.0,4.0,3.0,8.0
2026-07-21,63303679,822787,Toronto Blue Jays,Tampa Bay Rays,2026-07-20,0.506,0.494,4.05,3.98,8.03,14,night,100.57531135008146,100.23065208082424,100.247687057734,100.68752421628665,3.998657924137936,3.300807020408165,5.352181411764704,4.68752302857143,0.3050216422413794,0.2820660204081633,0.3495454411764705,0.3276816785714286,89.10010764262648,92.2666450777202,88.90564102564102,92.11406727828746,-0.1944666169854656,-0.1525777994327484,1860.0,1544.0,20.0,18.0,392.0,327.0,4.0,4.0,2.0,12.0
2026-07-22,63302691,823438,Philadelphia Phillies,Los Angeles Dodgers,2026-07-21,0.463,0.537,4.33,4.72,9.05,2681,night,100.37628893069991,98.68912006916196,100.64793348060324,98.7196169996003,4.339806834743876,5.090097247204973,3.9814531254237298,3.679577024000001,0.3162436458797327,0.3409242515527951,0.3044556949152542,0.29452556,85.79421257651643,86.54617263843647,85.13968957871397,86.9748201438849,-0.6545229978024594,0.4286475054484242,1802.0,1229.0,20.0,15.0,455.0,278.0,5.0,3.0,5.0,9.0
2026-07-22,63303751,824650,Chicago Cubs,Detroit Tigers,2026-07-21,0.572,0.428,4.41,3.65,8.06,17,night,101.3932076698467,99.4490711233307,99.77894742915348,100.38684599551776,5.507380405479454,3.520791242748091,4.873218941935484,1.9454011616438347,0.3546506712328767,0.2893023435114503,0.3337900967741935,0.2374803013698629,89.58,89.94407252440726,89.64090909090909,90.99618055555555,0.0609090909090923,1.052108031148293,1670.0,1439.0,20.0,21.0,352.0,293.0,4.0,6.0,1.0,5.0
2026-07-23,63301391,824893,Atlanta Braves,San Diego Padres,2026-07-22,0.587,0.413,4.96,4.04,9.0,4705,day,97.83280689311542,101.5804024131568,99.03854303293195,98.60223392462602,3.311459847529412,5.06436452121212,2.341144628571429,4.96363498271605,0.2824164423529411,0.3400777803030302,0.2504981785714286,0.3367643086419753,88.5836320191159,90.22707340324118,90.02623456790124,90.14250764525994,1.442602548785345,-0.0845657579812382,1675.0,1050.0,18.0,14.0,324.0,328.0,4.0,5.0,6.0,5.0
2026-07-23,63301471,822785,Toronto Blue Jays,Tampa Bay Rays,2026-07-22,0.504,0.496,4.13,4.1,8.23,14,day,101.49041238710691,99.3654898703124,99.65258239980469,98.65494657192154,7.688903407407407,3.761505340072201,7.688903407407407,3.442088049484537,0.4264112962962962,0.2972205703971118,0.4264112962962962,0.2867134226804124,88.20600461893764,85.87457475380482,88.20600461893764,86.01921182266011,0.0,0.1446370688552889,433.0,1132.0,5.0,34.0,433.0,406.0,5.0,5.0,3.0,1.0
2026-07-23,63302219,824247,Detroit Tigers,Kansas City Royals,2026-07-22,0.583,0.417,4.59,3.73,8.32,2394,night,100.76269017572308,100.38346970036656,99.45495285618895,99.95055301796224,2.9671516301886807,5.647214950819674,1.473999816091955,5.647214950819674,0.2710905141509434,0.3592504918032787,0.2219736781609195,0.3592504918032787,91.95651074589128,88.16509803921568,93.33697478991596,88.16509803921568,1.3804640440246914,0.0,791.0,255.0,9.0,3.0,357.0,255.0,4.0,3.0,4.0,3.0
2026-07-23,63303877,824406,Cleveland Guardians,Minnesota Twins,2026-07-22,0.563,0.437,4.41,3.74,8.15,5,day,98.11898285813464,102.74362350902892,99.90504945231186,99.04316212084454,4.502096576397518,4.02981436835165,3.197493440000001,2.835901632000001,0.3215821242236025,0.3060465252747253,0.2786675473684211,0.26677308,90.8288108108108,92.76035889070148,91.83387533875336,93.38326530612244,1.0050645279425652,0.6229064154209851,1881.0,1839.0,20.0,19.0,369.0,490.0,4.0,5.0,1.0,3.0
2026-07-24,63299169,822872,Texas Rangers,Seattle Mariners,2026-07-23,0.486,0.514,3.84,3.99,7.83,5325,night,97.93119095937442,102.74846176689914,98.20598775905265,100.98460413460806,4.097073471458776,2.2105019697479,3.492314768695654,2.866096128000001,0.3082589957716702,0.2462007226890756,0.2883656173913044,0.26776632,90.20303676078848,90.82274725274723,90.27291666666667,89.81306818181818,0.0698799058781816,-1.0096790709290673,1878.0,914.0,21.0,11.0,432.0,352.0,5.0,4.0,5.0,4.0
2026-07-24,63301025,824248,Detroit Tigers,Kansas City Royals,2026-07-23,0.592,0.408,4.57,3.61,8.18,2394,night,99.8543998761874,85.73475343583142,99.04953820300403,99.08652712462198,3.0054839850000006,4.444957551020408,1.504856675229357,3.9813230188679225,0.272351446875,0.3197025510204081,0.2229887064220183,0.3044514150943395,92.65921474358974,92.9739010989011,92.696875,92.74077669902913,0.0376602564102483,-0.2331243998719827,1249.0,364.0,14.0,18.0,448.0,206.0,5.0,11.0,2.0,1.0
2026-07-24,63301157,824812,Baltimore Orioles,Atlanta Braves,2026-07-23,0.477,0.523,4.31,4.55,8.86,2,night,,99.9114287943738,,99.25323630557942,,4.720842361904764,,3.339915807594936,,0.328777709273183,,0.283352493670886,,89.5493013972056,,89.71296928327645,,0.1636678860708542,,1506.0,,19.0,,294.0,,4.0,6.0,7.0
2026-07-24,63301349,823843,Miami Marlins,San Diego Padres,2026-07-23,0.544,0.456,4.64,4.17,8.81,4169,night,,99.67190286167512,,99.35587551824447,,5.831620607035173,,5.742296338028167,,0.3653164673366833,,0.3623781690140844,,90.41800766283524,,91.58794326241134,,1.1699355995760925,,784.0,,10.0,,283.0,,4.0,2.0,4.0
2026-07-24,63301741,823434,Philadelphia Phillies,New York Yankees,2026-07-23,0.536,0.464,4.24,3.86,8.1,2681,night,97.62948781377912,100.47244458938536,98.34828891682228,100.03343041974516,2.8003662866666668,4.637307819114223,0.5579868943820232,7.340013095652174,0.2656041541666666,0.3260298624708626,0.1918416741573033,0.4149346413043478,90.71178608515056,90.45655542312277,90.67931034482758,89.5533527696793,-0.0324757403229796,-0.903202653443472,1926.0,1679.0,20.0,20.0,377.0,343.0,4.0,5.0,0.0,1.0
2026-07-24,63302299,823601,New York Mets,Los Angeles Dodgers,2026-07-23,0.404,0.596,3.85,4.86,8.71,3289,night,97.11355904113871,101.31160123318438,98.70456040903254,99.14720834741208,4.47909714871795,4.725085053763442,4.90111795862069,5.341376732530121,0.3208255641025641,0.3289172715053763,0.3347078275862069,0.3491900240963855,84.85066202090592,92.20653034300793,85.43958333333333,93.04604105571848,0.5889213124274164,0.8395107127105632,1435.0,1516.0,21.0,17.0,480.0,341.0,5.0,4.0,2.0,4.0
2026-07-24,63302321,822707,Washington Nationals,Arizona Diamondbacks,2026-07-23,0.543,0.457,4.74,4.3,9.04,3309,night,94.83431220028692,100.23599692363024,98.03773146372588,99.15305136408293,4.253290192592594,5.226657193277313,4.253290192592592,6.184849909090911,0.3133977037037037,0.3454163550420168,0.3133977037037037,0.3769358522727273,83.30697674418604,88.31547169811321,83.30697674418604,88.27902298850574,0.0,-0.0364487096074697,215.0,1856.0,7.0,20.0,215.0,348.0,7.0,4.0,2.0,3.0
2026-07-24,63302569,823196,San Francisco Giants,Los Angeles Angels,2026-07-23,0.54,0.46,4.71,4.29,9.0,2395,night,100.6075736447588,100.77157566242202,100.50949431393164,99.41819983054694,4.057852148965519,6.989467037125747,5.054447857425743,7.318146808888889,0.3069688206896552,0.4034035209580838,0.3397515742574257,0.4142153555555555,88.830991217064,89.79121212121211,88.6139037433155,89.22710843373494,-0.2170874737484922,-0.5641036874771714,1594.0,665.0,17.0,8.0,374.0,166.0,4.0,2.0,7.0,6.0
2026-07-24,63302857,822952,Tampa Bay Rays,Cleveland Guardians,2026-07-23,0.55,0.45,4.13,3.6,7.73,12,night,97.14369577355905,93.5975424778734,98.39428387394128,97.97317471716738,4.305036433066664,4.0613771920177415,3.338440678787879,3.0164517946902647,0.3150998826666665,0.3070847760532151,0.2833039696969697,0.2727122300884955,89.77463209530484,84.96119073869902,89.90580912863071,84.58280542986425,0.1311770333258692,-0.3783853088347655,1427.0,1816.0,18.0,21.0,241.0,442.0,3.0,5.0,11.0,3.0
2026-07-24,63302867,824573,Chicago White Sox,Houston Astros,2026-07-23,0.536,0.464,4.47,4.09,8.56,4,night,99.55863803269656,99.84985603074126,99.6537827368921,98.83071246870648,4.521225537327192,5.170770549732623,5.796422716049383,6.478229961904765,0.3222113663594471,0.3435779786096257,0.3641586419753086,0.386586511904762,90.06971703792895,84.53670972127804,90.02522796352584,84.56840579710145,-0.044489074403117,0.0316960758234046,1692.0,1472.0,19.0,16.0,329.0,345.0,4.0,4.0,5.0,9.0
2026-07-24,63303089,824733,Boston Red Sox,Toronto Blue Jays,2026-07-23,0.572,0.428,4.3,3.54,7.84,3,night,98.26897144380273,100.7548917899551,98.43339269425118,98.1265803716519,4.484088761904763,3.371979007807809,4.484088761904763,4.236343394594596,0.3209897619047619,0.2844072042042042,0.3209897619047619,0.3128402432432433,88.13475177304964,89.44444444444444,88.13475177304964,89.44966592427618,0.0,0.0052214798317322,141.0,1332.0,2.0,15.0,141.0,449.0,2.0,5.0,6.0,4.0
2026-07-24,63303249,823759,Milwaukee Brewers,Colorado Rockies,2026-07-23,0.666,0.334,5.22,3.51,8.73,32,day,95.9139318920895,100.71903211059572,98.55925098250012,100.66051038272478,3.3193835108280245,6.715017428272248,3.537520979310343,6.179546042553192,0.2826770891719745,0.3943755732984292,0.2898526637931033,0.3767613829787234,90.01217244294168,88.30123541523679,89.813133640553,88.95,-0.1990388023886709,0.6487645847632137,1183.0,1460.0,20.0,17.0,434.0,162.0,5.0,2.0,2.0,5.0
2026-07-24,63303277,823352,Pittsburgh Pirates,Chicago Cubs,2026-07-23,0.516,0.484,4.44,4.27,8.71,31,night,101.39986984506248,100.79760487181233,99.37019236138462,99.0557761237175,3.322523259259259,4.858560678341014,1.1615702222222215,5.160503275213674,0.2827803703703703,0.3333079170506912,0.2116963888888888,0.3432402393162392,93.97849462365592,85.53286713286712,94.3822950819672,84.86962616822429,0.4038004583112951,-0.6632409646428385,651.0,858.0,9.0,10.0,305.0,428.0,4.0,5.0,2.0,3.0
2026-07-25,63299181,824811,Baltimore Orioles,Atlanta Braves,2026-07-24,0.477,0.523,4.31,4.55,8.86,2,night,100.13821073910746,101.0491215085888,99.63290208739016,99.55932595056734,4.347309976103895,3.974786118061677,4.016509386138613,6.559011310344827,0.3164904597402597,0.3042363854625551,0.3056088613861386,0.3892437931034482,88.63812193412754,88.51579601990049,89.24586666666666,88.63906976744187,0.6077447325391176,0.1232737475413756,1427.0,1609.0,16.0,19.0,375.0,215.0,4.0,3.0,3.0,2.0
2026-07-25,63300965,822704,Washington Nationals,Arizona Diamondbacks,2026-07-24,0.517,0.483,4.61,4.43,9.04,3309,day,94.0054209055303,94.46858404302644,98.69773316471397,97.65318932191632,3.991425854777069,5.385323074509804,2.912855111111112,6.126677600000001,0.3047837452229299,0.3506356274509803,0.2693044444444444,0.3750222894736842,85.76193790149892,86.86734693877551,85.74373401534528,86.60140845070423,-0.0182038861536426,-0.2659384880712849,1870.0,196.0,20.0,3.0,391.0,142.0,4.0,2.0,5.0,3.0
2026-07-25,63301055,823435,Philadelphia Phillies,New York Yankees,2026-07-24,0.534,0.466,4.23,3.87,8.1,2681,night,,100.686421918665,,98.47797421842944,,4.692039724009325,,4.552754592405063,,0.3278302540792541,,0.3232485063291139,,89.10250582750582,,88.48258258258258,,-0.6199232449232426,,1717.0,,19.0,,333.0,,4.0,1.0,3.0
2026-07-25,63301235,822869,Texas Rangers,Seattle Mariners,2026-07-24,0.485,0.515,3.95,4.12,8.07,5325,night,104.82351741550968,100.1243047839052,100.78943265261309,100.57424686212904,4.147801972557176,3.5108268357142878,2.920646638297873,3.7568834133333335,0.3099276964656965,0.2889745669642857,0.269560744680851,0.2970685333333333,87.38035714285714,92.6089605734767,86.8375350140056,92.5914089347079,-0.5428221288515402,-0.0175516387687935,1736.0,1677.0,19.0,19.0,357.0,291.0,4.0,3.0,7.0,1.0
2026-07-25,63301581,823600,New York Mets,Los Angeles Dodgers,2026-07-24,0.401,0.599,3.84,4.87,8.71,3289,night,100.4012910438788,100.9705817513774,99.26404221563388,100.74252974051863,3.430165656774192,3.201035274008812,3.02928785,2.464246171428572,0.2863212387096773,0.2787840550660793,0.2731344687499999,0.2545475714285714,91.06992561105208,91.04412265758091,91.10343915343915,91.3027918781726,0.0335135423870838,0.2586692205916705,1883.0,1766.0,20.0,18.0,379.0,399.0,4.0,4.0,3.0,4.0
2026-07-25,63301865,823355,Pittsburgh Pirates,Chicago Cubs,2026-07-24,0.517,0.483,4.56,4.39,8.95,31,night,102.50017929743323,101.73682102971463,100.06349440570126,98.8573863641304,2.6012650401727875,3.839112463066954,3.0577113460869567,3.9216523404255295,0.2590547710583153,0.2997734362850972,0.274069452173913,0.3024885638297871,92.61460732984293,86.59627984453081,92.84251101321586,85.48046875,0.2279036833729293,-1.1158110945308124,1910.0,1801.0,21.0,20.0,454.0,384.0,5.0,4.0,0.0,11.0
2026-07-25,63302111,824244,Detroit Tigers,Kansas City Royals,2026-07-24,0.591,0.409,4.68,3.72,8.4,2394,day,102.07114909295542,99.30448542034355,99.86565952412492,100.5253179602236,3.103308178056426,4.310455037475352,2.858665,4.967248918811879,0.2755693479623824,0.3152781262327418,0.2675218749999999,0.3368831881188118,90.17850770478508,87.11574172892209,90.45892351274787,87.07682926829268,0.2804158079627967,-0.0389124606294046,1233.0,1876.0,15.0,20.0,353.0,410.0,4.0,4.0,2.0,3.0
2026-07-25,63302145,824571,Chicago White Sox,Houston Astros,2026-07-24,0.537,0.463,4.59,4.19,8.78,4,night,101.872197766328,100.54360761419828,99.78345752347106,98.42104890667812,3.618677418901101,4.158898097175142,1.561099455319149,5.796273683333334,0.2925222835164835,0.3102927005649717,0.2248387978723404,0.3641537395833333,89.73781838316722,91.77363387978144,90.4742105263158,91.4848,0.7363921431485636,-0.2888338797814214,1807.0,732.0,20.0,8.0,380.0,375.0,4.0,4.0,1.0,4.0
2026-07-25,63302847,823758,Milwaukee Brewers,Colorado Rockies,2026-07-24,0.67,0.33,5.54,3.78,9.32,32,night,96.64425018866692,98.97917103197976,98.4484558394102,98.77247555270544,3.9625135779816505,5.851193280000003,5.137649018181819,6.577205885057472,0.3038326834862385,0.365960305263158,0.3424884545454545,0.3898422988505747,88.05282583621684,89.40223255813953,88.58502994011977,89.95825825825825,0.5322041039029273,0.5560257001187239,867.0,1075.0,10.0,14.0,334.0,333.0,4.0,4.0,8.0,5.0
2026-07-25,63303023,823197,San Francisco Giants,Los Angeles Angels,2026-07-24,0.54,0.46,4.69,4.27,8.96,2395,day,98.45741170094654,100.90688291788138,97.23134387702412,99.87529193169507,4.768115088937092,4.758767555029584,4.093320888888889,4.711699241025642,0.3303327331887201,0.3300252485207099,0.3081355555555555,0.3284769487179487,88.61910290237468,87.44963396778917,87.74281842818428,87.56826347305389,-0.876284474190399,0.118629505264721,1896.0,683.0,20.0,10.0,370.0,334.0,4.0,4.0,9.0,2.0
2026-07-25,63303655,822948,Tampa Bay Rays,Cleveland Guardians,2026-07-24,0.553,0.447,4.15,3.59,7.74,12,night,98.74627040675291,100.83934096397398,101.25280880570824,100.31133780057436,4.7497461297777805,4.643486303333336,4.410148690909091,3.839014268041237,0.3297284911111112,0.3262331020833334,0.3185575227272727,0.299770206185567,87.0026854219949,87.80985915492958,87.24409937888198,87.37894736842105,0.2414139568870865,-0.4309117865085312,1565.0,1846.0,19.0,21.0,322.0,342.0,4.0,4.0,3.0,0.0
2026-07-25,63303725,823841,Miami Marlins,San Diego Padres,2026-07-24,0.543,0.457,4.63,4.18,8.81,4169,day,102.15338989038172,99.71223658405854,98.60516615338705,98.86715492937552,4.188101934231806,4.97982462745098,1.3062567208791216,4.842851076923078,0.3112533530997304,0.337296862745098,0.2164558131868132,0.3327911538461539,92.66169220519654,87.14722955145119,93.11486486486488,87.2493288590604,0.4531726596683256,0.1020993076092082,1502.0,379.0,17.0,5.0,370.0,298.0,4.0,4.0,2.0,7.0
2026-07-25,63303759,824734,Boston Red Sox,Toronto Blue Jays,2026-07-24,0.549,0.451,4.17,3.67,7.84,3,day,99.53526479472993,99.28154056750672,99.97046030934868,98.90898835085837,3.7085664277915633,2.8446244301886807,2.808329599999998,2.542402400000001,0.295479158808933,0.2670600141509434,0.2658661052631578,0.2571185,87.52097100472017,91.34914788345245,87.56962750716332,90.69509345794393,0.0486565024431513,-0.6540544255085194,1483.0,1820.0,18.0,18.0,349.0,428.0,4.0,4.0,0.0,6.0
2026-07-26,63299147,824810,Baltimore Orioles,Atlanta Braves,2026-07-25,0.476,0.524,4.3,4.56,8.86,2,day,100.22800789622426,101.24316723368187,99.70812419250774,99.42887652083802,4.405764488888892,5.0080899814946624,2.95026248,5.3073005106382976,0.3184133055555556,0.3382266441281139,0.27053495,0.3480690957446808,90.68597402597402,88.71785400175901,90.79128205128204,89.11170212765957,0.1053080253080338,0.3938481259005613,1934.0,1139.0,20.0,23.0,391.0,376.0,4.0,5.0,2.0,3.0
2026-07-26,63300845,824572,Chicago White Sox,Houston Astros,2026-07-25,0.537,0.463,4.52,4.13,8.65,4,day,100.04792979822076,102.82078756922029,100.24757634122643,99.28579732452351,4.701582679301747,6.512168000000001,3.946645714285716,6.512168000000001,0.3281441670822942,0.3877028947368421,0.3033107142857143,0.3877028947368421,88.20539523212045,86.28255813953488,89.60436241610738,86.28255813953488,1.398967183986926,0.0,1598.0,86.0,20.0,1.0,298.0,86.0,4.0,1.0,12.0,3.0
2026-07-26,63301463,824730,Boston Red Sox,Toronto Blue Jays,2026-07-25,0.546,0.454,3.98,3.49,7.47,3,day,95.6626287080505,102.0487131329825,98.60508137533633,100.2768731145311,3.311317685106384,4.141451143917527,3.378140102564103,5.2426832,0.2824117659574468,0.309718787628866,0.2846098717948718,0.3459435263157894,86.06161825726142,89.12007186858315,85.22837837837838,89.10656167979002,-0.8332398788830346,-0.0135101887931341,1448.0,1950.0,17.0,21.0,148.0,383.0,2.0,4.0,6.0,1.0
2026-07-26,63301835,823755,Milwaukee Brewers,Colorado Rockies,2026-07-25,0.671,0.329,5.3,3.54,8.84,32,day,100.32161810560603,94.56836422134162,99.51582973233084,99.38087678376188,1.4532094608695645,5.668240990654205,1.0980660329411762,4.798753600000001,0.2212897848970251,0.3599421378504672,0.2096074352941176,0.3313405789473684,97.512,87.03826199740597,97.8955182072829,88.20676470588235,0.3835182072829042,1.1685027084763815,1727.0,1542.0,19.0,18.0,357.0,340.0,4.0,4.0,11.0,2.0
2026-07-26,63302021,823354,Pittsburgh Pirates,Chicago Cubs,2026-07-25,0.517,0.483,4.53,4.36,8.89,31,day,99.51321634121938,99.42042565788748,100.2127324698278,100.21896040155409,3.610318721338911,5.499447456209152,7.051027090909092,4.5126264,0.2922473263598326,0.3543897189542484,0.4054285227272727,0.3219285,92.44140845070424,86.15182724252492,91.96969696969695,85.14933333333333,-0.4717114810072615,-1.0024939091915854,1775.0,1208.0,20.0,14.0,363.0,75.0,4.0,1.0,8.0,7.0
2026-07-26,63302157,823433,Philadelphia Phillies,New York Yankees,2026-07-25,0.534,0.466,4.3,3.95,8.25,2681,night,99.5812007466184,100.47244458938536,99.11606528684996,100.03343041974516,3.3078674656934304,4.637307819114216,4.683220213861385,7.340013095652174,0.2822982718978102,0.3260298624708623,0.3275401386138613,0.4149346413043478,90.31783216783217,90.45655542312277,90.50689655172414,89.5533527696793,0.1890643838919743,-0.903202653443472,2002.0,1679.0,21.0,20.0,377.0,343.0,4.0,5.0,11.0,4.0
2026-07-26,63302221,822870,Texas Rangers,Seattle Mariners,2026-07-25,0.486,0.514,4.0,4.15,8.15,5325,day,100.9259927360988,100.40350305001704,100.4963636985421,100.3499196133037,3.5671482375296906,3.825973191489363,3.341157333333332,2.731503215686274,0.2908272446555819,0.2993412234042553,0.2833933333333333,0.2633389215686274,92.941598119859,89.35623003194888,93.06483516483516,91.512987012987,0.1232370449761788,2.1567569810381286,1710.0,1882.0,19.0,20.0,273.0,389.0,3.0,4.0,4.0,6.0
2026-07-26,63302817,823194,San Francisco Giants,Los Angeles Angels,2026-07-25,0.54,0.46,4.69,4.27,8.96,2395,day,101.17013394867196,102.84994079182556,97.20552087772894,99.69802874259084,5.604382260869565,4.523566248870639,6.550463304347828,4.011463784269663,0.3578415217391304,0.322288363449692,0.3889626086956522,0.3054428876404494,87.69534883720931,92.6286663260092,87.98850574712644,92.0634831460674,0.2931569099171298,-0.5651831799417835,172.0,1962.0,2.0,21.0,87.0,357.0,1.0,4.0,3.0,4.0
2026-07-26,63302947,823599,New York Mets,Los Angeles Dodgers,2026-07-25,0.399,0.601,3.75,4.82,8.57,3289,day,103.4165236482156,102.69515939486696,99.10030109116929,99.49169929870304,3.9462359346938793,4.006366275603217,4.152118646153847,3.232917706024097,0.3032972346938776,0.3052752064343163,0.3100696923076923,0.2798328192771084,89.15044999999999,88.82736638763683,88.8236641221374,88.88016304347826,-0.3267858778625907,0.0527966558414334,2001.0,1559.0,21.0,18.0,393.0,372.0,4.0,4.0,8.0,3.0
2026-07-26,63303103,823840,Miami Marlins,San Diego Padres,2026-07-25,0.545,0.455,4.64,4.17,8.81,4169,day,102.17973304367796,101.35233427947496,100.37205091767592,99.71358930679132,4.35446657414966,4.5256741541463406,5.626296199999999,4.282008900970872,0.3167258741496598,0.3223577024390243,0.3585623749999999,0.3143423980582523,88.354039497307,89.38932515337423,89.82955974842767,90.04324324324324,1.4755202511206704,0.6539180898690091,1115.0,1636.0,13.0,20.0,159.0,409.0,2.0,5.0,3.0,5.0
2026-07-26,63303285,824246,Detroit Tigers,Kansas City Royals,2026-07-25,0.594,0.406,4.69,3.71,8.4,2394,day,95.80415743518924,101.40438212302509,98.70825168243618,98.70228081914902,4.435301578197065,4.892018682527881,3.874417436363636,5.950748291764706,0.3193849203354297,0.3344085092936802,0.300934784090909,0.3692351411764705,88.36793321819229,91.74527972027973,88.51644736842105,91.98934911242604,0.1485141502287632,0.244069392146315,1740.0,1144.0,20.0,19.0,305.0,338.0,4.0,4.0,4.0,5.0
2026-07-26,63303493,822950,Tampa Bay Rays,Cleveland Guardians,2026-07-25,0.553,0.447,4.14,3.59,7.73,12,day,100.41402687158754,101.37261486409206,100.64434643677002,98.44700785576973,3.364263653012049,3.2406581575757576,4.359677956626506,2.9763295483870973,0.2841534096385542,0.2800874393939394,0.3168973012048192,0.2713924193548387,92.27287721441662,89.51793746571586,92.22575757575756,90.98011049723758,-0.0471196386590548,1.462173031521715,1637.0,1829.0,19.0,20.0,330.0,362.0,4.0,4.0,1.0,0.0
2026-07-26,63303577,822706,Washington Nationals,Arizona Diamondbacks,2026-07-25,0.516,0.484,4.6,4.44,9.04,3309,day,101.62382283861854,97.96358638108975,101.037352949499,96.5914670408795,5.194619079903148,5.641448609523809,6.047755466666668,5.641448609523809,0.3443624697336562,0.3590608095238095,0.3724261666666666,0.3590608095238095,88.41775032509753,86.24941176470588,88.35327102803738,86.24941176470588,-0.0644792970601457,0.0,1538.0,85.0,21.0,1.0,321.0,85.0,4.0,1.0,10.0,7.0
2026-07-27,63301395,823353,Pittsburgh Pirates,Arizona Diamondbacks,2026-07-26,0.548,0.452,4.64,4.14,8.78,31,night,100.62658527666402,99.73072782279674,99.82694090123503,100.0482881244715,5.346085767602591,6.897087430872483,6.315674183529411,6.746540000000002,0.3493449265658747,0.4003647181208054,0.3812392823529411,0.3954125,88.74,89.37773744706594,88.10614886731392,89.90816777041942,-0.6338511326860754,0.5304303233534853,1736.0,1657.0,20.0,18.0,309.0,453.0,4.0,5.0,3.0,2.0
2026-07-27,63301447,824570,Chicago White Sox,New York Yankees,2026-07-26,0.486,0.514,3.88,4.02,7.9,4,night,97.0902917872102,96.73723311880843,98.10888365321252,98.15199243106083,6.010261095582329,2.2191963356862754,6.738309923809522,-0.7258084999999994,0.3711927991967871,0.2464867215686274,0.3951417738095237,0.1496115625,90.74456852791876,88.16981519507186,90.2903903903904,91.22456140350876,-0.4541781375283733,3.05474620843691,985.0,974.0,12.0,11.0,333.0,57.0,4.0,1.0,5.0,9.0
2026-07-27,63301499,823597,New York Mets,Atlanta Braves,2026-07-26,0.458,0.542,4.35,4.79,9.14,3289,night,93.25410027605125,97.6843796513844,97.97301266600752,99.13786541911016,4.352092837209303,4.717310478612718,3.227190727272728,6.993206372881356,0.3166477906976744,0.3286615289017341,0.2796444318181818,0.4035265254237288,87.84984423676012,85.0816507000737,88.24601226993865,84.50253164556962,0.396168033178526,-0.5791190545040763,321.0,1359.0,4.0,19.0,163.0,237.0,2.0,3.0,14.0,3.0
2026-07-27,63301629,823195,San Francisco Giants,Milwaukee Brewers,2026-07-26,0.4,0.6,3.96,5.02,8.98,2395,night,99.92334444830334,99.16233276851918,100.35838849160604,99.29320510134836,4.408323957183096,4.978988008695652,3.968343786666667,5.082171569230768,0.3184974985915492,0.3372693423913043,0.3040244666666666,0.3406635384615384,89.28921639108555,92.85039215686275,89.68676056338028,93.18789473684213,0.3975441722947295,0.3375025799793576,1393.0,1560.0,16.0,19.0,356.0,382.0,4.0,4.0,3.0,0.0
2026-07-27,63302077,822868,Texas Rangers,Seattle Mariners,2026-07-26,0.484,0.516,3.97,4.15,8.12,5325,day,100.032161073305,99.67896291787002,99.08207888199824,100.86244998134605,4.742679957073172,3.8546424960000008,4.176825297777779,3.527233706666666,0.3294960512195122,0.3002842926315789,0.3108824111111111,0.2895142666666666,89.20963704630789,91.96659038901602,89.19096209912536,91.75827067669174,-0.0186749471825322,-0.2083197123242826,1601.0,1750.0,19.0,19.0,343.0,267.0,4.0,3.0,7.0,3.0
2026-07-27,63302195,823839,Miami Marlins,Philadelphia Phillies,2026-07-26,0.496,0.504,4.05,4.09,8.14,4169,night,100.81345695613672,101.23377196384205,99.26030229069274,100.1817213818387,4.897810851764705,2.384127687598945,5.9998119644444445,0.7576624166666672,0.3345990411764705,0.2519120949868074,0.3708490777777777,0.1984099479166666,88.89149102263856,90.26694695989652,88.42492492492492,89.80806045340051,-0.4665660977136383,-0.4588865064960004,1281.0,1546.0,26.0,16.0,333.0,397.0,5.0,4.0,8.0,7.0
2026-07-27,63302629,824001,Los Angeles Angels,Houston Astros,2026-07-26,0.468,0.532,4.37,4.71,9.08,1,night,98.52627588471329,98.70347597203568,99.16026553414778,98.53068055845728,3.296143749602121,5.022620526070041,3.18340347076923,7.576316142857141,0.281912623342175,0.3387046225680934,0.2782040615384615,0.4227077678571428,93.47577763070814,90.43747763864044,93.3057627118644,89.64219409282701,-0.1700149188437336,-0.7952835458134189,1515.0,1119.0,18.0,14.0,295.0,237.0,3.0,3.0,4.0,6.0
2026-07-27,63303057,824245,Detroit Tigers,Baltimore Orioles,2026-07-26,0.542,0.458,4.54,4.09,8.63,2394,night,99.53150547668018,96.05799037645586,100.43555923761116,99.39966839825418,3.403309826634385,3.966219969361703,1.7226629970149254,3.2369333565217397,0.2854378232445521,0.3039546042553191,0.2301533880597014,0.2799649130434782,89.8341914191419,90.40777479892762,90.21794871794872,90.60851063829789,0.3837572988068132,0.2007358393702674,1520.0,1866.0,22.0,20.0,278.0,376.0,6.0,4.0,5.0,8.0
2026-07-27,63303221,822705,Washington Nationals,Toronto Blue Jays,2026-07-26,0.519,0.481,4.44,4.24,8.68,3309,night,86.61042054167709,102.1502651056348,97.57284179825562,99.63691470770272,4.711094765517243,6.200909772549019,5.008905599999998,,0.3284570646551724,0.3774641372549019,0.3382534736842104,,87.2438105489774,87.81458823529411,87.72315789473684,,0.4793473457594501,,929.0,426.0,14.0,6.0,285.0,,4.0,,2.0,3.0
2026-07-28,63299213,822703,Washington Nationals,Toronto Blue Jays,2026-07-27,0.518,0.482,4.83,4.65,9.48,3309,night,102.4681002568229,101.54545121499716,99.3516445023405,99.58308809966856,4.067084577215192,6.853854303030303,1.6167429126213566,5.544746619469025,0.3072725189873418,0.3989425757575757,0.2266691747572814,0.3558798230088495,91.68168184252812,88.36165703275529,92.6785219399538,88.44346846846847,0.9968400974256896,0.0818114357131776,1869.0,519.0,22.0,6.0,433.0,444.0,5.0,5.0,8.0,6.0
2026-07-28,63299315,824243,Detroit Tigers,Baltimore Orioles,2026-07-27,0.538,0.462,4.97,4.58,9.55,2394,night,100.50592742921246,100.7187310415154,99.5078447861694,99.37455449173147,3.182137294915255,4.789400861538462,2.751215824175824,4.947986022988505,0.2781624110169491,0.331032923076923,0.2639873626373626,0.336249540229885,91.8265607264472,86.38003875968992,92.59220055710306,86.62404692082112,0.765639830655843,0.244008161131191,881.0,517.0,10.0,6.0,359.0,341.0,4.0,4.0,14.0,0.0
2026-07-28,63299363,823275,San Diego Padres,Colorado Rockies,2026-07-27,0.603,0.397,4.94,3.86,8.8,2680,night,99.12773358728536,100.62282136244067,99.6108753575408,99.78770669008134,4.720910002464067,5.68090283333333,4.130467603478261,5.855141010989011,0.3287799342915811,0.3603586458333332,0.3093574869565217,0.3660901648351648,88.70507246376812,88.70602933188484,88.90829694323143,89.21260744985673,0.2032244794633158,0.5065781179718982,1932.0,1841.0,21.0,22.0,458.0,349.0,5.0,4.0,8.0,7.0
2026-07-28,63299465,824003,Los Angeles Angels,Houston Astros,2026-07-27,0.491,0.509,4.49,4.59,9.08,1,night,98.4672080165082,101.26724628929462,98.90493673707364,99.82845756601372,3.3321080391836757,3.4929681027160515,4.866418418604649,3.198293546666667,0.2830956591836735,0.2883871086419753,0.3335663953488371,0.2786938666666667,88.10188295165395,89.28604076590489,88.0358543417367,88.64408163265306,-0.0660286099172537,-0.6419591332518308,1967.0,1620.0,21.0,17.0,357.0,490.0,4.0,5.0,2.0,3.0
2026-07-28,63301639,823838,Miami Marlins,Philadelphia Phillies,2026-07-27,0.497,0.503,4.05,4.09,8.14,4169,night,100.88062357668692,101.08080707456264,100.27742938018916,100.72334255043452,3.849003162352942,4.445570422080679,3.390736208695651,4.279390319327732,0.3000987882352941,0.3197227112526539,0.2850242173913043,0.3142562605042017,92.46180555555556,85.81078639744952,92.84043392504933,85.24022222222222,0.3786283694937538,-0.5705641752273038,2160.0,1891.0,22.0,21.0,507.0,458.0,5.0,5.0,1.0,0.0
2026-07-28,63302033,822949,Tampa Bay Rays,Texas Rangers,2026-07-27,0.6,0.4,4.84,3.78,8.62,12,night,101.3875426127684,,99.69033409987304,,5.138584345288754,,4.469967671028039,,0.3425192218844984,,0.3205252523364486,,91.60032599837,,91.04678663239072,,-0.553539365979276,,1235.0,,27.0,,389.0,,5.0,,1.0,4.0
2026-07-28,63302085,824489,Cincinnati Reds,Cleveland Guardians,2026-07-27,0.508,0.492,4.43,4.35,8.78,2602,night,,98.11184792212327,,99.866877316679,,4.217658984980237,,2.232073532203391,,0.3122256245059288,,0.246910313559322,,90.87057010785824,,91.79914163090127,,0.9285715230430468,,1978.0,,21.0,,466.0,,5.0,2.0,0.0
2026-07-28,63302645,824569,Chicago White Sox,New York Yankees,2026-07-27,0.482,0.518,3.85,4.04,7.89,4,night,96.664523824074,98.95225653496828,97.81623565732544,100.01628787313943,5.396806704587157,3.5574607290322606,5.1802032,3.387942399999999,0.351013378440367,0.2905085766129033,0.3438882631578947,0.2849323157894736,90.04051196438508,91.90106609808102,89.89813333333335,92.37795275590553,-0.1423786310517272,0.4768866578244939,1797.0,967.0,21.0,11.0,375.0,381.0,5.0,4.0,2.0,3.0
2026-07-28,63302651,823923,Los Angeles Dodgers,Seattle Mariners,2026-07-27,0.614,0.386,4.86,3.66,8.52,22,night,,101.93703782386092,,100.19682562765402,,4.554134427184467,,3.619831896103898,,0.323293895631068,,0.2925602597402598,,91.63655336911152,,91.20887372013652,,-0.427679648974987,,1677.0,,19.0,,293.0,,3.0,6.0,7.0
2026-07-28,63302757,823676,Minnesota Twins,Kansas City Royals,2026-07-27,0.568,0.432,4.79,4.07,8.86,3312,night,103.07634843296364,99.24893274550432,99.0075783262497,100.49764816156063,4.044963186666667,5.478145538461542,3.253974829268292,5.6687179586206895,0.3065448416666667,0.3536889979757086,0.280525487804878,0.3599578275862068,92.74558521560574,85.63791821561338,92.9642,85.57256637168142,0.2186147843942478,-0.065351843931964,1949.0,1884.0,20.0,21.0,501.0,452.0,5.0,5.0,3.0,2.0
2026-07-28,63303463,823350,Pittsburgh Pirates,Arizona Diamondbacks,2026-07-27,0.546,0.454,4.6,4.12,8.72,31,night,102.2017359910762,101.24868443324912,99.00546298643876,100.12162001686876,4.106007252847381,4.3100916114285726,2.7598036571428564,2.553877842201834,0.3085528701594533,0.3152661714285714,0.2642698571428571,0.2574959816513761,94.7350815850816,88.89773622047245,94.87692307692306,89.40179948586119,0.1418414918414754,0.5040632653887371,1722.0,1016.0,20.0,18.0,364.0,389.0,4.0,5.0,7.0,8.0
2026-07-28,63303491,823193,San Francisco Giants,Milwaukee Brewers,2026-07-27,0.426,0.574,4.06,4.84,8.9,2395,night,98.76947197859904,97.55231335835772,100.54739497531668,100.31092424297704,3.384751556923078,2.758009059459459,3.5108432000000005,2.484547531034483,0.2848273538461539,0.2642108243243243,0.2889751052631579,0.2552153793103448,87.16112266112266,87.79228130360207,87.84015957446809,86.89825327510917,0.6790369133454277,-0.8940280284928974,1925.0,583.0,20.0,8.0,377.0,229.0,4.0,3.0,2.0,8.0
2026-07-29,63299311,824567,Chicago White Sox,New York Yankees,2026-07-28,0.489,0.511,3.89,4.01,7.9,4,night,99.54924429655324,100.86893121605615,99.648413375905,99.76192022833165,4.442169078336979,2.846624439215689,6.178287638095237,3.68648588,0.3196108249452953,0.2671258039215687,0.376719988095238,0.294752825,90.03516295025729,95.85929598413486,89.70545454545454,95.92385892116184,-0.3297084048027443,0.0645629370269773,1780.0,2020.0,20.0,22.0,330.0,482.0,4.0,5.0,6.0,5.0
2026-07-29,63299405,824242,Detroit Tigers,Baltimore Orioles,2026-07-28,0.535,0.465,4.68,4.31,8.99,2394,day,99.92841778439497,101.58043315191814,98.87727152675444,98.92187807867468,2.77070145014409,4.229549746635732,1.0199570666666666,4.206772000000001,0.2646283371757924,0.3126167679814385,0.2070380614035087,0.3118675,92.61336818521283,89.09520426287743,92.5625550660793,89.19674796747967,-0.0508131191335508,0.1015437046022356,1340.0,1690.0,15.0,19.0,454.0,369.0,5.0,4.0,9.0,10.0
2026-07-29,63299457,823351,Pittsburgh Pirates,Arizona Diamondbacks,2026-07-28,0.549,0.451,4.62,4.1,8.72,31,day,100.95962382611108,100.0616095103283,99.55120598774936,99.15955079392889,3.083043890710382,5.107511585657371,0.2453007567567557,5.441655999999998,0.2749027595628415,0.3414970916334661,0.1815559459459459,0.3524886842105262,93.94196185286104,88.28832565284179,94.57459283387622,88.16816143497758,0.6326309810151969,-0.1201642178642146,734.0,1954.0,10.0,21.0,307.0,446.0,4.0,5.0,0.0,3.0
2026-07-29,63300927,824487,Cincinnati Reds,Cleveland Guardians,2026-07-28,0.511,0.489,4.38,4.26,8.64,2602,night,94.70645429248115,93.46692497002336,99.59655393376131,97.95828988522864,5.129852799999998,3.9883196976645463,3.3224843359999987,3.0189308743362826,0.3422319999999999,0.3046815690021232,0.2827790899999999,0.2727937787610619,87.1744920993228,84.9698622881356,87.6754617414248,84.65422535211268,0.5009696421019925,-0.3156369360229263,1772.0,1890.0,20.0,22.0,379.0,426.0,4.0,5.0,1.0,6.0
2026-07-29,63301415,823924,Los Angeles Dodgers,Seattle Mariners,2026-07-28,0.611,0.389,4.86,3.7,8.56,22,night,98.7442756970975,102.64517665629404,98.7074719535788,99.92573391214948,5.073911304956267,4.465233095145634,3.5455859840000006,3.1800936296296296,0.3403918192419825,0.3203695097087379,0.29011796,0.2780951851851851,86.53813495072025,89.85095267363245,86.8101754385965,90.51747572815532,0.2720404878762537,0.6665230545228837,1320.0,1628.0,16.0,19.0,285.0,207.0,3.0,3.0,4.0,2.0
2026-07-29,63301721,823192,San Francisco Giants,Milwaukee Brewers,2026-07-28,0.421,0.579,3.95,4.78,8.73,2395,day,101.12607592288548,96.12009892361884,100.5584586209974,98.41987465827684,4.138303071304347,3.3233868743362827,5.604702290196078,3.20120463089431,0.3096152326086956,0.2828087787610619,0.3578520490196078,0.2787896260162602,88.85044300059066,90.1123137254902,88.60892388451444,90.1018691588785,-0.2415191160762191,-0.0104445666116959,1693.0,1275.0,18.0,21.0,381.0,428.0,4.0,5.0,16.0,3.0
2026-07-29,63302353,823596,New York Mets,Atlanta Braves,2026-07-28,0.459,0.541,3.71,4.14,7.85,3289,day,97.08843848219487,,98.75890707440102,,4.571979805866667,,5.268546142148761,,0.3238809146666667,,0.3467942809917355,,85.04035549703752,,85.97907949790795,,0.9387240008704224,,1519.0,,22.0,,478.0,,5.0,,3.0,2.0
2026-07-29,63302509,822702,Washington Nationals,Toronto Blue Jays,2026-07-28,0.52,0.48,4.3,4.09,8.39,3309,day,100.5963461806517,100.80601252904172,99.72566901283582,98.27883274744666,6.138318388914556,3.318060608547011,4.466519497674418,4.344714046153847,0.375405210161663,0.2826335726495727,0.3204118255813953,0.3164050673076923,87.88924798011186,89.44954385964913,88.0030395136778,89.68787185354691,0.1137915335659442,0.2383279938977835,1609.0,1425.0,21.0,16.0,329.0,437.0,4.0,5.0,2.0,5.0
2026-07-29,63302583,823273,San Diego Padres,Colorado Rockies,2026-07-28,0.607,0.393,4.96,3.84,8.8,2680,day,,100.3734777699716,,99.87288896591528,,1.793688103896105,,1.793688103896105,,0.2324897402597402,,0.2324897402597402,,89.95457413249211,,89.95457413249211,,0.0,,317.0,,4.0,,317.0,,4.0,3.0,1.0
2026-07-29,63303073,823837,Miami Marlins,Philadelphia Phillies,2026-07-28,0.492,0.508,4.03,4.11,8.14,4169,day,102.62321513700232,97.26048232233616,100.03143466240812,98.33226572028715,4.487429732450332,2.714560423715414,2.9597593230769235,0.2660064344086033,0.3210996622516556,0.2627815928853754,0.2708473461538461,0.1822370537634408,88.85671378091872,90.68537666174298,89.24352331606218,90.37150259067356,0.3868095351434562,-0.3138740710694065,566.0,2031.0,12.0,21.0,193.0,386.0,5.0,4.0,8.0,6.0
2026-07-29,63303621,824002,Los Angeles Angels,Houston Astros,2026-07-28,0.494,0.506,4.51,4.57,9.08,1,night,99.564200136538,,99.5062073836298,,7.232985104347824,,7.950723716129033,,0.4114139836956521,,0.4350238064516129,,89.7327027027027,,89.23455284552846,,-0.4981498571742406,,747.0,,9.0,,248.0,,3.0,,4.0,7.0
2026-07-29,63303745,823677,Minnesota Twins,Kansas City Royals,2026-07-28,0.567,0.433,4.74,4.04,8.78,3312,night,99.19246114265589,101.4210541438046,100.98988544550606,100.0553857754549,3.527261152542374,5.166693367088609,4.847797677419353,5.166693367088609,0.2895151694915254,0.3434438607594937,0.3329538709677418,0.3434438607594937,88.75524512387982,87.72356495468279,89.38915989159891,87.72356495468279,0.6339147677190908,0.0,1899.0,331.0,21.0,4.0,369.0,331.0,4.0,4.0,0.0,4.0
2026-07-29,63303849,822947,Tampa Bay Rays,Texas Rangers,2026-07-28,0.578,0.422,4.99,4.16,9.15,12,night,101.4886427972488,98.0261600754775,99.8164036079851,98.23547990430444,4.936012490607737,4.072656209677422,5.624274502564101,3.877699667256637,0.3358556740331492,0.3074557963709678,0.3584958717948717,0.3010427522123893,89.76233382570162,90.26958945767866,90.4546052631579,90.54720930232558,0.6922714374562844,0.2776198446469209,703.0,1974.0,34.0,22.0,156.0,430.0,8.0,5.0,3.0,0.0
2026-07-30,63299173,824488,Cincinnati Reds,Pittsburgh Pirates,2026-07-29,0.47,0.53,4.57,4.88,9.45,2602,night,99.59218805025117,98.73250788235688,99.35400324551536,98.40299697341035,5.637022507917889,3.8963584267782543,5.409597054545454,4.067578530232562,0.3589152140762463,0.3016565271966531,0.3514341136363636,0.3072887674418605,89.31170694864048,90.3331189710611,89.36955128205128,90.72925531914892,0.0578443334107987,0.3961363480878361,1329.0,964.0,18.0,44.0,316.0,190.0,6.0,8.0,3.0,2.0
2026-07-30,63299403,823921,Los Angeles Dodgers,Seattle Mariners,2026-07-29,0.611,0.389,4.84,3.68,8.52,22,night,102.08235878827054,100.30991402543836,99.23006730790746,100.5526437608315,4.49296062468514,3.5609068718816057,3.459336181818183,3.93224784,0.3212815994962217,0.2906219365750528,0.2872807954545455,0.3028370999999999,92.17745341614908,92.53261729790844,92.7505649717514,92.2458549222798,0.5731115556023241,-0.2867623756286406,1610.0,1772.0,18.0,20.0,354.0,386.0,4.0,4.0,6.0,2.0
2026-07-30,63300963,823595,New York Mets,Miami Marlins,2026-07-29,0.49,0.51,4.07,4.17,8.24,3289,night,100.1353434961779,102.15065353983344,99.2228697745082,98.625242977615,3.5563316227642274,4.115522742857143,3.6219492813008136,1.740984188235294,0.2904714349593496,0.3088658796992481,0.2926299105691057,0.2307560588235294,91.04787664307382,92.78903426791275,91.00464135021096,93.44662447257384,-0.0432352928628603,0.6575902046610622,1979.0,1606.0,21.0,18.0,475.0,474.0,5.0,5.0,4.0,2.0
2026-07-30,63301443,823674,Minnesota Twins,Kansas City Royals,2026-07-29,0.568,0.432,4.63,3.92,8.55,3312,day,102.7560136444026,97.68633078870484,99.89412979300153,98.83896244593714,4.556527039999999,5.058990789743592,4.604076327868852,6.299199674796748,0.3233725999999999,0.3399010128205129,0.3249367213114754,0.3806973577235772,83.68939984411536,86.84161692892025,82.58326693227092,87.08347280334728,-1.1061329118444403,0.2418558744270313,1283.0,1845.0,15.0,20.0,251.0,478.0,3.0,5.0,4.0,3.0
2026-07-30,63302301,822946,Tampa Bay Rays,Texas Rangers,2026-07-29,0.577,0.423,4.86,4.05,8.91,12,day,97.56647031094607,100.57092485721972,98.3436479493153,99.69243053126158,4.286107589847716,5.070838109090911,3.4667625035294103,5.046628,0.3144772233502538,0.3402907272727273,0.2875250823529411,0.3394943421052631,89.7720961281709,90.61648936170212,89.86378205128206,90.57936507936508,0.0916859231111573,-0.0371242823370465,1498.0,565.0,19.0,39.0,312.0,126.0,4.0,10.0,3.0,2.0
2026-07-30,63302455,824894,Atlanta Braves,Washington Nationals,2026-07-29,0.558,0.442,4.89,4.28,9.17,4705,night,99.79887425372527,100.49285488649552,99.33415269293428,99.9700379056614,4.858311024761904,5.332468266666668,4.524030767816091,,0.3332997047619047,0.3488969824561403,0.3223036436781609,,89.59253450439147,86.9322444678609,89.95430267062314,,0.3617681662316698,,1597.0,949.0,20.0,11.0,338.0,,4.0,,5.0,4.0
2026-07-30,63302579,823271,San Diego Padres,San Francisco Giants,2026-07-29,0.559,0.441,4.62,4.0,8.62,2680,night,99.77352136684632,,98.61740664894656,,4.443084000000001,,4.181242755555557,,0.3196409210526316,,0.3110277222222222,,87.486866359447,,87.65099150141643,,0.1641251419694214,,434.0,,6.0,,353.0,,5.0,,1.0,4.0
2026-07-30,63303269,824568,Chicago White Sox,New York Yankees,2026-07-29,0.488,0.512,3.86,3.99,7.85,4,day,101.72530043069612,99.30711384906608,99.72990774521598,98.41371450337525,3.492441716910233,4.642820305518763,1.26935488,3.988893321348314,0.2883697933194155,0.3262111942604856,0.2152419368421052,0.3047004382022472,89.70251572327044,89.10551571980143,90.0826972010178,88.476,0.3801814777473709,-0.6295157198014323,1909.0,1814.0,21.0,20.0,393.0,375.0,4.0,4.0,2.0,1.0
2026-07-31,63299237,824486,Cincinnati Reds,Pittsburgh Pirates,2026-07-30,0.496,0.504,4.48,4.51,8.99,2602,night,101.17652941224392,102.4939121081252,99.27823208202312,100.02621445546166,4.829748903225807,2.675764209836065,4.829748903225807,3.312491432478633,0.3323601612903226,0.2615054016393442,0.3323601612903226,0.2824503760683761,94.20109589041095,92.5416377171216,94.20109589041095,92.6609071274298,0.0,0.1192694103082203,365.0,2015.0,4.0,22.0,365.0,463.0,4.0,5.0,8.0,7.0
2026-07-31,63299297,824164,Houston Astros,Texas Rangers,2026-07-30,0.525,0.475,4.38,4.11,8.49,2392,night,101.60363900637576,104.78601491339832,98.5091037269134,100.81230443490216,3.756746815999998,4.058619827326735,5.122537719148938,3.4321998260869573,0.2970640399999999,0.3069940732673268,0.3419913723404256,0.286388152173913,91.8985401459854,87.38024083196498,91.8146408839779,86.78314606741573,-0.083899262007506,-0.5970947645492544,822.0,1827.0,9.0,20.0,362.0,356.0,4.0,4.0,11.0,2.0
2026-07-31,63300867,823922,Los Angeles Dodgers,Boston Red Sox,2026-07-30,0.598,0.402,4.6,3.57,8.17,22,night,99.84891894016452,95.55101295958472,98.04375932181472,98.65350581810068,2.507443037125753,3.316279922250641,3.0586301199999983,3.1518666666666686,0.255968520958084,0.2825749974424553,0.2740996749999999,0.2771666666666667,96.09593984962406,86.06291390728477,95.1632768361582,85.25470085470084,-0.9326630134658558,-0.8082130525839233,668.0,1512.0,41.0,18.0,177.0,117.0,10.0,2.0,4.0,9.0
2026-07-31,63300989,824325,Colorado Rockies,Kansas City Royals,2026-07-30,0.516,0.484,4.95,4.78,9.73,19,night,100.69844476329584,99.1546295957622,100.6188028185911,100.46326863128054,6.900355855802471,4.394142115887852,7.779750297872344,5.752380048,0.4004722320987655,0.3180309906542056,0.4293996808510639,0.36270987,88.33870967741936,87.0646192893401,88.95117647058824,86.65336658354114,0.6124667931688776,-0.4112527057989581,1553.0,1972.0,18.0,21.0,170.0,401.0,2.0,4.0,3.0,1.0
2026-07-31,63301539,823111,Seattle Mariners,Minnesota Twins,2026-07-30,0.539,0.461,4.16,3.75,7.91,680,night,102.11605130112596,101.3230810247026,100.94148628255932,100.26454829471037,2.460710087356322,4.865284659119499,3.3199948198019804,5.930230755555557,0.2544312528735632,0.3335291006289309,0.282697198019802,0.3685602222222222,90.89909909909908,89.80249584026623,90.37663817663818,90.73222222222222,-0.5224609224609083,0.9297263819559872,1003.0,1202.0,12.0,13.0,351.0,360.0,4.0,4.0,3.0,5.0
2026-07-31,63301603,824809,Baltimore Orioles,Philadelphia Phillies,2026-07-30,0.497,0.503,4.28,4.31,8.59,2,night,100.05789448355412,,99.65661521709654,,4.22973675317073,,3.649739686274512,,0.312622919512195,,0.293544068627451,,88.55739644970413,,88.97632978723404,,0.4189333375299071,,1521.0,,17.0,,376.0,,4.0,,6.0,4.0
2026-07-31,63301779,823999,Los Angeles Angels,Milwaukee Brewers,2026-07-30,0.413,0.587,4.0,4.92,8.92,1,night,101.08454974440131,96.12009892361888,99.98500791985823,98.41987465827684,5.021749595767197,3.3233868743362827,5.777953907692306,3.201204630894308,0.3386759735449736,0.2828087787610619,0.3635511153846153,0.2787896260162601,87.40638297872341,90.1123137254902,87.17919254658385,90.1018691588785,-0.2271904321395652,-0.0104445666116959,752.0,1275.0,11.0,21.0,322.0,428.0,4.0,5.0,2.0,6.0
2026-07-31,63302131,823272,San Diego Padres,San Francisco Giants,2026-07-30,0.562,0.438,4.64,3.98,8.62,2680,night,98.32654034200796,99.24167879000906,100.35918574769596,97.48223228853756,2.042018638743457,5.823941970149255,1.8152403478260872,6.433254181818183,0.2406585078534031,0.3650638805970149,0.2331986956521739,0.3851070454545455,93.6274406332454,87.2908,94.02474226804124,87.2369696969697,0.397301634795852,-0.0538303030303097,759.0,250.0,44.0,3.0,194.0,165.0,12.0,2.0,7.0,0.0
2026-07-31,63302395,824651,Chicago Cubs,New York Yankees,2026-07-30,0.548,0.452,4.35,3.85,8.2,17,day,101.46981084537012,100.84174071143325,98.83182617329136,100.04916772800055,3.714697395884775,4.7281872323595495,3.444689934065935,6.65121329382716,0.2956808353909465,0.3290193168539325,0.286799010989011,0.3922767530864197,86.62249336870026,90.45057273768614,85.57681940700809,89.82180685358256,-1.0456739616921735,-0.6287658841035864,1885.0,1749.0,21.0,21.0,371.0,323.0,4.0,5.0,0.0,2.0
2026-07-31,63302705,823593,New York Mets,Miami Marlins,2026-07-30,0.514,0.486,4.63,4.47,9.1,3289,night,103.64266759301997,102.34083088674628,99.03842418235632,100.33145017762818,3.9223108549019625,4.152548485079365,4.00509661981982,4.14576144262295,0.3025102254901961,0.3100838317460317,0.3052334414414414,0.3098605737704917,89.1831342570473,88.43591253153912,89.02695473251029,89.77264957264957,-0.1561795245370092,1.336737041110453,2094.0,1190.0,22.0,14.0,486.0,234.0,5.0,3.0,2.0,5.0
2026-07-31,63303219,822945,Tampa Bay Rays,Chicago White Sox,2026-07-30,0.59,0.41,5.04,4.1,9.14,12,night,98.77653550620307,99.9825104269566,101.26046474575494,100.25229789466628,4.47199609002123,4.837489542720764,3.2047940093023253,4.961660999999999,0.3205919766454352,0.3326147875894988,0.2789076976744186,0.3366993749999999,87.01783980582523,88.21835138387485,87.27694704049844,89.93659420289855,0.259107234673209,1.7182428190237005,1649.0,1666.0,20.0,21.0,321.0,276.0,4.0,4.0,1.0,6.0
2026-07-31,63303425,824892,Atlanta Braves,Washington Nationals,2026-07-30,0.581,0.419,5.0,4.16,9.16,4705,night,100.36905784275196,94.6223687122674,99.48949222535428,98.65152504936266,4.089037717647062,4.028071238709677,6.596232507936508,3.897823314285716,0.3079946617647059,0.3059891854838709,0.3904681746031745,0.3017047142857143,88.58915592028136,85.75015182186235,89.42745901639344,85.66046511627907,0.8383030961120852,-0.0896867055832757,1707.0,1978.0,20.0,21.0,244.0,387.0,3.0,4.0,6.0,2.0
2026-07-31,63303511,824407,Cleveland Guardians,Arizona Diamondbacks,2026-07-30,0.537,0.463,4.13,3.75,7.88,5,night,100.80082129195026,93.96186588744942,100.32439060700897,97.49568247017297,4.635168350295859,5.202290867532469,4.353580734693876,5.6052917,0.3259594852071006,0.3446148311688312,0.3166967346938775,0.3578714375,87.84802867383513,86.7357638888889,87.61396648044692,86.5440170940171,-0.2340621933882118,-0.1917467948718041,1953.0,288.0,22.0,4.0,358.0,234.0,4.0,3.0,1.0,4.0
2026-08-01,63300907,824000,Los Angeles Angels,Milwaukee Brewers,2026-07-31,0.417,0.583,4.01,4.89,8.9,1,night,102.36134396048332,97.51782021940656,99.64778964820498,98.56537553997116,4.491851792475251,3.850499833333333,4.42824476235294,4.765058041379309,0.3212451247524753,0.3001480208333333,0.3191527882352941,0.330232172413793,92.62835455435848,88.07002118644068,92.258,88.70507936507936,-0.3703545543584852,0.6350581786386726,2047.0,944.0,22.0,11.0,351.0,315.0,4.0,4.0,1.0,3.0
2026-08-01,63301147,824162,Houston Astros,Texas Rangers,2026-07-31,0.517,0.483,4.23,4.06,8.29,2392,night,101.6858835205827,101.39968169843564,99.81756732724084,100.42498011811112,6.556575219512197,3.6063869255079,6.556575219512197,4.166185696969697,0.3891636585365854,0.2921179909706546,0.3891636585365854,0.3105324242424242,87.2187134502924,92.96099330357144,87.2187134502924,92.66441947565544,0.0,-0.2965738279159922,171.0,1800.0,2.0,20.0,171.0,267.0,2.0,3.0,5.0,4.0
2026-08-01,63301167,824485,Cincinnati Reds,Pittsburgh Pirates,2026-07-31,0.493,0.507,4.35,4.43,8.78,2602,night,97.4884841829942,99.6885831500643,98.23534357551468,100.2355634543238,4.864918406504065,3.526003326984126,4.209455910112361,5.694487199999999,0.3335170528455284,0.2894737936507936,0.3119557865168539,0.3608054999999999,87.37596248766042,92.38228051391864,86.69491978609626,91.87548746518108,-0.6810427015641523,-0.5067930487375634,2037.0,1868.0,22.0,21.0,374.0,359.0,4.0,4.0,1.0,4.0
2026-08-01,63301233,824649,Chicago Cubs,New York Yankees,2026-07-31,0.547,0.453,3.78,3.29,7.07,17,night,95.12357064907056,96.59107008739404,97.59494678987858,98.1455060878032,5.253614713207549,2.239155531851853,6.115701573033708,0.8730320000000003,0.3463031155660377,0.247143274074074,0.3746612359550562,0.202205,88.75868725868726,88.16682692307693,89.13706896551724,89.56016260162602,0.3783817068299839,1.393335678549093,1557.0,1040.0,21.0,12.0,349.0,123.0,4.0,2.0,5.0,2.0
2026-08-01,63301661,824326,Colorado Rockies,Kansas City Royals,2026-07-31,0.516,0.484,5.0,4.83,9.83,19,night,99.11820627963117,101.2301080841715,98.88805520915854,98.70863513334125,5.848597236363638,4.969335453793104,7.100204272727273,5.398793823255814,0.3658749090909091,0.336951824137931,0.4070461931818181,0.3510787441860465,89.45756266205704,91.79643146796433,90.1888888888889,91.87976539589442,0.7313262268318539,0.0833339279301128,1157.0,1233.0,15.0,20.0,333.0,341.0,4.0,4.0,12.0,6.0
2026-08-01,63301679,823594,New York Mets,Miami Marlins,2026-07-31,0.509,0.491,4.69,4.59,9.28,3289,day,91.29603606183312,100.8389020200978,98.02930918856003,99.23582868043177,4.693712366972479,4.84041364,4.16912023880597,5.589675874698796,0.3278852752293578,0.3327109749999999,0.3106289552238805,0.3573577590361446,87.66592039800994,88.87052321296979,87.81147540983606,88.55416666666667,0.1455550118261186,-0.3163565463031119,402.0,1357.0,5.0,27.0,244.0,312.0,3.0,5.0,2.0,6.0
2026-08-01,63302105,824405,Cleveland Guardians,Arizona Diamondbacks,2026-07-31,0.536,0.464,4.45,4.08,8.53,5,night,101.20936922168984,98.34590311394554,98.48411284041522,97.15069296664625,3.109985476171077,7.670203719999997,2.785038400000001,7.67020372,0.2757889959266801,0.4257961749999999,0.2650999473684211,0.425796175,89.65310380803338,85.8510067114094,91.2941018766756,85.8510067114094,1.6409980686422188,0.0,1923.0,149.0,21.0,2.0,373.0,149.0,4.0,2.0,8.0,12.0
2026-08-01,63302117,824890,Atlanta Braves,Washington Nationals,2026-07-31,0.584,0.416,5.05,4.17,9.22,4705,night,100.56254054528594,101.89097414190132,99.4557065418521,101.01243221844932,4.768947200000002,5.3030269995359705,4.736508597701151,6.841119856410259,0.3303601052631579,0.3479285197215779,0.3292930459770115,0.3985236794871795,88.58344208809136,88.48544659587759,88.94837758112094,88.57735191637632,0.3649354930295772,0.091905320498725,1228.0,1601.0,24.0,22.0,339.0,287.0,4.0,4.0,8.0,3.0
2026-08-01,63302391,823269,San Diego Padres,San Francisco Giants,2026-07-31,0.56,0.44,4.58,3.94,8.52,2680,night,100.21496692224332,100.908157734491,99.80521208382916,100.48431015273432,4.564401232482602,4.288152354133333,4.302788546341464,3.5869041406593407,0.3236316194895592,0.3145444853333333,0.3150259390243902,0.2914771098901099,89.47108013937283,89.37931034482759,90.28088235294118,89.92039106145252,0.8098022135683465,0.5410807166249327,1728.0,1481.0,21.0,17.0,340.0,359.0,4.0,4.0,6.0,5.0
2026-08-01,63302417,824808,Baltimore Orioles,Philadelphia Phillies,2026-07-31,0.502,0.498,4.37,4.34,8.71,2,night,100.40666288250782,99.87925793869918,99.71979640939448,99.12351339641246,4.459572907074572,3.3817565333333333,3.4778708695652165,5.907101996116505,0.3201833193116635,0.2847288333333333,0.2878904891304347,0.3677994077669902,90.64823821339952,90.33109843081311,90.52803234501349,90.51632124352332,-0.1202058683860229,0.185222812710208,2024.0,2103.0,21.0,22.0,372.0,386.0,4.0,4.0,0.0,5.0
2026-08-01,63303317,823109,Seattle Mariners,Minnesota Twins,2026-07-31,0.568,0.432,4.63,3.92,8.55,680,day,101.38511842118795,95.66470516978796,100.24864759710933,98.09079090946396,3.719227384615384,4.165046019543978,2.606467918367347,3.6786869743589743,0.2958298481781376,0.3104949348534203,0.2592259183673469,0.294496282051282,89.40725520040588,89.71270358306188,91.07093333333331,91.28451612903226,1.6636781329274442,1.5718125459703742,1975.0,1229.0,21.0,14.0,379.0,155.0,4.0,2.0,4.0,3.0
2026-08-01,63303555,822944,Tampa Bay Rays,Chicago White Sox,2026-07-31,0.567,0.433,4.8,4.1,8.9,12,day,100.10944518457325,100.68147844493656,100.60406092860865,98.38829192558396,3.0880190724373597,3.062422036363634,3.670474428915663,-0.1724113333333328,0.2750664168564921,0.274224409090909,0.2942261325301205,0.1678154166666666,92.29379350348027,94.78268876611418,92.4119496855346,95.67454545454544,0.1181561820543208,0.8918566884312753,1724.0,551.0,20.0,34.0,318.0,168.0,4.0,10.0,1.0,0.0
2026-08-01,63303681,823920,Los Angeles Dodgers,Boston Red Sox,2026-07-31,0.602,0.398,4.6,3.54,8.14,22,night,101.12638650324212,99.28810381479651,100.693571824574,98.65315660431231,3.1696200133333354,2.825137678961039,1.578296373831776,1.423716057142857,0.2777506583333334,0.2664190025974026,0.2254044859813084,0.2203196071428571,91.01778613648575,93.00848275862069,91.34592592592593,92.92835820895522,0.3281397894401578,-0.0801245496654701,1866.0,1450.0,19.0,17.0,410.0,335.0,4.0,4.0,2.0,3.0
2026-08-02,63299353,824891,Atlanta Braves,Washington Nationals,2026-08-01,0.585,0.415,5.03,4.14,9.17,4705,day,,102.31275301784052,,99.33206118155935,,4.161986007214429,,3.607865219047619,,0.3103942765531062,,0.292166619047619,,91.67557251908396,,92.29257540603248,,0.6170028869485122,,1967.0,,23.0,,431.0,,5.0,4.0,2.0
2026-08-02,63301149,824404,Cleveland Guardians,Arizona Diamondbacks,2026-08-01,0.536,0.464,4.12,3.73,7.85,5,day,98.65584633923352,99.00112879481128,99.8567705465476,100.11506674189508,4.116270396981132,6.810001361194033,2.1032867418803427,5.816186205405403,0.3088904735849056,0.3975000447761195,0.242673905982906,0.3648087567567566,90.95400390625,89.32319587628865,91.99051724137932,89.63863134657838,1.036513335129314,0.3154354702897279,2079.0,1750.0,22.0,19.0,464.0,453.0,5.0,5.0,5.0,0.0
2026-08-02,63301169,823919,Los Angeles Dodgers,Boston Red Sox,2026-08-01,0.607,0.393,4.77,3.65,8.42,22,day,102.7871091347587,97.85104651311418,99.39986229362688,99.37014262370327,3.884264572588832,3.038019149206349,2.550646701176471,3.6025195904000005,0.3012587030456852,0.2734216825396825,0.257389694117647,0.291990776,88.79640243902439,88.6983164983165,88.70970350404313,88.48753056234719,-0.086698934981257,-0.2107859359693122,1646.0,895.0,19.0,11.0,375.0,409.0,4.0,5.0,4.0,8.0
2026-08-02,63301671,824807,Baltimore Orioles,Philadelphia Phillies,2026-08-01,0.495,0.505,4.26,4.3,8.56,2,day,96.24462831888856,101.34884786802064,99.45246034144203,100.1065506172807,4.129781476923077,2.4342447027848104,4.120424874226805,0.8372135454545457,0.3093349170040486,0.2535606810126582,0.3090271340206185,0.2010267613636363,90.41149131767108,90.14764560099132,90.30625,89.2421052631579,-0.1052413176711013,-0.905540337833429,1959.0,1614.0,21.0,17.0,384.0,361.0,4.0,4.0,0.0,5.0
2026-08-02,63301795,824323,Colorado Rockies,Kansas City Royals,2026-08-01,0.52,0.48,5.02,4.81,9.83,19,day,92.27700286371233,99.15111092952564,99.3254020948972,100.44686120252275,5.676472301552106,5.447260843243244,5.762878268041234,5.433647466666667,0.3602129046563193,0.3526730540540541,0.3630552061855669,0.352225245614035,87.05076734192757,85.61057447890188,87.95614035087719,85.40443458980045,0.905373008949624,-0.2061398891014363,1629.0,1968.0,19.0,22.0,342.0,451.0,4.0,5.0,8.0,1.0
2026-08-02,63301809,823107,Seattle Mariners,Minnesota Twins,2026-08-01,0.56,0.44,4.38,3.75,8.13,680,day,99.4576905145095,102.56349086556487,100.79138072418986,99.05852887740572,4.024576724040405,3.922989903777341,5.224051643076921,3.333975232,0.3058742343434343,0.3025325626242546,0.345330646153846,0.28315708,91.9521499448732,92.7519512195122,91.95172413793104,92.97128712871287,-0.0004258069421751,0.2193359092006801,1816.0,2051.0,20.0,21.0,233.0,506.0,3.0,5.0,7.0,6.0
2026-08-02,63301987,824648,Chicago Cubs,New York Yankees,2026-08-01,0.551,0.449,3.99,3.45,7.44,17,day,101.69982789639256,98.86602413322832,99.78212742711064,99.9471467036894,5.576933767287786,3.284013194117648,5.555652571428571,2.797108033613444,0.3569386107660455,0.2815135919117647,0.3562385714285714,0.2654969747899159,89.54589189189188,91.92931533269044,89.3353591160221,92.340625,-0.2105327758697797,0.4113096673095526,1850.0,1067.0,22.0,12.0,362.0,481.0,4.0,5.0,1.0,2.0
2026-08-02,63302101,823996,Los Angeles Angels,Milwaukee Brewers,2026-08-01,0.417,0.583,3.95,4.82,8.77,1,day,98.78505119016856,99.89478516437394,99.26746184255067,99.61465649419064,3.2783055360000004,1.3421745092511017,3.1914438250000003,-0.3135449220338975,0.28132584,0.2176373193832599,0.278468546875,0.1631728644067796,93.57796504369536,97.6600663716814,94.61182795698925,98.67171314741036,1.0338629132938737,1.0116467757289485,1606.0,1810.0,19.0,20.0,279.0,251.0,3.0,3.0,3.0,0.0
2026-08-02,63302733,823270,San Diego Padres,San Francisco Giants,2026-08-01,0.558,0.442,4.57,3.96,8.53,2680,day,98.6498925151728,98.73471401129108,99.55666710290032,100.47765794828418,4.720616507240704,3.531598820338982,3.998345735593221,3.668498976344085,0.3287702798434442,0.2896578559322033,0.3050113728813559,0.2941611505376343,88.69300492610837,87.15453187250995,88.63283261802576,87.45904255319148,-0.0601723080826133,0.3045106806815312,2030.0,2009.0,22.0,21.0,466.0,377.0,5.0,4.0,5.0,4.0
2026-08-02,63302823,822943,Tampa Bay Rays,Chicago White Sox,2026-08-01,0.567,0.433,4.93,4.22,9.15,12,day,101.62892611586793,97.01071323189898,99.63008839889704,97.85299655816164,4.85266017450425,5.239387973856211,3.4197186495412857,4.266706226804125,0.333113821529745,0.3458351307189543,0.2859775871559633,0.3138390206185567,91.52651515151516,90.07338965153114,91.05255474452554,90.21278195488722,-0.4739604069896188,0.1393923033560753,1328.0,1894.0,28.0,22.0,411.0,399.0,5.0,5.0,1.0,9.0
2026-08-02,63303081,824163,Houston Astros,Texas Rangers,2026-08-01,0.519,0.481,4.32,4.13,8.45,2392,day,100.81679428884968,100.3800685115161,99.85845204007846,99.07511860347692,3.4791641920745944,4.718022322758623,2.6671444571428564,4.767979791304349,0.2879330326340327,0.3286849448275862,0.2612218571428571,0.3303282826086957,89.26805149210065,89.16275207591933,88.681875,88.74454277286137,-0.5861764921006483,-0.4182093030579636,1710.0,1689.0,18.0,20.0,480.0,339.0,5.0,4.0,7.0,3.0
2026-08-02,63303603,823592,New York Mets,Miami Marlins,2026-08-01,0.511,0.489,4.74,4.63,9.37,3289,day,,100.46612184754096,,100.29765303828984,,3.8835258383252858,,3.3125024695652177,,0.3012344025764896,,0.2824507391304348,,92.43881258307488,,92.58543307086616,,0.1466204877912673,,2257.0,,23.0,,508.0,,5.0,0.0,2.0
2026-08-02,63303653,824483,Cincinnati Reds,Pittsburgh Pirates,2026-08-01,0.495,0.505,4.43,4.48,8.91,2602,day,100.24472142787766,100.72171421593072,98.94880039872412,99.86364290069424,3.16901488539326,5.221411469958846,4.21690375,5.53789662117647,0.2777307528089888,0.3452437983539094,0.31220078125,0.355654494117647,94.50247711362412,88.73157315731574,93.6937062937063,88.43610223642173,-0.8087708199178252,-0.2954709208940045,1857.0,1819.0,20.0,21.0,286.0,313.0,3.0,4.0,10.0,2.0
2026-08-03,63299229,824324,Colorado Rockies,Tampa Bay Rays,2026-08-02,0.383,0.617,4.91,6.13,11.04,19,night,100.2329854477392,99.657644009858,99.84218423508533,98.5830026750189,5.673218447999998,3.3957221047318606,5.693242181818185,3.435829470967743,0.3601058699999999,0.2851882271293375,0.3607645454545455,0.2865075483870968,88.68490175801448,85.90070588235294,89.0593659942363,86.14066496163683,0.3744642362218258,0.2399590792838921,1934.0,1290.0,23.0,36.0,347.0,391.0,4.0,5.0,9.0,13.0
2026-08-03,63300865,823757,Milwaukee Brewers,Pittsburgh Pirates,2026-08-02,0.571,0.429,4.66,3.91,8.57,32,night,100.21198297719062,102.03531309422762,99.29462732755812,99.1434947084106,4.998761270229009,4.085135321739133,5.9608542243902445,2.9579092380952385,0.3379197786259542,0.3078662934782609,0.3695675731707317,0.2707864880952381,92.87762753534112,94.70586607636967,93.50377358490566,94.73072625698325,0.6261460495645395,0.0248601806135582,1657.0,1813.0,20.0,21.0,373.0,358.0,4.0,4.0,3.0,4.0
2026-08-03,63301673,825095,Arizona Diamondbacks,San Diego Padres,2026-08-02,0.507,0.493,4.44,4.36,8.8,15,night,101.70005009662589,98.6498925151728,100.27436476109092,99.55666710290028,4.14983349090909,4.720616507240704,2.613527837288135,4.655847040000002,0.3099945227272727,0.3287702798434442,0.2594581525423728,0.3266397052631579,88.92345568487019,88.69300492610837,89.19764150943396,88.38107416879795,0.2741858245637729,-0.3119307573104208,1117.0,2030.0,19.0,22.0,424.0,391.0,5.0,4.0,5.0,1.0
2026-08-03,63302147,822867,Texas Rangers,San Francisco Giants,2026-08-02,0.452,0.548,4.13,4.64,8.77,5325,night,100.71561784272582,101.20200178715471,99.588079687689,100.58425496169892,4.644139076923077,4.068290842236026,4.115363038383838,3.786113169230772,0.3262545748987854,0.307312198757764,0.3088606262626262,0.2980300384615385,89.91316348195329,88.81721632196758,89.54422535211268,88.42369077306734,-0.3689381298406147,-0.3935255489002429,946.0,1789.0,22.0,19.0,355.0,401.0,5.0,4.0,1.0,5.0
2026-08-03,63302355,824647,Chicago Cubs,Los Angeles Dodgers,2026-08-02,0.436,0.564,3.37,4.05,7.42,17,night,100.54059464831325,94.794675172726,99.14694061930588,98.95625950789996,4.452274744525546,4.4720986975501145,3.9541422263565886,4.608248430769231,0.3199432481751824,0.3205953518930958,0.3035573100775193,0.3250739615384615,85.28544061302682,90.13167281672816,84.15216450216451,90.59964912280702,-1.1332761108623115,0.4679763060788531,1044.0,1628.0,12.0,18.0,462.0,285.0,5.0,3.0,10.0,5.0
2026-08-03,63303271,824160,Houston Astros,Toronto Blue Jays,2026-08-02,0.497,0.503,4.75,4.79,9.54,2392,night,97.42782442281916,101.77983964906522,98.77538710459308,98.93788494367224,5.641161837623764,7.082442212765956,4.39475441509434,5.281000979591838,0.3590513762376238,0.406461914893617,0.3180511320754717,0.3472039795918367,88.16430379746836,88.32941176470588,88.87899543378995,88.44111675126905,0.7146916363215894,0.1117049865631685,395.0,561.0,8.0,7.0,219.0,394.0,5.0,5.0,1.0,3.0
2026-08-04,63299265,824731,Boston Red Sox,Chicago White Sox,2026-08-03,0.541,0.459,4.71,4.28,8.99,3,night,95.508003271512,99.3978046638926,98.58987195304852,99.66870182011569,4.548882288372095,4.465864026611225,4.548882288372093,5.309341231460676,0.3231211279069768,0.320390264033264,0.3231211279069767,0.3481362247191011,88.74700315457413,89.98021563342317,88.74700315457413,89.57906336088155,0.0,-0.4011522725416228,317.0,1886.0,4.0,21.0,317.0,363.0,4.0,4.0,14.0,2.0
2026-08-04,63299399,824084,Kansas City Royals,Minnesota Twins,2026-08-03,0.433,0.567,4.07,4.78,8.85,7,night,101.28996530445086,99.2715281176378,100.24417462518078,100.9696540257268,4.739427047619048,3.521071614457829,4.862349727272727,4.648608081632655,0.3293890476190476,0.2893115662650601,0.3334325568181818,0.3264015816326531,87.66620370370372,88.76718592964825,87.75815217391305,89.08840970350406,0.0919484702093313,0.3212237738558059,432.0,1992.0,5.0,22.0,368.0,371.0,4.0,4.0,8.0,2.0
2026-08-04,63299443,823432,Philadelphia Phillies,Washington Nationals,2026-08-03,0.658,0.342,5.37,3.73,9.1,2681,night,96.79205261480116,101.2817373839354,98.33846778956269,99.7553402892054,2.903574219887432,6.025929038410601,2.328946292783505,4.544122409411766,0.2689991519699813,0.3717081920529803,0.2500969175257732,0.3229645529411765,90.61177850774286,87.81621301775148,89.87391304347825,87.28978328173375,-0.7378654642646012,-0.5264297360177324,2131.0,1690.0,22.0,22.0,391.0,323.0,4.0,4.0,5.0,0.0
2026-08-04,63301237,824321,Colorado Rockies,Tampa Bay Rays,2026-08-03,0.431,0.569,4.91,5.64,10.55,19,night,100.70789965708346,103.64266759302,99.73734563410682,99.03842418235624,1.9662259265306123,3.9223108549019625,1.6199572045977018,4.065821716853932,0.2381653265306122,0.3025102254901961,0.226774908045977,0.3072309775280898,89.79211195928754,89.1831342570473,89.69529411764707,88.80784810126582,-0.0968178416404725,-0.375286155781481,393.0,2094.0,5.0,22.0,340.0,395.0,4.0,4.0,7.0,9.0
2026-08-04,63301705,824161,Houston Astros,Toronto Blue Jays,2026-08-03,0.527,0.473,4.42,4.13,8.55,2392,night,100.69661034756842,100.89324639419296,99.30989000818634,98.27803477648294,7.577950866666664,3.361438472340428,7.577950866666664,3.795949615384616,0.4227615416666666,0.2840604760638298,0.4227615416666666,0.2983536057692307,87.01392405063292,89.3796320630749,87.01392405063292,89.33931818181819,0.0,-0.0403138812567078,79.0,1522.0,1.0,17.0,79.0,440.0,1.0,5.0,7.0,2.0
2026-08-04,63301833,824888,Atlanta Braves,Miami Marlins,2026-08-03,0.582,0.418,5.01,4.16,9.17,4705,night,99.79604535645775,101.78988410197246,99.3360737042221,99.83243371670557,4.954148658503402,4.790939529142859,5.661941172093023,3.257433200000001,0.3364522585034014,0.3310835371428572,0.3597349069767441,0.28063925,89.5650631389056,88.76062015503875,90.14074074074074,88.87013574660634,0.5756776018351388,0.109515591567586,1666.0,645.0,21.0,13.0,324.0,221.0,4.0,5.0,4.0,2.0
2026-08-04,63302573,823756,Milwaukee Brewers,Pittsburgh Pirates,2026-08-03,0.595,0.405,4.34,3.35,7.69,32,night,98.32471693747225,100.6082121138046,100.1803245561862,99.59147051242309,2.472562537278108,2.970241352657005,1.946601073417722,0.495378731707317,0.2548211360946746,0.2711921497584541,0.2375197721518987,0.1897821951219512,87.95207100591716,93.83464858199751,87.49192546583852,94.50450160771705,-0.460145540078642,0.6698530257195188,676.0,811.0,9.0,11.0,322.0,311.0,4.0,4.0,4.0,2.0
2026-08-04,63302913,824645,Chicago Cubs,Los Angeles Dodgers,2026-08-03,0.371,0.629,3.7,5.04,8.74,17,night,99.8894558512152,99.8124296824806,100.6089127770908,98.9605982799202,4.721580908960576,2.899825987096775,3.894412821621621,2.049951905882353,0.3288020035842294,0.2688758548387097,0.301592527027027,0.2409194705882353,89.78408679927666,92.51726065688332,90.1980198019802,92.27342047930284,0.4139330027035299,-0.2438401775804806,1111.0,1432.0,18.0,16.0,308.0,459.0,5.0,5.0,5.0,1.0
2026-08-04,63303113,825054,Arizona Diamondbacks,San Diego Padres,2026-08-03,0.559,0.441,4.74,4.13,8.87,15,night,100.2047844316534,99.60527860298598,99.16295317978113,100.11935302220996,4.93829637735849,6.327849580582528,4.497779897435898,2.426699662222223,0.3359308018867924,0.3816397888349516,0.3214401282051282,0.2533124888888889,88.283527696793,90.96704545454544,88.1095652173913,91.90457516339868,-0.1739624794016947,0.9375297088532476,2059.0,1588.0,22.0,21.0,460.0,153.0,5.0,4.0,4.0,9.0
2026-08-04,63303169,824805,Baltimore Orioles,Los Angeles Angels,2026-08-03,0.587,0.413,4.95,4.04,8.99,2,night,,99.74834330621944,,99.55263765840826,,7.307872753398056,,7.946397599999999,,0.4138773932038834,,0.4348815,,89.85727923627684,,89.67994186046512,,-0.1773373758117173,,845.0,,10.0,,346.0,,4.0,3.0,1.0
2026-08-04,63303209,824403,Cleveland Guardians,New York Mets,2026-08-03,0.576,0.424,4.21,3.41,7.62,5,night,94.00854766224144,97.43423477556284,98.05136098268166,98.80229019463764,3.929089429508199,4.60139961904762,2.3051281481481487,5.537824832653062,0.3027332049180328,0.324848671679198,0.2493134259259259,0.3556521326530612,84.96605968639352,85.15149253731343,84.53127962085307,86.66124661246613,-0.4347800655404512,1.5097540751526992,1979.0,1608.0,23.0,23.0,422.0,369.0,5.0,4.0,2.0,6.0
2026-08-04,63303775,823108,Seattle Mariners,Detroit Tigers,2026-08-03,0.555,0.445,4.2,3.62,7.82,680,night,102.68459564335022,,99.97884134804868,,4.29523778206897,,2.6036033246753254,,0.3147775586206898,,0.2591316883116883,,89.88243164630599,,90.49328859060402,,0.6108569442980354,,1724.0,,20.0,,303.0,,4.0,,0.0,8.0
2026-08-04,63303871,822865,Texas Rangers,San Francisco Giants,2026-08-03,0.599,0.401,4.6,3.57,8.17,5325,night,97.89177922109997,99.10490731510303,98.33054181472431,98.7542233336862,3.940396492898277,3.68951244255319,3.7275068800000017,,0.3031051477927065,0.2948523829787233,0.2961022,,90.28950676982592,89.71373626373627,90.63764434180138,,0.3481375719754567,,2069.0,182.0,23.0,8.0,433.0,,5.0,,5.0,4.0
2026-08-05,63300955,825052,Arizona Diamondbacks,San Diego Padres,2026-08-04,0.481,0.519,4.42,4.62,9.04,15,night,93.67283170830976,101.85019220974937,97.38718081732333,99.73186951280935,5.035937383333335,3.0310846867256624,5.320629648192771,3.35875240677966,0.3391426770833334,0.2731935752212389,0.3485075542168674,0.2839721186440677,86.69162162162162,90.0731411229135,86.54208860759493,90.084375,-0.1495330140266872,0.0112338770864965,374.0,1318.0,5.0,16.0,320.0,256.0,4.0,3.0,10.0,4.0
2026-08-05,63301505,824082,Kansas City Royals,Minnesota Twins,2026-08-04,0.522,0.478,4.71,4.47,9.18,7,night,97.9367957438958,100.1281870960772,98.90340891961571,99.21565304427637,4.793584246153847,5.052986300653595,4.079535627906978,5.781678545454548,0.3311705344129554,0.3397034967320261,0.3076820930232558,0.3636736363636364,86.84257731958763,86.35125628140703,87.12924335378322,86.59766763848397,0.2866660341955906,0.246411357076937,1942.0,598.0,21.0,7.0,489.0,343.0,5.0,4.0,2.0,1.0
2026-08-05,63301735,823106,Seattle Mariners,Detroit Tigers,2026-08-04,0.571,0.429,4.26,3.52,7.78,680,night,100.27335134685264,101.74366472860795,100.5500533056341,99.28183213237122,3.598915309898991,3.409745247058822,4.402349469387757,3.889609813333335,0.2918722141414142,0.2856495147058823,0.3183009693877551,0.3014345333333333,92.54037634408604,90.18599078341016,92.42911051212936,90.81595744680853,-0.1112658319566577,0.6299666633983776,1863.0,1087.0,21.0,40.0,371.0,188.0,4.0,8.0,4.0,2.0
2026-08-05,63302215,823753,Milwaukee Brewers,Pittsburgh Pirates,2026-08-04,0.564,0.436,3.87,3.19,7.06,32,night,100.90067525847192,102.49894984464544,99.01802527678126,99.9886798226888,3.145420678005866,2.853337236078433,6.195741176470587,3.5837173743589736,0.2769546275659824,0.2673466196078432,0.3772941176470588,0.291372282051282,90.23424845573096,92.54482269503544,88.18714285714286,92.76618257261411,-2.047105598588089,0.2213598775786636,1458.0,2115.0,17.0,23.0,70.0,482.0,1.0,5.0,4.0,2.0
2026-08-05,63302307,823429,Philadelphia Phillies,Washington Nationals,2026-08-04,0.617,0.383,5.44,4.21,9.65,2681,night,100.83448820757712,100.59178704277817,99.49537921936052,99.96630052331184,5.321144847648903,5.618771341935485,5.716730086956522,8.8826264,0.3485245015673981,0.3583148467741935,0.3615371739130434,0.4656784999999999,90.27260834014716,86.90485148514851,89.15609756097561,86.47868852459015,-1.1165107791715627,-0.4261629605583579,1223.0,1010.0,15.0,12.0,82.0,61.0,1.0,1.0,4.0,10.0
2026-08-05,63302777,824889,Atlanta Braves,Miami Marlins,2026-08-04,0.538,0.462,4.5,4.09,8.59,4705,night,99.75513710819294,102.06875675588483,99.506261941684,98.60389045062928,4.131967156886227,3.924627192434987,6.128366363636364,2.637506976000002,0.3094068143712574,0.3025864208037824,0.3750778409090909,0.26024694,88.57921067259589,92.8213866039953,89.14302670623145,94.09516539440204,0.5638160336355611,1.2737787904067517,1800.0,1704.0,21.0,19.0,337.0,394.0,4.0,4.0,4.0,1.0
2026-08-05,63303799,824728,Boston Red Sox,Chicago White Sox,2026-08-04,0.546,0.454,4.36,3.88,8.24,3,night,100.2255105848776,101.5907367094518,100.00377183833989,99.67214577370603,3.954311399999999,3.519834152495012,4.493190666666668,2.057484318279569,0.3035628749999999,0.2892708602794411,0.3212891666666667,0.2411672473118279,87.4910574018127,89.69654827413707,87.33954802259888,89.7840616966581,-0.1515093792138202,0.0875134225210274,1655.0,2000.0,20.0,22.0,354.0,389.0,4.0,4.0,4.0,0.0
2026-08-06,63303629,825053,Arizona Diamondbacks,San Diego Padres,2026-08-05,0.538,0.462,4.9,4.5,9.4,15,night,97.6132543678288,100.53777768021014,98.45093624097524,99.79278294548318,7.399883145762711,4.6123085380531,7.399883145762711,4.536428253164557,0.4169040508474576,0.3252075176991151,0.4169040508474576,0.3227114556962025,86.02427983539096,89.54925041643531,86.02427983539096,90.33159509202451,0.0,0.7823446755892149,243.0,1807.0,3.0,22.0,243.0,326.0,3.0,4.0,1.0,5.0
2026-08-07,63299197,823191,San Francisco Giants,Detroit Tigers,2026-08-06,0.438,0.562,4.24,4.89,9.13,2395,night,97.43569824368342,99.6140822156888,99.78261087880756,100.32957567680246,4.791883031192662,3.577075241830065,5.037590971428569,3.298570759183675,0.3311145733944954,0.2911537908496732,0.3391970714285713,0.2819924591836735,90.27511415525116,89.79565734681736,89.13176470588235,89.83657894736842,-1.1433494493687988,0.0409216005510586,878.0,1686.0,34.0,24.0,170.0,381.0,6.0,6.0,5.0,2.0
2026-08-07,63302281,825051,Arizona Diamondbacks,Los Angeles Dodgers,2026-08-06,0.4,0.6,4.1,5.15,9.25,15,night,99.81232590390763,101.65383147698712,100.12290786297189,99.23252510999411,6.835332984615384,4.3588393349168655,5.383895466666665,2.374347319148937,0.3983333218623481,0.3168697149643705,0.3505886666666666,0.2515903723404255,89.23273615635179,92.22358823529412,88.9582056892779,92.95814606741573,-0.2745304670738875,0.7345578321216095,1847.0,1700.0,20.0,19.0,458.0,356.0,5.0,4.0,4.0,3.0
2026-08-07,63303359,823103,Seattle Mariners,Tampa Bay Rays,2026-08-06,0.501,0.499,3.44,3.42,6.86,680,night,100.5386391644518,100.21604144654836,100.28713081796693,100.60422071473413,3.717413857418112,3.111714179609542,3.7030971999999993,2.762610660240965,0.2957701926782273,0.2758458611713665,0.2952992499999999,0.2643621927710843,89.43159167876149,92.37186813186813,90.35394736842105,92.92818991097924,0.922355689659554,0.5563217791111015,2071.0,1820.0,22.0,21.0,384.0,337.0,4.0,4.0,1.0,2.0
2026-08-07,63303527,823266,San Diego Padres,Houston Astros,2026-08-06,0.535,0.465,4.24,3.87,8.11,2680,night,97.91445037730276,102.99251622021583,97.36024832285322,99.6596668711332,4.57449004094488,4.904657573770493,3.973660834782609,4.904657573770492,0.3239634881889763,0.334824262295082,0.3041993695652173,0.3348242622950819,88.59461426491994,87.36284584980237,87.94744318181819,87.36284584980237,-0.6471710831017532,0.0,2062.0,253.0,22.0,3.0,353.0,253.0,4.0,3.0,3.0,6.0
2026-08-08,63301523,823102,Seattle Mariners,Tampa Bay Rays,2026-08-07,0.503,0.497,3.84,3.82,7.66,680,night,99.15571699855973,101.27468683196736,100.77067777292685,99.72060398772383,3.988811789635319,4.534293409115283,3.9867824,2.8480000432432435,0.3046977562380039,0.3226412305630027,0.304631,0.267171054054054,91.93076519916144,91.50014265335236,92.00416666666666,91.01674757281552,0.073401467505235,-0.4833950805368232,1910.0,1410.0,21.0,29.0,241.0,412.0,3.0,5.0,2.0,3.0
2026-08-09,63302019,823268,San Diego Padres,Houston Astros,2026-08-08,0.554,0.446,4.72,4.16,8.88,2680,night,99.61807991316113,97.7510732621966,100.15237203952084,99.38431066773884,6.058752525925927,5.247364364799998,1.838593058461539,3.75497406451613,0.372787912037037,0.3460975119999999,0.2339668769230769,0.2970057258064516,91.04657451923076,88.39395833333333,92.15064377682404,89.02553191489362,1.1040692575932525,0.6315735815602892,1668.0,480.0,22.0,9.0,233.0,235.0,5.0,4.0,7.0,2.0
2026-08-10,63301611,825048,Arizona Diamondbacks,Colorado Rockies,2026-08-09,0.619,0.381,4.96,3.72,8.68,15,night,99.77665183286771,100.6219278852318,100.03243276720193,99.62203891663856,4.126731180722892,2.0992089066666675,,1.937744432941177,0.309234578313253,0.2425397666666666,,0.2372284352941176,87.80682170542636,89.27255319148937,,88.84705882352941,,-0.4254943679599563,1290.0,470.0,15.0,6.0,,323.0,,4.0,9.0,0.0
2026-08-10,63301633,823189,San Francisco Giants,Houston Astros,2026-08-09,0.437,0.563,3.93,4.6,8.53,2395,night,99.96777257452368,98.98956773185996,99.23535932522476,99.46725506402336,3.298292011594204,5.666020187234041,2.4625029090909085,5.666020187234041,0.2819832898550725,0.3598690851063829,0.2544902272727272,0.3598690851063829,89.17659574468085,87.9751592356688,88.199,87.9751592356688,-0.9775957446808548,0.0,282.0,157.0,9.0,2.0,100.0,157.0,1.0,2.0,3.0,6.0
2026-08-10,63302511,823265,San Diego Padres,Milwaukee Brewers,2026-08-09,0.471,0.529,3.78,4.08,7.86,2680,night,101.93332739322344,96.91239575040004,99.7148610981015,100.28044835117105,3.34831385263158,2.388313191666668,4.6835800493827175,1.5436147160493827,0.2836287451523546,0.2520497760416667,0.327551975308642,0.2242636419753086,90.07956989247312,88.01594202898552,90.1087087087087,88.28115501519757,0.0291388162355872,0.2652129862120489,1395.0,759.0,17.0,10.0,333.0,329.0,4.0,4.0,3.0,2.0
2026-08-10,63302689,823918,Los Angeles Dodgers,Kansas City Royals,2026-08-09,0.728,0.272,5.49,3.11,8.6,22,night,100.01612438114188,97.58699576304198,98.91203336608552,98.94617173587817,2.914530795959598,4.53691489348659,2.232894849586777,2.978684983206106,0.2693595656565657,0.3227274636015325,0.2469373305785124,0.2714699007633587,92.5788258575198,86.80645161290323,92.46160714285716,86.77000000000001,-0.1172187146626413,-0.036451612903221,1517.0,2048.0,17.0,22.0,448.0,490.0,5.0,5.0,6.0,5.0
2026-08-10,63303747,823998,Los Angeles Angels,Texas Rangers,2026-08-09,0.482,0.518,4.13,4.31,8.44,1,night,98.11318484866528,98.5167543990487,98.90884948751166,98.3521195247257,3.5563891218216312,3.944068559266054,4.288023794871793,3.2186194666666643,0.2904733263757115,0.3032259394495412,0.3145402564102563,0.2793624824561402,87.99234741784038,90.33594831564376,87.44702380952381,91.01266968325793,-0.5453236083165649,0.6767213676141637,2132.0,2168.0,23.0,24.0,336.0,442.0,4.0,5.0,1.0,4.0
2026-08-11,63299389,823917,Los Angeles Dodgers,Kansas City Royals,2026-08-10,0.691,0.309,5.13,3.18,8.31,22,night,98.105962627083,99.08982200220365,98.14325588528088,100.3846779404909,4.02260711111111,4.307951243986255,,4.4426760000000005,0.3058094444444444,0.315195764604811,,0.3196275,89.51558441558441,87.02219140083218,,86.51662337662339,,-0.5055680242087988,77.0,2165.0,1.0,23.0,,385.0,,4.0,5.0,4.0
2026-08-11,63300869,823997,Los Angeles Angels,Texas Rangers,2026-08-10,0.442,0.558,4.3,4.91,9.21,1,night,100.86049758719662,100.35921810482782,99.569606376198,100.73492860167111,5.731029776623374,3.1385464,6.829216507317074,3.1385464,0.3620075584415583,0.2767285,0.3981321219512195,0.2767285,87.3181917211329,84.10857142857144,86.9042944785276,84.10857142857144,-0.4138972426053016,0.0,918.0,70.0,13.0,1.0,326.0,70.0,4.0,1.0,3.0,2.0
2026-08-11,63301047,823186,San Francisco Giants,Houston Astros,2026-08-10,0.353,0.647,3.56,5.1,8.66,2395,night,98.47164511692978,100.16370659370106,97.00927530699364,98.84842084548748,6.488997714285715,3.633564305691057,7.178697898305085,3.209647587096775,0.3869407142857143,0.2930119837398374,0.409628220338983,0.2790673548387097,87.23654822335024,92.21383709519137,86.88108108108108,92.88944591029023,-0.3554671422691626,0.675608815098883,394.0,1019.0,5.0,11.0,222.0,379.0,3.0,4.0,4.0,1.0
2026-08-11,63301205,823673,Minnesota Twins,Baltimore Orioles,2026-08-10,0.515,0.485,4.71,4.54,9.25,3312,night,101.72255657878569,100.52872207429638,100.04496212483856,99.69973448652595,4.537286102325584,4.419618336563876,4.577282247191012,4.370873416666668,0.3227396744186047,0.3188690242290748,0.3240553370786517,0.3172655729166667,83.64491643454039,88.51751313485114,82.77818181818182,88.44750656167979,-0.8667346163585705,-0.070006573171355,1436.0,1713.0,17.0,19.0,330.0,381.0,4.0,4.0,2.0,5.0
2026-08-11,63301259,823264,San Diego Padres,Milwaukee Brewers,2026-08-10,0.415,0.585,3.52,4.41,7.93,2680,night,100.59913201951233,100.46836031633973,99.83875414955531,99.07876099304984,4.533789198297876,2.9319829557422947,3.965374285714288,-1.6169084999999992,0.3226246446808511,0.2699336498599439,0.3039267857142858,0.1202990625,89.63164624400639,90.18152031454784,90.67744807121662,89.06811594202898,1.0458018272102263,-1.1134043725188576,1883.0,1527.0,23.0,18.0,337.0,69.0,4.0,1.0,11.0,2.0
2026-08-11,63302181,824563,Chicago White Sox,Cincinnati Reds,2026-08-10,0.588,0.412,4.41,3.49,7.9,4,night,101.79878915812203,98.73120024768802,99.5859065816408,98.59553358114232,3.6679920122840697,6.074608011851855,3.445477267415731,,0.2941444740882917,0.3733094740740741,0.2868249101123595,,89.75200956937799,89.73127874885004,89.69738219895288,,-0.0546273704251092,,2091.0,1087.0,23.0,12.0,382.0,,4.0,,4.0,5.0
2026-08-11,63303059,825046,Arizona Diamondbacks,Colorado Rockies,2026-08-10,0.614,0.386,5.17,3.97,9.14,15,night,94.28818312604244,100.76627156206874,97.8549001193243,100.51259403198404,4.163946506666665,6.791477887999999,4.278839745794391,6.817056434782612,0.3104587666666666,0.39689072,0.3142381495327102,0.3977321195652175,86.7025974025974,88.26495925494763,86.58823529411765,88.27189349112426,-0.114362108479753,0.0069342361766331,466.0,1721.0,6.0,20.0,412.0,338.0,5.0,4.0,2.0,3.0
2026-08-12,63299167,823994,Los Angeles Angels,Texas Rangers,2026-08-11,0.479,0.521,4.52,4.73,9.25,1,night,102.00452908749794,100.25147507023084,97.37309451031513,99.76202459008366,7.221563384615385,4.564800788321168,4.2733328,4.111707121951217,0.4110382692307692,0.3236447627737226,0.314057,0.3087403658536584,92.25175438596492,89.83657362848894,92.25180722891564,89.07003257328991,5.2842950736931016e-05,-0.7665410551990277,228.0,1043.0,3.0,24.0,83.0,307.0,1.0,5.0,5.0,2.0
2026-08-12,63301615,823916,Los Angeles Dodgers,Kansas City Royals,2026-08-11,0.67,0.33,5.55,3.8,9.35,22,night,98.9649689088787,98.61758976140428,98.71084066216314,98.35993798818984,5.093651125388599,3.4091227025906767,5.111531575000001,3.462936615384615,0.3410411554404144,0.2856290362694301,0.341629328125,0.2873992307692307,86.68314457028647,89.83267605633803,87.2992673992674,89.49769230769232,0.6161228289809344,-0.3349837486457119,1502.0,710.0,18.0,47.0,273.0,130.0,3.0,8.0,4.0,2.0
2026-08-13,63301163,823995,Los Angeles Angels,Texas Rangers,2026-08-12,0.427,0.573,3.59,4.35,7.94,1,night,98.3520872462663,100.85806377389405,99.34967976251436,100.42203901501485,3.408845618433184,3.6591342904564335,3.788867516049384,4.338007714285714,0.2856199216589863,0.2938531016597511,0.2981206419753087,0.3161844642857143,93.69161882893223,93.04479959411464,95.50790273556233,93.40628415300546,1.816283906630062,0.3614845588908082,1746.0,1983.0,21.0,22.0,329.0,370.0,4.0,4.0,7.0,0.0
2026-08-13,63303245,823915,Los Angeles Dodgers,Milwaukee Brewers,2026-08-12,0.583,0.417,4.81,3.94,8.75,22,night,101.6690495574085,95.84606625655722,99.23346304477872,98.31349182206888,4.29617572972973,3.559603799483205,2.3274537021276576,3.9914816816326537,0.3148084121621621,0.2905790723514212,0.2500478191489361,0.304785581632653,92.2661254199328,90.15030927835052,93.00357142857143,90.57596685082872,0.7374460086386279,0.4256575724782152,1786.0,1455.0,20.0,23.0,364.0,362.0,4.0,4.0,4.0,5.0
2026-08-14,63300961,823913,Los Angeles Dodgers,Milwaukee Brewers,2026-08-13,0.633,0.367,4.48,3.09,7.57,22,night,101.11478855214276,97.00257923892843,100.65563757588986,98.6393223472764,3.1058950285714286,4.291197188732392,2.552086488888889,5.096219542857142,0.2756544417293233,0.3146446443661971,0.2574370555555555,0.3411256428571428,91.13343023255814,88.0980251346499,91.59604938271605,88.75915915915915,0.4626191501579058,0.6611340245092521,2069.0,1114.0,21.0,13.0,405.0,333.0,4.0,4.0,3.0,1.0
2026-08-14,63302073,823185,San Francisco Giants,Colorado Rockies,2026-08-13,0.558,0.442,4.48,3.88,8.36,2395,night,98.82208938804298,93.3781099854425,100.456288760114,99.30320092607556,3.587135682466281,5.317087836220474,4.256533207272727,4.170452381308411,0.2914847263969171,0.3483910472440945,0.3135043818181818,0.3106727757009345,87.08097627737226,87.08845528455285,86.56008771929825,87.66979695431472,-0.5208885580740059,0.5813416697618692,2194.0,1845.0,23.0,21.0,457.0,394.0,5.0,4.0,2.0,5.0
2026-08-14,63302243,823993,Los Angeles Angels,Kansas City Royals,2026-08-13,0.484,0.516,4.55,4.71,9.26,1,night,101.04165063292476,99.30740249869784,99.56597896168228,100.33787114430818,6.552730952380953,5.334010407054676,6.343966863551403,4.448608647933884,0.3890372023809524,0.3489477107583775,0.3821699626168224,0.3198226528925619,89.86398429833169,85.60055658627087,89.81345291479822,85.22275711159737,-0.0505313835334675,-0.3777994746734947,1026.0,2157.0,12.0,24.0,448.0,457.0,5.0,5.0,6.0,7.0
2026-08-15,63301263,823990,Los Angeles Angels,Kansas City Royals,2026-08-14,0.572,0.428,4.47,3.72,8.19,1,night,98.70752783275886,100.26316330869336,98.83019468757423,100.56407287520418,3.5290431330909104,4.923597999999999,3.972500118811883,4.873587857142858,0.2895737872727273,0.3354473026315789,0.3041611881188119,0.3338022321428571,88.03345356176736,87.42987012987014,87.7752358490566,87.0980306345733,-0.2582177127107599,-0.3318394952968333,2220.0,616.0,24.0,7.0,424.0,457.0,5.0,5.0,1.0,0.0
2026-08-16,63303001,824156,Houston Astros,Seattle Mariners,2026-08-15,0.547,0.453,4.04,3.55,7.59,2392,night,99.93733115088054,100.23018534501648,98.82422601931154,100.56738835279026,3.735735357620818,3.659338190723562,3.530631186206897,3.904046071794873,0.2963728736059479,0.2938598089053803,0.289626025862069,0.3019094102564102,92.23727436823104,92.65129711209006,92.816452991453,93.04796573875804,0.5791786232219494,0.3966686266679744,1108.0,2046.0,12.0,23.0,468.0,467.0,5.0,5.0,2.0,3.0
2026-08-17,63301243,823427,Philadelphia Phillies,Miami Marlins,2026-08-16,0.623,0.377,4.74,3.45,8.19,2681,night,100.15716175021213,102.22577468833818,98.95958523159848,100.2636161024174,3.320278732919256,4.257261905376343,3.800015854545455,4.687326268041238,0.2827065372670808,0.3135283521505376,0.2984873636363636,0.327675206185567,90.38426119715362,88.41404011461319,90.75329218106997,88.75386740331493,0.3690309839163319,0.3398272887017413,2389.0,1397.0,25.0,17.0,486.0,362.0,5.0,5.0,6.0,5.0
2026-08-17,63301899,823343,Pittsburgh Pirates,Detroit Tigers,2026-08-16,0.547,0.453,4.46,3.96,8.42,31,night,101.50477999058003,97.43102814176224,100.04363693805048,98.67070718972836,5.237707003703702,4.531348045128204,6.343268800000001,5.276116732203391,0.345779835648148,0.3225443435897435,0.382147,0.347043313559322,89.75132743362832,88.10460742830277,89.97368421052632,87.0662037037037,0.2223567768979961,-1.038403724599064,1696.0,2130.0,27.0,24.0,324.0,432.0,7.0,5.0,5.0,8.0
2026-08-17,63302053,823589,New York Mets,San Diego Padres,2026-08-16,0.597,0.403,4.82,3.79,8.61,3289,night,100.28924161410728,100.61596240442442,99.13024564257547,99.79923253052286,3.684790419893426,4.490299076923077,4.079399193277309,3.8927616740740745,0.2946970532859679,0.3211940485829959,0.3076776050420167,0.3015382129629629,91.06108156028368,89.70653164556961,91.1509635974304,90.78183908045976,0.0898820371467223,1.0753074348901492,2257.0,1982.0,24.0,24.0,467.0,436.0,5.0,5.0,2.0,1.0
2026-08-17,63302235,824725,Boston Red Sox,Arizona Diamondbacks,2026-08-16,0.564,0.436,4.53,3.86,8.39,3,night,96.0475097880363,94.79847871454324,97.74358313680564,97.68720851451724,2.448026060606058,3.8834797503546112,0.1839161142857133,3.276178095575221,0.254014015151515,0.3012328865248227,0.1795367142857142,0.2812558584070796,92.8744680851064,86.66703703703703,92.87131147540984,86.51565420560748,-0.0031566096965605,-0.151382831429558,235.0,544.0,9.0,7.0,122.0,432.0,4.0,5.0,11.0,1.0
2026-08-17,63302751,824320,Colorado Rockies,Los Angeles Dodgers,2026-08-16,0.336,0.664,4.01,5.7,9.71,19,night,100.7113826568572,99.06297454254327,100.50494459567766,98.2573539223809,6.646516383932346,1.9553898,6.215707756521743,0.2640301818181823,0.3921222494714587,0.2378088749999999,0.3779509130434784,0.1821720454545454,88.28183324130315,89.91552795031056,88.34129930394431,90.28214285714286,0.0594660626411638,0.3666149068322966,1814.0,161.0,21.0,2.0,431.0,84.0,5.0,1.0,5.0,11.0
2026-08-17,63302815,822939,Tampa Bay Rays,Baltimore Orioles,2026-08-16,0.6,0.4,4.61,3.56,8.17,12,night,97.7718728045856,101.01463847412084,98.31665355344184,99.68391329272904,4.2518552,4.307473200831602,4.947535156363635,3.9430222178861776,0.3133505,0.3151800395010395,0.336234709090909,0.3031915203252032,89.7361344537815,88.53434232250963,89.29565217391304,88.52556701030929,-0.440482279868462,-0.008775312200342,1547.0,1817.0,20.0,20.0,207.0,485.0,3.0,5.0,7.0,6.0
2026-08-17,63303451,823668,Minnesota Twins,Atlanta Braves,2026-08-16,0.393,0.607,3.74,4.87,8.61,3312,night,101.63794559283342,98.20830358397694,100.0241231313936,99.09652989044514,4.834702144309926,4.420281202810305,6.246028255319149,3.273300041237116,0.3325230968523002,0.3188908290398126,0.3789482978723404,0.2811611855670103,83.58645833333334,85.14844417327637,82.71491228070175,85.3579831932773,-0.8715460526315866,0.2095390200009319,1536.0,1641.0,18.0,23.0,342.0,357.0,4.0,5.0,4.0,2.0
2026-08-17,63303579,824641,Chicago Cubs,Chicago White Sox,2026-08-16,0.591,0.409,4.74,3.78,8.52,17,night,102.19872754792634,102.15635812683524,98.82726923188984,100.17124767866586,3.920795709222424,4.761703012552301,4.086651903448276,4.990644989247313,0.3024603851717902,0.3301218096234309,0.3079161810344827,0.3376527956989247,86.49435446552522,91.81287332646755,85.61459694989107,92.7172131147541,-0.8797575156341537,0.9043397882865348,2161.0,1943.0,24.0,22.0,459.0,367.0,5.0,4.0,7.0,5.0
2026-08-18,63299303,824154,Houston Astros,Los Angeles Angels,2026-08-17,0.505,0.495,4.93,4.88,9.81,2392,night,97.6145580632309,101.27526680367916,99.33842967452829,97.67236141050442,5.895852413422821,6.4093928,4.945083771428569,4.478618472727273,0.367429355704698,0.3843221315789473,0.3361540714285713,0.3208098181818182,88.39204946996466,92.24126984126984,88.9057471264368,92.23235294117649,0.5136976564721323,-0.0089169000933679,566.0,315.0,10.0,4.0,261.0,170.0,4.0,2.0,1.0,3.0
2026-08-18,63300863,823667,Minnesota Twins,Atlanta Braves,2026-08-17,0.402,0.598,4.08,5.11,9.19,3312,night,101.80087890638173,100.9198605334123,100.15842046585828,100.530265246549,4.826649736787568,4.029292075675675,4.973277328571428,3.039545760000002,0.3322582150259068,0.3060293445945946,0.3370814910714285,0.2734719,89.84304054054054,89.48179239931933,90.47592997811816,90.12634989200863,0.6328894375776173,0.6445574926893016,1480.0,1765.0,16.0,20.0,457.0,463.0,5.0,5.0,4.0,1.0
2026-08-18,63301273,822859,Texas Rangers,Washington Nationals,2026-08-17,0.513,0.487,4.61,4.48,9.09,5325,night,100.85630172727902,98.735974954623,99.62009093937418,96.8835170726594,4.509872324324322,5.29868,3.140524839506173,5.29868,0.3218379054054053,0.3477855263157894,0.2767935802469136,0.3477855263157894,89.74555160142349,88.28461538461538,88.69640522875817,88.28461538461538,-1.0491463726653194,0.0,1128.0,78.0,25.0,1.0,306.0,78.0,5.0,1.0,5.0,0.0
2026-08-18,63301807,823586,New York Mets,San Diego Padres,2026-08-17,0.496,0.504,4.27,4.31,8.58,3289,night,91.99889842691728,97.5397980471122,97.9839853023258,97.3451188622226,4.959039345454543,4.708571368727272,5.473501861818184,4.419741664864867,0.3366131363636362,0.3283740581818181,0.3535362454545455,0.3188730810810811,87.4868544600939,88.56329906124274,87.37769423558896,88.02266355140186,-0.109160224504933,-0.5406355098408824,640.0,2238.0,8.0,24.0,400.0,429.0,5.0,5.0,2.0,5.0
2026-08-18,63302785,824319,Colorado Rockies,Los Angeles Dodgers,2026-08-17,0.336,0.664,4.61,6.3,10.91,19,night,99.67147429567648,98.80731668596609,99.01609034376804,98.75162155759274,5.443191091099478,4.852156307990315,5.93128667826087,4.010211446153847,0.3525391806282723,0.3330972469733656,0.3685949565217391,0.3054016923076923,89.45490196078431,86.82603843769374,89.89834905660378,87.71870129870129,0.4434470958194652,0.8926628610075511,1428.0,1614.0,18.0,19.0,424.0,385.0,5.0,4.0,6.0,7.0
2026-08-18,63302835,823749,Milwaukee Brewers,Seattle Mariners,2026-08-17,0.581,0.419,4.53,3.68,8.21,32,night,100.58024412839347,101.96122048865436,99.06227795612614,100.84865292077504,3.2559445499999997,2.6926056487804866,4.132424558139535,3.967502044444445,0.2805902812499999,0.2620593963414633,0.3094218604651162,0.3039967777777778,90.08211633663367,90.65315457413249,88.6880503144654,90.22206703910616,-1.3940660221682748,-0.4310875350263359,1617.0,1272.0,19.0,15.0,159.0,358.0,2.0,4.0,22.0,0.0
2026-08-18,63303147,824723,Boston Red Sox,Arizona Diamondbacks,2026-08-17,0.624,0.376,4.84,3.54,8.38,3,night,95.8573620776097,99.68760607714904,98.64525763047628,100.00531126621516,3.667934971685392,6.786728517472119,5.611240765217392,5.764492043636363,0.2941425977528089,0.3967344907063196,0.3580671304347826,0.3631082909090908,86.06825028968713,89.22242849974911,86.1025,88.70327868852459,0.0342497103128778,-0.5191498112245228,1729.0,1998.0,21.0,22.0,281.0,428.0,4.0,5.0,9.0,4.0
2026-08-18,63303355,824639,Chicago Cubs,Chicago White Sox,2026-08-17,0.588,0.412,4.98,4.06,9.04,17,night,101.30911260742076,103.0230717540458,100.34667350130306,97.92348379011683,4.013501484137934,3.103867599999999,4.072875724137932,1.3545818181818183,0.3055099172413794,0.2755877499999999,0.3074630172413793,0.2180454545454545,89.20794332331472,88.72399049881236,89.63333333333334,88.31220930232558,0.4253900100186172,-0.4117811964867712,2331.0,848.0,25.0,54.0,471.0,175.0,5.0,12.0,4.0,3.0
2026-08-18,63303381,824398,Cleveland Guardians,San Francisco Giants,2026-08-17,0.66,0.34,5.06,3.4,8.46,5,night,94.439829385603,98.56943739893542,98.73063157690954,97.2319416135262,4.302408267140319,5.786183421538462,5.602917839999999,5.8857412,0.3150134298401421,0.363821823076923,0.3577933499999999,0.3670967499999999,85.8241797752809,87.21102040816326,86.01784140969163,86.94905660377358,0.1936616344107307,-0.2619638043896799,2227.0,490.0,24.0,6.0,454.0,318.0,5.0,4.0,8.0,1.0
2026-08-19,63299381,823664,Minnesota Twins,Atlanta Braves,2026-08-18,0.476,0.524,4.31,4.55,8.86,3312,day,101.72175126618882,101.99185502207764,99.0640860856518,99.26874280064236,4.1377156650519,6.474112,4.53686273821138,6.474112,0.3095959100346019,0.3864510526315789,0.3227257479674796,0.3864510526315789,92.82369098712446,91.98260869565216,93.06089613034624,91.98260869565216,0.2372051432217716,0.0,2331.0,69.0,24.0,1.0,492.0,69.0,5.0,1.0,6.0,4.0
2026-08-19,63300969,824318,Colorado Rockies,Los Angeles Dodgers,2026-08-18,0.345,0.655,4.88,6.49,11.37,19,night,93.85120680029904,102.60590900380812,99.37536038991335,99.2158972014481,5.322157915514021,4.429424614072497,4.421733349253732,3.295551587628867,0.3485578261682243,0.3191915991471216,0.3189385970149254,0.2818931443298969,87.0622680412371,92.28272390037095,87.45296523517382,92.59407008086254,0.3906971939367167,0.3113461804915829,1940.0,1887.0,22.0,21.0,489.0,371.0,5.0,4.0,4.0,6.0
2026-08-19,63301215,823587,New York Mets,San Diego Padres,2026-08-18,0.474,0.526,4.2,4.47,8.67,3289,day,101.85981081191332,99.10391228417816,98.56991622080484,99.67695273996844,5.172172541935486,4.528549343448276,5.172172541935484,3.6151208666666657,0.3436240967741936,0.3224522810344827,0.3436240967741935,0.2924052916666666,91.07521367521367,88.76363636363637,91.07521367521367,88.86514522821577,0.0,0.1015088645794008,235.0,2310.0,3.0,25.0,235.0,482.0,3.0,5.0,4.0,2.0
2026-08-19,63301245,824640,Chicago Cubs,Chicago White Sox,2026-08-18,0.61,0.39,4.62,3.47,8.09,17,day,99.94391210213414,96.59145746332037,99.6055560111008,97.82410556516798,4.135363781818183,3.900933694117649,4.694358769230769,3.7758643851851863,0.3095185454545455,0.3018070294117647,0.3279065384615384,0.2976929074074074,89.21002044989774,89.67706766917293,88.55533333333332,89.61320754716981,-0.6546871165644177,-0.0638601220031205,978.0,1074.0,11.0,46.0,150.0,212.0,2.0,10.0,0.0,3.0
2026-08-19,63301957,824801,Baltimore Orioles,New York Yankees,2026-08-18,0.488,0.512,4.34,4.47,8.81,2,night,100.4873449021896,100.8416153907325,99.50406665667072,100.07368019601658,5.1935499733333375,4.694974684375,5.333516333333334,5.176435034482759,0.3443273017543861,0.327926798828125,0.3489314583333333,0.3437643103448276,84.914526710403,90.28868394815554,86.21136363636364,89.58052325581396,1.2968369259606476,-0.7081606923415791,1067.0,2009.0,13.0,24.0,88.0,346.0,1.0,5.0,3.0,5.0
2026-08-19,63302179,822937,Tampa Bay Rays,Toronto Blue Jays,2026-08-18,0.685,0.315,4.8,2.91,7.71,12,night,100.28173608659448,102.58393091409395,100.4297556532484,100.06219307863356,3.0581235604743084,4.8270385679558,2.223633066666667,3.053179544303797,0.2740830118577075,0.3322710055248618,0.2466326666666666,0.2739203797468354,92.42812030075189,87.6646052631579,92.9809312638581,87.47432835820896,0.5528109631062108,-0.1902769049489308,1995.0,761.0,23.0,10.0,451.0,335.0,5.0,4.0,7.0,6.0
2026-08-19,63302593,822860,Texas Rangers,Washington Nationals,2026-08-18,0.512,0.488,4.3,4.18,8.48,5325,night,100.13653185943052,102.08741159518318,98.93838391532442,99.23326611847924,4.75473263207921,4.055551807665506,4.3197976275862064,3.252845333333334,0.3298925207920792,0.3068931515679443,0.315585448275862,0.2804883333333333,89.1803820340733,91.62661647475642,88.9951690821256,91.71060291060292,-0.1852129519477046,0.0839864358464979,1940.0,2262.0,23.0,26.0,414.0,483.0,5.0,5.0,0.0,6.0
2026-08-19,63302703,824722,Boston Red Sox,Arizona Diamondbacks,2026-08-18,0.624,0.376,4.8,3.5,8.3,3,day,98.76168163981244,101.43684876388905,98.67337676352844,100.50334983612862,2.5273780666666674,3.649536430606858,1.2652269983193285,2.173199872,0.2566242785087719,0.2935373825857519,0.2151061512605042,0.2449736799999999,92.92959719789842,88.95176640230714,92.67959183673467,89.14737991266375,-0.2500053611637298,0.1956135103566083,1717.0,1387.0,20.0,22.0,445.0,458.0,5.0,5.0,6.0,7.0
2026-08-19,63302843,824394,Cleveland Guardians,San Francisco Giants,2026-08-18,0.64,0.36,4.39,2.91,7.3,5,night,101.04054674149072,,98.58616326397473,,2.985204674285717,,1.97104124,,0.2716843642857143,,0.238323725,,89.8624376982329,,91.6396186440678,,1.7771809458348995,,2213.0,,24.0,,472.0,,5.0,,0.0,1.0
2026-08-19,63303379,824155,Houston Astros,Los Angeles Angels,2026-08-18,0.533,0.467,4.29,3.94,8.23,2392,night,,98.32302633786992,,99.40248996929542,,3.286268547921224,,3.166192276923077,,0.2815877811816192,,0.2776379038461538,,93.7887622149837,,95.5016317016317,,1.712869486647989,,1846.0,,22.0,,429.0,,5.0,3.0,2.0
2026-08-19,63303693,823748,Milwaukee Brewers,Seattle Mariners,2026-08-18,0.521,0.479,3.84,3.62,7.46,32,night,100.72808000331402,100.57152067086808,98.93791646572146,100.21412230322116,4.137734597216699,3.747221714285716,4.70036879139785,3.365642391752578,0.3095965328031809,0.2967507142857143,0.3281042365591398,0.2841987628865979,92.5620921802175,89.52281789986708,92.352802359882,90.34828496042216,-0.2092898203354991,0.8254670605550842,1932.0,2261.0,23.0,24.0,339.0,379.0,4.0,4.0,5.0,7.0
2026-08-19,63303707,823424,Philadelphia Phillies,Miami Marlins,2026-08-18,0.514,0.486,4.81,4.66,9.47,2681,night,101.08362487566696,100.52104024778023,100.76857495305134,100.22665920423952,4.380740157726468,3.6982272114613206,4.541960000000002,3.380414857142857,0.317590136767318,0.295139053008596,0.3228934210526316,0.2846846992481203,85.93420123565754,92.50622568093384,86.47057569296375,92.8465250965251,0.5363744573062093,0.3402994155912466,2275.0,2570.0,25.0,26.0,473.0,518.0,5.0,5.0,4.0,1.0
2026-08-19,63303821,823342,Pittsburgh Pirates,Detroit Tigers,2026-08-18,0.614,0.386,4.84,3.64,8.48,31,day,102.46828866688436,100.290705912889,99.94666543012131,99.0805575099882,3.0712914758620675,7.133987199999996,5.544271472727273,7.1339872,0.2745161669691469,0.4081574736842104,0.3558641931818181,0.4081574736842105,92.5175978882534,92.15241379310343,92.00716253443524,92.15241379310343,-0.5104353538181527,0.0,2273.0,145.0,25.0,2.0,363.0,145.0,4.0,2.0,4.0,3.0
