game_id,team_id,team,expected_runs
776271,137,Giants,1.963358192812315
776272,136,Mariners,2.7242467936524304
776274,108,Angels,1.4346955151624674
776274,108,Nationals,0.2768332949320165
776278,110,Orioles,0.6945651909331734
