candidate_id,side,family,feature_set,params_json,status,validation_rows,validation_mae,validation_poisson,baseline_mae,baseline_poisson,mae_ratio,poisson_ratio,elapsed_seconds,error
7f17f31a5e1af66e2a5e,away,hist_gradient_boosting,all,"{""l2_regularization"":0.0,""learning_rate"":0.025,""loss"":""poisson"",""max_iter"":300,""max_leaf_nodes"":15,""min_samples_leaf"":10}",ok,757,2.6249730586197053,2.582490090143744,2.5239630118890357,2.414668606592106,1.0400204148217962,1.0695008346459969,2.0111679999972694,
ce9a4faff6c0b78fa0a0,away,hist_gradient_boosting,all,"{""l2_regularization"":5.0,""learning_rate"":0.025,""loss"":""poisson"",""max_iter"":300,""max_leaf_nodes"":15,""min_samples_leaf"":10}",ok,757,2.6067613736237703,2.5451429334972344,2.5239630118890357,2.414668606592106,1.032804902981825,1.054034051111167,2.0278984000033233,
b06fefc900f28d126c03,away,hist_gradient_boosting,all,"{""l2_regularization"":0.0,""learning_rate"":0.025,""loss"":""poisson"",""max_iter"":300,""max_leaf_nodes"":15,""min_samples_leaf"":30}",ok,757,2.6320328727767652,2.565958584791254,2.5239630118890357,2.414668606592106,1.0428175295670619,1.0626545513475938,1.8281194000155665,
f225b0a4018b478df880,away,hist_gradient_boosting,all,"{""l2_regularization"":5.0,""learning_rate"":0.025,""loss"":""poisson"",""max_iter"":300,""max_leaf_nodes"":15,""min_samples_leaf"":30}",ok,757,2.6294769017087236,2.564109341622843,2.5239630118890357,2.414668606592106,1.0418048479009672,1.0618887140963196,1.8931084999931045,
1a781c730b60ac227833,away,hist_gradient_boosting,all,"{""l2_regularization"":0.0,""learning_rate"":0.025,""loss"":""poisson"",""max_iter"":300,""max_leaf_nodes"":31,""min_samples_leaf"":10}",ok,757,2.5859946812558987,2.649924899818172,2.5239630118890357,2.414668606592106,1.024577091294391,1.0974279835269363,3.68747470001108,
456185dc324831f0bd1c,away,hist_gradient_boosting,all,"{""l2_regularization"":5.0,""learning_rate"":0.025,""loss"":""poisson"",""max_iter"":300,""max_leaf_nodes"":31,""min_samples_leaf"":10}",ok,757,2.597197362968066,2.643096753511148,2.5239630118890357,2.414668606592106,1.029015619774958,1.094600205715777,3.776096499990672,
8515d6f66872c0574188,away,hist_gradient_boosting,all,"{""l2_regularization"":0.0,""learning_rate"":0.025,""loss"":""poisson"",""max_iter"":300,""max_leaf_nodes"":31,""min_samples_leaf"":30}",ok,757,2.6173489500278966,2.6093574377602655,2.5239630118890357,2.414668606592106,1.0369997253125223,1.0806275571880357,3.1287544000078924,
ac35d8d6ec077f062b1a,away,hist_gradient_boosting,all,"{""l2_regularization"":5.0,""learning_rate"":0.025,""loss"":""poisson"",""max_iter"":300,""max_leaf_nodes"":31,""min_samples_leaf"":30}",ok,757,2.622117169459832,2.6387048965758084,2.5239630118890357,2.414668606592106,1.0388889049120154,1.0927813818310628,2.978565500001423,
e91f8983ae9219067c66,away,hist_gradient_boosting,all,"{""l2_regularization"":0.0,""learning_rate"":0.05,""loss"":""poisson"",""max_iter"":300,""max_leaf_nodes"":15,""min_samples_leaf"":10}",ok,757,2.631003197688416,2.695558707811656,2.5239630118890357,2.414668606592106,1.042409569908581,1.1163265635925,1.9469289999979082,
a3943ae502995096da20,away,hist_gradient_boosting,all,"{""l2_regularization"":5.0,""learning_rate"":0.05,""loss"":""poisson"",""max_iter"":300,""max_leaf_nodes"":15,""min_samples_leaf"":10}",ok,757,2.6481942088010015,2.7206244569352345,2.5239630118890357,2.414668606592106,1.0492206883883715,1.1267071802349444,1.983695600007195,
87cebb8951b9218f3edd,away,hist_gradient_boosting,all,"{""l2_regularization"":0.0,""learning_rate"":0.05,""loss"":""poisson"",""max_iter"":300,""max_leaf_nodes"":15,""min_samples_leaf"":30}",ok,757,2.651817238949063,2.7130943688272935,2.5239630118890357,2.414668606592106,1.050656141337165,1.1235887034023955,1.8624721000087447,
1117731ca6bc3b816fd1,away,hist_gradient_boosting,all,"{""l2_regularization"":5.0,""learning_rate"":0.05,""loss"":""poisson"",""max_iter"":300,""max_leaf_nodes"":15,""min_samples_leaf"":30}",ok,757,2.6683104381888936,2.725515190832748,2.5239630118890357,2.414668606592106,1.0571907851342965,1.1287326067817434,1.9020210000162479,
9afeef8f1b3cb8ba2161,away,hist_gradient_boosting,all,"{""l2_regularization"":0.0,""learning_rate"":0.05,""loss"":""poisson"",""max_iter"":300,""max_leaf_nodes"":31,""min_samples_leaf"":10}",ok,757,2.6326473431766577,2.87129687478637,2.5239630118890357,2.414668606592106,1.0430609841648504,1.189105977916662,3.644283400004497,
52d8f2e78766a3b609ee,away,hist_gradient_boosting,all,"{""l2_regularization"":5.0,""learning_rate"":0.05,""loss"":""poisson"",""max_iter"":300,""max_leaf_nodes"":31,""min_samples_leaf"":10}",ok,757,2.620940309606759,2.8396993089929055,2.5239630118890357,2.414668606592106,1.0384226303083346,1.1760203040866373,3.7013739999965765,
fa833298eef0e6057af5,away,hist_gradient_boosting,all,"{""l2_regularization"":0.0,""learning_rate"":0.05,""loss"":""poisson"",""max_iter"":300,""max_leaf_nodes"":31,""min_samples_leaf"":30}",ok,757,2.62670303590245,2.768971946333418,2.5239630118890357,2.414668606592106,1.040705835834147,1.1467295921163072,3.0121149999904446,
0da5a47e93c6f4fe9f19,away,hist_gradient_boosting,all,"{""l2_regularization"":5.0,""learning_rate"":0.05,""loss"":""poisson"",""max_iter"":300,""max_leaf_nodes"":31,""min_samples_leaf"":30}",ok,757,2.620868464517447,2.764978224820699,2.5239630118890357,2.414668606592106,1.0383941651172943,1.145075650245437,3.0272447999741416,
8b1827150d82454bfc50,away,hist_gradient_boosting,all,"{""l2_regularization"":0.0,""learning_rate"":0.1,""loss"":""poisson"",""max_iter"":300,""max_leaf_nodes"":15,""min_samples_leaf"":10}",ok,757,2.6801127353173904,2.961267665513972,2.5239630118890357,2.414668606592106,1.0618668826337063,1.2263660766656082,1.9354584999964572,
5d28b05dbe91b6cfddf6,away,hist_gradient_boosting,all,"{""l2_regularization"":5.0,""learning_rate"":0.1,""loss"":""poisson"",""max_iter"":300,""max_leaf_nodes"":15,""min_samples_leaf"":10}",ok,757,2.656815225437398,2.954535522657809,2.5239630118890357,2.414668606592106,1.0526363551773805,1.2235780572919417,2.009893499984173,
45ba365238dbc86aedd8,away,hist_gradient_boosting,all,"{""l2_regularization"":0.0,""learning_rate"":0.1,""loss"":""poisson"",""max_iter"":300,""max_leaf_nodes"":15,""min_samples_leaf"":30}",ok,757,2.6795322419490377,2.930775033168227,2.5239630118890357,2.414668606592106,1.0616368898146284,1.2137379950056655,1.9160253999871202,
9e331c588628428be35d,away,hist_gradient_boosting,all,"{""l2_regularization"":5.0,""learning_rate"":0.1,""loss"":""poisson"",""max_iter"":300,""max_leaf_nodes"":15,""min_samples_leaf"":30}",ok,757,2.667391741868516,2.8481271088566373,2.5239630118890357,2.414668606592106,1.0568267955211168,1.1795105552294747,1.808891600026982,
1f209c07c815ded28045,away,hist_gradient_boosting,all,"{""l2_regularization"":0.0,""learning_rate"":0.1,""loss"":""poisson"",""max_iter"":300,""max_leaf_nodes"":31,""min_samples_leaf"":10}",ok,757,2.6508410422262365,3.101948814417306,2.5239630118890357,2.414668606592106,1.0502693699311545,1.2846271351476173,3.72040979997837,
4260f8dcfbfc0ecee959,away,hist_gradient_boosting,all,"{""l2_regularization"":5.0,""learning_rate"":0.1,""loss"":""poisson"",""max_iter"":300,""max_leaf_nodes"":31,""min_samples_leaf"":10}",ok,757,2.652422533680136,2.997597192624309,2.5239630118890357,2.414668606592106,1.050895960513683,1.2414114236797518,3.7066995999775827,
9b5a56ae69bc1b5e912b,away,hist_gradient_boosting,all,"{""l2_regularization"":0.0,""learning_rate"":0.1,""loss"":""poisson"",""max_iter"":300,""max_leaf_nodes"":31,""min_samples_leaf"":30}",ok,757,2.6790738135253274,2.916616271215163,2.5239630118890357,2.414668606592106,1.0614552594097646,1.207874348990469,3.0190948999952525,
88346cba82f55bf604d7,away,hist_gradient_boosting,all,"{""l2_regularization"":5.0,""learning_rate"":0.1,""loss"":""poisson"",""max_iter"":300,""max_leaf_nodes"":31,""min_samples_leaf"":30}",ok,757,2.657504496442399,2.9057028968080907,2.5239630118890357,2.414668606592106,1.0529094459484236,1.2033547331817909,3.040879900014261,
f8eec0055373a4cdbc05,away,hist_gradient_boosting,all,"{""l2_regularization"":0.0,""learning_rate"":0.025,""loss"":""squared_error"",""max_iter"":300,""max_leaf_nodes"":15,""min_samples_leaf"":10}",ok,757,2.671898409987583,2.5433675500686412,2.5239630118890357,2.414668606592106,1.058612347883746,1.0532988018004557,2.0206011999980547,
6456ff386d8c6b1e2657,away,hist_gradient_boosting,all,"{""l2_regularization"":5.0,""learning_rate"":0.025,""loss"":""squared_error"",""max_iter"":300,""max_leaf_nodes"":15,""min_samples_leaf"":10}",ok,757,2.6616107363048993,2.5510676223155,2.5239630118890357,2.414668606592106,1.054536347706951,1.0564876751000205,2.140708699997049,
552f6d32ec46f365c83d,away,hist_gradient_boosting,all,"{""l2_regularization"":0.0,""learning_rate"":0.025,""loss"":""squared_error"",""max_iter"":300,""max_leaf_nodes"":15,""min_samples_leaf"":30}",ok,757,2.702188707476486,2.596939015531138,2.5239630118890357,2.414668606592106,1.070613434011483,1.075484647641266,1.8716375000076368,
b59e5be4b755c00fe966,away,hist_gradient_boosting,all,"{""l2_regularization"":5.0,""learning_rate"":0.025,""loss"":""squared_error"",""max_iter"":300,""max_leaf_nodes"":15,""min_samples_leaf"":30}",ok,757,2.698758741690637,2.5978583108599143,2.5239630118890357,2.414668606592106,1.0692544736108385,1.0758653604754274,1.8842620000068564,
eaa7f1a279c5b150730a,away,hist_gradient_boosting,all,"{""l2_regularization"":0.0,""learning_rate"":0.025,""loss"":""squared_error"",""max_iter"":300,""max_leaf_nodes"":31,""min_samples_leaf"":10}",ok,757,2.6858297408894862,2.58832753121916,2.5239630118890357,2.414668606592106,1.0641319735027746,1.0719183262469063,3.65411979999044,
aea644c9b952f2b0db0f,away,hist_gradient_boosting,all,"{""l2_regularization"":5.0,""learning_rate"":0.025,""loss"":""squared_error"",""max_iter"":300,""max_leaf_nodes"":31,""min_samples_leaf"":10}",ok,757,2.6557643293957067,2.574407309757725,2.5239630118890357,2.414668606592106,1.0522199877279603,1.066153468318397,4.092061800009105,
5212c3bc260f1683ca82,away,hist_gradient_boosting,all,"{""l2_regularization"":0.0,""learning_rate"":0.025,""loss"":""squared_error"",""max_iter"":300,""max_leaf_nodes"":31,""min_samples_leaf"":30}",ok,757,2.6893826185930556,2.584568032271286,2.5239630118890357,2.414668606592106,1.0655396318903316,1.070361384255939,3.060723300004611,
a376b3a29582d50a8c1c,away,hist_gradient_boosting,all,"{""l2_regularization"":5.0,""learning_rate"":0.025,""loss"":""squared_error"",""max_iter"":300,""max_leaf_nodes"":31,""min_samples_leaf"":30}",ok,757,2.70030705903256,2.5909241075332203,2.5239630118890357,2.414668606592106,1.0698679205332495,1.0729936606869912,2.994482100009918,
011195e9c0299ba367d3,away,hist_gradient_boosting,all,"{""l2_regularization"":0.0,""learning_rate"":0.05,""loss"":""squared_error"",""max_iter"":300,""max_leaf_nodes"":15,""min_samples_leaf"":10}",ok,757,2.719083110984207,2.659750287232804,2.5239630118890357,2.414668606592106,1.077307035870203,1.1014970252943277,1.9292927000205964,
6334996e8f948638737d,away,hist_gradient_boosting,all,"{""l2_regularization"":5.0,""learning_rate"":0.05,""loss"":""squared_error"",""max_iter"":300,""max_leaf_nodes"":15,""min_samples_leaf"":10}",ok,757,2.686976687054301,2.602343594470127,2.5239630118890357,2.414668606592106,1.064586396233778,1.0777228756632127,2.0402756000112277,
7b12680dbecf1afe7417,away,hist_gradient_boosting,all,"{""l2_regularization"":0.0,""learning_rate"":0.05,""loss"":""squared_error"",""max_iter"":300,""max_leaf_nodes"":15,""min_samples_leaf"":30}",ok,757,2.75515320661617,2.745579110621449,2.5239630118890357,2.414668606592106,1.0915980914292807,1.137041788312462,1.8528403000091203,
4a75ccc59059109bfe5e,away,hist_gradient_boosting,all,"{""l2_regularization"":5.0,""learning_rate"":0.05,""loss"":""squared_error"",""max_iter"":300,""max_leaf_nodes"":15,""min_samples_leaf"":30}",ok,757,2.72783705401568,2.697054968704986,2.5239630118890357,2.414668606592106,1.080775368405283,1.1169462183514367,1.8947142999968491,
f95cfc1331857f4d0f1f,away,hist_gradient_boosting,all,"{""l2_regularization"":0.0,""learning_rate"":0.05,""loss"":""squared_error"",""max_iter"":300,""max_leaf_nodes"":31,""min_samples_leaf"":10}",ok,757,2.7232701587293846,2.6548688560785587,2.5239630118890357,2.414668606592106,1.0789659538992924,1.0994754513437992,3.6675501000136137,
7602e4233a000e894448,away,hist_gradient_boosting,all,"{""l2_regularization"":5.0,""learning_rate"":0.05,""loss"":""squared_error"",""max_iter"":300,""max_leaf_nodes"":31,""min_samples_leaf"":10}",ok,757,2.6868952805096344,2.642738602903055,2.5239630118890357,2.414668606592106,1.0645541427719472,1.0944518828332435,3.8832985000044573,
57a9d671f06123391c66,away,hist_gradient_boosting,all,"{""l2_regularization"":0.0,""learning_rate"":0.05,""loss"":""squared_error"",""max_iter"":300,""max_leaf_nodes"":31,""min_samples_leaf"":30}",ok,757,2.7335026094614916,2.666569933261489,2.5239630118890357,2.414668606592106,1.0830200746149714,1.1043212828384341,3.0464276999991853,
d34db53d6decfb137d87,away,hist_gradient_boosting,all,"{""l2_regularization"":5.0,""learning_rate"":0.05,""loss"":""squared_error"",""max_iter"":300,""max_leaf_nodes"":31,""min_samples_leaf"":30}",ok,757,2.731505238541035,2.655571978371881,2.5239630118890357,2.414668606592106,1.082228711623102,1.099766639249006,3.0905685999896377,
c1409801fd286e1a84eb,away,hist_gradient_boosting,all,"{""l2_regularization"":0.0,""learning_rate"":0.1,""loss"":""squared_error"",""max_iter"":300,""max_leaf_nodes"":15,""min_samples_leaf"":10}",ok,757,2.7770932480163304,2.7757384575967494,2.5239630118890357,2.414668606592106,1.1002907867250566,1.1495318446675926,1.9989902000233997,
205d76dfa6af5b86e942,away,hist_gradient_boosting,all,"{""l2_regularization"":5.0,""learning_rate"":0.1,""loss"":""squared_error"",""max_iter"":300,""max_leaf_nodes"":15,""min_samples_leaf"":10}",ok,757,2.696395474177914,2.67238786521506,2.5239630118890357,2.414668606592106,1.068318141540364,1.1067306950193387,2.026415400003316,
c5264b655667197047f7,away,hist_gradient_boosting,all,"{""l2_regularization"":0.0,""learning_rate"":0.1,""loss"":""squared_error"",""max_iter"":300,""max_leaf_nodes"":15,""min_samples_leaf"":30}",ok,757,2.8056258249926644,2.83209768068301,2.5239630118890357,2.414668606592106,1.1115954599084321,1.172872199916507,1.7964967000007164,
14543785dc1db3f1dd4c,away,hist_gradient_boosting,all,"{""l2_regularization"":5.0,""learning_rate"":0.1,""loss"":""squared_error"",""max_iter"":300,""max_leaf_nodes"":15,""min_samples_leaf"":30}",ok,757,2.7755771577422053,2.8330735346057057,2.5239630118890357,2.414668606592106,1.0996901082416621,1.1732763356724578,1.8452747999981511,
9b3df8a428e3025454b9,away,hist_gradient_boosting,all,"{""l2_regularization"":0.0,""learning_rate"":0.1,""loss"":""squared_error"",""max_iter"":300,""max_leaf_nodes"":31,""min_samples_leaf"":10}",ok,757,2.7629502273994246,2.7584031263231905,2.5239630118890357,2.414668606592106,1.0946872891498998,1.1423526685163672,3.6020735000201967,
5443def0953b29052703,away,hist_gradient_boosting,all,"{""l2_regularization"":5.0,""learning_rate"":0.1,""loss"":""squared_error"",""max_iter"":300,""max_leaf_nodes"":31,""min_samples_leaf"":10}",ok,757,2.6941817644964594,2.660474532663299,2.5239630118890357,2.414668606592106,1.0674410646295585,1.1017969610405902,3.8767597999831196,
080468c9a619d9d84826,away,hist_gradient_boosting,all,"{""l2_regularization"":0.0,""learning_rate"":0.1,""loss"":""squared_error"",""max_iter"":300,""max_leaf_nodes"":31,""min_samples_leaf"":30}",ok,757,2.804679015661945,2.821654798723447,2.5239630118890357,2.414668606592106,1.111220331855343,1.1685474317346316,3.0511436999950092,
012a1a6cd849c2cf3412,away,hist_gradient_boosting,all,"{""l2_regularization"":5.0,""learning_rate"":0.1,""loss"":""squared_error"",""max_iter"":300,""max_leaf_nodes"":31,""min_samples_leaf"":30}",ok,757,2.7678584720355612,2.7280007556826753,2.5239630118890357,2.414668606592106,1.0966319470601054,1.1297619674331976,2.983541099994909,
f791a184d8b6606e154d,away,random_forest,all,"{""criterion"":""poisson"",""max_depth"":null,""max_features"":0.6,""max_samples"":null,""min_samples_leaf"":2,""n_estimators"":400}",ok,757,2.6014783846107314,2.454950072747831,2.5239630118890357,2.414668606592106,1.030711770480218,1.0166819852818543,6.395717899984447,
a426b00fd741c742eb03,away,random_forest,all,"{""criterion"":""poisson"",""max_depth"":null,""max_features"":1.0,""max_samples"":null,""min_samples_leaf"":2,""n_estimators"":400}",ok,757,2.578471530000506,2.432728934356156,2.5239630118890357,2.414668606592106,1.02159640131599,1.007479422938098,11.245807200000854,
0a4c832dd6ecd0af0447,away,random_forest,all,"{""criterion"":""poisson"",""max_depth"":null,""max_features"":0.6,""max_samples"":null,""min_samples_leaf"":8,""n_estimators"":400}",ok,757,2.5807558651003855,2.4465572420722106,2.5239630118890357,2.414668606592106,1.0225014601814009,1.0132062161213542,5.041818199999398,
d0343c998883b63aebb0,away,random_forest,all,"{""criterion"":""poisson"",""max_depth"":null,""max_features"":1.0,""max_samples"":null,""min_samples_leaf"":8,""n_estimators"":400}",ok,757,2.5830513021474175,2.453149441341846,2.5239630118890357,2.414668606592106,1.0234109176640263,1.0159362798873046,7.850067999999737,
5ef9441903564eeaf6c1,away,random_forest,all,"{""criterion"":""poisson"",""max_depth"":14,""max_features"":0.6,""max_samples"":null,""min_samples_leaf"":2,""n_estimators"":400}",ok,757,2.5917659174767547,2.449087071137428,2.5239630118890357,2.414668606592106,1.0268636684722936,1.0142539081559094,6.172157499997411,
2c48583ca5ad6ab40c37,away,random_forest,all,"{""criterion"":""poisson"",""max_depth"":14,""max_features"":1.0,""max_samples"":null,""min_samples_leaf"":2,""n_estimators"":400}",ok,757,2.5793464920983653,2.4357650720611184,2.5239630118890357,2.414668606592106,1.0219430633287603,1.0087367953562731,9.637323600007221,
94eb14caa48e8f738c45,away,random_forest,all,"{""criterion"":""poisson"",""max_depth"":14,""max_features"":0.6,""max_samples"":null,""min_samples_leaf"":8,""n_estimators"":400}",ok,757,2.5807942653458475,2.450409511927834,2.5239630118890357,2.414668606592106,1.0225166744477276,1.014801577838944,4.852376299997559,
3d236abca008c0ee8052,away,random_forest,all,"{""criterion"":""poisson"",""max_depth"":14,""max_features"":1.0,""max_samples"":null,""min_samples_leaf"":8,""n_estimators"":400}",ok,757,2.5834364329741257,2.452957191927241,2.5239630118890357,2.414668606592106,1.0235635073909335,1.015856662579124,7.95090359999449,
07925d4963637be6a1ab,away,random_forest,all,"{""criterion"":""squared_error"",""max_depth"":null,""max_features"":0.6,""max_samples"":null,""min_samples_leaf"":2,""n_estimators"":400}",ok,757,2.640201476950321,2.465796855516907,2.5239630118890357,2.414668606592106,1.0460539494888585,1.0211740231289792,5.202560500008985,
390abea4a5328839992d,away,random_forest,all,"{""criterion"":""squared_error"",""max_depth"":null,""max_features"":1.0,""max_samples"":null,""min_samples_leaf"":2,""n_estimators"":400}",ok,757,2.6455425452373107,2.467617346903873,2.5239630118890357,2.414668606592106,1.048170093133528,1.0219279532467582,8.010812200023793,
6ccfc9a9d251c95fd50b,away,random_forest,all,"{""criterion"":""squared_error"",""max_depth"":null,""max_features"":0.6,""max_samples"":null,""min_samples_leaf"":8,""n_estimators"":400}",ok,757,2.59240248099715,2.44290057309256,2.5239630118890357,2.414668606592106,1.0271158764156736,1.0116918596710869,3.8488741999899503,
9b2a5a1e69106e7f9e92,away,random_forest,all,"{""criterion"":""squared_error"",""max_depth"":null,""max_features"":1.0,""max_samples"":null,""min_samples_leaf"":8,""n_estimators"":400}",ok,757,2.6134594834200824,2.4651409436106495,2.5239630118890357,2.414668606592106,1.0354587096203378,1.0209023867212057,5.988634799985448,
b0153a628810dc14f75a,away,random_forest,all,"{""criterion"":""squared_error"",""max_depth"":14,""max_features"":0.6,""max_samples"":null,""min_samples_leaf"":2,""n_estimators"":400}",ok,757,2.627449182221496,2.44932163395633,2.5239630118890357,2.414668606592106,1.041001460736545,1.014351048947098,4.71416259999387,
98c926d570f28be88d5f,away,random_forest,all,"{""criterion"":""squared_error"",""max_depth"":14,""max_features"":1.0,""max_samples"":null,""min_samples_leaf"":2,""n_estimators"":400}",ok,757,2.6381798043646927,2.46324007161886,2.5239630118890357,2.414668606592106,1.045252958120877,1.0201151681411489,7.296212699991884,
727a7365447dae664f03,away,random_forest,all,"{""criterion"":""squared_error"",""max_depth"":14,""max_features"":0.6,""max_samples"":null,""min_samples_leaf"":8,""n_estimators"":400}",ok,757,2.5969115895633483,2.450217906790308,2.5239630118890357,2.414668606592106,1.028902395689117,1.0147222273487764,3.8194868999999017,
3e6b0a1ffe154d1ca356,away,random_forest,all,"{""criterion"":""squared_error"",""max_depth"":14,""max_features"":1.0,""max_samples"":null,""min_samples_leaf"":8,""n_estimators"":400}",ok,757,2.6114169608066398,2.4634927338785904,2.5239630118890357,2.414668606592106,1.0346494574229714,1.020219804553384,5.954217999998946,
22e93d829b2ad541d19e,away,extra_trees,all,"{""criterion"":""poisson"",""max_depth"":null,""max_features"":0.6,""max_samples"":null,""min_samples_leaf"":2,""n_estimators"":400}",ok,757,2.5756204131806837,2.433340374679946,2.5239630118890357,2.414668606592106,1.0204667822184073,1.0077326420846593,2.256479899981059,
ad41099e667dbd1e4d3a,away,extra_trees,all,"{""criterion"":""poisson"",""max_depth"":null,""max_features"":1.0,""max_samples"":null,""min_samples_leaf"":2,""n_estimators"":400}",ok,757,2.5854093382399195,2.4590058299317183,2.5239630118890357,2.414668606592106,1.024345177033674,1.01836161832666,3.197121800010791,
bd35a46e8b7b6cedcdda,away,extra_trees,all,"{""criterion"":""poisson"",""max_depth"":null,""max_features"":0.6,""max_samples"":null,""min_samples_leaf"":8,""n_estimators"":400}",ok,757,2.5628538514124197,2.4114121173230387,2.5239630118890357,2.414668606592106,1.0154086408319734,0.998651372175802,1.4846645999932662,
a55473abe009b24ef935,away,extra_trees,all,"{""criterion"":""poisson"",""max_depth"":null,""max_features"":1.0,""max_samples"":null,""min_samples_leaf"":8,""n_estimators"":400}",ok,757,2.5764160535580114,2.4397666282362014,2.5239630118890357,2.414668606592106,1.020782016781505,1.010393981838989,1.9297785999951884,
41ea8d5b11b0f6ff7421,away,extra_trees,all,"{""criterion"":""poisson"",""max_depth"":14,""max_features"":0.6,""max_samples"":null,""min_samples_leaf"":2,""n_estimators"":400}",ok,757,2.5666386192322252,2.4197059572748953,2.5239630118890357,2.414668606592106,1.0169081746214852,1.0020861457630406,1.8620699000020977,
12aa12bbabe0aa103cc5,away,extra_trees,all,"{""criterion"":""poisson"",""max_depth"":14,""max_features"":1.0,""max_samples"":null,""min_samples_leaf"":2,""n_estimators"":400}",ok,757,2.5764026369161797,2.4349107982504887,2.5239630118890357,2.414668606592106,1.0207767010768893,1.0083830102412898,2.544359500025166,
5533817429d22e54bd6e,away,extra_trees,all,"{""criterion"":""poisson"",""max_depth"":14,""max_features"":0.6,""max_samples"":null,""min_samples_leaf"":8,""n_estimators"":400}",ok,757,2.5628120864950215,2.414729872543136,2.5239630118890357,2.414668606592106,1.0153920934748206,1.000025372405498,1.4548299000016414,
37e9c1d69f11e7fa62d6,away,extra_trees,all,"{""criterion"":""poisson"",""max_depth"":14,""max_features"":1.0,""max_samples"":null,""min_samples_leaf"":8,""n_estimators"":400}",ok,757,2.572606767511205,2.4332436874941923,2.5239630118890357,2.414668606592106,1.019272768813582,1.0076926004882722,1.888303999992786,
9717390db989d81420ab,away,extra_trees,all,"{""criterion"":""squared_error"",""max_depth"":null,""max_features"":0.6,""max_samples"":null,""min_samples_leaf"":2,""n_estimators"":400}",ok,757,2.5943035517707744,2.433956968898213,2.5239630118890357,2.414668606592106,1.0278690850659864,1.0079879956419069,2.1491142000013497,
3a562ea82131893497db,away,extra_trees,all,"{""criterion"":""squared_error"",""max_depth"":null,""max_features"":1.0,""max_samples"":null,""min_samples_leaf"":2,""n_estimators"":400}",ok,757,2.6166402465874063,2.4632397171030265,2.5239630118890357,2.414668606592106,1.0367189353654622,1.0201150213235555,2.9629652999865357,
d9d4b00502bb579ccb6e,away,extra_trees,all,"{""criterion"":""squared_error"",""max_depth"":null,""max_features"":0.6,""max_samples"":null,""min_samples_leaf"":8,""n_estimators"":400}",ok,757,2.564138458302541,2.4132738614780247,2.5239630118890357,2.414668606592106,1.015917605061667,0.9994223865294501,1.4609003000077792,
ef64aa820f105ec44835,away,extra_trees,all,"{""criterion"":""squared_error"",""max_depth"":null,""max_features"":1.0,""max_samples"":null,""min_samples_leaf"":8,""n_estimators"":400}",ok,757,2.5758672593414587,2.439718420998434,2.5239630118890357,2.414668606592106,1.0205645832399008,1.0103740175102873,1.9870113999932073,
fd43df93b2e7528271b6,away,extra_trees,all,"{""criterion"":""squared_error"",""max_depth"":14,""max_features"":0.6,""max_samples"":null,""min_samples_leaf"":2,""n_estimators"":400}",ok,757,2.589323738555472,2.4254752089248606,2.5239630118890357,2.414668606592106,1.0258960715187018,1.0044753977018843,1.7650530000100844,
07473aeb0530ca194069,away,extra_trees,all,"{""criterion"":""squared_error"",""max_depth"":14,""max_features"":1.0,""max_samples"":null,""min_samples_leaf"":2,""n_estimators"":400}",ok,757,2.6069022539040767,2.4499945242273413,2.5239630118890357,2.414668606592106,1.032860720075674,1.0146297166985128,2.4365077999827918,
e20dfee49d51bbf46833,away,extra_trees,all,"{""criterion"":""squared_error"",""max_depth"":14,""max_features"":0.6,""max_samples"":null,""min_samples_leaf"":8,""n_estimators"":400}",ok,757,2.565414163532204,2.4163570806731123,2.5239630118890357,2.414668606592106,1.0164230424328384,1.0006992570642599,1.4049406000121962,
addf61c38730a5a9eef8,away,extra_trees,all,"{""criterion"":""squared_error"",""max_depth"":14,""max_features"":1.0,""max_samples"":null,""min_samples_leaf"":8,""n_estimators"":400}",ok,757,2.5752173201780684,2.4336082570551247,2.5239630118890357,2.414668606592106,1.0203070758357398,1.007843581687074,1.83922990001156,
78caa79a0d05b7fc930a,away,poisson_glm,all,"{""alpha"":0.0,""solver"":""lbfgs""}",ok,757,19.308757479335895,35.723540478024,2.5239630118890357,2.414668606592106,7.650174502709706,14.794386434849832,1.9694895000138786,
c29962d480bf8c7c9f60,away,poisson_glm,all,"{""alpha"":0.01,""solver"":""lbfgs""}",ok,757,2.644580995671248,2.4918368817344896,2.5239630118890357,2.414668606592106,1.0477891249650038,1.0319581225066297,0.2437567000160925,
ad1af085f51bc8030ee7,away,poisson_glm,all,"{""alpha"":0.1,""solver"":""lbfgs""}",ok,757,2.620019391493624,2.4606834986841464,2.5239630118890357,2.414668606592106,1.0380577604157106,1.019056400520725,0.13621630001580343,
59e0b3142d32d534c0be,away,poisson_glm,all,"{""alpha"":1.0,""solver"":""lbfgs""}",ok,757,2.5885772172351227,2.4119217085038724,2.5239630118890357,2.414668606592106,1.0256002980399175,0.9988624119762295,0.08061679999809712,
6976918ed61ed3a3890b,away,poisson_glm,all,"{""alpha"":10.0,""solver"":""lbfgs""}",ok,757,2.569437415762031,2.4021339473856593,2.5239630118890357,2.414668606592106,1.0180170642987991,0.9948089525940633,0.06057850000797771,
18b6016b3daffcffc16d,away,tweedie_glm,all,"{""alpha"":0.01,""power"":1.2,""solver"":""lbfgs""}",ok,757,2.639429028321363,2.4867837686434733,2.5239630118890357,2.414668606592106,1.0457479035502615,1.0298654489707162,0.1998598999925889,
487c2d5753040710d200,away,tweedie_glm,all,"{""alpha"":0.1,""power"":1.2,""solver"":""lbfgs""}",ok,757,2.6130494025285445,2.4530666402885664,2.5239630118890357,2.414668606592106,1.0352962346198697,1.0159019890313863,0.11551030000555329,
6070878af17ad30bb7c5,away,tweedie_glm,all,"{""alpha"":1.0,""power"":1.2,""solver"":""lbfgs""}",ok,757,2.584073213344585,2.406003869519434,2.5239630118890357,2.414668606592106,1.0238158012508118,0.9964116247467594,0.07399019997683354,
d833600586da7aa9f2ff,away,tweedie_glm,all,"{""alpha"":0.01,""power"":1.5,""solver"":""lbfgs""}",ok,757,2.633223261054622,2.482049050610653,2.5239630118890357,2.414668606592106,1.043289164164023,1.0279046341326492,0.1890496999840252,
ea9eb02c8c957e41d457,away,tweedie_glm,all,"{""alpha"":0.1,""power"":1.5,""solver"":""lbfgs""}",ok,757,2.60379801615616,2.442895801286254,2.5239630118890357,2.414668606592106,1.0316308138792305,1.011689883496678,0.10831020001205616,
b5e97868d29daf3b63e5,away,tweedie_glm,all,"{""alpha"":1.0,""power"":1.5,""solver"":""lbfgs""}",ok,757,2.57656423602119,2.3998709060528722,2.5239630118890357,2.414668606592106,1.0208407270171465,0.9938717468314966,0.07122579999850132,
8923c128c883b0ce5f7a,away,tweedie_glm,all,"{""alpha"":0.01,""power"":1.8,""solver"":""lbfgs""}",ok,757,2.6290593391344177,2.4800377034765977,2.5239630118890357,2.414668606592106,1.0416394086404315,1.0270716638738882,0.172560600010911,
ac0f17a1e24c6fb0d0c6,away,tweedie_glm,all,"{""alpha"":0.1,""power"":1.8,""solver"":""lbfgs""}",ok,757,2.5954024708506322,2.4339597718608053,2.5239630118890357,2.414668606592106,1.0283044793545244,1.0079891564482322,0.0950996000028681,
77bfdd213988164fe1ad,away,tweedie_glm,all,"{""alpha"":1.0,""power"":1.8,""solver"":""lbfgs""}",ok,757,2.569700343137119,2.3971361723866877,2.5239630118890357,2.414668606592106,1.0181212367347061,0.9927391965267803,0.061108000023523346,
f0449243f3d27033ec9f,away,lightgbm,all,"{""colsample_bytree"":0.9,""learning_rate"":0.025,""min_child_samples"":10,""n_estimators"":500,""num_leaves"":15,""objective"":""poisson"",""reg_lambda"":1.0,""subsample"":0.9,""tweedie_variance_power"":null}",ok,757,2.6299462129051645,2.5483006839604934,2.5239630118890357,2.414668606592106,1.0419907900856307,1.0553417876902729,1.324206299992511,
cc97c9a30017bd650d63,away,lightgbm,all,"{""colsample_bytree"":0.9,""learning_rate"":0.025,""min_child_samples"":30,""n_estimators"":500,""num_leaves"":15,""objective"":""poisson"",""reg_lambda"":1.0,""subsample"":0.9,""tweedie_variance_power"":null}",ok,757,2.6356823386830768,2.5611782055534706,2.5239630118890357,2.414668606592106,1.0442634564245954,1.0606748265834034,1.2123568000097293,
3e0f8ebf0451f8a5b3ca,away,lightgbm,all,"{""colsample_bytree"":0.9,""learning_rate"":0.025,""min_child_samples"":10,""n_estimators"":500,""num_leaves"":31,""objective"":""poisson"",""reg_lambda"":1.0,""subsample"":0.9,""tweedie_variance_power"":null}",ok,757,2.6061468947496325,2.633530926719364,2.5239630118890357,2.414668606592106,1.0325614450265208,1.090638657217706,2.511819799983641,
be6deb99911e40a5c1ec,away,lightgbm,all,"{""colsample_bytree"":0.9,""learning_rate"":0.025,""min_child_samples"":30,""n_estimators"":500,""num_leaves"":31,""objective"":""poisson"",""reg_lambda"":1.0,""subsample"":0.9,""tweedie_variance_power"":null}",ok,757,2.6067221197281483,2.571007391764026,2.5239630118890357,2.414668606592106,1.0327893504973245,1.0647454415670585,2.097932499978924,
9bd8a40c63331a989ae2,away,lightgbm,all,"{""colsample_bytree"":0.9,""learning_rate"":0.05,""min_child_samples"":10,""n_estimators"":500,""num_leaves"":15,""objective"":""poisson"",""reg_lambda"":1.0,""subsample"":0.9,""tweedie_variance_power"":null}",ok,757,2.655211639082917,2.6796579191644474,2.5239630118890357,2.414668606592106,1.0520010105439894,1.1097414824746195,1.249966699979268,
9be7a0c7d7282d383139,away,lightgbm,all,"{""colsample_bytree"":0.9,""learning_rate"":0.05,""min_child_samples"":30,""n_estimators"":500,""num_leaves"":15,""objective"":""poisson"",""reg_lambda"":1.0,""subsample"":0.9,""tweedie_variance_power"":null}",ok,757,2.6554007611140387,2.6591567752274496,2.5239630118890357,2.414668606592106,1.0520759411314153,1.1012512309009546,1.1888244999863673,
5808600e6116b40011de,away,lightgbm,all,"{""colsample_bytree"":0.9,""learning_rate"":0.05,""min_child_samples"":10,""n_estimators"":500,""num_leaves"":31,""objective"":""poisson"",""reg_lambda"":1.0,""subsample"":0.9,""tweedie_variance_power"":null}",ok,757,2.6405452900462434,2.8069889983828546,2.5239630118890357,2.414668606592106,1.0461901690349862,1.1624738031213493,2.480396400002064,
e1356b95e471eed4d82f,away,lightgbm,all,"{""colsample_bytree"":0.9,""learning_rate"":0.05,""min_child_samples"":30,""n_estimators"":500,""num_leaves"":31,""objective"":""poisson"",""reg_lambda"":1.0,""subsample"":0.9,""tweedie_variance_power"":null}",ok,757,2.633547492374437,2.712725633103891,2.5239630118890357,2.414668606592106,1.043417625365034,1.1234359968478,1.973237899976084,
3fdd8ae877e9d5c87625,away,lightgbm,all,"{""colsample_bytree"":0.9,""learning_rate"":0.1,""min_child_samples"":10,""n_estimators"":500,""num_leaves"":15,""objective"":""poisson"",""reg_lambda"":1.0,""subsample"":0.9,""tweedie_variance_power"":null}",ok,757,2.6952010285866863,2.8471944279771653,2.5239630118890357,2.414668606592106,1.0678448994264338,1.1791242989635318,1.209153800009517,
beaf7c74300ac71339a7,away,lightgbm,all,"{""colsample_bytree"":0.9,""learning_rate"":0.1,""min_child_samples"":30,""n_estimators"":500,""num_leaves"":15,""objective"":""poisson"",""reg_lambda"":1.0,""subsample"":0.9,""tweedie_variance_power"":null}",ok,757,2.66892167649715,2.8051329614248366,2.5239630118890357,2.414668606592106,1.0574329591698814,1.161705152320593,1.128999999986263,
d21e43659aea8e0b5b95,away,lightgbm,all,"{""colsample_bytree"":0.9,""learning_rate"":0.1,""min_child_samples"":10,""n_estimators"":500,""num_leaves"":31,""objective"":""poisson"",""reg_lambda"":1.0,""subsample"":0.9,""tweedie_variance_power"":null}",ok,757,2.6792659812473136,3.0569731859849028,2.5239630118890357,2.414668606592106,1.061531396706976,1.2660011306061996,2.559792199986987,
fe76b5ab22d697d5824d,away,lightgbm,all,"{""colsample_bytree"":0.9,""learning_rate"":0.1,""min_child_samples"":30,""n_estimators"":500,""num_leaves"":31,""objective"":""poisson"",""reg_lambda"":1.0,""subsample"":0.9,""tweedie_variance_power"":null}",ok,757,2.595115565698297,2.7777559807524628,2.5239630118890357,2.414668606592106,1.028190806867652,1.150367372636195,2.04691490001278,
afcba4f7db04941ef893,away,lightgbm,all,"{""colsample_bytree"":0.9,""learning_rate"":0.025,""min_child_samples"":10,""n_estimators"":500,""num_leaves"":15,""objective"":""tweedie"",""reg_lambda"":1.0,""subsample"":0.9,""tweedie_variance_power"":1.5}",ok,757,2.642496066357498,2.797509740956115,2.5239630118890357,2.414668606592106,1.0469630711346072,1.158548106070888,1.2093058000027668,
f2096a639ebe8be60219,away,lightgbm,all,"{""colsample_bytree"":0.9,""learning_rate"":0.025,""min_child_samples"":30,""n_estimators"":500,""num_leaves"":15,""objective"":""tweedie"",""reg_lambda"":1.0,""subsample"":0.9,""tweedie_variance_power"":1.5}",ok,757,2.6535638152693957,2.75761455620921,2.5239630118890357,2.414668606592106,1.0513481389267116,1.1420260936349,1.248857600003248,
60824397cdd78439d0f5,away,lightgbm,all,"{""colsample_bytree"":0.9,""learning_rate"":0.025,""min_child_samples"":10,""n_estimators"":500,""num_leaves"":31,""objective"":""tweedie"",""reg_lambda"":1.0,""subsample"":0.9,""tweedie_variance_power"":1.5}",ok,757,2.6659099041866994,3.0469858158475143,2.5239630118890357,2.414668606592106,1.0562396879942488,1.2618650060423058,2.4527993999945465,
bb5d0e99f352cba198a4,away,lightgbm,all,"{""colsample_bytree"":0.9,""learning_rate"":0.025,""min_child_samples"":30,""n_estimators"":500,""num_leaves"":31,""objective"":""tweedie"",""reg_lambda"":1.0,""subsample"":0.9,""tweedie_variance_power"":1.5}",ok,757,2.6367190131896514,2.8464825820722135,2.5239630118890357,2.414668606592106,1.0446741892688136,1.1788294983010275,2.062663699995028,
6b4d0aa564b9434c4bbc,away,lightgbm,all,"{""colsample_bytree"":0.9,""learning_rate"":0.05,""min_child_samples"":10,""n_estimators"":500,""num_leaves"":15,""objective"":""tweedie"",""reg_lambda"":1.0,""subsample"":0.9,""tweedie_variance_power"":1.5}",ok,757,2.664061862590616,3.0821057207791496,2.5239630118890357,2.414668606592106,1.0555074896270864,1.2764094055660158,1.2173081999935675,
a82bb2a37e44a1fbcd1f,away,lightgbm,all,"{""colsample_bytree"":0.9,""learning_rate"":0.05,""min_child_samples"":30,""n_estimators"":500,""num_leaves"":15,""objective"":""tweedie"",""reg_lambda"":1.0,""subsample"":0.9,""tweedie_variance_power"":1.5}",ok,757,2.7283022658165943,3.038122500767591,2.5239630118890357,2.414668606592106,1.0809596863999298,1.2581943925859804,1.2217179000144824,
7ba766a1c0c20e9538cf,away,lightgbm,all,"{""colsample_bytree"":0.9,""learning_rate"":0.05,""min_child_samples"":10,""n_estimators"":500,""num_leaves"":31,""objective"":""tweedie"",""reg_lambda"":1.0,""subsample"":0.9,""tweedie_variance_power"":1.5}",ok,757,2.731850927719597,3.351472169163604,2.5239630118890357,2.414668606592106,1.0823656744775232,1.3879636153855648,2.5258430000103544,
417da4bb1e602ac0d5ae,away,lightgbm,all,"{""colsample_bytree"":0.9,""learning_rate"":0.05,""min_child_samples"":30,""n_estimators"":500,""num_leaves"":31,""objective"":""tweedie"",""reg_lambda"":1.0,""subsample"":0.9,""tweedie_variance_power"":1.5}",ok,757,2.695457665162958,3.106625752715589,2.5239630118890357,2.414668606592106,1.0679465794332574,1.2865640213462097,2.047913199989125,
d443d0295f1a05ec418a,away,lightgbm,all,"{""colsample_bytree"":0.9,""learning_rate"":0.1,""min_child_samples"":10,""n_estimators"":500,""num_leaves"":15,""objective"":""tweedie"",""reg_lambda"":1.0,""subsample"":0.9,""tweedie_variance_power"":1.5}",ok,757,2.758710628406687,3.4874400984119336,2.5239630118890357,2.414668606592106,1.0930075501946268,1.4442727622710356,1.2347428999783006,
736e1bebb089e236f1dc,away,lightgbm,all,"{""colsample_bytree"":0.9,""learning_rate"":0.1,""min_child_samples"":30,""n_estimators"":500,""num_leaves"":15,""objective"":""tweedie"",""reg_lambda"":1.0,""subsample"":0.9,""tweedie_variance_power"":1.5}",ok,757,2.7436939217870244,3.2303031898834935,2.5239630118890357,2.414668606592106,1.0870578961985395,1.3377832391015,1.1910430999996606,
311fa61e71afc44104d9,away,lightgbm,all,"{""colsample_bytree"":0.9,""learning_rate"":0.1,""min_child_samples"":10,""n_estimators"":500,""num_leaves"":31,""objective"":""tweedie"",""reg_lambda"":1.0,""subsample"":0.9,""tweedie_variance_power"":1.5}",ok,757,2.807043868632659,3.810816065570149,2.5239630118890357,2.414668606592106,1.112157292087951,1.5781942313601647,2.574777499976335,
b643902fc94e7fb62829,away,lightgbm,all,"{""colsample_bytree"":0.9,""learning_rate"":0.1,""min_child_samples"":30,""n_estimators"":500,""num_leaves"":31,""objective"":""tweedie"",""reg_lambda"":1.0,""subsample"":0.9,""tweedie_variance_power"":1.5}",ok,757,2.7791746983235646,3.344153381049737,2.5239630118890357,2.414668606592106,1.1011154621650014,1.3849326453825233,2.0927615000109654,
7ae46cd2c1b8c2eedce9,away,lightgbm,all,"{""colsample_bytree"":0.9,""learning_rate"":0.025,""min_child_samples"":10,""n_estimators"":500,""num_leaves"":15,""objective"":""regression"",""reg_lambda"":1.0,""subsample"":0.9,""tweedie_variance_power"":null}",ok,757,2.7023050515867824,2.632674208528696,2.5239630118890357,2.414668606592106,1.070659529817859,1.090283859798164,1.3512678999977652,
3cff68603380b0c0b30d,away,lightgbm,all,"{""colsample_bytree"":0.9,""learning_rate"":0.025,""min_child_samples"":30,""n_estimators"":500,""num_leaves"":15,""objective"":""regression"",""reg_lambda"":1.0,""subsample"":0.9,""tweedie_variance_power"":null}",ok,757,2.7206895408651244,2.650593425580028,2.5239630118890357,2.414668606592106,1.077943507115364,1.097704843780153,1.2695359000063036,
2e28fc74da486940cef8,away,lightgbm,all,"{""colsample_bytree"":0.9,""learning_rate"":0.025,""min_child_samples"":10,""n_estimators"":500,""num_leaves"":31,""objective"":""regression"",""reg_lambda"":1.0,""subsample"":0.9,""tweedie_variance_power"":null}",ok,757,2.7030401627730036,2.642193775489049,2.5239630118890357,2.414668606592106,1.0709507825750344,1.0942262504576379,2.727538800012553,
e241f2fb236ce735c944,away,lightgbm,all,"{""colsample_bytree"":0.9,""learning_rate"":0.025,""min_child_samples"":30,""n_estimators"":500,""num_leaves"":31,""objective"":""regression"",""reg_lambda"":1.0,""subsample"":0.9,""tweedie_variance_power"":null}",ok,757,2.7523258756300413,2.6628140480694587,2.5239630118890357,2.414668606592106,1.090477896334182,1.102765837432064,2.380381800001487,
2f796d6cf63938a13cfa,away,lightgbm,all,"{""colsample_bytree"":0.9,""learning_rate"":0.05,""min_child_samples"":10,""n_estimators"":500,""num_leaves"":15,""objective"":""regression"",""reg_lambda"":1.0,""subsample"":0.9,""tweedie_variance_power"":null}",ok,757,2.7335790605192103,2.702179310075595,2.5239630118890357,2.414668606592106,1.0830503647013787,1.119068390046807,1.2982059999776538,
0a45b09ef19f12c11902,away,lightgbm,all,"{""colsample_bytree"":0.9,""learning_rate"":0.05,""min_child_samples"":30,""n_estimators"":500,""num_leaves"":15,""objective"":""regression"",""reg_lambda"":1.0,""subsample"":0.9,""tweedie_variance_power"":null}",ok,757,2.731011019692183,2.703193819721314,2.5239630118890357,2.414668606592106,1.0820329009687761,1.1194885345100885,1.2885210999811534,
0284fafaeb9ac1a671b1,away,lightgbm,all,"{""colsample_bytree"":0.9,""learning_rate"":0.05,""min_child_samples"":10,""n_estimators"":500,""num_leaves"":31,""objective"":""regression"",""reg_lambda"":1.0,""subsample"":0.9,""tweedie_variance_power"":null}",ok,757,2.731382678915104,2.658258420527681,2.5239630118890357,2.414668606592106,1.0821801532150137,1.100879190324738,2.6231296000187285,
1b42b59fe2e2d4f59bb4,away,lightgbm,all,"{""colsample_bytree"":0.9,""learning_rate"":0.05,""min_child_samples"":30,""n_estimators"":500,""num_leaves"":31,""objective"":""regression"",""reg_lambda"":1.0,""subsample"":0.9,""tweedie_variance_power"":null}",ok,757,2.785570626555504,2.7290017082812366,2.5239630118890357,2.414668606592106,1.1036495437667568,1.1301764974419235,2.1868320000066888,
b7df51e5e29bf5def3f8,away,lightgbm,all,"{""colsample_bytree"":0.9,""learning_rate"":0.1,""min_child_samples"":10,""n_estimators"":500,""num_leaves"":15,""objective"":""regression"",""reg_lambda"":1.0,""subsample"":0.9,""tweedie_variance_power"":null}",ok,757,2.751683387439512,2.75019305373096,2.5239630118890357,2.414668606592106,1.0902233410227518,1.1389525859668128,1.272496699995827,
6e9f6e0f7c97fb068ebd,away,lightgbm,all,"{""colsample_bytree"":0.9,""learning_rate"":0.1,""min_child_samples"":30,""n_estimators"":500,""num_leaves"":15,""objective"":""regression"",""reg_lambda"":1.0,""subsample"":0.9,""tweedie_variance_power"":null}",ok,757,2.778711154082216,2.807809922383107,2.5239630118890357,2.414668606592106,1.1009318048613226,1.162813776895809,1.2269931000191718,
8766eb8213453236e265,away,lightgbm,all,"{""colsample_bytree"":0.9,""learning_rate"":0.1,""min_child_samples"":10,""n_estimators"":500,""num_leaves"":31,""objective"":""regression"",""reg_lambda"":1.0,""subsample"":0.9,""tweedie_variance_power"":null}",ok,757,2.7618300035085372,2.7108675555414874,2.5239630118890357,2.414668606592106,1.0942434538458121,1.1226665009603183,2.679678899992723,
8b19db055f9b6e20a145,away,lightgbm,all,"{""colsample_bytree"":0.9,""learning_rate"":0.1,""min_child_samples"":30,""n_estimators"":500,""num_leaves"":31,""objective"":""regression"",""reg_lambda"":1.0,""subsample"":0.9,""tweedie_variance_power"":null}",ok,757,2.790095895998369,2.750991609587396,2.5239630118890357,2.414668606592106,1.1054424660170232,1.1392832962987631,2.2647746999864466,
bf7a565bfed0ab992891,away,xgboost,all,"{""colsample_bytree"":0.9,""learning_rate"":0.025,""max_depth"":3,""min_child_weight"":1.0,""n_estimators"":500,""objective"":""count:poisson"",""reg_lambda"":1.0,""subsample"":0.9,""tweedie_variance_power"":null}",ok,757,2.5945098639479403,2.4692546476422406,2.5239630118890357,2.414668606592106,1.0279508264291497,1.0226060176129814,1.9819505000195932,
7eb5cb6a5f47a47e463b,away,xgboost,all,"{""colsample_bytree"":0.9,""learning_rate"":0.025,""max_depth"":3,""min_child_weight"":5.0,""n_estimators"":500,""objective"":""count:poisson"",""reg_lambda"":1.0,""subsample"":0.9,""tweedie_variance_power"":null}",ok,757,2.5945098639479403,2.4692546476422406,2.5239630118890357,2.414668606592106,1.0279508264291497,1.0226060176129814,1.97529050000594,
eca7fbaea8cdc62c74fc,away,xgboost,all,"{""colsample_bytree"":0.9,""learning_rate"":0.025,""max_depth"":6,""min_child_weight"":1.0,""n_estimators"":500,""objective"":""count:poisson"",""reg_lambda"":1.0,""subsample"":0.9,""tweedie_variance_power"":null}",ok,757,2.59557635340067,2.6375865596560715,2.5239630118890357,2.414668606592106,1.0283733720241945,1.0923182388073434,6.600124499993399,
bf3805256fda25501888,away,xgboost,all,"{""colsample_bytree"":0.9,""learning_rate"":0.025,""max_depth"":6,""min_child_weight"":5.0,""n_estimators"":500,""objective"":""count:poisson"",""reg_lambda"":1.0,""subsample"":0.9,""tweedie_variance_power"":null}",ok,757,2.5968318166632005,2.635923603481345,2.5239630118890357,2.414668606592106,1.028870789481034,1.0916295496140576,6.701549799996428,
b01cef133f364a5f6166,away,xgboost,all,"{""colsample_bytree"":0.9,""learning_rate"":0.05,""max_depth"":3,""min_child_weight"":1.0,""n_estimators"":500,""objective"":""count:poisson"",""reg_lambda"":1.0,""subsample"":0.9,""tweedie_variance_power"":null}",ok,757,2.620433394786074,2.548140229923813,2.5239630118890357,2.414668606592106,1.0382217894805186,1.0552753379769488,1.9609586999868043,
906e5b7697b5453d1d13,away,xgboost,all,"{""colsample_bytree"":0.9,""learning_rate"":0.05,""max_depth"":3,""min_child_weight"":5.0,""n_estimators"":500,""objective"":""count:poisson"",""reg_lambda"":1.0,""subsample"":0.9,""tweedie_variance_power"":null}",ok,757,2.619168229903066,2.545660843878381,2.5239630118890357,2.414668606592106,1.0377205282191417,1.0542485361878078,1.9575866000086535,
4601a7587fc3c7dda766,away,xgboost,all,"{""colsample_bytree"":0.9,""learning_rate"":0.05,""max_depth"":6,""min_child_weight"":1.0,""n_estimators"":500,""objective"":""count:poisson"",""reg_lambda"":1.0,""subsample"":0.9,""tweedie_variance_power"":null}",ok,757,2.639527990921958,2.964026556937876,2.5239630118890357,2.414668606592106,1.0457871127621752,1.227508631555489,6.242084800003795,
aa02ddb91feab6588fb0,away,xgboost,all,"{""colsample_bytree"":0.9,""learning_rate"":0.05,""max_depth"":6,""min_child_weight"":5.0,""n_estimators"":500,""objective"":""count:poisson"",""reg_lambda"":1.0,""subsample"":0.9,""tweedie_variance_power"":null}",ok,757,2.657256920240042,2.9895356416837418,2.5239630118890357,2.414668606592106,1.0528113556827616,1.2380728492192403,6.192999699997017,
1bb288589d77bce49071,away,xgboost,all,"{""colsample_bytree"":0.9,""learning_rate"":0.1,""max_depth"":3,""min_child_weight"":1.0,""n_estimators"":500,""objective"":""count:poisson"",""reg_lambda"":1.0,""subsample"":0.9,""tweedie_variance_power"":null}",ok,757,2.6481537337032304,2.737332533318821,2.5239630118890357,2.414668606592106,1.0492046520607468,1.1336265878662746,1.9894694999966305,
69362b7c74a456bbce67,away,xgboost,all,"{""colsample_bytree"":0.9,""learning_rate"":0.1,""max_depth"":3,""min_child_weight"":5.0,""n_estimators"":500,""objective"":""count:poisson"",""reg_lambda"":1.0,""subsample"":0.9,""tweedie_variance_power"":null}",ok,757,2.6694816569828452,2.734313323102515,2.5239630118890357,2.414668606592106,1.0576548247372681,1.132376225722143,1.9907819000072777,
ed8698846c8f40377d75,away,xgboost,all,"{""colsample_bytree"":0.9,""learning_rate"":0.1,""max_depth"":6,""min_child_weight"":1.0,""n_estimators"":500,""objective"":""count:poisson"",""reg_lambda"":1.0,""subsample"":0.9,""tweedie_variance_power"":null}",ok,757,2.7554919723632945,3.5860826183468113,2.5239630118890357,2.414668606592106,1.0917323112041064,1.4851241319644093,6.062344700010726,
254b27bd227a1df194cf,away,xgboost,all,"{""colsample_bytree"":0.9,""learning_rate"":0.1,""max_depth"":6,""min_child_weight"":5.0,""n_estimators"":500,""objective"":""count:poisson"",""reg_lambda"":1.0,""subsample"":0.9,""tweedie_variance_power"":null}",ok,757,2.7238223192083946,3.438535669444388,2.5239630118890357,2.414668606592106,1.0791847211618906,1.4240197019405059,6.152260200004093,
3d0e8324f3273f245c11,away,xgboost,all,"{""colsample_bytree"":0.9,""learning_rate"":0.025,""max_depth"":3,""min_child_weight"":1.0,""n_estimators"":500,""objective"":""reg:tweedie"",""reg_lambda"":1.0,""subsample"":0.9,""tweedie_variance_power"":1.5}",ok,757,2.609715173392504,2.703395636051382,2.5239630118890357,2.414668606592106,1.033975205301954,1.1195721138176242,2.032735100015998,
071973a950423437f242,away,xgboost,all,"{""colsample_bytree"":0.9,""learning_rate"":0.025,""max_depth"":3,""min_child_weight"":5.0,""n_estimators"":500,""objective"":""reg:tweedie"",""reg_lambda"":1.0,""subsample"":0.9,""tweedie_variance_power"":1.5}",ok,757,2.6129340889274366,2.6815610981660023,2.5239630118890357,2.414668606592106,1.0352505471036246,1.1105296564693279,2.001379799999995,
8b1527a81d21a92aa996,away,xgboost,all,"{""colsample_bytree"":0.9,""learning_rate"":0.025,""max_depth"":6,""min_child_weight"":1.0,""n_estimators"":500,""objective"":""reg:tweedie"",""reg_lambda"":1.0,""subsample"":0.9,""tweedie_variance_power"":1.5}",ok,757,2.7255746022240803,3.3754473501167817,2.5239630118890357,2.414668606592106,1.0798789797573738,1.3978925890292877,6.524835599993821,
145fd0d226e232379878,away,xgboost,all,"{""colsample_bytree"":0.9,""learning_rate"":0.025,""max_depth"":6,""min_child_weight"":5.0,""n_estimators"":500,""objective"":""reg:tweedie"",""reg_lambda"":1.0,""subsample"":0.9,""tweedie_variance_power"":1.5}",ok,757,2.6773777416706714,3.1379276032785794,2.5239630118890357,2.414668606592106,1.0607832718066712,1.2995272290002686,5.983257600018987,
90b17855beeae6edf2b6,away,xgboost,all,"{""colsample_bytree"":0.9,""learning_rate"":0.05,""max_depth"":3,""min_child_weight"":1.0,""n_estimators"":500,""objective"":""reg:tweedie"",""reg_lambda"":1.0,""subsample"":0.9,""tweedie_variance_power"":1.5}",ok,757,2.6846157489553626,3.0412843882009404,2.5239630118890357,2.414668606592106,1.0636509870824484,1.2595038424312792,2.0436632999917492,
ae22e06152e2c8fb01ec,away,xgboost,all,"{""colsample_bytree"":0.9,""learning_rate"":0.05,""max_depth"":3,""min_child_weight"":5.0,""n_estimators"":500,""objective"":""reg:tweedie"",""reg_lambda"":1.0,""subsample"":0.9,""tweedie_variance_power"":1.5}",ok,757,2.6805343749973543,2.9888671894490932,2.5239630118890357,2.414668606592106,1.0620339372529608,1.2377960194162505,2.027842800016515,
56759c99edc55f82723a,away,xgboost,all,"{""colsample_bytree"":0.9,""learning_rate"":0.05,""max_depth"":6,""min_child_weight"":1.0,""n_estimators"":500,""objective"":""reg:tweedie"",""reg_lambda"":1.0,""subsample"":0.9,""tweedie_variance_power"":1.5}",ok,757,2.851332015885702,4.02418581209213,2.5239630118890357,2.414668606592106,1.1297043587622349,1.6665582188404657,6.450668899982702,
73e80875d0b34ac3ec71,away,xgboost,all,"{""colsample_bytree"":0.9,""learning_rate"":0.05,""max_depth"":6,""min_child_weight"":5.0,""n_estimators"":500,""objective"":""reg:tweedie"",""reg_lambda"":1.0,""subsample"":0.9,""tweedie_variance_power"":1.5}",ok,757,2.7952538934220095,3.66286995011552,2.5239630118890357,2.414668606592106,1.1074860765609749,1.5169244922950473,5.746055299998261,
2466091b2d707fcd97d0,away,xgboost,all,"{""colsample_bytree"":0.9,""learning_rate"":0.1,""max_depth"":3,""min_child_weight"":1.0,""n_estimators"":500,""objective"":""reg:tweedie"",""reg_lambda"":1.0,""subsample"":0.9,""tweedie_variance_power"":1.5}",ok,757,2.8134040629375563,3.5539002976360274,2.5239630118890357,2.414668606592106,1.1146772158249225,1.4717962903620772,2.0239601000212133,
6592ea4992fbe025fbf2,away,xgboost,all,"{""colsample_bytree"":0.9,""learning_rate"":0.1,""max_depth"":3,""min_child_weight"":5.0,""n_estimators"":500,""objective"":""reg:tweedie"",""reg_lambda"":1.0,""subsample"":0.9,""tweedie_variance_power"":1.5}",ok,757,2.7768167105344674,3.4605962181952523,2.5239630118890357,2.414668606592106,1.1001812219332747,1.4331557584124535,2.0044777000148315,
d5d470a8b9744f7444c7,away,xgboost,all,"{""colsample_bytree"":0.9,""learning_rate"":0.1,""max_depth"":6,""min_child_weight"":1.0,""n_estimators"":500,""objective"":""reg:tweedie"",""reg_lambda"":1.0,""subsample"":0.9,""tweedie_variance_power"":1.5}",ok,757,2.956958268600537,4.7606340310691335,2.5239630118890357,2.414668606592106,1.171553725102901,1.9715475730592937,6.040564800001448,
d8a0c579fbbdc7af5f9d,away,xgboost,all,"{""colsample_bytree"":0.9,""learning_rate"":0.1,""max_depth"":6,""min_child_weight"":5.0,""n_estimators"":500,""objective"":""reg:tweedie"",""reg_lambda"":1.0,""subsample"":0.9,""tweedie_variance_power"":1.5}",ok,757,2.879741489257334,4.2404294847816235,2.5239630118890357,2.414668606592106,1.1409602580118712,1.7561124011821516,5.647440899978392,
65bbb69dd382fe7e1f60,away,xgboost,all,"{""colsample_bytree"":0.9,""learning_rate"":0.025,""max_depth"":3,""min_child_weight"":1.0,""n_estimators"":500,""objective"":""reg:squarederror"",""reg_lambda"":1.0,""subsample"":0.9,""tweedie_variance_power"":null}",ok,757,2.6801516178262124,2.5476951299078467,2.5239630118890357,2.414668606592106,1.061882287973895,1.0550910062575771,1.9489201999967918,
b1ae0105fb59d269a7c5,away,xgboost,all,"{""colsample_bytree"":0.9,""learning_rate"":0.025,""max_depth"":3,""min_child_weight"":5.0,""n_estimators"":500,""objective"":""reg:squarederror"",""reg_lambda"":1.0,""subsample"":0.9,""tweedie_variance_power"":null}",ok,757,2.6783283953622594,2.5746391055106055,2.5239630118890357,2.414668606592106,1.0611599230044542,1.0662494631693045,1.9455755000235513,
980f8627f40a2e41af95,away,xgboost,all,"{""colsample_bytree"":0.9,""learning_rate"":0.025,""max_depth"":6,""min_child_weight"":1.0,""n_estimators"":500,""objective"":""reg:squarederror"",""reg_lambda"":1.0,""subsample"":0.9,""tweedie_variance_power"":null}",ok,757,2.6793463381309963,2.5430647446597776,2.5239630118890357,2.414668606592106,1.0615632342906902,1.0531733993298902,7.178033000003779,
05e44bb38cb42ac8abc4,away,xgboost,all,"{""colsample_bytree"":0.9,""learning_rate"":0.025,""max_depth"":6,""min_child_weight"":5.0,""n_estimators"":500,""objective"":""reg:squarederror"",""reg_lambda"":1.0,""subsample"":0.9,""tweedie_variance_power"":null}",ok,757,2.6831681614980356,2.56800546919915,2.5239630118890357,2.414668606592106,1.0630774495739714,1.063502238853162,5.603312699997332,
56855a667c9c5f488206,away,xgboost,all,"{""colsample_bytree"":0.9,""learning_rate"":0.05,""max_depth"":3,""min_child_weight"":1.0,""n_estimators"":500,""objective"":""reg:squarederror"",""reg_lambda"":1.0,""subsample"":0.9,""tweedie_variance_power"":null}",ok,757,2.726868200333619,2.6411023223564594,2.5239630118890357,2.414668606592106,1.080391506329057,1.0937742409646538,1.9970487999962643,
c24e7020561cd2f63581,away,xgboost,all,"{""colsample_bytree"":0.9,""learning_rate"":0.05,""max_depth"":3,""min_child_weight"":5.0,""n_estimators"":500,""objective"":""reg:squarederror"",""reg_lambda"":1.0,""subsample"":0.9,""tweedie_variance_power"":null}",ok,757,2.7435126260533202,2.668665947716331,2.5239630118890357,2.414668606592106,1.0869860664083046,1.105189316840748,1.9189639999822248,
afe7d11a9a105ea099d1,away,xgboost,all,"{""colsample_bytree"":0.9,""learning_rate"":0.05,""max_depth"":6,""min_child_weight"":1.0,""n_estimators"":500,""objective"":""reg:squarederror"",""reg_lambda"":1.0,""subsample"":0.9,""tweedie_variance_power"":null}",ok,757,2.744066856968828,2.6303605236864236,2.5239630118890357,2.414668606592106,1.087205653982646,1.0893256807602802,6.93692119998741,
7945ad968605fd37a156,away,xgboost,all,"{""colsample_bytree"":0.9,""learning_rate"":0.05,""max_depth"":6,""min_child_weight"":5.0,""n_estimators"":500,""objective"":""reg:squarederror"",""reg_lambda"":1.0,""subsample"":0.9,""tweedie_variance_power"":null}",ok,757,2.732493606237313,2.6351606249111215,2.5239630118890357,2.414668606592106,1.082620305197026,1.0913135730994583,5.485209999984363,
ae2af30cf45b616b4511,away,xgboost,all,"{""colsample_bytree"":0.9,""learning_rate"":0.1,""max_depth"":3,""min_child_weight"":1.0,""n_estimators"":500,""objective"":""reg:squarederror"",""reg_lambda"":1.0,""subsample"":0.9,""tweedie_variance_power"":null}",failed,757,,,2.5239630118890357,2.414668606592106,,,0.4776704999967478,RuntimeError: xgboost emitted invalid predictions: nonfinite=0 nonpositive=1
025befa867ecd0aa8be6,away,xgboost,all,"{""colsample_bytree"":0.9,""learning_rate"":0.1,""max_depth"":3,""min_child_weight"":5.0,""n_estimators"":500,""objective"":""reg:squarederror"",""reg_lambda"":1.0,""subsample"":0.9,""tweedie_variance_power"":null}",failed,757,,,2.5239630118890357,2.414668606592106,,,0.9509929000050761,RuntimeError: xgboost emitted invalid predictions: nonfinite=0 nonpositive=1
3d58622360d041cf50c4,away,xgboost,all,"{""colsample_bytree"":0.9,""learning_rate"":0.1,""max_depth"":6,""min_child_weight"":1.0,""n_estimators"":500,""objective"":""reg:squarederror"",""reg_lambda"":1.0,""subsample"":0.9,""tweedie_variance_power"":null}",ok,757,2.745836031326687,2.658759963470768,2.5239630118890357,2.414668606592106,1.0879066049670802,1.1010868970641712,7.125069500005338,
1436bee7b3dd5705e92c,away,xgboost,all,"{""colsample_bytree"":0.9,""learning_rate"":0.1,""max_depth"":6,""min_child_weight"":5.0,""n_estimators"":500,""objective"":""reg:squarederror"",""reg_lambda"":1.0,""subsample"":0.9,""tweedie_variance_power"":null}",ok,757,2.7920402519926526,2.697498357410829,2.5239630118890357,2.414668606592106,1.1062128243721674,1.1171298413565283,5.399856600008206,
f14159a5d188f2dce887,away,hist_gradient_boosting,dratings_only,"{""l2_regularization"":0.0,""learning_rate"":0.025,""loss"":""poisson"",""max_iter"":300,""max_leaf_nodes"":15,""min_samples_leaf"":10}",ok,757,2.6218175740077414,2.5339271543721464,2.5239630118890357,2.414668606592106,1.0387702044989429,1.0493891987722297,1.092053800006397,
ffd3ad84d58d6acdf470,away,hist_gradient_boosting,dratings_only,"{""l2_regularization"":5.0,""learning_rate"":0.025,""loss"":""poisson"",""max_iter"":300,""max_leaf_nodes"":15,""min_samples_leaf"":10}",ok,757,2.615596786478932,2.5322503987692673,2.5239630118890357,2.414668606592106,1.036305514050031,1.0486947947458132,1.0871232000063173,
42f5ef3faf92fb9b0662,away,hist_gradient_boosting,dratings_only,"{""l2_regularization"":0.0,""learning_rate"":0.025,""loss"":""poisson"",""max_iter"":300,""max_leaf_nodes"":15,""min_samples_leaf"":30}",ok,757,2.6684649795344084,2.622209302171773,2.5239630118890357,2.414668606592106,1.05725201477387,1.0859499705313913,1.0787114000122529,
18c728bc9b12ac79aa01,away,hist_gradient_boosting,dratings_only,"{""l2_regularization"":5.0,""learning_rate"":0.025,""loss"":""poisson"",""max_iter"":300,""max_leaf_nodes"":15,""min_samples_leaf"":30}",ok,757,2.664024562146519,2.6214481282329576,2.5239630118890357,2.414668606592106,1.0554927111046115,1.0856347413787293,1.0863475000078324,
61e92bf3554a708cb8ed,away,hist_gradient_boosting,dratings_only,"{""l2_regularization"":0.0,""learning_rate"":0.025,""loss"":""poisson"",""max_iter"":300,""max_leaf_nodes"":31,""min_samples_leaf"":10}",ok,757,2.7164921481888427,2.725943676832515,2.5239630118890357,2.414668606592106,1.0762804904005745,1.1289100580471456,2.08062650001375,
f1b71090a949cccf5d1f,away,hist_gradient_boosting,dratings_only,"{""l2_regularization"":5.0,""learning_rate"":0.025,""loss"":""poisson"",""max_iter"":300,""max_leaf_nodes"":31,""min_samples_leaf"":10}",ok,757,2.7116852239738205,2.7078168865599808,2.5239630118890357,2.414668606592106,1.0743759758762415,1.12140311062461,2.0827431000070646,
4401fc29c1e5668a15e0,away,hist_gradient_boosting,dratings_only,"{""l2_regularization"":0.0,""learning_rate"":0.025,""loss"":""poisson"",""max_iter"":300,""max_leaf_nodes"":31,""min_samples_leaf"":30}",ok,757,2.7293129722482563,2.741723977005601,2.5239630118890357,2.414668606592106,1.081360130632631,1.1354452406100886,1.8491122999985237,
abb0c9c1cb7b30d93877,away,hist_gradient_boosting,dratings_only,"{""l2_regularization"":5.0,""learning_rate"":0.025,""loss"":""poisson"",""max_iter"":300,""max_leaf_nodes"":31,""min_samples_leaf"":30}",ok,757,2.7337683775297434,2.751090503633212,2.5239630118890357,2.414668606592106,1.0831253725400996,1.1393242518342541,1.8820779000234324,
a7c1a0da90372f4b4022,away,hist_gradient_boosting,dratings_only,"{""l2_regularization"":0.0,""learning_rate"":0.05,""loss"":""poisson"",""max_iter"":300,""max_leaf_nodes"":15,""min_samples_leaf"":10}",ok,757,2.6956127541877217,2.6707212731474894,2.5239630118890357,2.414668606592106,1.0680080260646199,1.106040500073738,1.1160025999997742,
ca35651669ade97bb0c5,away,hist_gradient_boosting,dratings_only,"{""l2_regularization"":5.0,""learning_rate"":0.05,""loss"":""poisson"",""max_iter"":300,""max_leaf_nodes"":15,""min_samples_leaf"":10}",ok,757,2.6804901702577895,2.6560706226068027,2.5239630118890357,2.414668606592106,1.0620164232326061,1.0999731455304729,1.0838494000199717,
3b98ccff992b1c84bfda,away,hist_gradient_boosting,dratings_only,"{""l2_regularization"":0.0,""learning_rate"":0.05,""loss"":""poisson"",""max_iter"":300,""max_leaf_nodes"":15,""min_samples_leaf"":30}",ok,757,2.7214281996857523,2.72764037274394,2.5239630118890357,2.414668606592106,1.0782361654535206,1.1296127200632886,1.0927569000050426,
adaef65603134e9896f6,away,hist_gradient_boosting,dratings_only,"{""l2_regularization"":5.0,""learning_rate"":0.05,""loss"":""poisson"",""max_iter"":300,""max_leaf_nodes"":15,""min_samples_leaf"":30}",ok,757,2.716498050805436,2.7137338687656225,2.5239630118890357,2.414668606592106,1.0762828290309607,1.1238535430315617,1.107321299990872,
8ddba9b5ad83dd1c7214,away,hist_gradient_boosting,dratings_only,"{""l2_regularization"":0.0,""learning_rate"":0.05,""loss"":""poisson"",""max_iter"":300,""max_leaf_nodes"":31,""min_samples_leaf"":10}",ok,757,2.8206095194095315,2.941242527387435,2.5239630118890357,2.414668606592106,1.1175320343931956,1.2180729559980896,2.041594099981012,
107018cf0206a5aafa49,away,hist_gradient_boosting,dratings_only,"{""l2_regularization"":5.0,""learning_rate"":0.05,""loss"":""poisson"",""max_iter"":300,""max_leaf_nodes"":31,""min_samples_leaf"":10}",ok,757,2.80003852514096,2.917703049485195,2.5239630118890357,2.414668606592106,1.1093817587466537,1.208324422456892,2.0835803999798372,
ce60dc56234be965364e,away,hist_gradient_boosting,dratings_only,"{""l2_regularization"":0.0,""learning_rate"":0.05,""loss"":""poisson"",""max_iter"":300,""max_leaf_nodes"":31,""min_samples_leaf"":30}",ok,757,2.819048361936738,2.9407075072453863,2.5239630118890357,2.414668606592106,1.116913500181149,1.2178513851619972,1.864158900018083,
64d823c1533e57944359,away,hist_gradient_boosting,dratings_only,"{""l2_regularization"":5.0,""learning_rate"":0.05,""loss"":""poisson"",""max_iter"":300,""max_leaf_nodes"":31,""min_samples_leaf"":30}",ok,757,2.814550984441786,2.9235801346348733,2.5239630118890357,2.414668606592106,1.1151316287853452,1.2107583320764703,1.829140699992422,
3b88fc69a989f5a44f64,away,hist_gradient_boosting,dratings_only,"{""l2_regularization"":0.0,""learning_rate"":0.1,""loss"":""poisson"",""max_iter"":300,""max_leaf_nodes"":15,""min_samples_leaf"":10}",ok,757,2.7793170463135386,2.848305342410729,2.5239630118890357,2.414668606592106,1.1011718607688255,1.1795843680721998,1.078643299988471,
9d98aaeda42609741c66,away,hist_gradient_boosting,dratings_only,"{""l2_regularization"":5.0,""learning_rate"":0.1,""loss"":""poisson"",""max_iter"":300,""max_leaf_nodes"":15,""min_samples_leaf"":10}",ok,757,2.7886841374408435,2.8328588911780233,2.5239630118890357,2.414668606592106,1.1048831240017578,1.1731874442083883,1.0909353999886662,
2ac588f3bd0f06120d6f,away,hist_gradient_boosting,dratings_only,"{""l2_regularization"":0.0,""learning_rate"":0.1,""loss"":""poisson"",""max_iter"":300,""max_leaf_nodes"":15,""min_samples_leaf"":30}",ok,757,2.8077185159310627,2.8913364114837368,2.5239630118890357,2.414668606592106,1.1124245889125186,1.1974050615435656,1.0972986000124365,
a3bd014e20c672425983,away,hist_gradient_boosting,dratings_only,"{""l2_regularization"":5.0,""learning_rate"":0.1,""loss"":""poisson"",""max_iter"":300,""max_leaf_nodes"":15,""min_samples_leaf"":30}",ok,757,2.7985038596479415,2.8806892689489922,2.5239630118890357,2.414668606592106,1.108773720718446,1.1929957018054727,1.1002630000002682,
41d958643a19cb59ef55,away,hist_gradient_boosting,dratings_only,"{""l2_regularization"":0.0,""learning_rate"":0.1,""loss"":""poisson"",""max_iter"":300,""max_leaf_nodes"":31,""min_samples_leaf"":10}",ok,757,2.946260329802393,3.2742712509991656,2.5239630118890357,2.414668606592106,1.1673151769356924,1.3559919742445496,1.961937099986244,
67043e12e7fe9e592363,away,hist_gradient_boosting,dratings_only,"{""l2_regularization"":5.0,""learning_rate"":0.1,""loss"":""poisson"",""max_iter"":300,""max_leaf_nodes"":31,""min_samples_leaf"":10}",ok,757,2.9123494852053695,3.2106478392510116,2.5239630118890357,2.414668606592106,1.1538796216453464,1.3296432605641462,1.9635526000056416,
2f9b8a62a663cf807826,away,hist_gradient_boosting,dratings_only,"{""l2_regularization"":0.0,""learning_rate"":0.1,""loss"":""poisson"",""max_iter"":300,""max_leaf_nodes"":31,""min_samples_leaf"":30}",ok,757,2.9316041400657333,3.196064072079582,2.5239630118890357,2.414668606592106,1.1615083605649208,1.3236036047987068,1.8457849000114948,
27006c739b4f664ca6b8,away,hist_gradient_boosting,dratings_only,"{""l2_regularization"":5.0,""learning_rate"":0.1,""loss"":""poisson"",""max_iter"":300,""max_leaf_nodes"":31,""min_samples_leaf"":30}",ok,757,2.9165025489930367,3.1576667016113853,2.5239630118890357,2.414668606592106,1.1555250751516397,1.3077018904336917,1.8723597000062,
c7958e854d9f84ffdea2,away,hist_gradient_boosting,dratings_only,"{""l2_regularization"":0.0,""learning_rate"":0.025,""loss"":""squared_error"",""max_iter"":300,""max_leaf_nodes"":15,""min_samples_leaf"":10}",ok,757,2.6122703309890385,2.5536813518244617,2.5239630118890357,2.414668606592106,1.0349875646687507,1.0575701132871183,1.093034899997292,
0404491a37ca49277522,away,hist_gradient_boosting,dratings_only,"{""l2_regularization"":5.0,""learning_rate"":0.025,""loss"":""squared_error"",""max_iter"":300,""max_leaf_nodes"":15,""min_samples_leaf"":10}",ok,757,2.6021366993500563,2.5274093687310066,2.5239630118890357,2.414668606592106,1.0309725963069927,1.0466899523318087,1.1102086000028066,
e989aa4e682543ed830f,away,hist_gradient_boosting,dratings_only,"{""l2_regularization"":0.0,""learning_rate"":0.025,""loss"":""squared_error"",""max_iter"":300,""max_leaf_nodes"":15,""min_samples_leaf"":30}",ok,757,2.6583735200387686,2.617972067156832,2.5239630118890357,2.414668606592106,1.0532537551131285,1.084195181073586,1.1312327999912668,
7ffa04c2b3d414c4cb85,away,hist_gradient_boosting,dratings_only,"{""l2_regularization"":5.0,""learning_rate"":0.025,""loss"":""squared_error"",""max_iter"":300,""max_leaf_nodes"":15,""min_samples_leaf"":30}",ok,757,2.6576837296632756,2.608289870098786,2.5239630118890357,2.414668606592106,1.0529804585662916,1.0801854395166646,1.1113998999935575,
f2fb3009367ca59f16cc,away,hist_gradient_boosting,dratings_only,"{""l2_regularization"":0.0,""learning_rate"":0.025,""loss"":""squared_error"",""max_iter"":300,""max_leaf_nodes"":31,""min_samples_leaf"":10}",ok,757,2.7228039462713363,2.767584600727881,2.5239630118890357,2.414668606592106,1.0787812394419678,1.1461550430449567,1.989098100020783,
1a6257fd375ef9ac6c78,away,hist_gradient_boosting,dratings_only,"{""l2_regularization"":5.0,""learning_rate"":0.025,""loss"":""squared_error"",""max_iter"":300,""max_leaf_nodes"":31,""min_samples_leaf"":10}",ok,757,2.6964110098139504,2.703359589319851,2.5239630118890357,2.414668606592106,1.0683242967953985,1.1195571855863,2.0133245999750216,
73a5505fd0501f18d124,away,hist_gradient_boosting,dratings_only,"{""l2_regularization"":0.0,""learning_rate"":0.025,""loss"":""squared_error"",""max_iter"":300,""max_leaf_nodes"":31,""min_samples_leaf"":30}",ok,757,2.7219773618895857,2.7431923452529876,2.5239630118890357,2.414668606592106,1.0784537447925389,1.136053344034044,1.7956216000020504,
f4fdeb4ef310b160229f,away,hist_gradient_boosting,dratings_only,"{""l2_regularization"":5.0,""learning_rate"":0.025,""loss"":""squared_error"",""max_iter"":300,""max_leaf_nodes"":31,""min_samples_leaf"":30}",ok,757,2.723995414228264,2.7342671903925475,2.5239630118890357,2.414668606592106,1.0792533018102812,1.132357120529057,1.8644439999770839,
56be93471fe78f0ff61d,away,hist_gradient_boosting,dratings_only,"{""l2_regularization"":0.0,""learning_rate"":0.05,""loss"":""squared_error"",""max_iter"":300,""max_leaf_nodes"":15,""min_samples_leaf"":10}",ok,757,2.690191853176691,2.7025427756845155,2.5239630118890357,2.414668606592106,1.065860252509502,1.1192189140598863,1.1762742999999318,
2c21addecfcaf069cdcf,away,hist_gradient_boosting,dratings_only,"{""l2_regularization"":5.0,""learning_rate"":0.05,""loss"":""squared_error"",""max_iter"":300,""max_leaf_nodes"":15,""min_samples_leaf"":10}",ok,757,2.6763234893226002,2.6673404876383873,2.5239630118890357,2.414668606592106,1.0603655745808778,1.1046403967635479,1.1453346000052989,
0143aa73be3b7b27e4c5,away,hist_gradient_boosting,dratings_only,"{""l2_regularization"":0.0,""learning_rate"":0.05,""loss"":""squared_error"",""max_iter"":300,""max_leaf_nodes"":15,""min_samples_leaf"":30}",ok,757,2.719145411487707,2.732910472673519,2.5239630118890357,2.414668606592106,1.0773317194742047,1.1317952555529172,1.0575494000222534,
47d700aaba89fd3a3bda,away,hist_gradient_boosting,dratings_only,"{""l2_regularization"":5.0,""learning_rate"":0.05,""loss"":""squared_error"",""max_iter"":300,""max_leaf_nodes"":15,""min_samples_leaf"":30}",ok,757,2.697786264674796,2.705582112944317,2.5239630118890357,2.414668606592106,1.068869175961364,1.1204776115273167,1.096597700001439,
41af8ab0ad767b452714,away,hist_gradient_boosting,dratings_only,"{""l2_regularization"":0.0,""learning_rate"":0.05,""loss"":""squared_error"",""max_iter"":300,""max_leaf_nodes"":31,""min_samples_leaf"":10}",failed,757,,,2.5239630118890357,2.414668606592106,,,1.9804970999830402,RuntimeError: hist_gradient_boosting emitted invalid predictions: nonfinite=0 nonpositive=1
806951a2d303e5c4c502,away,hist_gradient_boosting,dratings_only,"{""l2_regularization"":5.0,""learning_rate"":0.05,""loss"":""squared_error"",""max_iter"":300,""max_leaf_nodes"":31,""min_samples_leaf"":10}",ok,757,2.801788896154041,2.98629731722743,2.5239630118890357,2.414668606592106,1.1100752598022698,1.2367317440889252,2.014391600008821,
c791a72f75535057970d,away,hist_gradient_boosting,dratings_only,"{""l2_regularization"":0.0,""learning_rate"":0.05,""loss"":""squared_error"",""max_iter"":300,""max_leaf_nodes"":31,""min_samples_leaf"":30}",ok,757,2.814309051171457,2.9897322071101105,2.5239630118890357,2.414668606592106,1.1150357742624424,1.2381542539411272,1.8122754000069108,
842d0422274d7ad85291,away,hist_gradient_boosting,dratings_only,"{""l2_regularization"":5.0,""learning_rate"":0.05,""loss"":""squared_error"",""max_iter"":300,""max_leaf_nodes"":31,""min_samples_leaf"":30}",ok,757,2.788892335271406,2.9191795287354556,2.5239630118890357,2.414668606592106,1.104965612465171,1.2089358849351095,1.827416699990863,
704992f2eafd7b387c7c,away,hist_gradient_boosting,dratings_only,"{""l2_regularization"":0.0,""learning_rate"":0.1,""loss"":""squared_error"",""max_iter"":300,""max_leaf_nodes"":15,""min_samples_leaf"":10}",failed,757,,,2.5239630118890357,2.414668606592106,,,1.0746094000060111,RuntimeError: hist_gradient_boosting emitted invalid predictions: nonfinite=0 nonpositive=1
2851e3b5875d3f819e96,away,hist_gradient_boosting,dratings_only,"{""l2_regularization"":5.0,""learning_rate"":0.1,""loss"":""squared_error"",""max_iter"":300,""max_leaf_nodes"":15,""min_samples_leaf"":10}",ok,757,2.7655469211111225,2.8995422513023614,2.5239630118890357,2.414668606592106,1.0957161052218731,1.20080339115129,1.0909756000037305,
fc00a51e8c6520bda798,away,hist_gradient_boosting,dratings_only,"{""l2_regularization"":0.0,""learning_rate"":0.1,""loss"":""squared_error"",""max_iter"":300,""max_leaf_nodes"":15,""min_samples_leaf"":30}",ok,757,2.8017611275833083,2.955698715137673,2.5239630118890357,2.414668606592106,1.1100642578301325,1.2240597765956542,1.0711351999780163,
98a6cc7d608a36a34fe8,away,hist_gradient_boosting,dratings_only,"{""l2_regularization"":5.0,""learning_rate"":0.1,""loss"":""squared_error"",""max_iter"":300,""max_leaf_nodes"":15,""min_samples_leaf"":30}",ok,757,2.79353250250967,2.933208858973145,2.5239630118890357,2.414668606592106,1.106804057488496,1.2147459286816464,1.050629699981073,
bc46100d2b50fb30d5bc,away,hist_gradient_boosting,dratings_only,"{""l2_regularization"":0.0,""learning_rate"":0.1,""loss"":""squared_error"",""max_iter"":300,""max_leaf_nodes"":31,""min_samples_leaf"":10}",failed,757,,,2.5239630118890357,2.414668606592106,,,1.997491899994202,RuntimeError: hist_gradient_boosting emitted invalid predictions: nonfinite=0 nonpositive=1
a641e21863526c9d162a,away,hist_gradient_boosting,dratings_only,"{""l2_regularization"":5.0,""learning_rate"":0.1,""loss"":""squared_error"",""max_iter"":300,""max_leaf_nodes"":31,""min_samples_leaf"":10}",failed,757,,,2.5239630118890357,2.414668606592106,,,1.972287900018273,RuntimeError: hist_gradient_boosting emitted invalid predictions: nonfinite=0 nonpositive=1
17b6103daff947d70420,away,hist_gradient_boosting,dratings_only,"{""l2_regularization"":0.0,""learning_rate"":0.1,""loss"":""squared_error"",""max_iter"":300,""max_leaf_nodes"":31,""min_samples_leaf"":30}",ok,757,2.9474831897455784,3.394730327752254,2.5239630118890357,2.414668606592106,1.1677996768817793,1.4058783546879081,1.847402300016256,
1d85a51e6ba73ec4f5d0,away,hist_gradient_boosting,dratings_only,"{""l2_regularization"":5.0,""learning_rate"":0.1,""loss"":""squared_error"",""max_iter"":300,""max_leaf_nodes"":31,""min_samples_leaf"":30}",failed,757,,,2.5239630118890357,2.414668606592106,,,0.8142613999953028,RuntimeError: hist_gradient_boosting emitted invalid predictions: nonfinite=0 nonpositive=1
24bfef3ee7784fa18117,away,random_forest,dratings_only,"{""criterion"":""poisson"",""max_depth"":null,""max_features"":0.6,""max_samples"":null,""min_samples_leaf"":2,""n_estimators"":400}",ok,757,2.7771750775919366,2.8291714229806124,2.5239630118890357,2.414668606592106,1.100323207792727,1.171660332708556,1.8979227999807335,
4451068a0ec4286772c0,away,random_forest,dratings_only,"{""criterion"":""poisson"",""max_depth"":null,""max_features"":1.0,""max_samples"":null,""min_samples_leaf"":2,""n_estimators"":400}",ok,757,2.773582802508661,2.8235703125397924,2.5239630118890357,2.414668606592106,1.0988999400719426,1.1693407140140781,2.032242999994196,
d10746f96e968a7a8db7,away,random_forest,dratings_only,"{""criterion"":""poisson"",""max_depth"":null,""max_features"":0.6,""max_samples"":null,""min_samples_leaf"":8,""n_estimators"":400}",ok,757,2.6423644130708093,2.5705744373114423,2.5239630118890357,2.414668606592106,1.0469109097970326,1.0645661397566977,1.8328861000190955,
a9075ec6708782664fcb,away,random_forest,dratings_only,"{""criterion"":""poisson"",""max_depth"":null,""max_features"":1.0,""max_samples"":null,""min_samples_leaf"":8,""n_estimators"":400}",ok,757,2.6467043745150938,2.5810589479759103,2.5239630118890357,2.414668606592106,1.0486304125884134,1.0689081478632532,1.9767982000194024,
815186332093b3756770,away,random_forest,dratings_only,"{""criterion"":""poisson"",""max_depth"":14,""max_features"":0.6,""max_samples"":null,""min_samples_leaf"":2,""n_estimators"":400}",ok,757,2.7177705821840648,2.7037123131325917,2.5239630118890357,2.414668606592106,1.0767870089149902,1.119703261040206,1.8711222000129055,
9dc7195b0c2657af61da,away,random_forest,dratings_only,"{""criterion"":""poisson"",""max_depth"":14,""max_features"":1.0,""max_samples"":null,""min_samples_leaf"":2,""n_estimators"":400}",ok,757,2.7147194528258347,2.7038390589343924,2.5239630118890357,2.414668606592106,1.075578144385733,1.1197557509766944,1.9980795000155922,
92dbf62a4bfc9b4e4e0d,away,random_forest,dratings_only,"{""criterion"":""poisson"",""max_depth"":14,""max_features"":0.6,""max_samples"":null,""min_samples_leaf"":8,""n_estimators"":400}",ok,757,2.6427263150110916,2.5682573733593532,2.5239630118890357,2.414668606592106,1.0470542961852554,1.0636065613094674,1.835502500005532,
810ea89e72b7dc6a91d1,away,random_forest,dratings_only,"{""criterion"":""poisson"",""max_depth"":14,""max_features"":1.0,""max_samples"":null,""min_samples_leaf"":8,""n_estimators"":400}",ok,757,2.6424443411482175,2.5727601911624913,2.5239630118890357,2.414668606592106,1.0469425774867063,1.0654713380290741,1.8761172000085935,
08fc777a53076d2947ff,away,random_forest,dratings_only,"{""criterion"":""squared_error"",""max_depth"":null,""max_features"":0.6,""max_samples"":null,""min_samples_leaf"":2,""n_estimators"":400}",ok,757,2.775455574487526,2.8234598128251553,2.5239630118890357,2.414668606592106,1.0996419366741286,1.1692949521590825,1.8513794000027701,
78b9bcec88a7a5add23c,away,random_forest,dratings_only,"{""criterion"":""squared_error"",""max_depth"":null,""max_features"":1.0,""max_samples"":null,""min_samples_leaf"":2,""n_estimators"":400}",ok,757,2.7790002613891316,2.830573297994759,2.5239630118890357,2.414668606592106,1.1010463498469478,1.1722408989238615,1.9154940999869723,
34efe25dfe8b71c0bbc0,away,random_forest,dratings_only,"{""criterion"":""squared_error"",""max_depth"":null,""max_features"":0.6,""max_samples"":null,""min_samples_leaf"":8,""n_estimators"":400}",ok,757,2.642777498348551,2.5665896890435858,2.5239630118890357,2.414668606592106,1.0470745751422839,1.0629159140251094,1.8157481000234839,
f16452b2f73a09537e0a,away,random_forest,dratings_only,"{""criterion"":""squared_error"",""max_depth"":null,""max_features"":1.0,""max_samples"":null,""min_samples_leaf"":8,""n_estimators"":400}",ok,757,2.6456270032402687,2.58435162651865,2.5239630118890357,2.414668606592106,1.0482035555902123,1.070271762950537,1.8513668999949005,
f53dd118ebbe9dff2fb9,away,random_forest,dratings_only,"{""criterion"":""squared_error"",""max_depth"":14,""max_features"":0.6,""max_samples"":null,""min_samples_leaf"":2,""n_estimators"":400}",ok,757,2.716090101440821,2.7012776302785113,2.5239630118890357,2.414668606592106,1.076121198546404,1.1186949724297386,1.832084900001064,
f96ff417826c5e4e9060,away,random_forest,dratings_only,"{""criterion"":""squared_error"",""max_depth"":14,""max_features"":1.0,""max_samples"":null,""min_samples_leaf"":2,""n_estimators"":400}",ok,757,2.7175879601011554,2.705963346557726,2.5239630118890357,2.414668606592106,1.0767146536221237,1.120635493901887,1.8641244000173174,
b2da2343b091d62e2f87,away,random_forest,dratings_only,"{""criterion"":""squared_error"",""max_depth"":14,""max_features"":0.6,""max_samples"":null,""min_samples_leaf"":8,""n_estimators"":400}",ok,757,2.637706138577576,2.559366627409349,2.5239630118890357,2.414668606592106,1.0450652906372866,1.0599245877559405,1.8361339000111911,
198b2de1685596edf17a,away,random_forest,dratings_only,"{""criterion"":""squared_error"",""max_depth"":14,""max_features"":1.0,""max_samples"":null,""min_samples_leaf"":8,""n_estimators"":400}",ok,757,2.641750728059954,2.577739579583168,2.5239630118890357,2.414668606592106,1.0466677663722026,1.067533479561491,1.8546760999888647,
457a8922556077736cd0,away,extra_trees,dratings_only,"{""criterion"":""poisson"",""max_depth"":null,""max_features"":0.6,""max_samples"":null,""min_samples_leaf"":2,""n_estimators"":400}",ok,757,2.7296372226337278,2.771604750640336,2.5239630118890357,2.414668606592106,1.0814885993874994,1.1478199298544676,1.2255392999795731,
77f3f52e516703b47f2d,away,extra_trees,dratings_only,"{""criterion"":""poisson"",""max_depth"":null,""max_features"":1.0,""max_samples"":null,""min_samples_leaf"":2,""n_estimators"":400}",ok,757,2.7764528580314294,2.8789479543006236,2.5239630118890357,2.414668606592106,1.1000370627275635,1.1922745615862247,1.2575024999969173,
6aceca3b270eb8ab0663,away,extra_trees,dratings_only,"{""criterion"":""poisson"",""max_depth"":null,""max_features"":0.6,""max_samples"":null,""min_samples_leaf"":8,""n_estimators"":400}",ok,757,2.572919796432927,2.4449116640026443,2.5239630118890357,2.414668606592106,1.019396791598483,1.0125247238184047,1.1851789000211284,
488cc9d246fd077e9a53,away,extra_trees,dratings_only,"{""criterion"":""poisson"",""max_depth"":null,""max_features"":1.0,""max_samples"":null,""min_samples_leaf"":8,""n_estimators"":400}",ok,757,2.5992069176635106,2.490653288195692,2.5239630118890357,2.414668606592106,1.02981181000674,1.0314679544000969,1.202436099993065,
e7bc3374d2b111ded8ea,away,extra_trees,dratings_only,"{""criterion"":""poisson"",""max_depth"":14,""max_features"":0.6,""max_samples"":null,""min_samples_leaf"":2,""n_estimators"":400}",ok,757,2.650589002516539,2.605946579185172,2.5239630118890357,2.414668606592106,1.0501695112135305,1.079214999553509,1.2108356999815442,
d5ccb90b7db535cea038,away,extra_trees,dratings_only,"{""criterion"":""poisson"",""max_depth"":14,""max_features"":1.0,""max_samples"":null,""min_samples_leaf"":2,""n_estimators"":400}",ok,757,2.692820286376216,2.6801187801064534,2.5239630118890357,2.414668606592106,1.0669016438401768,1.1099323413530378,1.272612000000663,
9b0dd7835a7da2970bcb,away,extra_trees,dratings_only,"{""criterion"":""poisson"",""max_depth"":14,""max_features"":0.6,""max_samples"":null,""min_samples_leaf"":8,""n_estimators"":400}",ok,757,2.5729472509334608,2.4444507490773213,2.5239630118890357,2.414668606592106,1.0194076691352791,1.0123338425835782,1.1842844000202604,
f571ed9a8a829ac0896d,away,extra_trees,dratings_only,"{""criterion"":""poisson"",""max_depth"":14,""max_features"":1.0,""max_samples"":null,""min_samples_leaf"":8,""n_estimators"":400}",ok,757,2.5965066389303506,2.486602213505129,2.5239630118890357,2.414668606592106,1.028741953308983,1.0297902605420233,1.1828997999837156,
57c8ea71913e9f7f1147,away,extra_trees,dratings_only,"{""criterion"":""squared_error"",""max_depth"":null,""max_features"":0.6,""max_samples"":null,""min_samples_leaf"":2,""n_estimators"":400}",ok,757,2.7280179559486992,2.7711761780691044,2.5239630118890357,2.414668606592106,1.0808470421707728,1.147642442736748,1.2190415999793913,
b1dc636830a6de850c69,away,extra_trees,dratings_only,"{""criterion"":""squared_error"",""max_depth"":null,""max_features"":1.0,""max_samples"":null,""min_samples_leaf"":2,""n_estimators"":400}",ok,757,2.7817755916131226,2.8824550446921573,2.5239630118890357,2.414668606592106,1.1021459421194646,1.1937269722325383,1.2343516000255477,
50abb60b1560b38ea297,away,extra_trees,dratings_only,"{""criterion"":""squared_error"",""max_depth"":null,""max_features"":0.6,""max_samples"":null,""min_samples_leaf"":8,""n_estimators"":400}",ok,757,2.574433839800523,2.446140672234282,2.5239630118890357,2.414668606592106,1.0199966590927625,1.0130336997616387,1.1762636000057682,
7dcc2a68b6251c4fd627,away,extra_trees,dratings_only,"{""criterion"":""squared_error"",""max_depth"":null,""max_features"":1.0,""max_samples"":null,""min_samples_leaf"":8,""n_estimators"":400}",ok,757,2.5978175346581622,2.488285150250839,2.5239630118890357,2.414668606592106,1.0292613332371503,1.0304872243991403,1.1911198000016157,
1f71821d25245180ba8a,away,extra_trees,dratings_only,"{""criterion"":""squared_error"",""max_depth"":14,""max_features"":0.6,""max_samples"":null,""min_samples_leaf"":2,""n_estimators"":400}",ok,757,2.6529077279933566,2.6087997720518405,2.5239630118890357,2.414668606592106,1.0510881956260578,1.0803966080189022,1.1784222999995109,
2e67e7384a07a79c6bde,away,extra_trees,dratings_only,"{""criterion"":""squared_error"",""max_depth"":14,""max_features"":1.0,""max_samples"":null,""min_samples_leaf"":2,""n_estimators"":400}",ok,757,2.6923323441303064,2.6826818214777477,2.5239630118890357,2.414668606592106,1.0667083199904963,1.1109937877827039,1.2075980000081472,
266376a9657ed24b33f1,away,extra_trees,dratings_only,"{""criterion"":""squared_error"",""max_depth"":14,""max_features"":0.6,""max_samples"":null,""min_samples_leaf"":8,""n_estimators"":400}",ok,757,2.572745722551138,2.4436701369929343,2.5239630118890357,2.414668606592106,1.0193278231227292,1.0120105634047063,1.1716106999956537,
db65f7d0d1d2757d3f5e,away,extra_trees,dratings_only,"{""criterion"":""squared_error"",""max_depth"":14,""max_features"":1.0,""max_samples"":null,""min_samples_leaf"":8,""n_estimators"":400}",ok,757,2.5950564775063034,2.4833856210435483,2.5239630118890357,2.414668606592106,1.0281673959889208,1.0284581554022953,1.1880994999955874,
c44ea35bee6b5de2ab97,away,poisson_glm,dratings_only,"{""alpha"":0.0,""solver"":""lbfgs""}",ok,757,2.564226523388306,2.387473860128619,2.5239630118890357,2.414668606592106,1.0159524966529265,0.9887376899715162,0.07331340000382625,
c786f2bd5fc311695e81,away,poisson_glm,dratings_only,"{""alpha"":0.01,""solver"":""lbfgs""}",ok,757,2.5646399674705482,2.3878897962286154,2.5239630118890357,2.414668606592106,1.016116304157353,0.9889099438778539,0.05255240001133643,
36fac3987c4a10f5ec98,away,poisson_glm,dratings_only,"{""alpha"":0.1,""solver"":""lbfgs""}",ok,757,2.5652827462643977,2.3887656799848878,2.5239630118890357,2.414668606592106,1.0163709746064926,0.9892726784385639,0.04755180000211112,
e3f4d843fd6244fe42d6,away,poisson_glm,dratings_only,"{""alpha"":1.0,""solver"":""lbfgs""}",ok,757,2.5643353117998986,2.3901544886899173,2.5239630118890357,2.414668606592106,1.0159955988739497,0.9898478334313601,0.0374115000013262,
fc12e0b96c6936012c53,away,poisson_glm,dratings_only,"{""alpha"":10.0,""solver"":""lbfgs""}",ok,757,2.5666430060190377,2.4103753462570174,2.5239630118890357,2.414668606592106,1.0169099126765961,0.9982220084680076,0.03904869998223148,
47f0e0e692d0ae095a26,away,tweedie_glm,dratings_only,"{""alpha"":0.01,""power"":1.2,""solver"":""lbfgs""}",ok,757,2.564634806510721,2.388063183635085,2.5239630118890357,2.414668606592106,1.016114259373098,0.9889817497587919,0.052096799976425245,
4d30cf86da2f18d2fcb4,away,tweedie_glm,dratings_only,"{""alpha"":0.1,""power"":1.2,""solver"":""lbfgs""}",ok,757,2.5651010506296172,2.388915354457774,2.5239630118890357,2.414668606592106,1.0162989863745238,0.9893346639518048,0.039759399980539456,
736cfd886f31161cd012,away,tweedie_glm,dratings_only,"{""alpha"":1.0,""power"":1.2,""solver"":""lbfgs""}",ok,757,2.563939270734742,2.390863567178272,2.5239630118890357,2.414668606592106,1.0158386864852613,0.9901414880083975,0.040052199998172,
dc2056a13435118dc186,away,tweedie_glm,dratings_only,"{""alpha"":0.01,""power"":1.5,""solver"":""lbfgs""}",ok,757,2.5645812206980767,2.388349260354698,2.5239630118890357,2.414668606592106,1.0160930285498284,0.989100224285206,0.04897309999796562,
6e9907cb8ac6a7b3b2d8,away,tweedie_glm,dratings_only,"{""alpha"":0.1,""power"":1.5,""solver"":""lbfgs""}",ok,757,2.5647186963032724,2.389160688981224,2.5239630118890357,2.414668606592106,1.0161474967035011,0.9894362656882834,0.041731700010132045,
ab46e8cb8b0ba84bd0a6,away,tweedie_glm,dratings_only,"{""alpha"":1.0,""power"":1.5,""solver"":""lbfgs""}",ok,757,2.563128868193223,2.3926040883242816,2.5239630118890357,2.414668606592106,1.015517603118468,0.9908622996101462,0.039421800000127405,
f8ae4dce9b0a2a6658b0,away,tweedie_glm,dratings_only,"{""alpha"":0.01,""power"":1.8,""solver"":""lbfgs""}",ok,757,2.564462942143684,2.3886511547965825,2.5239630118890357,2.414668606592106,1.0160461663122142,0.9892252494920026,0.04744260001461953,
f6676dd686d9604eec52,away,tweedie_glm,dratings_only,"{""alpha"":0.1,""power"":1.8,""solver"":""lbfgs""}",ok,757,2.5642896239114084,2.3894582307951358,2.5239630118890357,2.414668606592106,1.0159774972265503,0.9895594883173014,0.04230150001239963,
965f9422eae23d3302e1,away,tweedie_glm,dratings_only,"{""alpha"":1.0,""power"":1.8,""solver"":""lbfgs""}",ok,757,2.562215390944045,2.395627099336053,2.5239630118890357,2.414668606592106,1.0151556813134037,0.9921142357986229,0.03909249999560416,
586d5501ae9a0b2c89eb,away,lightgbm,dratings_only,"{""colsample_bytree"":0.9,""learning_rate"":0.025,""min_child_samples"":10,""n_estimators"":500,""num_leaves"":15,""objective"":""poisson"",""reg_lambda"":1.0,""subsample"":0.9,""tweedie_variance_power"":null}",ok,757,2.620621171878788,2.5550599222587334,2.5239630118890357,2.414668606592106,1.0382961872002274,1.0581410282484955,0.4605873000109568,
3411f96a4878f9f79dcd,away,lightgbm,dratings_only,"{""colsample_bytree"":0.9,""learning_rate"":0.025,""min_child_samples"":30,""n_estimators"":500,""num_leaves"":15,""objective"":""poisson"",""reg_lambda"":1.0,""subsample"":0.9,""tweedie_variance_power"":null}",ok,757,2.626711356825365,2.559303881675973,2.5239630118890357,2.414668606592106,1.0407091326031075,1.0598986025200348,0.45152870001038536,
4d6b5cd359284dde2ca6,away,lightgbm,dratings_only,"{""colsample_bytree"":0.9,""learning_rate"":0.025,""min_child_samples"":10,""n_estimators"":500,""num_leaves"":31,""objective"":""poisson"",""reg_lambda"":1.0,""subsample"":0.9,""tweedie_variance_power"":null}",ok,757,2.698093072937988,2.7040419836539247,2.5239630118890357,2.414668606592106,1.068990734106926,1.11983978930766,0.8915469999774359,
da0133205e2e58b3f7aa,away,lightgbm,dratings_only,"{""colsample_bytree"":0.9,""learning_rate"":0.025,""min_child_samples"":30,""n_estimators"":500,""num_leaves"":31,""objective"":""poisson"",""reg_lambda"":1.0,""subsample"":0.9,""tweedie_variance_power"":null}",ok,757,2.705409780410998,2.6990678826516175,2.5239630118890357,2.414668606592106,1.0718896305798713,1.1177798374829135,0.8255163000139873,
6f5169db0aef87cd0b49,away,lightgbm,dratings_only,"{""colsample_bytree"":0.9,""learning_rate"":0.05,""min_child_samples"":10,""n_estimators"":500,""num_leaves"":15,""objective"":""poisson"",""reg_lambda"":1.0,""subsample"":0.9,""tweedie_variance_power"":null}",ok,757,2.6830441400146894,2.664821068961384,2.5239630118890357,2.414668606592106,1.0630283119745843,1.1035970160403608,0.4535994000034407,
a88e00fc1d0a996b8ff6,away,lightgbm,dratings_only,"{""colsample_bytree"":0.9,""learning_rate"":0.05,""min_child_samples"":30,""n_estimators"":500,""num_leaves"":15,""objective"":""poisson"",""reg_lambda"":1.0,""subsample"":0.9,""tweedie_variance_power"":null}",ok,757,2.69359711521194,2.685365803086686,2.5239630118890357,2.414668606592106,1.0672094252268551,1.1121053198586215,0.49971560001722537,
9bcd953f150481f11313,away,lightgbm,dratings_only,"{""colsample_bytree"":0.9,""learning_rate"":0.05,""min_child_samples"":10,""n_estimators"":500,""num_leaves"":31,""objective"":""poisson"",""reg_lambda"":1.0,""subsample"":0.9,""tweedie_variance_power"":null}",ok,757,2.7873971893736043,2.8682704328040933,2.5239630118890357,2.414668606592106,1.1043732321922592,1.1878526208414864,0.8917978999961633,
52e245d38d28ea02f616,away,lightgbm,dratings_only,"{""colsample_bytree"":0.9,""learning_rate"":0.05,""min_child_samples"":30,""n_estimators"":500,""num_leaves"":31,""objective"":""poisson"",""reg_lambda"":1.0,""subsample"":0.9,""tweedie_variance_power"":null}",ok,757,2.7881602027346197,2.8727014788879264,2.5239630118890357,2.414668606592106,1.1046755398558112,1.189687674343957,0.8385954999830574,
17d7743058e924cf60c9,away,lightgbm,dratings_only,"{""colsample_bytree"":0.9,""learning_rate"":0.1,""min_child_samples"":10,""n_estimators"":500,""num_leaves"":15,""objective"":""poisson"",""reg_lambda"":1.0,""subsample"":0.9,""tweedie_variance_power"":null}",ok,757,2.7770134431102584,2.832828807725305,2.5239630118890357,2.414668606592106,1.1002591678361522,1.1731749855825395,0.454816799989203,
ceb2971e684038a53e23,away,lightgbm,dratings_only,"{""colsample_bytree"":0.9,""learning_rate"":0.1,""min_child_samples"":30,""n_estimators"":500,""num_leaves"":15,""objective"":""poisson"",""reg_lambda"":1.0,""subsample"":0.9,""tweedie_variance_power"":null}",ok,757,2.780702167353415,2.8443658526683047,2.5239630118890357,2.414668606592106,1.1017206489378089,1.1779528855028447,0.4748890000046231,
76f2a63b635b0252bfe6,away,lightgbm,dratings_only,"{""colsample_bytree"":0.9,""learning_rate"":0.1,""min_child_samples"":10,""n_estimators"":500,""num_leaves"":31,""objective"":""poisson"",""reg_lambda"":1.0,""subsample"":0.9,""tweedie_variance_power"":null}",ok,757,2.8683251174211324,3.113102332634541,2.5239630118890357,2.414668606592106,1.1364370650084774,1.2892462030341112,0.8773369999835268,
0f536a0ba4047c0fc4e9,away,lightgbm,dratings_only,"{""colsample_bytree"":0.9,""learning_rate"":0.1,""min_child_samples"":30,""n_estimators"":500,""num_leaves"":31,""objective"":""poisson"",""reg_lambda"":1.0,""subsample"":0.9,""tweedie_variance_power"":null}",ok,757,2.8847813242897886,3.0821074719570274,2.5239630118890357,2.414668606592106,1.1429570523423407,1.2764101307909483,0.8635126999870408,
5ac217744eef19dd0044,away,lightgbm,dratings_only,"{""colsample_bytree"":0.9,""learning_rate"":0.025,""min_child_samples"":10,""n_estimators"":500,""num_leaves"":15,""objective"":""tweedie"",""reg_lambda"":1.0,""subsample"":0.9,""tweedie_variance_power"":1.5}",ok,757,2.658515084824065,2.690217651499857,2.5239630118890357,2.414668606592106,1.0533098434094426,1.11411464254577,0.43627240002388135,
8b5b0a0b07f36aeae1b4,away,lightgbm,dratings_only,"{""colsample_bytree"":0.9,""learning_rate"":0.025,""min_child_samples"":30,""n_estimators"":500,""num_leaves"":15,""objective"":""tweedie"",""reg_lambda"":1.0,""subsample"":0.9,""tweedie_variance_power"":1.5}",ok,757,2.6897749413165033,2.687827376897467,2.5239630118890357,2.414668606592106,1.0656950710634097,1.113124744968991,0.470745500002522,
44ef10f312a03644431f,away,lightgbm,dratings_only,"{""colsample_bytree"":0.9,""learning_rate"":0.025,""min_child_samples"":10,""n_estimators"":500,""num_leaves"":31,""objective"":""tweedie"",""reg_lambda"":1.0,""subsample"":0.9,""tweedie_variance_power"":1.5}",ok,757,2.733944886915833,2.8939838094835935,2.5239630118890357,2.414668606592106,1.0831953059683066,1.1985014430481038,0.8956607000145596,
aa3466db367cd814990a,away,lightgbm,dratings_only,"{""colsample_bytree"":0.9,""learning_rate"":0.025,""min_child_samples"":30,""n_estimators"":500,""num_leaves"":31,""objective"":""tweedie"",""reg_lambda"":1.0,""subsample"":0.9,""tweedie_variance_power"":1.5}",ok,757,2.774604458100671,2.8877207619801477,2.5239630118890357,2.414668606592106,1.0993047223873715,1.1959076927146843,0.832752900023479,
01084583311b35291aa3,away,lightgbm,dratings_only,"{""colsample_bytree"":0.9,""learning_rate"":0.05,""min_child_samples"":10,""n_estimators"":500,""num_leaves"":15,""objective"":""tweedie"",""reg_lambda"":1.0,""subsample"":0.9,""tweedie_variance_power"":1.5}",ok,757,2.7505125823920746,2.8884226361622054,2.5239630118890357,2.414668606592106,1.089759465347109,1.1961983637327038,0.45560249997652136,
33d50f2bbe8bca189e0e,away,lightgbm,dratings_only,"{""colsample_bytree"":0.9,""learning_rate"":0.05,""min_child_samples"":30,""n_estimators"":500,""num_leaves"":15,""objective"":""tweedie"",""reg_lambda"":1.0,""subsample"":0.9,""tweedie_variance_power"":1.5}",ok,757,2.785708395484525,2.8701667102807455,2.5239630118890357,2.414668606592106,1.1037041281360096,1.188637936669702,0.4697312000207603,
0c0f71895fe78237f320,away,lightgbm,dratings_only,"{""colsample_bytree"":0.9,""learning_rate"":0.05,""min_child_samples"":10,""n_estimators"":500,""num_leaves"":31,""objective"":""tweedie"",""reg_lambda"":1.0,""subsample"":0.9,""tweedie_variance_power"":1.5}",ok,757,2.8227269208334596,3.166475831156829,2.5239630118890357,2.414668606592106,1.1183709537489683,1.3113500637363944,0.8854743000119925,
ce5742083629d7ff6898,away,lightgbm,dratings_only,"{""colsample_bytree"":0.9,""learning_rate"":0.05,""min_child_samples"":30,""n_estimators"":500,""num_leaves"":31,""objective"":""tweedie"",""reg_lambda"":1.0,""subsample"":0.9,""tweedie_variance_power"":1.5}",ok,757,2.8855411234207806,3.164574003437835,2.5239630118890357,2.414668606592106,1.1432580865205015,1.31056244935577,0.8311446000006981,
d699fec9b9d7054cd1c9,away,lightgbm,dratings_only,"{""colsample_bytree"":0.9,""learning_rate"":0.1,""min_child_samples"":10,""n_estimators"":500,""num_leaves"":15,""objective"":""tweedie"",""reg_lambda"":1.0,""subsample"":0.9,""tweedie_variance_power"":1.5}",ok,757,2.8575274423548973,3.193310604653747,2.5239630118890357,2.414668606592106,1.132159001100499,1.3224632961789988,0.4244038999895565,
8eae0e99c9fd89bba742,away,lightgbm,dratings_only,"{""colsample_bytree"":0.9,""learning_rate"":0.1,""min_child_samples"":30,""n_estimators"":500,""num_leaves"":15,""objective"":""tweedie"",""reg_lambda"":1.0,""subsample"":0.9,""tweedie_variance_power"":1.5}",ok,757,2.874560949728878,3.131226940699331,2.5239630118890357,2.414668606592106,1.138907716233702,1.2967522467269432,0.4387919000000693,
19de63ab2dc82cdd3798,away,lightgbm,dratings_only,"{""colsample_bytree"":0.9,""learning_rate"":0.1,""min_child_samples"":10,""n_estimators"":500,""num_leaves"":31,""objective"":""tweedie"",""reg_lambda"":1.0,""subsample"":0.9,""tweedie_variance_power"":1.5}",ok,757,2.96295461090596,3.6253263436467873,2.5239630118890357,2.414668606592106,1.1739294898336743,1.5013763519141115,0.8814944999758154,
837d6470822613ef26ec,away,lightgbm,dratings_only,"{""colsample_bytree"":0.9,""learning_rate"":0.1,""min_child_samples"":30,""n_estimators"":500,""num_leaves"":31,""objective"":""tweedie"",""reg_lambda"":1.0,""subsample"":0.9,""tweedie_variance_power"":1.5}",ok,757,3.0050286794704606,3.515847797440104,2.5239630118890357,2.414668606592106,1.1905993333956886,1.4560373990210296,0.8109063000010792,
b8d9a68c81858e29dd87,away,lightgbm,dratings_only,"{""colsample_bytree"":0.9,""learning_rate"":0.025,""min_child_samples"":10,""n_estimators"":500,""num_leaves"":15,""objective"":""regression"",""reg_lambda"":1.0,""subsample"":0.9,""tweedie_variance_power"":null}",ok,757,2.6400717132902853,2.685299667087852,2.5239630118890357,2.414668606592106,1.0460025368257473,1.1120779305934223,0.44006769999396056,
680b5dafd61833eab60d,away,lightgbm,dratings_only,"{""colsample_bytree"":0.9,""learning_rate"":0.025,""min_child_samples"":30,""n_estimators"":500,""num_leaves"":15,""objective"":""regression"",""reg_lambda"":1.0,""subsample"":0.9,""tweedie_variance_power"":null}",ok,757,2.697111681865079,2.6930232890620474,2.5239630118890357,2.414668606592106,1.0686019046873638,1.1152765566711829,0.49560209998162463,
ea9e40ba9767e1f536c0,away,lightgbm,dratings_only,"{""colsample_bytree"":0.9,""learning_rate"":0.025,""min_child_samples"":10,""n_estimators"":500,""num_leaves"":31,""objective"":""regression"",""reg_lambda"":1.0,""subsample"":0.9,""tweedie_variance_power"":null}",failed,757,,,2.5239630118890357,2.414668606592106,,,0.9773654000018723,RuntimeError: lightgbm emitted invalid predictions: nonfinite=0 nonpositive=1
7a03075df44e4ced29a6,away,lightgbm,dratings_only,"{""colsample_bytree"":0.9,""learning_rate"":0.025,""min_child_samples"":30,""n_estimators"":500,""num_leaves"":31,""objective"":""regression"",""reg_lambda"":1.0,""subsample"":0.9,""tweedie_variance_power"":null}",ok,757,2.7794769898650187,2.9007580984737835,2.5239630118890357,2.414668606592106,1.1012352307749336,1.2013069166322206,0.8271698000025935,
2fcb1377c96cfe333572,away,lightgbm,dratings_only,"{""colsample_bytree"":0.9,""learning_rate"":0.05,""min_child_samples"":10,""n_estimators"":500,""num_leaves"":15,""objective"":""regression"",""reg_lambda"":1.0,""subsample"":0.9,""tweedie_variance_power"":null}",failed,757,,,2.5239630118890357,2.414668606592106,,,0.46220169999287464,RuntimeError: lightgbm emitted invalid predictions: nonfinite=0 nonpositive=1
84c59a5ca398373ce20d,away,lightgbm,dratings_only,"{""colsample_bytree"":0.9,""learning_rate"":0.05,""min_child_samples"":30,""n_estimators"":500,""num_leaves"":15,""objective"":""regression"",""reg_lambda"":1.0,""subsample"":0.9,""tweedie_variance_power"":null}",ok,757,2.781775102689079,2.8844894922003084,2.5239630118890357,2.414668606592106,1.1021457484066244,1.1945695091763646,0.473813099990366,
8865b73e5eff453b8794,away,lightgbm,dratings_only,"{""colsample_bytree"":0.9,""learning_rate"":0.05,""min_child_samples"":10,""n_estimators"":500,""num_leaves"":31,""objective"":""regression"",""reg_lambda"":1.0,""subsample"":0.9,""tweedie_variance_power"":null}",ok,757,2.892432767623301,3.3221251544379724,2.5239630118890357,2.414668606592106,1.1459885719396845,1.3758099746559371,0.9026436000131071,
1020daeb442db69a8d66,away,lightgbm,dratings_only,"{""colsample_bytree"":0.9,""learning_rate"":0.05,""min_child_samples"":30,""n_estimators"":500,""num_leaves"":31,""objective"":""regression"",""reg_lambda"":1.0,""subsample"":0.9,""tweedie_variance_power"":null}",ok,757,2.903728920247684,3.2222847564954407,2.5239630118890357,2.414668606592106,1.1504641338124904,1.3344625211503236,0.8079333000059705,
1a166dfb03ad7fc5e3a1,away,lightgbm,dratings_only,"{""colsample_bytree"":0.9,""learning_rate"":0.1,""min_child_samples"":10,""n_estimators"":500,""num_leaves"":15,""objective"":""regression"",""reg_lambda"":1.0,""subsample"":0.9,""tweedie_variance_power"":null}",failed,757,,,2.5239630118890357,2.414668606592106,,,0.10654760000761598,RuntimeError: lightgbm emitted invalid predictions: nonfinite=0 nonpositive=2
6f81538a19534db5c559,away,lightgbm,dratings_only,"{""colsample_bytree"":0.9,""learning_rate"":0.1,""min_child_samples"":30,""n_estimators"":500,""num_leaves"":15,""objective"":""regression"",""reg_lambda"":1.0,""subsample"":0.9,""tweedie_variance_power"":null}",ok,757,2.896985765971872,3.183429202919833,2.5239630118890357,2.414668606592106,1.1477924804467128,1.3183710568932692,0.4482465000182856,
2ff63c3209f54d2168dd,away,lightgbm,dratings_only,"{""colsample_bytree"":0.9,""learning_rate"":0.1,""min_child_samples"":10,""n_estimators"":500,""num_leaves"":31,""objective"":""regression"",""reg_lambda"":1.0,""subsample"":0.9,""tweedie_variance_power"":null}",failed,757,,,2.5239630118890357,2.414668606592106,,,0.2160308000165969,RuntimeError: lightgbm emitted invalid predictions: nonfinite=0 nonpositive=3
df46f41b0fb21887e475,away,lightgbm,dratings_only,"{""colsample_bytree"":0.9,""learning_rate"":0.1,""min_child_samples"":30,""n_estimators"":500,""num_leaves"":31,""objective"":""regression"",""reg_lambda"":1.0,""subsample"":0.9,""tweedie_variance_power"":null}",failed,757,,,2.5239630118890357,2.414668606592106,,,0.38274359999923036,RuntimeError: lightgbm emitted invalid predictions: nonfinite=0 nonpositive=1
b20642cf4b97641cc525,away,xgboost,dratings_only,"{""colsample_bytree"":0.9,""learning_rate"":0.025,""max_depth"":3,""min_child_weight"":1.0,""n_estimators"":500,""objective"":""count:poisson"",""reg_lambda"":1.0,""subsample"":0.9,""tweedie_variance_power"":null}",ok,757,2.586417164953728,2.4680406040037943,2.5239630118890357,2.414668606592106,1.0247444803154817,1.0221032390390885,0.4605364999733865,
88b2765be4a80ad46aca,away,xgboost,dratings_only,"{""colsample_bytree"":0.9,""learning_rate"":0.025,""max_depth"":3,""min_child_weight"":5.0,""n_estimators"":500,""objective"":""count:poisson"",""reg_lambda"":1.0,""subsample"":0.9,""tweedie_variance_power"":null}",ok,757,2.586521953698666,2.4680123779824803,2.5239630118890357,2.414668606592106,1.0247859978592986,1.0220915496415302,0.4617074000125285,
b1db5dd2abaa42e2f964,away,xgboost,dratings_only,"{""colsample_bytree"":0.9,""learning_rate"":0.025,""max_depth"":6,""min_child_weight"":1.0,""n_estimators"":500,""objective"":""count:poisson"",""reg_lambda"":1.0,""subsample"":0.9,""tweedie_variance_power"":null}",ok,757,2.681264350089876,2.6630097813144653,2.5239630118890357,2.414668606592106,1.0623231550778984,1.1028468975181032,0.9649139000102878,
30ad88c00109933de546,away,xgboost,dratings_only,"{""colsample_bytree"":0.9,""learning_rate"":0.025,""max_depth"":6,""min_child_weight"":5.0,""n_estimators"":500,""objective"":""count:poisson"",""reg_lambda"":1.0,""subsample"":0.9,""tweedie_variance_power"":null}",ok,757,2.6774065198482577,2.6587185717950756,2.5239630118890357,2.414668606592106,1.060794673787386,1.1010697553017035,1.0019594000186771,
864493471a6b5f704524,away,xgboost,dratings_only,"{""colsample_bytree"":0.9,""learning_rate"":0.05,""max_depth"":3,""min_child_weight"":1.0,""n_estimators"":500,""objective"":""count:poisson"",""reg_lambda"":1.0,""subsample"":0.9,""tweedie_variance_power"":null}",ok,757,2.60522906877878,2.5197024287053447,2.5239630118890357,2.414668606592106,1.0321978002478418,1.0434982348412092,0.46436630000243895,
df2b8dca0e95918c9dd7,away,xgboost,dratings_only,"{""colsample_bytree"":0.9,""learning_rate"":0.05,""max_depth"":3,""min_child_weight"":5.0,""n_estimators"":500,""objective"":""count:poisson"",""reg_lambda"":1.0,""subsample"":0.9,""tweedie_variance_power"":null}",ok,757,2.6064620203826987,2.5209779176354568,2.5239630118890357,2.414668606592106,1.0326862985333203,1.0440264600919247,0.4926188999961596,
c0a15331bde04fad5cfe,away,xgboost,dratings_only,"{""colsample_bytree"":0.9,""learning_rate"":0.05,""max_depth"":6,""min_child_weight"":1.0,""n_estimators"":500,""objective"":""count:poisson"",""reg_lambda"":1.0,""subsample"":0.9,""tweedie_variance_power"":null}",ok,757,2.7663638548460474,2.8741859311418927,2.5239630118890357,2.414668606592106,1.096039776262644,1.1903024387260814,0.9898729000124149,
4b3beb4b94ed3e2c2e05,away,xgboost,dratings_only,"{""colsample_bytree"":0.9,""learning_rate"":0.05,""max_depth"":6,""min_child_weight"":5.0,""n_estimators"":500,""objective"":""count:poisson"",""reg_lambda"":1.0,""subsample"":0.9,""tweedie_variance_power"":null}",ok,757,2.759493504757925,2.8585418583368587,2.5239630118890357,2.414668606592106,1.09331772762098,1.1838236727528437,0.9846861000114586,
97fe32b5c9cca6779ad6,away,xgboost,dratings_only,"{""colsample_bytree"":0.9,""learning_rate"":0.1,""max_depth"":3,""min_child_weight"":1.0,""n_estimators"":500,""objective"":""count:poisson"",""reg_lambda"":1.0,""subsample"":0.9,""tweedie_variance_power"":null}",ok,757,2.67314630880696,2.6565326293268168,2.5239630118890357,2.414668606592106,1.0591067682906612,1.1001644789162437,0.4812171000230592,
51c8faefea895c5a12c8,away,xgboost,dratings_only,"{""colsample_bytree"":0.9,""learning_rate"":0.1,""max_depth"":3,""min_child_weight"":5.0,""n_estimators"":500,""objective"":""count:poisson"",""reg_lambda"":1.0,""subsample"":0.9,""tweedie_variance_power"":null}",ok,757,2.6724921526335663,2.652872220382937,2.5239630118890357,2.414668606592106,1.0588475900973546,1.0986485736140061,0.4639063999929931,
ad6f80ef6f77ca9d5408,away,xgboost,dratings_only,"{""colsample_bytree"":0.9,""learning_rate"":0.1,""max_depth"":6,""min_child_weight"":1.0,""n_estimators"":500,""objective"":""count:poisson"",""reg_lambda"":1.0,""subsample"":0.9,""tweedie_variance_power"":null}",ok,757,2.872863457413929,3.224813223440094,2.5239630118890357,2.414668606592106,1.1382351658409455,1.3355096490823928,1.0116340999957174,
784cae76ff67cfcbe661,away,xgboost,dratings_only,"{""colsample_bytree"":0.9,""learning_rate"":0.1,""max_depth"":6,""min_child_weight"":5.0,""n_estimators"":500,""objective"":""count:poisson"",""reg_lambda"":1.0,""subsample"":0.9,""tweedie_variance_power"":null}",ok,757,2.860112205246166,3.174611485585033,2.5239630118890357,2.414668606592106,1.133183090153743,1.3147193270820947,0.9777471999987029,
708863e6d00beb8f3ffa,away,xgboost,dratings_only,"{""colsample_bytree"":0.9,""learning_rate"":0.025,""max_depth"":3,""min_child_weight"":1.0,""n_estimators"":500,""objective"":""reg:tweedie"",""reg_lambda"":1.0,""subsample"":0.9,""tweedie_variance_power"":1.5}",ok,757,2.594494935385932,2.5377724236834447,2.5239630118890357,2.414668606592106,1.027944911698253,1.0509816613158685,0.46874270000262186,
bbaac92e1516bb0752a4,away,xgboost,dratings_only,"{""colsample_bytree"":0.9,""learning_rate"":0.025,""max_depth"":3,""min_child_weight"":5.0,""n_estimators"":500,""objective"":""reg:tweedie"",""reg_lambda"":1.0,""subsample"":0.9,""tweedie_variance_power"":1.5}",ok,757,2.593762111317371,2.515859850909591,2.5239630118890357,2.414668606592106,1.0276545651024003,1.0419068869497166,0.44574210001155734,
db2804af40c69886a6b0,away,xgboost,dratings_only,"{""colsample_bytree"":0.9,""learning_rate"":0.025,""max_depth"":6,""min_child_weight"":1.0,""n_estimators"":500,""objective"":""reg:tweedie"",""reg_lambda"":1.0,""subsample"":0.9,""tweedie_variance_power"":1.5}",ok,757,2.7162680936930514,2.9077061141341414,2.5239630118890357,2.414668606592106,1.076191719489616,1.204184336598418,0.986251700000139,
5995e7a5837f04873566,away,xgboost,dratings_only,"{""colsample_bytree"":0.9,""learning_rate"":0.025,""max_depth"":6,""min_child_weight"":5.0,""n_estimators"":500,""objective"":""reg:tweedie"",""reg_lambda"":1.0,""subsample"":0.9,""tweedie_variance_power"":1.5}",ok,757,2.726816207839759,2.8270578862716893,2.5239630118890357,2.414668606592106,1.080370906782386,1.1707850421187198,0.8894426999904681,
be79964a57c8fdf5b786,away,xgboost,dratings_only,"{""colsample_bytree"":0.9,""learning_rate"":0.05,""max_depth"":3,""min_child_weight"":1.0,""n_estimators"":500,""objective"":""reg:tweedie"",""reg_lambda"":1.0,""subsample"":0.9,""tweedie_variance_power"":1.5}",ok,757,2.659758166088926,2.6912558711675887,2.5239630118890357,2.414668606592106,1.0538023550900832,1.1145446061709636,0.4669755999930203,
b0b7750a585a51b0377a,away,xgboost,dratings_only,"{""colsample_bytree"":0.9,""learning_rate"":0.05,""max_depth"":3,""min_child_weight"":5.0,""n_estimators"":500,""objective"":""reg:tweedie"",""reg_lambda"":1.0,""subsample"":0.9,""tweedie_variance_power"":1.5}",ok,757,2.6528510424545924,2.659220088103497,2.5239630118890357,2.414668606592106,1.0510657366841092,1.101277451010776,0.46218009997392073,
9c8bd9af23679f92216f,away,xgboost,dratings_only,"{""colsample_bytree"":0.9,""learning_rate"":0.05,""max_depth"":6,""min_child_weight"":1.0,""n_estimators"":500,""objective"":""reg:tweedie"",""reg_lambda"":1.0,""subsample"":0.9,""tweedie_variance_power"":1.5}",ok,757,2.8379434605413256,3.2970536236250108,2.5239630118890357,2.414668606592106,1.124399782078143,1.3654269636106466,0.9745451000053436,
89bb026f6ca5d2a6658e,away,xgboost,dratings_only,"{""colsample_bytree"":0.9,""learning_rate"":0.05,""max_depth"":6,""min_child_weight"":5.0,""n_estimators"":500,""objective"":""reg:tweedie"",""reg_lambda"":1.0,""subsample"":0.9,""tweedie_variance_power"":1.5}",ok,757,2.8404129437679027,3.1762525195872633,2.5239630118890357,2.414668606592106,1.125378197060829,1.3153989375254285,0.916841199999908,
48179a85bc4a82b82f01,away,xgboost,dratings_only,"{""colsample_bytree"":0.9,""learning_rate"":0.1,""max_depth"":3,""min_child_weight"":1.0,""n_estimators"":500,""objective"":""reg:tweedie"",""reg_lambda"":1.0,""subsample"":0.9,""tweedie_variance_power"":1.5}",ok,757,2.7658961468832652,2.947495838388862,2.5239630118890357,2.414668606592106,1.0958544692828747,1.22066267410034,0.44379059999482706,
ceaf873f3527339a7dd3,away,xgboost,dratings_only,"{""colsample_bytree"":0.9,""learning_rate"":0.1,""max_depth"":3,""min_child_weight"":5.0,""n_estimators"":500,""objective"":""reg:tweedie"",""reg_lambda"":1.0,""subsample"":0.9,""tweedie_variance_power"":1.5}",ok,757,2.7564639164088107,2.8985774436673606,2.5239630118890357,2.414668606592106,1.0921173976895018,1.2004038300552593,0.4516604999953415,
b66532b925100835dd0f,away,xgboost,dratings_only,"{""colsample_bytree"":0.9,""learning_rate"":0.1,""max_depth"":6,""min_child_weight"":1.0,""n_estimators"":500,""objective"":""reg:tweedie"",""reg_lambda"":1.0,""subsample"":0.9,""tweedie_variance_power"":1.5}",ok,757,2.991392832766121,3.8758973038858042,2.5239630118890357,2.414668606592106,1.1851967793011522,1.6051466827806131,0.9801263999834191,
24f57986fa096bf820ed,away,xgboost,dratings_only,"{""colsample_bytree"":0.9,""learning_rate"":0.1,""max_depth"":6,""min_child_weight"":5.0,""n_estimators"":500,""objective"":""reg:tweedie"",""reg_lambda"":1.0,""subsample"":0.9,""tweedie_variance_power"":1.5}",ok,757,2.9625665336414246,3.622927055782243,2.5239630118890357,2.414668606592106,1.1737757327212652,1.500382721625469,0.9145087000215426,
df0c0fa2e1df18d4c7fe,away,xgboost,dratings_only,"{""colsample_bytree"":0.9,""learning_rate"":0.025,""max_depth"":3,""min_child_weight"":1.0,""n_estimators"":500,""objective"":""reg:squarederror"",""reg_lambda"":1.0,""subsample"":0.9,""tweedie_variance_power"":null}",ok,757,2.6066718784947063,2.5153089657358385,2.5239630118890357,2.414668606592106,1.0327694448040932,1.041678745840726,0.4103796000126749,
1f36cc6637de63c6f26f,away,xgboost,dratings_only,"{""colsample_bytree"":0.9,""learning_rate"":0.025,""max_depth"":3,""min_child_weight"":5.0,""n_estimators"":500,""objective"":""reg:squarederror"",""reg_lambda"":1.0,""subsample"":0.9,""tweedie_variance_power"":null}",ok,757,2.596366843033971,2.538122475113873,2.5239630118890357,2.414668606592106,1.028686565850561,1.051126630041379,0.4107263999758288,
a2d4ac458732ac4b6ae1,away,xgboost,dratings_only,"{""colsample_bytree"":0.9,""learning_rate"":0.025,""max_depth"":6,""min_child_weight"":1.0,""n_estimators"":500,""objective"":""reg:squarederror"",""reg_lambda"":1.0,""subsample"":0.9,""tweedie_variance_power"":null}",ok,757,2.788482536570399,2.836392172122506,2.5239630118890357,2.414668606592106,1.104803249269246,1.1746507012925433,0.9404783000063617,
a569e674ec1a0d19f12f,away,xgboost,dratings_only,"{""colsample_bytree"":0.9,""learning_rate"":0.025,""max_depth"":6,""min_child_weight"":5.0,""n_estimators"":500,""objective"":""reg:squarederror"",""reg_lambda"":1.0,""subsample"":0.9,""tweedie_variance_power"":null}",ok,757,2.7343477884718417,2.7539525527329802,2.5239630118890357,2.414668606592106,1.0833549364993846,1.1405095279802042,0.8002205000084359,
9f0abb9f60a014547979,away,xgboost,dratings_only,"{""colsample_bytree"":0.9,""learning_rate"":0.05,""max_depth"":3,""min_child_weight"":1.0,""n_estimators"":500,""objective"":""reg:squarederror"",""reg_lambda"":1.0,""subsample"":0.9,""tweedie_variance_power"":null}",ok,757,2.670799717956679,2.640790391873414,2.5239630118890357,2.414668606592106,1.0581770435525302,1.0936450594768945,0.408671899989713,
d14deb16f6455cec38bf,away,xgboost,dratings_only,"{""colsample_bytree"":0.9,""learning_rate"":0.05,""max_depth"":3,""min_child_weight"":5.0,""n_estimators"":500,""objective"":""reg:squarederror"",""reg_lambda"":1.0,""subsample"":0.9,""tweedie_variance_power"":null}",ok,757,2.644351360465608,2.65737290997115,2.5239630118890357,2.414668606592106,1.0476981429638577,1.1005124689642525,0.40330909998738207,
54ff77bebf9435c40c6f,away,xgboost,dratings_only,"{""colsample_bytree"":0.9,""learning_rate"":0.05,""max_depth"":6,""min_child_weight"":1.0,""n_estimators"":500,""objective"":""reg:squarederror"",""reg_lambda"":1.0,""subsample"":0.9,""tweedie_variance_power"":null}",ok,757,2.9291032222413325,3.255966977322874,2.5239630118890357,2.414668606592106,1.16051749112166,1.3484115246431756,0.9131629999901634,
f40f12c6caaf133f8a04,away,xgboost,dratings_only,"{""colsample_bytree"":0.9,""learning_rate"":0.05,""max_depth"":6,""min_child_weight"":5.0,""n_estimators"":500,""objective"":""reg:squarederror"",""reg_lambda"":1.0,""subsample"":0.9,""tweedie_variance_power"":null}",ok,757,2.8769295372295254,3.0997353285058167,2.5239630118890357,2.414668606592106,1.1398461560957327,1.2837104520444176,0.7775981999875512,
4067c453a19afd7e5e62,away,xgboost,dratings_only,"{""colsample_bytree"":0.9,""learning_rate"":0.1,""max_depth"":3,""min_child_weight"":1.0,""n_estimators"":500,""objective"":""reg:squarederror"",""reg_lambda"":1.0,""subsample"":0.9,""tweedie_variance_power"":null}",ok,757,2.7805847442528058,2.960166018805424,2.5239630118890357,2.414668606592106,1.101674125632968,1.2259098456509088,0.41983759999857284,
2e79e39d39f7b6e244cb,away,xgboost,dratings_only,"{""colsample_bytree"":0.9,""learning_rate"":0.1,""max_depth"":3,""min_child_weight"":5.0,""n_estimators"":500,""objective"":""reg:squarederror"",""reg_lambda"":1.0,""subsample"":0.9,""tweedie_variance_power"":null}",ok,757,2.749881742064456,3.0656955025504593,2.5239630118890357,2.414668606592106,1.089509524945983,1.2696133515717367,0.4186675999953877,
85c2478fd9300091d22a,away,xgboost,dratings_only,"{""colsample_bytree"":0.9,""learning_rate"":0.1,""max_depth"":6,""min_child_weight"":1.0,""n_estimators"":500,""objective"":""reg:squarederror"",""reg_lambda"":1.0,""subsample"":0.9,""tweedie_variance_power"":null}",failed,757,,,2.5239630118890357,2.414668606592106,,,0.45892389997607097,RuntimeError: xgboost emitted invalid predictions: nonfinite=0 nonpositive=1
446f2460a2f040044cfd,away,xgboost,dratings_only,"{""colsample_bytree"":0.9,""learning_rate"":0.1,""max_depth"":6,""min_child_weight"":5.0,""n_estimators"":500,""objective"":""reg:squarederror"",""reg_lambda"":1.0,""subsample"":0.9,""tweedie_variance_power"":null}",failed,757,,,2.5239630118890357,2.414668606592106,,,0.18854350000037812,RuntimeError: xgboost emitted invalid predictions: nonfinite=0 nonpositive=3
b389c2d9487e50e47983,away,hist_gradient_boosting,no_dratings,"{""l2_regularization"":0.0,""learning_rate"":0.025,""loss"":""poisson"",""max_iter"":300,""max_leaf_nodes"":15,""min_samples_leaf"":10}",ok,757,2.679237480304139,2.708822263520908,2.5239630118890357,2.414668606592106,1.0615201045671783,1.1218194729188737,2.17004789999919,
8373e2164055fcf76939,away,hist_gradient_boosting,no_dratings,"{""l2_regularization"":5.0,""learning_rate"":0.025,""loss"":""poisson"",""max_iter"":300,""max_leaf_nodes"":15,""min_samples_leaf"":10}",ok,757,2.6646693514918782,2.6635533526988104,2.5239630118890357,2.414668606592106,1.055748178138923,1.1030720097272324,1.9425767000066116,
9454b415ad973ff16c9a,away,hist_gradient_boosting,no_dratings,"{""l2_regularization"":0.0,""learning_rate"":0.025,""loss"":""poisson"",""max_iter"":300,""max_leaf_nodes"":15,""min_samples_leaf"":30}",ok,757,2.663397185347799,2.6635237354789436,2.5239630118890357,2.414668606592106,1.0552441429616692,1.1030597441849606,1.7737486000114586,
b26068c80be4cb251be7,away,hist_gradient_boosting,no_dratings,"{""l2_regularization"":5.0,""learning_rate"":0.025,""loss"":""poisson"",""max_iter"":300,""max_leaf_nodes"":15,""min_samples_leaf"":30}",ok,757,2.665664626796175,2.658204792578088,2.5239630118890357,2.414668606592106,1.0561425085231673,1.1008569810868134,1.8277510000043549,
4bc98c25580db812c840,away,hist_gradient_boosting,no_dratings,"{""l2_regularization"":0.0,""learning_rate"":0.025,""loss"":""poisson"",""max_iter"":300,""max_leaf_nodes"":31,""min_samples_leaf"":10}",ok,757,2.658344172760158,2.8005599705170274,2.5239630118890357,2.414668606592106,1.053242127653268,1.1598113144269273,3.6058762000175193,
4e8e46efbcfddd8ca2b3,away,hist_gradient_boosting,no_dratings,"{""l2_regularization"":5.0,""learning_rate"":0.025,""loss"":""poisson"",""max_iter"":300,""max_leaf_nodes"":31,""min_samples_leaf"":10}",ok,757,2.6426605200109003,2.784540165360279,2.5239630118890357,2.414668606592106,1.0470282280535588,1.153176944346903,3.6388042000180576,
72a7ef469ed7d4934466,away,hist_gradient_boosting,no_dratings,"{""l2_regularization"":0.0,""learning_rate"":0.025,""loss"":""poisson"",""max_iter"":300,""max_leaf_nodes"":31,""min_samples_leaf"":30}",ok,757,2.6681684327505586,2.72996578997165,2.5239630118890357,2.414668606592106,1.0571345222502266,1.1305757578985267,2.8732006000063848,
0a17cca35e5cfd246634,away,hist_gradient_boosting,no_dratings,"{""l2_regularization"":5.0,""learning_rate"":0.025,""loss"":""poisson"",""max_iter"":300,""max_leaf_nodes"":31,""min_samples_leaf"":30}",ok,757,2.6428217473764026,2.679149770982575,2.5239630118890357,2.414668606592106,1.0470921067097605,1.1095310402712937,2.8637258999806363,
e4b4989e07ca30baa481,away,hist_gradient_boosting,no_dratings,"{""l2_regularization"":0.0,""learning_rate"":0.05,""loss"":""poisson"",""max_iter"":300,""max_leaf_nodes"":15,""min_samples_leaf"":10}",ok,757,2.6885129623868202,2.9197124302290525,2.5239630118890357,2.414668606592106,1.0651950720841303,1.2091565783636578,1.8748999999952503,
8bbd9b93a7903508b121,away,hist_gradient_boosting,no_dratings,"{""l2_regularization"":5.0,""learning_rate"":0.05,""loss"":""poisson"",""max_iter"":300,""max_leaf_nodes"":15,""min_samples_leaf"":10}",ok,757,2.6694288185499118,2.8492523109066648,2.5239630118890357,2.414668606592106,1.0576338900275735,1.1799765413473857,1.931273099995451,
aa71cc6337bdfad6b86d,away,hist_gradient_boosting,no_dratings,"{""l2_regularization"":0.0,""learning_rate"":0.05,""loss"":""poisson"",""max_iter"":300,""max_leaf_nodes"":15,""min_samples_leaf"":30}",ok,757,2.6806535002179084,2.836246117429679,2.5239630118890357,2.414668606592106,1.0620811349416721,1.174590214858741,1.76753959999769,
60291f00fc34029fea4d,away,hist_gradient_boosting,no_dratings,"{""l2_regularization"":5.0,""learning_rate"":0.05,""loss"":""poisson"",""max_iter"":300,""max_leaf_nodes"":15,""min_samples_leaf"":30}",ok,757,2.690586431147423,2.812346804833795,2.5239630118890357,2.414668606592106,1.0660165852167856,1.1646926609953918,1.7926207999989856,
14533f25088036e0983d,away,hist_gradient_boosting,no_dratings,"{""l2_regularization"":0.0,""learning_rate"":0.05,""loss"":""poisson"",""max_iter"":300,""max_leaf_nodes"":31,""min_samples_leaf"":10}",ok,757,2.667858005397301,3.0613792124791166,2.5239630118890357,2.414668606592106,1.0570115302127858,1.2678258226083174,3.6724462999845855,
2f039305cb4c46443e43,away,hist_gradient_boosting,no_dratings,"{""l2_regularization"":5.0,""learning_rate"":0.05,""loss"":""poisson"",""max_iter"":300,""max_leaf_nodes"":31,""min_samples_leaf"":10}",ok,757,2.6817539946016407,3.0199111005916417,2.5239630118890357,2.414668606592106,1.0625171533692594,1.2506524051984642,3.5023016999766696,
f78aa82fe2d7a4c01856,away,hist_gradient_boosting,no_dratings,"{""l2_regularization"":0.0,""learning_rate"":0.05,""loss"":""poisson"",""max_iter"":300,""max_leaf_nodes"":31,""min_samples_leaf"":30}",ok,757,2.6854849441711046,2.8693591421303113,2.5239630118890357,2.414668606592106,1.0639953642431468,1.188303494026836,2.963352600025246,
1c0a72b068410e6ecdf0,away,hist_gradient_boosting,no_dratings,"{""l2_regularization"":5.0,""learning_rate"":0.05,""loss"":""poisson"",""max_iter"":300,""max_leaf_nodes"":31,""min_samples_leaf"":30}",ok,757,2.6718295061314916,2.8728764818867476,2.5239630118890357,2.414668606592106,1.0585850480161303,1.1897601492990477,2.8534192999941297,
8f893927317a95d72d46,away,hist_gradient_boosting,no_dratings,"{""l2_regularization"":0.0,""learning_rate"":0.1,""loss"":""poisson"",""max_iter"":300,""max_leaf_nodes"":15,""min_samples_leaf"":10}",ok,757,2.7408823284333184,3.2205253215290437,2.5239630118890357,2.414668606592106,1.0859439363899122,1.3337338766640392,1.8424254000128713,
bb63d5134d27c9fc390c,away,hist_gradient_boosting,no_dratings,"{""l2_regularization"":5.0,""learning_rate"":0.1,""loss"":""poisson"",""max_iter"":300,""max_leaf_nodes"":15,""min_samples_leaf"":10}",ok,757,2.7158310004321082,3.1478433156399523,2.5239630118890357,2.414668606592106,1.0760185421257307,1.303633677534988,1.853577400004724,
322dfa8dbef3590fed92,away,hist_gradient_boosting,no_dratings,"{""l2_regularization"":0.0,""learning_rate"":0.1,""loss"":""poisson"",""max_iter"":300,""max_leaf_nodes"":15,""min_samples_leaf"":30}",ok,757,2.695005265529279,3.00980444407414,2.5239630118890357,2.414668606592106,1.067767337648989,1.246466879909441,1.808831900008954,
314bac5cf206653d23f6,away,hist_gradient_boosting,no_dratings,"{""l2_regularization"":5.0,""learning_rate"":0.1,""loss"":""poisson"",""max_iter"":300,""max_leaf_nodes"":15,""min_samples_leaf"":30}",ok,757,2.7340827218544894,3.0437486331014005,2.5239630118890357,2.414668606592106,1.08324991649073,1.2605243737347187,1.811236999987159,
3c5505be997d568db8e0,away,hist_gradient_boosting,no_dratings,"{""l2_regularization"":0.0,""learning_rate"":0.1,""loss"":""poisson"",""max_iter"":300,""max_leaf_nodes"":31,""min_samples_leaf"":10}",ok,757,2.731532827548711,3.3365274131440654,2.5239630118890357,2.414668606592106,1.0822396424519398,1.381774461321633,3.4938947999908123,
46ca962c31ec1933b07b,away,hist_gradient_boosting,no_dratings,"{""l2_regularization"":5.0,""learning_rate"":0.1,""loss"":""poisson"",""max_iter"":300,""max_leaf_nodes"":31,""min_samples_leaf"":10}",ok,757,2.678309088599875,3.222032875087179,2.5239630118890357,2.414668606592106,1.0611522736204126,1.334358208116405,3.771586599992588,
479c7e8525a2016ecfeb,away,hist_gradient_boosting,no_dratings,"{""l2_regularization"":0.0,""learning_rate"":0.1,""loss"":""poisson"",""max_iter"":300,""max_leaf_nodes"":31,""min_samples_leaf"":30}",ok,757,2.7317889578175474,3.0958736094220876,2.5239630118890357,2.414668606592106,1.0823411218585832,1.2821111770659852,3.053728200000478,
6360caba02147ddf947d,away,hist_gradient_boosting,no_dratings,"{""l2_regularization"":5.0,""learning_rate"":0.1,""loss"":""poisson"",""max_iter"":300,""max_leaf_nodes"":31,""min_samples_leaf"":30}",ok,757,2.702448091872592,3.0858258354341417,2.5239630118890357,2.414668606592106,1.0707162027108992,1.277950037123007,3.084132700023474,
1c1208f0b5de992b58b5,away,hist_gradient_boosting,no_dratings,"{""l2_regularization"":0.0,""learning_rate"":0.025,""loss"":""squared_error"",""max_iter"":300,""max_leaf_nodes"":15,""min_samples_leaf"":10}",ok,757,2.7266459002893586,2.6828815707603044,2.5239630118890357,2.414668606592106,1.0803034305358648,1.1110765110524774,1.9178385000268463,
f39faeb10091fa13c1e8,away,hist_gradient_boosting,no_dratings,"{""l2_regularization"":5.0,""learning_rate"":0.025,""loss"":""squared_error"",""max_iter"":300,""max_leaf_nodes"":15,""min_samples_leaf"":10}",ok,757,2.71583291784558,2.6483567339044205,2.5239630118890357,2.414668606592106,1.0760193018093958,1.0967785503461385,2.0237438999756705,
50ec24e3a99048d5a22c,away,hist_gradient_boosting,no_dratings,"{""l2_regularization"":0.0,""learning_rate"":0.025,""loss"":""squared_error"",""max_iter"":300,""max_leaf_nodes"":15,""min_samples_leaf"":30}",ok,757,2.7334095746514566,2.694317468751076,2.5239630118890357,2.414668606592106,1.0829832140074283,1.1158125224287596,1.7723659000184853,
e2c89e271eeea0a8a94b,away,hist_gradient_boosting,no_dratings,"{""l2_regularization"":5.0,""learning_rate"":0.025,""loss"":""squared_error"",""max_iter"":300,""max_leaf_nodes"":15,""min_samples_leaf"":30}",ok,757,2.7128662492755478,2.6575451870276834,2.5239630118890357,2.414668606592106,1.0748439008403412,1.1005838150098601,1.7718872999830637,
e9a82999af29c1577633,away,hist_gradient_boosting,no_dratings,"{""l2_regularization"":0.0,""learning_rate"":0.025,""loss"":""squared_error"",""max_iter"":300,""max_leaf_nodes"":31,""min_samples_leaf"":10}",ok,757,2.7537028866633353,2.713004514788141,2.5239630118890357,2.414668606592106,1.091023471299745,1.123551491654619,3.5566866000008304,
72a341d1f78b1815633d,away,hist_gradient_boosting,no_dratings,"{""l2_regularization"":5.0,""learning_rate"":0.025,""loss"":""squared_error"",""max_iter"":300,""max_leaf_nodes"":31,""min_samples_leaf"":10}",ok,757,2.7488956991398537,2.697831671369376,2.5239630118890357,2.414668606592106,1.0891188524519895,1.1172678785006884,3.8243321999907494,
c62f95c0fc9ef98721f2,away,hist_gradient_boosting,no_dratings,"{""l2_regularization"":0.0,""learning_rate"":0.025,""loss"":""squared_error"",""max_iter"":300,""max_leaf_nodes"":31,""min_samples_leaf"":30}",ok,757,2.731542996287428,2.6941164832914644,2.5239630118890357,2.414668606592106,1.0822436713298071,1.1157292872141786,2.838087699987227,
a055b081dfac6a1dd564,away,hist_gradient_boosting,no_dratings,"{""l2_regularization"":5.0,""learning_rate"":0.025,""loss"":""squared_error"",""max_iter"":300,""max_leaf_nodes"":31,""min_samples_leaf"":30}",ok,757,2.7034726915398766,2.644599189706308,2.5239630118890357,2.414668606592106,1.0711221514757812,1.0952224178864485,2.9779605000221636,
0ce39e02a8484b3c0993,away,hist_gradient_boosting,no_dratings,"{""l2_regularization"":0.0,""learning_rate"":0.05,""loss"":""squared_error"",""max_iter"":300,""max_leaf_nodes"":15,""min_samples_leaf"":10}",ok,757,2.772900028155238,2.8010134160761035,2.5239630118890357,2.414668606592106,1.0986294232893246,1.1599991023319998,1.914272499998333,
c7296e315b7207f75a63,away,hist_gradient_boosting,no_dratings,"{""l2_regularization"":5.0,""learning_rate"":0.05,""loss"":""squared_error"",""max_iter"":300,""max_leaf_nodes"":15,""min_samples_leaf"":10}",ok,757,2.7686291519437023,2.7457564577051645,2.5239630118890357,2.414668606592106,1.096937292227412,1.1371152340363313,2.026772199984407,
c536732781be37e47173,away,hist_gradient_boosting,no_dratings,"{""l2_regularization"":0.0,""learning_rate"":0.05,""loss"":""squared_error"",""max_iter"":300,""max_leaf_nodes"":15,""min_samples_leaf"":30}",ok,757,2.758935009704342,2.7925222714505487,2.5239630118890357,2.414668606592106,1.093096450585242,1.1564826178743088,1.7831859000143595,
e45575899c9e6821eb1e,away,hist_gradient_boosting,no_dratings,"{""l2_regularization"":5.0,""learning_rate"":0.05,""loss"":""squared_error"",""max_iter"":300,""max_leaf_nodes"":15,""min_samples_leaf"":30}",ok,757,2.752894209814433,2.7900436966344664,2.5239630118890357,2.414668606592106,1.0907030716563695,1.1554561520440432,1.8144019000174012,
1bda4d97d158f0646411,away,hist_gradient_boosting,no_dratings,"{""l2_regularization"":0.0,""learning_rate"":0.05,""loss"":""squared_error"",""max_iter"":300,""max_leaf_nodes"":31,""min_samples_leaf"":10}",ok,757,2.746671982954449,2.7490862429067984,2.5239630118890357,2.414668606592106,1.0882378109411077,1.1384942163084921,3.7935519000166096,
2f5882b75834139b20be,away,hist_gradient_boosting,no_dratings,"{""l2_regularization"":5.0,""learning_rate"":0.05,""loss"":""squared_error"",""max_iter"":300,""max_leaf_nodes"":31,""min_samples_leaf"":10}",ok,757,2.7585616826703676,2.7398321384904323,2.5239630118890357,2.414668606592106,1.0929485375483965,1.1346617631134233,3.7804522999795154,
02126415bebde5b341ec,away,hist_gradient_boosting,no_dratings,"{""l2_regularization"":0.0,""learning_rate"":0.05,""loss"":""squared_error"",""max_iter"":300,""max_leaf_nodes"":31,""min_samples_leaf"":30}",ok,757,2.7719090508210096,2.773231505374556,2.5239630118890357,2.414668606592106,1.098236795770791,1.1484936267459493,3.0465661000052933,
1c8a8cdf22673ccb660a,away,hist_gradient_boosting,no_dratings,"{""l2_regularization"":5.0,""learning_rate"":0.05,""loss"":""squared_error"",""max_iter"":300,""max_leaf_nodes"":31,""min_samples_leaf"":30}",ok,757,2.762924430139999,2.743453197914739,2.5239630118890357,2.414668606592106,1.0946770682158748,1.1361613723825466,2.9003399000212085,
dce1f7bfe56c6e862281,away,hist_gradient_boosting,no_dratings,"{""l2_regularization"":0.0,""learning_rate"":0.1,""loss"":""squared_error"",""max_iter"":300,""max_leaf_nodes"":15,""min_samples_leaf"":10}",ok,757,2.8154148124986973,2.9648614053791627,2.5239630118890357,2.414668606592106,1.115473879465265,1.2278543719353523,1.9464407000050414,
a3e33aad9a2afe5d825f,away,hist_gradient_boosting,no_dratings,"{""l2_regularization"":5.0,""learning_rate"":0.1,""loss"":""squared_error"",""max_iter"":300,""max_leaf_nodes"":15,""min_samples_leaf"":10}",ok,757,2.8058376064421315,2.859933480335111,2.5239630118890357,2.414668606592106,1.1116793682099682,1.1843999928302462,1.9992679000133649,
3c1a60138dbc27fbe8f2,away,hist_gradient_boosting,no_dratings,"{""l2_regularization"":0.0,""learning_rate"":0.1,""loss"":""squared_error"",""max_iter"":300,""max_leaf_nodes"":15,""min_samples_leaf"":30}",ok,757,2.8327889807058106,2.945683192892969,2.5239630118890357,2.414668606592106,1.1223575652107662,1.2199119932446132,1.7707489999884274,
a89dc97631e9fd33868b,away,hist_gradient_boosting,no_dratings,"{""l2_regularization"":5.0,""learning_rate"":0.1,""loss"":""squared_error"",""max_iter"":300,""max_leaf_nodes"":15,""min_samples_leaf"":30}",ok,757,2.8146165507093404,2.8969770948738067,2.5239630118890357,2.414668606592106,1.1151576062926405,1.1997410688013197,1.7446054999891203,
663f6837ba87935f49c1,away,hist_gradient_boosting,no_dratings,"{""l2_regularization"":0.0,""learning_rate"":0.1,""loss"":""squared_error"",""max_iter"":300,""max_leaf_nodes"":31,""min_samples_leaf"":10}",ok,757,2.839713243756053,2.850397301424775,2.5239630118890357,2.414668606592106,1.1251009742930809,1.1804507225724965,3.4730770999740344,
44b7087f9d1f1caa47ca,away,hist_gradient_boosting,no_dratings,"{""l2_regularization"":5.0,""learning_rate"":0.1,""loss"":""squared_error"",""max_iter"":300,""max_leaf_nodes"":31,""min_samples_leaf"":10}",ok,757,2.7890659446788364,2.767541299060254,2.5239630118890357,2.414668606592106,1.1050343969151064,1.1461371102870168,3.688528500002576,
513a18304360858f36a3,away,hist_gradient_boosting,no_dratings,"{""l2_regularization"":0.0,""learning_rate"":0.1,""loss"":""squared_error"",""max_iter"":300,""max_leaf_nodes"":31,""min_samples_leaf"":30}",ok,757,2.8108802284246974,2.869371781607701,2.5239630118890357,2.414668606592106,1.1136772667365364,1.188308728483173,3.084623200003989,
6ee7a09dba59bba2b1de,away,hist_gradient_boosting,no_dratings,"{""l2_regularization"":5.0,""learning_rate"":0.1,""loss"":""squared_error"",""max_iter"":300,""max_leaf_nodes"":31,""min_samples_leaf"":30}",ok,757,2.792715954042631,2.8434696704083477,2.5239630118890357,2.414668606592106,1.1064805390917554,1.1775817446110841,3.022776800004067,
a55c925322ee7e32ec46,away,random_forest,no_dratings,"{""criterion"":""poisson"",""max_depth"":null,""max_features"":0.6,""max_samples"":null,""min_samples_leaf"":2,""n_estimators"":400}",ok,757,2.6271785155379694,2.4934900160245004,2.5239630118890357,2.414668606592106,1.040894221968682,1.0326427441087402,6.104846000001999,
d466c34295b8990e93eb,away,random_forest,no_dratings,"{""criterion"":""poisson"",""max_depth"":null,""max_features"":1.0,""max_samples"":null,""min_samples_leaf"":2,""n_estimators"":400}",ok,757,2.6374750564411444,2.5082080821840647,2.5239630118890357,2.414668606592106,1.0449737353588044,1.0387380178532961,9.65774429999874,
1b1bfcd566eb6505c885,away,random_forest,no_dratings,"{""criterion"":""poisson"",""max_depth"":null,""max_features"":0.6,""max_samples"":null,""min_samples_leaf"":8,""n_estimators"":400}",ok,757,2.624454362255819,2.4952437918794,2.5239630118890357,2.414668606592106,1.039814906119235,1.033369044956033,4.5483470000035595,
ae3065cf76cc7f30a941,away,random_forest,no_dratings,"{""criterion"":""poisson"",""max_depth"":null,""max_features"":1.0,""max_samples"":null,""min_samples_leaf"":8,""n_estimators"":400}",ok,757,2.626800779737132,2.4943579224492693,2.5239630118890357,2.414668606592106,1.0407445621681786,1.0330021749732488,7.128914300003089,
9a6e04df8f4a23da757a,away,random_forest,no_dratings,"{""criterion"":""poisson"",""max_depth"":14,""max_features"":0.6,""max_samples"":null,""min_samples_leaf"":2,""n_estimators"":400}",ok,757,2.628781043937585,2.4890911724759417,2.5239630118890357,2.414668606592106,1.0415291474379014,1.0308210268194402,5.647598499985179,
055d1d50633f74fc1d66,away,random_forest,no_dratings,"{""criterion"":""poisson"",""max_depth"":14,""max_features"":1.0,""max_samples"":null,""min_samples_leaf"":2,""n_estimators"":400}",ok,757,2.6315829149299677,2.496335855341829,2.5239630118890357,2.414668606592106,1.04263925522442,1.0338213072082725,9.101665299996966,
d23e03aad34e708a4223,away,random_forest,no_dratings,"{""criterion"":""poisson"",""max_depth"":14,""max_features"":0.6,""max_samples"":null,""min_samples_leaf"":8,""n_estimators"":400}",ok,757,2.6192528557090835,2.489383381721722,2.5239630118890357,2.414668606592106,1.0377540571597874,1.0309420410426684,4.461670099990442,
6b848967746fd92935c7,away,random_forest,no_dratings,"{""criterion"":""poisson"",""max_depth"":14,""max_features"":1.0,""max_samples"":null,""min_samples_leaf"":8,""n_estimators"":400}",ok,757,2.6271409633828906,2.4950268696955327,2.5239630118890357,2.414668606592106,1.0408793437177324,1.033279209778123,6.788749500003178,
8d229a415c396a40f1c4,away,random_forest,no_dratings,"{""criterion"":""squared_error"",""max_depth"":null,""max_features"":0.6,""max_samples"":null,""min_samples_leaf"":2,""n_estimators"":400}",ok,757,2.7050317863077633,2.536755197348534,2.5239630118890357,2.414668606592106,1.0717398684393589,1.0505603917751398,4.718704700004309,
389298022880a26160ad,away,random_forest,no_dratings,"{""criterion"":""squared_error"",""max_depth"":null,""max_features"":1.0,""max_samples"":null,""min_samples_leaf"":2,""n_estimators"":400}",ok,757,2.709319508903137,2.546717811492448,2.5239630118890357,2.414668606592106,1.0734386740776258,1.0546862640032029,6.9639908999961335,
dbadb832b1cf00e7e301,away,random_forest,no_dratings,"{""criterion"":""squared_error"",""max_depth"":null,""max_features"":0.6,""max_samples"":null,""min_samples_leaf"":8,""n_estimators"":400}",ok,757,2.648608221292415,2.4962197757863613,2.5239630118890357,2.414668606592106,1.04938472109783,1.0337732345430832,3.494502699992154,
2e0b4e44af4379aba17d,away,random_forest,no_dratings,"{""criterion"":""squared_error"",""max_depth"":null,""max_features"":1.0,""max_samples"":null,""min_samples_leaf"":8,""n_estimators"":400}",ok,757,2.6565894061178605,2.50782281813188,2.5239630118890357,2.414668606592106,1.05254688503916,1.0385784663309328,5.354003300017212,
d843f0bad4a85f64e12e,away,random_forest,no_dratings,"{""criterion"":""squared_error"",""max_depth"":14,""max_features"":0.6,""max_samples"":null,""min_samples_leaf"":2,""n_estimators"":400}",ok,757,2.6965343846837393,2.529981999246494,2.5239630118890357,2.414668606592106,1.0683731782049946,1.0477553699665367,4.219515000004321,
5e4c1a04bfe72cdc246f,away,random_forest,no_dratings,"{""criterion"":""squared_error"",""max_depth"":14,""max_features"":1.0,""max_samples"":null,""min_samples_leaf"":2,""n_estimators"":400}",ok,757,2.704467051621349,2.540513062459393,2.5239630118890357,2.414668606592106,1.0715161192466196,1.0521166571361917,6.669844700023532,
eb46875d366a88f37922,away,random_forest,no_dratings,"{""criterion"":""squared_error"",""max_depth"":14,""max_features"":0.6,""max_samples"":null,""min_samples_leaf"":8,""n_estimators"":400}",ok,757,2.6447257676477673,2.4927293598642475,2.5239630118890357,2.414668606592106,1.0478464839579198,1.032327729386564,3.5287822999816854,
a824076779a192e346c1,away,random_forest,no_dratings,"{""criterion"":""squared_error"",""max_depth"":14,""max_features"":1.0,""max_samples"":null,""min_samples_leaf"":8,""n_estimators"":400}",ok,757,2.6543585702840895,2.5053183340780785,2.5239630118890357,2.414668606592106,1.0516630227070802,1.0375412705654499,5.303779300011229,
908a4521cea5a6644d32,away,extra_trees,no_dratings,"{""criterion"":""poisson"",""max_depth"":null,""max_features"":0.6,""max_samples"":null,""min_samples_leaf"":2,""n_estimators"":400}",ok,757,2.628826071743096,2.5052113037043036,2.5239630118890357,2.414668606592106,1.0415469875588932,1.0374969454876803,2.1238254999916535,
8f6fecfa09b932934cc6,away,extra_trees,no_dratings,"{""criterion"":""poisson"",""max_depth"":null,""max_features"":1.0,""max_samples"":null,""min_samples_leaf"":2,""n_estimators"":400}",ok,757,2.6279293144933003,2.5121154554444005,2.5239630118890357,2.414668606592106,1.0411916902563687,1.04035619984716,2.978244999976596,
e06ec062dcee1f1a592b,away,extra_trees,no_dratings,"{""criterion"":""poisson"",""max_depth"":null,""max_features"":0.6,""max_samples"":null,""min_samples_leaf"":8,""n_estimators"":400}",ok,757,2.6039419956466583,2.4708115322098214,2.5239630118890357,2.414668606592106,1.0316878588873468,1.0232507787877987,1.4354739999980666,
6b5fe25348c2dfcf3ca9,away,extra_trees,no_dratings,"{""criterion"":""poisson"",""max_depth"":null,""max_features"":1.0,""max_samples"":null,""min_samples_leaf"":8,""n_estimators"":400}",ok,757,2.6044137762025747,2.473885208466568,2.5239630118890357,2.414668606592106,1.0318747794379628,1.0245236972530305,1.830497999995714,
9b8b75cd0b2d275f6ebb,away,extra_trees,no_dratings,"{""criterion"":""poisson"",""max_depth"":14,""max_features"":0.6,""max_samples"":null,""min_samples_leaf"":2,""n_estimators"":400}",ok,757,2.614342672349053,2.488039405979617,2.5239630118890357,2.414668606592106,1.0358086311226777,1.0303854529715617,1.7658164000022225,
33a312a31a134fbfca8f,away,extra_trees,no_dratings,"{""criterion"":""poisson"",""max_depth"":14,""max_features"":1.0,""max_samples"":null,""min_samples_leaf"":2,""n_estimators"":400}",ok,757,2.627799183475349,2.500864061394741,2.5239630118890357,2.414668606592106,1.0411401320451992,1.035696598103491,2.4072667000000365,
1882ce9362b7e3982c84,away,extra_trees,no_dratings,"{""criterion"":""poisson"",""max_depth"":14,""max_features"":0.6,""max_samples"":null,""min_samples_leaf"":8,""n_estimators"":400}",ok,757,2.602433457903019,2.4692367177966505,2.5239630118890357,2.414668606592106,1.03109017273405,1.0225985922273442,1.413292300014291,
e7f3a8b0466d54b07200,away,extra_trees,no_dratings,"{""criterion"":""poisson"",""max_depth"":14,""max_features"":1.0,""max_samples"":null,""min_samples_leaf"":8,""n_estimators"":400}",ok,757,2.6084437140560914,2.478569582267456,2.5239630118890357,2.414668606592106,1.0334714501635374,1.0264636627572405,1.7840627999976277,
effd8078535b7d3943b7,away,extra_trees,no_dratings,"{""criterion"":""squared_error"",""max_depth"":null,""max_features"":0.6,""max_samples"":null,""min_samples_leaf"":2,""n_estimators"":400}",ok,757,2.6534935129269672,2.5082015919009546,2.5239630118890357,2.414668606592106,1.0513202849755654,1.0387353299966302,2.0303619999904186,
3f53ce2cdf9fd17a7c77,away,extra_trees,no_dratings,"{""criterion"":""squared_error"",""max_depth"":null,""max_features"":1.0,""max_samples"":null,""min_samples_leaf"":2,""n_estimators"":400}",ok,757,2.6646180096873624,2.5125071635072445,2.5239630118890357,2.414668606592106,1.0557278363968792,1.0405184200631243,2.7851476999931037,
a288a0a58020132694e1,away,extra_trees,no_dratings,"{""criterion"":""squared_error"",""max_depth"":null,""max_features"":0.6,""max_samples"":null,""min_samples_leaf"":8,""n_estimators"":400}",ok,757,2.606798403967003,2.47313264719871,2.5239630118890357,2.414668606592106,1.0328195744897108,1.024212034913195,1.389778299984755,
69342408ac20c5c85d30,away,extra_trees,no_dratings,"{""criterion"":""squared_error"",""max_depth"":null,""max_features"":1.0,""max_samples"":null,""min_samples_leaf"":8,""n_estimators"":400}",ok,757,2.613537291270278,2.4788427072027774,2.5239630118890357,2.414668606592106,1.0354895372710717,1.0265767734899416,1.8903482999885455,
881b73c271a44dc8cc41,away,extra_trees,no_dratings,"{""criterion"":""squared_error"",""max_depth"":14,""max_features"":0.6,""max_samples"":null,""min_samples_leaf"":2,""n_estimators"":400}",ok,757,2.636666397241173,2.4845685873538823,2.5239630118890357,2.414668606592106,1.0446533427079763,1.0289480637512525,1.6714951999892946,
619fadc37816b766ae95,away,extra_trees,no_dratings,"{""criterion"":""squared_error"",""max_depth"":14,""max_features"":1.0,""max_samples"":null,""min_samples_leaf"":2,""n_estimators"":400}",ok,757,2.6701181095499797,2.516421947654952,2.5239630118890357,2.414668606592106,1.0579069887207087,1.042139671168564,2.275696600001538,
2c59fbb9fefe088ef480,away,extra_trees,no_dratings,"{""criterion"":""squared_error"",""max_depth"":14,""max_features"":0.6,""max_samples"":null,""min_samples_leaf"":8,""n_estimators"":400}",ok,757,2.6048161851946148,2.470840312902951,2.5239630118890357,2.414668606592106,1.0320342148140536,1.0232626978946489,1.3766965999966487,
68b43225b7730cc89e99,away,extra_trees,no_dratings,"{""criterion"":""squared_error"",""max_depth"":14,""max_features"":1.0,""max_samples"":null,""min_samples_leaf"":8,""n_estimators"":400}",ok,757,2.6141283857523536,2.47794713856708,2.5239630118890357,2.414668606592106,1.0357237302759974,1.026205886721773,1.6942606999946292,
a74e041271952553473e,away,poisson_glm,no_dratings,"{""alpha"":0.0,""solver"":""lbfgs""}",ok,757,2.763357318400713,2.717925922912209,2.5239630118890357,2.414668606592106,1.0948485795489153,1.1255896214876868,0.5408294999797363,
3232b27115e20bbce2d6,away,poisson_glm,no_dratings,"{""alpha"":0.01,""solver"":""lbfgs""}",ok,757,2.6830305124920066,2.580896881611106,2.5239630118890357,2.414668606592106,1.0630229127184865,1.0688410304276093,0.20793149998644367,
943544b07b4d9f7604c8,away,poisson_glm,no_dratings,"{""alpha"":0.1,""solver"":""lbfgs""}",ok,757,2.656060933332856,2.543316642580986,2.5239630118890357,2.414668606592106,1.0523375028958737,1.0532777192024063,0.12424219999229535,
d7798a8f4adef5479ecc,away,poisson_glm,no_dratings,"{""alpha"":1.0,""solver"":""lbfgs""}",ok,757,2.6186229002316415,2.4843046752923215,2.5239630118890357,2.414668606592106,1.037504467338354,1.0288387683966682,0.08015110000269488,
cf0ddb644de591f328f8,away,poisson_glm,no_dratings,"{""alpha"":10.0,""solver"":""lbfgs""}",ok,757,2.584119090404645,2.449661427420166,2.5239630118890357,2.414668606592106,1.0238339778484258,1.0144917694844453,0.06008510000538081,
3b9170af78b546ebb434,away,tweedie_glm,no_dratings,"{""alpha"":0.01,""power"":1.2,""solver"":""lbfgs""}",ok,757,2.6783681606742453,2.575038403301904,2.5239630118890357,2.414668606592106,1.0611756781133044,1.0664148265612865,0.173451800015755,
d58b16dfa1cd372638fe,away,tweedie_glm,no_dratings,"{""alpha"":0.1,""power"":1.2,""solver"":""lbfgs""}",ok,757,2.649720732552075,2.5349296262670586,2.5239630118890357,2.414668606592106,1.0498255006395347,1.0498043579755154,0.11067439999897033,
b3496bbc10d939dfb5f4,away,tweedie_glm,no_dratings,"{""alpha"":1.0,""power"":1.2,""solver"":""lbfgs""}",ok,757,2.612375098434166,2.4766360427330847,2.5239630118890357,2.414668606592106,1.0350290737735333,1.0256629153879775,0.0777026999858208,
48a7c0d172f27738e998,away,tweedie_glm,no_dratings,"{""alpha"":0.01,""power"":1.5,""solver"":""lbfgs""}",ok,757,2.6726979402870805,2.56855909155031,2.5239630118890357,2.414668606592106,1.0589291236430305,1.0637315135244974,0.1728288999875076,
765186384777791d147b,away,tweedie_glm,no_dratings,"{""alpha"":0.1,""power"":1.5,""solver"":""lbfgs""}",ok,757,2.6413770404150783,2.5231807113652276,2.5239630118890357,2.414668606592106,1.0465197104604813,1.044938715183061,0.10610699999961071,
6c2ec6373bb635022b47,away,tweedie_glm,no_dratings,"{""alpha"":1.0,""power"":1.5,""solver"":""lbfgs""}",ok,757,2.6025354310298128,2.4670963872518477,2.5239630118890357,2.414668606592106,1.0311305747234267,1.021712205358786,0.06719969998812303,
a25d2f30795d517b290d,away,tweedie_glm,no_dratings,"{""alpha"":0.01,""power"":1.8,""solver"":""lbfgs""}",ok,757,2.6683957026643923,2.5640872019175873,2.5239630118890357,2.414668606592106,1.0572245671172722,1.0618795452583285,0.14967380001326092,
e1eebae4a348c57f53fa,away,tweedie_glm,no_dratings,"{""alpha"":0.1,""power"":1.8,""solver"":""lbfgs""}",ok,757,2.6338370902500103,2.5122215542783266,2.5239630118890357,2.414668606592106,1.0435323647150996,1.040400139141205,0.0936844999960158,
7c9e98088c0fa0424d9c,away,tweedie_glm,no_dratings,"{""alpha"":1.0,""power"":1.8,""solver"":""lbfgs""}",ok,757,2.5929783593909486,2.4598986678971517,2.5239630118890357,2.414668606592106,1.027344040771128,1.0187313742273232,0.06361139999353327,
5a7e664479c9e8e09148,away,lightgbm,no_dratings,"{""colsample_bytree"":0.9,""learning_rate"":0.025,""min_child_samples"":10,""n_estimators"":500,""num_leaves"":15,""objective"":""poisson"",""reg_lambda"":1.0,""subsample"":0.9,""tweedie_variance_power"":null}",ok,757,2.6819659926850554,2.6561031874213086,2.5239630118890357,2.414668606592106,1.062601147501668,1.0999866317763356,1.2282025000022259,
8fe960c910620947296b,away,lightgbm,no_dratings,"{""colsample_bytree"":0.9,""learning_rate"":0.025,""min_child_samples"":30,""n_estimators"":500,""num_leaves"":15,""objective"":""poisson"",""reg_lambda"":1.0,""subsample"":0.9,""tweedie_variance_power"":null}",ok,757,2.6584229157683845,2.629059792541797,2.5239630118890357,2.414668606592106,1.0532733258157827,1.0887870018123387,1.1362210999941453,
abddde55fe37dd847510,away,lightgbm,no_dratings,"{""colsample_bytree"":0.9,""learning_rate"":0.025,""min_child_samples"":10,""n_estimators"":500,""num_leaves"":31,""objective"":""poisson"",""reg_lambda"":1.0,""subsample"":0.9,""tweedie_variance_power"":null}",ok,757,2.675481771497561,2.7659853276057267,2.5239630118890357,2.414668606592106,1.0600320840261135,1.145492727264734,2.4328005999850575,
f6ed20beeec3e139f758,away,lightgbm,no_dratings,"{""colsample_bytree"":0.9,""learning_rate"":0.025,""min_child_samples"":30,""n_estimators"":500,""num_leaves"":31,""objective"":""poisson"",""reg_lambda"":1.0,""subsample"":0.9,""tweedie_variance_power"":null}",ok,757,2.6476192041808244,2.673425967884852,2.5239630118890357,2.414668606592106,1.0489928702240527,1.107160610191532,1.891825600003358,
5780e3277de8f6d59412,away,lightgbm,no_dratings,"{""colsample_bytree"":0.9,""learning_rate"":0.05,""min_child_samples"":10,""n_estimators"":500,""num_leaves"":15,""objective"":""poisson"",""reg_lambda"":1.0,""subsample"":0.9,""tweedie_variance_power"":null}",ok,757,2.688008286589983,2.8145043869333572,2.5239630118890357,2.414668606592106,1.0649951183627564,1.1655861923452724,1.1768006999918725,
aa29fe7679c79eaf96fc,away,lightgbm,no_dratings,"{""colsample_bytree"":0.9,""learning_rate"":0.05,""min_child_samples"":30,""n_estimators"":500,""num_leaves"":15,""objective"":""poisson"",""reg_lambda"":1.0,""subsample"":0.9,""tweedie_variance_power"":null}",ok,757,2.6766999293169977,2.749479239915303,2.5239630118890357,2.414668606592106,1.060514720979864,1.1386569703226173,1.09817819998716,
3188f469a132a676e3da,away,lightgbm,no_dratings,"{""colsample_bytree"":0.9,""learning_rate"":0.05,""min_child_samples"":10,""n_estimators"":500,""num_leaves"":31,""objective"":""poisson"",""reg_lambda"":1.0,""subsample"":0.9,""tweedie_variance_power"":null}",ok,757,2.654404312013274,2.9491340096573047,2.5239630118890357,2.414668606592106,1.0516811456862876,1.2213410989839741,2.3248548999836203,
75f78cc9ee06fa4d2506,away,lightgbm,no_dratings,"{""colsample_bytree"":0.9,""learning_rate"":0.05,""min_child_samples"":30,""n_estimators"":500,""num_leaves"":31,""objective"":""poisson"",""reg_lambda"":1.0,""subsample"":0.9,""tweedie_variance_power"":null}",ok,757,2.6621022024430148,2.8012735902549504,2.5239630118890357,2.414668606592106,1.0547310677308976,1.160106849696643,1.9506289999990258,
77e4f69bdd056cbd2417,away,lightgbm,no_dratings,"{""colsample_bytree"":0.9,""learning_rate"":0.1,""min_child_samples"":10,""n_estimators"":500,""num_leaves"":15,""objective"":""poisson"",""reg_lambda"":1.0,""subsample"":0.9,""tweedie_variance_power"":null}",ok,757,2.674935947120871,3.0325439460712467,2.5239630118890357,2.414668606592106,1.0598158271419522,1.2558841150261055,1.1481268999923486,
c8a12df12352489ef2f7,away,lightgbm,no_dratings,"{""colsample_bytree"":0.9,""learning_rate"":0.1,""min_child_samples"":30,""n_estimators"":500,""num_leaves"":15,""objective"":""poisson"",""reg_lambda"":1.0,""subsample"":0.9,""tweedie_variance_power"":null}",ok,757,2.709705073614464,2.976335358018027,2.5239630118890357,2.414668606592106,1.0735914357106253,1.2326061430924957,1.1142556999984663,
c11d105f1969b2a90f43,away,lightgbm,no_dratings,"{""colsample_bytree"":0.9,""learning_rate"":0.1,""min_child_samples"":10,""n_estimators"":500,""num_leaves"":31,""objective"":""poisson"",""reg_lambda"":1.0,""subsample"":0.9,""tweedie_variance_power"":null}",ok,757,2.6870239380042005,3.2508720757600034,2.5239630118890357,2.414668606592106,1.0646051171697335,1.3463015450174158,2.3014647000236437,
5ad50ea90203e19dc429,away,lightgbm,no_dratings,"{""colsample_bytree"":0.9,""learning_rate"":0.1,""min_child_samples"":30,""n_estimators"":500,""num_leaves"":31,""objective"":""poisson"",""reg_lambda"":1.0,""subsample"":0.9,""tweedie_variance_power"":null}",ok,757,2.6512533013557866,2.939210523391214,2.5239630118890357,2.414668606592106,1.0504327079545757,1.2172314309993078,1.9434028999821749,
c1ad54fa0ea46be81fc2,away,lightgbm,no_dratings,"{""colsample_bytree"":0.9,""learning_rate"":0.025,""min_child_samples"":10,""n_estimators"":500,""num_leaves"":15,""objective"":""tweedie"",""reg_lambda"":1.0,""subsample"":0.9,""tweedie_variance_power"":1.5}",ok,757,2.67349868129425,2.932015097268852,2.5239630118890357,2.414668606592106,1.059246379087503,1.214251549576773,1.3358538000029512,
0ca8c27ef4c0e2af5f05,away,lightgbm,no_dratings,"{""colsample_bytree"":0.9,""learning_rate"":0.025,""min_child_samples"":30,""n_estimators"":500,""num_leaves"":15,""objective"":""tweedie"",""reg_lambda"":1.0,""subsample"":0.9,""tweedie_variance_power"":1.5}",ok,757,2.6829371724520863,2.8843149716232737,2.5239630118890357,2.414668606592106,1.0629859311781547,1.1944972340092637,1.1597336000122596,
426166cef7eabdafc802,away,lightgbm,no_dratings,"{""colsample_bytree"":0.9,""learning_rate"":0.025,""min_child_samples"":10,""n_estimators"":500,""num_leaves"":31,""objective"":""tweedie"",""reg_lambda"":1.0,""subsample"":0.9,""tweedie_variance_power"":1.5}",ok,757,2.7011081223271507,3.186573751942353,2.5239630118890357,2.414668606592106,1.070185303668746,1.3196733262870632,2.396712599991588,
ade1a3134ba7e9fd680e,away,lightgbm,no_dratings,"{""colsample_bytree"":0.9,""learning_rate"":0.025,""min_child_samples"":30,""n_estimators"":500,""num_leaves"":31,""objective"":""tweedie"",""reg_lambda"":1.0,""subsample"":0.9,""tweedie_variance_power"":1.5}",ok,757,2.657226234081023,2.942147683806048,2.5239630118890357,2.414668606592106,1.0527991977553774,1.218447813407567,1.9148855999810621,
5dd9b732dad1a7cdcdc0,away,lightgbm,no_dratings,"{""colsample_bytree"":0.9,""learning_rate"":0.05,""min_child_samples"":10,""n_estimators"":500,""num_leaves"":15,""objective"":""tweedie"",""reg_lambda"":1.0,""subsample"":0.9,""tweedie_variance_power"":1.5}",ok,757,2.7377354894061363,3.2496832888736673,2.5239630118890357,2.414668606592106,1.084697151467804,1.3458092261612835,1.1391962000052445,
9ea742a8f7bc18b0d332,away,lightgbm,no_dratings,"{""colsample_bytree"":0.9,""learning_rate"":0.05,""min_child_samples"":30,""n_estimators"":500,""num_leaves"":15,""objective"":""tweedie"",""reg_lambda"":1.0,""subsample"":0.9,""tweedie_variance_power"":1.5}",ok,757,2.7296229611140603,3.1506978486157724,2.5239630118890357,2.414668606592106,1.0814829489403255,1.3048158409871597,1.1238376000255812,
2941220093cf650266f9,away,lightgbm,no_dratings,"{""colsample_bytree"":0.9,""learning_rate"":0.05,""min_child_samples"":10,""n_estimators"":500,""num_leaves"":31,""objective"":""tweedie"",""reg_lambda"":1.0,""subsample"":0.9,""tweedie_variance_power"":1.5}",ok,757,2.773279901178802,3.5782216658601294,2.5239630118890357,2.414668606592106,1.09877992986243,1.4818686324456674,2.4062411999912,
6a3f1a4b7fe2774b5bf7,away,lightgbm,no_dratings,"{""colsample_bytree"":0.9,""learning_rate"":0.05,""min_child_samples"":30,""n_estimators"":500,""num_leaves"":31,""objective"":""tweedie"",""reg_lambda"":1.0,""subsample"":0.9,""tweedie_variance_power"":1.5}",ok,757,2.737045406393601,3.2751214669287045,2.5239630118890357,2.414668606592106,1.0844237389774924,1.3563440788469028,1.9626207000110298,
08cad5f17aaebe340a6f,away,lightgbm,no_dratings,"{""colsample_bytree"":0.9,""learning_rate"":0.1,""min_child_samples"":10,""n_estimators"":500,""num_leaves"":15,""objective"":""tweedie"",""reg_lambda"":1.0,""subsample"":0.9,""tweedie_variance_power"":1.5}",ok,757,2.807374555512938,3.714004183538621,2.5239630118890357,2.414668606592106,1.1122883109969928,1.5381009938172452,1.1936531999963336,
b4288e02138c278b5b02,away,lightgbm,no_dratings,"{""colsample_bytree"":0.9,""learning_rate"":0.1,""min_child_samples"":30,""n_estimators"":500,""num_leaves"":15,""objective"":""tweedie"",""reg_lambda"":1.0,""subsample"":0.9,""tweedie_variance_power"":1.5}",ok,757,2.804704830171339,3.515050769283499,2.5239630118890357,2.414668606592106,1.1112305596238452,1.4557073213638185,1.1301024999993388,
94709f557e3efbe21c04,away,lightgbm,no_dratings,"{""colsample_bytree"":0.9,""learning_rate"":0.1,""min_child_samples"":10,""n_estimators"":500,""num_leaves"":31,""objective"":""tweedie"",""reg_lambda"":1.0,""subsample"":0.9,""tweedie_variance_power"":1.5}",ok,757,2.8404631981719985,3.9320294385700856,2.5239630118890357,2.414668606592106,1.1253981079723039,1.6283929926597571,2.469652200001292,
d1eedc5b380695c94225,away,lightgbm,no_dratings,"{""colsample_bytree"":0.9,""learning_rate"":0.1,""min_child_samples"":30,""n_estimators"":500,""num_leaves"":31,""objective"":""tweedie"",""reg_lambda"":1.0,""subsample"":0.9,""tweedie_variance_power"":1.5}",ok,757,2.8029473032145877,3.6192149079644333,2.5239630118890357,2.414668606592106,1.1105342233667477,1.4988453894186082,1.9740175000042655,
9970a36be1c996cc56f3,away,lightgbm,no_dratings,"{""colsample_bytree"":0.9,""learning_rate"":0.025,""min_child_samples"":10,""n_estimators"":500,""num_leaves"":15,""objective"":""regression"",""reg_lambda"":1.0,""subsample"":0.9,""tweedie_variance_power"":null}",ok,757,2.7598565120841654,2.7678544985669418,2.5239630118890357,2.414668606592106,1.0934615519656834,1.1462668173225217,1.2707368000119459,
ebc388aba4551abc70d1,away,lightgbm,no_dratings,"{""colsample_bytree"":0.9,""learning_rate"":0.025,""min_child_samples"":30,""n_estimators"":500,""num_leaves"":15,""objective"":""regression"",""reg_lambda"":1.0,""subsample"":0.9,""tweedie_variance_power"":null}",ok,757,2.769095539414395,2.7807457862036347,2.5239630118890357,2.414668606592106,1.0971220760251523,1.1516055572231023,1.2043626999948174,
246b5624414b2179bd5f,away,lightgbm,no_dratings,"{""colsample_bytree"":0.9,""learning_rate"":0.025,""min_child_samples"":10,""n_estimators"":500,""num_leaves"":31,""objective"":""regression"",""reg_lambda"":1.0,""subsample"":0.9,""tweedie_variance_power"":null}",ok,757,2.7692199336511005,2.7200094148576137,2.5239630118890357,2.414668606592106,1.0971713613102851,1.1264524694742457,2.525499099981971,
78b2fe78a687119129a0,away,lightgbm,no_dratings,"{""colsample_bytree"":0.9,""learning_rate"":0.025,""min_child_samples"":30,""n_estimators"":500,""num_leaves"":31,""objective"":""regression"",""reg_lambda"":1.0,""subsample"":0.9,""tweedie_variance_power"":null}",ok,757,2.7660044214334683,2.763554633110825,2.5239630118890357,2.414668606592106,1.0958973679108233,1.1444860903754044,2.042998399992939,
bbf84c17b376c25bad60,away,lightgbm,no_dratings,"{""colsample_bytree"":0.9,""learning_rate"":0.05,""min_child_samples"":10,""n_estimators"":500,""num_leaves"":15,""objective"":""regression"",""reg_lambda"":1.0,""subsample"":0.9,""tweedie_variance_power"":null}",ok,757,2.8510052511075172,2.920882549009298,2.5239630118890357,2.414668606592106,1.1295748937991408,1.2096411660942685,1.2281693000113592,
91a0ed08e628ef7299bd,away,lightgbm,no_dratings,"{""colsample_bytree"":0.9,""learning_rate"":0.05,""min_child_samples"":30,""n_estimators"":500,""num_leaves"":15,""objective"":""regression"",""reg_lambda"":1.0,""subsample"":0.9,""tweedie_variance_power"":null}",ok,757,2.7838709022672683,2.8947919076021296,2.5239630118890357,2.414668606592106,1.1029761090610068,1.1988361051695768,1.1742158000124618,
9ae33174e3f13a42c755,away,lightgbm,no_dratings,"{""colsample_bytree"":0.9,""learning_rate"":0.05,""min_child_samples"":10,""n_estimators"":500,""num_leaves"":31,""objective"":""regression"",""reg_lambda"":1.0,""subsample"":0.9,""tweedie_variance_power"":null}",ok,757,2.801132184068655,2.8095603456337765,2.5239630118890357,2.414668606592106,1.1098150689507034,1.1635386893106598,2.688094999990426,
70a5f7e9799dc81b7606,away,lightgbm,no_dratings,"{""colsample_bytree"":0.9,""learning_rate"":0.05,""min_child_samples"":30,""n_estimators"":500,""num_leaves"":31,""objective"":""regression"",""reg_lambda"":1.0,""subsample"":0.9,""tweedie_variance_power"":null}",ok,757,2.7942884045432232,2.819486994866527,2.5239630118890357,2.414668606592106,1.1071035476276117,1.1676496671921175,2.0920330000226386,
cc2825faa4e1d4090dbd,away,lightgbm,no_dratings,"{""colsample_bytree"":0.9,""learning_rate"":0.1,""min_child_samples"":10,""n_estimators"":500,""num_leaves"":15,""objective"":""regression"",""reg_lambda"":1.0,""subsample"":0.9,""tweedie_variance_power"":null}",ok,757,2.8609114600028214,3.0161075210193475,2.5239630118890357,2.414668606592106,1.1334997567423144,1.249077207855893,1.2165687999804504,
863dc84cd79e0e3fd151,away,lightgbm,no_dratings,"{""colsample_bytree"":0.9,""learning_rate"":0.1,""min_child_samples"":30,""n_estimators"":500,""num_leaves"":15,""objective"":""regression"",""reg_lambda"":1.0,""subsample"":0.9,""tweedie_variance_power"":null}",ok,757,2.848568623136663,3.0161613864931565,2.5239630118890357,2.414668606592106,1.1286094961449848,1.2490995154610285,1.195582899992587,
514ef7bd6308292c8902,away,lightgbm,no_dratings,"{""colsample_bytree"":0.9,""learning_rate"":0.1,""min_child_samples"":10,""n_estimators"":500,""num_leaves"":31,""objective"":""regression"",""reg_lambda"":1.0,""subsample"":0.9,""tweedie_variance_power"":null}",ok,757,2.851326247670736,2.8643787348791494,2.5239630118890357,2.414668606592106,1.1297020733820853,1.1862409305605428,2.528189700009534,
2bec84789f36cc49433a,away,lightgbm,no_dratings,"{""colsample_bytree"":0.9,""learning_rate"":0.1,""min_child_samples"":30,""n_estimators"":500,""num_leaves"":31,""objective"":""regression"",""reg_lambda"":1.0,""subsample"":0.9,""tweedie_variance_power"":null}",ok,757,2.8197662971558612,2.7966835035091013,2.5239630118890357,2.414668606592106,1.117197947780318,1.1582059318094768,2.115689400001429,
f00331cb524164da9389,away,xgboost,no_dratings,"{""colsample_bytree"":0.9,""learning_rate"":0.025,""max_depth"":3,""min_child_weight"":1.0,""n_estimators"":500,""objective"":""count:poisson"",""reg_lambda"":1.0,""subsample"":0.9,""tweedie_variance_power"":null}",ok,757,2.676379509299718,2.5715920367983274,2.5239630118890357,2.414668606592106,1.060387769825758,1.0649875638329072,1.9223373999993782,
ff1582f5c9cd3fd1552a,away,xgboost,no_dratings,"{""colsample_bytree"":0.9,""learning_rate"":0.025,""max_depth"":3,""min_child_weight"":5.0,""n_estimators"":500,""objective"":""count:poisson"",""reg_lambda"":1.0,""subsample"":0.9,""tweedie_variance_power"":null}",ok,757,2.6763796459888374,2.5715922137191605,2.5239630118890357,2.414668606592106,1.0603878239823044,1.0649876371021054,1.932808900019154,
bd3fc182a043dc09a63b,away,xgboost,no_dratings,"{""colsample_bytree"":0.9,""learning_rate"":0.025,""max_depth"":6,""min_child_weight"":1.0,""n_estimators"":500,""objective"":""count:poisson"",""reg_lambda"":1.0,""subsample"":0.9,""tweedie_variance_power"":null}",ok,757,2.604274107411484,2.666572434452217,2.5239630118890357,2.414668606592106,1.031819442338951,1.1043223186703164,6.118331300007412,
9abd0b96be04242d6a0b,away,xgboost,no_dratings,"{""colsample_bytree"":0.9,""learning_rate"":0.025,""max_depth"":6,""min_child_weight"":5.0,""n_estimators"":500,""objective"":""count:poisson"",""reg_lambda"":1.0,""subsample"":0.9,""tweedie_variance_power"":null}",ok,757,2.6099439930254436,2.672909247573033,2.5239630118890357,2.414668606592106,1.0340658641713043,1.1069466179648517,6.184945599990897,
d719ac6c40fa1aa6ea35,away,xgboost,no_dratings,"{""colsample_bytree"":0.9,""learning_rate"":0.05,""max_depth"":3,""min_child_weight"":1.0,""n_estimators"":500,""objective"":""count:poisson"",""reg_lambda"":1.0,""subsample"":0.9,""tweedie_variance_power"":null}",ok,757,2.7007451562931863,2.6800230620001453,2.5239630118890357,2.414668606592106,1.0700414956841384,1.1098927010868551,1.9353985999769066,
2d98eef3db80ce30f2e2,away,xgboost,no_dratings,"{""colsample_bytree"":0.9,""learning_rate"":0.05,""max_depth"":3,""min_child_weight"":5.0,""n_estimators"":500,""objective"":""count:poisson"",""reg_lambda"":1.0,""subsample"":0.9,""tweedie_variance_power"":null}",ok,757,2.6975957315853125,2.675982559038956,2.5239630118890357,2.414668606592106,1.0687936863093421,1.108219385357252,2.1143366000032984,
4dc4e1b2b59c7fddd2d1,away,xgboost,no_dratings,"{""colsample_bytree"":0.9,""learning_rate"":0.05,""max_depth"":6,""min_child_weight"":1.0,""n_estimators"":500,""objective"":""count:poisson"",""reg_lambda"":1.0,""subsample"":0.9,""tweedie_variance_power"":null}",ok,757,2.6996847944656484,3.1217060892647432,2.5239630118890357,2.414668606592106,1.0696213778684083,1.2928093241210852,5.8169273999810684,
78366f7095d1bc03e286,away,xgboost,no_dratings,"{""colsample_bytree"":0.9,""learning_rate"":0.05,""max_depth"":6,""min_child_weight"":5.0,""n_estimators"":500,""objective"":""count:poisson"",""reg_lambda"":1.0,""subsample"":0.9,""tweedie_variance_power"":null}",ok,757,2.6930459519673526,3.1196920673294315,2.5239630118890357,2.414668606592106,1.0669910530708484,1.291975246132158,5.82102939998731,
934033c114f09b470bf4,away,xgboost,no_dratings,"{""colsample_bytree"":0.9,""learning_rate"":0.1,""max_depth"":3,""min_child_weight"":1.0,""n_estimators"":500,""objective"":""count:poisson"",""reg_lambda"":1.0,""subsample"":0.9,""tweedie_variance_power"":null}",ok,757,2.7388485181126914,2.8784491236671053,2.5239630118890357,2.414668606592106,1.0851381360231689,1.1920679781104813,1.9432821000227705,
6b8cda071e853a94b8e9,away,xgboost,no_dratings,"{""colsample_bytree"":0.9,""learning_rate"":0.1,""max_depth"":3,""min_child_weight"":5.0,""n_estimators"":500,""objective"":""count:poisson"",""reg_lambda"":1.0,""subsample"":0.9,""tweedie_variance_power"":null}",ok,757,2.7465335759807923,2.902309300246163,2.5239630118890357,2.414668606592106,1.0881829737770903,1.2019493243597839,1.9352620000136085,
461be867696409a1244b,away,xgboost,no_dratings,"{""colsample_bytree"":0.9,""learning_rate"":0.1,""max_depth"":6,""min_child_weight"":1.0,""n_estimators"":500,""objective"":""count:poisson"",""reg_lambda"":1.0,""subsample"":0.9,""tweedie_variance_power"":null}",ok,757,2.7938701580899865,3.8671843735285467,2.5239630118890357,2.414668606592106,1.1069378374126575,1.6015383489771788,5.489288100012345,
17a5b6dd092380f7e98d,away,xgboost,no_dratings,"{""colsample_bytree"":0.9,""learning_rate"":0.1,""max_depth"":6,""min_child_weight"":5.0,""n_estimators"":500,""objective"":""count:poisson"",""reg_lambda"":1.0,""subsample"":0.9,""tweedie_variance_power"":null}",ok,757,2.7440990607599915,3.5894937288016013,2.5239630118890357,2.414668606592106,1.0872184131994063,1.486536793911261,5.433816800010391,
b82cab88a249e6451252,away,xgboost,no_dratings,"{""colsample_bytree"":0.9,""learning_rate"":0.025,""max_depth"":3,""min_child_weight"":1.0,""n_estimators"":500,""objective"":""reg:tweedie"",""reg_lambda"":1.0,""subsample"":0.9,""tweedie_variance_power"":1.5}",ok,757,2.6554521969476497,2.831445211501739,2.5239630118890357,2.414668606592106,1.0520963201280047,1.1726019892633806,1.9914482999884058,
a42a9aa3618c761e7d65,away,xgboost,no_dratings,"{""colsample_bytree"":0.9,""learning_rate"":0.025,""max_depth"":3,""min_child_weight"":5.0,""n_estimators"":500,""objective"":""reg:tweedie"",""reg_lambda"":1.0,""subsample"":0.9,""tweedie_variance_power"":1.5}",ok,757,2.6391677795029693,2.8009138338233317,2.5239630118890357,2.414668606592106,1.0456443961624104,1.1599578617855744,2.0688767999818083,
9d61d80b007d142f365e,away,xgboost,no_dratings,"{""colsample_bytree"":0.9,""learning_rate"":0.025,""max_depth"":6,""min_child_weight"":1.0,""n_estimators"":500,""objective"":""reg:tweedie"",""reg_lambda"":1.0,""subsample"":0.9,""tweedie_variance_power"":1.5}",ok,757,2.7215032090520292,3.4886224002641923,2.5239630118890357,2.414668606592106,1.0782658843384343,1.444762395444313,6.053726799989818,
116265ecc7f32fdf0c2e,away,xgboost,no_dratings,"{""colsample_bytree"":0.9,""learning_rate"":0.025,""max_depth"":6,""min_child_weight"":5.0,""n_estimators"":500,""objective"":""reg:tweedie"",""reg_lambda"":1.0,""subsample"":0.9,""tweedie_variance_power"":1.5}",ok,757,2.7016925144463264,3.3040401875787846,2.5239630118890357,2.414668606592106,1.0704168411819437,1.36832034779376,5.478086100018118,
4d8c62885968722a6ddb,away,xgboost,no_dratings,"{""colsample_bytree"":0.9,""learning_rate"":0.05,""max_depth"":3,""min_child_weight"":1.0,""n_estimators"":500,""objective"":""reg:tweedie"",""reg_lambda"":1.0,""subsample"":0.9,""tweedie_variance_power"":1.5}",ok,757,2.743978385684355,3.259869427162858,2.5239630118890357,2.414668606592106,1.0871706014545162,1.3500276676738714,1.98732650000602,
a63b4195bc82102b7f30,away,xgboost,no_dratings,"{""colsample_bytree"":0.9,""learning_rate"":0.05,""max_depth"":3,""min_child_weight"":5.0,""n_estimators"":500,""objective"":""reg:tweedie"",""reg_lambda"":1.0,""subsample"":0.9,""tweedie_variance_power"":1.5}",ok,757,2.7240422186558595,3.128125284313257,2.5239630118890357,2.414668606592106,1.0792718458330641,1.295467740696755,2.003022199991392,
a6d5dbe2e35dbbe7d709,away,xgboost,no_dratings,"{""colsample_bytree"":0.9,""learning_rate"":0.05,""max_depth"":6,""min_child_weight"":1.0,""n_estimators"":500,""objective"":""reg:tweedie"",""reg_lambda"":1.0,""subsample"":0.9,""tweedie_variance_power"":1.5}",ok,757,2.8449662316743103,4.135676465450605,2.5239630118890357,2.414668606592106,1.1271822202913437,1.7127304567426371,5.822698700008914,
de3b2ca9264dfe8d53c5,away,xgboost,no_dratings,"{""colsample_bytree"":0.9,""learning_rate"":0.05,""max_depth"":6,""min_child_weight"":5.0,""n_estimators"":500,""objective"":""reg:tweedie"",""reg_lambda"":1.0,""subsample"":0.9,""tweedie_variance_power"":1.5}",ok,757,2.7669233036482193,3.7610745357952107,2.5239630118890357,2.414668606592106,1.096261431175785,1.557594497865,5.3435845999920275,
a8984d5090e00bf0ae9c,away,xgboost,no_dratings,"{""colsample_bytree"":0.9,""learning_rate"":0.1,""max_depth"":3,""min_child_weight"":1.0,""n_estimators"":500,""objective"":""reg:tweedie"",""reg_lambda"":1.0,""subsample"":0.9,""tweedie_variance_power"":1.5}",ok,757,2.8597620832715354,3.8504247407552743,2.5239630118890357,2.414668606592106,1.133044371015237,1.59459759001443,2.1463681000168435,
6d3a3f519af62ec33c9a,away,xgboost,no_dratings,"{""colsample_bytree"":0.9,""learning_rate"":0.1,""max_depth"":3,""min_child_weight"":5.0,""n_estimators"":500,""objective"":""reg:tweedie"",""reg_lambda"":1.0,""subsample"":0.9,""tweedie_variance_power"":1.5}",ok,757,2.829928415612154,3.5561020198772955,2.5239630118890357,2.414668606592106,1.1212242026851738,1.4727081017117825,2.0012021999864373,
479fab5a63012ae75a95,away,xgboost,no_dratings,"{""colsample_bytree"":0.9,""learning_rate"":0.1,""max_depth"":6,""min_child_weight"":1.0,""n_estimators"":500,""objective"":""reg:tweedie"",""reg_lambda"":1.0,""subsample"":0.9,""tweedie_variance_power"":1.5}",ok,757,2.9066130257306355,4.738161156831633,2.5239630118890357,2.414668606592106,1.1516068230949268,1.9622407579641916,5.2454181000066455,
3671b455fe41db516a3f,away,xgboost,no_dratings,"{""colsample_bytree"":0.9,""learning_rate"":0.1,""max_depth"":6,""min_child_weight"":5.0,""n_estimators"":500,""objective"":""reg:tweedie"",""reg_lambda"":1.0,""subsample"":0.9,""tweedie_variance_power"":1.5}",ok,757,2.878063143618513,4.258027931313195,2.5239630118890357,2.414668606592106,1.1402952935766102,1.7634005427033221,4.9635183999780566,
91a777159d2fc38b73c4,away,xgboost,no_dratings,"{""colsample_bytree"":0.9,""learning_rate"":0.025,""max_depth"":3,""min_child_weight"":1.0,""n_estimators"":500,""objective"":""reg:squarederror"",""reg_lambda"":1.0,""subsample"":0.9,""tweedie_variance_power"":null}",ok,757,2.7582687797760554,2.6543062408210067,2.5239630118890357,2.414668606592106,1.0928324887422403,1.0992424523906443,1.9356642000202555,
d31fc9500e2750c3a106,away,xgboost,no_dratings,"{""colsample_bytree"":0.9,""learning_rate"":0.025,""max_depth"":3,""min_child_weight"":5.0,""n_estimators"":500,""objective"":""reg:squarederror"",""reg_lambda"":1.0,""subsample"":0.9,""tweedie_variance_power"":null}",ok,757,2.711631456800937,2.632422371163006,2.5239630118890357,2.414668606592106,1.0743546731976246,1.0901795650038382,1.9054414999845903,
a29203c115e1c09d61db,away,xgboost,no_dratings,"{""colsample_bytree"":0.9,""learning_rate"":0.025,""max_depth"":6,""min_child_weight"":1.0,""n_estimators"":500,""objective"":""reg:squarederror"",""reg_lambda"":1.0,""subsample"":0.9,""tweedie_variance_power"":null}",ok,757,2.7883135220491115,2.6751455613677746,2.5239630118890357,2.414668606592106,1.1047362853238587,1.1078727549049836,6.420567199995276,
b8cdb3a77f9f630a0ff4,away,xgboost,no_dratings,"{""colsample_bytree"":0.9,""learning_rate"":0.025,""max_depth"":6,""min_child_weight"":5.0,""n_estimators"":500,""objective"":""reg:squarederror"",""reg_lambda"":1.0,""subsample"":0.9,""tweedie_variance_power"":null}",ok,757,2.7590997667892134,2.6791117196355856,2.5239630118890357,2.414668606592106,1.0931617277244454,1.1095152818575365,5.309470900014276,
448f67c9d21789d59328,away,xgboost,no_dratings,"{""colsample_bytree"":0.9,""learning_rate"":0.05,""max_depth"":3,""min_child_weight"":1.0,""n_estimators"":500,""objective"":""reg:squarederror"",""reg_lambda"":1.0,""subsample"":0.9,""tweedie_variance_power"":null}",ok,757,2.883539579936661,2.8792025769072214,2.5239630118890357,2.414668606592106,1.1424650703492298,1.1923800098476975,2.114957300014794,
e90940f6ce23fd65603d,away,xgboost,no_dratings,"{""colsample_bytree"":0.9,""learning_rate"":0.05,""max_depth"":3,""min_child_weight"":5.0,""n_estimators"":500,""objective"":""reg:squarederror"",""reg_lambda"":1.0,""subsample"":0.9,""tweedie_variance_power"":null}",ok,757,2.82688899682724,2.835558262327866,2.5239630118890357,2.414668606592106,1.1200199779122288,1.174305349639582,1.9633008999808226,
c5fa1a803a13ee3737c3,away,xgboost,no_dratings,"{""colsample_bytree"":0.9,""learning_rate"":0.05,""max_depth"":6,""min_child_weight"":1.0,""n_estimators"":500,""objective"":""reg:squarederror"",""reg_lambda"":1.0,""subsample"":0.9,""tweedie_variance_power"":null}",ok,757,2.8053788633296164,2.7376638963026116,2.5239630118890357,2.414668606592106,1.11149761312467,1.133763817042521,6.140414999972563,
e2cb9efeaf5c512c4773,away,xgboost,no_dratings,"{""colsample_bytree"":0.9,""learning_rate"":0.05,""max_depth"":6,""min_child_weight"":5.0,""n_estimators"":500,""objective"":""reg:squarederror"",""reg_lambda"":1.0,""subsample"":0.9,""tweedie_variance_power"":null}",ok,757,2.781468071899767,2.7294587138897706,2.5239630118890357,2.414668606592106,1.1020241020956976,1.130365759689872,5.137565299984999,
0e17ff68c902b7b0a37e,away,xgboost,no_dratings,"{""colsample_bytree"":0.9,""learning_rate"":0.1,""max_depth"":3,""min_child_weight"":1.0,""n_estimators"":500,""objective"":""reg:squarederror"",""reg_lambda"":1.0,""subsample"":0.9,""tweedie_variance_power"":null}",ok,757,2.929287109893096,3.030735854250455,2.5239630118890357,2.414668606592106,1.1605903478358421,1.2551353200089113,1.9111338999937288,
35f940eb7cdebcedee90,away,xgboost,no_dratings,"{""colsample_bytree"":0.9,""learning_rate"":0.1,""max_depth"":3,""min_child_weight"":5.0,""n_estimators"":500,""objective"":""reg:squarederror"",""reg_lambda"":1.0,""subsample"":0.9,""tweedie_variance_power"":null}",ok,757,2.924434579584054,3.0377152942564125,2.5239630118890357,2.414668606592106,1.1586677640712686,1.2580257539123063,1.9077844000130426,
56a00fe10b0e0746fffc,away,xgboost,no_dratings,"{""colsample_bytree"":0.9,""learning_rate"":0.1,""max_depth"":6,""min_child_weight"":1.0,""n_estimators"":500,""objective"":""reg:squarederror"",""reg_lambda"":1.0,""subsample"":0.9,""tweedie_variance_power"":null}",ok,757,2.839472931001429,2.814944204296465,2.5239630118890357,2.414668606592106,1.1250057618222595,1.165768336330541,5.531480399979046,
46670d77d93bc394bd15,away,xgboost,no_dratings,"{""colsample_bytree"":0.9,""learning_rate"":0.1,""max_depth"":6,""min_child_weight"":5.0,""n_estimators"":500,""objective"":""reg:squarederror"",""reg_lambda"":1.0,""subsample"":0.9,""tweedie_variance_power"":null}",ok,757,2.7970145728188114,2.7919179721020813,2.5239630118890357,2.414668606592106,1.108183661822133,1.1562323560591605,5.795895399991423,
7172d702a80c938f5f2d,away,hist_gradient_boosting,no_dratings_prob,"{""l2_regularization"":0.0,""learning_rate"":0.025,""loss"":""poisson"",""max_iter"":300,""max_leaf_nodes"":15,""min_samples_leaf"":10}",ok,757,2.626523891618608,2.566876549813131,2.5239630118890357,2.414668606592106,1.0406348584533383,1.0630347132544373,2.144417400006205,
55ef90ca2ab3848a316c,away,hist_gradient_boosting,no_dratings_prob,"{""l2_regularization"":5.0,""learning_rate"":0.025,""loss"":""poisson"",""max_iter"":300,""max_leaf_nodes"":15,""min_samples_leaf"":10}",ok,757,2.6220915990779265,2.5580610924256906,2.5239630118890357,2.414668606592106,1.0388787738673901,1.059383919367701,2.0442368000221904,
d054150eb88a5abf3efd,away,hist_gradient_boosting,no_dratings_prob,"{""l2_regularization"":0.0,""learning_rate"":0.025,""loss"":""poisson"",""max_iter"":300,""max_leaf_nodes"":15,""min_samples_leaf"":30}",ok,757,2.643978687532121,2.60377030988218,2.5239630118890357,2.414668606592106,1.0475504890831426,1.0783137291692206,1.8663723999925423,
6774a8d3c25fa479e9b7,away,hist_gradient_boosting,no_dratings_prob,"{""l2_regularization"":5.0,""learning_rate"":0.025,""loss"":""poisson"",""max_iter"":300,""max_leaf_nodes"":15,""min_samples_leaf"":30}",ok,757,2.6476056113605333,2.596341026162217,2.5239630118890357,2.414668606592106,1.0489874847171228,1.0752369990126764,1.8445005999819841,
78c1a5cdc6065fcc4122,away,hist_gradient_boosting,no_dratings_prob,"{""l2_regularization"":0.0,""learning_rate"":0.025,""loss"":""poisson"",""max_iter"":300,""max_leaf_nodes"":31,""min_samples_leaf"":10}",ok,757,2.588983079163812,2.65756663969781,2.5239630118890357,2.414668606592106,1.0257611014775185,1.1005926993222117,3.650047300005099,
8a7dcd8d887220bf8e4a,away,hist_gradient_boosting,no_dratings_prob,"{""l2_regularization"":5.0,""learning_rate"":0.025,""loss"":""poisson"",""max_iter"":300,""max_leaf_nodes"":31,""min_samples_leaf"":10}",ok,757,2.5734054930615957,2.58534890908071,2.5239630118890357,2.414668606592106,1.0195892257294037,1.0706847730668474,3.824086599983275,
9833d32d8b08355057b7,away,hist_gradient_boosting,no_dratings_prob,"{""l2_regularization"":0.0,""learning_rate"":0.025,""loss"":""poisson"",""max_iter"":300,""max_leaf_nodes"":31,""min_samples_leaf"":30}",ok,757,2.6124108410762052,2.59991460695213,2.5239630118890357,2.414668606592106,1.0350432350912193,1.0767169456936234,2.9790536999935284,
8ff9a55e87f415e36493,away,hist_gradient_boosting,no_dratings_prob,"{""l2_regularization"":5.0,""learning_rate"":0.025,""loss"":""poisson"",""max_iter"":300,""max_leaf_nodes"":31,""min_samples_leaf"":30}",ok,757,2.613240213045483,2.6114325562436504,2.5239630118890357,2.414668606592106,1.0353718341892928,1.081486937426682,2.9266518999938853,
0cdd389aeaf1abf63ca4,away,hist_gradient_boosting,no_dratings_prob,"{""l2_regularization"":0.0,""learning_rate"":0.05,""loss"":""poisson"",""max_iter"":300,""max_leaf_nodes"":15,""min_samples_leaf"":10}",ok,757,2.6272914911896232,2.722349510817801,2.5239630118890357,2.414668606592106,1.0409389831839304,1.127421586293754,1.9388435000146274,
d8a218ab3be40ad18606,away,hist_gradient_boosting,no_dratings_prob,"{""l2_regularization"":5.0,""learning_rate"":0.05,""loss"":""poisson"",""max_iter"":300,""max_leaf_nodes"":15,""min_samples_leaf"":10}",ok,757,2.642274854257404,2.7028702170644907,2.5239630118890357,2.414668606592106,1.0468754263874172,1.1193545191607606,2.035226200008765,
edeb6125069b4f9d528d,away,hist_gradient_boosting,no_dratings_prob,"{""l2_regularization"":0.0,""learning_rate"":0.05,""loss"":""poisson"",""max_iter"":300,""max_leaf_nodes"":15,""min_samples_leaf"":30}",ok,757,2.6760674729860514,2.743078655985818,2.5239630118890357,2.414668606592106,1.060264140314471,1.1360062612721034,1.8789508000190835,
d5d2821ee9c94aaeb27e,away,hist_gradient_boosting,no_dratings_prob,"{""l2_regularization"":5.0,""learning_rate"":0.05,""loss"":""poisson"",""max_iter"":300,""max_leaf_nodes"":15,""min_samples_leaf"":30}",ok,757,2.6675552915529717,2.7293190798032554,2.5239630118890357,2.414668606592106,1.0568915942854749,1.1303079322570997,1.8072993999812752,
3e061b8f1b819f6f7006,away,hist_gradient_boosting,no_dratings_prob,"{""l2_regularization"":0.0,""learning_rate"":0.05,""loss"":""poisson"",""max_iter"":300,""max_leaf_nodes"":31,""min_samples_leaf"":10}",ok,757,2.6104062508411525,2.87430086317673,2.5239630118890357,2.414668606592106,1.0342490117901606,1.1903500361622361,3.8241911999939475,
43ada48f3f9e0ba34477,away,hist_gradient_boosting,no_dratings_prob,"{""l2_regularization"":5.0,""learning_rate"":0.05,""loss"":""poisson"",""max_iter"":300,""max_leaf_nodes"":31,""min_samples_leaf"":10}",ok,757,2.6257425228457008,2.814390333788077,2.5239630118890357,2.414668606592106,1.040325278333017,1.165538958888487,3.640890600014245,
df9c68bcaa1a753ebe74,away,hist_gradient_boosting,no_dratings_prob,"{""l2_regularization"":0.0,""learning_rate"":0.05,""loss"":""poisson"",""max_iter"":300,""max_leaf_nodes"":31,""min_samples_leaf"":30}",ok,757,2.6452870672406896,2.765411715666917,2.5239630118890357,2.414668606592106,1.0480688721586495,1.145255174195446,2.981918499979656,
b841a91ed6b8ce337ac5,away,hist_gradient_boosting,no_dratings_prob,"{""l2_regularization"":5.0,""learning_rate"":0.05,""loss"":""poisson"",""max_iter"":300,""max_leaf_nodes"":31,""min_samples_leaf"":30}",ok,757,2.6378718694430985,2.7528808406029195,2.5239630118890357,2.414668606592106,1.0451309535906426,1.1400656939372489,3.0013958000054117,
1673c7f1f3ce7cd73316,away,hist_gradient_boosting,no_dratings_prob,"{""l2_regularization"":0.0,""learning_rate"":0.1,""loss"":""poisson"",""max_iter"":300,""max_leaf_nodes"":15,""min_samples_leaf"":10}",ok,757,2.6774732897912195,3.0463418992760176,2.5239630118890357,2.414668606592106,1.0608211281936697,1.2615983373285375,1.9019876999955159,
3c73c3f2857010de14fe,away,hist_gradient_boosting,no_dratings_prob,"{""l2_regularization"":5.0,""learning_rate"":0.1,""loss"":""poisson"",""max_iter"":300,""max_leaf_nodes"":15,""min_samples_leaf"":10}",ok,757,2.6491366558266587,2.910932966559305,2.5239630118890357,2.414668606592106,1.0495940880860761,1.2055206907533333,1.9405089000065345,
02355e4103de4f559bc0,away,hist_gradient_boosting,no_dratings_prob,"{""l2_regularization"":0.0,""learning_rate"":0.1,""loss"":""poisson"",""max_iter"":300,""max_leaf_nodes"":15,""min_samples_leaf"":30}",ok,757,2.7097846452390835,2.906209749495071,2.5239630118890357,2.414668606592106,1.0736229621728772,1.2035646388746866,1.8518353999825194,
8ea0f242c69f5f2e2712,away,hist_gradient_boosting,no_dratings_prob,"{""l2_regularization"":5.0,""learning_rate"":0.1,""loss"":""poisson"",""max_iter"":300,""max_leaf_nodes"":15,""min_samples_leaf"":30}",ok,757,2.6840885146102873,2.899411176741365,2.5239630118890357,2.414668606592106,1.063442095611935,1.200749108521931,1.8364969000103883,
72775ac0b5d819a99135,away,hist_gradient_boosting,no_dratings_prob,"{""l2_regularization"":0.0,""learning_rate"":0.1,""loss"":""poisson"",""max_iter"":300,""max_leaf_nodes"":31,""min_samples_leaf"":10}",ok,757,2.6567141299633708,3.054209514682355,2.5239630118890357,2.414668606592106,1.0525963009160657,1.264856596198868,3.7025732999900356,
2807c32d874576891139,away,hist_gradient_boosting,no_dratings_prob,"{""l2_regularization"":5.0,""learning_rate"":0.1,""loss"":""poisson"",""max_iter"":300,""max_leaf_nodes"":31,""min_samples_leaf"":10}",ok,757,2.682323002470717,3.1030164260662954,2.5239630118890357,2.414668606592106,1.062742595606882,1.2850692710357778,3.5613125000090804,
5fb47fbba3410ec52339,away,hist_gradient_boosting,no_dratings_prob,"{""l2_regularization"":0.0,""learning_rate"":0.1,""loss"":""poisson"",""max_iter"":300,""max_leaf_nodes"":31,""min_samples_leaf"":30}",ok,757,2.680593266298251,2.9058705466712382,2.5239630118890357,2.414668606592106,1.062057270122983,1.2034241629423343,2.990166500007035,
b1a43705a044e1cef5bd,away,hist_gradient_boosting,no_dratings_prob,"{""l2_regularization"":5.0,""learning_rate"":0.1,""loss"":""poisson"",""max_iter"":300,""max_leaf_nodes"":31,""min_samples_leaf"":30}",ok,757,2.664215455578018,2.890197532498955,2.5239630118890357,2.414668606592106,1.0555683435249756,1.1969334113213892,3.1333338000113145,
5ed252e9cff1e5ca471c,away,hist_gradient_boosting,no_dratings_prob,"{""l2_regularization"":0.0,""learning_rate"":0.025,""loss"":""squared_error"",""max_iter"":300,""max_leaf_nodes"":15,""min_samples_leaf"":10}",ok,757,2.646025337807663,2.5277170089998906,2.5239630118890357,2.414668606592106,1.0483613766698074,1.0468173570895647,1.9634908000007272,
2faaf95986f3c0554623,away,hist_gradient_boosting,no_dratings_prob,"{""l2_regularization"":5.0,""learning_rate"":0.025,""loss"":""squared_error"",""max_iter"":300,""max_leaf_nodes"":15,""min_samples_leaf"":10}",ok,757,2.6476828134394594,2.541150427660244,2.5239630118890357,2.414668606592106,1.0490180723598745,1.052380612694777,2.0178147999977227,
fe412e7709cfffb12353,away,hist_gradient_boosting,no_dratings_prob,"{""l2_regularization"":0.0,""learning_rate"":0.025,""loss"":""squared_error"",""max_iter"":300,""max_leaf_nodes"":15,""min_samples_leaf"":30}",ok,757,2.6967516668611817,2.601732971150875,2.5239630118890357,2.414668606592106,1.068459265907714,1.077469994867237,1.8321278999792412,
ce7470f7b28e0737c20b,away,hist_gradient_boosting,no_dratings_prob,"{""l2_regularization"":5.0,""learning_rate"":0.025,""loss"":""squared_error"",""max_iter"":300,""max_leaf_nodes"":15,""min_samples_leaf"":30}",ok,757,2.6849318828218802,2.559583035085398,2.5239630118890357,2.414668606592106,1.06377624005368,1.060014209857896,1.8819873000029474,
328ca530bd613b902e2b,away,hist_gradient_boosting,no_dratings_prob,"{""l2_regularization"":0.0,""learning_rate"":0.025,""loss"":""squared_error"",""max_iter"":300,""max_leaf_nodes"":31,""min_samples_leaf"":10}",ok,757,2.6822876686850154,2.5823507380907054,2.5239630118890357,2.414668606592106,1.0627285962790252,1.0694431240133004,3.65201769999112,
5fbf9cee1d66107922b8,away,hist_gradient_boosting,no_dratings_prob,"{""l2_regularization"":5.0,""learning_rate"":0.025,""loss"":""squared_error"",""max_iter"":300,""max_leaf_nodes"":31,""min_samples_leaf"":10}",ok,757,2.6604782754146745,2.5632285917482878,2.5239630118890357,2.414668606592106,1.0540876640753405,1.0615239643032626,3.8711259000119753,
c3cb1b9b9d8b9a235b91,away,hist_gradient_boosting,no_dratings_prob,"{""l2_regularization"":0.0,""learning_rate"":0.025,""loss"":""squared_error"",""max_iter"":300,""max_leaf_nodes"":31,""min_samples_leaf"":30}",ok,757,2.674916836551708,2.5513466349717135,2.5239630118890357,2.414668606592106,1.05980825549012,1.0566032241469794,3.0164007999992464,
316fadcc73061a4d60db,away,hist_gradient_boosting,no_dratings_prob,"{""l2_regularization"":5.0,""learning_rate"":0.025,""loss"":""squared_error"",""max_iter"":300,""max_leaf_nodes"":31,""min_samples_leaf"":30}",ok,757,2.6979199009657022,2.5782613100399967,2.5239630118890357,2.414668606592106,1.0689221229698094,1.067749546667099,2.945573000004515,
92a2b241dcd4c6225479,away,hist_gradient_boosting,no_dratings_prob,"{""l2_regularization"":0.0,""learning_rate"":0.05,""loss"":""squared_error"",""max_iter"":300,""max_leaf_nodes"":15,""min_samples_leaf"":10}",ok,757,2.7009860014872014,2.6010894263376816,2.5239630118890357,2.414668606592106,1.0701369191086816,1.077203480111781,1.9815537000249606,
f248dc86e94c63e0a69c,away,hist_gradient_boosting,no_dratings_prob,"{""l2_regularization"":5.0,""learning_rate"":0.05,""loss"":""squared_error"",""max_iter"":300,""max_leaf_nodes"":15,""min_samples_leaf"":10}",ok,757,2.6795741752244,2.6001453903629814,2.5239630118890357,2.414668606592106,1.061653503875597,1.0768125212977544,1.9902075999998488,
0c7d0e2cf0c34814e194,away,hist_gradient_boosting,no_dratings_prob,"{""l2_regularization"":0.0,""learning_rate"":0.05,""loss"":""squared_error"",""max_iter"":300,""max_leaf_nodes"":15,""min_samples_leaf"":30}",ok,757,2.7453438032211945,2.7074253387058316,2.5239630118890357,2.414668606592106,1.0877115830498914,1.1212409567567543,1.8367473999969661,
16a5a94fa00066209a85,away,hist_gradient_boosting,no_dratings_prob,"{""l2_regularization"":5.0,""learning_rate"":0.05,""loss"":""squared_error"",""max_iter"":300,""max_leaf_nodes"":15,""min_samples_leaf"":30}",ok,757,2.753271513218918,2.6837249742272036,2.5239630118890357,2.414668606592106,1.090852560140435,1.1114257943721828,1.9960405000019819,
55668a38fc948928e5fe,away,hist_gradient_boosting,no_dratings_prob,"{""l2_regularization"":0.0,""learning_rate"":0.05,""loss"":""squared_error"",""max_iter"":300,""max_leaf_nodes"":31,""min_samples_leaf"":10}",ok,757,2.7081254909675665,2.639540427155156,2.5239630118890357,2.414668606592106,1.072965601401859,1.0931274047085153,3.6398501999792643,
4c2d036d8cf11feb58d3,away,hist_gradient_boosting,no_dratings_prob,"{""l2_regularization"":5.0,""learning_rate"":0.05,""loss"":""squared_error"",""max_iter"":300,""max_leaf_nodes"":31,""min_samples_leaf"":10}",ok,757,2.710657285078012,2.6704338246702832,2.5239630118890357,2.414668606592106,1.0739687041012724,1.1059214574538019,3.8313455999887083,
b7213c6db86d08179469,away,hist_gradient_boosting,no_dratings_prob,"{""l2_regularization"":0.0,""learning_rate"":0.05,""loss"":""squared_error"",""max_iter"":300,""max_leaf_nodes"":31,""min_samples_leaf"":30}",ok,757,2.7550605997868263,2.7134274403799554,2.5239630118890357,2.414668606592106,1.09156140038868,1.1237266401576722,3.002894799981732,
1b8f245bcf6fdf767ed2,away,hist_gradient_boosting,no_dratings_prob,"{""l2_regularization"":5.0,""learning_rate"":0.05,""loss"":""squared_error"",""max_iter"":300,""max_leaf_nodes"":31,""min_samples_leaf"":30}",ok,757,2.720470568439989,2.6559406344418877,2.5239630118890357,2.414668606592106,1.077856749732588,1.0999193128163023,2.922056799987331,
c18006c9eb0cb34cf3ab,away,hist_gradient_boosting,no_dratings_prob,"{""l2_regularization"":0.0,""learning_rate"":0.1,""loss"":""squared_error"",""max_iter"":300,""max_leaf_nodes"":15,""min_samples_leaf"":10}",ok,757,2.7433906771946024,2.736237678297547,2.5239630118890357,2.414668606592106,1.0869377499876032,1.1331731695304064,1.938365599984536,
e427f3282e6167af3932,away,hist_gradient_boosting,no_dratings_prob,"{""l2_regularization"":5.0,""learning_rate"":0.1,""loss"":""squared_error"",""max_iter"":300,""max_leaf_nodes"":15,""min_samples_leaf"":10}",ok,757,2.751799501092191,2.722597304579693,2.5239630118890357,2.414668606592106,1.0902693455212853,1.1275242064881839,2.0095043999899644,
93d4bdf97152572bd1e8,away,hist_gradient_boosting,no_dratings_prob,"{""l2_regularization"":0.0,""learning_rate"":0.1,""loss"":""squared_error"",""max_iter"":300,""max_leaf_nodes"":15,""min_samples_leaf"":30}",failed,757,,,2.5239630118890357,2.414668606592106,,,0.4547096000169404,RuntimeError: hist_gradient_boosting emitted invalid predictions: nonfinite=0 nonpositive=1
bb6848675f51ae8d9f2f,away,hist_gradient_boosting,no_dratings_prob,"{""l2_regularization"":5.0,""learning_rate"":0.1,""loss"":""squared_error"",""max_iter"":300,""max_leaf_nodes"":15,""min_samples_leaf"":30}",ok,757,2.739231897093576,2.755824374599232,2.5239630118890357,2.414668606592106,1.0852900316646972,1.1412847158718848,1.8215902999800164,
6f33efea9fa13d3c68c5,away,hist_gradient_boosting,no_dratings_prob,"{""l2_regularization"":0.0,""learning_rate"":0.1,""loss"":""squared_error"",""max_iter"":300,""max_leaf_nodes"":31,""min_samples_leaf"":10}",ok,757,2.7363501911591785,2.664893762068184,2.5239630118890357,2.414668606592106,1.0841482930889639,1.103627120836771,3.8581841999839526,
304ac272006271e50951,away,hist_gradient_boosting,no_dratings_prob,"{""l2_regularization"":5.0,""learning_rate"":0.1,""loss"":""squared_error"",""max_iter"":300,""max_leaf_nodes"":31,""min_samples_leaf"":10}",ok,757,2.71174611971592,2.6782245433708725,2.5239630118890357,2.414668606592106,1.0744001029105177,1.1091478706681537,3.8632860999787226,
c5d51e110538f08df288,away,hist_gradient_boosting,no_dratings_prob,"{""l2_regularization"":0.0,""learning_rate"":0.1,""loss"":""squared_error"",""max_iter"":300,""max_leaf_nodes"":31,""min_samples_leaf"":30}",ok,757,2.7452928105173693,2.743014906248859,2.5239630118890357,2.414668606592106,1.0876913796223509,1.1359798602426683,3.1614450000051875,
eb6dc78bf180c8c2aeab,away,hist_gradient_boosting,no_dratings_prob,"{""l2_regularization"":5.0,""learning_rate"":0.1,""loss"":""squared_error"",""max_iter"":300,""max_leaf_nodes"":31,""min_samples_leaf"":30}",ok,757,2.7709930875127884,2.707152695990344,2.5239630118890357,2.414668606592106,1.0978738889833672,1.1211280457284072,2.9804038000002038,
e0241cbd47163fbaa611,away,random_forest,no_dratings_prob,"{""criterion"":""poisson"",""max_depth"":null,""max_features"":0.6,""max_samples"":null,""min_samples_leaf"":2,""n_estimators"":400}",ok,757,2.5938078119553216,2.4502269545193216,2.5239630118890357,2.414668606592106,1.0276726718011653,1.01472597433459,6.499453900003573,
9a6e5e31051e04c7e51a,away,random_forest,no_dratings_prob,"{""criterion"":""poisson"",""max_depth"":null,""max_features"":1.0,""max_samples"":null,""min_samples_leaf"":2,""n_estimators"":400}",ok,757,2.5769643484276195,2.429596796837154,2.5239630118890357,2.414668606592106,1.0209992524806912,1.006182293588567,10.284798600012437,
1c2473b1a364826489cf,away,random_forest,no_dratings_prob,"{""criterion"":""poisson"",""max_depth"":null,""max_features"":0.6,""max_samples"":null,""min_samples_leaf"":8,""n_estimators"":400}",ok,757,2.569750403340825,2.4290064755508363,2.5239630118890357,2.414668606592106,1.0181410707035363,1.0059378205852296,4.968529399979161,
f402bc713ede56267452,away,random_forest,no_dratings_prob,"{""criterion"":""poisson"",""max_depth"":null,""max_features"":1.0,""max_samples"":null,""min_samples_leaf"":8,""n_estimators"":400}",ok,757,2.583546795585092,2.4535521639070734,2.5239630118890357,2.414668606592106,1.0236072333134,1.0161030615997633,7.666781400010223,
bae700e3c495cec09d66,away,random_forest,no_dratings_prob,"{""criterion"":""poisson"",""max_depth"":14,""max_features"":0.6,""max_samples"":null,""min_samples_leaf"":2,""n_estimators"":400}",ok,757,2.576360290849828,2.439073344990715,2.5239630118890357,2.414668606592106,1.0207599234671731,1.010106868632815,5.968084699998144,
a4a45c982c23ddcfdadb,away,random_forest,no_dratings_prob,"{""criterion"":""poisson"",""max_depth"":14,""max_features"":1.0,""max_samples"":null,""min_samples_leaf"":2,""n_estimators"":400}",ok,757,2.5811015294962742,2.4338775008683995,2.5239630118890357,2.414668606592106,1.0226384132168695,1.0079550851093406,9.343919700011611,
81867ca553b558f06067,away,random_forest,no_dratings_prob,"{""criterion"":""poisson"",""max_depth"":14,""max_features"":0.6,""max_samples"":null,""min_samples_leaf"":8,""n_estimators"":400}",ok,757,2.570188572042721,2.4240143399962903,2.5239630118890357,2.414668606592106,1.0183146741596218,1.0038704000121053,4.69496180000715,
ef6441b6ceedb0eb310c,away,random_forest,no_dratings_prob,"{""criterion"":""poisson"",""max_depth"":14,""max_features"":1.0,""max_samples"":null,""min_samples_leaf"":8,""n_estimators"":400}",ok,757,2.582769204961798,2.452168187377699,2.5239630118890357,2.414668606592106,1.0232991501047195,1.0155299077824667,7.248249800002668,
206a8ba04ace8a99a502,away,random_forest,no_dratings_prob,"{""criterion"":""squared_error"",""max_depth"":null,""max_features"":0.6,""max_samples"":null,""min_samples_leaf"":2,""n_estimators"":400}",ok,757,2.637359735184455,2.4602346996949023,2.5239630118890357,2.414668606592106,1.0449280448094003,1.0188705369251911,4.871741500013741,
b0a707bccc03b5a98714,away,random_forest,no_dratings_prob,"{""criterion"":""squared_error"",""max_depth"":null,""max_features"":1.0,""max_samples"":null,""min_samples_leaf"":2,""n_estimators"":400}",ok,757,2.644386934583104,2.4658748021756276,2.5239630118890357,2.414668606592106,1.047712237511729,1.021206303607761,7.566811400000006,
7416fe8553024d63563b,away,random_forest,no_dratings_prob,"{""criterion"":""squared_error"",""max_depth"":null,""max_features"":0.6,""max_samples"":null,""min_samples_leaf"":8,""n_estimators"":400}",ok,757,2.591861723271327,2.4397883248924486,2.5239630118890357,2.414668606592106,1.0269016269503384,1.0104029671946555,3.7478942000016104,
46b36b92bcc9e2311661,away,random_forest,no_dratings_prob,"{""criterion"":""squared_error"",""max_depth"":null,""max_features"":1.0,""max_samples"":null,""min_samples_leaf"":8,""n_estimators"":400}",ok,757,2.6064339920709885,2.458089153625716,2.5239630118890357,2.414668606592106,1.0326751936512049,1.0179819901228147,5.788620000006631,
a9cb198a3245f0cc8d20,away,random_forest,no_dratings_prob,"{""criterion"":""squared_error"",""max_depth"":14,""max_features"":0.6,""max_samples"":null,""min_samples_leaf"":2,""n_estimators"":400}",ok,757,2.6248698743525365,2.456781792531961,2.5239630118890357,2.414668606592106,1.0399795329757935,1.0174405654775502,4.525692099996377,
29c7014e6d5ee36631ed,away,random_forest,no_dratings_prob,"{""criterion"":""squared_error"",""max_depth"":14,""max_features"":1.0,""max_samples"":null,""min_samples_leaf"":2,""n_estimators"":400}",ok,757,2.635594342297506,2.4651876353694635,2.5239630118890357,2.414668606592106,1.0442285920525123,1.0209217234362675,6.925026200013235,
9e42de58a07a0b7ef217,away,random_forest,no_dratings_prob,"{""criterion"":""squared_error"",""max_depth"":14,""max_features"":0.6,""max_samples"":null,""min_samples_leaf"":8,""n_estimators"":400}",ok,757,2.588272464840629,2.4308190550131457,2.5239630118890357,2.414668606592106,1.0254795544343027,1.006688474094105,3.7250273000099696,
0f1016065961a10d15d0,away,random_forest,no_dratings_prob,"{""criterion"":""squared_error"",""max_depth"":14,""max_features"":1.0,""max_samples"":null,""min_samples_leaf"":8,""n_estimators"":400}",ok,757,2.6058872369361934,2.4577985230000676,2.5239630118890357,2.414668606592106,1.0324585679985232,1.01786162966223,5.720160900003975,
0498aab23a3ae2646f2e,away,extra_trees,no_dratings_prob,"{""criterion"":""poisson"",""max_depth"":null,""max_features"":0.6,""max_samples"":null,""min_samples_leaf"":2,""n_estimators"":400}",ok,757,2.582837911208123,2.4442063418685036,2.5239630118890357,2.414668606592106,1.0233263716788872,1.012232624881012,2.2319488000066485,
fcb9f79046ff948dba44,away,extra_trees,no_dratings_prob,"{""criterion"":""poisson"",""max_depth"":null,""max_features"":1.0,""max_samples"":null,""min_samples_leaf"":2,""n_estimators"":400}",ok,757,2.5837355318613575,2.452788543113237,2.5239630118890357,2.414668606592106,1.023682011063857,1.0157868191175645,3.1964920999889728,
41bdf0ee156b42c15118,away,extra_trees,no_dratings_prob,"{""criterion"":""poisson"",""max_depth"":null,""max_features"":0.6,""max_samples"":null,""min_samples_leaf"":8,""n_estimators"":400}",ok,757,2.565053407766273,2.4160178311876024,2.5239630118890357,2.414668606592106,1.0162801101615524,1.0005587618076506,1.4444537999806926,
ba104766ef2ab65e78a0,away,extra_trees,no_dratings_prob,"{""criterion"":""poisson"",""max_depth"":null,""max_features"":1.0,""max_samples"":null,""min_samples_leaf"":8,""n_estimators"":400}",ok,757,2.5672060818346565,2.423674033347841,2.5239630118890357,2.414668606592106,1.0171330046208784,1.0037294669467893,1.8796193999878597,
66ce4af8adf0d8a35d73,away,extra_trees,no_dratings_prob,"{""criterion"":""poisson"",""max_depth"":14,""max_features"":0.6,""max_samples"":null,""min_samples_leaf"":2,""n_estimators"":400}",ok,757,2.569779834810508,2.426503386118628,2.5239630118890357,2.414668606592106,1.0181527315200951,1.004901202382063,1.8096116000087932,
aa508e87286101347c93,away,extra_trees,no_dratings_prob,"{""criterion"":""poisson"",""max_depth"":14,""max_features"":1.0,""max_samples"":null,""min_samples_leaf"":2,""n_estimators"":400}",ok,757,2.5794475612379206,2.4394786837959415,2.5239630118890357,2.414668606592106,1.0219831071562964,1.0102747338231437,2.5325618000060786,
3893aae6931ac4129e74,away,extra_trees,no_dratings_prob,"{""criterion"":""poisson"",""max_depth"":14,""max_features"":0.6,""max_samples"":null,""min_samples_leaf"":8,""n_estimators"":400}",ok,757,2.562350130242646,2.4145391334089847,2.5239630118890357,2.414668606592106,1.0152090653360564,0.9999463805580742,1.4124265999998897,
d788f9eb08479c663b99,away,extra_trees,no_dratings_prob,"{""criterion"":""poisson"",""max_depth"":14,""max_features"":1.0,""max_samples"":null,""min_samples_leaf"":8,""n_estimators"":400}",ok,757,2.5671950521235565,2.4255450350950554,2.5239630118890357,2.414668606592106,1.0171286346237556,1.0045043151980593,1.9396198999893386,
c0f75c84b5a27d43a7d7,away,extra_trees,no_dratings_prob,"{""criterion"":""squared_error"",""max_depth"":null,""max_features"":0.6,""max_samples"":null,""min_samples_leaf"":2,""n_estimators"":400}",ok,757,2.592494266475855,2.4400426553093597,2.5239630118890357,2.414668606592106,1.027152242035246,1.0105082944500052,2.0731176999979652,
c0e6d3478578c5c99b8c,away,extra_trees,no_dratings_prob,"{""criterion"":""squared_error"",""max_depth"":null,""max_features"":1.0,""max_samples"":null,""min_samples_leaf"":2,""n_estimators"":400}",ok,757,2.6182237371831163,2.461276214493308,2.5239630118890357,2.414668606592106,1.037346318012613,1.0193018651809866,2.9663941000180785,
92aa76cd6856a2cc69ae,away,extra_trees,no_dratings_prob,"{""criterion"":""squared_error"",""max_depth"":null,""max_features"":0.6,""max_samples"":null,""min_samples_leaf"":8,""n_estimators"":400}",ok,757,2.570577553972752,2.4207466451181374,2.5239630118890357,2.414668606592106,1.0184687897025986,1.002517131547343,1.4090237999917008,
e188fbf52da148a627fd,away,extra_trees,no_dratings_prob,"{""criterion"":""squared_error"",""max_depth"":null,""max_features"":1.0,""max_samples"":null,""min_samples_leaf"":8,""n_estimators"":400}",ok,757,2.5710968404097376,2.428349299987904,2.5239630118890357,2.414668606592106,1.018674532193491,1.0056656608523626,1.799391900014598,
0542762abf6e94fb38fe,away,extra_trees,no_dratings_prob,"{""criterion"":""squared_error"",""max_depth"":14,""max_features"":0.6,""max_samples"":null,""min_samples_leaf"":2,""n_estimators"":400}",ok,757,2.5884730510232097,2.426893732644886,2.5239630118890357,2.414668606592106,1.0255590271451291,1.0050628587373873,1.7335253000201192,
8c5f1180b8cb31bdb9f4,away,extra_trees,no_dratings_prob,"{""criterion"":""squared_error"",""max_depth"":14,""max_features"":1.0,""max_samples"":null,""min_samples_leaf"":2,""n_estimators"":400}",ok,757,2.597691605608037,2.4400967356086825,2.5239630118890357,2.414668606592106,1.0292114398553802,1.010530691022013,2.345256700005848,
ba8623a1a658a4c24ce6,away,extra_trees,no_dratings_prob,"{""criterion"":""squared_error"",""max_depth"":14,""max_features"":0.6,""max_samples"":null,""min_samples_leaf"":8,""n_estimators"":400}",ok,757,2.569210787391792,2.419050247091148,2.5239630118890357,2.414668606592106,1.0179272736128138,1.0018145928957207,1.3966338000027463,
3c7bd7cc5f2ecdb43f61,away,extra_trees,no_dratings_prob,"{""criterion"":""squared_error"",""max_depth"":14,""max_features"":1.0,""max_samples"":null,""min_samples_leaf"":8,""n_estimators"":400}",ok,757,2.57396462373061,2.429768573327081,2.5239630118890357,2.414668606592106,1.01981075459745,1.0062534323317707,1.7449129000015091,
c414d92b33f1d06d07f1,away,poisson_glm,no_dratings_prob,"{""alpha"":0.0,""solver"":""lbfgs""}",ok,757,3.5336823271118227,4.203322369766127,2.5239630118890357,2.414668606592106,1.400053134878182,1.740745027409124,1.588080399989849,
d45b486096f90526c50f,away,poisson_glm,no_dratings_prob,"{""alpha"":0.01,""solver"":""lbfgs""}",ok,757,2.6451376137671185,2.4924416087327685,2.5239630118890357,2.414668606592106,1.0480096583457421,1.0322085614267482,0.2275079000100959,
868b0a288a21deef631f,away,poisson_glm,no_dratings_prob,"{""alpha"":0.1,""solver"":""lbfgs""}",ok,757,2.6202560748702783,2.460704399909759,2.5239630118890357,2.414668606592106,1.0381515349185617,1.019065056460325,0.13118389999726787,
337be74de7013a49e6d7,away,poisson_glm,no_dratings_prob,"{""alpha"":1.0,""solver"":""lbfgs""}",ok,757,2.589045463011315,2.41178819127013,2.5239630118890357,2.414668606592106,1.0257858181026072,0.9988071177493621,0.08110189999570139,
6b41f687934ab27e270e,away,poisson_glm,no_dratings_prob,"{""alpha"":10.0,""solver"":""lbfgs""}",ok,757,2.570234366459654,2.403440975075924,2.5239630118890357,2.414668606592106,1.0183328180138371,0.995350239165105,0.06120850000297651,
5bc6a9d61a554bcef1cd,away,tweedie_glm,no_dratings_prob,"{""alpha"":0.01,""power"":1.2,""solver"":""lbfgs""}",ok,757,2.6400529310915943,2.487334781738624,2.5239630118890357,2.414668606592106,1.045995095275058,1.0300936430564995,0.18615110000246204,
46eb278a64f939068cb4,away,tweedie_glm,no_dratings_prob,"{""alpha"":0.1,""power"":1.2,""solver"":""lbfgs""}",ok,757,2.6132579780748806,2.4529794323546668,2.5239630118890357,2.414668606592106,1.0353788727351487,1.0158658731297416,0.11358669999754056,
f8d43c37aea50a2f976a,away,tweedie_glm,no_dratings_prob,"{""alpha"":1.0,""power"":1.2,""solver"":""lbfgs""}",ok,757,2.5846294432231094,2.4058037094101814,2.5239630118890357,2.414668606592106,1.0240361808189369,0.9963287313390652,0.07066919998032972,
63e09405010240b5cf0e,away,tweedie_glm,no_dratings_prob,"{""alpha"":0.01,""power"":1.5,""solver"":""lbfgs""}",ok,757,2.6340798020244263,2.4824259706334986,2.5239630118890357,2.414668606592106,1.0436285276831274,1.0280607300962181,0.17949020001105964,
fa755d47da2ad8ab036c,away,tweedie_glm,no_dratings_prob,"{""alpha"":0.1,""power"":1.5,""solver"":""lbfgs""}",ok,757,2.603979402198637,2.4426286204397623,2.5239630118890357,2.414668606592106,1.0317026794500106,1.0115792344221997,0.10433869998087175,
cb045a32c405d58cfd64,away,tweedie_glm,no_dratings_prob,"{""alpha"":1.0,""power"":1.5,""solver"":""lbfgs""}",ok,757,2.577082772590346,2.3996319437847338,2.5239630118890357,2.414668606592106,1.021046172408665,0.9937727840721821,0.0696858000010252,
17fe35adcfbd5896c4e5,away,tweedie_glm,no_dratings_prob,"{""alpha"":0.01,""power"":1.8,""solver"":""lbfgs""}",ok,757,2.6296450698501332,2.480178140185846,2.5239630118890357,2.414668606592106,1.0418714765086834,1.0271298237012305,0.1597016000014264,
307e6b63339b9d077cb2,away,tweedie_glm,no_dratings_prob,"{""alpha"":0.1,""power"":1.8,""solver"":""lbfgs""}",ok,757,2.5956757971621527,2.4334826495226327,2.5239630118890357,2.414668606592106,1.028412771873168,1.0077915631483194,0.09219539997866377,
48faabcce09264df5e7b,away,tweedie_glm,no_dratings_prob,"{""alpha"":1.0,""power"":1.8,""solver"":""lbfgs""}",ok,757,2.5703866962087383,2.397005548183199,2.5239630118890357,2.414668606592106,1.0183931714137748,0.9926851004064546,0.064147299999604,
35c30655703c9cf4f7c2,away,lightgbm,no_dratings_prob,"{""colsample_bytree"":0.9,""learning_rate"":0.025,""min_child_samples"":10,""n_estimators"":500,""num_leaves"":15,""objective"":""poisson"",""reg_lambda"":1.0,""subsample"":0.9,""tweedie_variance_power"":null}",ok,757,2.6220076444822675,2.54761587230626,2.5239630118890357,2.414668606592106,1.0388455108618455,1.0550581828708108,1.3775695000076666,
451f87d11c9060b97bf5,away,lightgbm,no_dratings_prob,"{""colsample_bytree"":0.9,""learning_rate"":0.025,""min_child_samples"":30,""n_estimators"":500,""num_leaves"":15,""objective"":""poisson"",""reg_lambda"":1.0,""subsample"":0.9,""tweedie_variance_power"":null}",ok,757,2.627626393627498,2.5577360215461704,2.5239630118890357,2.414668606592106,1.04107167230667,1.0592492959752269,1.238522900006501,
8b55729a1e198bd7b577,away,lightgbm,no_dratings_prob,"{""colsample_bytree"":0.9,""learning_rate"":0.025,""min_child_samples"":10,""n_estimators"":500,""num_leaves"":31,""objective"":""poisson"",""reg_lambda"":1.0,""subsample"":0.9,""tweedie_variance_power"":null}",ok,757,2.6068460048246154,2.612706152515197,2.5239630118890357,2.414668606592106,1.032838434059914,1.082014378860289,2.523713399976259,
a67fb03d613763d2934d,away,lightgbm,no_dratings_prob,"{""colsample_bytree"":0.9,""learning_rate"":0.025,""min_child_samples"":30,""n_estimators"":500,""num_leaves"":31,""objective"":""poisson"",""reg_lambda"":1.0,""subsample"":0.9,""tweedie_variance_power"":null}",ok,757,2.60907386981786,2.579524712846533,2.5239630118890357,2.414668606592106,1.0337211193380855,1.0682727666249379,1.9826027999806684,
124d86caa26b39157201,away,lightgbm,no_dratings_prob,"{""colsample_bytree"":0.9,""learning_rate"":0.05,""min_child_samples"":10,""n_estimators"":500,""num_leaves"":15,""objective"":""poisson"",""reg_lambda"":1.0,""subsample"":0.9,""tweedie_variance_power"":null}",ok,757,2.634584309540255,2.6411701980169804,2.5239630118890357,2.414668606592106,1.0438284147311754,1.0938023506855223,1.211776899988763,
e7f5818925a8853ba748,away,lightgbm,no_dratings_prob,"{""colsample_bytree"":0.9,""learning_rate"":0.05,""min_child_samples"":30,""n_estimators"":500,""num_leaves"":15,""objective"":""poisson"",""reg_lambda"":1.0,""subsample"":0.9,""tweedie_variance_power"":null}",ok,757,2.6479546504724354,2.6551223381122955,2.5239630118890357,2.414668606592106,1.0491257748229041,1.0995804272535554,1.161513200000627,
37e417f1c37bcdaccd6b,away,lightgbm,no_dratings_prob,"{""colsample_bytree"":0.9,""learning_rate"":0.05,""min_child_samples"":10,""n_estimators"":500,""num_leaves"":31,""objective"":""poisson"",""reg_lambda"":1.0,""subsample"":0.9,""tweedie_variance_power"":null}",ok,757,2.6336679751191405,2.8252615324362482,2.5239630118890357,2.414668606592106,1.0434653609079625,1.1700411082180027,2.607354399980977,
4a2629abef8d4eeefc28,away,lightgbm,no_dratings_prob,"{""colsample_bytree"":0.9,""learning_rate"":0.05,""min_child_samples"":30,""n_estimators"":500,""num_leaves"":31,""objective"":""poisson"",""reg_lambda"":1.0,""subsample"":0.9,""tweedie_variance_power"":null}",ok,757,2.6138723482075252,2.709006497520232,2.5239630118890357,2.414668606592106,1.035622287606821,1.1218957707590085,2.0099131999886595,
f18aec372a6b5eb5d76a,away,lightgbm,no_dratings_prob,"{""colsample_bytree"":0.9,""learning_rate"":0.1,""min_child_samples"":10,""n_estimators"":500,""num_leaves"":15,""objective"":""poisson"",""reg_lambda"":1.0,""subsample"":0.9,""tweedie_variance_power"":null}",ok,757,2.6811571389926723,2.9200038079368498,2.5239630118890357,2.414668606592106,1.0622806777924951,1.2092772482174845,1.1723304000042845,
3776ac6ab24ee395a453,away,lightgbm,no_dratings_prob,"{""colsample_bytree"":0.9,""learning_rate"":0.1,""min_child_samples"":30,""n_estimators"":500,""num_leaves"":15,""objective"":""poisson"",""reg_lambda"":1.0,""subsample"":0.9,""tweedie_variance_power"":null}",ok,757,2.641459920928635,2.7664489067062092,2.5239630118890357,2.414668606592106,1.0465525479122055,1.1456847118290825,1.137282999989111,
f1192754c21ee8b0cfe3,away,lightgbm,no_dratings_prob,"{""colsample_bytree"":0.9,""learning_rate"":0.1,""min_child_samples"":10,""n_estimators"":500,""num_leaves"":31,""objective"":""poisson"",""reg_lambda"":1.0,""subsample"":0.9,""tweedie_variance_power"":null}",ok,757,2.662412138046399,2.996312506339003,2.5239630118890357,2.414668606592106,1.0548538649358978,1.240879389477709,2.4541630999883637,
11d200f65513e2caf339,away,lightgbm,no_dratings_prob,"{""colsample_bytree"":0.9,""learning_rate"":0.1,""min_child_samples"":30,""n_estimators"":500,""num_leaves"":31,""objective"":""poisson"",""reg_lambda"":1.0,""subsample"":0.9,""tweedie_variance_power"":null}",ok,757,2.6406477054426363,2.8440822536688275,2.5239630118890357,2.414668606592106,1.0462307462526041,1.1778354370883073,2.0347601999819744,
4e2c92898d6cd3b8dcb6,away,lightgbm,no_dratings_prob,"{""colsample_bytree"":0.9,""learning_rate"":0.025,""min_child_samples"":10,""n_estimators"":500,""num_leaves"":15,""objective"":""tweedie"",""reg_lambda"":1.0,""subsample"":0.9,""tweedie_variance_power"":1.5}",ok,757,2.6476142518053627,2.8092335795643875,2.5239630118890357,2.414668606592106,1.048990908081407,1.1634033638798753,1.2178619999904186,
1a6fd98e2cdeddcfd549,away,lightgbm,no_dratings_prob,"{""colsample_bytree"":0.9,""learning_rate"":0.025,""min_child_samples"":30,""n_estimators"":500,""num_leaves"":15,""objective"":""tweedie"",""reg_lambda"":1.0,""subsample"":0.9,""tweedie_variance_power"":1.5}",ok,757,2.65265771381062,2.7850993453459933,2.5239630118890357,2.414668606592106,1.0509891394269142,1.1534085206320246,1.208427900011884,
755362c8d8e68e72d23c,away,lightgbm,no_dratings_prob,"{""colsample_bytree"":0.9,""learning_rate"":0.025,""min_child_samples"":10,""n_estimators"":500,""num_leaves"":31,""objective"":""tweedie"",""reg_lambda"":1.0,""subsample"":0.9,""tweedie_variance_power"":1.5}",ok,757,2.6837383977236926,3.0613665960675207,2.5239630118890357,2.414668606592106,1.0633033784893204,1.2678205977043444,2.5684927999973297,
830b187defc99869e850,away,lightgbm,no_dratings_prob,"{""colsample_bytree"":0.9,""learning_rate"":0.025,""min_child_samples"":30,""n_estimators"":500,""num_leaves"":31,""objective"":""tweedie"",""reg_lambda"":1.0,""subsample"":0.9,""tweedie_variance_power"":1.5}",ok,757,2.6294161985287565,2.8506881927848493,2.5239630118890357,2.414668606592106,1.0417807971602544,1.1805711910124639,2.0362123000086285,
b1d765134605643eede1,away,lightgbm,no_dratings_prob,"{""colsample_bytree"":0.9,""learning_rate"":0.05,""min_child_samples"":10,""n_estimators"":500,""num_leaves"":15,""objective"":""tweedie"",""reg_lambda"":1.0,""subsample"":0.9,""tweedie_variance_power"":1.5}",ok,757,2.721569691356614,3.12971113018342,2.5239630118890357,2.414668606592106,1.078292224781726,1.296124495775209,1.2346409000165295,
6d259eb04dd8198e20ba,away,lightgbm,no_dratings_prob,"{""colsample_bytree"":0.9,""learning_rate"":0.05,""min_child_samples"":30,""n_estimators"":500,""num_leaves"":15,""objective"":""tweedie"",""reg_lambda"":1.0,""subsample"":0.9,""tweedie_variance_power"":1.5}",ok,757,2.714982145964479,3.022823282749785,2.5239630118890357,2.414668606592106,1.0756822240166177,1.2518584432238036,1.1503597999981139,
4db5f11bd254ec321b88,away,lightgbm,no_dratings_prob,"{""colsample_bytree"":0.9,""learning_rate"":0.05,""min_child_samples"":10,""n_estimators"":500,""num_leaves"":31,""objective"":""tweedie"",""reg_lambda"":1.0,""subsample"":0.9,""tweedie_variance_power"":1.5}",ok,757,2.6877698296218355,3.2985399011338536,2.5239630118890357,2.414668606592106,1.0649006411588418,1.3660424838956189,2.489428400003817,
1f066a5d63c9c4853d56,away,lightgbm,no_dratings_prob,"{""colsample_bytree"":0.9,""learning_rate"":0.05,""min_child_samples"":30,""n_estimators"":500,""num_leaves"":31,""objective"":""tweedie"",""reg_lambda"":1.0,""subsample"":0.9,""tweedie_variance_power"":1.5}",ok,757,2.6860052730732575,3.0773394613120897,2.5239630118890357,2.414668606592106,1.0642015197611565,1.274435528300188,2.0868404999782797,
3251625458b9c69c36d8,away,lightgbm,no_dratings_prob,"{""colsample_bytree"":0.9,""learning_rate"":0.1,""min_child_samples"":10,""n_estimators"":500,""num_leaves"":15,""objective"":""tweedie"",""reg_lambda"":1.0,""subsample"":0.9,""tweedie_variance_power"":1.5}",ok,757,2.752345166388253,3.4707553012138828,2.5239630118890357,2.414668606592106,1.090485539377333,1.4373629953769362,1.2959243999794126,
6f3b279ff0785c1e555a,away,lightgbm,no_dratings_prob,"{""colsample_bytree"":0.9,""learning_rate"":0.1,""min_child_samples"":30,""n_estimators"":500,""num_leaves"":15,""objective"":""tweedie"",""reg_lambda"":1.0,""subsample"":0.9,""tweedie_variance_power"":1.5}",ok,757,2.7546622937101373,3.278413514043626,2.5239630118890357,2.414668606592106,1.0914035905971684,1.357707432437509,1.2523436000046786,
1dac1fda934bb13e351d,away,lightgbm,no_dratings_prob,"{""colsample_bytree"":0.9,""learning_rate"":0.1,""min_child_samples"":10,""n_estimators"":500,""num_leaves"":31,""objective"":""tweedie"",""reg_lambda"":1.0,""subsample"":0.9,""tweedie_variance_power"":1.5}",ok,757,2.7821643863432306,3.710652232949721,2.5239630118890357,2.414668606592106,1.1022999834933978,1.5367128320712609,2.528428499994334,
0941eb5fc380356790ec,away,lightgbm,no_dratings_prob,"{""colsample_bytree"":0.9,""learning_rate"":0.1,""min_child_samples"":30,""n_estimators"":500,""num_leaves"":31,""objective"":""tweedie"",""reg_lambda"":1.0,""subsample"":0.9,""tweedie_variance_power"":1.5}",ok,757,2.73639757082424,3.3196605501329532,2.5239630118890357,2.414668606592106,1.084167065022165,1.3747892945103093,2.2267947000218555,
c8debf07e88fc78e0618,away,lightgbm,no_dratings_prob,"{""colsample_bytree"":0.9,""learning_rate"":0.025,""min_child_samples"":10,""n_estimators"":500,""num_leaves"":15,""objective"":""regression"",""reg_lambda"":1.0,""subsample"":0.9,""tweedie_variance_power"":null}",ok,757,2.6852453638733853,2.5915278375006436,2.5239630118890357,2.414668606592106,1.0639004419734501,1.073243686701234,1.3062171000055969,
a1a366cfae88d1884e4b,away,lightgbm,no_dratings_prob,"{""colsample_bytree"":0.9,""learning_rate"":0.025,""min_child_samples"":30,""n_estimators"":500,""num_leaves"":15,""objective"":""regression"",""reg_lambda"":1.0,""subsample"":0.9,""tweedie_variance_power"":null}",ok,757,2.725205813339381,2.673006980787017,2.5239630118890357,2.414668606592106,1.079732864745798,1.106987092758667,1.3174119000032078,
15f6fe7a982161b0c3cf,away,lightgbm,no_dratings_prob,"{""colsample_bytree"":0.9,""learning_rate"":0.025,""min_child_samples"":10,""n_estimators"":500,""num_leaves"":31,""objective"":""regression"",""reg_lambda"":1.0,""subsample"":0.9,""tweedie_variance_power"":null}",ok,757,2.6876312090268093,2.613659705773035,2.5239630118890357,2.414668606592106,1.0648457193575422,1.0824092791191628,2.675968199997442,
acf51563ae40841b4f01,away,lightgbm,no_dratings_prob,"{""colsample_bytree"":0.9,""learning_rate"":0.025,""min_child_samples"":30,""n_estimators"":500,""num_leaves"":31,""objective"":""regression"",""reg_lambda"":1.0,""subsample"":0.9,""tweedie_variance_power"":null}",ok,757,2.728277210792986,2.647129314718679,2.5239630118890357,2.414668606592106,1.0809497595414574,1.0962702324832274,2.175330500002019,
b5bc5f5389708f7004e8,away,lightgbm,no_dratings_prob,"{""colsample_bytree"":0.9,""learning_rate"":0.05,""min_child_samples"":10,""n_estimators"":500,""num_leaves"":15,""objective"":""regression"",""reg_lambda"":1.0,""subsample"":0.9,""tweedie_variance_power"":null}",failed,757,,,2.5239630118890357,2.414668606592106,,,0.3492757999920286,RuntimeError: lightgbm emitted invalid predictions: nonfinite=0 nonpositive=1
74abf723d944c459d83e,away,lightgbm,no_dratings_prob,"{""colsample_bytree"":0.9,""learning_rate"":0.05,""min_child_samples"":30,""n_estimators"":500,""num_leaves"":15,""objective"":""regression"",""reg_lambda"":1.0,""subsample"":0.9,""tweedie_variance_power"":null}",ok,757,2.7339450774931975,2.719334240923863,2.5239630118890357,2.414668606592106,1.0831953814755007,1.1261728559770114,1.2251257000025362,
7f20aaafc009729909e7,away,lightgbm,no_dratings_prob,"{""colsample_bytree"":0.9,""learning_rate"":0.05,""min_child_samples"":10,""n_estimators"":500,""num_leaves"":31,""objective"":""regression"",""reg_lambda"":1.0,""subsample"":0.9,""tweedie_variance_power"":null}",ok,757,2.7414324013929066,2.6574961822656866,2.5239630118890357,2.414668606592106,1.0861618765724732,1.10056352039806,2.595979300007457,
638a7651d11d690cb0ea,away,lightgbm,no_dratings_prob,"{""colsample_bytree"":0.9,""learning_rate"":0.05,""min_child_samples"":30,""n_estimators"":500,""num_leaves"":31,""objective"":""regression"",""reg_lambda"":1.0,""subsample"":0.9,""tweedie_variance_power"":null}",ok,757,2.7459036926709195,2.6682092257860965,2.5239630118890357,2.414668606592106,1.087933412548615,1.1050001720740552,2.3432987999985926,
5529ed9bb2ab2d371579,away,lightgbm,no_dratings_prob,"{""colsample_bytree"":0.9,""learning_rate"":0.1,""min_child_samples"":10,""n_estimators"":500,""num_leaves"":15,""objective"":""regression"",""reg_lambda"":1.0,""subsample"":0.9,""tweedie_variance_power"":null}",failed,757,,,2.5239630118890357,2.414668606592106,,,0.6314197999890894,RuntimeError: lightgbm emitted invalid predictions: nonfinite=0 nonpositive=1
62e47b5b0498680f0a1e,away,lightgbm,no_dratings_prob,"{""colsample_bytree"":0.9,""learning_rate"":0.1,""min_child_samples"":30,""n_estimators"":500,""num_leaves"":15,""objective"":""regression"",""reg_lambda"":1.0,""subsample"":0.9,""tweedie_variance_power"":null}",ok,757,2.803234138460382,2.8292465226150516,2.5239630118890357,2.414668606592106,1.1106478681564864,1.1716914341335027,1.239201399992453,
28954a79d03fabf27243,away,lightgbm,no_dratings_prob,"{""colsample_bytree"":0.9,""learning_rate"":0.1,""min_child_samples"":10,""n_estimators"":500,""num_leaves"":31,""objective"":""regression"",""reg_lambda"":1.0,""subsample"":0.9,""tweedie_variance_power"":null}",ok,757,2.7422866846415133,2.7136141633905058,2.5239630118890357,2.414668606592106,1.0865003455772022,1.123803968785725,2.6452830999915022,
de7627a6f4d5d00f9d59,away,lightgbm,no_dratings_prob,"{""colsample_bytree"":0.9,""learning_rate"":0.1,""min_child_samples"":30,""n_estimators"":500,""num_leaves"":31,""objective"":""regression"",""reg_lambda"":1.0,""subsample"":0.9,""tweedie_variance_power"":null}",ok,757,2.82025771774362,2.862193017271729,2.5239630118890357,2.414668606592106,1.1173926497571076,1.1853357472979398,2.3110097000026144,
bed1b61cf82d9c4c4dba,away,xgboost,no_dratings_prob,"{""colsample_bytree"":0.9,""learning_rate"":0.025,""max_depth"":3,""min_child_weight"":1.0,""n_estimators"":500,""objective"":""count:poisson"",""reg_lambda"":1.0,""subsample"":0.9,""tweedie_variance_power"":null}",ok,757,2.594439659912331,2.466912069521118,2.5239630118890357,2.414668606592106,1.0279230114273932,1.0216358728425035,1.9426035000069533,
3030b346d0f87f7cd800,away,xgboost,no_dratings_prob,"{""colsample_bytree"":0.9,""learning_rate"":0.025,""max_depth"":3,""min_child_weight"":5.0,""n_estimators"":500,""objective"":""count:poisson"",""reg_lambda"":1.0,""subsample"":0.9,""tweedie_variance_power"":null}",ok,757,2.5950846936617693,2.4671547491801937,2.5239630118890357,2.414668606592106,1.0281785752951678,1.0217363751053867,1.978369799995562,
4ca358ee2942e5e7bf6d,away,xgboost,no_dratings_prob,"{""colsample_bytree"":0.9,""learning_rate"":0.025,""max_depth"":6,""min_child_weight"":1.0,""n_estimators"":500,""objective"":""count:poisson"",""reg_lambda"":1.0,""subsample"":0.9,""tweedie_variance_power"":null}",ok,757,2.588789389029519,2.6245327568252663,2.5239630118890357,2.414668606592106,1.0256843609970199,1.0869121955949672,6.869861600018339,
e6a013e9d8c48076ed25,away,xgboost,no_dratings_prob,"{""colsample_bytree"":0.9,""learning_rate"":0.025,""max_depth"":6,""min_child_weight"":5.0,""n_estimators"":500,""objective"":""count:poisson"",""reg_lambda"":1.0,""subsample"":0.9,""tweedie_variance_power"":null}",ok,757,2.57936769227843,2.6069818093918355,2.5239630118890357,2.414668606592106,1.0219514628892787,1.079643725136737,6.41246650001267,
fd792067159c68ccf147,away,xgboost,no_dratings_prob,"{""colsample_bytree"":0.9,""learning_rate"":0.05,""max_depth"":3,""min_child_weight"":1.0,""n_estimators"":500,""objective"":""count:poisson"",""reg_lambda"":1.0,""subsample"":0.9,""tweedie_variance_power"":null}",ok,757,2.6327916775858387,2.5612770098249356,2.5239630118890357,2.414668606592106,1.043118169792572,1.0607157449401483,1.9498139999923296,
24a659f711cec607882a,away,xgboost,no_dratings_prob,"{""colsample_bytree"":0.9,""learning_rate"":0.05,""max_depth"":3,""min_child_weight"":5.0,""n_estimators"":500,""objective"":""count:poisson"",""reg_lambda"":1.0,""subsample"":0.9,""tweedie_variance_power"":null}",ok,757,2.6382915705954226,2.5745348031924378,2.5239630118890357,2.414668606592106,1.0452972401607497,1.0662062678762183,1.939775400009239,
165447e6c1e5df9cf0f3,away,xgboost,no_dratings_prob,"{""colsample_bytree"":0.9,""learning_rate"":0.05,""max_depth"":6,""min_child_weight"":1.0,""n_estimators"":500,""objective"":""count:poisson"",""reg_lambda"":1.0,""subsample"":0.9,""tweedie_variance_power"":null}",ok,757,2.6548025300984652,2.9907543750293444,2.5239630118890357,2.414668606592106,1.0518389206153635,1.2385775699673693,6.253182800021023,
fa02c1ab58ab5738c803,away,xgboost,no_dratings_prob,"{""colsample_bytree"":0.9,""learning_rate"":0.05,""max_depth"":6,""min_child_weight"":5.0,""n_estimators"":500,""objective"":""count:poisson"",""reg_lambda"":1.0,""subsample"":0.9,""tweedie_variance_power"":null}",ok,757,2.6516291363708566,2.948598784195283,2.5239630118890357,2.414668606592106,1.050581614659349,1.2211194431175914,6.2544780999887735,
18f82ec7f0fe1aa19023,away,xgboost,no_dratings_prob,"{""colsample_bytree"":0.9,""learning_rate"":0.1,""max_depth"":3,""min_child_weight"":1.0,""n_estimators"":500,""objective"":""count:poisson"",""reg_lambda"":1.0,""subsample"":0.9,""tweedie_variance_power"":null}",ok,757,2.674783676272182,2.789859169830456,2.5239630118890357,2.414668606592106,1.0597554970784877,1.1553797329430922,2.0770736999984365,
08e83eadd3adc014a5f3,away,xgboost,no_dratings_prob,"{""colsample_bytree"":0.9,""learning_rate"":0.1,""max_depth"":3,""min_child_weight"":5.0,""n_estimators"":500,""objective"":""count:poisson"",""reg_lambda"":1.0,""subsample"":0.9,""tweedie_variance_power"":null}",ok,757,2.6858471198944938,2.8031941040858874,2.5239630118890357,2.414668606592106,1.0641388591048715,1.1609022026596514,2.0294252000167035,
27c59757ad8deeeac22e,away,xgboost,no_dratings_prob,"{""colsample_bytree"":0.9,""learning_rate"":0.1,""max_depth"":6,""min_child_weight"":1.0,""n_estimators"":500,""objective"":""count:poisson"",""reg_lambda"":1.0,""subsample"":0.9,""tweedie_variance_power"":null}",ok,757,2.747424633649413,3.5365068005154336,2.5239630118890357,2.414668606592106,1.0885360128923323,1.4645930256684834,6.1855553000059444,
3ab8906c4e05df107eb3,away,xgboost,no_dratings_prob,"{""colsample_bytree"":0.9,""learning_rate"":0.1,""max_depth"":6,""min_child_weight"":5.0,""n_estimators"":500,""objective"":""count:poisson"",""reg_lambda"":1.0,""subsample"":0.9,""tweedie_variance_power"":null}",ok,757,2.7160461815061785,3.360809067591529,2.5239630118890357,2.414668606592106,1.0761037973664203,1.3918303565203256,5.902299799985485,
dd4a1012f0dbf63e408c,away,xgboost,no_dratings_prob,"{""colsample_bytree"":0.9,""learning_rate"":0.025,""max_depth"":3,""min_child_weight"":1.0,""n_estimators"":500,""objective"":""reg:tweedie"",""reg_lambda"":1.0,""subsample"":0.9,""tweedie_variance_power"":1.5}",ok,757,2.6227327692303977,2.7284468427182875,2.5239630118890357,2.414668606592106,1.0391328069690842,1.1299467079124477,2.0414953000145033,
ed288331558725eef929,away,xgboost,no_dratings_prob,"{""colsample_bytree"":0.9,""learning_rate"":0.025,""max_depth"":3,""min_child_weight"":5.0,""n_estimators"":500,""objective"":""reg:tweedie"",""reg_lambda"":1.0,""subsample"":0.9,""tweedie_variance_power"":1.5}",ok,757,2.6038356783210523,2.655361799091374,2.5239630118890357,2.414668606592106,1.0316457357163236,1.0996795965467765,1.9866104999964591,
7621d2282e3ba4008317,away,xgboost,no_dratings_prob,"{""colsample_bytree"":0.9,""learning_rate"":0.025,""max_depth"":6,""min_child_weight"":1.0,""n_estimators"":500,""objective"":""reg:tweedie"",""reg_lambda"":1.0,""subsample"":0.9,""tweedie_variance_power"":1.5}",ok,757,2.718838655491959,3.350792584368343,2.5239630118890357,2.414668606592106,1.0772101820371252,1.3876821751939767,6.542351100011729,
3700482980186038bc32,away,xgboost,no_dratings_prob,"{""colsample_bytree"":0.9,""learning_rate"":0.025,""max_depth"":6,""min_child_weight"":5.0,""n_estimators"":500,""objective"":""reg:tweedie"",""reg_lambda"":1.0,""subsample"":0.9,""tweedie_variance_power"":1.5}",ok,757,2.687227832278928,3.1607981401485743,2.5239630118890357,2.414668606592106,1.0646859005543423,1.3089987303100374,5.780952100001741,
c2a911f19a3f9643fab7,away,xgboost,no_dratings_prob,"{""colsample_bytree"":0.9,""learning_rate"":0.05,""max_depth"":3,""min_child_weight"":1.0,""n_estimators"":500,""objective"":""reg:tweedie"",""reg_lambda"":1.0,""subsample"":0.9,""tweedie_variance_power"":1.5}",ok,757,2.7159794457994964,3.150645982198216,2.5239630118890357,2.414668606592106,1.0760773565246298,1.3047943612621926,2.177376700012246,
7d0c78f620667a70432f,away,xgboost,no_dratings_prob,"{""colsample_bytree"":0.9,""learning_rate"":0.05,""max_depth"":3,""min_child_weight"":5.0,""n_estimators"":500,""objective"":""reg:tweedie"",""reg_lambda"":1.0,""subsample"":0.9,""tweedie_variance_power"":1.5}",ok,757,2.6848938691096387,3.026268919473762,2.5239630118890357,2.414668606592106,1.0637611789327117,1.2532854037245407,2.0097557999833953,
df81d60445c825a077cd,away,xgboost,no_dratings_prob,"{""colsample_bytree"":0.9,""learning_rate"":0.05,""max_depth"":6,""min_child_weight"":1.0,""n_estimators"":500,""objective"":""reg:tweedie"",""reg_lambda"":1.0,""subsample"":0.9,""tweedie_variance_power"":1.5}",ok,757,2.854151302552444,4.046336120049057,2.5239630118890357,2.414668606592106,1.1308213666793325,1.6757314477864405,6.281683900015196,
94a0fb3dc06a2aa16a28,away,xgboost,no_dratings_prob,"{""colsample_bytree"":0.9,""learning_rate"":0.05,""max_depth"":6,""min_child_weight"":5.0,""n_estimators"":500,""objective"":""reg:tweedie"",""reg_lambda"":1.0,""subsample"":0.9,""tweedie_variance_power"":1.5}",ok,757,2.7687021907286096,3.603799819799585,2.5239630118890357,2.414668606592106,1.0969662303634162,1.4924614541147057,5.586143099993933,
f476288d7721ee24c883,away,xgboost,no_dratings_prob,"{""colsample_bytree"":0.9,""learning_rate"":0.1,""max_depth"":3,""min_child_weight"":1.0,""n_estimators"":500,""objective"":""reg:tweedie"",""reg_lambda"":1.0,""subsample"":0.9,""tweedie_variance_power"":1.5}",ok,757,2.831267566158088,3.631889745170667,2.5239630118890357,2.414668606592106,1.1217547772378222,1.5040944895111141,1.9617427000193857,
9937abb2f221e7b29605,away,xgboost,no_dratings_prob,"{""colsample_bytree"":0.9,""learning_rate"":0.1,""max_depth"":3,""min_child_weight"":5.0,""n_estimators"":500,""objective"":""reg:tweedie"",""reg_lambda"":1.0,""subsample"":0.9,""tweedie_variance_power"":1.5}",ok,757,2.7693229837335713,3.4001827442163095,2.5239630118890357,2.414668606592106,1.0972121899919993,1.4081363939274005,1.991179899981944,
f727ba346296b58b26f4,away,xgboost,no_dratings_prob,"{""colsample_bytree"":0.9,""learning_rate"":0.1,""max_depth"":6,""min_child_weight"":1.0,""n_estimators"":500,""objective"":""reg:tweedie"",""reg_lambda"":1.0,""subsample"":0.9,""tweedie_variance_power"":1.5}",ok,757,2.9051944287875213,4.541939056782452,2.5239630118890357,2.414668606592106,1.1510447716954286,1.8809782196955904,5.983499399997527,
f534770fc94698f34e2f,away,xgboost,no_dratings_prob,"{""colsample_bytree"":0.9,""learning_rate"":0.1,""max_depth"":6,""min_child_weight"":5.0,""n_estimators"":500,""objective"":""reg:tweedie"",""reg_lambda"":1.0,""subsample"":0.9,""tweedie_variance_power"":1.5}",ok,757,2.9083736441251937,4.244544090943673,2.5239630118890357,2.414668606592106,1.1523043841868545,1.7578164056781793,5.566073800000595,
68f471d514d10812c8ed,away,xgboost,no_dratings_prob,"{""colsample_bytree"":0.9,""learning_rate"":0.025,""max_depth"":3,""min_child_weight"":1.0,""n_estimators"":500,""objective"":""reg:squarederror"",""reg_lambda"":1.0,""subsample"":0.9,""tweedie_variance_power"":null}",ok,757,2.6678187277074534,2.5387566995708575,2.5239630118890357,2.414668606592106,1.056995968300958,1.0513892849064206,2.0847865999967325,
aa8280ae3fb1fe690f7e,away,xgboost,no_dratings_prob,"{""colsample_bytree"":0.9,""learning_rate"":0.025,""max_depth"":3,""min_child_weight"":5.0,""n_estimators"":500,""objective"":""reg:squarederror"",""reg_lambda"":1.0,""subsample"":0.9,""tweedie_variance_power"":null}",ok,757,2.6493611565669273,2.535809828417002,2.5239630118890357,2.414668606592106,1.049683035800132,1.0501688809363643,1.8892526000272483,
53812335eecdbccf3a5f,away,xgboost,no_dratings_prob,"{""colsample_bytree"":0.9,""learning_rate"":0.025,""max_depth"":6,""min_child_weight"":1.0,""n_estimators"":500,""objective"":""reg:squarederror"",""reg_lambda"":1.0,""subsample"":0.9,""tweedie_variance_power"":null}",ok,757,2.69163264229874,2.5532168959123003,2.5239630118890357,2.414668606592106,1.0664310965017723,1.0573777656039234,6.805975600000238,
4aeb6f8020cf49f7d511,away,xgboost,no_dratings_prob,"{""colsample_bytree"":0.9,""learning_rate"":0.025,""max_depth"":6,""min_child_weight"":5.0,""n_estimators"":500,""objective"":""reg:squarederror"",""reg_lambda"":1.0,""subsample"":0.9,""tweedie_variance_power"":null}",ok,757,2.707386134165281,2.5947439379020016,2.5239630118890357,2.414668606592106,1.0726726665217508,1.0745755880613534,5.583475599996746,
59aac6d57b2b726ec5a3,away,xgboost,no_dratings_prob,"{""colsample_bytree"":0.9,""learning_rate"":0.05,""max_depth"":3,""min_child_weight"":1.0,""n_estimators"":500,""objective"":""reg:squarederror"",""reg_lambda"":1.0,""subsample"":0.9,""tweedie_variance_power"":null}",ok,757,2.7268172968646494,2.6483511785287344,2.5239630118890357,2.414668606592106,1.0803713382565734,1.0967762496678297,1.970124700019369,
7b632604be004e0f916e,away,xgboost,no_dratings_prob,"{""colsample_bytree"":0.9,""learning_rate"":0.05,""max_depth"":3,""min_child_weight"":5.0,""n_estimators"":500,""objective"":""reg:squarederror"",""reg_lambda"":1.0,""subsample"":0.9,""tweedie_variance_power"":null}",ok,757,2.731425919022554,2.6811024828119483,2.5239630118890357,2.414668606592106,1.0821972850458867,1.1103397275686075,1.984788399975514,
5ecffeb6c06e3c07357b,away,xgboost,no_dratings_prob,"{""colsample_bytree"":0.9,""learning_rate"":0.05,""max_depth"":6,""min_child_weight"":1.0,""n_estimators"":500,""objective"":""reg:squarederror"",""reg_lambda"":1.0,""subsample"":0.9,""tweedie_variance_power"":null}",ok,757,2.6853124918994373,2.560835944629385,2.5239630118890357,2.414668606592106,1.0639270382530848,1.0605330841831622,6.855446999979904,
2c66bf9a5e8a4fec5ea4,away,xgboost,no_dratings_prob,"{""colsample_bytree"":0.9,""learning_rate"":0.05,""max_depth"":6,""min_child_weight"":5.0,""n_estimators"":500,""objective"":""reg:squarederror"",""reg_lambda"":1.0,""subsample"":0.9,""tweedie_variance_power"":null}",ok,757,2.7176071465251623,2.64562212233035,2.5239630118890357,2.414668606592106,1.076722255327821,1.0956460506041017,5.686576299980516,
079602defb711667cdce,away,xgboost,no_dratings_prob,"{""colsample_bytree"":0.9,""learning_rate"":0.1,""max_depth"":3,""min_child_weight"":1.0,""n_estimators"":500,""objective"":""reg:squarederror"",""reg_lambda"":1.0,""subsample"":0.9,""tweedie_variance_power"":null}",ok,757,2.771079266569337,2.7700804803958876,2.5239630118890357,2.414668606592106,1.0979080333254763,1.147188675428793,1.9804386000032537,
39bacfa575d7faac8076,away,xgboost,no_dratings_prob,"{""colsample_bytree"":0.9,""learning_rate"":0.1,""max_depth"":3,""min_child_weight"":5.0,""n_estimators"":500,""objective"":""reg:squarederror"",""reg_lambda"":1.0,""subsample"":0.9,""tweedie_variance_power"":null}",failed,757,,,2.5239630118890357,2.414668606592106,,,0.9407042999810074,RuntimeError: xgboost emitted invalid predictions: nonfinite=0 nonpositive=1
c717afb087371aaf9c63,away,xgboost,no_dratings_prob,"{""colsample_bytree"":0.9,""learning_rate"":0.1,""max_depth"":6,""min_child_weight"":1.0,""n_estimators"":500,""objective"":""reg:squarederror"",""reg_lambda"":1.0,""subsample"":0.9,""tweedie_variance_power"":null}",ok,757,2.7272170306511883,2.649390262227613,2.5239630118890357,2.414668606592106,1.0805297137100394,1.0972065711189978,6.922707199992146,
9ba50c5234b4fe448768,away,xgboost,no_dratings_prob,"{""colsample_bytree"":0.9,""learning_rate"":0.1,""max_depth"":6,""min_child_weight"":5.0,""n_estimators"":500,""objective"":""reg:squarederror"",""reg_lambda"":1.0,""subsample"":0.9,""tweedie_variance_power"":null}",ok,757,2.7424446788457773,2.6337828464393778,2.5239630118890357,2.414668606592106,1.0865629432474215,1.0907429861178815,5.246168100013165,
8bfc21520423796fac2f,away,hist_gradient_boosting,dratings_plus_pitcher,"{""l2_regularization"":0.0,""learning_rate"":0.025,""loss"":""poisson"",""max_iter"":300,""max_leaf_nodes"":15,""min_samples_leaf"":10}",ok,757,2.6502664317063753,2.572092002891687,2.5239630118890357,2.414668606592106,1.050041707910295,1.065194617542884,1.6338656000152696,
112d3c2319ff22e6db02,away,hist_gradient_boosting,dratings_plus_pitcher,"{""l2_regularization"":5.0,""learning_rate"":0.025,""loss"":""poisson"",""max_iter"":300,""max_leaf_nodes"":15,""min_samples_leaf"":10}",ok,757,2.65962592502348,2.553715068395997,2.5239630118890357,2.414668606592106,1.053749960873202,1.0575840765164588,1.7428275999845937,
bf0aa5d883a99f991981,away,hist_gradient_boosting,dratings_plus_pitcher,"{""l2_regularization"":0.0,""learning_rate"":0.025,""loss"":""poisson"",""max_iter"":300,""max_leaf_nodes"":15,""min_samples_leaf"":30}",ok,757,2.6427978548669397,2.5429202970759075,2.5239630118890357,2.414668606592106,1.0470826404420892,1.0531135784569654,1.5523324999958277,
098960c2e2f83cfdb971,away,hist_gradient_boosting,dratings_plus_pitcher,"{""l2_regularization"":5.0,""learning_rate"":0.025,""loss"":""poisson"",""max_iter"":300,""max_leaf_nodes"":15,""min_samples_leaf"":30}",ok,757,2.64525924056858,2.5530856814060043,2.5239630118890357,2.414668606592106,1.0480578471666118,1.0573234250182473,1.5830727000138722,
d901e96e5bd79f7ce325,away,hist_gradient_boosting,dratings_plus_pitcher,"{""l2_regularization"":0.0,""learning_rate"":0.025,""loss"":""poisson"",""max_iter"":300,""max_leaf_nodes"":31,""min_samples_leaf"":10}",ok,757,2.647190286978817,2.6359135921453554,2.5239630118890357,2.414668606592106,1.048822932233683,1.0916254035643835,2.9910642000031658,
18099a0c6848ba48a149,away,hist_gradient_boosting,dratings_plus_pitcher,"{""l2_regularization"":5.0,""learning_rate"":0.025,""loss"":""poisson"",""max_iter"":300,""max_leaf_nodes"":31,""min_samples_leaf"":10}",ok,757,2.6013572928944964,2.575107196318452,2.5239630118890357,2.414668606592106,1.0306637936613563,1.0664433161918554,3.15680510000675,
626da8138a01205c0839,away,hist_gradient_boosting,dratings_plus_pitcher,"{""l2_regularization"":0.0,""learning_rate"":0.025,""loss"":""poisson"",""max_iter"":300,""max_leaf_nodes"":31,""min_samples_leaf"":30}",ok,757,2.637487508812956,2.5995806184784764,2.5239630118890357,2.414668606592106,1.0449786690174012,1.0765786292088098,2.640085999999428,
45b2e511c9d8fb811686,away,hist_gradient_boosting,dratings_plus_pitcher,"{""l2_regularization"":5.0,""learning_rate"":0.025,""loss"":""poisson"",""max_iter"":300,""max_leaf_nodes"":31,""min_samples_leaf"":30}",ok,757,2.6423018859318073,2.59005783120261,2.5239630118890357,2.414668606592106,1.0468861363995197,1.0726349049023485,2.549047900014557,
e8a86c90afb2d658f732,away,hist_gradient_boosting,dratings_plus_pitcher,"{""l2_regularization"":0.0,""learning_rate"":0.05,""loss"":""poisson"",""max_iter"":300,""max_leaf_nodes"":15,""min_samples_leaf"":10}",ok,757,2.6690066837978588,2.694602229156924,2.5239630118890357,2.414668606592106,1.0574666392596088,1.1159304518229094,1.6042386000044644,
854d889548bdb82d4e35,away,hist_gradient_boosting,dratings_plus_pitcher,"{""l2_regularization"":5.0,""learning_rate"":0.05,""loss"":""poisson"",""max_iter"":300,""max_leaf_nodes"":15,""min_samples_leaf"":10}",ok,757,2.674261898459319,2.665378655726696,2.5239630118890357,2.414668606592106,1.0595487674986939,1.1038279325163483,1.6065204000042286,
22cd297618ef7893fb4b,away,hist_gradient_boosting,dratings_plus_pitcher,"{""l2_regularization"":0.0,""learning_rate"":0.05,""loss"":""poisson"",""max_iter"":300,""max_leaf_nodes"":15,""min_samples_leaf"":30}",ok,757,2.6736830506244695,2.6742462884742615,2.5239630118890357,2.414668606592106,1.059319426643807,1.1075003340721379,1.5615992000093684,
f4ffdc64d4dc8d79cc10,away,hist_gradient_boosting,dratings_plus_pitcher,"{""l2_regularization"":5.0,""learning_rate"":0.05,""loss"":""poisson"",""max_iter"":300,""max_leaf_nodes"":15,""min_samples_leaf"":30}",ok,757,2.6814554447851453,2.67460747400554,2.5239630118890357,2.414668606592106,1.0623988672394356,1.107649913824114,1.5789878999930806,
e184abc8d9dec8c07aa5,away,hist_gradient_boosting,dratings_plus_pitcher,"{""l2_regularization"":0.0,""learning_rate"":0.05,""loss"":""poisson"",""max_iter"":300,""max_leaf_nodes"":31,""min_samples_leaf"":10}",ok,757,2.623464726878179,2.7332775538885095,2.5239630118890357,2.414668606592106,1.0394228102870147,1.1319472769168377,2.917152600013651,
9a636c16e3a279c5d3f9,away,hist_gradient_boosting,dratings_plus_pitcher,"{""l2_regularization"":5.0,""learning_rate"":0.05,""loss"":""poisson"",""max_iter"":300,""max_leaf_nodes"":31,""min_samples_leaf"":10}",ok,757,2.619642846197124,2.735464943881213,2.5239630118890357,2.414668606592106,1.0379085722957873,1.1328531527735628,2.9136459000001196,
3118fc79e625c50ac234,away,hist_gradient_boosting,dratings_plus_pitcher,"{""l2_regularization"":0.0,""learning_rate"":0.05,""loss"":""poisson"",""max_iter"":300,""max_leaf_nodes"":31,""min_samples_leaf"":30}",ok,757,2.675711382052643,2.7102507558197186,2.5239630118890357,2.414668606592106,1.0601230562606512,1.1224110622967747,2.5730459000042174,
42891b65d2546f03cc20,away,hist_gradient_boosting,dratings_plus_pitcher,"{""l2_regularization"":5.0,""learning_rate"":0.05,""loss"":""poisson"",""max_iter"":300,""max_leaf_nodes"":31,""min_samples_leaf"":30}",ok,757,2.650248136717318,2.677663496098669,2.5239630118890357,2.414668606592106,1.0500344593931927,1.1089155210734012,2.5046056999999564,
6157c9179392c102aeee,away,hist_gradient_boosting,dratings_plus_pitcher,"{""l2_regularization"":0.0,""learning_rate"":0.1,""loss"":""poisson"",""max_iter"":300,""max_leaf_nodes"":15,""min_samples_leaf"":10}",ok,757,2.703051099846852,2.867574269027442,2.5239630118890357,2.414668606592106,1.0709551158690631,1.187564314705087,1.647350799990818,
24d4fe9d2dc0f899580c,away,hist_gradient_boosting,dratings_plus_pitcher,"{""l2_regularization"":5.0,""learning_rate"":0.1,""loss"":""poisson"",""max_iter"":300,""max_leaf_nodes"":15,""min_samples_leaf"":10}",ok,757,2.6939460403001374,2.829160873437087,2.5239630118890357,2.414668606592106,1.0673476701561802,1.1716559637680328,1.5981886000081431,
2dd091465ea796984994,away,hist_gradient_boosting,dratings_plus_pitcher,"{""l2_regularization"":0.0,""learning_rate"":0.1,""loss"":""poisson"",""max_iter"":300,""max_leaf_nodes"":15,""min_samples_leaf"":30}",ok,757,2.707662865679986,2.7913774067065,2.5239630118890357,2.414668606592106,1.0727823081897947,1.1560084887367026,1.6662199000129476,
099acc0c9519b8af2ade,away,hist_gradient_boosting,dratings_plus_pitcher,"{""l2_regularization"":5.0,""learning_rate"":0.1,""loss"":""poisson"",""max_iter"":300,""max_leaf_nodes"":15,""min_samples_leaf"":30}",ok,757,2.7055832486141944,2.7918698381007703,2.5239630118890357,2.414668606592106,1.0719583590843618,1.1562124220602759,1.5694900999951642,
86542566867bf8fafd05,away,hist_gradient_boosting,dratings_plus_pitcher,"{""l2_regularization"":0.0,""learning_rate"":0.1,""loss"":""poisson"",""max_iter"":300,""max_leaf_nodes"":31,""min_samples_leaf"":10}",ok,757,2.699387066059471,3.0137619501058004,2.5239630118890357,2.414668606592106,1.0695034171832578,1.2481058236638163,3.049948600004427,
71f52642b471692c0f70,away,hist_gradient_boosting,dratings_plus_pitcher,"{""l2_regularization"":5.0,""learning_rate"":0.1,""loss"":""poisson"",""max_iter"":300,""max_leaf_nodes"":31,""min_samples_leaf"":10}",ok,757,2.6933037082395708,3.007874826943012,2.5239630118890357,2.414668606592106,1.0670931767038034,1.2456677569466212,2.911656000011135,
e6df0dc4054aca889deb,away,hist_gradient_boosting,dratings_plus_pitcher,"{""l2_regularization"":0.0,""learning_rate"":0.1,""loss"":""poisson"",""max_iter"":300,""max_leaf_nodes"":31,""min_samples_leaf"":30}",ok,757,2.6725817980741486,2.816949241998607,2.5239630118890357,2.414668606592106,1.0588831078288587,1.1665986936295376,2.531464400002733,
a7284c5238904afb4562,away,hist_gradient_boosting,dratings_plus_pitcher,"{""l2_regularization"":5.0,""learning_rate"":0.1,""loss"":""poisson"",""max_iter"":300,""max_leaf_nodes"":31,""min_samples_leaf"":30}",ok,757,2.727924977720445,2.9181568087898095,2.5239630118890357,2.414668606592106,1.0808102039810623,1.2085123402951312,2.5488432999991346,
4f11f6626fc48f416fbe,away,hist_gradient_boosting,dratings_plus_pitcher,"{""l2_regularization"":0.0,""learning_rate"":0.025,""loss"":""squared_error"",""max_iter"":300,""max_leaf_nodes"":15,""min_samples_leaf"":10}",ok,757,2.7404844090140412,2.6118394869182056,2.5239630118890357,2.414668606592106,1.0857862797929643,1.0816554618666172,1.6597540999937337,
df33abc6863e3d956749,away,hist_gradient_boosting,dratings_plus_pitcher,"{""l2_regularization"":5.0,""learning_rate"":0.025,""loss"":""squared_error"",""max_iter"":300,""max_leaf_nodes"":15,""min_samples_leaf"":10}",ok,757,2.700945675188958,2.5846437949678824,2.5239630118890357,2.414668606592106,1.070120941735775,1.0703927602784662,1.6754634999961127,
26d6b1f6656880b3c202,away,hist_gradient_boosting,dratings_plus_pitcher,"{""l2_regularization"":0.0,""learning_rate"":0.025,""loss"":""squared_error"",""max_iter"":300,""max_leaf_nodes"":15,""min_samples_leaf"":30}",ok,757,2.674634805102258,2.555665360836463,2.5239630118890357,2.414668606592106,1.059696513975636,1.0583917618589285,1.5385111999930814,
b32e7340682a72b33a4b,away,hist_gradient_boosting,dratings_plus_pitcher,"{""l2_regularization"":5.0,""learning_rate"":0.025,""loss"":""squared_error"",""max_iter"":300,""max_leaf_nodes"":15,""min_samples_leaf"":30}",ok,757,2.675166910618515,2.556907494257127,2.5239630118890357,2.414668606592106,1.0599073354154713,1.058906173408933,1.587629299989203,
756d6362fb0e9c927dd6,away,hist_gradient_boosting,dratings_plus_pitcher,"{""l2_regularization"":0.0,""learning_rate"":0.025,""loss"":""squared_error"",""max_iter"":300,""max_leaf_nodes"":31,""min_samples_leaf"":10}",ok,757,2.743208362391986,2.6177840977012434,2.5239630118890357,2.414668606592106,1.0868655164399015,1.0841173362483891,3.065781599987531,
f5cb4fa5797debdd9954,away,hist_gradient_boosting,dratings_plus_pitcher,"{""l2_regularization"":5.0,""learning_rate"":0.025,""loss"":""squared_error"",""max_iter"":300,""max_leaf_nodes"":31,""min_samples_leaf"":10}",ok,757,2.7373322688234416,2.64672822504484,2.5239630118890357,2.414668606592106,1.084537394537613,1.0961041270090668,3.126308999984758,
f33fa90484600267692e,away,hist_gradient_boosting,dratings_plus_pitcher,"{""l2_regularization"":0.0,""learning_rate"":0.025,""loss"":""squared_error"",""max_iter"":300,""max_leaf_nodes"":31,""min_samples_leaf"":30}",ok,757,2.697845356540588,2.5833814947554306,2.5239630118890357,2.414668606592106,1.0688925882956628,1.069869996943984,2.563777700008359,
faf8170c9c744abc497f,away,hist_gradient_boosting,dratings_plus_pitcher,"{""l2_regularization"":5.0,""learning_rate"":0.025,""loss"":""squared_error"",""max_iter"":300,""max_leaf_nodes"":31,""min_samples_leaf"":30}",ok,757,2.6982734571122493,2.614450885561672,2.5239630118890357,2.414668606592106,1.0690622027351948,1.0827369347595588,2.537498699995922,
76d709cc4fa5c73e082b,away,hist_gradient_boosting,dratings_plus_pitcher,"{""l2_regularization"":0.0,""learning_rate"":0.05,""loss"":""squared_error"",""max_iter"":300,""max_leaf_nodes"":15,""min_samples_leaf"":10}",ok,757,2.7723714802595203,2.665515055121707,2.5239630118890357,2.414668606592106,1.0984200113869995,1.1038844203485247,1.6626165000197943,
1ec206a74de9a9a37b83,away,hist_gradient_boosting,dratings_plus_pitcher,"{""l2_regularization"":5.0,""learning_rate"":0.05,""loss"":""squared_error"",""max_iter"":300,""max_leaf_nodes"":15,""min_samples_leaf"":10}",ok,757,2.7690640500620103,2.66082609604689,2.5239630118890357,2.414668606592106,1.0971095998706935,1.1019425559195857,1.7569002000091132,
a1776b1bfb3978e5787a,away,hist_gradient_boosting,dratings_plus_pitcher,"{""l2_regularization"":0.0,""learning_rate"":0.05,""loss"":""squared_error"",""max_iter"":300,""max_leaf_nodes"":15,""min_samples_leaf"":30}",ok,757,2.7538136374147575,2.6768849033417177,2.5239630118890357,2.414668606592106,1.0910673510043605,1.1085930781697142,1.5298671000055037,
90897be73d9f79c20007,away,hist_gradient_boosting,dratings_plus_pitcher,"{""l2_regularization"":5.0,""learning_rate"":0.05,""loss"":""squared_error"",""max_iter"":300,""max_leaf_nodes"":15,""min_samples_leaf"":30}",ok,757,2.7272260525690672,2.6474018798903387,2.5239630118890357,2.414668606592106,1.0805332882148306,1.096383111397922,1.5443831000011414,
2025166cb9229cd7d723,away,hist_gradient_boosting,dratings_plus_pitcher,"{""l2_regularization"":0.0,""learning_rate"":0.05,""loss"":""squared_error"",""max_iter"":300,""max_leaf_nodes"":31,""min_samples_leaf"":10}",ok,757,2.771986826533113,2.665666773841383,2.5239630118890357,2.414668606592106,1.0982676106883382,1.1039472524569398,2.9328767000115477,
3193307131d3df16f099,away,hist_gradient_boosting,dratings_plus_pitcher,"{""l2_regularization"":5.0,""learning_rate"":0.05,""loss"":""squared_error"",""max_iter"":300,""max_leaf_nodes"":31,""min_samples_leaf"":10}",ok,757,2.7722876560857967,2.718976826240103,2.5239630118890357,2.414668606592106,1.0983868000549282,1.1260248378668725,3.128174699988449,
bb800e339f72c464c089,away,hist_gradient_boosting,dratings_plus_pitcher,"{""l2_regularization"":0.0,""learning_rate"":0.05,""loss"":""squared_error"",""max_iter"":300,""max_leaf_nodes"":31,""min_samples_leaf"":30}",failed,757,,,2.5239630118890357,2.414668606592106,,,0.5108635000069626,RuntimeError: hist_gradient_boosting emitted invalid predictions: nonfinite=0 nonpositive=1
9ce02b18ef4b9fbbf89a,away,hist_gradient_boosting,dratings_plus_pitcher,"{""l2_regularization"":5.0,""learning_rate"":0.05,""loss"":""squared_error"",""max_iter"":300,""max_leaf_nodes"":31,""min_samples_leaf"":30}",failed,757,,,2.5239630118890357,2.414668606592106,,,0.5080922000051942,RuntimeError: hist_gradient_boosting emitted invalid predictions: nonfinite=0 nonpositive=1
55a4d989ea2d810651e5,away,hist_gradient_boosting,dratings_plus_pitcher,"{""l2_regularization"":0.0,""learning_rate"":0.1,""loss"":""squared_error"",""max_iter"":300,""max_leaf_nodes"":15,""min_samples_leaf"":10}",ok,757,2.8639945666898914,2.8150367820598756,2.5239630118890357,2.414668606592106,1.134721290763434,1.1658066760692354,1.5758975000062492,
b20d3637a832ce56fffb,away,hist_gradient_boosting,dratings_plus_pitcher,"{""l2_regularization"":5.0,""learning_rate"":0.1,""loss"":""squared_error"",""max_iter"":300,""max_leaf_nodes"":15,""min_samples_leaf"":10}",ok,757,2.8440046827190093,2.7835116223901295,2.5239630118890357,2.414668606592106,1.1268012523648046,1.152750988185738,1.6922573000192642,
438ddcc3cbca2970177b,away,hist_gradient_boosting,dratings_plus_pitcher,"{""l2_regularization"":0.0,""learning_rate"":0.1,""loss"":""squared_error"",""max_iter"":300,""max_leaf_nodes"":15,""min_samples_leaf"":30}",failed,757,,,2.5239630118890357,2.414668606592106,,,0.3749709000112489,RuntimeError: hist_gradient_boosting emitted invalid predictions: nonfinite=0 nonpositive=1
bdd53b1c1cfc534cb9dc,away,hist_gradient_boosting,dratings_plus_pitcher,"{""l2_regularization"":5.0,""learning_rate"":0.1,""loss"":""squared_error"",""max_iter"":300,""max_leaf_nodes"":15,""min_samples_leaf"":30}",failed,757,,,2.5239630118890357,2.414668606592106,,,0.36992280001868494,RuntimeError: hist_gradient_boosting emitted invalid predictions: nonfinite=0 nonpositive=1
1157463be7d24bdfcb79,away,hist_gradient_boosting,dratings_plus_pitcher,"{""l2_regularization"":0.0,""learning_rate"":0.1,""loss"":""squared_error"",""max_iter"":300,""max_leaf_nodes"":31,""min_samples_leaf"":10}",ok,757,2.8416213680094553,2.784538403142569,2.5239630118890357,2.414668606592106,1.1258569775484433,1.1531762145499838,2.8586048999859486,
8d0853cb1b02a3a82d40,away,hist_gradient_boosting,dratings_plus_pitcher,"{""l2_regularization"":5.0,""learning_rate"":0.1,""loss"":""squared_error"",""max_iter"":300,""max_leaf_nodes"":31,""min_samples_leaf"":10}",ok,757,2.8287858244530475,2.844126424991475,2.5239630118890357,2.414668606592106,1.1207715054175338,1.1778537300012673,3.0217088000208605,
fefcff809831014559fa,away,hist_gradient_boosting,dratings_plus_pitcher,"{""l2_regularization"":0.0,""learning_rate"":0.1,""loss"":""squared_error"",""max_iter"":300,""max_leaf_nodes"":31,""min_samples_leaf"":30}",ok,757,2.855760936254245,2.8544487322111065,2.5239630118890357,2.414668606592106,1.1314591072857594,1.1821285639024708,2.588249199994607,
55b7970adb621b5f4a83,away,hist_gradient_boosting,dratings_plus_pitcher,"{""l2_regularization"":5.0,""learning_rate"":0.1,""loss"":""squared_error"",""max_iter"":300,""max_leaf_nodes"":31,""min_samples_leaf"":30}",failed,757,,,2.5239630118890357,2.414668606592106,,,0.5104278000071645,RuntimeError: hist_gradient_boosting emitted invalid predictions: nonfinite=0 nonpositive=1
fe795c58ed0b722f8c13,away,random_forest,dratings_plus_pitcher,"{""criterion"":""poisson"",""max_depth"":null,""max_features"":0.6,""max_samples"":null,""min_samples_leaf"":2,""n_estimators"":400}",ok,757,2.6019696215722203,2.452414251379296,2.5239630118890357,2.414668606592106,1.0309063997038534,1.0156318116217453,4.437150500016287,
60688cd02ea73c686dbb,away,random_forest,dratings_plus_pitcher,"{""criterion"":""poisson"",""max_depth"":null,""max_features"":1.0,""max_samples"":null,""min_samples_leaf"":2,""n_estimators"":400}",ok,757,2.610217247827406,2.461454521299917,2.5239630118890357,2.414668606592106,1.034174128357695,1.01937570836018,6.9451566000061575,
c36675e39b4b0895f128,away,random_forest,dratings_plus_pitcher,"{""criterion"":""poisson"",""max_depth"":null,""max_features"":0.6,""max_samples"":null,""min_samples_leaf"":8,""n_estimators"":400}",ok,757,2.5919272783252483,2.4494183678427843,2.5239630118890357,2.414668606592106,1.0269276000147662,1.0143911098839031,3.2521650999842677,
8420a2cf0e3f7f712fa5,away,random_forest,dratings_plus_pitcher,"{""criterion"":""poisson"",""max_depth"":null,""max_features"":1.0,""max_samples"":null,""min_samples_leaf"":8,""n_estimators"":400}",ok,757,2.59791481175746,2.4568331612874488,2.5239630118890357,2.414668606592106,1.02929987464954,1.017461839102986,4.834757099975832,
5b8ad0c0ce05c32861a1,away,random_forest,dratings_plus_pitcher,"{""criterion"":""poisson"",""max_depth"":14,""max_features"":0.6,""max_samples"":null,""min_samples_leaf"":2,""n_estimators"":400}",ok,757,2.6035543506746923,2.451449983633647,2.5239630118890357,2.414668606592106,1.0315342730502566,1.0152324741130634,3.8824044999782927,
ebec6fd568e2df7d8353,away,random_forest,dratings_plus_pitcher,"{""criterion"":""poisson"",""max_depth"":14,""max_features"":1.0,""max_samples"":null,""min_samples_leaf"":2,""n_estimators"":400}",ok,757,2.604625262918239,2.4554285367280206,2.5239630118890357,2.414668606592106,1.0319585709652823,1.0168801342033598,6.27411889997893,
f91337814adca4509c6a,away,random_forest,dratings_plus_pitcher,"{""criterion"":""poisson"",""max_depth"":14,""max_features"":0.6,""max_samples"":null,""min_samples_leaf"":8,""n_estimators"":400}",ok,757,2.5908137453803217,2.4441424318937943,2.5239630118890357,2.414668606592106,1.026486415678989,1.0122061574914354,3.1839931000140496,
d33fd498881eb8df6bce,away,random_forest,dratings_plus_pitcher,"{""criterion"":""poisson"",""max_depth"":14,""max_features"":1.0,""max_samples"":null,""min_samples_leaf"":8,""n_estimators"":400}",ok,757,2.5968346593435156,2.4540447121475704,2.5239630118890357,2.414668606592106,1.0288719157575688,1.0163070433135075,4.667047700000694,
512c4646e5f55fa88710,away,random_forest,dratings_plus_pitcher,"{""criterion"":""squared_error"",""max_depth"":null,""max_features"":0.6,""max_samples"":null,""min_samples_leaf"":2,""n_estimators"":400}",ok,757,2.6571828311311467,2.491340562845486,2.5239630118890357,2.414668606592106,1.0527820014059572,1.0317525792334663,3.2141168000234757,
1a82a7a589b36a380253,away,random_forest,dratings_plus_pitcher,"{""criterion"":""squared_error"",""max_depth"":null,""max_features"":1.0,""max_samples"":null,""min_samples_leaf"":2,""n_estimators"":400}",ok,757,2.6765859263479803,2.517278573604432,2.5239630118890357,2.414668606592106,1.0604695527390933,1.0424944303877552,4.772087899997132,
848ca5ff7e65376b22b9,away,random_forest,dratings_plus_pitcher,"{""criterion"":""squared_error"",""max_depth"":null,""max_features"":0.6,""max_samples"":null,""min_samples_leaf"":8,""n_estimators"":400}",ok,757,2.611860906182863,2.4585693563289555,2.5239630118890357,2.414668606592106,1.0348253496108253,1.0181808591112664,2.5616905000060797,
5b5ffa8ab43ef8c2345c,away,random_forest,dratings_plus_pitcher,"{""criterion"":""squared_error"",""max_depth"":null,""max_features"":1.0,""max_samples"":null,""min_samples_leaf"":8,""n_estimators"":400}",ok,757,2.609374153345617,2.4586098423885403,2.5239630118890357,2.414668606592106,1.033840092368333,1.0181976258259513,3.6481768999947235,
f197ec668032ae452d3c,away,random_forest,dratings_plus_pitcher,"{""criterion"":""squared_error"",""max_depth"":14,""max_features"":0.6,""max_samples"":null,""min_samples_leaf"":2,""n_estimators"":400}",ok,757,2.6531452701355467,2.48826168057166,2.5239630118890357,2.414668606592106,1.051182310373806,1.0304775047717285,3.003329599974677,
fd785db878df71e471c9,away,random_forest,dratings_plus_pitcher,"{""criterion"":""squared_error"",""max_depth"":14,""max_features"":1.0,""max_samples"":null,""min_samples_leaf"":2,""n_estimators"":400}",ok,757,2.6658754349728606,2.5092052939974385,2.5239630118890357,2.414668606592106,1.0562260312117695,1.0391509986700638,4.452931299980264,
9f04a8922581a095091b,away,random_forest,dratings_plus_pitcher,"{""criterion"":""squared_error"",""max_depth"":14,""max_features"":0.6,""max_samples"":null,""min_samples_leaf"":8,""n_estimators"":400}",ok,757,2.610520927469164,2.455687148824248,2.5239630118890357,2.414668606592106,1.0342944469361874,1.0169872346541304,2.5591940000012983,
f187509d40991a9fc90c,away,random_forest,dratings_plus_pitcher,"{""criterion"":""squared_error"",""max_depth"":14,""max_features"":1.0,""max_samples"":null,""min_samples_leaf"":8,""n_estimators"":400}",ok,757,2.607947796105211,2.4580835370003418,2.5239630118890357,2.414668606592106,1.0332749663210468,1.0179796640788354,3.648532499995781,
85ca7356f892d6a9df0b,away,extra_trees,dratings_plus_pitcher,"{""criterion"":""poisson"",""max_depth"":null,""max_features"":0.6,""max_samples"":null,""min_samples_leaf"":2,""n_estimators"":400}",ok,757,2.5850107873017216,2.442327238272109,2.5239630118890357,2.414668606592106,1.0241872702274648,1.0114544213663499,1.717463000008138,
0c80fe725ad1b254395e,away,extra_trees,dratings_plus_pitcher,"{""criterion"":""poisson"",""max_depth"":null,""max_features"":1.0,""max_samples"":null,""min_samples_leaf"":2,""n_estimators"":400}",ok,757,2.589148767587176,2.44918659090772,2.5239630118890357,2.414668606592106,1.0258267476151928,1.0142951228261217,2.2218118000018876,
7e7d49df18902c7137e5,away,extra_trees,dratings_plus_pitcher,"{""criterion"":""poisson"",""max_depth"":null,""max_features"":0.6,""max_samples"":null,""min_samples_leaf"":8,""n_estimators"":400}",ok,757,2.5650502557860952,2.4141206191141347,2.5239630118890357,2.414668606592106,1.0162788613396947,0.9997730589297117,1.2531141999934334,
2828930eb67ce01b9dec,away,extra_trees,dratings_plus_pitcher,"{""criterion"":""poisson"",""max_depth"":null,""max_features"":1.0,""max_samples"":null,""min_samples_leaf"":8,""n_estimators"":400}",ok,757,2.5761713803698534,2.428694651944469,2.5239630118890357,2.414668606592106,1.0206850766968025,1.0058086833588973,1.4397568000131287,
d191b052ed2e939cc82a,away,extra_trees,dratings_plus_pitcher,"{""criterion"":""poisson"",""max_depth"":14,""max_features"":0.6,""max_samples"":null,""min_samples_leaf"":2,""n_estimators"":400}",ok,757,2.5769926110221517,2.429089272856079,2.5239630118890357,2.414668606592106,1.021010450186204,1.005972109888953,1.4272479999926873,
de681e4344bb35d31be9,away,extra_trees,dratings_plus_pitcher,"{""criterion"":""poisson"",""max_depth"":14,""max_features"":1.0,""max_samples"":null,""min_samples_leaf"":2,""n_estimators"":400}",ok,757,2.595793601347153,2.459448448806424,2.5239630118890357,2.414668606592106,1.0284594461645284,1.0185449225173457,1.8187864999927115,
69634a60573437be3d1f,away,extra_trees,dratings_plus_pitcher,"{""criterion"":""poisson"",""max_depth"":14,""max_features"":0.6,""max_samples"":null,""min_samples_leaf"":8,""n_estimators"":400}",ok,757,2.568538013909338,2.4182936475931136,2.5239630118890357,2.414668606592106,1.0176607191984721,1.0015012581813965,1.2536464000004344,
6fe091fb3a2365cc3f09,away,extra_trees,dratings_plus_pitcher,"{""criterion"":""poisson"",""max_depth"":14,""max_features"":1.0,""max_samples"":null,""min_samples_leaf"":8,""n_estimators"":400}",ok,757,2.5754945527963566,2.428306435449659,2.5239630118890357,2.414668606592106,1.0204169160421859,1.0056479091252197,1.4208632999798283,
6769448d7c30a70e6658,away,extra_trees,dratings_plus_pitcher,"{""criterion"":""squared_error"",""max_depth"":null,""max_features"":0.6,""max_samples"":null,""min_samples_leaf"":2,""n_estimators"":400}",ok,757,2.6096613601883862,2.454486211479947,2.5239630118890357,2.414668606592106,1.0339538843856553,1.0164898838619667,1.591880799998762,
1056de0f44ce403f3f61,away,extra_trees,dratings_plus_pitcher,"{""criterion"":""squared_error"",""max_depth"":null,""max_features"":1.0,""max_samples"":null,""min_samples_leaf"":2,""n_estimators"":400}",ok,757,2.6178949290746685,2.4612549260357395,2.5239630118890357,2.414668606592106,1.037216043477329,1.0192930488748855,2.0961038999957964,
0c84bcbef373b3df6eed,away,extra_trees,dratings_plus_pitcher,"{""criterion"":""squared_error"",""max_depth"":null,""max_features"":0.6,""max_samples"":null,""min_samples_leaf"":8,""n_estimators"":400}",ok,757,2.568549267415297,2.4151543462137792,2.5239630118890357,2.414668606592106,1.0176651778636372,1.0002011620229572,1.2528009999950882,
a5e0c58149f0b4fb9149,away,extra_trees,dratings_plus_pitcher,"{""criterion"":""squared_error"",""max_depth"":null,""max_features"":1.0,""max_samples"":null,""min_samples_leaf"":8,""n_estimators"":400}",ok,757,2.5798437822826945,2.42935540955037,2.5239630118890357,2.414668606592106,1.0221400908533265,1.0060823265429337,1.4173902999900747,
3c4082f4eda99168c03a,away,extra_trees,dratings_plus_pitcher,"{""criterion"":""squared_error"",""max_depth"":14,""max_features"":0.6,""max_samples"":null,""min_samples_leaf"":2,""n_estimators"":400}",ok,757,2.5895035730044005,2.4317444170704863,2.5239630118890357,2.414668606592106,1.0259673223445187,1.007071699375957,1.367584000021452,
792bd9fe599a07d500b9,away,extra_trees,dratings_plus_pitcher,"{""criterion"":""squared_error"",""max_depth"":14,""max_features"":1.0,""max_samples"":null,""min_samples_leaf"":2,""n_estimators"":400}",ok,757,2.609174450068623,2.45335782436013,2.5239630118890357,2.414668606592106,1.0337609694667482,1.0160225786935737,1.711792099988088,
b03357fdf59718531ae4,away,extra_trees,dratings_plus_pitcher,"{""criterion"":""squared_error"",""max_depth"":14,""max_features"":0.6,""max_samples"":null,""min_samples_leaf"":8,""n_estimators"":400}",ok,757,2.568631671816898,2.414850314203725,2.5239630118890357,2.414668606592106,1.0176978266787002,1.0000752515732896,1.2679300000017975,
ece19da5672fbcbf5a8d,away,extra_trees,dratings_plus_pitcher,"{""criterion"":""squared_error"",""max_depth"":14,""max_features"":1.0,""max_samples"":null,""min_samples_leaf"":8,""n_estimators"":400}",ok,757,2.5767884824176166,2.4251837546276684,2.5239630118890357,2.414668606592106,1.020929573959582,1.00435469612967,1.4145272000168916,
4bc91415c17e36492d7b,away,poisson_glm,dratings_plus_pitcher,"{""alpha"":0.0,""solver"":""lbfgs""}",ok,757,9065.450360697565,18127.940780366807,2.5239630118890357,2.414668606592106,3591.7524615040284,7507.423888676513,1.3035826999985147,
7207c9f38357c0c89f38,away,poisson_glm,dratings_plus_pitcher,"{""alpha"":0.01,""solver"":""lbfgs""}",ok,757,2.6211770286606924,2.452155205811239,2.5239630118890357,2.414668606592106,1.0385164189466065,1.0155245316549002,0.20151260000420734,
21584817459311f82ed8,away,poisson_glm,dratings_plus_pitcher,"{""alpha"":0.1,""solver"":""lbfgs""}",ok,757,2.6044689376623023,2.4330045890430534,2.5239630118890357,2.414668606592106,1.0318966345362615,1.0075935813307422,0.10881830001017079,
86d37f1c335aaa944bd2,away,poisson_glm,dratings_plus_pitcher,"{""alpha"":1.0,""solver"":""lbfgs""}",ok,757,2.5822079973730676,2.404407712493095,2.5239630118890357,2.414668606592106,1.0230767983562639,0.9957505994524473,0.06621560000348836,
15fad4fc350fd375711d,away,poisson_glm,dratings_plus_pitcher,"{""alpha"":10.0,""solver"":""lbfgs""}",ok,757,2.5635493015673316,2.4011144259115835,2.5239630118890357,2.414668606592106,1.0156841797965446,0.9943867325547202,0.052213900024071336,
c13c006ef6e95c7a43e4,away,tweedie_glm,dratings_plus_pitcher,"{""alpha"":0.01,""power"":1.2,""solver"":""lbfgs""}",ok,757,2.6176185089770687,2.44821786090419,2.5239630118890357,2.414668606592106,1.0371065251934646,1.0138939373380236,0.16031510001630522,
33b0add5c72fe02bb6e6,away,tweedie_glm,dratings_plus_pitcher,"{""alpha"":0.1,""power"":1.2,""solver"":""lbfgs""}",ok,757,2.5998800007555034,2.428147370894956,2.5239630118890357,2.414668606592106,1.0300784870890989,1.0055820348457145,0.09520130002056248,
dcfa8cdf23ed11af8996,away,tweedie_glm,dratings_plus_pitcher,"{""alpha"":1.0,""power"":1.2,""solver"":""lbfgs""}",ok,757,2.576573928217109,2.3998310431508534,2.5239630118890357,2.414668606592106,1.020844567087652,0.9938552381884844,0.06222000002162531,
9165a682c9f8624753a1,away,tweedie_glm,dratings_plus_pitcher,"{""alpha"":0.01,""power"":1.5,""solver"":""lbfgs""}",ok,757,2.6133196319631424,2.4438555214123503,2.5239630118890357,2.414668606592106,1.035403300148693,1.0120873376746453,0.1473270999849774,
d4313133a1a8062447fb,away,tweedie_glm,dratings_plus_pitcher,"{""alpha"":0.1,""power"":1.5,""solver"":""lbfgs""}",ok,757,2.594431255482702,2.421598148963897,2.5239630118890357,2.414668606592106,1.0279196815728788,1.002869769521529,0.08434750000014901,
8eaa3515a1103f23d3e5,away,tweedie_glm,dratings_plus_pitcher,"{""alpha"":1.0,""power"":1.5,""solver"":""lbfgs""}",ok,757,2.5696909240901236,2.3952454910692977,2.5239630118890357,2.414668606592106,1.0181175048864377,0.9919561982668004,0.058377399982418865,
f06eb74268352b6e1c22,away,tweedie_glm,dratings_plus_pitcher,"{""alpha"":0.01,""power"":1.8,""solver"":""lbfgs""}",ok,757,2.6094358812378164,2.44099591811826,2.5239630118890357,2.414668606592106,1.0338645491024092,1.010903074423662,0.12395090001518838,
0fe32eda2281dcdb5a03,away,tweedie_glm,dratings_plus_pitcher,"{""alpha"":0.1,""power"":1.8,""solver"":""lbfgs""}",ok,757,2.5887514843668287,2.415785078935399,2.5239630118890357,2.414668606592106,1.0256693430817365,1.0004623708364142,0.08081129999482073,
bac3b41032645306d50a,away,tweedie_glm,dratings_plus_pitcher,"{""alpha"":1.0,""power"":1.8,""solver"":""lbfgs""}",ok,757,2.5632572127457904,2.3937558425388294,2.5239630118890357,2.414668606592106,1.0155684535279086,0.9913392819220889,0.05509969999548048,
48cd519399009894695b,away,lightgbm,dratings_plus_pitcher,"{""colsample_bytree"":0.9,""learning_rate"":0.025,""min_child_samples"":10,""n_estimators"":500,""num_leaves"":15,""objective"":""poisson"",""reg_lambda"":1.0,""subsample"":0.9,""tweedie_variance_power"":null}",ok,757,2.6252744176333054,2.5207351080836915,2.5239630118890357,2.414668606592106,1.0401398139620295,1.0439259040358668,0.9389373000012711,
ede3ced3b6f59e39bef8,away,lightgbm,dratings_plus_pitcher,"{""colsample_bytree"":0.9,""learning_rate"":0.025,""min_child_samples"":30,""n_estimators"":500,""num_leaves"":15,""objective"":""poisson"",""reg_lambda"":1.0,""subsample"":0.9,""tweedie_variance_power"":null}",ok,757,2.648937521587011,2.5271608129815504,2.5239630118890357,2.414668606592106,1.0495151906384077,1.0465870165712752,0.8829312000016216,
383b88e451cc05bc5501,away,lightgbm,dratings_plus_pitcher,"{""colsample_bytree"":0.9,""learning_rate"":0.025,""min_child_samples"":10,""n_estimators"":500,""num_leaves"":31,""objective"":""poisson"",""reg_lambda"":1.0,""subsample"":0.9,""tweedie_variance_power"":null}",ok,757,2.622408750453522,2.584008021608284,2.5239630118890357,2.414668606592106,1.0390044299780787,1.0701294639578602,1.9778322000056505,
34c010c3c27fa7bc597a,away,lightgbm,dratings_plus_pitcher,"{""colsample_bytree"":0.9,""learning_rate"":0.025,""min_child_samples"":30,""n_estimators"":500,""num_leaves"":31,""objective"":""poisson"",""reg_lambda"":1.0,""subsample"":0.9,""tweedie_variance_power"":null}",ok,757,2.6242617718187713,2.533847261141159,2.5239630118890357,2.414668606592106,1.0397386013413359,1.0493561121487611,1.513666800019564,
dfa014f8e90ae235fa7c,away,lightgbm,dratings_plus_pitcher,"{""colsample_bytree"":0.9,""learning_rate"":0.05,""min_child_samples"":10,""n_estimators"":500,""num_leaves"":15,""objective"":""poisson"",""reg_lambda"":1.0,""subsample"":0.9,""tweedie_variance_power"":null}",ok,757,2.642296167429296,2.6110482778451862,2.5239630118890357,2.414668606592106,1.0468838707155599,1.0813277940985189,0.880929200007813,
c3fa69fe77332a3d8286,away,lightgbm,dratings_plus_pitcher,"{""colsample_bytree"":0.9,""learning_rate"":0.05,""min_child_samples"":30,""n_estimators"":500,""num_leaves"":15,""objective"":""poisson"",""reg_lambda"":1.0,""subsample"":0.9,""tweedie_variance_power"":null}",ok,757,2.679765938086413,2.615049256953654,2.5239630118890357,2.414668606592106,1.0617294807663478,1.0829847415974612,0.8604459000052884,
a86003f64a8c3f79439a,away,lightgbm,dratings_plus_pitcher,"{""colsample_bytree"":0.9,""learning_rate"":0.05,""min_child_samples"":10,""n_estimators"":500,""num_leaves"":31,""objective"":""poisson"",""reg_lambda"":1.0,""subsample"":0.9,""tweedie_variance_power"":null}",ok,757,2.630381342688763,2.6891918767662197,2.5239630118890357,2.414668606592106,1.0421631895152377,1.1136898328096279,1.6960561000159942,
b67b2b965afa081ddf4f,away,lightgbm,dratings_plus_pitcher,"{""colsample_bytree"":0.9,""learning_rate"":0.05,""min_child_samples"":30,""n_estimators"":500,""num_leaves"":31,""objective"":""poisson"",""reg_lambda"":1.0,""subsample"":0.9,""tweedie_variance_power"":null}",ok,757,2.646976090833459,2.640330205415581,2.5239630118890357,2.414668606592106,1.048738067224034,1.093454479926319,1.4797068999905605,
54fb7659f31363ec9e17,away,lightgbm,dratings_plus_pitcher,"{""colsample_bytree"":0.9,""learning_rate"":0.1,""min_child_samples"":10,""n_estimators"":500,""num_leaves"":15,""objective"":""poisson"",""reg_lambda"":1.0,""subsample"":0.9,""tweedie_variance_power"":null}",ok,757,2.6816029250992273,2.746864455386732,2.5239630118890357,2.414668606592106,1.0624572992819763,1.1375740952144417,0.861298000003444,
51b1b73ad7ec2ab155d8,away,lightgbm,dratings_plus_pitcher,"{""colsample_bytree"":0.9,""learning_rate"":0.1,""min_child_samples"":30,""n_estimators"":500,""num_leaves"":15,""objective"":""poisson"",""reg_lambda"":1.0,""subsample"":0.9,""tweedie_variance_power"":null}",ok,757,2.706783169506754,2.7155635029078917,2.5239630118890357,2.414668606592106,1.0724337705253804,1.1246112594889148,0.8616665000154171,
1a99e11df84c9459780c,away,lightgbm,dratings_plus_pitcher,"{""colsample_bytree"":0.9,""learning_rate"":0.1,""min_child_samples"":10,""n_estimators"":500,""num_leaves"":31,""objective"":""poisson"",""reg_lambda"":1.0,""subsample"":0.9,""tweedie_variance_power"":null}",ok,757,2.638835813633103,2.8360377670898895,2.5239630118890357,2.414668606592106,1.0455128705147274,1.174503929585797,1.6849050000018906,
5c33ca1197ed0c18d68b,away,lightgbm,dratings_plus_pitcher,"{""colsample_bytree"":0.9,""learning_rate"":0.1,""min_child_samples"":30,""n_estimators"":500,""num_leaves"":31,""objective"":""poisson"",""reg_lambda"":1.0,""subsample"":0.9,""tweedie_variance_power"":null}",ok,757,2.651146965979501,2.7326230390311896,2.5239630118890357,2.414668606592106,1.0503905776318314,1.13167621907663,1.5391832999885082,
5f1b1304824f81c65006,away,lightgbm,dratings_plus_pitcher,"{""colsample_bytree"":0.9,""learning_rate"":0.025,""min_child_samples"":10,""n_estimators"":500,""num_leaves"":15,""objective"":""tweedie"",""reg_lambda"":1.0,""subsample"":0.9,""tweedie_variance_power"":1.5}",ok,757,2.6803785214908884,2.778485313198287,2.5239630118890357,2.414668606592106,1.0619721877321748,1.1506694150961139,0.9057667000161018,
179d8ae535a373a4e431,away,lightgbm,dratings_plus_pitcher,"{""colsample_bytree"":0.9,""learning_rate"":0.025,""min_child_samples"":30,""n_estimators"":500,""num_leaves"":15,""objective"":""tweedie"",""reg_lambda"":1.0,""subsample"":0.9,""tweedie_variance_power"":1.5}",ok,757,2.667873555387201,2.697027520466979,2.5239630118890357,2.414668606592106,1.0570176911548543,1.1169348510615602,0.8822827000112738,
ab65a76fb3f9d1ca163a,away,lightgbm,dratings_plus_pitcher,"{""colsample_bytree"":0.9,""learning_rate"":0.025,""min_child_samples"":10,""n_estimators"":500,""num_leaves"":31,""objective"":""tweedie"",""reg_lambda"":1.0,""subsample"":0.9,""tweedie_variance_power"":1.5}",ok,757,2.666546484930504,2.864141406480849,2.5239630118890357,2.414668606592106,1.0564919027615833,1.186142644444737,1.7715558999916539,
314fc719b89c860929e2,away,lightgbm,dratings_plus_pitcher,"{""colsample_bytree"":0.9,""learning_rate"":0.025,""min_child_samples"":30,""n_estimators"":500,""num_leaves"":31,""objective"":""tweedie"",""reg_lambda"":1.0,""subsample"":0.9,""tweedie_variance_power"":1.5}",ok,757,2.652382072673441,2.7467080141695748,2.5239630118890357,2.414668606592106,1.050879929768975,1.137509307352153,1.534240899985889,
56440ce5407ec9a1b774,away,lightgbm,dratings_plus_pitcher,"{""colsample_bytree"":0.9,""learning_rate"":0.05,""min_child_samples"":10,""n_estimators"":500,""num_leaves"":15,""objective"":""tweedie"",""reg_lambda"":1.0,""subsample"":0.9,""tweedie_variance_power"":1.5}",ok,757,2.718123942062995,3.000798178161954,2.5239630118890357,2.414668606592106,1.0769270109186906,1.2427370654381722,0.8575932999956422,
a922d5849a81d04fd7d8,away,lightgbm,dratings_plus_pitcher,"{""colsample_bytree"":0.9,""learning_rate"":0.05,""min_child_samples"":30,""n_estimators"":500,""num_leaves"":15,""objective"":""tweedie"",""reg_lambda"":1.0,""subsample"":0.9,""tweedie_variance_power"":1.5}",ok,757,2.7097341818967986,2.844422509270212,2.5239630118890357,2.414668606592106,1.0736029684796071,1.1779763490132216,0.8553073999937624,
6bed75e510f9ff616f4f,away,lightgbm,dratings_plus_pitcher,"{""colsample_bytree"":0.9,""learning_rate"":0.05,""min_child_samples"":10,""n_estimators"":500,""num_leaves"":31,""objective"":""tweedie"",""reg_lambda"":1.0,""subsample"":0.9,""tweedie_variance_power"":1.5}",ok,757,2.7616441688602777,3.1538241169950223,2.5239630118890357,2.414668606592106,1.094169825727102,1.3061105397175425,1.7520090999896638,
724b8f663f926e78f267,away,lightgbm,dratings_plus_pitcher,"{""colsample_bytree"":0.9,""learning_rate"":0.05,""min_child_samples"":30,""n_estimators"":500,""num_leaves"":31,""objective"":""tweedie"",""reg_lambda"":1.0,""subsample"":0.9,""tweedie_variance_power"":1.5}",ok,757,2.6995234958622847,2.9202210827056185,2.5239630118890357,2.414668606592106,1.0695574709876008,1.2093672294133204,1.5505971999955364,
e2755625782d4c16c99b,away,lightgbm,dratings_plus_pitcher,"{""colsample_bytree"":0.9,""learning_rate"":0.1,""min_child_samples"":10,""n_estimators"":500,""num_leaves"":15,""objective"":""tweedie"",""reg_lambda"":1.0,""subsample"":0.9,""tweedie_variance_power"":1.5}",ok,757,2.7664178817948484,3.222968905083895,2.5239630118890357,2.414668606592106,1.096061181865082,1.3347458513707053,0.8596526999899652,
3ba588e00749312c02cd,away,lightgbm,dratings_plus_pitcher,"{""colsample_bytree"":0.9,""learning_rate"":0.1,""min_child_samples"":30,""n_estimators"":500,""num_leaves"":15,""objective"":""tweedie"",""reg_lambda"":1.0,""subsample"":0.9,""tweedie_variance_power"":1.5}",ok,757,2.7989052391405664,3.113492907516653,2.5239630118890357,2.414668606592106,1.1089327482044806,1.2894079539597023,0.8726008999801707,
5cf52afbcf5eace09b66,away,lightgbm,dratings_plus_pitcher,"{""colsample_bytree"":0.9,""learning_rate"":0.1,""min_child_samples"":10,""n_estimators"":500,""num_leaves"":31,""objective"":""tweedie"",""reg_lambda"":1.0,""subsample"":0.9,""tweedie_variance_power"":1.5}",ok,757,2.785793630646002,3.485263926225011,2.5239630118890357,2.414668606592106,1.103737898504702,1.4433715321059597,1.7724170999717899,
449121dc515de9cdcf8a,away,lightgbm,dratings_plus_pitcher,"{""colsample_bytree"":0.9,""learning_rate"":0.1,""min_child_samples"":30,""n_estimators"":500,""num_leaves"":31,""objective"":""tweedie"",""reg_lambda"":1.0,""subsample"":0.9,""tweedie_variance_power"":1.5}",ok,757,2.8108595914407997,3.2234327498489335,2.5239630118890357,2.414668606592106,1.1136690903156456,1.3349379459561783,1.5327984000032302,
1d4a8cb4b617c6d3f899,away,lightgbm,dratings_plus_pitcher,"{""colsample_bytree"":0.9,""learning_rate"":0.025,""min_child_samples"":10,""n_estimators"":500,""num_leaves"":15,""objective"":""regression"",""reg_lambda"":1.0,""subsample"":0.9,""tweedie_variance_power"":null}",ok,757,2.732152702016762,2.6062256614964556,2.5239630118890357,2.414668606592106,1.0824852381540682,1.0793305774471056,0.917799200018635,
6bc99bd9c0dfe4b02099,away,lightgbm,dratings_plus_pitcher,"{""colsample_bytree"":0.9,""learning_rate"":0.025,""min_child_samples"":30,""n_estimators"":500,""num_leaves"":15,""objective"":""regression"",""reg_lambda"":1.0,""subsample"":0.9,""tweedie_variance_power"":null}",ok,757,2.713827081934858,2.6143277448557356,2.5239630118890357,2.414668606592106,1.0752245849687474,1.0826859378212625,0.9453869999852031,
be3a69b731c25942f6b4,away,lightgbm,dratings_plus_pitcher,"{""colsample_bytree"":0.9,""learning_rate"":0.025,""min_child_samples"":10,""n_estimators"":500,""num_leaves"":31,""objective"":""regression"",""reg_lambda"":1.0,""subsample"":0.9,""tweedie_variance_power"":null}",ok,757,2.752951941936911,2.645721952751985,2.5239630118890357,2.414668606592106,1.0907259452572131,1.0956873939260638,2.0248962999903597,
07f56e5f69ca1f2b29ea,away,lightgbm,dratings_plus_pitcher,"{""colsample_bytree"":0.9,""learning_rate"":0.025,""min_child_samples"":30,""n_estimators"":500,""num_leaves"":31,""objective"":""regression"",""reg_lambda"":1.0,""subsample"":0.9,""tweedie_variance_power"":null}",ok,757,2.7586041738821336,2.657063682059168,2.5239630118890357,2.414668606592106,1.0929653726650626,1.1003844067071222,1.5897561000019778,
909e3d05502b52dad435,away,lightgbm,dratings_plus_pitcher,"{""colsample_bytree"":0.9,""learning_rate"":0.05,""min_child_samples"":10,""n_estimators"":500,""num_leaves"":15,""objective"":""regression"",""reg_lambda"":1.0,""subsample"":0.9,""tweedie_variance_power"":null}",ok,757,2.803086429946731,2.7320089093337065,2.5239630118890357,2.414668606592106,1.110589345700747,1.1314218861649392,0.9356554000114556,
07a93017c23dc839e08d,away,lightgbm,dratings_plus_pitcher,"{""colsample_bytree"":0.9,""learning_rate"":0.05,""min_child_samples"":30,""n_estimators"":500,""num_leaves"":15,""objective"":""regression"",""reg_lambda"":1.0,""subsample"":0.9,""tweedie_variance_power"":null}",failed,757,,,2.5239630118890357,2.414668606592106,,,0.4425444999942556,RuntimeError: lightgbm emitted invalid predictions: nonfinite=0 nonpositive=1
cf23262f23d337d1d4ac,away,lightgbm,dratings_plus_pitcher,"{""colsample_bytree"":0.9,""learning_rate"":0.05,""min_child_samples"":10,""n_estimators"":500,""num_leaves"":31,""objective"":""regression"",""reg_lambda"":1.0,""subsample"":0.9,""tweedie_variance_power"":null}",ok,757,2.7884246689083847,2.7149754251433955,2.5239630118890357,2.414668606592106,1.1047803219673236,1.1243677156076177,1.7538812000129838,
88dae3497a5df773bcfe,away,lightgbm,dratings_plus_pitcher,"{""colsample_bytree"":0.9,""learning_rate"":0.05,""min_child_samples"":30,""n_estimators"":500,""num_leaves"":31,""objective"":""regression"",""reg_lambda"":1.0,""subsample"":0.9,""tweedie_variance_power"":null}",failed,757,,,2.5239630118890357,2.414668606592106,,,0.30459119999432005,RuntimeError: lightgbm emitted invalid predictions: nonfinite=0 nonpositive=1
819dc05ffd3b3158d1c0,away,lightgbm,dratings_plus_pitcher,"{""colsample_bytree"":0.9,""learning_rate"":0.1,""min_child_samples"":10,""n_estimators"":500,""num_leaves"":15,""objective"":""regression"",""reg_lambda"":1.0,""subsample"":0.9,""tweedie_variance_power"":null}",ok,757,2.8608350975020027,2.825912124547454,2.5239630118890357,2.414668606592106,1.1334695017423564,1.1703105415097719,0.9154528999933973,
281e04b6a854a1eedfbb,away,lightgbm,dratings_plus_pitcher,"{""colsample_bytree"":0.9,""learning_rate"":0.1,""min_child_samples"":30,""n_estimators"":500,""num_leaves"":15,""objective"":""regression"",""reg_lambda"":1.0,""subsample"":0.9,""tweedie_variance_power"":null}",failed,757,,,2.5239630118890357,2.414668606592106,,,0.44876600001589395,RuntimeError: lightgbm emitted invalid predictions: nonfinite=0 nonpositive=1
a47de2ca07efea961301,away,lightgbm,dratings_plus_pitcher,"{""colsample_bytree"":0.9,""learning_rate"":0.1,""min_child_samples"":10,""n_estimators"":500,""num_leaves"":31,""objective"":""regression"",""reg_lambda"":1.0,""subsample"":0.9,""tweedie_variance_power"":null}",ok,757,2.7604284985346337,2.722909713761408,2.5239630118890357,2.414668606592106,1.0936881743241624,1.1276535862220578,1.8015121000062209,
9a629655ac87807909cc,away,lightgbm,dratings_plus_pitcher,"{""colsample_bytree"":0.9,""learning_rate"":0.1,""min_child_samples"":30,""n_estimators"":500,""num_leaves"":31,""objective"":""regression"",""reg_lambda"":1.0,""subsample"":0.9,""tweedie_variance_power"":null}",failed,757,,,2.5239630118890357,2.414668606592106,,,0.30216890000156127,RuntimeError: lightgbm emitted invalid predictions: nonfinite=0 nonpositive=1
c5207b35e8545490cdc4,away,xgboost,dratings_plus_pitcher,"{""colsample_bytree"":0.9,""learning_rate"":0.025,""max_depth"":3,""min_child_weight"":1.0,""n_estimators"":500,""objective"":""count:poisson"",""reg_lambda"":1.0,""subsample"":0.9,""tweedie_variance_power"":null}",ok,757,2.617395972008749,2.4864942977470226,2.5239630118890357,2.414668606592106,1.0370183555304102,1.0297455687951673,1.2836356000043452,
b3084a14336e0416cdf7,away,xgboost,dratings_plus_pitcher,"{""colsample_bytree"":0.9,""learning_rate"":0.025,""max_depth"":3,""min_child_weight"":5.0,""n_estimators"":500,""objective"":""count:poisson"",""reg_lambda"":1.0,""subsample"":0.9,""tweedie_variance_power"":null}",ok,757,2.6172808454405208,2.4864772169422893,2.5239630118890357,2.414668606592106,1.0369727421170258,1.029738495027493,1.3009510000119917,
0718c370ff0649e7dd0f,away,xgboost,dratings_plus_pitcher,"{""colsample_bytree"":0.9,""learning_rate"":0.025,""max_depth"":6,""min_child_weight"":1.0,""n_estimators"":500,""objective"":""count:poisson"",""reg_lambda"":1.0,""subsample"":0.9,""tweedie_variance_power"":null}",ok,757,2.6038251819194858,2.5999165289020016,2.5239630118890357,2.414668606592106,1.031641577017675,1.0767177416413019,4.002122900012182,
d68ee4cab83927fa2bf5,away,xgboost,dratings_plus_pitcher,"{""colsample_bytree"":0.9,""learning_rate"":0.025,""max_depth"":6,""min_child_weight"":5.0,""n_estimators"":500,""objective"":""count:poisson"",""reg_lambda"":1.0,""subsample"":0.9,""tweedie_variance_power"":null}",ok,757,2.602122956884427,2.6033742435420355,2.5239630118890357,2.414668606592106,1.0309671515102328,1.0781497040358905,4.00561480000033,
5f4e28ed1f95342e6591,away,xgboost,dratings_plus_pitcher,"{""colsample_bytree"":0.9,""learning_rate"":0.05,""max_depth"":3,""min_child_weight"":1.0,""n_estimators"":500,""objective"":""count:poisson"",""reg_lambda"":1.0,""subsample"":0.9,""tweedie_variance_power"":null}",ok,757,2.643572835027778,2.557637366005338,2.5239630118890357,2.414668606592106,1.0473896893794894,1.0592084392131176,1.3138194999773987,
3b871cfdd1058274d262,away,xgboost,dratings_plus_pitcher,"{""colsample_bytree"":0.9,""learning_rate"":0.05,""max_depth"":3,""min_child_weight"":5.0,""n_estimators"":500,""objective"":""count:poisson"",""reg_lambda"":1.0,""subsample"":0.9,""tweedie_variance_power"":null}",ok,757,2.648797613941379,2.563244719454579,2.5239630118890357,2.414668606592106,1.0494597589046728,1.0615306433590335,1.3056945000134874,
1b8dc982b2c74e716a65,away,xgboost,dratings_plus_pitcher,"{""colsample_bytree"":0.9,""learning_rate"":0.05,""max_depth"":6,""min_child_weight"":1.0,""n_estimators"":500,""objective"":""count:poisson"",""reg_lambda"":1.0,""subsample"":0.9,""tweedie_variance_power"":null}",ok,757,2.6734954997444405,2.9452607736680885,2.5239630118890357,2.414668606592106,1.0592451185500886,1.2197370544460853,3.9334275999863166,
c3785c7806e8b3ff13ab,away,xgboost,dratings_plus_pitcher,"{""colsample_bytree"":0.9,""learning_rate"":0.05,""max_depth"":6,""min_child_weight"":5.0,""n_estimators"":500,""objective"":""count:poisson"",""reg_lambda"":1.0,""subsample"":0.9,""tweedie_variance_power"":null}",ok,757,2.6442844159851933,2.8670676738969245,2.5239630118890357,2.414668606592106,1.0476716194054303,1.1873545156754668,4.196100999979535,
89431dbcaac85f75e382,away,xgboost,dratings_plus_pitcher,"{""colsample_bytree"":0.9,""learning_rate"":0.1,""max_depth"":3,""min_child_weight"":1.0,""n_estimators"":500,""objective"":""count:poisson"",""reg_lambda"":1.0,""subsample"":0.9,""tweedie_variance_power"":null}",ok,757,2.7412514922798388,2.7569657381986414,2.5239630118890357,2.414668606592106,1.0860901999622314,1.1417573950611921,1.3003614000044763,
06f3bc997b1b1ac6167e,away,xgboost,dratings_plus_pitcher,"{""colsample_bytree"":0.9,""learning_rate"":0.1,""max_depth"":3,""min_child_weight"":5.0,""n_estimators"":500,""objective"":""count:poisson"",""reg_lambda"":1.0,""subsample"":0.9,""tweedie_variance_power"":null}",ok,757,2.7408740122063158,2.7762671498656157,2.5239630118890357,2.414668606592106,1.0859406414814832,1.1497507949067365,1.297640800010413,
dc77af7c51c248848a03,away,xgboost,dratings_plus_pitcher,"{""colsample_bytree"":0.9,""learning_rate"":0.1,""max_depth"":6,""min_child_weight"":1.0,""n_estimators"":500,""objective"":""count:poisson"",""reg_lambda"":1.0,""subsample"":0.9,""tweedie_variance_power"":null}",ok,757,2.7648465745200252,3.5133391751444263,2.5239630118890357,2.414668606592106,1.0954386262779274,1.4549984894626624,3.8589761999901384,
959097a08c7f927f9339,away,xgboost,dratings_plus_pitcher,"{""colsample_bytree"":0.9,""learning_rate"":0.1,""max_depth"":6,""min_child_weight"":5.0,""n_estimators"":500,""objective"":""count:poisson"",""reg_lambda"":1.0,""subsample"":0.9,""tweedie_variance_power"":null}",ok,757,2.742909890027468,3.339032493439464,2.5239630118890357,2.414668606592106,1.0867472609967306,1.38281190401193,3.8192213000147603,
a6f22bcd2798f7015aab,away,xgboost,dratings_plus_pitcher,"{""colsample_bytree"":0.9,""learning_rate"":0.025,""max_depth"":3,""min_child_weight"":1.0,""n_estimators"":500,""objective"":""reg:tweedie"",""reg_lambda"":1.0,""subsample"":0.9,""tweedie_variance_power"":1.5}",ok,757,2.639583032858734,2.7027378148440118,2.5239630118890357,2.414668606592106,1.0458089205052032,1.119299686700473,1.3180941000173334,
9131c71dcfcd3123b76a,away,xgboost,dratings_plus_pitcher,"{""colsample_bytree"":0.9,""learning_rate"":0.025,""max_depth"":3,""min_child_weight"":5.0,""n_estimators"":500,""objective"":""reg:tweedie"",""reg_lambda"":1.0,""subsample"":0.9,""tweedie_variance_power"":1.5}",ok,757,2.621285920099034,2.6301259528268894,2.5239630118890357,2.414668606592106,1.0385595619870664,1.0892285366391807,1.350779300002614,
29043dd59a60daca53cb,away,xgboost,dratings_plus_pitcher,"{""colsample_bytree"":0.9,""learning_rate"":0.025,""max_depth"":6,""min_child_weight"":1.0,""n_estimators"":500,""objective"":""reg:tweedie"",""reg_lambda"":1.0,""subsample"":0.9,""tweedie_variance_power"":1.5}",ok,757,2.7199687219988875,3.276952808199106,2.5239630118890357,2.414668606592106,1.0776579170085197,1.3571025022866252,4.071122299996205,
4f3d0abfdb6c79ad53f2,away,xgboost,dratings_plus_pitcher,"{""colsample_bytree"":0.9,""learning_rate"":0.025,""max_depth"":6,""min_child_weight"":5.0,""n_estimators"":500,""objective"":""reg:tweedie"",""reg_lambda"":1.0,""subsample"":0.9,""tweedie_variance_power"":1.5}",ok,757,2.6677983837052097,3.00043890387985,2.5239630118890357,2.414668606592106,1.0569879079600781,1.2425882772023358,3.6862034000223503,
a1554dc6887a800243f3,away,xgboost,dratings_plus_pitcher,"{""colsample_bytree"":0.9,""learning_rate"":0.05,""max_depth"":3,""min_child_weight"":1.0,""n_estimators"":500,""objective"":""reg:tweedie"",""reg_lambda"":1.0,""subsample"":0.9,""tweedie_variance_power"":1.5}",ok,757,2.75126274329668,3.0403817645048488,2.5239630118890357,2.414668606592106,1.090056680837618,1.2591300339121194,1.3133024999988265,
721bc0113779c6cbf272,away,xgboost,dratings_plus_pitcher,"{""colsample_bytree"":0.9,""learning_rate"":0.05,""max_depth"":3,""min_child_weight"":5.0,""n_estimators"":500,""objective"":""reg:tweedie"",""reg_lambda"":1.0,""subsample"":0.9,""tweedie_variance_power"":1.5}",ok,757,2.6969004965521384,2.846507769276851,2.5239630118890357,2.414668606592106,1.0685182325765026,1.1788399292167104,1.3177443000022322,
fe412d574c89b7a128b8,away,xgboost,dratings_plus_pitcher,"{""colsample_bytree"":0.9,""learning_rate"":0.05,""max_depth"":6,""min_child_weight"":1.0,""n_estimators"":500,""objective"":""reg:tweedie"",""reg_lambda"":1.0,""subsample"":0.9,""tweedie_variance_power"":1.5}",ok,757,2.8423671416121397,3.845632384449587,2.5239630118890357,2.414668606592106,1.1261524547797543,1.5926129051211888,3.967928199999733,
f84ac49e9ebee06ad074,away,xgboost,dratings_plus_pitcher,"{""colsample_bytree"":0.9,""learning_rate"":0.05,""max_depth"":6,""min_child_weight"":5.0,""n_estimators"":500,""objective"":""reg:tweedie"",""reg_lambda"":1.0,""subsample"":0.9,""tweedie_variance_power"":1.5}",ok,757,2.756979217853697,3.374020909699094,2.5239630118890357,2.414668606592106,1.0923215613172805,1.3973018494082095,3.813130699971225,
191cba3b6dcf80fb67ec,away,xgboost,dratings_plus_pitcher,"{""colsample_bytree"":0.9,""learning_rate"":0.1,""max_depth"":3,""min_child_weight"":1.0,""n_estimators"":500,""objective"":""reg:tweedie"",""reg_lambda"":1.0,""subsample"":0.9,""tweedie_variance_power"":1.5}",ok,757,2.785123081471835,3.346622109951701,2.5239630118890357,2.414668606592106,1.103472225366463,1.385955033670185,1.3263875999837182,
e1551b7ab641bc298c7f,away,xgboost,dratings_plus_pitcher,"{""colsample_bytree"":0.9,""learning_rate"":0.1,""max_depth"":3,""min_child_weight"":5.0,""n_estimators"":500,""objective"":""reg:tweedie"",""reg_lambda"":1.0,""subsample"":0.9,""tweedie_variance_power"":1.5}",ok,757,2.792358011322261,3.2417419699528245,2.5239630118890357,2.414668606592106,1.1063387213556461,1.3425204440488385,1.366755800001556,
c18e08c600d68d862713,away,xgboost,dratings_plus_pitcher,"{""colsample_bytree"":0.9,""learning_rate"":0.1,""max_depth"":6,""min_child_weight"":1.0,""n_estimators"":500,""objective"":""reg:tweedie"",""reg_lambda"":1.0,""subsample"":0.9,""tweedie_variance_power"":1.5}",ok,757,2.951395472966853,4.496376991878633,2.5239630118890357,2.414668606592106,1.169349732569143,1.8621093509906124,3.8029170999943744,
0335ffc75fc7dbc48d8c,away,xgboost,dratings_plus_pitcher,"{""colsample_bytree"":0.9,""learning_rate"":0.1,""max_depth"":6,""min_child_weight"":5.0,""n_estimators"":500,""objective"":""reg:tweedie"",""reg_lambda"":1.0,""subsample"":0.9,""tweedie_variance_power"":1.5}",ok,757,2.831185393557051,3.8289023789237357,2.5239630118890357,2.414668606592106,1.1217222202626804,1.5856844158534782,3.457535800000187,
dc3a7762ec9f605b253b,away,xgboost,dratings_plus_pitcher,"{""colsample_bytree"":0.9,""learning_rate"":0.025,""max_depth"":3,""min_child_weight"":1.0,""n_estimators"":500,""objective"":""reg:squarederror"",""reg_lambda"":1.0,""subsample"":0.9,""tweedie_variance_power"":null}",ok,757,2.6867103236512118,2.544195887175311,2.5239630118890357,2.414668606592106,1.0644808624356066,1.0536418456054766,1.2952570000197738,
e3cae056bada48922be7,away,xgboost,dratings_plus_pitcher,"{""colsample_bytree"":0.9,""learning_rate"":0.025,""max_depth"":3,""min_child_weight"":5.0,""n_estimators"":500,""objective"":""reg:squarederror"",""reg_lambda"":1.0,""subsample"":0.9,""tweedie_variance_power"":null}",ok,757,2.693416442077415,2.5669716264453575,2.5239630118890357,2.414668606592106,1.0671378421118596,1.0630740878634277,1.280630099994596,
d92ba9c979aee14508e7,away,xgboost,dratings_plus_pitcher,"{""colsample_bytree"":0.9,""learning_rate"":0.025,""max_depth"":6,""min_child_weight"":1.0,""n_estimators"":500,""objective"":""reg:squarederror"",""reg_lambda"":1.0,""subsample"":0.9,""tweedie_variance_power"":null}",ok,757,2.73627892479084,2.584151126599578,2.5239630118890357,2.414668606592106,1.0841200571885157,1.0701887288155318,4.283102100016549,
e50d6e99a7ae72581760,away,xgboost,dratings_plus_pitcher,"{""colsample_bytree"":0.9,""learning_rate"":0.025,""max_depth"":6,""min_child_weight"":5.0,""n_estimators"":500,""objective"":""reg:squarederror"",""reg_lambda"":1.0,""subsample"":0.9,""tweedie_variance_power"":null}",ok,757,2.748056431585133,2.6275467031789823,2.5239630118890357,2.414668606592106,1.0887863327000094,1.088160377786713,3.4785542000026908,
5d79465b2819dc8e10eb,away,xgboost,dratings_plus_pitcher,"{""colsample_bytree"":0.9,""learning_rate"":0.05,""max_depth"":3,""min_child_weight"":1.0,""n_estimators"":500,""objective"":""reg:squarederror"",""reg_lambda"":1.0,""subsample"":0.9,""tweedie_variance_power"":null}",ok,757,2.7731575076142265,2.655913622742096,2.5239630118890357,2.414668606592106,1.098731437248236,1.0999081263123995,1.3230983999965247,
438b070cb749a3875e8c,away,xgboost,dratings_plus_pitcher,"{""colsample_bytree"":0.9,""learning_rate"":0.05,""max_depth"":3,""min_child_weight"":5.0,""n_estimators"":500,""objective"":""reg:squarederror"",""reg_lambda"":1.0,""subsample"":0.9,""tweedie_variance_power"":null}",ok,757,2.7828768153171715,2.702849350662658,2.5239630118890357,2.414668606592106,1.102582249505453,1.1193458776429244,1.2789915000030305,
fdb655fb83805f9c5404,away,xgboost,dratings_plus_pitcher,"{""colsample_bytree"":0.9,""learning_rate"":0.05,""max_depth"":6,""min_child_weight"":1.0,""n_estimators"":500,""objective"":""reg:squarederror"",""reg_lambda"":1.0,""subsample"":0.9,""tweedie_variance_power"":null}",ok,757,2.799127979354153,2.6769634212083075,2.5239630118890357,2.414668606592106,1.1090209983937809,1.108625595205955,4.26370089998818,
03bb27a6c2cb4c34c31a,away,xgboost,dratings_plus_pitcher,"{""colsample_bytree"":0.9,""learning_rate"":0.05,""max_depth"":6,""min_child_weight"":5.0,""n_estimators"":500,""objective"":""reg:squarederror"",""reg_lambda"":1.0,""subsample"":0.9,""tweedie_variance_power"":null}",ok,757,2.793065652664618,2.6978636182541273,2.5239630118890357,2.414668606592106,1.1066190904969622,1.117281108839901,3.7168027000152506,
e0e05a2d6d94126901f9,away,xgboost,dratings_plus_pitcher,"{""colsample_bytree"":0.9,""learning_rate"":0.1,""max_depth"":3,""min_child_weight"":1.0,""n_estimators"":500,""objective"":""reg:squarederror"",""reg_lambda"":1.0,""subsample"":0.9,""tweedie_variance_power"":null}",ok,757,2.8654609255620636,2.758705587121227,2.5239630118890357,2.414668606592106,1.1353022655500158,1.1424779282713542,1.304064700001618,
13b3de29657fb07dd90c,away,xgboost,dratings_plus_pitcher,"{""colsample_bytree"":0.9,""learning_rate"":0.1,""max_depth"":3,""min_child_weight"":5.0,""n_estimators"":500,""objective"":""reg:squarederror"",""reg_lambda"":1.0,""subsample"":0.9,""tweedie_variance_power"":null}",failed,757,,,2.5239630118890357,2.414668606592106,,,0.34966459998395294,RuntimeError: xgboost emitted invalid predictions: nonfinite=0 nonpositive=1
00c598b48602a339699e,away,xgboost,dratings_plus_pitcher,"{""colsample_bytree"":0.9,""learning_rate"":0.1,""max_depth"":6,""min_child_weight"":1.0,""n_estimators"":500,""objective"":""reg:squarederror"",""reg_lambda"":1.0,""subsample"":0.9,""tweedie_variance_power"":null}",ok,757,2.8143042995246272,2.7443214495804362,2.5239630118890357,2.414668606592106,1.1150338916489464,1.136520946223581,4.216726999991806,
b0f6626bd1d4f9885b32,away,xgboost,dratings_plus_pitcher,"{""colsample_bytree"":0.9,""learning_rate"":0.1,""max_depth"":6,""min_child_weight"":5.0,""n_estimators"":500,""objective"":""reg:squarederror"",""reg_lambda"":1.0,""subsample"":0.9,""tweedie_variance_power"":null}",ok,757,2.8022225622771755,2.7482017250422577,2.5239630118890357,2.414668606592106,1.1102470793262058,1.1381279060570042,3.4823117000050843,
81a89111dcd5cbde656c,away,hist_gradient_boosting,dratings_plus_bullpen,"{""l2_regularization"":0.0,""learning_rate"":0.025,""loss"":""poisson"",""max_iter"":300,""max_leaf_nodes"":15,""min_samples_leaf"":10}",ok,757,2.6412469463626644,2.6147792530030376,2.5239630118890357,2.414668606592106,1.0464681668951434,1.0828729233753338,1.5486289000255056,
1ee13721448a34cee923,away,hist_gradient_boosting,dratings_plus_bullpen,"{""l2_regularization"":5.0,""learning_rate"":0.025,""loss"":""poisson"",""max_iter"":300,""max_leaf_nodes"":15,""min_samples_leaf"":10}",ok,757,2.644987897212942,2.6092796019869224,2.5239630118890357,2.414668606592106,1.0479503402996886,1.0805953226308254,1.543057700007921,
353c98865745cda1a92c,away,hist_gradient_boosting,dratings_plus_bullpen,"{""l2_regularization"":0.0,""learning_rate"":0.025,""loss"":""poisson"",""max_iter"":300,""max_leaf_nodes"":15,""min_samples_leaf"":30}",ok,757,2.6342261244168785,2.6027517311044392,2.5239630118890357,2.414668606592106,1.0436865009544325,1.0778918995338993,1.4729299999889918,
3fecb4d19f3e1189586c,away,hist_gradient_boosting,dratings_plus_bullpen,"{""l2_regularization"":5.0,""learning_rate"":0.025,""loss"":""poisson"",""max_iter"":300,""max_leaf_nodes"":15,""min_samples_leaf"":30}",ok,757,2.6342276979576527,2.6072228108090663,2.5239630118890357,2.414668606592106,1.0436871243949373,1.0797435323800881,1.4777483000070788,
679dfdd895006a6bc1d6,away,hist_gradient_boosting,dratings_plus_bullpen,"{""l2_regularization"":0.0,""learning_rate"":0.025,""loss"":""poisson"",""max_iter"":300,""max_leaf_nodes"":31,""min_samples_leaf"":10}",ok,757,2.618127128287152,2.7350300961449383,2.5239630118890357,2.414668606592106,1.037308041343934,1.1326730668872065,2.8521315999969374,
8741458c4bd49c1093c5,away,hist_gradient_boosting,dratings_plus_bullpen,"{""l2_regularization"":5.0,""learning_rate"":0.025,""loss"":""poisson"",""max_iter"":300,""max_leaf_nodes"":31,""min_samples_leaf"":10}",ok,757,2.6092875360053167,2.697123243166362,2.5239630118890357,2.414668606592106,1.033805774377185,1.1169744932298982,2.9401909000007436,
5239ec5c95b5c4555633,away,hist_gradient_boosting,dratings_plus_bullpen,"{""l2_regularization"":0.0,""learning_rate"":0.025,""loss"":""poisson"",""max_iter"":300,""max_leaf_nodes"":31,""min_samples_leaf"":30}",ok,757,2.639233218553333,2.6949562682249812,2.5239630118890357,2.414668606592106,1.0456703232659597,1.1160770719707387,2.4124258999945596,
535f357e7396bd76748c,away,hist_gradient_boosting,dratings_plus_bullpen,"{""l2_regularization"":5.0,""learning_rate"":0.025,""loss"":""poisson"",""max_iter"":300,""max_leaf_nodes"":31,""min_samples_leaf"":30}",ok,757,2.6473446096681386,2.703986556649815,2.5239630118890357,2.414668606592106,1.0488840752411657,1.1198168350173865,2.3595895000034943,
633b53c2508c47df8074,away,hist_gradient_boosting,dratings_plus_bullpen,"{""l2_regularization"":0.0,""learning_rate"":0.05,""loss"":""poisson"",""max_iter"":300,""max_leaf_nodes"":15,""min_samples_leaf"":10}",ok,757,2.651537974244446,2.7493420805428377,2.5239630118890357,2.414668606592106,1.0505454960134015,1.1386001677567947,1.6997311000013724,
84008b53288b9ec34184,away,hist_gradient_boosting,dratings_plus_bullpen,"{""l2_regularization"":5.0,""learning_rate"":0.05,""loss"":""poisson"",""max_iter"":300,""max_leaf_nodes"":15,""min_samples_leaf"":10}",ok,757,2.680773538151964,2.7638073816424704,2.5239630118890357,2.414668606592106,1.06212869424959,1.1445907625159024,1.5671677999780513,
35cf3abcf602bad17b09,away,hist_gradient_boosting,dratings_plus_bullpen,"{""l2_regularization"":0.0,""learning_rate"":0.05,""loss"":""poisson"",""max_iter"":300,""max_leaf_nodes"":15,""min_samples_leaf"":30}",ok,757,2.668214828361508,2.7613206730516158,2.5239630118890357,2.414668606592106,1.0571529042989058,1.143560928200723,1.483590899995761,
5e1e01c4960efbfde163,away,hist_gradient_boosting,dratings_plus_bullpen,"{""l2_regularization"":5.0,""learning_rate"":0.05,""loss"":""poisson"",""max_iter"":300,""max_leaf_nodes"":15,""min_samples_leaf"":30}",ok,757,2.6682146699588,2.7932057955314304,2.5239630118890357,2.414668606592106,1.0571528415393854,1.1567656894639324,1.4689996000088286,
73103f70568241bfbb85,away,hist_gradient_boosting,dratings_plus_bullpen,"{""l2_regularization"":0.0,""learning_rate"":0.05,""loss"":""poisson"",""max_iter"":300,""max_leaf_nodes"":31,""min_samples_leaf"":10}",ok,757,2.669535337753141,2.9212695976334815,2.5239630118890357,2.414668606592106,1.0576760931829792,1.2098014566712558,2.7541657000256237,
4885cd64d9762c960ebe,away,hist_gradient_boosting,dratings_plus_bullpen,"{""l2_regularization"":5.0,""learning_rate"":0.05,""loss"":""poisson"",""max_iter"":300,""max_leaf_nodes"":31,""min_samples_leaf"":10}",ok,757,2.6483149825601933,2.912363425432711,2.5239630118890357,2.414668606592106,1.0492685392319152,1.2061130945595953,2.8750543000060134,
54b01b3fab07bc5de91c,away,hist_gradient_boosting,dratings_plus_bullpen,"{""l2_regularization"":0.0,""learning_rate"":0.05,""loss"":""poisson"",""max_iter"":300,""max_leaf_nodes"":31,""min_samples_leaf"":30}",ok,757,2.6415120417039577,2.8318002074778414,2.5239630118890357,2.414668606592106,1.04657319828429,1.1727490057008052,2.4239800999930594,
cf4b0347b25f5c9b9a5b,away,hist_gradient_boosting,dratings_plus_bullpen,"{""l2_regularization"":5.0,""learning_rate"":0.05,""loss"":""poisson"",""max_iter"":300,""max_leaf_nodes"":31,""min_samples_leaf"":30}",ok,757,2.6367612685143,2.8309132358351903,2.5239630118890357,2.414668606592106,1.0446909309264567,1.1723816792526833,2.3322571000026073,
f20e4a6c696c71bd887b,away,hist_gradient_boosting,dratings_plus_bullpen,"{""l2_regularization"":0.0,""learning_rate"":0.1,""loss"":""poisson"",""max_iter"":300,""max_leaf_nodes"":15,""min_samples_leaf"":10}",ok,757,2.6531602126007425,2.913796497629731,2.5239630118890357,2.414668606592106,1.051188230613178,1.2067065806359485,1.5076195000146981,
bddd6a053251e7c55614,away,hist_gradient_boosting,dratings_plus_bullpen,"{""l2_regularization"":5.0,""learning_rate"":0.1,""loss"":""poisson"",""max_iter"":300,""max_leaf_nodes"":15,""min_samples_leaf"":10}",ok,757,2.6431967468896436,2.895044114655307,2.5239630118890357,2.414668606592106,1.047240682386771,1.1989405530646167,1.478071399993496,
dcd40a64601bf84b5b8e,away,hist_gradient_boosting,dratings_plus_bullpen,"{""l2_regularization"":0.0,""learning_rate"":0.1,""loss"":""poisson"",""max_iter"":300,""max_leaf_nodes"":15,""min_samples_leaf"":30}",ok,757,2.698267960727431,2.9673569718057884,2.5239630118890357,2.414668606592106,1.0690600250547801,1.2288878745948115,1.4579431999882217,
0102c1147d2ebb711d7c,away,hist_gradient_boosting,dratings_plus_bullpen,"{""l2_regularization"":5.0,""learning_rate"":0.1,""loss"":""poisson"",""max_iter"":300,""max_leaf_nodes"":15,""min_samples_leaf"":30}",ok,757,2.6828528279589063,2.9178965609333183,2.5239630118890357,2.414668606592106,1.0629525136943077,1.2084045624179596,1.4556684000126552,
9a17524bc9f6c0691b5e,away,hist_gradient_boosting,dratings_plus_bullpen,"{""l2_regularization"":0.0,""learning_rate"":0.1,""loss"":""poisson"",""max_iter"":300,""max_leaf_nodes"":31,""min_samples_leaf"":10}",ok,757,2.6943605923905563,3.17269743854364,2.5239630118890357,2.414668606592106,1.0675119166560163,1.313926652246232,2.869734600011725,
adaafcc19dc1e1aee9b3,away,hist_gradient_boosting,dratings_plus_bullpen,"{""l2_regularization"":5.0,""learning_rate"":0.1,""loss"":""poisson"",""max_iter"":300,""max_leaf_nodes"":31,""min_samples_leaf"":10}",ok,757,2.672651043842353,3.094650956084716,2.5239630118890357,2.414668606592106,1.0589105431628465,1.28160483291009,2.800571800005855,
6648bedee03ab59a89fc,away,hist_gradient_boosting,dratings_plus_bullpen,"{""l2_regularization"":0.0,""learning_rate"":0.1,""loss"":""poisson"",""max_iter"":300,""max_leaf_nodes"":31,""min_samples_leaf"":30}",ok,757,2.688407897831437,3.0702487311251216,2.5239630118890357,2.414668606592106,1.0651534452635754,1.2714990051816075,2.494697099988116,
07f166bc9aec889b9533,away,hist_gradient_boosting,dratings_plus_bullpen,"{""l2_regularization"":5.0,""learning_rate"":0.1,""loss"":""poisson"",""max_iter"":300,""max_leaf_nodes"":31,""min_samples_leaf"":30}",ok,757,2.6976863166952687,3.039093799638992,2.5239630118890357,2.414668606592106,1.0688295763400317,1.2585966419334684,2.4674023000115994,
23fbe8abc252cae45ac7,away,hist_gradient_boosting,dratings_plus_bullpen,"{""l2_regularization"":0.0,""learning_rate"":0.025,""loss"":""squared_error"",""max_iter"":300,""max_leaf_nodes"":15,""min_samples_leaf"":10}",ok,757,2.6432257744226053,2.5727596739237475,2.5239630118890357,2.414668606592106,1.047252183162664,1.0654711238221464,1.5355476000113413,
561a13b768bee8fa3cf7,away,hist_gradient_boosting,dratings_plus_bullpen,"{""l2_regularization"":5.0,""learning_rate"":0.025,""loss"":""squared_error"",""max_iter"":300,""max_leaf_nodes"":15,""min_samples_leaf"":10}",ok,757,2.6523432854642808,2.591383620651085,2.5239630118890357,2.414668606592106,1.0508645621867334,1.0731839613835799,1.595750800013775,
ec44be3cc1eaa3a9c969,away,hist_gradient_boosting,dratings_plus_bullpen,"{""l2_regularization"":0.0,""learning_rate"":0.025,""loss"":""squared_error"",""max_iter"":300,""max_leaf_nodes"":15,""min_samples_leaf"":30}",ok,757,2.6703832865070547,2.6120783798464022,2.5239630118890357,2.414668606592106,1.058012052446217,1.0817543959098,1.503030799998669,
266eac71ebb7f00b0ca8,away,hist_gradient_boosting,dratings_plus_bullpen,"{""l2_regularization"":5.0,""learning_rate"":0.025,""loss"":""squared_error"",""max_iter"":300,""max_leaf_nodes"":15,""min_samples_leaf"":30}",ok,757,2.672392578032053,2.614003121617038,2.5239630118890357,2.414668606592106,1.0588081384092578,1.0825514998127461,1.484433400008129,
351f0e806d610eef93d1,away,hist_gradient_boosting,dratings_plus_bullpen,"{""l2_regularization"":0.0,""learning_rate"":0.025,""loss"":""squared_error"",""max_iter"":300,""max_leaf_nodes"":31,""min_samples_leaf"":10}",ok,757,2.704372127344074,2.708731282170948,2.5239630118890357,2.414668606592106,1.071478510027773,1.1217817943116681,2.8281597000022884,
fa9f4e939889eaca330c,away,hist_gradient_boosting,dratings_plus_bullpen,"{""l2_regularization"":5.0,""learning_rate"":0.025,""loss"":""squared_error"",""max_iter"":300,""max_leaf_nodes"":31,""min_samples_leaf"":10}",ok,757,2.685451953936071,2.6920017387894686,2.5239630118890357,2.414668606592106,1.063982293435501,1.1148534964343497,2.9331517000100575,
e5359f857d5a22fe1eb5,away,hist_gradient_boosting,dratings_plus_bullpen,"{""l2_regularization"":0.0,""learning_rate"":0.025,""loss"":""squared_error"",""max_iter"":300,""max_leaf_nodes"":31,""min_samples_leaf"":30}",ok,757,2.692489529703961,2.7180120884199974,2.5239630118890357,2.414668606592106,1.0667705972793924,1.1256253056836685,2.3858953999879304,
ac4794383157aac6096f,away,hist_gradient_boosting,dratings_plus_bullpen,"{""l2_regularization"":5.0,""learning_rate"":0.025,""loss"":""squared_error"",""max_iter"":300,""max_leaf_nodes"":31,""min_samples_leaf"":30}",ok,757,2.687036769396872,2.699364095328815,2.5239630118890357,2.414668606592106,1.0646102009972742,1.1179025096692288,2.378289999993285,
813654a231c0e19c227a,away,hist_gradient_boosting,dratings_plus_bullpen,"{""l2_regularization"":0.0,""learning_rate"":0.05,""loss"":""squared_error"",""max_iter"":300,""max_leaf_nodes"":15,""min_samples_leaf"":10}",ok,757,2.703716576273841,2.6904364586473193,2.5239630118890357,2.414668606592106,1.0712187791731032,1.1142052583540283,1.5584668000228703,
5ecebdd59bd345c95229,away,hist_gradient_boosting,dratings_plus_bullpen,"{""l2_regularization"":5.0,""learning_rate"":0.05,""loss"":""squared_error"",""max_iter"":300,""max_leaf_nodes"":15,""min_samples_leaf"":10}",ok,757,2.7023065146962186,2.715502234789496,2.5239630118890357,2.414668606592106,1.0706601095052115,1.1245858861858338,1.579766999988351,
250816e4e180b4f941aa,away,hist_gradient_boosting,dratings_plus_bullpen,"{""l2_regularization"":0.0,""learning_rate"":0.05,""loss"":""squared_error"",""max_iter"":300,""max_leaf_nodes"":15,""min_samples_leaf"":30}",ok,757,2.7173942710186116,2.7843435269970507,2.5239630118890357,2.414668606592106,1.0766379135583306,1.153095509419273,1.5042345999972895,
38a938fab5ffda40d15e,away,hist_gradient_boosting,dratings_plus_bullpen,"{""l2_regularization"":5.0,""learning_rate"":0.05,""loss"":""squared_error"",""max_iter"":300,""max_leaf_nodes"":15,""min_samples_leaf"":30}",ok,757,2.720162976701733,2.774025943853845,2.5239630118890357,2.414668606592106,1.0777348811723881,1.1488226319258403,1.4949333000113256,
379afaba78e2e8c836f6,away,hist_gradient_boosting,dratings_plus_bullpen,"{""l2_regularization"":0.0,""learning_rate"":0.05,""loss"":""squared_error"",""max_iter"":300,""max_leaf_nodes"":31,""min_samples_leaf"":10}",ok,757,2.721000185292775,2.7468101892939485,2.5239630118890357,2.414668606592106,1.078066585158183,1.1375516216987653,2.82203560002381,
b70d6debc20148bd2caf,away,hist_gradient_boosting,dratings_plus_bullpen,"{""l2_regularization"":5.0,""learning_rate"":0.05,""loss"":""squared_error"",""max_iter"":300,""max_leaf_nodes"":31,""min_samples_leaf"":10}",ok,757,2.746418891226398,2.804717357739017,2.5239630118890357,2.414668606592106,1.0881375354113716,1.161533036078768,3.0963192000053823,
2593bad653e178892aad,away,hist_gradient_boosting,dratings_plus_bullpen,"{""l2_regularization"":0.0,""learning_rate"":0.05,""loss"":""squared_error"",""max_iter"":300,""max_leaf_nodes"":31,""min_samples_leaf"":30}",ok,757,2.7405949703988166,2.801279000915474,2.5239630118890357,2.414668606592106,1.085830084470075,1.160109090443265,2.3845228999853134,
a86cb1c7fe9d140e85d9,away,hist_gradient_boosting,dratings_plus_bullpen,"{""l2_regularization"":5.0,""learning_rate"":0.05,""loss"":""squared_error"",""max_iter"":300,""max_leaf_nodes"":31,""min_samples_leaf"":30}",ok,757,2.7369492367225656,2.8343292828768254,2.5239630118890357,2.414668606592106,1.084385636330749,1.1737963856154152,2.3236988999997266,
8fa44b0a2846b96958b2,away,hist_gradient_boosting,dratings_plus_bullpen,"{""l2_regularization"":0.0,""learning_rate"":0.1,""loss"":""squared_error"",""max_iter"":300,""max_leaf_nodes"":15,""min_samples_leaf"":10}",ok,757,2.780277684433129,2.8779553301451912,2.5239630118890357,2.414668606592106,1.1015524678201434,1.19186348068149,1.4739385999855585,
ab553d5bc4860c2e7fc9,away,hist_gradient_boosting,dratings_plus_bullpen,"{""l2_regularization"":5.0,""learning_rate"":0.1,""loss"":""squared_error"",""max_iter"":300,""max_leaf_nodes"":15,""min_samples_leaf"":10}",ok,757,2.7554919791398533,2.827069646046437,2.5239630118890357,2.414668606592106,1.0917323138889947,1.17078991225896,1.556539299985161,
da999adb5bfe4ed530c3,away,hist_gradient_boosting,dratings_plus_bullpen,"{""l2_regularization"":0.0,""learning_rate"":0.1,""loss"":""squared_error"",""max_iter"":300,""max_leaf_nodes"":15,""min_samples_leaf"":30}",ok,757,2.786403180492232,2.9419879853483164,2.5239630118890357,2.414668606592106,1.1039794035677153,1.2183816766063116,1.4694859000155702,
e90438c8052a7ecfd2c8,away,hist_gradient_boosting,dratings_plus_bullpen,"{""l2_regularization"":5.0,""learning_rate"":0.1,""loss"":""squared_error"",""max_iter"":300,""max_leaf_nodes"":15,""min_samples_leaf"":30}",ok,757,2.777895259498506,2.9542745973471836,2.5239630118890357,2.414668606592106,1.1006085455346737,1.2234699988569608,1.4642101000063121,
77260b8f2f50b0a8a419,away,hist_gradient_boosting,dratings_plus_bullpen,"{""l2_regularization"":0.0,""learning_rate"":0.1,""loss"":""squared_error"",""max_iter"":300,""max_leaf_nodes"":31,""min_samples_leaf"":10}",ok,757,2.741760891406713,2.79789920091974,2.5239630118890357,2.414668606592106,1.0862920250779224,1.1587093952691498,2.7970837999891955,
38ff142e159ecd0780e3,away,hist_gradient_boosting,dratings_plus_bullpen,"{""l2_regularization"":5.0,""learning_rate"":0.1,""loss"":""squared_error"",""max_iter"":300,""max_leaf_nodes"":31,""min_samples_leaf"":10}",ok,757,2.765931179370367,2.897828218621448,2.5239630118890357,2.414668606592106,1.0958683492355272,1.2000935493633802,2.9345314000092912,
3625a27ac4d22fe5b9f4,away,hist_gradient_boosting,dratings_plus_bullpen,"{""l2_regularization"":0.0,""learning_rate"":0.1,""loss"":""squared_error"",""max_iter"":300,""max_leaf_nodes"":31,""min_samples_leaf"":30}",ok,757,2.7607240465062364,2.864792209089652,2.5239630118890357,2.414668606592106,1.0938052711160768,1.1864121649110346,2.4785628999816254,
12b074c5feaa566dc4db,away,hist_gradient_boosting,dratings_plus_bullpen,"{""l2_regularization"":5.0,""learning_rate"":0.1,""loss"":""squared_error"",""max_iter"":300,""max_leaf_nodes"":31,""min_samples_leaf"":30}",ok,757,2.753188057744336,2.94288820946052,2.5239630118890357,2.414668606592106,1.090819494887819,1.2187544913725887,2.4180774000124075,
6941fd8186f18ac7736b,away,random_forest,dratings_plus_bullpen,"{""criterion"":""poisson"",""max_depth"":null,""max_features"":0.6,""max_samples"":null,""min_samples_leaf"":2,""n_estimators"":400}",ok,757,2.585334711845138,2.469215986122998,2.5239630118890357,2.414668606592106,1.0243156098829551,1.0225900065052307,4.163846700015711,
b6821dce931e9218c6c3,away,random_forest,dratings_plus_bullpen,"{""criterion"":""poisson"",""max_depth"":null,""max_features"":1.0,""max_samples"":null,""min_samples_leaf"":2,""n_estimators"":400}",ok,757,2.5932994295576974,2.4801115826076825,2.5239630118890357,2.414668606592106,1.0274712495159617,1.0271022598450634,6.279159500001697,
680962d5df9db5edddab,away,random_forest,dratings_plus_bullpen,"{""criterion"":""poisson"",""max_depth"":null,""max_features"":0.6,""max_samples"":null,""min_samples_leaf"":8,""n_estimators"":400}",ok,757,2.5800806685322377,2.4588011064770394,2.5239630118890357,2.414668606592106,1.0222339457348868,1.0182768350756084,3.0955770000000484,
1e71152e5d29f6d0e12d,away,random_forest,dratings_plus_bullpen,"{""criterion"":""poisson"",""max_depth"":null,""max_features"":1.0,""max_samples"":null,""min_samples_leaf"":8,""n_estimators"":400}",ok,757,2.5921498259716045,2.47771901078452,2.5239630118890357,2.414668606592106,1.0270157739084833,1.0261114109076022,4.529684200009797,
3b8945a03990940d0448,away,random_forest,dratings_plus_bullpen,"{""criterion"":""poisson"",""max_depth"":14,""max_features"":0.6,""max_samples"":null,""min_samples_leaf"":2,""n_estimators"":400}",ok,757,2.585534475290997,2.466613351213288,2.5239630118890357,2.414668606592106,1.024394756623584,1.0215121629855837,3.8454860000056215,
4dda6c4ed77e956526e4,away,random_forest,dratings_plus_bullpen,"{""criterion"":""poisson"",""max_depth"":14,""max_features"":1.0,""max_samples"":null,""min_samples_leaf"":2,""n_estimators"":400}",ok,757,2.593646772084783,2.475037081409877,2.5239630118890357,2.414668606592106,1.027608867430903,1.0250007287347687,5.721511399984593,
267a71d6a1fe63cd0615,away,random_forest,dratings_plus_bullpen,"{""criterion"":""poisson"",""max_depth"":14,""max_features"":0.6,""max_samples"":null,""min_samples_leaf"":8,""n_estimators"":400}",ok,757,2.581912064328236,2.459885367941652,2.5239630118890357,2.414668606592106,1.022959548997443,1.0187258662435512,3.0618009999743663,
0104c4bc8fad76befae6,away,random_forest,dratings_plus_bullpen,"{""criterion"":""poisson"",""max_depth"":14,""max_features"":1.0,""max_samples"":null,""min_samples_leaf"":8,""n_estimators"":400}",ok,757,2.592308658189466,2.47730843661657,2.5239630118890357,2.414668606592106,1.027078703601634,1.0259413775676942,4.447444599994924,
ce6dfb0989a18ca7e320,away,random_forest,dratings_plus_bullpen,"{""criterion"":""squared_error"",""max_depth"":null,""max_features"":0.6,""max_samples"":null,""min_samples_leaf"":2,""n_estimators"":400}",ok,757,2.6073298182626123,2.480045447026771,2.5239630118890357,2.414668606592106,1.033030122066322,1.027074870752941,3.2036223000031896,
88d21ae47f49e1a1cc94,away,random_forest,dratings_plus_bullpen,"{""criterion"":""squared_error"",""max_depth"":null,""max_features"":1.0,""max_samples"":null,""min_samples_leaf"":2,""n_estimators"":400}",ok,757,2.6145525078271943,2.4864897045167242,2.5239630118890357,2.414668606592106,1.0358917684258604,1.0297436665754236,4.625225299998419,
eaa28ad0f368661e627e,away,random_forest,dratings_plus_bullpen,"{""criterion"":""squared_error"",""max_depth"":null,""max_features"":0.6,""max_samples"":null,""min_samples_leaf"":8,""n_estimators"":400}",ok,757,2.586015828373903,2.4665504132499287,2.5239630118890357,2.414668606592106,1.0245854698315982,1.0214860981404172,2.554075699998066,
84e4e0f08a8bb0233f1d,away,random_forest,dratings_plus_bullpen,"{""criterion"":""squared_error"",""max_depth"":null,""max_features"":1.0,""max_samples"":null,""min_samples_leaf"":8,""n_estimators"":400}",ok,757,2.592816223860795,2.479057151688465,2.5239630118890357,2.414668606592106,1.0272798022979848,1.0266655825650677,3.6365533999924082,
036e1ea19006e5bdb6ed,away,random_forest,dratings_plus_bullpen,"{""criterion"":""squared_error"",""max_depth"":14,""max_features"":0.6,""max_samples"":null,""min_samples_leaf"":2,""n_estimators"":400}",ok,757,2.6028255826008144,2.4691271221895463,2.5239630118890357,2.414668606592106,1.0312455334489052,1.0225532047953774,3.004627899994375,
8bd72068b9d5c3ab04b9,away,random_forest,dratings_plus_bullpen,"{""criterion"":""squared_error"",""max_depth"":14,""max_features"":1.0,""max_samples"":null,""min_samples_leaf"":2,""n_estimators"":400}",ok,757,2.606378966297707,2.4807831247850056,2.5239630118890357,2.414668606592106,1.0326533923121908,1.0273803693030195,4.296676999976626,
f37cbbefd87553e7fdf5,away,random_forest,dratings_plus_bullpen,"{""criterion"":""squared_error"",""max_depth"":14,""max_features"":0.6,""max_samples"":null,""min_samples_leaf"":8,""n_estimators"":400}",ok,757,2.5846329466403963,2.466473036842905,2.5239630118890357,2.414668606592106,1.0240375688809928,1.021454053823109,2.478924699971685,
0aa5dd8c884c50225923,away,random_forest,dratings_plus_bullpen,"{""criterion"":""squared_error"",""max_depth"":14,""max_features"":1.0,""max_samples"":null,""min_samples_leaf"":8,""n_estimators"":400}",ok,757,2.592941215591473,2.479595542920866,2.5239630118890357,2.414668606592106,1.0273293243116155,1.0268885494893616,3.549753100000089,
9eb20b2d7d1e0a7667fc,away,extra_trees,dratings_plus_bullpen,"{""criterion"":""poisson"",""max_depth"":null,""max_features"":0.6,""max_samples"":null,""min_samples_leaf"":2,""n_estimators"":400}",ok,757,2.578053230455146,2.4522657610951937,2.5239630118890357,2.414668606592106,1.0214306700658131,1.0155703165231231,1.5821122999768704,
c77585932e2b1e8a9abd,away,extra_trees,dratings_plus_bullpen,"{""criterion"":""poisson"",""max_depth"":null,""max_features"":1.0,""max_samples"":null,""min_samples_leaf"":2,""n_estimators"":400}",ok,757,2.585655022698203,2.4683284884258883,2.5239630118890357,2.414668606592106,1.0244425177859457,1.0222224621992804,2.096999000001233,
31a3e6b24838f0fe7b81,away,extra_trees,dratings_plus_bullpen,"{""criterion"":""poisson"",""max_depth"":null,""max_features"":0.6,""max_samples"":null,""min_samples_leaf"":8,""n_estimators"":400}",ok,757,2.5645162820135146,2.423724412365781,2.5239630118890357,2.414668606592106,1.0160672996923703,1.0037503306867668,1.303513799997745,
b8cd9cc58bb5115de554,away,extra_trees,dratings_plus_bullpen,"{""criterion"":""poisson"",""max_depth"":null,""max_features"":1.0,""max_samples"":null,""min_samples_leaf"":8,""n_estimators"":400}",ok,757,2.5725154085632345,2.4399016937874074,2.5239630118890357,2.414668606592106,1.019236572186476,1.0104499172790893,1.4328497999813408,
c390c2aa5d4913cba355,away,extra_trees,dratings_plus_bullpen,"{""criterion"":""poisson"",""max_depth"":14,""max_features"":0.6,""max_samples"":null,""min_samples_leaf"":2,""n_estimators"":400}",ok,757,2.565893408462353,2.438213109556176,2.5239630118890357,2.414668606592106,1.0166129203858398,1.0097506145977102,1.4102472999948077,
6d11de3695d8e3720485,away,extra_trees,dratings_plus_bullpen,"{""criterion"":""poisson"",""max_depth"":14,""max_features"":1.0,""max_samples"":null,""min_samples_leaf"":2,""n_estimators"":400}",ok,757,2.5785803073126328,2.4567705787545795,2.5239630118890357,2.414668606592106,1.021639499139379,1.0174359214542046,1.7504733999958262,
b233e2852b0dea63aa34,away,extra_trees,dratings_plus_bullpen,"{""criterion"":""poisson"",""max_depth"":14,""max_features"":0.6,""max_samples"":null,""min_samples_leaf"":8,""n_estimators"":400}",ok,757,2.561438007893371,2.419786749048518,2.5239630118890357,2.414668606592106,1.014847680345477,1.002119604504916,1.2669568000128493,
e5be89acc85258b7426e,away,extra_trees,dratings_plus_bullpen,"{""criterion"":""poisson"",""max_depth"":14,""max_features"":1.0,""max_samples"":null,""min_samples_leaf"":8,""n_estimators"":400}",ok,757,2.5708420083217782,2.4370423950781595,2.5239630118890357,2.414668606592106,1.0185735671291223,1.0092657801675031,1.380809299997054,
d86824e546cae1daa5a2,away,extra_trees,dratings_plus_bullpen,"{""criterion"":""squared_error"",""max_depth"":null,""max_features"":0.6,""max_samples"":null,""min_samples_leaf"":2,""n_estimators"":400}",ok,757,2.585350404164308,2.4527691813585624,2.5239630118890357,2.414668606592106,1.024321827216211,1.015778800727537,1.527751999994507,
81f6b797f38f58541055,away,extra_trees,dratings_plus_bullpen,"{""criterion"":""squared_error"",""max_depth"":null,""max_features"":1.0,""max_samples"":null,""min_samples_leaf"":2,""n_estimators"":400}",ok,757,2.5932915015411715,2.4712461652327335,2.5239630118890357,2.414668606592106,1.027468108417424,1.0234307757537284,1.9449416999996174,
d4f044d6442b579838ee,away,extra_trees,dratings_plus_bullpen,"{""criterion"":""squared_error"",""max_depth"":null,""max_features"":0.6,""max_samples"":null,""min_samples_leaf"":8,""n_estimators"":400}",ok,757,2.564769397388502,2.423390283927424,2.5239630118890357,2.414668606592106,1.0161675845910774,1.0036119562376002,1.2451710999885108,
58deb7005167c2366c84,away,extra_trees,dratings_plus_bullpen,"{""criterion"":""squared_error"",""max_depth"":null,""max_features"":1.0,""max_samples"":null,""min_samples_leaf"":8,""n_estimators"":400}",ok,757,2.57159145417794,2.436242375811152,2.5239630118890357,2.414668606592106,1.0188704993157793,1.0089344637852784,1.3694451000192203,
0d3d8d1bbdcaaa702542,away,extra_trees,dratings_plus_bullpen,"{""criterion"":""squared_error"",""max_depth"":14,""max_features"":0.6,""max_samples"":null,""min_samples_leaf"":2,""n_estimators"":400}",ok,757,2.576156679847278,2.4459582476556214,2.5239630118890357,2.414668606592106,1.0206792523156585,1.012958151266842,1.346317799994722,
dcb49ee0f17b2deece8a,away,extra_trees,dratings_plus_bullpen,"{""criterion"":""squared_error"",""max_depth"":14,""max_features"":1.0,""max_samples"":null,""min_samples_leaf"":2,""n_estimators"":400}",ok,757,2.5798384907134397,2.4496229358931925,2.5239630118890357,2.414668606592106,1.0221379943213131,1.0144758287765285,1.6526073999993969,
fbb712f486103564d9d0,away,extra_trees,dratings_plus_bullpen,"{""criterion"":""squared_error"",""max_depth"":14,""max_features"":0.6,""max_samples"":null,""min_samples_leaf"":8,""n_estimators"":400}",ok,757,2.558834116174638,2.4144857438871683,2.5239630118890357,2.414668606592106,1.0138160124064193,0.9999242700615568,1.237027199997101,
69c657db0b610f9f2862,away,extra_trees,dratings_plus_bullpen,"{""criterion"":""squared_error"",""max_depth"":14,""max_features"":1.0,""max_samples"":null,""min_samples_leaf"":8,""n_estimators"":400}",ok,757,2.5740741799896494,2.4363297105743613,2.5239630118890357,2.414668606592106,1.0198541610414127,1.008970632211443,1.3519756000023335,
908309d1dff2060fe61c,away,poisson_glm,dratings_plus_bullpen,"{""alpha"":0.0,""solver"":""lbfgs""}",ok,757,2.5725150304033835,2.397559888501214,2.5239630118890357,2.414668606592106,1.0192364223586659,0.9929146724133553,0.23127620000741445,
5fb72bfbfc67ad35216a,away,poisson_glm,dratings_plus_bullpen,"{""alpha"":0.01,""solver"":""lbfgs""}",ok,757,2.5725755574065468,2.3976642662682996,2.5239630118890357,2.414668606592106,1.0192604032977202,0.9929578989525171,0.13211910001700744,
b5bf71b718688a21fc63,away,poisson_glm,dratings_plus_bullpen,"{""alpha"":0.1,""solver"":""lbfgs""}",ok,757,2.5732353823813696,2.397734116184708,2.5239630118890357,2.414668606592106,1.0195218274833022,0.992986826282842,0.0845858000102453,
86cec54700a0a0856bd5,away,poisson_glm,dratings_plus_bullpen,"{""alpha"":1.0,""solver"":""lbfgs""}",ok,757,2.5738335194156146,2.3968363462980666,2.5239630118890357,2.414668606592106,1.0197588107637336,0.9926150278985046,0.0649070999934338,
573cdd8b070addce0c46,away,poisson_glm,dratings_plus_bullpen,"{""alpha"":10.0,""solver"":""lbfgs""}",ok,757,2.573349132978361,2.411168622009623,2.5239630118890357,2.414668606592106,1.019566895733691,0.9985505321214977,0.04999830000451766,
6aa6bbf78d83f38c55e2,away,tweedie_glm,dratings_plus_bullpen,"{""alpha"":0.01,""power"":1.2,""solver"":""lbfgs""}",ok,757,2.572708649742597,2.398704435445242,2.5239630118890357,2.414668606592106,1.0193131347899897,0.9933886699386899,0.1126016000052914,
313ed6a5aeb0b2d26ec1,away,tweedie_glm,dratings_plus_bullpen,"{""alpha"":0.1,""power"":1.2,""solver"":""lbfgs""}",ok,757,2.573082291680804,2.3983941879667365,2.5239630118890357,2.414668606592106,1.0194611725926226,0.9932601854428637,0.08169730001827702,
1b68ae68df193fa4dee2,away,tweedie_glm,dratings_plus_bullpen,"{""alpha"":1.0,""power"":1.2,""solver"":""lbfgs""}",ok,757,2.5731607511765353,2.397328400288672,2.5239630118890357,2.414668606592106,1.0194922584268293,0.9928188049258209,0.05836219998309389,
4b24d4e632b6785a98d3,away,tweedie_glm,dratings_plus_bullpen,"{""alpha"":0.01,""power"":1.5,""solver"":""lbfgs""}",ok,757,2.573199704885879,2.4006018716447435,2.5239630118890357,2.414668606592106,1.0195076919768298,0.9941744656351765,0.11067279998678714,
7f5339eaecc3b0fe040e,away,tweedie_glm,dratings_plus_bullpen,"{""alpha"":0.1,""power"":1.5,""solver"":""lbfgs""}",ok,757,2.573013147211519,2.399406260577923,2.5239630118890357,2.414668606592106,1.0194337773935016,0.9936793206436211,0.07922770001459867,
7e0921a50afbec08b0c0,away,tweedie_glm,dratings_plus_bullpen,"{""alpha"":1.0,""power"":1.5,""solver"":""lbfgs""}",ok,757,2.5721991446323482,2.398395994265065,2.5239630118890357,2.414668606592106,1.01911126768344,0.9932609334951319,0.0540325999900233,
ef6f6404f9668f17ca1e,away,tweedie_glm,dratings_plus_bullpen,"{""alpha"":0.01,""power"":1.8,""solver"":""lbfgs""}",ok,757,2.573983595827404,2.4028259738665074,2.5239630118890357,2.414668606592106,1.019818271386208,0.9950955453293806,0.10118229998624884,
c95b68ea4c716b9fce8b,away,tweedie_glm,dratings_plus_bullpen,"{""alpha"":0.1,""power"":1.8,""solver"":""lbfgs""}",ok,757,2.5729090844173514,2.400288262174095,2.5239630118890357,2.414668606592106,1.019392547473064,0.9940445888190402,0.07458519999636337,
59648f68413e780ad8cb,away,tweedie_glm,dratings_plus_bullpen,"{""alpha"":1.0,""power"":1.8,""solver"":""lbfgs""}",ok,757,2.5707520478237713,2.4003410302664308,2.5239630118890357,2.414668606592106,1.0185379245711357,0.9940664419595464,0.05271859999629669,
9657e6baa92a040e4103,away,lightgbm,dratings_plus_bullpen,"{""colsample_bytree"":0.9,""learning_rate"":0.025,""min_child_samples"":10,""n_estimators"":500,""num_leaves"":15,""objective"":""poisson"",""reg_lambda"":1.0,""subsample"":0.9,""tweedie_variance_power"":null}",ok,757,2.636693024317409,2.5870438787745536,2.5239630118890357,2.414668606592106,1.0446638924173464,1.0713867201950025,0.8193915000010747,
0364b24e6a2a7dd78e9a,away,lightgbm,dratings_plus_bullpen,"{""colsample_bytree"":0.9,""learning_rate"":0.025,""min_child_samples"":30,""n_estimators"":500,""num_leaves"":15,""objective"":""poisson"",""reg_lambda"":1.0,""subsample"":0.9,""tweedie_variance_power"":null}",ok,757,2.631906173716696,2.5770639901208483,2.5239630118890357,2.414668606592106,1.042767331105566,1.0672536939791235,0.7954513000149745,
4eeb89d4f7bf31928a44,away,lightgbm,dratings_plus_bullpen,"{""colsample_bytree"":0.9,""learning_rate"":0.025,""min_child_samples"":10,""n_estimators"":500,""num_leaves"":31,""objective"":""poisson"",""reg_lambda"":1.0,""subsample"":0.9,""tweedie_variance_power"":null}",ok,757,2.6303880754926143,2.6930302607755023,2.5239630118890357,2.414668606592106,1.0421658570677412,1.1152794439052471,1.6099938999977894,
c1a0ee15702409dac865,away,lightgbm,dratings_plus_bullpen,"{""colsample_bytree"":0.9,""learning_rate"":0.025,""min_child_samples"":30,""n_estimators"":500,""num_leaves"":31,""objective"":""poisson"",""reg_lambda"":1.0,""subsample"":0.9,""tweedie_variance_power"":null}",ok,757,2.628002747100425,2.6429423090955195,2.5239630118890357,2.414668606592106,1.041220784425649,1.0945362447998952,1.3333489999931771,
f93484c9d8b65569fb5c,away,lightgbm,dratings_plus_bullpen,"{""colsample_bytree"":0.9,""learning_rate"":0.05,""min_child_samples"":10,""n_estimators"":500,""num_leaves"":15,""objective"":""poisson"",""reg_lambda"":1.0,""subsample"":0.9,""tweedie_variance_power"":null}",ok,757,2.671556622906333,2.715213835859804,2.5239630118890357,2.414668606592106,1.0584769310493312,1.1244664499497785,0.7959323999821208,
415d2e76b2572f4386ba,away,lightgbm,dratings_plus_bullpen,"{""colsample_bytree"":0.9,""learning_rate"":0.05,""min_child_samples"":30,""n_estimators"":500,""num_leaves"":15,""objective"":""poisson"",""reg_lambda"":1.0,""subsample"":0.9,""tweedie_variance_power"":null}",ok,757,2.650569126294697,2.7201434725238287,2.5239630118890357,2.414668606592106,1.050161636208331,1.1265079875133874,0.7923154000018258,
58f3b66918479ac76fb8,away,lightgbm,dratings_plus_bullpen,"{""colsample_bytree"":0.9,""learning_rate"":0.05,""min_child_samples"":10,""n_estimators"":500,""num_leaves"":31,""objective"":""poisson"",""reg_lambda"":1.0,""subsample"":0.9,""tweedie_variance_power"":null}",ok,757,2.6419053371673966,2.8803645405929403,2.5239630118890357,2.414668606592106,1.046729022859209,1.1928612202641276,1.568732199986698,
770a4c94c1640567dcc4,away,lightgbm,dratings_plus_bullpen,"{""colsample_bytree"":0.9,""learning_rate"":0.05,""min_child_samples"":30,""n_estimators"":500,""num_leaves"":31,""objective"":""poisson"",""reg_lambda"":1.0,""subsample"":0.9,""tweedie_variance_power"":null}",ok,757,2.645278093668026,2.7977089437450258,2.5239630118890357,2.414668606592106,1.0480653168083447,1.1586306030182403,1.3627521000162233,
f1563f2fbd535fcedf3b,away,lightgbm,dratings_plus_bullpen,"{""colsample_bytree"":0.9,""learning_rate"":0.1,""min_child_samples"":10,""n_estimators"":500,""num_leaves"":15,""objective"":""poisson"",""reg_lambda"":1.0,""subsample"":0.9,""tweedie_variance_power"":null}",ok,757,2.6846650932770904,2.8832900497221807,2.5239630118890357,2.414668606592106,1.0636705374171782,1.1940727774613569,0.8857194000156596,
8edbfa4eb6f4e488e070,away,lightgbm,dratings_plus_bullpen,"{""colsample_bytree"":0.9,""learning_rate"":0.1,""min_child_samples"":30,""n_estimators"":500,""num_leaves"":15,""objective"":""poisson"",""reg_lambda"":1.0,""subsample"":0.9,""tweedie_variance_power"":null}",ok,757,2.664744604801064,2.84769549241148,2.5239630118890357,2.414668606592106,1.055777993674583,1.1793318075354935,0.8230344000039622,
49f4268d3e1ee5080b1e,away,lightgbm,dratings_plus_bullpen,"{""colsample_bytree"":0.9,""learning_rate"":0.1,""min_child_samples"":10,""n_estimators"":500,""num_leaves"":31,""objective"":""poisson"",""reg_lambda"":1.0,""subsample"":0.9,""tweedie_variance_power"":null}",ok,757,2.6904070664265545,3.084712487839936,2.5239630118890357,2.414668606592106,1.0659455204983155,1.2774889603561306,1.547889200010104,
73f591e3dfb97c6b6517,away,lightgbm,dratings_plus_bullpen,"{""colsample_bytree"":0.9,""learning_rate"":0.1,""min_child_samples"":30,""n_estimators"":500,""num_leaves"":31,""objective"":""poisson"",""reg_lambda"":1.0,""subsample"":0.9,""tweedie_variance_power"":null}",ok,757,2.6591666124900675,2.9541914138766043,2.5239630118890357,2.414668606592106,1.0535679801820232,1.2234355496284615,1.3600191000150517,
1e501ed5375090625ea4,away,lightgbm,dratings_plus_bullpen,"{""colsample_bytree"":0.9,""learning_rate"":0.025,""min_child_samples"":10,""n_estimators"":500,""num_leaves"":15,""objective"":""tweedie"",""reg_lambda"":1.0,""subsample"":0.9,""tweedie_variance_power"":1.5}",ok,757,2.6568589690607585,2.8166497546324205,2.5239630118890357,2.414668606592106,1.0526536865024254,1.166474665278248,0.8380948999838438,
0050e6876a835b44228d,away,lightgbm,dratings_plus_bullpen,"{""colsample_bytree"":0.9,""learning_rate"":0.025,""min_child_samples"":30,""n_estimators"":500,""num_leaves"":15,""objective"":""tweedie"",""reg_lambda"":1.0,""subsample"":0.9,""tweedie_variance_power"":1.5}",ok,757,2.6387688565918643,2.7722081611391776,2.5239630118890357,2.414668606592106,1.0454863419796725,1.148069823565428,0.8890639999881387,
c4b58815183eb42ad3c4,away,lightgbm,dratings_plus_bullpen,"{""colsample_bytree"":0.9,""learning_rate"":0.025,""min_child_samples"":10,""n_estimators"":500,""num_leaves"":31,""objective"":""tweedie"",""reg_lambda"":1.0,""subsample"":0.9,""tweedie_variance_power"":1.5}",ok,757,2.661891226838677,3.031216740650725,2.5239630118890357,2.414668606592106,1.0546474787070712,1.2553344721405773,1.6411177999980282,
2edd6bd4687802b1bf5a,away,lightgbm,dratings_plus_bullpen,"{""colsample_bytree"":0.9,""learning_rate"":0.025,""min_child_samples"":30,""n_estimators"":500,""num_leaves"":31,""objective"":""tweedie"",""reg_lambda"":1.0,""subsample"":0.9,""tweedie_variance_power"":1.5}",ok,757,2.656032409351867,2.919353430880052,2.5239630118890357,2.414668606592106,1.0523262016284403,1.2090079039873811,1.397804999985965,
5d37ec6435ab3e93b5e1,away,lightgbm,dratings_plus_bullpen,"{""colsample_bytree"":0.9,""learning_rate"":0.05,""min_child_samples"":10,""n_estimators"":500,""num_leaves"":15,""objective"":""tweedie"",""reg_lambda"":1.0,""subsample"":0.9,""tweedie_variance_power"":1.5}",ok,757,2.7073083772196567,3.087831567220746,2.5239630118890357,2.414668606592106,1.0726418590395261,1.2787806818670222,0.7578405999811366,
1ef8a8e8924017edac67,away,lightgbm,dratings_plus_bullpen,"{""colsample_bytree"":0.9,""learning_rate"":0.05,""min_child_samples"":30,""n_estimators"":500,""num_leaves"":15,""objective"":""tweedie"",""reg_lambda"":1.0,""subsample"":0.9,""tweedie_variance_power"":1.5}",ok,757,2.6840325333413464,3.0244195986036932,2.5239630118890357,2.414668606592106,1.0634199157033242,1.2525195342942512,0.7607322000258137,
578c8ab0f372310faabe,away,lightgbm,dratings_plus_bullpen,"{""colsample_bytree"":0.9,""learning_rate"":0.05,""min_child_samples"":10,""n_estimators"":500,""num_leaves"":31,""objective"":""tweedie"",""reg_lambda"":1.0,""subsample"":0.9,""tweedie_variance_power"":1.5}",ok,757,2.7231645166450176,3.330866305995104,2.5239630118890357,2.414668606592106,1.0789240982604145,1.3794299958601999,1.5923946999828331,
374831eea89a19e8b873,away,lightgbm,dratings_plus_bullpen,"{""colsample_bytree"":0.9,""learning_rate"":0.05,""min_child_samples"":30,""n_estimators"":500,""num_leaves"":31,""objective"":""tweedie"",""reg_lambda"":1.0,""subsample"":0.9,""tweedie_variance_power"":1.5}",ok,757,2.707233931368167,3.2036618914709925,2.5239630118890357,2.414668606592106,1.0726123634204783,1.3267501315604613,1.3529120000021067,
f879e57dc1765aaaac55,away,lightgbm,dratings_plus_bullpen,"{""colsample_bytree"":0.9,""learning_rate"":0.1,""min_child_samples"":10,""n_estimators"":500,""num_leaves"":15,""objective"":""tweedie"",""reg_lambda"":1.0,""subsample"":0.9,""tweedie_variance_power"":1.5}",ok,757,2.7581075767395817,3.4361380395382985,2.5239630118890357,2.414668606592106,1.0927686197252562,1.4230267582713234,0.7621694999979809,
293fde72d1e526652b6b,away,lightgbm,dratings_plus_bullpen,"{""colsample_bytree"":0.9,""learning_rate"":0.1,""min_child_samples"":30,""n_estimators"":500,""num_leaves"":15,""objective"":""tweedie"",""reg_lambda"":1.0,""subsample"":0.9,""tweedie_variance_power"":1.5}",ok,757,2.7966012481874754,3.4363322405763324,2.5239630118890357,2.414668606592106,1.1080199016444328,1.423107183816056,0.7993934999976773,
b59bb3d9ba84d5eefeed,away,lightgbm,dratings_plus_bullpen,"{""colsample_bytree"":0.9,""learning_rate"":0.1,""min_child_samples"":10,""n_estimators"":500,""num_leaves"":31,""objective"":""tweedie"",""reg_lambda"":1.0,""subsample"":0.9,""tweedie_variance_power"":1.5}",ok,757,2.7876513549406297,3.732237415567341,2.5239630118890357,2.414668606592106,1.1044739331794877,1.5456520225501085,1.6528596999996807,
34018c5619972dbebd39,away,lightgbm,dratings_plus_bullpen,"{""colsample_bytree"":0.9,""learning_rate"":0.1,""min_child_samples"":30,""n_estimators"":500,""num_leaves"":31,""objective"":""tweedie"",""reg_lambda"":1.0,""subsample"":0.9,""tweedie_variance_power"":1.5}",ok,757,2.7915544413581967,3.5441119003752846,2.5239630118890357,2.414668606592106,1.1060203450718895,1.4677425675307036,1.3647068999998737,
bea899329f19c21416cf,away,lightgbm,dratings_plus_bullpen,"{""colsample_bytree"":0.9,""learning_rate"":0.025,""min_child_samples"":10,""n_estimators"":500,""num_leaves"":15,""objective"":""regression"",""reg_lambda"":1.0,""subsample"":0.9,""tweedie_variance_power"":null}",ok,757,2.6899529396513815,2.6795377019829334,2.5239630118890357,2.414668606592106,1.0657655944165807,1.1096916962715828,0.81947659997968,
0440eb2b8f7827045a06,away,lightgbm,dratings_plus_bullpen,"{""colsample_bytree"":0.9,""learning_rate"":0.025,""min_child_samples"":30,""n_estimators"":500,""num_leaves"":15,""objective"":""regression"",""reg_lambda"":1.0,""subsample"":0.9,""tweedie_variance_power"":null}",ok,757,2.7369799482466513,2.7612819896407275,2.5239630118890357,2.414668606592106,1.0843978043078313,1.1435449080268647,0.793523100001039,
ffd7f2a2ca509555ac6a,away,lightgbm,dratings_plus_bullpen,"{""colsample_bytree"":0.9,""learning_rate"":0.025,""min_child_samples"":10,""n_estimators"":500,""num_leaves"":31,""objective"":""regression"",""reg_lambda"":1.0,""subsample"":0.9,""tweedie_variance_power"":null}",ok,757,2.7076633520439164,2.7595837114172683,2.5239630118890357,2.414668606592106,1.072782500888312,1.1428415907191303,1.7085689000086859,
1fc2c812a0662646c315,away,lightgbm,dratings_plus_bullpen,"{""colsample_bytree"":0.9,""learning_rate"":0.025,""min_child_samples"":30,""n_estimators"":500,""num_leaves"":31,""objective"":""regression"",""reg_lambda"":1.0,""subsample"":0.9,""tweedie_variance_power"":null}",ok,757,2.7482648213076635,2.8242711288003663,2.5239630118890357,2.414668606592106,1.0888688971914653,1.1696309469092507,1.4176807000185363,
ec4cf579122963966783,away,lightgbm,dratings_plus_bullpen,"{""colsample_bytree"":0.9,""learning_rate"":0.05,""min_child_samples"":10,""n_estimators"":500,""num_leaves"":15,""objective"":""regression"",""reg_lambda"":1.0,""subsample"":0.9,""tweedie_variance_power"":null}",ok,757,2.7722355862664534,2.849301768348603,2.5239630118890357,2.414668606592106,1.098366169871721,1.1799970234300217,0.852421499992488,
bcbbbadc9ad3a8261bc0,away,lightgbm,dratings_plus_bullpen,"{""colsample_bytree"":0.9,""learning_rate"":0.05,""min_child_samples"":30,""n_estimators"":500,""num_leaves"":15,""objective"":""regression"",""reg_lambda"":1.0,""subsample"":0.9,""tweedie_variance_power"":null}",ok,757,2.7540087203177612,2.8911168276788435,2.5239630118890357,2.414668606592106,1.091144643303053,1.197314124093891,0.8294573999883141,
5412de986e246ff780dc,away,lightgbm,dratings_plus_bullpen,"{""colsample_bytree"":0.9,""learning_rate"":0.05,""min_child_samples"":10,""n_estimators"":500,""num_leaves"":31,""objective"":""regression"",""reg_lambda"":1.0,""subsample"":0.9,""tweedie_variance_power"":null}",ok,757,2.751980242720623,2.8244251678572594,2.5239630118890357,2.414668606592106,1.0903409557737258,1.1696947399516884,1.66453779998119,
ccf4ea5e25bda7da522c,away,lightgbm,dratings_plus_bullpen,"{""colsample_bytree"":0.9,""learning_rate"":0.05,""min_child_samples"":30,""n_estimators"":500,""num_leaves"":31,""objective"":""regression"",""reg_lambda"":1.0,""subsample"":0.9,""tweedie_variance_power"":null}",ok,757,2.7555761398353544,2.8787935502772792,2.5239630118890357,2.414668606592106,1.091765658551775,1.1922106173982219,1.4223561999970116,
f56d86c5d40317742b70,away,lightgbm,dratings_plus_bullpen,"{""colsample_bytree"":0.9,""learning_rate"":0.1,""min_child_samples"":10,""n_estimators"":500,""num_leaves"":15,""objective"":""regression"",""reg_lambda"":1.0,""subsample"":0.9,""tweedie_variance_power"":null}",ok,757,2.816711481204615,2.896702004644803,2.5239630118890357,2.414668606592106,1.1159876226143561,1.1996271441707296,0.831946499994956,
04170f64b2362923de8e,away,lightgbm,dratings_plus_bullpen,"{""colsample_bytree"":0.9,""learning_rate"":0.1,""min_child_samples"":30,""n_estimators"":500,""num_leaves"":15,""objective"":""regression"",""reg_lambda"":1.0,""subsample"":0.9,""tweedie_variance_power"":null}",failed,757,,,2.5239630118890357,2.414668606592106,,,0.19354110001586378,RuntimeError: lightgbm emitted invalid predictions: nonfinite=0 nonpositive=1
720f2b67ea68c957c1fd,away,lightgbm,dratings_plus_bullpen,"{""colsample_bytree"":0.9,""learning_rate"":0.1,""min_child_samples"":10,""n_estimators"":500,""num_leaves"":31,""objective"":""regression"",""reg_lambda"":1.0,""subsample"":0.9,""tweedie_variance_power"":null}",ok,757,2.770940478216312,2.856014324939747,2.5239630118890357,2.414668606592106,1.0978530450580686,1.1827769314359562,1.7414946999924723,
09311aabc978fef10935,away,lightgbm,dratings_plus_bullpen,"{""colsample_bytree"":0.9,""learning_rate"":0.1,""min_child_samples"":30,""n_estimators"":500,""num_leaves"":31,""objective"":""regression"",""reg_lambda"":1.0,""subsample"":0.9,""tweedie_variance_power"":null}",ok,757,2.8209336987495948,3.0473768592541393,2.5239630118890357,2.414668606592106,1.1176604749997086,1.2620269510005322,1.5548489000066184,
f483f1166bb11c49b2da,away,xgboost,dratings_plus_bullpen,"{""colsample_bytree"":0.9,""learning_rate"":0.025,""max_depth"":3,""min_child_weight"":1.0,""n_estimators"":500,""objective"":""count:poisson"",""reg_lambda"":1.0,""subsample"":0.9,""tweedie_variance_power"":null}",ok,757,2.602239163422679,2.49505390585753,2.5239630118890357,2.414668606592106,1.0310131928102457,1.0332904064126935,1.1616393000003882,
8d6443cacdf9c311b706,away,xgboost,dratings_plus_bullpen,"{""colsample_bytree"":0.9,""learning_rate"":0.025,""max_depth"":3,""min_child_weight"":5.0,""n_estimators"":500,""objective"":""count:poisson"",""reg_lambda"":1.0,""subsample"":0.9,""tweedie_variance_power"":null}",ok,757,2.602644530123732,2.4954333395939954,2.5239630118890357,2.414668606592106,1.0311738000375086,1.033447543394319,1.1180760999850463,
218b5c9201ac6348b7b3,away,xgboost,dratings_plus_bullpen,"{""colsample_bytree"":0.9,""learning_rate"":0.025,""max_depth"":6,""min_child_weight"":1.0,""n_estimators"":500,""objective"":""count:poisson"",""reg_lambda"":1.0,""subsample"":0.9,""tweedie_variance_power"":null}",ok,757,2.598957403962804,2.61902829532767,2.5239630118890357,2.414668606592106,1.0297129520997377,1.084632602659287,3.393650499987416,
b8c51a132c313cbc9cb7,away,xgboost,dratings_plus_bullpen,"{""colsample_bytree"":0.9,""learning_rate"":0.025,""max_depth"":6,""min_child_weight"":5.0,""n_estimators"":500,""objective"":""count:poisson"",""reg_lambda"":1.0,""subsample"":0.9,""tweedie_variance_power"":null}",ok,757,2.59980490358849,2.6199483192999913,2.5239630118890357,2.414668606592106,1.0300487334173298,1.08501361725061,3.3268395999912173,
fd52dd48a25d53a84fb1,away,xgboost,dratings_plus_bullpen,"{""colsample_bytree"":0.9,""learning_rate"":0.05,""max_depth"":3,""min_child_weight"":1.0,""n_estimators"":500,""objective"":""count:poisson"",""reg_lambda"":1.0,""subsample"":0.9,""tweedie_variance_power"":null}",ok,757,2.634668781703813,2.587395899382445,2.5239630118890357,2.414668606592106,1.0438618827983221,1.071532504426814,1.108377800002927,
5a281f1b2d05db75659b,away,xgboost,dratings_plus_bullpen,"{""colsample_bytree"":0.9,""learning_rate"":0.05,""max_depth"":3,""min_child_weight"":5.0,""n_estimators"":500,""objective"":""count:poisson"",""reg_lambda"":1.0,""subsample"":0.9,""tweedie_variance_power"":null}",ok,757,2.635623344184543,2.5867937733120496,2.5239630118890357,2.414668606592106,1.0442400826674303,1.0712831426432752,1.1320537999854423,
65d0481f3f5064ed5b1c,away,xgboost,dratings_plus_bullpen,"{""colsample_bytree"":0.9,""learning_rate"":0.05,""max_depth"":6,""min_child_weight"":1.0,""n_estimators"":500,""objective"":""count:poisson"",""reg_lambda"":1.0,""subsample"":0.9,""tweedie_variance_power"":null}",ok,757,2.627923944824753,2.8598689216588924,2.5239630118890357,2.414668606592106,1.0411895627812346,1.184373256790343,3.2623438999871723,
63135414b8891a968e56,away,xgboost,dratings_plus_bullpen,"{""colsample_bytree"":0.9,""learning_rate"":0.05,""max_depth"":6,""min_child_weight"":5.0,""n_estimators"":500,""objective"":""count:poisson"",""reg_lambda"":1.0,""subsample"":0.9,""tweedie_variance_power"":null}",ok,757,2.6149254738103447,2.8255482835007393,2.5239630118890357,2.414668606592106,1.0360395384135321,1.1701598620145726,3.215744999994058,
927e37aeb9784c13fa03,away,xgboost,dratings_plus_bullpen,"{""colsample_bytree"":0.9,""learning_rate"":0.1,""max_depth"":3,""min_child_weight"":1.0,""n_estimators"":500,""objective"":""count:poisson"",""reg_lambda"":1.0,""subsample"":0.9,""tweedie_variance_power"":null}",ok,757,2.685209963721675,2.7594083382055965,2.5239630118890357,2.414668606592106,1.0638864163512267,1.1427689624457544,1.1107974000042304,
4066ac8121a1c65ee050,away,xgboost,dratings_plus_bullpen,"{""colsample_bytree"":0.9,""learning_rate"":0.1,""max_depth"":3,""min_child_weight"":5.0,""n_estimators"":500,""objective"":""count:poisson"",""reg_lambda"":1.0,""subsample"":0.9,""tweedie_variance_power"":null}",ok,757,2.688940622375065,2.764075518559962,2.5239630118890357,2.414668606592106,1.065364511963491,1.1447018075333262,1.1057696999923792,
061435d86bab322cb438,away,xgboost,dratings_plus_bullpen,"{""colsample_bytree"":0.9,""learning_rate"":0.1,""max_depth"":6,""min_child_weight"":1.0,""n_estimators"":500,""objective"":""count:poisson"",""reg_lambda"":1.0,""subsample"":0.9,""tweedie_variance_power"":null}",ok,757,2.7011407374390837,3.31436072191206,2.5239630118890357,2.414668606592106,1.0701982258517493,1.372594447479779,3.205522900010692,
378555f832d6e6e0c8b8,away,xgboost,dratings_plus_bullpen,"{""colsample_bytree"":0.9,""learning_rate"":0.1,""max_depth"":6,""min_child_weight"":5.0,""n_estimators"":500,""objective"":""count:poisson"",""reg_lambda"":1.0,""subsample"":0.9,""tweedie_variance_power"":null}",ok,757,2.670867198052148,3.152732064971698,2.5239630118890357,2.414668606592106,1.0582037793228845,1.3056582822026428,3.2026085999968927,
9147870d5ef82f9ea639,away,xgboost,dratings_plus_bullpen,"{""colsample_bytree"":0.9,""learning_rate"":0.025,""max_depth"":3,""min_child_weight"":1.0,""n_estimators"":500,""objective"":""reg:tweedie"",""reg_lambda"":1.0,""subsample"":0.9,""tweedie_variance_power"":1.5}",ok,757,2.620185916615918,2.660536144498214,2.5239630118890357,2.414668606592106,1.0381237380554422,1.1018224766888853,1.1522639999748208,
945bcad4bd288d9db343,away,xgboost,dratings_plus_bullpen,"{""colsample_bytree"":0.9,""learning_rate"":0.025,""max_depth"":3,""min_child_weight"":5.0,""n_estimators"":500,""objective"":""reg:tweedie"",""reg_lambda"":1.0,""subsample"":0.9,""tweedie_variance_power"":1.5}",ok,757,2.61711503523974,2.630169384020327,2.5239630118890357,2.414668606592106,1.0369070477308562,1.0892465230383575,1.222259700007271,
de616758f5b1886c85f4,away,xgboost,dratings_plus_bullpen,"{""colsample_bytree"":0.9,""learning_rate"":0.025,""max_depth"":6,""min_child_weight"":1.0,""n_estimators"":500,""objective"":""reg:tweedie"",""reg_lambda"":1.0,""subsample"":0.9,""tweedie_variance_power"":1.5}",ok,757,2.6778281281457397,3.134602433278299,2.5239630118890357,2.414668606592106,1.0609617159728284,1.2981501580468457,3.5226682999928016,
d3fdaa38708794d1f064,away,xgboost,dratings_plus_bullpen,"{""colsample_bytree"":0.9,""learning_rate"":0.025,""max_depth"":6,""min_child_weight"":5.0,""n_estimators"":500,""objective"":""reg:tweedie"",""reg_lambda"":1.0,""subsample"":0.9,""tweedie_variance_power"":1.5}",ok,757,2.6575126989672015,3.026939336651015,2.5239630118890357,2.414668606592106,1.0529126958077772,1.253563047280026,3.054837100004079,
013e334ebf28d2ce6455,away,xgboost,dratings_plus_bullpen,"{""colsample_bytree"":0.9,""learning_rate"":0.05,""max_depth"":3,""min_child_weight"":1.0,""n_estimators"":500,""objective"":""reg:tweedie"",""reg_lambda"":1.0,""subsample"":0.9,""tweedie_variance_power"":1.5}",ok,757,2.687195566402874,2.942686645213066,2.5239630118890357,2.414668606592106,1.0646731167394043,1.2186710164614132,1.169688900001347,
dbe8aaa2a5ebce5b802b,away,xgboost,dratings_plus_bullpen,"{""colsample_bytree"":0.9,""learning_rate"":0.05,""max_depth"":3,""min_child_weight"":5.0,""n_estimators"":500,""objective"":""reg:tweedie"",""reg_lambda"":1.0,""subsample"":0.9,""tweedie_variance_power"":1.5}",ok,757,2.674579938305259,2.8601951159226084,2.5239630118890357,2.414668606592106,1.0596747756233937,1.1845083454160972,1.1147768999799155,
244af458f98b58f4fdbb,away,xgboost,dratings_plus_bullpen,"{""colsample_bytree"":0.9,""learning_rate"":0.05,""max_depth"":6,""min_child_weight"":1.0,""n_estimators"":500,""objective"":""reg:tweedie"",""reg_lambda"":1.0,""subsample"":0.9,""tweedie_variance_power"":1.5}",ok,757,2.7554242003861633,3.617510790421963,2.5239630118890357,2.414668606592106,1.0917054597895604,1.498139653841553,3.3026191999961156,
d4804d725d227ced0253,away,xgboost,dratings_plus_bullpen,"{""colsample_bytree"":0.9,""learning_rate"":0.05,""max_depth"":6,""min_child_weight"":5.0,""n_estimators"":500,""objective"":""reg:tweedie"",""reg_lambda"":1.0,""subsample"":0.9,""tweedie_variance_power"":1.5}",ok,757,2.7180584396679777,3.3459758338774117,2.5239630118890357,2.414668606592106,1.0769010587178427,1.3856873878025389,3.0116310000012163,
4c4d5f87c3f79d779772,away,xgboost,dratings_plus_bullpen,"{""colsample_bytree"":0.9,""learning_rate"":0.1,""max_depth"":3,""min_child_weight"":1.0,""n_estimators"":500,""objective"":""reg:tweedie"",""reg_lambda"":1.0,""subsample"":0.9,""tweedie_variance_power"":1.5}",ok,757,2.8053339837091915,3.3522851300549736,2.5239630118890357,2.414668606592106,1.111479831714953,1.3883002913539153,1.1777182999940123,
484da62a431c87be3cc7,away,xgboost,dratings_plus_bullpen,"{""colsample_bytree"":0.9,""learning_rate"":0.1,""max_depth"":3,""min_child_weight"":5.0,""n_estimators"":500,""objective"":""reg:tweedie"",""reg_lambda"":1.0,""subsample"":0.9,""tweedie_variance_power"":1.5}",ok,757,2.748915914342772,3.2270125233794373,2.5239630118890357,2.414668606592106,1.0891268617622778,1.3364204572708702,1.1194746000110172,
ba87b7328072c40447c7,away,xgboost,dratings_plus_bullpen,"{""colsample_bytree"":0.9,""learning_rate"":0.1,""max_depth"":6,""min_child_weight"":1.0,""n_estimators"":500,""objective"":""reg:tweedie"",""reg_lambda"":1.0,""subsample"":0.9,""tweedie_variance_power"":1.5}",ok,757,2.8747926348896606,4.096277886621076,2.5239630118890357,2.414668606592106,1.1389995104318307,1.6964141064484517,3.221663600008469,
0bfaeb344690a373bdb2,away,xgboost,dratings_plus_bullpen,"{""colsample_bytree"":0.9,""learning_rate"":0.1,""max_depth"":6,""min_child_weight"":5.0,""n_estimators"":500,""objective"":""reg:tweedie"",""reg_lambda"":1.0,""subsample"":0.9,""tweedie_variance_power"":1.5}",ok,757,2.78547431558095,3.6872480583750717,2.5239630118890357,2.414668606592106,1.1036113851352318,1.5270203324418066,2.9316592999966815,
84ba556a6c419f9b5f05,away,xgboost,dratings_plus_bullpen,"{""colsample_bytree"":0.9,""learning_rate"":0.025,""max_depth"":3,""min_child_weight"":1.0,""n_estimators"":500,""objective"":""reg:squarederror"",""reg_lambda"":1.0,""subsample"":0.9,""tweedie_variance_power"":null}",ok,757,2.633226378590774,2.548022355245104,2.5239630118890357,2.414668606592106,1.0432903993390779,1.0552265218874917,1.0967588999774307,
72da20d5625475cb9296,away,xgboost,dratings_plus_bullpen,"{""colsample_bytree"":0.9,""learning_rate"":0.025,""max_depth"":3,""min_child_weight"":5.0,""n_estimators"":500,""objective"":""reg:squarederror"",""reg_lambda"":1.0,""subsample"":0.9,""tweedie_variance_power"":null}",ok,757,2.642943559738572,2.5638549837209657,2.5239630118890357,2.414668606592106,1.047140369050213,1.0617833754584696,1.103387000010116,
4f41922857e85fa7be36,away,xgboost,dratings_plus_bullpen,"{""colsample_bytree"":0.9,""learning_rate"":0.025,""max_depth"":6,""min_child_weight"":1.0,""n_estimators"":500,""objective"":""reg:squarederror"",""reg_lambda"":1.0,""subsample"":0.9,""tweedie_variance_power"":null}",ok,757,2.6722166235884712,2.6280930099010886,2.5239630118890357,2.414668606592106,1.0587384248505594,1.0883866227963244,3.5056589000159875,
aaa68bb898c42e6d55ad,away,xgboost,dratings_plus_bullpen,"{""colsample_bytree"":0.9,""learning_rate"":0.025,""max_depth"":6,""min_child_weight"":5.0,""n_estimators"":500,""objective"":""reg:squarederror"",""reg_lambda"":1.0,""subsample"":0.9,""tweedie_variance_power"":null}",ok,757,2.6739869985429268,2.631585951010279,2.5239630118890357,2.414668606592106,1.0594398515141499,1.0898331737224656,2.976964699977543,
df253f6fdcae74c43a8b,away,xgboost,dratings_plus_bullpen,"{""colsample_bytree"":0.9,""learning_rate"":0.05,""max_depth"":3,""min_child_weight"":1.0,""n_estimators"":500,""objective"":""reg:squarederror"",""reg_lambda"":1.0,""subsample"":0.9,""tweedie_variance_power"":null}",ok,757,2.715808795811793,2.7136885037418463,2.5239630118890357,2.414668606592106,1.076009744603655,1.1238347557645834,1.0985233999963384,
852f9d09c01beb4124fb,away,xgboost,dratings_plus_bullpen,"{""colsample_bytree"":0.9,""learning_rate"":0.05,""max_depth"":3,""min_child_weight"":5.0,""n_estimators"":500,""objective"":""reg:squarederror"",""reg_lambda"":1.0,""subsample"":0.9,""tweedie_variance_power"":null}",ok,757,2.701757123479755,2.7126835770741837,2.5239630118890357,2.414668606592106,1.070442439430858,1.1234185799527476,1.061867100012023,
b55a45b045c9e6976914,away,xgboost,dratings_plus_bullpen,"{""colsample_bytree"":0.9,""learning_rate"":0.05,""max_depth"":6,""min_child_weight"":1.0,""n_estimators"":500,""objective"":""reg:squarederror"",""reg_lambda"":1.0,""subsample"":0.9,""tweedie_variance_power"":null}",ok,757,2.6878852774948867,2.6566663336611462,2.5239630118890357,2.414668606592106,1.0649463818739424,1.100219850628107,3.5443512000201736,
92adf4663c225d20b32c,away,xgboost,dratings_plus_bullpen,"{""colsample_bytree"":0.9,""learning_rate"":0.05,""max_depth"":6,""min_child_weight"":5.0,""n_estimators"":500,""objective"":""reg:squarederror"",""reg_lambda"":1.0,""subsample"":0.9,""tweedie_variance_power"":null}",ok,757,2.7108209035513107,2.6856163908021626,2.5239630118890357,2.414668606592106,1.0740335301199295,1.1122090971284266,2.809127799991984,
01a6c6f2dcd2182e2a55,away,xgboost,dratings_plus_bullpen,"{""colsample_bytree"":0.9,""learning_rate"":0.1,""max_depth"":3,""min_child_weight"":1.0,""n_estimators"":500,""objective"":""reg:squarederror"",""reg_lambda"":1.0,""subsample"":0.9,""tweedie_variance_power"":null}",ok,757,2.8027048811729864,2.9474875312044064,2.5239630118890357,2.414668606592106,1.110438175191533,1.22065923380032,1.1028459999943152,
659a35cadfb70b3c8df6,away,xgboost,dratings_plus_bullpen,"{""colsample_bytree"":0.9,""learning_rate"":0.1,""max_depth"":3,""min_child_weight"":5.0,""n_estimators"":500,""objective"":""reg:squarederror"",""reg_lambda"":1.0,""subsample"":0.9,""tweedie_variance_power"":null}",ok,757,2.783033479511974,2.892320302822861,2.5239630118890357,2.414668606592106,1.1026443202228386,1.1978125258790187,1.095859399996698,
ef4ad49c5abad41d5960,away,xgboost,dratings_plus_bullpen,"{""colsample_bytree"":0.9,""learning_rate"":0.1,""max_depth"":6,""min_child_weight"":1.0,""n_estimators"":500,""objective"":""reg:squarederror"",""reg_lambda"":1.0,""subsample"":0.9,""tweedie_variance_power"":null}",ok,757,2.746604404487257,2.7877687876093495,2.5239630118890357,2.414668606592106,1.0882110361956483,1.154514031448734,3.477286399982404,
ed2a7ad64e84171efbf2,away,xgboost,dratings_plus_bullpen,"{""colsample_bytree"":0.9,""learning_rate"":0.1,""max_depth"":6,""min_child_weight"":5.0,""n_estimators"":500,""objective"":""reg:squarederror"",""reg_lambda"":1.0,""subsample"":0.9,""tweedie_variance_power"":null}",ok,757,2.7401059317935252,2.7291077042390457,2.5239630118890357,2.414668606592106,1.0856363262402644,1.130220394131316,2.782229099975666,
50bbfd1a7f76e98292bf,away,hist_gradient_boosting,pitcher_only,"{""l2_regularization"":0.0,""learning_rate"":0.025,""loss"":""poisson"",""max_iter"":300,""max_leaf_nodes"":15,""min_samples_leaf"":10}",ok,757,2.6749495033429214,2.619251355774927,2.5239630118890357,2.414668606592106,1.059821198148574,1.0847249799099987,1.567316899978323,
d7cd9d24c5635f4dc6b1,away,hist_gradient_boosting,pitcher_only,"{""l2_regularization"":5.0,""learning_rate"":0.025,""loss"":""poisson"",""max_iter"":300,""max_leaf_nodes"":15,""min_samples_leaf"":10}",ok,757,2.6734345868479656,2.609709346133439,2.5239630118890357,2.414668606592106,1.0592209847192093,1.0807732949394657,1.5776077999908011,
fc274e8e05a938007752,away,hist_gradient_boosting,pitcher_only,"{""l2_regularization"":0.0,""learning_rate"":0.025,""loss"":""poisson"",""max_iter"":300,""max_leaf_nodes"":15,""min_samples_leaf"":30}",ok,757,2.663471061095028,2.6013999012300517,2.5239630118890357,2.414668606592106,1.0552734127040868,1.0773320587877626,1.4768107999989297,
9f0ff9610c758b3d8f47,away,hist_gradient_boosting,pitcher_only,"{""l2_regularization"":5.0,""learning_rate"":0.025,""loss"":""poisson"",""max_iter"":300,""max_leaf_nodes"":15,""min_samples_leaf"":30}",ok,757,2.6636636205100688,2.6037873434741936,2.5239630118890357,2.414668606592106,1.0553497051909946,1.0783207833844315,1.4641496000112966,
e5c0b17dfdd683c27c02,away,hist_gradient_boosting,pitcher_only,"{""l2_regularization"":0.0,""learning_rate"":0.025,""loss"":""poisson"",""max_iter"":300,""max_leaf_nodes"":31,""min_samples_leaf"":10}",ok,757,2.673172169002399,2.722642250408846,2.5239630118890357,2.414668606592106,1.0591170141600803,1.1275428201517856,2.9130479999876115,
9ad5947c671081fdd19d,away,hist_gradient_boosting,pitcher_only,"{""l2_regularization"":5.0,""learning_rate"":0.025,""loss"":""poisson"",""max_iter"":300,""max_leaf_nodes"":31,""min_samples_leaf"":10}",ok,757,2.6979713802389607,2.7604929038536015,2.5239630118890357,2.414668606592106,1.0689425191772879,1.1432181195868394,3.0901405999902636,
b5a99912e4d5c60d1656,away,hist_gradient_boosting,pitcher_only,"{""l2_regularization"":0.0,""learning_rate"":0.025,""loss"":""poisson"",""max_iter"":300,""max_leaf_nodes"":31,""min_samples_leaf"":30}",ok,757,2.6874873633930636,2.6605477854092,2.5239630118890357,2.414668606592106,1.064788727383782,1.1018272976034218,2.372374500002479,
238f91fbc74f6b9cd806,away,hist_gradient_boosting,pitcher_only,"{""l2_regularization"":5.0,""learning_rate"":0.025,""loss"":""poisson"",""max_iter"":300,""max_leaf_nodes"":31,""min_samples_leaf"":30}",ok,757,2.670806186186592,2.6268346513898075,2.5239630118890357,2.414668606592106,1.0581796062802256,1.0878654918602424,2.424913700000616,
a0a75870938d8b697731,away,hist_gradient_boosting,pitcher_only,"{""l2_regularization"":0.0,""learning_rate"":0.05,""loss"":""poisson"",""max_iter"":300,""max_leaf_nodes"":15,""min_samples_leaf"":10}",ok,757,2.709585384079145,2.793524275662143,2.5239630118890357,2.414668606592106,1.073544014439095,1.1568975833933284,1.533863399992697,
fe1f10521ecdcb546784,away,hist_gradient_boosting,pitcher_only,"{""l2_regularization"":5.0,""learning_rate"":0.05,""loss"":""poisson"",""max_iter"":300,""max_leaf_nodes"":15,""min_samples_leaf"":10}",ok,757,2.708055160153882,2.7790427409646092,2.5239630118890357,2.414668606592106,1.072937736170335,1.1509002657249747,1.510346400027629,
14fa875e9f5d691d358c,away,hist_gradient_boosting,pitcher_only,"{""l2_regularization"":0.0,""learning_rate"":0.05,""loss"":""poisson"",""max_iter"":300,""max_leaf_nodes"":15,""min_samples_leaf"":30}",ok,757,2.691917407073998,2.700446404284978,2.5239630118890357,2.414668606592106,1.0665439209662817,1.1183507322341009,1.4817587999859825,
0e77b6fa0b0de3262e30,away,hist_gradient_boosting,pitcher_only,"{""l2_regularization"":5.0,""learning_rate"":0.05,""loss"":""poisson"",""max_iter"":300,""max_leaf_nodes"":15,""min_samples_leaf"":30}",ok,757,2.6897248672962752,2.7140437833855273,2.5239630118890357,2.414668606592106,1.0656752316204414,1.1239818896788236,1.4472443999839015,
0e12e1f6e4e80646feda,away,hist_gradient_boosting,pitcher_only,"{""l2_regularization"":0.0,""learning_rate"":0.05,""loss"":""poisson"",""max_iter"":300,""max_leaf_nodes"":31,""min_samples_leaf"":10}",ok,757,2.7156221770965936,2.9360639348879216,2.5239630118890357,2.414668606592106,1.0759358058358044,1.2159283169841166,2.8071349000092596,
c44572ac3e0df67d18d4,away,hist_gradient_boosting,pitcher_only,"{""l2_regularization"":5.0,""learning_rate"":0.05,""loss"":""poisson"",""max_iter"":300,""max_leaf_nodes"":31,""min_samples_leaf"":10}",ok,757,2.7167912715953895,2.9422236103545085,2.5239630118890357,2.414668606592106,1.0763990037881075,1.2184792572869685,2.826715300005162,
6715665270a6edea5e78,away,hist_gradient_boosting,pitcher_only,"{""l2_regularization"":0.0,""learning_rate"":0.05,""loss"":""poisson"",""max_iter"":300,""max_leaf_nodes"":31,""min_samples_leaf"":30}",ok,757,2.6882413902957114,2.7505701960521867,2.5239630118890357,2.414668606592106,1.0650874745916832,1.1391087739920338,2.3891695000056643,
34cf6ee5d4e97fcccbd4,away,hist_gradient_boosting,pitcher_only,"{""l2_regularization"":5.0,""learning_rate"":0.05,""loss"":""poisson"",""max_iter"":300,""max_leaf_nodes"":31,""min_samples_leaf"":30}",ok,757,2.7023455185955085,2.7713437253851056,2.5239630118890357,2.414668606592106,1.0706755629405853,1.1477118300288773,2.4431704999879003,
75ec80ae3ee55bbe4d44,away,hist_gradient_boosting,pitcher_only,"{""l2_regularization"":0.0,""learning_rate"":0.1,""loss"":""poisson"",""max_iter"":300,""max_leaf_nodes"":15,""min_samples_leaf"":10}",ok,757,2.744121448858428,2.995744028054546,2.5239630118890357,2.414668606592106,1.087227283415939,1.2406439624369527,1.5334086999937426,
172ac5443296e2cc8f8a,away,hist_gradient_boosting,pitcher_only,"{""l2_regularization"":5.0,""learning_rate"":0.1,""loss"":""poisson"",""max_iter"":300,""max_leaf_nodes"":15,""min_samples_leaf"":10}",ok,757,2.73219708624145,2.9838583328693797,2.5239630118890357,2.414668606592106,1.0825028232868452,1.2357216740729438,1.5613365000172053,
81bdfde1f510bde44c96,away,hist_gradient_boosting,pitcher_only,"{""l2_regularization"":0.0,""learning_rate"":0.1,""loss"":""poisson"",""max_iter"":300,""max_leaf_nodes"":15,""min_samples_leaf"":30}",ok,757,2.7291175672092716,2.8431112185924365,2.5239630118890357,2.414668606592106,1.0812827107029155,1.177433296987699,1.478788499982329,
f2b0170c13d6192468ae,away,hist_gradient_boosting,pitcher_only,"{""l2_regularization"":5.0,""learning_rate"":0.1,""loss"":""poisson"",""max_iter"":300,""max_leaf_nodes"":15,""min_samples_leaf"":30}",ok,757,2.7524334495412353,2.893764390427249,2.5239630118890357,2.414668606592106,1.0905205173673298,1.1984105738266524,1.5094182999746408,
d13475bb6f6988ba719f,away,hist_gradient_boosting,pitcher_only,"{""l2_regularization"":0.0,""learning_rate"":0.1,""loss"":""poisson"",""max_iter"":300,""max_leaf_nodes"":31,""min_samples_leaf"":10}",ok,757,2.716482927346376,3.104402595264692,2.5239630118890357,2.414668606592106,1.0762768370814004,1.2856433329151646,2.972202000004472,
ba6773d97a4c03baa5d8,away,hist_gradient_boosting,pitcher_only,"{""l2_regularization"":5.0,""learning_rate"":0.1,""loss"":""poisson"",""max_iter"":300,""max_leaf_nodes"":31,""min_samples_leaf"":10}",ok,757,2.7351688746743865,3.1005943843780313,2.5239630118890357,2.414668606592106,1.0836802527574585,1.2840662175808848,2.7277022000052966,
c104702c7d67b7be3e0c,away,hist_gradient_boosting,pitcher_only,"{""l2_regularization"":0.0,""learning_rate"":0.1,""loss"":""poisson"",""max_iter"":300,""max_leaf_nodes"":31,""min_samples_leaf"":30}",ok,757,2.7531412091082745,2.9958303701578712,2.5239630118890357,2.414668606592106,1.0908009333495392,1.240679719767416,2.4589323999825865,
4b6fdb1b5c7bd9469864,away,hist_gradient_boosting,pitcher_only,"{""l2_regularization"":5.0,""learning_rate"":0.1,""loss"":""poisson"",""max_iter"":300,""max_leaf_nodes"":31,""min_samples_leaf"":30}",ok,757,2.745655005043301,2.994456042584433,2.5239630118890357,2.414668606592106,1.0878348819336865,1.2401105619253476,2.45285810000496,
6f4ccabac9c03274cfc6,away,hist_gradient_boosting,pitcher_only,"{""l2_regularization"":0.0,""learning_rate"":0.025,""loss"":""squared_error"",""max_iter"":300,""max_leaf_nodes"":15,""min_samples_leaf"":10}",ok,757,2.7558843138126647,2.6651938320596367,2.5239630118890357,2.414668606592106,1.0918877577964385,1.103751390473869,1.5666065000114031,
cbbae31e2a41b8118730,away,hist_gradient_boosting,pitcher_only,"{""l2_regularization"":5.0,""learning_rate"":0.025,""loss"":""squared_error"",""max_iter"":300,""max_leaf_nodes"":15,""min_samples_leaf"":10}",ok,757,2.710786597286402,2.6339042668769075,2.5239630118890357,2.414668606592106,1.0740199378981945,1.0907932706319543,1.6441925000108313,
b5426007f83a2998dde4,away,hist_gradient_boosting,pitcher_only,"{""l2_regularization"":0.0,""learning_rate"":0.025,""loss"":""squared_error"",""max_iter"":300,""max_leaf_nodes"":15,""min_samples_leaf"":30}",ok,757,2.712861754177677,2.6530272092296117,2.5239630118890357,2.414668606592106,1.0748421198721378,1.0987127599981135,1.5087087999854703,
244cd4b7614b2e8296d5,away,hist_gradient_boosting,pitcher_only,"{""l2_regularization"":5.0,""learning_rate"":0.025,""loss"":""squared_error"",""max_iter"":300,""max_leaf_nodes"":15,""min_samples_leaf"":30}",ok,757,2.6842667148620167,2.6087064428358397,2.5239630118890357,2.414668606592106,1.063512698965031,1.0803579570770108,1.4751280999917071,
63d4cc58835e2e8bed09,away,hist_gradient_boosting,pitcher_only,"{""l2_regularization"":0.0,""learning_rate"":0.025,""loss"":""squared_error"",""max_iter"":300,""max_leaf_nodes"":31,""min_samples_leaf"":10}",ok,757,2.775822136785969,2.7174102388241868,2.5239630118890357,2.414668606592106,1.099787169507065,1.125376058398071,2.762176599993836,
30af8dff2948d8e2fbd0,away,hist_gradient_boosting,pitcher_only,"{""l2_regularization"":5.0,""learning_rate"":0.025,""loss"":""squared_error"",""max_iter"":300,""max_leaf_nodes"":31,""min_samples_leaf"":10}",ok,757,2.757527196304716,2.673907566819564,2.5239630118890357,2.414668606592106,1.0925386716506877,1.107360057409008,2.964010399999097,
e58fdcce3bff6c73ce19,away,hist_gradient_boosting,pitcher_only,"{""l2_regularization"":0.0,""learning_rate"":0.025,""loss"":""squared_error"",""max_iter"":300,""max_leaf_nodes"":31,""min_samples_leaf"":30}",ok,757,2.744350547935858,2.6785483611962504,2.5239630118890357,2.414668606592106,1.0873180530018447,1.1092819751264194,2.403846400004113,
7759b3d62f290e772b59,away,hist_gradient_boosting,pitcher_only,"{""l2_regularization"":5.0,""learning_rate"":0.025,""loss"":""squared_error"",""max_iter"":300,""max_leaf_nodes"":31,""min_samples_leaf"":30}",ok,757,2.732982778295834,2.6801395442791835,2.5239630118890357,2.414668606592106,1.0828141163013159,1.1099409405341731,2.3850292999995872,
5455fb9701b220c56cf8,away,hist_gradient_boosting,pitcher_only,"{""l2_regularization"":0.0,""learning_rate"":0.05,""loss"":""squared_error"",""max_iter"":300,""max_leaf_nodes"":15,""min_samples_leaf"":10}",ok,757,2.82161714045368,2.798577384982776,2.5239630118890357,2.414668606592106,1.1179312561882069,1.1589902553677922,1.5186421000107657,
e387f183c17f0d513a52,away,hist_gradient_boosting,pitcher_only,"{""l2_regularization"":5.0,""learning_rate"":0.05,""loss"":""squared_error"",""max_iter"":300,""max_leaf_nodes"":15,""min_samples_leaf"":10}",ok,757,2.7944198974429133,2.748938802684103,2.5239630118890357,2.414668606592106,1.1071556454194853,1.1384331560775798,1.567536900023697,
bd49ff1ef0bb0cde14c5,away,hist_gradient_boosting,pitcher_only,"{""l2_regularization"":0.0,""learning_rate"":0.05,""loss"":""squared_error"",""max_iter"":300,""max_leaf_nodes"":15,""min_samples_leaf"":30}",ok,757,2.7673445577200164,2.7728960254563506,2.5239630118890357,2.414668606592106,1.0964283330161895,1.1483546926009949,1.637232999986736,
c280d7a6769718cc22fc,away,hist_gradient_boosting,pitcher_only,"{""l2_regularization"":5.0,""learning_rate"":0.05,""loss"":""squared_error"",""max_iter"":300,""max_leaf_nodes"":15,""min_samples_leaf"":30}",ok,757,2.7710332493318677,2.761254973470827,2.5239630118890357,2.414668606592106,1.0978898011892475,1.1435337196717312,1.5160533000016585,
64b2e1e776f64e5e44d9,away,hist_gradient_boosting,pitcher_only,"{""l2_regularization"":0.0,""learning_rate"":0.05,""loss"":""squared_error"",""max_iter"":300,""max_leaf_nodes"":31,""min_samples_leaf"":10}",ok,757,2.8201922271740725,2.8028052920874234,2.5239630118890357,2.414668606592106,1.1173667022415383,1.160741181806768,2.7791211000003386,
30012255bc9675595bba,away,hist_gradient_boosting,pitcher_only,"{""l2_regularization"":5.0,""learning_rate"":0.05,""loss"":""squared_error"",""max_iter"":300,""max_leaf_nodes"":31,""min_samples_leaf"":10}",ok,757,2.8129384428399877,2.7479027224963604,2.5239630118890357,2.414668606592106,1.1144927360621941,1.1380040784870091,2.9846482999855652,
4cb5366327d414b96fb6,away,hist_gradient_boosting,pitcher_only,"{""l2_regularization"":0.0,""learning_rate"":0.05,""loss"":""squared_error"",""max_iter"":300,""max_leaf_nodes"":31,""min_samples_leaf"":30}",failed,757,,,2.5239630118890357,2.414668606592106,,,0.49636990000726655,RuntimeError: hist_gradient_boosting emitted invalid predictions: nonfinite=0 nonpositive=1
3213121dbbfba51134a5,away,hist_gradient_boosting,pitcher_only,"{""l2_regularization"":5.0,""learning_rate"":0.05,""loss"":""squared_error"",""max_iter"":300,""max_leaf_nodes"":31,""min_samples_leaf"":30}",failed,757,,,2.5239630118890357,2.414668606592106,,,0.4685233999916818,RuntimeError: hist_gradient_boosting emitted invalid predictions: nonfinite=0 nonpositive=1
a2afc4a78f6c3ba40e8b,away,hist_gradient_boosting,pitcher_only,"{""l2_regularization"":0.0,""learning_rate"":0.1,""loss"":""squared_error"",""max_iter"":300,""max_leaf_nodes"":15,""min_samples_leaf"":10}",ok,757,2.8796296241014674,2.931383119816051,2.5239630118890357,2.414668606592106,1.1409159367776298,1.2139898252759411,1.521519800007809,
9bbb95bca36f88f97245,away,hist_gradient_boosting,pitcher_only,"{""l2_regularization"":5.0,""learning_rate"":0.1,""loss"":""squared_error"",""max_iter"":300,""max_leaf_nodes"":15,""min_samples_leaf"":10}",ok,757,2.8654156853782786,2.8702201577971884,2.5239630118890357,2.414668606592106,1.135284341284259,1.188660071183853,1.551076000003377,
3d7eb60247ad25556536,away,hist_gradient_boosting,pitcher_only,"{""l2_regularization"":0.0,""learning_rate"":0.1,""loss"":""squared_error"",""max_iter"":300,""max_leaf_nodes"":15,""min_samples_leaf"":30}",failed,757,,,2.5239630118890357,2.414668606592106,,,0.3570950999855995,RuntimeError: hist_gradient_boosting emitted invalid predictions: nonfinite=0 nonpositive=1
f75b602a74857f4c5a44,away,hist_gradient_boosting,pitcher_only,"{""l2_regularization"":5.0,""learning_rate"":0.1,""loss"":""squared_error"",""max_iter"":300,""max_leaf_nodes"":15,""min_samples_leaf"":30}",failed,757,,,2.5239630118890357,2.414668606592106,,,0.3665374999982305,RuntimeError: hist_gradient_boosting emitted invalid predictions: nonfinite=0 nonpositive=1
4301fc9204b6e4e60f38,away,hist_gradient_boosting,pitcher_only,"{""l2_regularization"":0.0,""learning_rate"":0.1,""loss"":""squared_error"",""max_iter"":300,""max_leaf_nodes"":31,""min_samples_leaf"":10}",ok,757,2.8790234871999476,2.89844674923521,2.5239630118890357,2.414668606592106,1.1406757839312274,1.2003497048507517,2.9022799999802373,
e27bb33da7f238afc119,away,hist_gradient_boosting,pitcher_only,"{""l2_regularization"":5.0,""learning_rate"":0.1,""loss"":""squared_error"",""max_iter"":300,""max_leaf_nodes"":31,""min_samples_leaf"":10}",ok,757,2.8611434272356138,2.8643885837226977,2.5239630118890357,2.414668606592106,1.1335916626980276,1.186245009316328,2.857402900001034,
d3078df57fb496b6ac4a,away,hist_gradient_boosting,pitcher_only,"{""l2_regularization"":0.0,""learning_rate"":0.1,""loss"":""squared_error"",""max_iter"":300,""max_leaf_nodes"":31,""min_samples_leaf"":30}",failed,757,,,2.5239630118890357,2.414668606592106,,,0.48570599997765385,RuntimeError: hist_gradient_boosting emitted invalid predictions: nonfinite=0 nonpositive=1
6e794b1fccee133c0145,away,hist_gradient_boosting,pitcher_only,"{""l2_regularization"":5.0,""learning_rate"":0.1,""loss"":""squared_error"",""max_iter"":300,""max_leaf_nodes"":31,""min_samples_leaf"":30}",failed,757,,,2.5239630118890357,2.414668606592106,,,0.4618495999893639,RuntimeError: hist_gradient_boosting emitted invalid predictions: nonfinite=0 nonpositive=1
b2fe8197fbd49dc0feb5,away,random_forest,pitcher_only,"{""criterion"":""poisson"",""max_depth"":null,""max_features"":0.6,""max_samples"":null,""min_samples_leaf"":2,""n_estimators"":400}",ok,757,2.654317893538837,2.5187012494956984,2.5239630118890357,2.414668606592106,1.0516469064862557,1.0430836109847872,3.733591600001091,
de1d8e58eac1741cbaf2,away,random_forest,pitcher_only,"{""criterion"":""poisson"",""max_depth"":null,""max_features"":1.0,""max_samples"":null,""min_samples_leaf"":2,""n_estimators"":400}",ok,757,2.661752488557309,2.5335971660818486,2.5239630118890357,2.414668606592106,1.0545925102781701,1.0492525389053655,5.690119300008519,
851925b355959c3a6d77,away,random_forest,pitcher_only,"{""criterion"":""poisson"",""max_depth"":null,""max_features"":0.6,""max_samples"":null,""min_samples_leaf"":8,""n_estimators"":400}",ok,757,2.633830391797324,2.4965503751478537,2.5239630118890357,2.414668606592106,1.0435297107726071,1.0339101474762245,2.963940099987667,
16c37047abe5a760650e,away,random_forest,pitcher_only,"{""criterion"":""poisson"",""max_depth"":null,""max_features"":1.0,""max_samples"":null,""min_samples_leaf"":8,""n_estimators"":400}",ok,757,2.6387027015096702,2.502769701297825,2.5239630118890357,2.414668606592106,1.045460131182651,1.0364857912448942,4.077746399998432,
26221d66a5af5a0ee6c4,away,random_forest,pitcher_only,"{""criterion"":""poisson"",""max_depth"":14,""max_features"":0.6,""max_samples"":null,""min_samples_leaf"":2,""n_estimators"":400}",ok,757,2.653818105916924,2.5210297080670014,2.5239630118890357,2.414668606592106,1.0514488894711256,1.0440479083483865,3.4853044000046793,
12ceffd2fae9cc8e16b1,away,random_forest,pitcher_only,"{""criterion"":""poisson"",""max_depth"":14,""max_features"":1.0,""max_samples"":null,""min_samples_leaf"":2,""n_estimators"":400}",ok,757,2.6574293106719873,2.529133664834336,2.5239630118890357,2.414668606592106,1.0528796571717824,1.047404044567332,5.083441999973729,
35d7a12f56123f2d9288,away,random_forest,pitcher_only,"{""criterion"":""poisson"",""max_depth"":14,""max_features"":0.6,""max_samples"":null,""min_samples_leaf"":8,""n_estimators"":400}",ok,757,2.6307502254045234,2.490677326357516,2.5239630118890357,2.414668606592106,1.0423093417028975,1.0314779094563553,2.782963599980576,
a0f015437bd636b2dcae,away,random_forest,pitcher_only,"{""criterion"":""poisson"",""max_depth"":14,""max_features"":1.0,""max_samples"":null,""min_samples_leaf"":8,""n_estimators"":400}",ok,757,2.6378544494429543,2.502021312792175,2.5239630118890357,2.414668606592106,1.0451240517461775,1.0361758569940378,3.971988799981773,
9f5ea81b5ee59f97d531,away,random_forest,pitcher_only,"{""criterion"":""squared_error"",""max_depth"":null,""max_features"":0.6,""max_samples"":null,""min_samples_leaf"":2,""n_estimators"":400}",ok,757,2.737369161593138,2.5717280003221106,2.5239630118890357,2.414668606592106,1.084552011538545,1.065043871155333,2.7782013000105508,
37d37ab874f6c7ef7316,away,random_forest,pitcher_only,"{""criterion"":""squared_error"",""max_depth"":null,""max_features"":1.0,""max_samples"":null,""min_samples_leaf"":2,""n_estimators"":400}",ok,757,2.7638565469735616,2.6063983154556345,2.5239630118890357,2.414668606592106,1.0950463750675095,1.0794020795814803,4.021226399985608,
24fdf248dfe318eef6f8,away,random_forest,pitcher_only,"{""criterion"":""squared_error"",""max_depth"":null,""max_features"":0.6,""max_samples"":null,""min_samples_leaf"":8,""n_estimators"":400}",ok,757,2.6533732787079005,2.5076732054504065,2.5239630118890357,2.414668606592106,1.0512726478990708,1.0385165064077098,2.374045300006401,
3ce3023ff36580282400,away,random_forest,pitcher_only,"{""criterion"":""squared_error"",""max_depth"":null,""max_features"":1.0,""max_samples"":null,""min_samples_leaf"":8,""n_estimators"":400}",ok,757,2.665623528282334,2.5150292847271616,2.5239630118890357,2.414668606592106,1.0561262251966497,1.0415629200052827,3.1544250000151806,
0e59339fdc5981689bfb,away,random_forest,pitcher_only,"{""criterion"":""squared_error"",""max_depth"":14,""max_features"":0.6,""max_samples"":null,""min_samples_leaf"":2,""n_estimators"":400}",ok,757,2.724900294654564,2.5723138465675177,2.5239630118890357,2.414668606592106,1.0796118175341796,1.065286490885348,2.6197130999935325,
e36249c6ae9f5ef2371f,away,random_forest,pitcher_only,"{""criterion"":""squared_error"",""max_depth"":14,""max_features"":1.0,""max_samples"":null,""min_samples_leaf"":2,""n_estimators"":400}",ok,757,2.755852614716235,2.6014004209363173,2.5239630118890357,2.414668606592106,1.0918751985409025,1.0773322740165787,3.713128900009906,
93893d8605c1d9db45bb,away,random_forest,pitcher_only,"{""criterion"":""squared_error"",""max_depth"":14,""max_features"":0.6,""max_samples"":null,""min_samples_leaf"":8,""n_estimators"":400}",ok,757,2.655331652142845,2.5087054533847097,2.5239630118890357,2.414668606592106,1.0520485599967202,1.0389439969260712,2.228557299997192,
ee5114a6af878e27a00e,away,random_forest,pitcher_only,"{""criterion"":""squared_error"",""max_depth"":14,""max_features"":1.0,""max_samples"":null,""min_samples_leaf"":8,""n_estimators"":400}",ok,757,2.6649011280060177,2.513640601556779,2.5239630118890357,2.414668606592106,1.0558400085314634,1.040987817000841,3.0533048000070266,
303d88d25f19e951d45b,away,extra_trees,pitcher_only,"{""criterion"":""poisson"",""max_depth"":null,""max_features"":0.6,""max_samples"":null,""min_samples_leaf"":2,""n_estimators"":400}",ok,757,2.6422934463319203,2.5134489724402145,2.5239630118890357,2.414668606592106,1.0468827926104676,1.040908456580102,1.5602369000262115,
37e62d5e1d8e07b6189a,away,extra_trees,pitcher_only,"{""criterion"":""poisson"",""max_depth"":null,""max_features"":1.0,""max_samples"":null,""min_samples_leaf"":2,""n_estimators"":400}",ok,757,2.6468958084772685,2.5233518623990334,2.5239630118890357,2.414668606592106,1.048706259168285,1.0450095949026792,1.9936503999924753,
82e5add09231c272bfeb,away,extra_trees,pitcher_only,"{""criterion"":""poisson"",""max_depth"":null,""max_features"":0.6,""max_samples"":null,""min_samples_leaf"":8,""n_estimators"":400}",ok,757,2.6089897572716736,2.467222534887191,2.5239630118890357,2.414668606592106,1.0336877937521756,1.0217644475733072,1.2526711999962572,
f0f678b085879d73c36b,away,extra_trees,pitcher_only,"{""criterion"":""poisson"",""max_depth"":null,""max_features"":1.0,""max_samples"":null,""min_samples_leaf"":8,""n_estimators"":400}",ok,757,2.6145949137712123,2.473618102238473,2.5239630118890357,2.414668606592106,1.035908569759247,1.0244130790806794,1.3801207999931648,
9f453936377a34bc5afe,away,extra_trees,pitcher_only,"{""criterion"":""poisson"",""max_depth"":14,""max_features"":0.6,""max_samples"":null,""min_samples_leaf"":2,""n_estimators"":400}",ok,757,2.61886547752041,2.4843982032884093,2.5239630118890357,2.414668606592106,1.0376005770228562,1.0288775016604512,1.3556306000100449,
663b3edc3f16a3700dad,away,extra_trees,pitcher_only,"{""criterion"":""poisson"",""max_depth"":14,""max_features"":1.0,""max_samples"":null,""min_samples_leaf"":2,""n_estimators"":400}",ok,757,2.6433539982856478,2.520802900794635,2.5239630118890357,2.414668606592106,1.0473029857546348,1.0439539794043704,1.6879744999750983,
a16c7d0fb7c4ef870af2,away,extra_trees,pitcher_only,"{""criterion"":""poisson"",""max_depth"":14,""max_features"":0.6,""max_samples"":null,""min_samples_leaf"":8,""n_estimators"":400}",ok,757,2.6020052839439187,2.4587835992440974,2.5239630118890357,2.414668606592106,1.0309205292182444,1.0182695847088732,1.2536036999954376,
f487c31ca3be6affbe76,away,extra_trees,pitcher_only,"{""criterion"":""poisson"",""max_depth"":14,""max_features"":1.0,""max_samples"":null,""min_samples_leaf"":8,""n_estimators"":400}",ok,757,2.6114192358761255,2.4708322139273706,2.5239630118890357,2.414668606592106,1.0346503588107792,1.0232593438213162,1.3523015000100713,
25e658a329cd9906e249,away,extra_trees,pitcher_only,"{""criterion"":""squared_error"",""max_depth"":null,""max_features"":0.6,""max_samples"":null,""min_samples_leaf"":2,""n_estimators"":400}",ok,757,2.649959328873205,2.4940942046680714,2.5239630118890357,2.414668606592106,1.0499200330554244,1.0328929600770604,1.4704479000065476,
af452b7479691ff45342,away,extra_trees,pitcher_only,"{""criterion"":""squared_error"",""max_depth"":null,""max_features"":1.0,""max_samples"":null,""min_samples_leaf"":2,""n_estimators"":400}",ok,757,2.6890582627357458,2.5455510109979547,2.5239630118890357,2.414668606592106,1.0654111213472761,1.054203050492534,1.996640600002138,
d44ea16d9fa78861d1dd,away,extra_trees,pitcher_only,"{""criterion"":""squared_error"",""max_depth"":null,""max_features"":0.6,""max_samples"":null,""min_samples_leaf"":8,""n_estimators"":400}",ok,757,2.608544758767701,2.464709323620592,2.5239630118890357,2.414668606592106,1.0335114843126647,1.0207236375591555,1.2559362000029068,
3224a09011afb7610a0f,away,extra_trees,pitcher_only,"{""criterion"":""squared_error"",""max_depth"":null,""max_features"":1.0,""max_samples"":null,""min_samples_leaf"":8,""n_estimators"":400}",ok,757,2.6206626619398667,2.478133634109255,2.5239630118890357,2.414668606592106,1.0383126256586688,1.0262831211470955,1.3581428000179585,
1798653feb54412db66e,away,extra_trees,pitcher_only,"{""criterion"":""squared_error"",""max_depth"":14,""max_features"":0.6,""max_samples"":null,""min_samples_leaf"":2,""n_estimators"":400}",ok,757,2.6353340582259692,2.4960570464016385,2.5239630118890357,2.414668606592106,1.0441254668996036,1.0337058425273513,1.3197753999847919,
1a7bc076345f9ea0c21e,away,extra_trees,pitcher_only,"{""criterion"":""squared_error"",""max_depth"":14,""max_features"":1.0,""max_samples"":null,""min_samples_leaf"":2,""n_estimators"":400}",ok,757,2.675120924809477,2.533354719708607,2.5239630118890357,2.414668606592106,1.0598891157312598,1.0491521332544287,1.5728776000032667,
f876d74d59f455a3fd56,away,extra_trees,pitcher_only,"{""criterion"":""squared_error"",""max_depth"":14,""max_features"":0.6,""max_samples"":null,""min_samples_leaf"":8,""n_estimators"":400}",ok,757,2.6080867738442923,2.4614358001521306,2.5239630118890357,2.414668606592106,1.0333300296236492,1.019367955268209,1.2335316000098828,
d2d6e91897b32ce75495,away,extra_trees,pitcher_only,"{""criterion"":""squared_error"",""max_depth"":14,""max_features"":1.0,""max_samples"":null,""min_samples_leaf"":8,""n_estimators"":400}",ok,757,2.6195443649929215,2.476780937974903,2.5239630118890357,2.414668606592106,1.037869553814241,1.025722921651952,1.3179904000135139,
d005f3182f69434fe474,away,poisson_glm,pitcher_only,"{""alpha"":0.0,""solver"":""lbfgs""}",ok,757,1153.7176177858723,2304.501900109863,2.5239630118890357,2.414668606592106,457.1055963781274,954.3760555044757,0.22335990000283346,
67991ede7245f2125762,away,poisson_glm,pitcher_only,"{""alpha"":0.01,""solver"":""lbfgs""}",ok,757,2.663478496689699,2.541107696914702,2.5239630118890357,2.414668606592106,1.0552763587039433,1.0523629163759425,0.16094380000140518,
a11a9accc205606db5bd,away,poisson_glm,pitcher_only,"{""alpha"":0.1,""solver"":""lbfgs""}",ok,757,2.6427270152276248,2.5170857820489907,2.5239630118890357,2.414668606592106,1.04705457361267,1.0424145885598062,0.09887779998825863,
d52e4a82bc9bdd4bf86d,away,poisson_glm,pitcher_only,"{""alpha"":1.0,""solver"":""lbfgs""}",ok,757,2.6108087733244862,2.479296523304909,2.5239630118890357,2.414668606592106,1.0344084921317653,1.026764714850049,0.06466390000423416,
9bb507df34698dc12659,away,poisson_glm,pitcher_only,"{""alpha"":10.0,""solver"":""lbfgs""}",ok,757,2.577619629439851,2.4508710039090467,2.5239630118890357,2.414668606592106,1.0212588763377544,1.0149926980531023,0.0531077999912668,
6a7351cb93ea63604ee6,away,tweedie_glm,pitcher_only,"{""alpha"":0.01,""power"":1.2,""solver"":""lbfgs""}",ok,757,2.6597266287815566,2.536715547578952,2.5239630118890357,2.414668606592106,1.0537898599357485,1.0505439713978368,0.1349012999853585,
eeee32f4246c69434363,away,tweedie_glm,pitcher_only,"{""alpha"":0.1,""power"":1.2,""solver"":""lbfgs""}",ok,757,2.6384643077103216,2.5119548365394317,2.5239630118890357,2.414668606592106,1.045365679006361,1.0402896818560243,0.09043039998505265,
8b4729d8baedc620f160,away,tweedie_glm,pitcher_only,"{""alpha"":1.0,""power"":1.2,""solver"":""lbfgs""}",ok,757,2.604141624049838,2.4731319748918423,2.5239630118890357,2.414668606592106,1.031766952123753,1.0242117564870516,0.0589752999949269,
0a18a9616ee2f37287bf,away,tweedie_glm,pitcher_only,"{""alpha"":0.01,""power"":1.5,""solver"":""lbfgs""}",ok,757,2.655478040098364,2.531473325726325,2.5239630118890357,2.414668606592106,1.0521065592442647,1.048372981209653,0.1288879000057932,
ea7707fea6eede834124,away,tweedie_glm,pitcher_only,"{""alpha"":0.1,""power"":1.5,""solver"":""lbfgs""}",ok,757,2.631803109953532,2.5046483535883857,2.5239630118890357,2.414668606592106,1.0427264970035297,1.0372638078577874,0.07895789999747649,
f67fad2cfd8e57971f8a,away,tweedie_glm,pitcher_only,"{""alpha"":1.0,""power"":1.5,""solver"":""lbfgs""}",ok,757,2.5943781039453957,2.4651740724832316,2.5239630118890357,2.414668606592106,1.0278986228105056,1.0209161065635444,0.059127300017280504,
d919d88dab7b14cc1758,away,tweedie_glm,pitcher_only,"{""alpha"":0.01,""power"":1.8,""solver"":""lbfgs""}",ok,757,2.651753251495204,2.5274502624323243,2.5239630118890357,2.414668606592106,1.050630789359518,1.0467068878654078,0.11449420001008548,
a5263a7c6604db191562,away,tweedie_glm,pitcher_only,"{""alpha"":0.1,""power"":1.8,""solver"":""lbfgs""}",ok,757,2.62449925697794,2.4975742412666673,2.5239630118890357,2.414668606592106,1.0398326935122788,1.034334166787205,0.07414229999994859,
5eb553f3e6088a2b08b6,away,tweedie_glm,pitcher_only,"{""alpha"":1.0,""power"":1.8,""solver"":""lbfgs""}",ok,757,2.585973845142217,2.459064816611451,2.5239630118890357,2.414668606592106,1.024568835977818,1.018386046804991,0.053030400013085455,
9660af0984bdfff4d434,away,lightgbm,pitcher_only,"{""colsample_bytree"":0.9,""learning_rate"":0.025,""min_child_samples"":10,""n_estimators"":500,""num_leaves"":15,""objective"":""poisson"",""reg_lambda"":1.0,""subsample"":0.9,""tweedie_variance_power"":null}",ok,757,2.6778551640163686,2.6174798736537475,2.5239630118890357,2.414668606592106,1.0609724276474852,1.0839913462691988,0.8546380999905523,
ceb504f403930f51aba1,away,lightgbm,pitcher_only,"{""colsample_bytree"":0.9,""learning_rate"":0.025,""min_child_samples"":30,""n_estimators"":500,""num_leaves"":15,""objective"":""poisson"",""reg_lambda"":1.0,""subsample"":0.9,""tweedie_variance_power"":null}",ok,757,2.6916899421270792,2.609709454001799,2.5239630118890357,2.414668606592106,1.0664537988266753,1.0807733396115833,0.8148748000094201,
b495ab08c1fa84b17d57,away,lightgbm,pitcher_only,"{""colsample_bytree"":0.9,""learning_rate"":0.025,""min_child_samples"":10,""n_estimators"":500,""num_leaves"":31,""objective"":""poisson"",""reg_lambda"":1.0,""subsample"":0.9,""tweedie_variance_power"":null}",ok,757,2.6806825556763343,2.702893986584246,2.5239630118890357,2.414668606592106,1.062092646781699,1.1193643629628005,1.6722458000003826,
e4b3b2bb598ce1e6fcd2,away,lightgbm,pitcher_only,"{""colsample_bytree"":0.9,""learning_rate"":0.025,""min_child_samples"":30,""n_estimators"":500,""num_leaves"":31,""objective"":""poisson"",""reg_lambda"":1.0,""subsample"":0.9,""tweedie_variance_power"":null}",ok,757,2.684156557053302,2.645953951653228,2.5239630118890357,2.414668606592106,1.0634690541856915,1.095783472907921,1.43924980002339,
88dc9a0c6b447a5c28b7,away,lightgbm,pitcher_only,"{""colsample_bytree"":0.9,""learning_rate"":0.05,""min_child_samples"":10,""n_estimators"":500,""num_leaves"":15,""objective"":""poisson"",""reg_lambda"":1.0,""subsample"":0.9,""tweedie_variance_power"":null}",ok,757,2.7049966732554345,2.715241272573533,2.5239630118890357,2.414668606592106,1.0717259565665767,1.1244778124670425,0.8418252000119537,
91045f2343ff311de363,away,lightgbm,pitcher_only,"{""colsample_bytree"":0.9,""learning_rate"":0.05,""min_child_samples"":30,""n_estimators"":500,""num_leaves"":15,""objective"":""poisson"",""reg_lambda"":1.0,""subsample"":0.9,""tweedie_variance_power"":null}",ok,757,2.7225032126929367,2.716944603247734,2.5239630118890357,2.414668606592106,1.078662088100612,1.1251832221740103,0.8445918000070378,
65bc20ccc358ec61d5e8,away,lightgbm,pitcher_only,"{""colsample_bytree"":0.9,""learning_rate"":0.05,""min_child_samples"":10,""n_estimators"":500,""num_leaves"":31,""objective"":""poisson"",""reg_lambda"":1.0,""subsample"":0.9,""tweedie_variance_power"":null}",ok,757,2.7165674954524666,2.8737805517702792,2.5239630118890357,2.414668606592106,1.076310343161201,1.1901345567357715,1.6611994999984745,
52c835f2e208f2ba75cf,away,lightgbm,pitcher_only,"{""colsample_bytree"":0.9,""learning_rate"":0.05,""min_child_samples"":30,""n_estimators"":500,""num_leaves"":31,""objective"":""poisson"",""reg_lambda"":1.0,""subsample"":0.9,""tweedie_variance_power"":null}",ok,757,2.6779111274226324,2.7160594084440617,2.5239630118890357,2.414668606592106,1.060994600478862,1.1248166315779942,1.4145497000135947,
ee9bf322fae09383dc67,away,lightgbm,pitcher_only,"{""colsample_bytree"":0.9,""learning_rate"":0.1,""min_child_samples"":10,""n_estimators"":500,""num_leaves"":15,""objective"":""poisson"",""reg_lambda"":1.0,""subsample"":0.9,""tweedie_variance_power"":null}",ok,757,2.7270756357226116,2.946253452889726,2.5239630118890357,2.414668606592106,1.0804736927113516,1.2201481581556906,0.812071799999103,
260b73b164bf9ed4c0c7,away,lightgbm,pitcher_only,"{""colsample_bytree"":0.9,""learning_rate"":0.1,""min_child_samples"":30,""n_estimators"":500,""num_leaves"":15,""objective"":""poisson"",""reg_lambda"":1.0,""subsample"":0.9,""tweedie_variance_power"":null}",ok,757,2.725431555802262,2.815231479972367,2.5239630118890357,2.414668606592106,1.079822304433233,1.165887307387322,0.8164446000009775,
b8ceb8104f988f45126b,away,lightgbm,pitcher_only,"{""colsample_bytree"":0.9,""learning_rate"":0.1,""min_child_samples"":10,""n_estimators"":500,""num_leaves"":31,""objective"":""poisson"",""reg_lambda"":1.0,""subsample"":0.9,""tweedie_variance_power"":null}",ok,757,2.734816630012629,3.096876502042139,2.5239630118890357,2.414668606592106,1.0835406926053888,1.2825265105064885,1.6468469999963418,
07f8c7cd0be1da9f8a09,away,lightgbm,pitcher_only,"{""colsample_bytree"":0.9,""learning_rate"":0.1,""min_child_samples"":30,""n_estimators"":500,""num_leaves"":31,""objective"":""poisson"",""reg_lambda"":1.0,""subsample"":0.9,""tweedie_variance_power"":null}",ok,757,2.69226159481861,2.835446349327799,2.5239630118890357,2.414668606592106,1.0666802889490892,1.1742590024929132,1.4417759999923874,
d2c432a5e3b6c6fb4c2a,away,lightgbm,pitcher_only,"{""colsample_bytree"":0.9,""learning_rate"":0.025,""min_child_samples"":10,""n_estimators"":500,""num_leaves"":15,""objective"":""tweedie"",""reg_lambda"":1.0,""subsample"":0.9,""tweedie_variance_power"":1.5}",ok,757,2.734490220312898,2.9594299247271563,2.5239630118890357,2.414668606592106,1.0834113683252018,1.2256050029589312,0.8356265999900643,
5640bd31c035d719e861,away,lightgbm,pitcher_only,"{""colsample_bytree"":0.9,""learning_rate"":0.025,""min_child_samples"":30,""n_estimators"":500,""num_leaves"":15,""objective"":""tweedie"",""reg_lambda"":1.0,""subsample"":0.9,""tweedie_variance_power"":1.5}",ok,757,2.6941792669776428,2.7656277844083723,2.5239630118890357,2.414668606592106,1.06744007510681,1.1453446559325526,0.8240226000198163,
75b3d3bbd94436c9fcc6,away,lightgbm,pitcher_only,"{""colsample_bytree"":0.9,""learning_rate"":0.025,""min_child_samples"":10,""n_estimators"":500,""num_leaves"":31,""objective"":""tweedie"",""reg_lambda"":1.0,""subsample"":0.9,""tweedie_variance_power"":1.5}",ok,757,2.7371148275879778,3.0832442382431666,2.5239630118890357,2.414668606592106,1.0844512438157368,1.276880906069608,1.6563632999896072,
a4528ef45f3b4e71cd21,away,lightgbm,pitcher_only,"{""colsample_bytree"":0.9,""learning_rate"":0.025,""min_child_samples"":30,""n_estimators"":500,""num_leaves"":31,""objective"":""tweedie"",""reg_lambda"":1.0,""subsample"":0.9,""tweedie_variance_power"":1.5}",ok,757,2.6983789918069343,2.8194868766474044,2.5239630118890357,2.414668606592106,1.0691040158260317,1.1676496182333818,1.4412591999862343,
731e00b26563f30a96a9,away,lightgbm,pitcher_only,"{""colsample_bytree"":0.9,""learning_rate"":0.05,""min_child_samples"":10,""n_estimators"":500,""num_leaves"":15,""objective"":""tweedie"",""reg_lambda"":1.0,""subsample"":0.9,""tweedie_variance_power"":1.5}",ok,757,2.7768883720626323,3.2050588797067605,2.5239630118890357,2.414668606592106,1.1002096143969626,1.327328673987341,0.9020770999777596,
ac1f5f1e0dca958f4171,away,lightgbm,pitcher_only,"{""colsample_bytree"":0.9,""learning_rate"":0.05,""min_child_samples"":30,""n_estimators"":500,""num_leaves"":15,""objective"":""tweedie"",""reg_lambda"":1.0,""subsample"":0.9,""tweedie_variance_power"":1.5}",ok,757,2.757843915792216,2.9572567133185244,2.5239630118890357,2.414668606592106,1.092664156646311,1.2247049989572645,0.873976600007154,
cde5e2d45fed522458b6,away,lightgbm,pitcher_only,"{""colsample_bytree"":0.9,""learning_rate"":0.05,""min_child_samples"":10,""n_estimators"":500,""num_leaves"":31,""objective"":""tweedie"",""reg_lambda"":1.0,""subsample"":0.9,""tweedie_variance_power"":1.5}",ok,757,2.800505910478745,3.3951921998974752,2.5239630118890357,2.414668606592106,1.1095669379016508,1.4060696323414794,1.6427986999915447,
bf25b89bebd01dc8bd70,away,lightgbm,pitcher_only,"{""colsample_bytree"":0.9,""learning_rate"":0.05,""min_child_samples"":30,""n_estimators"":500,""num_leaves"":31,""objective"":""tweedie"",""reg_lambda"":1.0,""subsample"":0.9,""tweedie_variance_power"":1.5}",ok,757,2.7473497400825027,3.0155782848638384,2.5239630118890357,2.414668606592106,1.0885063398873962,1.2488580323739804,1.412624999997206,
5814f28c63475679c6bd,away,lightgbm,pitcher_only,"{""colsample_bytree"":0.9,""learning_rate"":0.1,""min_child_samples"":10,""n_estimators"":500,""num_leaves"":15,""objective"":""tweedie"",""reg_lambda"":1.0,""subsample"":0.9,""tweedie_variance_power"":1.5}",ok,757,2.8531008538331886,3.508349742041378,2.5239630118890357,2.414668606592106,1.130405176460099,1.4529321880706507,0.8013254999823403,
95e25381bd4ac938a6bd,away,lightgbm,pitcher_only,"{""colsample_bytree"":0.9,""learning_rate"":0.1,""min_child_samples"":30,""n_estimators"":500,""num_leaves"":15,""objective"":""tweedie"",""reg_lambda"":1.0,""subsample"":0.9,""tweedie_variance_power"":1.5}",ok,757,2.8489324910124925,3.2639564396092786,2.5239630118890357,2.414668606592106,1.1287536614414315,1.3517202446325742,0.7865860000019893,
f615d8b297d327f78828,away,lightgbm,pitcher_only,"{""colsample_bytree"":0.9,""learning_rate"":0.1,""min_child_samples"":10,""n_estimators"":500,""num_leaves"":31,""objective"":""tweedie"",""reg_lambda"":1.0,""subsample"":0.9,""tweedie_variance_power"":1.5}",ok,757,2.8966912228376067,3.851670581566279,2.5239630118890357,2.414668606592106,1.1476757817736822,1.5951135369264011,1.691011899994919,
a87ebf4215c02629e046,away,lightgbm,pitcher_only,"{""colsample_bytree"":0.9,""learning_rate"":0.1,""min_child_samples"":30,""n_estimators"":500,""num_leaves"":31,""objective"":""tweedie"",""reg_lambda"":1.0,""subsample"":0.9,""tweedie_variance_power"":1.5}",ok,757,2.8029859341680172,3.2638212218456926,2.5239630118890357,2.414668606592106,1.1105495290401064,1.3516642461559232,1.494131200015545,
7d5e9f1690638a00be50,away,lightgbm,pitcher_only,"{""colsample_bytree"":0.9,""learning_rate"":0.025,""min_child_samples"":10,""n_estimators"":500,""num_leaves"":15,""objective"":""regression"",""reg_lambda"":1.0,""subsample"":0.9,""tweedie_variance_power"":null}",ok,757,2.770469660024737,2.6954563053808824,2.5239630118890357,2.414668606592106,1.0976665057984372,1.116284155110237,0.8778687000158243,
f1f2f5c6ae87b7e9c2aa,away,lightgbm,pitcher_only,"{""colsample_bytree"":0.9,""learning_rate"":0.025,""min_child_samples"":30,""n_estimators"":500,""num_leaves"":15,""objective"":""regression"",""reg_lambda"":1.0,""subsample"":0.9,""tweedie_variance_power"":null}",ok,757,2.775008968183745,2.742049748234216,2.5239630118890357,2.414668606592106,1.099464990220604,1.1355801540419879,0.8343765999889001,
64da3634ed0c52f0cea3,away,lightgbm,pitcher_only,"{""colsample_bytree"":0.9,""learning_rate"":0.025,""min_child_samples"":10,""n_estimators"":500,""num_leaves"":31,""objective"":""regression"",""reg_lambda"":1.0,""subsample"":0.9,""tweedie_variance_power"":null}",ok,757,2.793614218834911,2.72899049480661,2.5239630118890357,2.414668606592106,1.1068364336861092,1.1301718535439593,1.6986290999921039,
29d8a0910b6513e3f110,away,lightgbm,pitcher_only,"{""colsample_bytree"":0.9,""learning_rate"":0.025,""min_child_samples"":30,""n_estimators"":500,""num_leaves"":31,""objective"":""regression"",""reg_lambda"":1.0,""subsample"":0.9,""tweedie_variance_power"":null}",ok,757,2.7961064429606157,2.7657946813178658,2.5239630118890357,2.414668606592106,1.10782385866578,1.1454137738682553,1.4350789000163786,
bd01e75a30f43a8dde3e,away,lightgbm,pitcher_only,"{""colsample_bytree"":0.9,""learning_rate"":0.05,""min_child_samples"":10,""n_estimators"":500,""num_leaves"":15,""objective"":""regression"",""reg_lambda"":1.0,""subsample"":0.9,""tweedie_variance_power"":null}",ok,757,2.8548491919884875,2.8493711967032676,2.5239630118890357,2.414668606592106,1.1310978720927465,1.1800257761766615,0.862662100000307,
a25a1c34cbbab3fc8e92,away,lightgbm,pitcher_only,"{""colsample_bytree"":0.9,""learning_rate"":0.05,""min_child_samples"":30,""n_estimators"":500,""num_leaves"":15,""objective"":""regression"",""reg_lambda"":1.0,""subsample"":0.9,""tweedie_variance_power"":null}",failed,757,,,2.5239630118890357,2.414668606592106,,,0.19798299999092706,RuntimeError: lightgbm emitted invalid predictions: nonfinite=0 nonpositive=1
f5e7eb3d157002f0a9da,away,lightgbm,pitcher_only,"{""colsample_bytree"":0.9,""learning_rate"":0.05,""min_child_samples"":10,""n_estimators"":500,""num_leaves"":31,""objective"":""regression"",""reg_lambda"":1.0,""subsample"":0.9,""tweedie_variance_power"":null}",ok,757,2.822680154070757,2.7866028022198908,2.5239630118890357,2.414668606592106,1.1183524246491034,1.1540311555019993,1.7118130000017118,
92a203c29d6c33072c96,away,lightgbm,pitcher_only,"{""colsample_bytree"":0.9,""learning_rate"":0.05,""min_child_samples"":30,""n_estimators"":500,""num_leaves"":31,""objective"":""regression"",""reg_lambda"":1.0,""subsample"":0.9,""tweedie_variance_power"":null}",ok,757,2.8513093377230057,2.9139842640009443,2.5239630118890357,2.414668606592106,1.1296953736215694,1.2067843413566954,1.4854111999738961,
89e6e3c96c7a1418cab2,away,lightgbm,pitcher_only,"{""colsample_bytree"":0.9,""learning_rate"":0.1,""min_child_samples"":10,""n_estimators"":500,""num_leaves"":15,""objective"":""regression"",""reg_lambda"":1.0,""subsample"":0.9,""tweedie_variance_power"":null}",ok,757,2.9119421291389367,2.975759597932676,2.5239630118890357,2.414668606592106,1.1537182262269057,1.2323677003994573,0.8258637000108138,
c8aa9dc3f33fd19e2ead,away,lightgbm,pitcher_only,"{""colsample_bytree"":0.9,""learning_rate"":0.1,""min_child_samples"":30,""n_estimators"":500,""num_leaves"":15,""objective"":""regression"",""reg_lambda"":1.0,""subsample"":0.9,""tweedie_variance_power"":null}",failed,757,,,2.5239630118890357,2.414668606592106,,,0.18503490000148304,RuntimeError: lightgbm emitted invalid predictions: nonfinite=0 nonpositive=1
8ae58f0eca7eafbddabc,away,lightgbm,pitcher_only,"{""colsample_bytree"":0.9,""learning_rate"":0.1,""min_child_samples"":10,""n_estimators"":500,""num_leaves"":31,""objective"":""regression"",""reg_lambda"":1.0,""subsample"":0.9,""tweedie_variance_power"":null}",ok,757,2.8730217420120803,2.8263262779280027,2.5239630118890357,2.414668606592106,1.1382978785658966,1.170482057128693,1.6878282000252511,
5ea0ebb977895a94f9f5,away,lightgbm,pitcher_only,"{""colsample_bytree"":0.9,""learning_rate"":0.1,""min_child_samples"":30,""n_estimators"":500,""num_leaves"":31,""objective"":""regression"",""reg_lambda"":1.0,""subsample"":0.9,""tweedie_variance_power"":null}",failed,757,,,2.5239630118890357,2.414668606592106,,,0.2795596999931149,RuntimeError: lightgbm emitted invalid predictions: nonfinite=0 nonpositive=1
84b4cfc183fcee4fe58f,away,xgboost,pitcher_only,"{""colsample_bytree"":0.9,""learning_rate"":0.025,""max_depth"":3,""min_child_weight"":1.0,""n_estimators"":500,""objective"":""count:poisson"",""reg_lambda"":1.0,""subsample"":0.9,""tweedie_variance_power"":null}",ok,757,2.6621040860129472,2.552237121531615,2.5239630118890357,2.414668606592106,1.054731814005674,1.0569720062471277,1.218653899995843,
91a25c698e7c8d6e9366,away,xgboost,pitcher_only,"{""colsample_bytree"":0.9,""learning_rate"":0.025,""max_depth"":3,""min_child_weight"":5.0,""n_estimators"":500,""objective"":""count:poisson"",""reg_lambda"":1.0,""subsample"":0.9,""tweedie_variance_power"":null}",ok,757,2.6622158400763607,2.5522162725319566,2.5239630118890357,2.414668606592106,1.0547760912248278,1.0569633719361498,1.1908569000079297,
7ba096661f672e0fe6d5,away,xgboost,pitcher_only,"{""colsample_bytree"":0.9,""learning_rate"":0.025,""max_depth"":6,""min_child_weight"":1.0,""n_estimators"":500,""objective"":""count:poisson"",""reg_lambda"":1.0,""subsample"":0.9,""tweedie_variance_power"":null}",ok,757,2.6402359290671003,2.680116493901886,2.5239630118890357,2.414668606592106,1.046067599497443,1.1099313945545572,3.585194399987813,
73067c73e7b95e1328b9,away,xgboost,pitcher_only,"{""colsample_bytree"":0.9,""learning_rate"":0.025,""max_depth"":6,""min_child_weight"":5.0,""n_estimators"":500,""objective"":""count:poisson"",""reg_lambda"":1.0,""subsample"":0.9,""tweedie_variance_power"":null}",ok,757,2.6364126769208216,2.6771690282258906,2.5239630118890357,2.414668606592106,1.0445528181285129,1.108710744371775,3.710218199994415,
bd7956e8c27e32c8b05f,away,xgboost,pitcher_only,"{""colsample_bytree"":0.9,""learning_rate"":0.05,""max_depth"":3,""min_child_weight"":1.0,""n_estimators"":500,""objective"":""count:poisson"",""reg_lambda"":1.0,""subsample"":0.9,""tweedie_variance_power"":null}",ok,757,2.7129790346720104,2.680038020655738,2.5239630118890357,2.414668606592106,1.0748885866760414,1.1098988959972258,1.2488689000019804,
c3a392899f59210ee235,away,xgboost,pitcher_only,"{""colsample_bytree"":0.9,""learning_rate"":0.05,""max_depth"":3,""min_child_weight"":5.0,""n_estimators"":500,""objective"":""count:poisson"",""reg_lambda"":1.0,""subsample"":0.9,""tweedie_variance_power"":null}",ok,757,2.7123842377958716,2.680487635543937,2.5239630118890357,2.414668606592106,1.0746529267739997,1.1100850974854843,1.2134352999855764,
fc730422b4a80e498616,away,xgboost,pitcher_only,"{""colsample_bytree"":0.9,""learning_rate"":0.05,""max_depth"":6,""min_child_weight"":1.0,""n_estimators"":500,""objective"":""count:poisson"",""reg_lambda"":1.0,""subsample"":0.9,""tweedie_variance_power"":null}",ok,757,2.707817495105446,3.085937747906423,2.5239630118890357,2.414668606592106,1.0728435727268468,1.2779963840511013,3.4859665999829303,
f29eb2fc43379ecee00b,away,xgboost,pitcher_only,"{""colsample_bytree"":0.9,""learning_rate"":0.05,""max_depth"":6,""min_child_weight"":5.0,""n_estimators"":500,""objective"":""count:poisson"",""reg_lambda"":1.0,""subsample"":0.9,""tweedie_variance_power"":null}",ok,757,2.6927950492465826,3.043030731422522,2.5239630118890357,2.414668606592106,1.066891644830875,1.2602270651612282,3.4632200000050943,
afb65be2fcd3c9f68c48,away,xgboost,pitcher_only,"{""colsample_bytree"":0.9,""learning_rate"":0.1,""max_depth"":3,""min_child_weight"":1.0,""n_estimators"":500,""objective"":""count:poisson"",""reg_lambda"":1.0,""subsample"":0.9,""tweedie_variance_power"":null}",ok,757,2.733868226979809,2.7911293684907497,2.5239630118890357,2.414668606592106,1.0831649331238304,1.155905767305251,1.197557900013635,
ef2ebe9c81bf9923f434,away,xgboost,pitcher_only,"{""colsample_bytree"":0.9,""learning_rate"":0.1,""max_depth"":3,""min_child_weight"":5.0,""n_estimators"":500,""objective"":""count:poisson"",""reg_lambda"":1.0,""subsample"":0.9,""tweedie_variance_power"":null}",ok,757,2.7282994087967563,2.7737777342336547,2.5239630118890357,2.414668606592106,1.0809585544420426,1.1487198395097247,1.2291783000109717,
29a6af54bed8b08ff330,away,xgboost,pitcher_only,"{""colsample_bytree"":0.9,""learning_rate"":0.1,""max_depth"":6,""min_child_weight"":1.0,""n_estimators"":500,""objective"":""count:poisson"",""reg_lambda"":1.0,""subsample"":0.9,""tweedie_variance_power"":null}",ok,757,2.816320218805278,3.702610137046076,2.5239630118890357,2.414668606592106,1.1158326035441504,1.5333823146322676,3.34815730000264,
92d3a7ad64c1cff4dd4b,away,xgboost,pitcher_only,"{""colsample_bytree"":0.9,""learning_rate"":0.1,""max_depth"":6,""min_child_weight"":5.0,""n_estimators"":500,""objective"":""count:poisson"",""reg_lambda"":1.0,""subsample"":0.9,""tweedie_variance_power"":null}",ok,757,2.791196784223559,3.496651763691092,2.5239630118890357,2.414668606592106,1.1058786404855097,1.4480876399126343,3.3225225000060163,
cbb54e60a571b83f0762,away,xgboost,pitcher_only,"{""colsample_bytree"":0.9,""learning_rate"":0.025,""max_depth"":3,""min_child_weight"":1.0,""n_estimators"":500,""objective"":""reg:tweedie"",""reg_lambda"":1.0,""subsample"":0.9,""tweedie_variance_power"":1.5}",ok,757,2.6518861108128586,2.782832093835316,2.5239630118890357,2.414668606592106,1.0506834285293587,1.152469571285316,1.2353650000004563,
6e5b9007c065ccf49bdd,away,xgboost,pitcher_only,"{""colsample_bytree"":0.9,""learning_rate"":0.025,""max_depth"":3,""min_child_weight"":5.0,""n_estimators"":500,""objective"":""reg:tweedie"",""reg_lambda"":1.0,""subsample"":0.9,""tweedie_variance_power"":1.5}",ok,757,2.650710460374346,2.760798699983732,2.5239630118890357,2.414668606592106,1.0502176330985322,1.143344760621264,1.2340242000063881,
70787c281fe877f37020,away,xgboost,pitcher_only,"{""colsample_bytree"":0.9,""learning_rate"":0.025,""max_depth"":6,""min_child_weight"":1.0,""n_estimators"":500,""objective"":""reg:tweedie"",""reg_lambda"":1.0,""subsample"":0.9,""tweedie_variance_power"":1.5}",ok,757,2.7712374379171876,3.4307876893489135,2.5239630118890357,2.414668606592106,1.0979707011803956,1.420810988299917,3.5601767000043765,
e44324e2f8c2f3ff0c98,away,xgboost,pitcher_only,"{""colsample_bytree"":0.9,""learning_rate"":0.025,""max_depth"":6,""min_child_weight"":5.0,""n_estimators"":500,""objective"":""reg:tweedie"",""reg_lambda"":1.0,""subsample"":0.9,""tweedie_variance_power"":1.5}",ok,757,2.7244302214688005,3.2036413546049607,2.5239630118890357,2.414668606592106,1.0794255734475788,1.3267416265151,3.3306191000156105,
b35fffdbea4d1cdf9583,away,xgboost,pitcher_only,"{""colsample_bytree"":0.9,""learning_rate"":0.05,""max_depth"":3,""min_child_weight"":1.0,""n_estimators"":500,""objective"":""reg:tweedie"",""reg_lambda"":1.0,""subsample"":0.9,""tweedie_variance_power"":1.5}",ok,757,2.7440580006004796,3.0863075337978856,2.5239630118890357,2.414668606592106,1.0872021450689628,1.2781495255175754,1.316783000016585,
1d9479f873fa23da5c8d,away,xgboost,pitcher_only,"{""colsample_bytree"":0.9,""learning_rate"":0.05,""max_depth"":3,""min_child_weight"":5.0,""n_estimators"":500,""objective"":""reg:tweedie"",""reg_lambda"":1.0,""subsample"":0.9,""tweedie_variance_power"":1.5}",ok,757,2.7300897742199615,2.971568780685126,2.5239630118890357,2.414668606592106,1.0816679013757227,1.2306321341871378,1.365367399994284,
5939f3e85518ad3a5887,away,xgboost,pitcher_only,"{""colsample_bytree"":0.9,""learning_rate"":0.05,""max_depth"":6,""min_child_weight"":1.0,""n_estimators"":500,""objective"":""reg:tweedie"",""reg_lambda"":1.0,""subsample"":0.9,""tweedie_variance_power"":1.5}",ok,757,2.8997299023553276,4.14475075006009,2.5239630118890357,2.414668606592106,1.1488797136472506,1.7164884401713825,3.4781738000165205,
f48b1afb77e692cf3533,away,xgboost,pitcher_only,"{""colsample_bytree"":0.9,""learning_rate"":0.05,""max_depth"":6,""min_child_weight"":5.0,""n_estimators"":500,""objective"":""reg:tweedie"",""reg_lambda"":1.0,""subsample"":0.9,""tweedie_variance_power"":1.5}",ok,757,2.8028358922215717,3.603952495487988,2.5239630118890357,2.414668606592106,1.1104900820728811,1.4925246825378469,3.1360665000102017,
c169afe8311d56dd53cf,away,xgboost,pitcher_only,"{""colsample_bytree"":0.9,""learning_rate"":0.1,""max_depth"":3,""min_child_weight"":1.0,""n_estimators"":500,""objective"":""reg:tweedie"",""reg_lambda"":1.0,""subsample"":0.9,""tweedie_variance_power"":1.5}",ok,757,2.8382415464406283,3.5650753725495803,2.5239630118890357,2.414668606592106,1.1245178844028993,1.476424285641862,1.261008400004357,
64c3e1245d764bd1ee0c,away,xgboost,pitcher_only,"{""colsample_bytree"":0.9,""learning_rate"":0.1,""max_depth"":3,""min_child_weight"":5.0,""n_estimators"":500,""objective"":""reg:tweedie"",""reg_lambda"":1.0,""subsample"":0.9,""tweedie_variance_power"":1.5}",ok,757,2.832987674318815,3.4052857161244123,2.5239630118890357,2.414668606592106,1.1224362880811367,1.4102497157696492,1.2660423999768682,
e62d2d8f42fbfe4a4a4d,away,xgboost,pitcher_only,"{""colsample_bytree"":0.9,""learning_rate"":0.1,""max_depth"":6,""min_child_weight"":1.0,""n_estimators"":500,""objective"":""reg:tweedie"",""reg_lambda"":1.0,""subsample"":0.9,""tweedie_variance_power"":1.5}",ok,757,2.967795103788376,4.726586940412565,2.5239630118890357,2.414668606592106,1.1758473043418962,1.9574474640159165,3.3255685000040103,
0c9332d21a20feccf306,away,xgboost,pitcher_only,"{""colsample_bytree"":0.9,""learning_rate"":0.1,""max_depth"":6,""min_child_weight"":5.0,""n_estimators"":500,""objective"":""reg:tweedie"",""reg_lambda"":1.0,""subsample"":0.9,""tweedie_variance_power"":1.5}",ok,757,2.913984137155421,4.171595489734245,2.5239630118890357,2.414668606592106,1.1545272745397634,1.7276057999618184,3.0550425999972504,
d443344bb683ecc73fe8,away,xgboost,pitcher_only,"{""colsample_bytree"":0.9,""learning_rate"":0.025,""max_depth"":3,""min_child_weight"":1.0,""n_estimators"":500,""objective"":""reg:squarederror"",""reg_lambda"":1.0,""subsample"":0.9,""tweedie_variance_power"":null}",ok,757,2.775232111289605,2.666933807206502,2.5239630118890357,2.414668606592106,1.0995534000367577,1.1044719759579866,1.1899619000032544,
74f35318a0e2cd952349,away,xgboost,pitcher_only,"{""colsample_bytree"":0.9,""learning_rate"":0.025,""max_depth"":3,""min_child_weight"":5.0,""n_estimators"":500,""objective"":""reg:squarederror"",""reg_lambda"":1.0,""subsample"":0.9,""tweedie_variance_power"":null}",ok,757,2.7412625637835526,2.653627480891695,2.5239630118890357,2.414668606592106,1.0860945865176848,1.0989613538053318,1.1563396999845281,
d60a27bf5ccee5965ac3,away,xgboost,pitcher_only,"{""colsample_bytree"":0.9,""learning_rate"":0.025,""max_depth"":6,""min_child_weight"":1.0,""n_estimators"":500,""objective"":""reg:squarederror"",""reg_lambda"":1.0,""subsample"":0.9,""tweedie_variance_power"":null}",ok,757,2.7895560233092214,2.6657351928320967,2.5239630118890357,2.414668606592106,1.1052285672052717,1.1039755871901313,3.678976600000169,
25c577f559d694ed6bfb,away,xgboost,pitcher_only,"{""colsample_bytree"":0.9,""learning_rate"":0.025,""max_depth"":6,""min_child_weight"":5.0,""n_estimators"":500,""objective"":""reg:squarederror"",""reg_lambda"":1.0,""subsample"":0.9,""tweedie_variance_power"":null}",ok,757,2.7992000964075285,2.686185378022228,2.5239630118890357,2.414668606592106,1.109049571337614,1.1124447349374875,3.139470499998424,
5b23fa4840126c6773a2,away,xgboost,pitcher_only,"{""colsample_bytree"":0.9,""learning_rate"":0.05,""max_depth"":3,""min_child_weight"":1.0,""n_estimators"":500,""objective"":""reg:squarederror"",""reg_lambda"":1.0,""subsample"":0.9,""tweedie_variance_power"":null}",ok,757,2.83826259908462,2.742235232442961,2.5239630118890357,2.414668606592106,1.1245262255092834,1.1356569696382308,1.2016882000025362,
a50e7e0a8daaf00dc33c,away,xgboost,pitcher_only,"{""colsample_bytree"":0.9,""learning_rate"":0.05,""max_depth"":3,""min_child_weight"":5.0,""n_estimators"":500,""objective"":""reg:squarederror"",""reg_lambda"":1.0,""subsample"":0.9,""tweedie_variance_power"":null}",ok,757,2.819681535151392,2.7614690905334838,2.5239630118890357,2.414668606592106,1.11716436487753,1.1436223931493554,1.1801623000064865,
42c41edb21aaeb782dc1,away,xgboost,pitcher_only,"{""colsample_bytree"":0.9,""learning_rate"":0.05,""max_depth"":6,""min_child_weight"":1.0,""n_estimators"":500,""objective"":""reg:squarederror"",""reg_lambda"":1.0,""subsample"":0.9,""tweedie_variance_power"":null}",ok,757,2.845880184337359,2.765009094444713,2.5239630118890357,2.414668606592106,1.127544330456486,1.1450884344527312,3.8337747999757994,
8f22de5051a4a312eafb,away,xgboost,pitcher_only,"{""colsample_bytree"":0.9,""learning_rate"":0.05,""max_depth"":6,""min_child_weight"":5.0,""n_estimators"":500,""objective"":""reg:squarederror"",""reg_lambda"":1.0,""subsample"":0.9,""tweedie_variance_power"":null}",ok,757,2.8430179041002037,2.8071640718062727,2.5239630118890357,2.414668606592106,1.126410288387061,1.1625463072417657,3.0345833000028506,
b2cdeb2448562a89d706,away,xgboost,pitcher_only,"{""colsample_bytree"":0.9,""learning_rate"":0.1,""max_depth"":3,""min_child_weight"":1.0,""n_estimators"":500,""objective"":""reg:squarederror"",""reg_lambda"":1.0,""subsample"":0.9,""tweedie_variance_power"":null}",failed,757,,,2.5239630118890357,2.414668606592106,,,0.27996299997903407,RuntimeError: xgboost emitted invalid predictions: nonfinite=0 nonpositive=1
a8dcf19a124d84faf72b,away,xgboost,pitcher_only,"{""colsample_bytree"":0.9,""learning_rate"":0.1,""max_depth"":3,""min_child_weight"":5.0,""n_estimators"":500,""objective"":""reg:squarederror"",""reg_lambda"":1.0,""subsample"":0.9,""tweedie_variance_power"":null}",ok,757,2.940982184879718,3.0483523654205635,2.5239630118890357,2.414668606592106,1.1652239636739243,1.2624309427382643,1.1775438000040594,
448c2a672c5877a65693,away,xgboost,pitcher_only,"{""colsample_bytree"":0.9,""learning_rate"":0.1,""max_depth"":6,""min_child_weight"":1.0,""n_estimators"":500,""objective"":""reg:squarederror"",""reg_lambda"":1.0,""subsample"":0.9,""tweedie_variance_power"":null}",ok,757,2.790584146110353,2.7402026494666045,2.5239630118890357,2.414668606592106,1.1056359118439567,1.134815204863219,3.4559670999879017,
149cb63e0823805b5e56,away,xgboost,pitcher_only,"{""colsample_bytree"":0.9,""learning_rate"":0.1,""max_depth"":6,""min_child_weight"":5.0,""n_estimators"":500,""objective"":""reg:squarederror"",""reg_lambda"":1.0,""subsample"":0.9,""tweedie_variance_power"":null}",ok,757,2.8871896673225192,2.8728843200495864,2.5239630118890357,2.414668606592106,1.1439112434384013,1.1897633953605642,2.990839000005508,
cd9d1ae111589aa344a0,away,hist_gradient_boosting,bullpen_only,"{""l2_regularization"":0.0,""learning_rate"":0.025,""loss"":""poisson"",""max_iter"":300,""max_leaf_nodes"":15,""min_samples_leaf"":10}",ok,757,2.6708769456261328,2.7260595690684366,2.5239630118890357,2.414668606592106,1.0582076413343082,1.1289580531366603,1.4150483999983408,
e15d831dd9705dadff5c,away,hist_gradient_boosting,bullpen_only,"{""l2_regularization"":5.0,""learning_rate"":0.025,""loss"":""poisson"",""max_iter"":300,""max_leaf_nodes"":15,""min_samples_leaf"":10}",ok,757,2.66740046661121,2.6940179902304457,2.5239630118890357,2.414668606592106,1.0568302522844104,1.1156884977407289,1.44348469999386,
2fa9e7dfa60b0a872943,away,hist_gradient_boosting,bullpen_only,"{""l2_regularization"":0.0,""learning_rate"":0.025,""loss"":""poisson"",""max_iter"":300,""max_leaf_nodes"":15,""min_samples_leaf"":30}",ok,757,2.667933283787292,2.7326802413086537,2.5239630118890357,2.414668606592106,1.057041355685519,1.1316999085706285,1.3397913000080734,
0aca2a889981e1d1acd1,away,hist_gradient_boosting,bullpen_only,"{""l2_regularization"":5.0,""learning_rate"":0.025,""loss"":""poisson"",""max_iter"":300,""max_leaf_nodes"":15,""min_samples_leaf"":30}",ok,757,2.6758995069021974,2.7196537954762907,2.5239630118890357,2.414668606592106,1.060197591762427,1.1263051948625857,1.3542117000033613,
0cb9ad920b6b31543639,away,hist_gradient_boosting,bullpen_only,"{""l2_regularization"":0.0,""learning_rate"":0.025,""loss"":""poisson"",""max_iter"":300,""max_leaf_nodes"":31,""min_samples_leaf"":10}",ok,757,2.6612453980470847,2.8756721798873017,2.5239630118890357,2.414668606592106,1.054391599841751,1.1909179470990943,2.60507239997969,
130d90bb058da886713e,away,hist_gradient_boosting,bullpen_only,"{""l2_regularization"":5.0,""learning_rate"":0.025,""loss"":""poisson"",""max_iter"":300,""max_leaf_nodes"":31,""min_samples_leaf"":10}",ok,757,2.6333140603904774,2.830186889603838,2.5239630118890357,2.414668606592106,1.0433251390715108,1.1720808734901993,2.7023621999833267,
81f9660ee6fc7d1111f8,away,hist_gradient_boosting,bullpen_only,"{""l2_regularization"":0.0,""learning_rate"":0.025,""loss"":""poisson"",""max_iter"":300,""max_leaf_nodes"":31,""min_samples_leaf"":30}",ok,757,2.6789103447274276,2.846013853554866,2.5239630118890357,2.414668606592106,1.0613904926928477,1.1786353811803312,2.2204605000151787,
a14af66b68ef5436a84f,away,hist_gradient_boosting,bullpen_only,"{""l2_regularization"":5.0,""learning_rate"":0.025,""loss"":""poisson"",""max_iter"":300,""max_leaf_nodes"":31,""min_samples_leaf"":30}",ok,757,2.667324182814279,2.8190195900756665,2.5239630118890357,2.414668606592106,1.0568000284671153,1.167456098273557,2.225872100010747,
740760c83aae761497cf,away,hist_gradient_boosting,bullpen_only,"{""l2_regularization"":0.0,""learning_rate"":0.05,""loss"":""poisson"",""max_iter"":300,""max_leaf_nodes"":15,""min_samples_leaf"":10}",ok,757,2.679362047457239,2.8462926517486267,2.5239630118890357,2.414668606592106,1.0615694583621873,1.1787508414107741,1.5244031999900471,
027658d2cbea90ad8ef7,away,hist_gradient_boosting,bullpen_only,"{""l2_regularization"":5.0,""learning_rate"":0.05,""loss"":""poisson"",""max_iter"":300,""max_leaf_nodes"":15,""min_samples_leaf"":10}",ok,757,2.6935981177832082,2.8761248489105293,2.5239630118890357,2.414668606592106,1.0672098224479172,1.1911054134131018,1.5743542999844067,
4629dc2e756c177f99ea,away,hist_gradient_boosting,bullpen_only,"{""l2_regularization"":0.0,""learning_rate"":0.05,""loss"":""poisson"",""max_iter"":300,""max_leaf_nodes"":15,""min_samples_leaf"":30}",ok,757,2.696371706481165,2.87505982025358,2.5239630118890357,2.414668606592106,1.0683087247237795,1.190664347233651,1.4130502000043634,
da9f652e17fa76dc40ea,away,hist_gradient_boosting,bullpen_only,"{""l2_regularization"":5.0,""learning_rate"":0.05,""loss"":""poisson"",""max_iter"":300,""max_leaf_nodes"":15,""min_samples_leaf"":30}",ok,757,2.711351660601263,2.890359121788134,2.5239630118890357,2.414668606592106,1.0742438172942868,1.1970003311830786,1.3634325000166427,
bb146dad0f9b01e721e1,away,hist_gradient_boosting,bullpen_only,"{""l2_regularization"":0.0,""learning_rate"":0.05,""loss"":""poisson"",""max_iter"":300,""max_leaf_nodes"":31,""min_samples_leaf"":10}",ok,757,2.6720419946712806,3.062579910860321,2.5239630118890357,2.414668606592106,1.058669236468492,1.2683230744373786,2.563395999983186,
cb19a0a25de14d0e7bf6,away,hist_gradient_boosting,bullpen_only,"{""l2_regularization"":5.0,""learning_rate"":0.05,""loss"":""poisson"",""max_iter"":300,""max_leaf_nodes"":31,""min_samples_leaf"":10}",ok,757,2.673312532944441,3.0288442076868662,2.5239630118890357,2.414668606592106,1.0591726266795116,1.2543519220062105,2.6434920000028796,
952699d287520773870c,away,hist_gradient_boosting,bullpen_only,"{""l2_regularization"":0.0,""learning_rate"":0.05,""loss"":""poisson"",""max_iter"":300,""max_leaf_nodes"":31,""min_samples_leaf"":30}",ok,757,2.676023018028943,2.946616963946654,2.5239630118890357,2.414668606592106,1.0602465271573451,1.2202987009904032,2.2571557000046596,
992d65a7f8252464fd64,away,hist_gradient_boosting,bullpen_only,"{""l2_regularization"":5.0,""learning_rate"":0.05,""loss"":""poisson"",""max_iter"":300,""max_leaf_nodes"":31,""min_samples_leaf"":30}",ok,757,2.672296560542952,2.9694107398205647,2.5239630118890357,2.414668606592106,1.0587700960573496,1.2297384128463833,2.2680063000007067,
c4d6167474ce2ca373ca,away,hist_gradient_boosting,bullpen_only,"{""l2_regularization"":0.0,""learning_rate"":0.1,""loss"":""poisson"",""max_iter"":300,""max_leaf_nodes"":15,""min_samples_leaf"":10}",ok,757,2.751697190923205,3.189288749821753,2.5239630118890357,2.414668606592106,1.0902288099950102,1.3207977033017757,1.3733194000087678,
b3a80d6c0c1acfbb916e,away,hist_gradient_boosting,bullpen_only,"{""l2_regularization"":5.0,""learning_rate"":0.1,""loss"":""poisson"",""max_iter"":300,""max_leaf_nodes"":15,""min_samples_leaf"":10}",ok,757,2.690147669125703,3.04076302977118,2.5239630118890357,2.414668606592106,1.0658427466860094,1.2592879293952886,1.4087913999974262,
4f3dced04c67a22e9fba,away,hist_gradient_boosting,bullpen_only,"{""l2_regularization"":0.0,""learning_rate"":0.1,""loss"":""poisson"",""max_iter"":300,""max_leaf_nodes"":15,""min_samples_leaf"":30}",ok,757,2.7242602390608006,3.06406692071383,2.5239630118890357,2.414668606592106,1.079358226023231,1.268938898012278,1.3161130999797024,
2fbc046fb4cad3273612,away,hist_gradient_boosting,bullpen_only,"{""l2_regularization"":5.0,""learning_rate"":0.1,""loss"":""poisson"",""max_iter"":300,""max_leaf_nodes"":15,""min_samples_leaf"":30}",ok,757,2.7367058498049057,3.071300833859809,2.5239630118890357,2.414668606592106,1.0842892058694016,1.2719347182777299,1.3783873000065796,
02d70c00f422316120e0,away,hist_gradient_boosting,bullpen_only,"{""l2_regularization"":0.0,""learning_rate"":0.1,""loss"":""poisson"",""max_iter"":300,""max_leaf_nodes"":31,""min_samples_leaf"":10}",ok,757,2.7214739649500683,3.363140250768097,2.5239630118890357,2.414668606592106,1.0782542977574014,1.3927957822396992,2.6113370999810286,
e63177c1b85262a291ec,away,hist_gradient_boosting,bullpen_only,"{""l2_regularization"":5.0,""learning_rate"":0.1,""loss"":""poisson"",""max_iter"":300,""max_leaf_nodes"":31,""min_samples_leaf"":10}",ok,757,2.6868639405880184,3.2434155673649125,2.5239630118890357,2.414668606592106,1.0645417258223056,1.3432135401563206,2.62900789998821,
5720a9387d7fd465da46,away,hist_gradient_boosting,bullpen_only,"{""l2_regularization"":0.0,""learning_rate"":0.1,""loss"":""poisson"",""max_iter"":300,""max_leaf_nodes"":31,""min_samples_leaf"":30}",ok,757,2.7546037397987146,3.277470291167448,2.5239630118890357,2.414668606592106,1.0913803914016387,1.3573168103564488,2.3096785999950953,
276822f4c4f651573733,away,hist_gradient_boosting,bullpen_only,"{""l2_regularization"":5.0,""learning_rate"":0.1,""loss"":""poisson"",""max_iter"":300,""max_leaf_nodes"":31,""min_samples_leaf"":30}",ok,757,2.7469382739793646,3.2118825773905404,2.5239630118890357,2.414668606592106,1.0883433160628788,1.3301546094656715,2.2968612000113353,
19821ab372df411c8f13,away,hist_gradient_boosting,bullpen_only,"{""l2_regularization"":0.0,""learning_rate"":0.025,""loss"":""squared_error"",""max_iter"":300,""max_leaf_nodes"":15,""min_samples_leaf"":10}",ok,757,2.6968264498266823,2.693734476747258,2.5239630118890357,2.414668606592106,1.068488895092115,1.1155710847415232,1.5545560000173282,
5f220142040156130867,away,hist_gradient_boosting,bullpen_only,"{""l2_regularization"":5.0,""learning_rate"":0.025,""loss"":""squared_error"",""max_iter"":300,""max_leaf_nodes"":15,""min_samples_leaf"":10}",ok,757,2.7029895673380735,2.6873874431315037,2.5239630118890357,2.414668606592106,1.0709307365463518,1.112942552777167,1.4599886999931186,
380d97f8de55d50d9878,away,hist_gradient_boosting,bullpen_only,"{""l2_regularization"":0.0,""learning_rate"":0.025,""loss"":""squared_error"",""max_iter"":300,""max_leaf_nodes"":15,""min_samples_leaf"":30}",ok,757,2.7105595201384975,2.7422189811486875,2.5239630118890357,2.414668606592106,1.0739299694054572,1.135650239400289,1.3676259999920148,
3df026ec9e49801a6e2d,away,hist_gradient_boosting,bullpen_only,"{""l2_regularization"":5.0,""learning_rate"":0.025,""loss"":""squared_error"",""max_iter"":300,""max_leaf_nodes"":15,""min_samples_leaf"":30}",ok,757,2.6929219614892927,2.7167804729226823,2.5239630118890357,2.414668606592106,1.0669419277558276,1.1251152499791497,1.3738592999870889,
58a6f9aae4e48719d1c3,away,hist_gradient_boosting,bullpen_only,"{""l2_regularization"":0.0,""learning_rate"":0.025,""loss"":""squared_error"",""max_iter"":300,""max_leaf_nodes"":31,""min_samples_leaf"":10}",ok,757,2.732018588975824,2.7927410946027713,2.5239630118890357,2.414668606592106,1.0824321022561545,1.1565732403107067,2.6320552000252064,
0a9feb7712777a462d76,away,hist_gradient_boosting,bullpen_only,"{""l2_regularization"":5.0,""learning_rate"":0.025,""loss"":""squared_error"",""max_iter"":300,""max_leaf_nodes"":31,""min_samples_leaf"":10}",ok,757,2.7306932376234703,2.781738741493262,2.5239630118890357,2.414668606592106,1.0819069949760116,1.1520167752622639,2.69022339998628,
082fc17be0a864fb59e8,away,hist_gradient_boosting,bullpen_only,"{""l2_regularization"":0.0,""learning_rate"":0.025,""loss"":""squared_error"",""max_iter"":300,""max_leaf_nodes"":31,""min_samples_leaf"":30}",ok,757,2.7254133984673516,2.823728159916542,2.5239630118890357,2.414668606592106,1.079815110455023,1.1694060842169782,2.2565172000031453,
9cbbc57c76bf7e7c199b,away,hist_gradient_boosting,bullpen_only,"{""l2_regularization"":5.0,""learning_rate"":0.025,""loss"":""squared_error"",""max_iter"":300,""max_leaf_nodes"":31,""min_samples_leaf"":30}",ok,757,2.7289905342916474,2.7969578059398814,2.5239630118890357,2.414668606592106,1.081232379966282,1.1583195301848528,2.171547299978556,
ab7fe766691189de539a,away,hist_gradient_boosting,bullpen_only,"{""l2_regularization"":0.0,""learning_rate"":0.05,""loss"":""squared_error"",""max_iter"":300,""max_leaf_nodes"":15,""min_samples_leaf"":10}",ok,757,2.733313816112594,2.806165820922232,2.5239630118890357,2.414668606592106,1.0829452742522052,1.1621328961089437,1.3978129999886733,
1090133112c425890b43,away,hist_gradient_boosting,bullpen_only,"{""l2_regularization"":5.0,""learning_rate"":0.05,""loss"":""squared_error"",""max_iter"":300,""max_leaf_nodes"":15,""min_samples_leaf"":10}",ok,757,2.7720853634923555,2.8221024589399897,2.5239630118890357,2.414668606592106,1.0983066512601605,1.168732823723959,1.4497786000138149,
2d48de394e78b69590d7,away,hist_gradient_boosting,bullpen_only,"{""l2_regularization"":0.0,""learning_rate"":0.05,""loss"":""squared_error"",""max_iter"":300,""max_leaf_nodes"":15,""min_samples_leaf"":30}",ok,757,2.7704937754042334,2.914473195537481,2.5239630118890357,2.414668606592106,1.0976760603677327,1.2069868252649227,1.3262735000171233,
921551a34e209fd87d81,away,hist_gradient_boosting,bullpen_only,"{""l2_regularization"":5.0,""learning_rate"":0.05,""loss"":""squared_error"",""max_iter"":300,""max_leaf_nodes"":15,""min_samples_leaf"":30}",ok,757,2.7820986847349594,2.9345351523977934,2.5239630118890357,2.414668606592106,1.1022739523637965,1.215295193877304,1.390267999988282,
2960c8d0bf23b8569ccb,away,hist_gradient_boosting,bullpen_only,"{""l2_regularization"":0.0,""learning_rate"":0.05,""loss"":""squared_error"",""max_iter"":300,""max_leaf_nodes"":31,""min_samples_leaf"":10}",ok,757,2.768818563464864,2.8646234316823644,2.5239630118890357,2.414668606592106,1.0970123375114633,1.1863422681944307,2.6651172999991104,
f04a8508c73685e2aec4,away,hist_gradient_boosting,bullpen_only,"{""l2_regularization"":5.0,""learning_rate"":0.05,""loss"":""squared_error"",""max_iter"":300,""max_leaf_nodes"":31,""min_samples_leaf"":10}",ok,757,2.7527749492501026,2.852378422132833,2.5239630118890357,2.414668606592106,1.0906558203441399,1.181271174995098,2.718129000015324,
6bb3b54248a0e28a826f,away,hist_gradient_boosting,bullpen_only,"{""l2_regularization"":0.0,""learning_rate"":0.05,""loss"":""squared_error"",""max_iter"":300,""max_leaf_nodes"":31,""min_samples_leaf"":30}",ok,757,2.761818728850726,2.967671621214997,2.5239630118890357,2.414668606592106,1.0942389868002342,1.2290181820864274,2.262683399982052,
38575dc85d212dd90835,away,hist_gradient_boosting,bullpen_only,"{""l2_regularization"":5.0,""learning_rate"":0.05,""loss"":""squared_error"",""max_iter"":300,""max_leaf_nodes"":31,""min_samples_leaf"":30}",ok,757,2.764464478057661,2.978248575555172,2.5239630118890357,2.414668606592106,1.0952872387732118,1.2333984744011988,2.289794800017262,
970790f61c1b0383b957,away,hist_gradient_boosting,bullpen_only,"{""l2_regularization"":0.0,""learning_rate"":0.1,""loss"":""squared_error"",""max_iter"":300,""max_leaf_nodes"":15,""min_samples_leaf"":10}",failed,757,,,2.5239630118890357,2.414668606592106,,,1.0772923000040464,RuntimeError: hist_gradient_boosting emitted invalid predictions: nonfinite=0 nonpositive=1
4ed6a5397001adda6dac,away,hist_gradient_boosting,bullpen_only,"{""l2_regularization"":5.0,""learning_rate"":0.1,""loss"":""squared_error"",""max_iter"":300,""max_leaf_nodes"":15,""min_samples_leaf"":10}",ok,757,2.79411868836748,2.933279155784828,2.5239630118890357,2.414668606592106,1.1070363056851016,1.2147750410871712,1.4888105999852996,
40508b75128f2eabc687,away,hist_gradient_boosting,bullpen_only,"{""l2_regularization"":0.0,""learning_rate"":0.1,""loss"":""squared_error"",""max_iter"":300,""max_leaf_nodes"":15,""min_samples_leaf"":30}",failed,757,,,2.5239630118890357,2.414668606592106,,,0.3283495000214316,RuntimeError: hist_gradient_boosting emitted invalid predictions: nonfinite=0 nonpositive=1
1fcc4b0bebaf81171d03,away,hist_gradient_boosting,bullpen_only,"{""l2_regularization"":5.0,""learning_rate"":0.1,""loss"":""squared_error"",""max_iter"":300,""max_leaf_nodes"":15,""min_samples_leaf"":30}",failed,757,,,2.5239630118890357,2.414668606592106,,,0.3259620000026189,RuntimeError: hist_gradient_boosting emitted invalid predictions: nonfinite=0 nonpositive=1
39f01c579120e00768a9,away,hist_gradient_boosting,bullpen_only,"{""l2_regularization"":0.0,""learning_rate"":0.1,""loss"":""squared_error"",""max_iter"":300,""max_leaf_nodes"":31,""min_samples_leaf"":10}",ok,757,2.8130412996638747,2.975157689744226,2.5239630118890357,2.414668606592106,1.1145334881744091,1.2321184288485676,2.559056400001282,
6ad38bf9bc3275d4128f,away,hist_gradient_boosting,bullpen_only,"{""l2_regularization"":5.0,""learning_rate"":0.1,""loss"":""squared_error"",""max_iter"":300,""max_leaf_nodes"":31,""min_samples_leaf"":10}",ok,757,2.794557945340481,2.9027207294215347,2.5239630118890357,2.414668606592106,1.1072103403167233,1.2021197117886213,2.6341862000117544,
06ae7b7fa83d73af2d9b,away,hist_gradient_boosting,bullpen_only,"{""l2_regularization"":0.0,""learning_rate"":0.1,""loss"":""squared_error"",""max_iter"":300,""max_leaf_nodes"":31,""min_samples_leaf"":30}",ok,757,2.876527525836021,3.2200420354539814,2.5239630118890357,2.414668606592106,1.1396868782491039,1.333533730741844,2.3015372999943793,
4460ab6f814e22584f52,away,hist_gradient_boosting,bullpen_only,"{""l2_regularization"":5.0,""learning_rate"":0.1,""loss"":""squared_error"",""max_iter"":300,""max_leaf_nodes"":31,""min_samples_leaf"":30}",ok,757,2.829307069615777,3.108825661662975,2.5239630118890357,2.414668606592106,1.1209780239601093,1.2874750817465397,2.2167663000000175,
4f5185291af8acd533d9,away,random_forest,bullpen_only,"{""criterion"":""poisson"",""max_depth"":null,""max_features"":0.6,""max_samples"":null,""min_samples_leaf"":2,""n_estimators"":400}",ok,757,2.624085840944559,2.5444298507845025,2.5239630118890357,2.414668606592106,1.0396688971208763,1.0537387382426495,3.584513700014213,
d1a06ecb15fbd2e1eb7c,away,random_forest,bullpen_only,"{""criterion"":""poisson"",""max_depth"":null,""max_features"":1.0,""max_samples"":null,""min_samples_leaf"":2,""n_estimators"":400}",ok,757,2.617679822844382,2.5481527259701444,2.5239630118890357,2.414668606592106,1.0371308178899201,1.0552805130333924,5.3116993000148796,
b813bbb481187afd380c,away,random_forest,bullpen_only,"{""criterion"":""poisson"",""max_depth"":null,""max_features"":0.6,""max_samples"":null,""min_samples_leaf"":8,""n_estimators"":400}",ok,757,2.6173849807692497,2.5313610570562295,2.5239630118890357,2.414668606592106,1.0370140007758248,1.0483264867673974,2.7269297000020742,
1ffe05c2e550b1fbbdfe,away,random_forest,bullpen_only,"{""criterion"":""poisson"",""max_depth"":null,""max_features"":1.0,""max_samples"":null,""min_samples_leaf"":8,""n_estimators"":400}",ok,757,2.6168964731192443,2.5326028965791325,2.5239630118890357,2.414668606592106,1.03682045291173,1.0488407766039045,3.9717643999902066,
e1983b5bafd6109ac89e,away,random_forest,bullpen_only,"{""criterion"":""poisson"",""max_depth"":14,""max_features"":0.6,""max_samples"":null,""min_samples_leaf"":2,""n_estimators"":400}",ok,757,2.6102130439239497,2.525730002988344,2.5239630118890357,2.414668606592106,1.034172462761394,1.045994467353838,3.4575176000071224,
939095db066086280fac,away,random_forest,bullpen_only,"{""criterion"":""poisson"",""max_depth"":14,""max_features"":1.0,""max_samples"":null,""min_samples_leaf"":2,""n_estimators"":400}",ok,757,2.6119975586035835,2.537145545338166,2.5239630118890357,2.414668606592106,1.0348794916168995,1.0507220487364994,5.072346700006165,
9ad26dc798bca766ac39,away,random_forest,bullpen_only,"{""criterion"":""poisson"",""max_depth"":14,""max_features"":0.6,""max_samples"":null,""min_samples_leaf"":8,""n_estimators"":400}",ok,757,2.6151179226474714,2.529335373969257,2.5239630118890357,2.414668606592106,1.036115787089214,1.047487579481552,2.7872448000125587,
22da237f0c3920a7a320,away,random_forest,bullpen_only,"{""criterion"":""poisson"",""max_depth"":14,""max_features"":1.0,""max_samples"":null,""min_samples_leaf"":8,""n_estimators"":400}",ok,757,2.614747413195882,2.5295488737541394,2.5239630118890357,2.414668606592106,1.035968990385045,1.047575997322534,3.8674078000185546,
798ff2fe05f9f0b5f233,away,random_forest,bullpen_only,"{""criterion"":""squared_error"",""max_depth"":null,""max_features"":0.6,""max_samples"":null,""min_samples_leaf"":2,""n_estimators"":400}",ok,757,2.6446205137729395,2.5526742170070036,2.5239630118890357,2.414668606592106,1.0478047821285617,1.0571530230020545,2.76803020000807,
07339073888eb873eced,away,random_forest,bullpen_only,"{""criterion"":""squared_error"",""max_depth"":null,""max_features"":1.0,""max_samples"":null,""min_samples_leaf"":2,""n_estimators"":400}",ok,757,2.653121806319471,2.5668651627995374,2.5239630118890357,2.414668606592106,1.0511730139554492,1.0630299974878255,4.076968499983195,
00dfc8a5f930ea07a887,away,random_forest,bullpen_only,"{""criterion"":""squared_error"",""max_depth"":null,""max_features"":0.6,""max_samples"":null,""min_samples_leaf"":8,""n_estimators"":400}",ok,757,2.623450973496958,2.5423853867022355,2.5239630118890357,2.414668606592106,1.039417361165472,1.0528920530798551,2.3367842999869026,
a9794e307f29785b0e42,away,random_forest,bullpen_only,"{""criterion"":""squared_error"",""max_depth"":null,""max_features"":1.0,""max_samples"":null,""min_samples_leaf"":8,""n_estimators"":400}",ok,757,2.6283029036469627,2.5416338063259367,2.5239630118890357,2.414668606592106,1.0413397071456427,1.0525807969620395,3.1688468999927863,
7949cc1a6a224b89dc7f,away,random_forest,bullpen_only,"{""criterion"":""squared_error"",""max_depth"":14,""max_features"":0.6,""max_samples"":null,""min_samples_leaf"":2,""n_estimators"":400}",ok,757,2.6345442932918925,2.550661230538611,2.5239630118890357,2.414668606592106,1.0438125602007509,1.0563193738367418,2.6050141000014264,
0b680c2510a4f22a7c73,away,random_forest,bullpen_only,"{""criterion"":""squared_error"",""max_depth"":14,""max_features"":1.0,""max_samples"":null,""min_samples_leaf"":2,""n_estimators"":400}",ok,757,2.6482401514844147,2.5617632360568354,2.5239630118890357,2.414668606592106,1.0492388909861103,1.0609171084856768,3.7465474999917205,
9e9f874fafdcfce87cc3,away,random_forest,bullpen_only,"{""criterion"":""squared_error"",""max_depth"":14,""max_features"":0.6,""max_samples"":null,""min_samples_leaf"":8,""n_estimators"":400}",ok,757,2.6193417570460933,2.534815203487105,2.5239630118890357,2.414668606592106,1.03778928007573,1.0497569714398884,2.2666373000247404,
c27022a6724af25ac672,away,random_forest,bullpen_only,"{""criterion"":""squared_error"",""max_depth"":14,""max_features"":1.0,""max_samples"":null,""min_samples_leaf"":8,""n_estimators"":400}",ok,757,2.6277300236497196,2.5407525778652587,2.5239630118890357,2.414668606592106,1.0411127307618586,1.0522158489694777,3.125247300020419,
de017bf440b4e8713de0,away,extra_trees,bullpen_only,"{""criterion"":""poisson"",""max_depth"":null,""max_features"":0.6,""max_samples"":null,""min_samples_leaf"":2,""n_estimators"":400}",ok,757,2.614959569808769,2.5390703878932865,2.5239630118890357,2.414668606592106,1.0360530473271983,1.0515191943778788,1.4869328000058886,
55f50ed47ff31cee0523,away,extra_trees,bullpen_only,"{""criterion"":""poisson"",""max_depth"":null,""max_features"":1.0,""max_samples"":null,""min_samples_leaf"":2,""n_estimators"":400}",ok,757,2.617024186953514,2.5462008518934156,2.5239630118890357,2.414668606592106,1.036871053429118,1.0544721726791921,1.8906773999915458,
f5a13db6d8078e71c276,away,extra_trees,bullpen_only,"{""criterion"":""poisson"",""max_depth"":null,""max_features"":0.6,""max_samples"":null,""min_samples_leaf"":8,""n_estimators"":400}",ok,757,2.601296272657485,2.5014041403495413,2.5239630118890357,2.414668606592106,1.0306396173019072,1.035920263973551,1.2367898999946192,
c9c099fadd0dacd768bd,away,extra_trees,bullpen_only,"{""criterion"":""poisson"",""max_depth"":null,""max_features"":1.0,""max_samples"":null,""min_samples_leaf"":8,""n_estimators"":400}",ok,757,2.602985013412641,2.5070655406023765,2.5239630118890357,2.414668606592106,1.0313087003063734,1.0382648508197043,1.336874100001296,
c8afc07d8a95c122781f,away,extra_trees,bullpen_only,"{""criterion"":""poisson"",""max_depth"":14,""max_features"":0.6,""max_samples"":null,""min_samples_leaf"":2,""n_estimators"":400}",ok,757,2.6055448436563626,2.512039570118999,2.5239630118890357,2.414668606592106,1.0323229109868246,1.0403247730396905,1.3122259000083432,
2206bec9d81b92a5c11c,away,extra_trees,bullpen_only,"{""criterion"":""poisson"",""max_depth"":14,""max_features"":1.0,""max_samples"":null,""min_samples_leaf"":2,""n_estimators"":400}",ok,757,2.611875378222167,2.532611300709378,2.5239630118890357,2.414668606592106,1.0348310834663674,1.048844257052618,1.5633445999992546,
8ff28233dd8bc4c89bc1,away,extra_trees,bullpen_only,"{""criterion"":""poisson"",""max_depth"":14,""max_features"":0.6,""max_samples"":null,""min_samples_leaf"":8,""n_estimators"":400}",ok,757,2.5950450904397204,2.4903756381404523,2.5239630118890357,2.414668606592106,1.0281628844067268,1.0313529696545787,1.21244529998512,
92f28efda103bac57d34,away,extra_trees,bullpen_only,"{""criterion"":""poisson"",""max_depth"":14,""max_features"":1.0,""max_samples"":null,""min_samples_leaf"":8,""n_estimators"":400}",ok,757,2.603960261997071,2.5038814790284047,2.5239630118890357,2.414668606592106,1.0316950960577518,1.036946217875507,1.2989732999994885,
eb76d21516fb657017dd,away,extra_trees,bullpen_only,"{""criterion"":""squared_error"",""max_depth"":null,""max_features"":0.6,""max_samples"":null,""min_samples_leaf"":2,""n_estimators"":400}",ok,757,2.619165070453545,2.526426829998846,2.5239630118890357,2.414668606592106,1.0377192764379126,1.046283048158922,1.435757500003092,
7fb99c2e0245cae239e9,away,extra_trees,bullpen_only,"{""criterion"":""squared_error"",""max_depth"":null,""max_features"":1.0,""max_samples"":null,""min_samples_leaf"":2,""n_estimators"":400}",ok,757,2.630089380071712,2.5580621705867013,2.5239630118890357,2.414668606592106,1.0420475132491134,1.0593843658724544,1.7373811999859754,
5ce2a5256304a8ccc382,away,extra_trees,bullpen_only,"{""criterion"":""squared_error"",""max_depth"":null,""max_features"":0.6,""max_samples"":null,""min_samples_leaf"":8,""n_estimators"":400}",ok,757,2.598105096006197,2.4949257315350115,2.5239630118890357,2.414668606592106,1.029375265710281,1.033237324875058,1.2141440999985207,
7ec33aeff569fecbb64f,away,extra_trees,bullpen_only,"{""criterion"":""squared_error"",""max_depth"":null,""max_features"":1.0,""max_samples"":null,""min_samples_leaf"":8,""n_estimators"":400}",ok,757,2.600045307455488,2.504138524324287,2.5239630118890357,2.414668606592106,1.030143981987085,1.037052669458627,1.303176799992798,
be07c09befa36af78c4e,away,extra_trees,bullpen_only,"{""criterion"":""squared_error"",""max_depth"":14,""max_features"":0.6,""max_samples"":null,""min_samples_leaf"":2,""n_estimators"":400}",ok,757,2.608717648185945,2.520821290816689,2.5239630118890357,2.414668606592106,1.0335799835012143,1.0439615953654193,1.293225600005826,
5bd549965f905d36b710,away,extra_trees,bullpen_only,"{""criterion"":""squared_error"",""max_depth"":14,""max_features"":1.0,""max_samples"":null,""min_samples_leaf"":2,""n_estimators"":400}",ok,757,2.618064741819673,2.525860261002331,2.5239630118890357,2.414668606592106,1.0372833236808046,1.0460484118220899,1.531312400009483,
8dd5e8ca7bb14c3f2730,away,extra_trees,bullpen_only,"{""criterion"":""squared_error"",""max_depth"":14,""max_features"":0.6,""max_samples"":null,""min_samples_leaf"":8,""n_estimators"":400}",ok,757,2.5962894864425703,2.493064880445812,2.5239630118890357,2.414668606592106,1.0286559169896086,1.0324666803716593,1.2104187000077218,
ecec5714a4f2a2f778e6,away,extra_trees,bullpen_only,"{""criterion"":""squared_error"",""max_depth"":14,""max_features"":1.0,""max_samples"":null,""min_samples_leaf"":8,""n_estimators"":400}",ok,757,2.605917107428132,2.5087344310134454,2.5239630118890357,2.414668606592106,1.0324704027567182,1.0389559975909477,1.3902596000116318,
f8e04deb317288cc3562,away,poisson_glm,bullpen_only,"{""alpha"":0.0,""solver"":""lbfgs""}",ok,757,2.5986251343231483,2.482558674197114,2.5239630118890357,2.414668606592106,1.0295813060977594,1.0281156873533976,0.07960060000186786,
c1760f8b8a50c9aace96,away,poisson_glm,bullpen_only,"{""alpha"":0.01,""solver"":""lbfgs""}",ok,757,2.59857399798391,2.4822368156403116,2.5239630118890357,2.414668606592106,1.0295610457615354,1.0279823942978108,0.07654809998348355,
a32a73915637a842d13e,away,poisson_glm,bullpen_only,"{""alpha"":0.1,""solver"":""lbfgs""}",ok,757,2.5980420745127115,2.4800318948992066,2.5239630118890357,2.414668606592106,1.0293502964483747,1.0270692583357637,0.0725498000101652,
d1d5346886df8eefc843,away,poisson_glm,bullpen_only,"{""alpha"":1.0,""solver"":""lbfgs""}",ok,757,2.5955569704334116,2.4729980405789713,2.5239630118890357,2.414668606592106,1.0283656924476052,1.024156289532909,0.05971130001125857,
2f78166dcaa5e165a73d,away,poisson_glm,bullpen_only,"{""alpha"":10.0,""solver"":""lbfgs""}",ok,757,2.5905719918842665,2.46583085161511,2.5239630118890357,2.414668606592106,1.0263906323830705,1.021188102120237,0.048329099983675405,
2fbcadb2faf469e68417,away,tweedie_glm,bullpen_only,"{""alpha"":0.01,""power"":1.2,""solver"":""lbfgs""}",ok,757,2.5983947798427174,2.4825171586605657,2.5239630118890357,2.414668606592106,1.0294900391182729,1.0280984942957518,0.07478470000205562,
170cfd4e859ad7036565,away,tweedie_glm,bullpen_only,"{""alpha"":0.1,""power"":1.2,""solver"":""lbfgs""}",ok,757,2.5975261679675787,2.479615517248977,2.5239630118890357,2.414668606592106,1.0291458930784747,1.0268968215677978,0.06703579999157228,
55fa0bf4056076f64fe1,away,tweedie_glm,bullpen_only,"{""alpha"":1.0,""power"":1.2,""solver"":""lbfgs""}",ok,757,2.5942213695145986,2.471820445040036,2.5239630118890357,2.414668606592106,1.0278365242654561,1.0236686054110713,0.059356599987950176,
d638c1dbe0ea0169a93e,away,tweedie_glm,bullpen_only,"{""alpha"":0.01,""power"":1.5,""solver"":""lbfgs""}",ok,757,2.5982125425800047,2.4830571111264144,2.5239630118890357,2.414668606592106,1.029417836292061,1.0283221077822464,0.07757799999671988,
97f9d114d81aa938a5ee,away,tweedie_glm,bullpen_only,"{""alpha"":0.1,""power"":1.5,""solver"":""lbfgs""}",ok,757,2.596605069641823,2.4787915444099933,2.5239630118890357,2.414668606592106,1.0287809517851922,1.026555585160974,0.06736479999381118,
91f3d80a6a1fb50d7535,away,tweedie_glm,bullpen_only,"{""alpha"":1.0,""power"":1.5,""solver"":""lbfgs""}",ok,757,2.5925650473324704,2.470104635790361,2.5239630118890357,2.414668606592106,1.027180285574823,1.022958027882962,0.05295990000013262,
d694c7a3777998a19174,away,tweedie_glm,bullpen_only,"{""alpha"":0.01,""power"":1.8,""solver"":""lbfgs""}",ok,757,2.5981247994394376,2.483690661308448,2.5239630118890357,2.414668606592106,1.0293830722562358,1.0285844834060915,0.07620979999774136,
fac40b88457ce8f3dda4,away,tweedie_glm,bullpen_only,"{""alpha"":0.1,""power"":1.8,""solver"":""lbfgs""}",ok,757,2.5955076155192343,2.4776702432610485,2.5239630118890357,2.414668606592106,1.0283461379161225,1.0260912145446983,0.06296089998795651,
53c29d3eea0e13d1ac42,away,tweedie_glm,bullpen_only,"{""alpha"":1.0,""power"":1.8,""solver"":""lbfgs""}",ok,757,2.5911091361346923,2.468566900030413,2.5239630118890357,2.414668606592106,1.0266034501810712,1.0223211969092418,0.05157949999556877,
4d25c2f9e3d838d20e49,away,lightgbm,bullpen_only,"{""colsample_bytree"":0.9,""learning_rate"":0.025,""min_child_samples"":10,""n_estimators"":500,""num_leaves"":15,""objective"":""poisson"",""reg_lambda"":1.0,""subsample"":0.9,""tweedie_variance_power"":null}",ok,757,2.6727166850727087,2.6834919500795453,2.5239630118890357,2.414668606592106,1.0589365503705777,1.1113292907993852,0.7765105000289623,
17c21d003ab685cb4bc8,away,lightgbm,bullpen_only,"{""colsample_bytree"":0.9,""learning_rate"":0.025,""min_child_samples"":30,""n_estimators"":500,""num_leaves"":15,""objective"":""poisson"",""reg_lambda"":1.0,""subsample"":0.9,""tweedie_variance_power"":null}",ok,757,2.686369602632528,2.7075547221262233,2.5239630118890357,2.414668606592106,1.0643458679776534,1.1212945390247469,0.7372828999941703,
88e22f479f0536e996a5,away,lightgbm,bullpen_only,"{""colsample_bytree"":0.9,""learning_rate"":0.025,""min_child_samples"":10,""n_estimators"":500,""num_leaves"":31,""objective"":""poisson"",""reg_lambda"":1.0,""subsample"":0.9,""tweedie_variance_power"":null}",ok,757,2.6520890006171225,2.749954100565147,2.5239630118890357,2.414668606592106,1.0507638139404396,1.1388536269770946,1.4693223000213038,
e08766550da4ddc8f5fc,away,lightgbm,bullpen_only,"{""colsample_bytree"":0.9,""learning_rate"":0.025,""min_child_samples"":30,""n_estimators"":500,""num_leaves"":31,""objective"":""poisson"",""reg_lambda"":1.0,""subsample"":0.9,""tweedie_variance_power"":null}",ok,757,2.668431105938882,2.766674027311729,2.5239630118890357,2.414668606592106,1.057238593976748,1.1457779422644743,1.2669153999886476,
7e82605dc6105fd91449,away,lightgbm,bullpen_only,"{""colsample_bytree"":0.9,""learning_rate"":0.05,""min_child_samples"":10,""n_estimators"":500,""num_leaves"":15,""objective"":""poisson"",""reg_lambda"":1.0,""subsample"":0.9,""tweedie_variance_power"":null}",ok,757,2.6738869104716905,2.7900394848413206,2.5239630118890357,2.414668606592106,1.0594001963881576,1.1554544077909665,0.7508111000061035,
3a44f70e3e6c900610ff,away,lightgbm,bullpen_only,"{""colsample_bytree"":0.9,""learning_rate"":0.05,""min_child_samples"":30,""n_estimators"":500,""num_leaves"":15,""objective"":""poisson"",""reg_lambda"":1.0,""subsample"":0.9,""tweedie_variance_power"":null}",ok,757,2.714668865725417,2.859735935361997,2.5239630118890357,2.414668606592106,1.0755581016592035,1.1843181824432742,0.7358619000006001,
04b71d4b96361d594b94,away,lightgbm,bullpen_only,"{""colsample_bytree"":0.9,""learning_rate"":0.05,""min_child_samples"":10,""n_estimators"":500,""num_leaves"":31,""objective"":""poisson"",""reg_lambda"":1.0,""subsample"":0.9,""tweedie_variance_power"":null}",ok,757,2.6779823632046393,2.958883192203805,2.5239630118890357,2.414668606592106,1.0610228242609345,1.2253785816099068,1.4239965000015218,
2982f5caaa2d5a40edf4,away,lightgbm,bullpen_only,"{""colsample_bytree"":0.9,""learning_rate"":0.05,""min_child_samples"":30,""n_estimators"":500,""num_leaves"":31,""objective"":""poisson"",""reg_lambda"":1.0,""subsample"":0.9,""tweedie_variance_power"":null}",ok,757,2.6795917371053224,2.913134213400829,2.5239630118890357,2.414668606592106,1.0616604619335557,1.2064323052231263,1.2955882999813184,
8811809b2ae0aa24324a,away,lightgbm,bullpen_only,"{""colsample_bytree"":0.9,""learning_rate"":0.1,""min_child_samples"":10,""n_estimators"":500,""num_leaves"":15,""objective"":""poisson"",""reg_lambda"":1.0,""subsample"":0.9,""tweedie_variance_power"":null}",ok,757,2.7067626502421516,3.0458703909998364,2.5239630118890357,2.414668606592106,1.0724256407451476,1.261403069011016,0.7158902999944985,
9abaa5e199a4ad746953,away,lightgbm,bullpen_only,"{""colsample_bytree"":0.9,""learning_rate"":0.1,""min_child_samples"":30,""n_estimators"":500,""num_leaves"":15,""objective"":""poisson"",""reg_lambda"":1.0,""subsample"":0.9,""tweedie_variance_power"":null}",ok,757,2.7297871366476536,3.0256235340223165,2.5239630118890357,2.414668606592106,1.0815479956675635,1.2530181266954348,0.7019916999852285,
e9ffac9bed11f9306d86,away,lightgbm,bullpen_only,"{""colsample_bytree"":0.9,""learning_rate"":0.1,""min_child_samples"":10,""n_estimators"":500,""num_leaves"":31,""objective"":""poisson"",""reg_lambda"":1.0,""subsample"":0.9,""tweedie_variance_power"":null}",ok,757,2.705606381783647,3.1904219229564523,2.5239630118890357,2.414668606592106,1.0719675244997595,1.3212669905288537,1.4124681999965105,
848b69a91d8aa070e466,away,lightgbm,bullpen_only,"{""colsample_bytree"":0.9,""learning_rate"":0.1,""min_child_samples"":30,""n_estimators"":500,""num_leaves"":31,""objective"":""poisson"",""reg_lambda"":1.0,""subsample"":0.9,""tweedie_variance_power"":null}",ok,757,2.7365278232110786,3.151392458761254,2.5239630118890357,2.414668606592106,1.0842186713199695,1.3051035037097318,1.3184603999834508,
1e7eca4c271f47abe488,away,lightgbm,bullpen_only,"{""colsample_bytree"":0.9,""learning_rate"":0.025,""min_child_samples"":10,""n_estimators"":500,""num_leaves"":15,""objective"":""tweedie"",""reg_lambda"":1.0,""subsample"":0.9,""tweedie_variance_power"":1.5}",ok,757,2.6852639483893443,2.974760781921949,2.5239630118890357,2.414668606592106,1.0639078052017825,1.2319540552276105,0.7560337999893818,
ef1123fa86b41777c290,away,lightgbm,bullpen_only,"{""colsample_bytree"":0.9,""learning_rate"":0.025,""min_child_samples"":30,""n_estimators"":500,""num_leaves"":15,""objective"":""tweedie"",""reg_lambda"":1.0,""subsample"":0.9,""tweedie_variance_power"":1.5}",ok,757,2.7004160884194617,2.9678408439061696,2.5239630118890357,2.414668606592106,1.0699111182292491,1.2290882632108975,0.7605260999989696,
56b02223135605eeaab4,away,lightgbm,bullpen_only,"{""colsample_bytree"":0.9,""learning_rate"":0.025,""min_child_samples"":10,""n_estimators"":500,""num_leaves"":31,""objective"":""tweedie"",""reg_lambda"":1.0,""subsample"":0.9,""tweedie_variance_power"":1.5}",ok,757,2.7076409001200745,3.2228945288954955,2.5239630118890357,2.414668606592106,1.0727736053840056,1.3347150495504485,1.49817730000359,
1c4a37eb27b9eb12ae4c,away,lightgbm,bullpen_only,"{""colsample_bytree"":0.9,""learning_rate"":0.025,""min_child_samples"":30,""n_estimators"":500,""num_leaves"":31,""objective"":""tweedie"",""reg_lambda"":1.0,""subsample"":0.9,""tweedie_variance_power"":1.5}",ok,757,2.691563677682137,3.085356784985857,2.5239630118890357,2.414668606592106,1.066403772560701,1.27775578667928,1.2801038000034168,
6cd0d2e7a0c04a3c59e7,away,lightgbm,bullpen_only,"{""colsample_bytree"":0.9,""learning_rate"":0.05,""min_child_samples"":10,""n_estimators"":500,""num_leaves"":15,""objective"":""tweedie"",""reg_lambda"":1.0,""subsample"":0.9,""tweedie_variance_power"":1.5}",ok,757,2.7653641930678923,3.305216606555529,2.5239630118890357,2.414668606592106,1.0956437079472818,1.3688075446594221,0.7459934999933466,
decb63acdf5059808664,away,lightgbm,bullpen_only,"{""colsample_bytree"":0.9,""learning_rate"":0.05,""min_child_samples"":30,""n_estimators"":500,""num_leaves"":15,""objective"":""tweedie"",""reg_lambda"":1.0,""subsample"":0.9,""tweedie_variance_power"":1.5}",ok,757,2.7355607555764125,3.1814670387618547,2.5239630118890357,2.414668606592106,1.0838355168798646,1.3175584550510864,0.7221230000141077,
f2c1527220735ca994f6,away,lightgbm,bullpen_only,"{""colsample_bytree"":0.9,""learning_rate"":0.05,""min_child_samples"":10,""n_estimators"":500,""num_leaves"":31,""objective"":""tweedie"",""reg_lambda"":1.0,""subsample"":0.9,""tweedie_variance_power"":1.5}",ok,757,2.7707457812309775,3.5341793300191275,2.5239630118890357,2.414668606592106,1.0977759056608518,1.4636291375018207,1.4627067999972496,
72ba7a15a4d6588a004c,away,lightgbm,bullpen_only,"{""colsample_bytree"":0.9,""learning_rate"":0.05,""min_child_samples"":30,""n_estimators"":500,""num_leaves"":31,""objective"":""tweedie"",""reg_lambda"":1.0,""subsample"":0.9,""tweedie_variance_power"":1.5}",ok,757,2.73263302110427,3.321336000408988,2.5239630118890357,2.414668606592106,1.082675541690707,1.3754831579545355,1.2890112999884877,
a6945d9fe12d5e0ba5ea,away,lightgbm,bullpen_only,"{""colsample_bytree"":0.9,""learning_rate"":0.1,""min_child_samples"":10,""n_estimators"":500,""num_leaves"":15,""objective"":""tweedie"",""reg_lambda"":1.0,""subsample"":0.9,""tweedie_variance_power"":1.5}",ok,757,2.795952263831436,3.589265567725873,2.5239630118890357,2.414668606592106,1.1077627725371588,1.4864423043092074,0.7696742999833077,
f28c542f1e7d9798d34b,away,lightgbm,bullpen_only,"{""colsample_bytree"":0.9,""learning_rate"":0.1,""min_child_samples"":30,""n_estimators"":500,""num_leaves"":15,""objective"":""tweedie"",""reg_lambda"":1.0,""subsample"":0.9,""tweedie_variance_power"":1.5}",ok,757,2.80799310399609,3.5526221865387875,2.5239630118890357,2.414668606592106,1.1125333813408282,1.4712669791788568,0.754505999997491,
044ba2c1898aef01f102,away,lightgbm,bullpen_only,"{""colsample_bytree"":0.9,""learning_rate"":0.1,""min_child_samples"":10,""n_estimators"":500,""num_leaves"":31,""objective"":""tweedie"",""reg_lambda"":1.0,""subsample"":0.9,""tweedie_variance_power"":1.5}",ok,757,2.8641136127319,4.069904197610034,2.5239630118890357,2.414668606592106,1.134768457081422,1.685491825461719,1.5023762000200804,
544839cb0e5132ac4ece,away,lightgbm,bullpen_only,"{""colsample_bytree"":0.9,""learning_rate"":0.1,""min_child_samples"":30,""n_estimators"":500,""num_leaves"":31,""objective"":""tweedie"",""reg_lambda"":1.0,""subsample"":0.9,""tweedie_variance_power"":1.5}",ok,757,2.8446179601971604,3.733344401553311,2.5239630118890357,2.414668606592106,1.127044234324232,1.546110464749153,1.252868799987482,
5645f8c68e2dcbadd188,away,lightgbm,bullpen_only,"{""colsample_bytree"":0.9,""learning_rate"":0.025,""min_child_samples"":10,""n_estimators"":500,""num_leaves"":15,""objective"":""regression"",""reg_lambda"":1.0,""subsample"":0.9,""tweedie_variance_power"":null}",ok,757,2.7473401342048507,2.798218456002341,2.5239630118890357,2.414668606592106,1.088502534016388,1.1588416101336367,0.7742030000081286,
827ba8591d44cddf75df,away,lightgbm,bullpen_only,"{""colsample_bytree"":0.9,""learning_rate"":0.025,""min_child_samples"":30,""n_estimators"":500,""num_leaves"":15,""objective"":""regression"",""reg_lambda"":1.0,""subsample"":0.9,""tweedie_variance_power"":null}",ok,757,2.779964252715093,2.9072732877630645,2.5239630118890357,2.414668606592106,1.1014282854464081,1.2040050878311563,0.7639045999967493,
6cc20a386430b135e6ba,away,lightgbm,bullpen_only,"{""colsample_bytree"":0.9,""learning_rate"":0.025,""min_child_samples"":10,""n_estimators"":500,""num_leaves"":31,""objective"":""regression"",""reg_lambda"":1.0,""subsample"":0.9,""tweedie_variance_power"":null}",ok,757,2.784496606357011,2.8426516829276784,2.5239630118890357,2.414668606592106,1.103224014472772,1.1772429869536414,1.5744195000152104,
d993b78fc943bf68dc5e,away,lightgbm,bullpen_only,"{""colsample_bytree"":0.9,""learning_rate"":0.025,""min_child_samples"":30,""n_estimators"":500,""num_leaves"":31,""objective"":""regression"",""reg_lambda"":1.0,""subsample"":0.9,""tweedie_variance_power"":null}",ok,757,2.768873669485444,2.91490527894595,2.5239630118890357,2.414668606592106,1.0970341706446431,1.2071657663449904,1.4073668000055477,
0a001ac4229e1765c718,away,lightgbm,bullpen_only,"{""colsample_bytree"":0.9,""learning_rate"":0.05,""min_child_samples"":10,""n_estimators"":500,""num_leaves"":15,""objective"":""regression"",""reg_lambda"":1.0,""subsample"":0.9,""tweedie_variance_power"":null}",ok,757,2.808860185782617,2.9476793036594517,2.5239630118890357,2.414668606592106,1.1128769211559693,1.220738653582613,0.7782185000251047,
fe0ce6d8687eafe4faf3,away,lightgbm,bullpen_only,"{""colsample_bytree"":0.9,""learning_rate"":0.05,""min_child_samples"":30,""n_estimators"":500,""num_leaves"":15,""objective"":""regression"",""reg_lambda"":1.0,""subsample"":0.9,""tweedie_variance_power"":null}",ok,757,2.837495256408149,3.080422695778146,2.5239630118890357,2.414668606592106,1.1242222025609057,1.275712405159248,0.7722794000001159,
27b519d85e88c89253ef,away,lightgbm,bullpen_only,"{""colsample_bytree"":0.9,""learning_rate"":0.05,""min_child_samples"":10,""n_estimators"":500,""num_leaves"":31,""objective"":""regression"",""reg_lambda"":1.0,""subsample"":0.9,""tweedie_variance_power"":null}",ok,757,2.8006120830258694,2.9687905599272177,2.5239630118890357,2.414668606592106,1.1096090037111037,1.2294815743337801,1.4961383000190835,
36fee370566b0658a1c8,away,lightgbm,bullpen_only,"{""colsample_bytree"":0.9,""learning_rate"":0.05,""min_child_samples"":30,""n_estimators"":500,""num_leaves"":31,""objective"":""regression"",""reg_lambda"":1.0,""subsample"":0.9,""tweedie_variance_power"":null}",ok,757,2.80181427455061,3.1394728317274923,2.5239630118890357,2.414668606592106,1.1100853147818595,1.3001671629625084,1.3237570999772288,
ff1967177e088071fed2,away,lightgbm,bullpen_only,"{""colsample_bytree"":0.9,""learning_rate"":0.1,""min_child_samples"":10,""n_estimators"":500,""num_leaves"":15,""objective"":""regression"",""reg_lambda"":1.0,""subsample"":0.9,""tweedie_variance_power"":null}",failed,757,,,2.5239630118890357,2.414668606592106,,,0.5487679000070784,RuntimeError: lightgbm emitted invalid predictions: nonfinite=0 nonpositive=1
1f0c8a9620a47653f6c4,away,lightgbm,bullpen_only,"{""colsample_bytree"":0.9,""learning_rate"":0.1,""min_child_samples"":30,""n_estimators"":500,""num_leaves"":15,""objective"":""regression"",""reg_lambda"":1.0,""subsample"":0.9,""tweedie_variance_power"":null}",ok,757,2.8648649971755513,3.2612274754875887,2.5239630118890357,2.414668606592106,1.1350661573409393,1.3505900837010743,0.7454453999816906,
aba8b68c64c559bcdb4a,away,lightgbm,bullpen_only,"{""colsample_bytree"":0.9,""learning_rate"":0.1,""min_child_samples"":10,""n_estimators"":500,""num_leaves"":31,""objective"":""regression"",""reg_lambda"":1.0,""subsample"":0.9,""tweedie_variance_power"":null}",ok,757,2.8390476419580364,3.094747054064668,2.5239630118890357,2.414668606592106,1.124837261316749,1.2816446304954356,1.4895207999798004,
c966c44d3e2067338d52,away,lightgbm,bullpen_only,"{""colsample_bytree"":0.9,""learning_rate"":0.1,""min_child_samples"":30,""n_estimators"":500,""num_leaves"":31,""objective"":""regression"",""reg_lambda"":1.0,""subsample"":0.9,""tweedie_variance_power"":null}",failed,757,,,2.5239630118890357,2.414668606592106,,,0.5985452999884728,RuntimeError: lightgbm emitted invalid predictions: nonfinite=0 nonpositive=1
06dc0e4381f7d1d06345,away,xgboost,bullpen_only,"{""colsample_bytree"":0.9,""learning_rate"":0.025,""max_depth"":3,""min_child_weight"":1.0,""n_estimators"":500,""objective"":""count:poisson"",""reg_lambda"":1.0,""subsample"":0.9,""tweedie_variance_power"":null}",ok,757,2.6490431565747077,2.5842977726082115,2.5239630118890357,2.414668606592106,1.0495570434655683,1.0702494601342036,1.077163699985249,
7af014943c34c5a1b1ee,away,xgboost,bullpen_only,"{""colsample_bytree"":0.9,""learning_rate"":0.025,""max_depth"":3,""min_child_weight"":5.0,""n_estimators"":500,""objective"":""count:poisson"",""reg_lambda"":1.0,""subsample"":0.9,""tweedie_variance_power"":null}",ok,757,2.6494880232817275,2.5857425118027897,2.5239630118890357,2.414668606592106,1.049733300686821,1.070847777928469,1.0507551000046078,
9c6924a267e9e50408e2,away,xgboost,bullpen_only,"{""colsample_bytree"":0.9,""learning_rate"":0.025,""max_depth"":6,""min_child_weight"":1.0,""n_estimators"":500,""objective"":""count:poisson"",""reg_lambda"":1.0,""subsample"":0.9,""tweedie_variance_power"":null}",ok,757,2.635865785014204,2.7277249554505927,2.5239630118890357,2.414668606592106,1.044336138286518,1.1296477487651244,2.882056099973852,
06c17d0d39b386ff1b2e,away,xgboost,bullpen_only,"{""colsample_bytree"":0.9,""learning_rate"":0.025,""max_depth"":6,""min_child_weight"":5.0,""n_estimators"":500,""objective"":""count:poisson"",""reg_lambda"":1.0,""subsample"":0.9,""tweedie_variance_power"":null}",ok,757,2.6314969262799623,2.718392486288236,2.5239630118890357,2.414668606592106,1.0426051863218249,1.1257828419464915,2.8842618000053335,
ef67de02203c266ad34e,away,xgboost,bullpen_only,"{""colsample_bytree"":0.9,""learning_rate"":0.05,""max_depth"":3,""min_child_weight"":1.0,""n_estimators"":500,""objective"":""count:poisson"",""reg_lambda"":1.0,""subsample"":0.9,""tweedie_variance_power"":null}",ok,757,2.6832748065694005,2.6899121516657827,2.5239630118890357,2.414668606592106,1.0631197025986245,1.1139881242180623,1.054737300000852,
08a9a16993e0059cd3ac,away,xgboost,bullpen_only,"{""colsample_bytree"":0.9,""learning_rate"":0.05,""max_depth"":3,""min_child_weight"":5.0,""n_estimators"":500,""objective"":""count:poisson"",""reg_lambda"":1.0,""subsample"":0.9,""tweedie_variance_power"":null}",ok,757,2.6831617509673107,2.686524005437909,2.5239630118890357,2.414668606592106,1.0630749097068282,1.1125849725728951,1.0243553000036627,
23c2522a0080dcbbbceb,away,xgboost,bullpen_only,"{""colsample_bytree"":0.9,""learning_rate"":0.05,""max_depth"":6,""min_child_weight"":1.0,""n_estimators"":500,""objective"":""count:poisson"",""reg_lambda"":1.0,""subsample"":0.9,""tweedie_variance_power"":null}",ok,757,2.671711114785158,2.995205400469722,2.5239630118890357,2.414668606592106,1.0585381410900874,1.2404208976307292,2.805255799990846,
a5a45a07a2946b18921f,away,xgboost,bullpen_only,"{""colsample_bytree"":0.9,""learning_rate"":0.05,""max_depth"":6,""min_child_weight"":5.0,""n_estimators"":500,""objective"":""count:poisson"",""reg_lambda"":1.0,""subsample"":0.9,""tweedie_variance_power"":null}",ok,757,2.660072481616485,2.9763402462987227,2.5239630118890357,2.414668606592106,1.0539268876312016,1.2326081675030847,2.7794967999798246,
13fc0151e8344b9251d6,away,xgboost,bullpen_only,"{""colsample_bytree"":0.9,""learning_rate"":0.1,""max_depth"":3,""min_child_weight"":1.0,""n_estimators"":500,""objective"":""count:poisson"",""reg_lambda"":1.0,""subsample"":0.9,""tweedie_variance_power"":null}",ok,757,2.73061858347889,2.8771754131834575,2.5239630118890357,2.414668606592106,1.081877416830758,1.1915404893775883,1.0670362999953795,
5992a49481508443689e,away,xgboost,bullpen_only,"{""colsample_bytree"":0.9,""learning_rate"":0.1,""max_depth"":3,""min_child_weight"":5.0,""n_estimators"":500,""objective"":""count:poisson"",""reg_lambda"":1.0,""subsample"":0.9,""tweedie_variance_power"":null}",ok,757,2.744683715909759,2.8873883837020378,2.5239630118890357,2.414668606592106,1.0874500549259345,1.1957700430690137,1.0584565000026487,
1332f2b68bf7830103ac,away,xgboost,bullpen_only,"{""colsample_bytree"":0.9,""learning_rate"":0.1,""max_depth"":6,""min_child_weight"":1.0,""n_estimators"":500,""objective"":""count:poisson"",""reg_lambda"":1.0,""subsample"":0.9,""tweedie_variance_power"":null}",ok,757,2.715004393651274,3.3621590259087624,2.5239630118890357,2.414668606592106,1.0756910386017327,1.3923894221881974,2.561836900014896,
36901a34ecd93106c7bd,away,xgboost,bullpen_only,"{""colsample_bytree"":0.9,""learning_rate"":0.1,""max_depth"":6,""min_child_weight"":5.0,""n_estimators"":500,""objective"":""count:poisson"",""reg_lambda"":1.0,""subsample"":0.9,""tweedie_variance_power"":null}",ok,757,2.715967710219727,3.324816665850672,2.5239630118890357,2.414668606592106,1.0760727068607028,1.3769246250909293,2.7976444000087213,
b2e0506f19e9bb387a5b,away,xgboost,bullpen_only,"{""colsample_bytree"":0.9,""learning_rate"":0.025,""max_depth"":3,""min_child_weight"":1.0,""n_estimators"":500,""objective"":""reg:tweedie"",""reg_lambda"":1.0,""subsample"":0.9,""tweedie_variance_power"":1.5}",ok,757,2.6549104299381514,2.7556166206510397,2.5239630118890357,2.414668606592106,1.0518816707821361,1.1411986775858753,1.087869100010721,
368d0b6552a41467ab71,away,xgboost,bullpen_only,"{""colsample_bytree"":0.9,""learning_rate"":0.025,""max_depth"":3,""min_child_weight"":5.0,""n_estimators"":500,""objective"":""reg:tweedie"",""reg_lambda"":1.0,""subsample"":0.9,""tweedie_variance_power"":1.5}",ok,757,2.644446943678661,2.7328435471972248,2.5239630118890357,2.414668606592106,1.047736013254588,1.131767539337072,1.0737472999899182,
d4e84c4de1c99a1b85dd,away,xgboost,bullpen_only,"{""colsample_bytree"":0.9,""learning_rate"":0.025,""max_depth"":6,""min_child_weight"":1.0,""n_estimators"":500,""objective"":""reg:tweedie"",""reg_lambda"":1.0,""subsample"":0.9,""tweedie_variance_power"":1.5}",ok,757,2.7026854288940227,3.2777319495836075,2.5239630118890357,2.414668606592106,1.0708102361893268,1.3574251723964592,2.9477370000095107,
a54c614013f5fbb5ab31,away,xgboost,bullpen_only,"{""colsample_bytree"":0.9,""learning_rate"":0.025,""max_depth"":6,""min_child_weight"":5.0,""n_estimators"":500,""objective"":""reg:tweedie"",""reg_lambda"":1.0,""subsample"":0.9,""tweedie_variance_power"":1.5}",ok,757,2.6911048522241208,3.1572969308703227,2.5239630118890357,2.414668606592106,1.0662219848499244,1.3075487552415361,2.6285819000040647,
e8477e70bc0ea98fc402,away,xgboost,bullpen_only,"{""colsample_bytree"":0.9,""learning_rate"":0.05,""max_depth"":3,""min_child_weight"":1.0,""n_estimators"":500,""objective"":""reg:tweedie"",""reg_lambda"":1.0,""subsample"":0.9,""tweedie_variance_power"":1.5}",ok,757,2.7321280855956136,3.049727052269673,2.5239630118890357,2.414668606592106,1.082475485070908,1.2630002493691437,1.0873546000220813,
0b019ea7d3f319207dbe,away,xgboost,bullpen_only,"{""colsample_bytree"":0.9,""learning_rate"":0.05,""max_depth"":3,""min_child_weight"":5.0,""n_estimators"":500,""objective"":""reg:tweedie"",""reg_lambda"":1.0,""subsample"":0.9,""tweedie_variance_power"":1.5}",ok,757,2.7099964892691,2.941066113428,2.5239630118890357,2.414668606592106,1.0737068952689721,1.2179998967141146,1.0660167000023648,
b1ab161fd80d0e8916e3,away,xgboost,bullpen_only,"{""colsample_bytree"":0.9,""learning_rate"":0.05,""max_depth"":6,""min_child_weight"":1.0,""n_estimators"":500,""objective"":""reg:tweedie"",""reg_lambda"":1.0,""subsample"":0.9,""tweedie_variance_power"":1.5}",ok,757,2.7755718900473934,3.784830212236846,2.5239630118890357,2.414668606592106,1.0996880211687585,1.5674325668972395,2.7303749000129756,
e7cfe5b5e4e8d8e15847,away,xgboost,bullpen_only,"{""colsample_bytree"":0.9,""learning_rate"":0.05,""max_depth"":6,""min_child_weight"":5.0,""n_estimators"":500,""objective"":""reg:tweedie"",""reg_lambda"":1.0,""subsample"":0.9,""tweedie_variance_power"":1.5}",ok,757,2.7505691517611948,3.508195421149257,2.5239630118890357,2.414668606592106,1.0897818782623752,1.452868278310239,2.547235500009265,
56c84db412a52fd4dc0e,away,xgboost,bullpen_only,"{""colsample_bytree"":0.9,""learning_rate"":0.1,""max_depth"":3,""min_child_weight"":1.0,""n_estimators"":500,""objective"":""reg:tweedie"",""reg_lambda"":1.0,""subsample"":0.9,""tweedie_variance_power"":1.5}",ok,757,2.7895437958533416,3.492604146496109,2.5239630118890357,2.414668606592106,1.105223722658889,1.4464113779262346,1.0683240999933332,
c53aeecd1ad54d80695e,away,xgboost,bullpen_only,"{""colsample_bytree"":0.9,""learning_rate"":0.1,""max_depth"":3,""min_child_weight"":5.0,""n_estimators"":500,""objective"":""reg:tweedie"",""reg_lambda"":1.0,""subsample"":0.9,""tweedie_variance_power"":1.5}",ok,757,2.761433422801674,3.269234299593355,2.5239630118890357,2.414668606592106,1.0940863276498278,1.3539059938362816,1.0737965000153054,
ea57d3e09fd66d1a1eae,away,xgboost,bullpen_only,"{""colsample_bytree"":0.9,""learning_rate"":0.1,""max_depth"":6,""min_child_weight"":1.0,""n_estimators"":500,""objective"":""reg:tweedie"",""reg_lambda"":1.0,""subsample"":0.9,""tweedie_variance_power"":1.5}",ok,757,2.888886779330208,4.343525069307284,2.5239630118890357,2.414668606592106,1.1445836431525391,1.7988079430234654,2.554855599999428,
2aa03ab6e668cf21038c,away,xgboost,bullpen_only,"{""colsample_bytree"":0.9,""learning_rate"":0.1,""max_depth"":6,""min_child_weight"":5.0,""n_estimators"":500,""objective"":""reg:tweedie"",""reg_lambda"":1.0,""subsample"":0.9,""tweedie_variance_power"":1.5}",ok,757,2.8526126778582443,3.961795092767181,2.5239630118890357,2.414668606592106,1.130211760006433,1.6407200068578274,2.412809200002812,
fe012a95c22e262ca979,away,xgboost,bullpen_only,"{""colsample_bytree"":0.9,""learning_rate"":0.025,""max_depth"":3,""min_child_weight"":1.0,""n_estimators"":500,""objective"":""reg:squarederror"",""reg_lambda"":1.0,""subsample"":0.9,""tweedie_variance_power"":null}",ok,757,2.6937517779663973,2.6678209112998874,2.5239630118890357,2.414668606592106,1.0672707029689332,1.1048393572586603,1.0148340000014286,
31c0d3e579a0e9910677,away,xgboost,bullpen_only,"{""colsample_bytree"":0.9,""learning_rate"":0.025,""max_depth"":3,""min_child_weight"":5.0,""n_estimators"":500,""objective"":""reg:squarederror"",""reg_lambda"":1.0,""subsample"":0.9,""tweedie_variance_power"":null}",ok,757,2.6951148035976655,2.672824452431828,2.5239630118890357,2.414668606592106,1.0678107368857728,1.1069115012863255,1.0069953999773134,
dcc70c962bf6ae04894a,away,xgboost,bullpen_only,"{""colsample_bytree"":0.9,""learning_rate"":0.025,""max_depth"":6,""min_child_weight"":1.0,""n_estimators"":500,""objective"":""reg:squarederror"",""reg_lambda"":1.0,""subsample"":0.9,""tweedie_variance_power"":null}",ok,757,2.7565453995801654,2.7786395141654716,2.5239630118890357,2.414668606592106,1.0921496815110043,1.1507332751913517,2.9269968000007793,
80988b34a5fc70757326,away,xgboost,bullpen_only,"{""colsample_bytree"":0.9,""learning_rate"":0.025,""max_depth"":6,""min_child_weight"":5.0,""n_estimators"":500,""objective"":""reg:squarederror"",""reg_lambda"":1.0,""subsample"":0.9,""tweedie_variance_power"":null}",ok,757,2.744739825218483,2.777503142903935,2.5239630118890357,2.414668606592106,1.0874722855642045,1.1502626635064048,2.6687301000056323,
194359d8cca41c4c9e1c,away,xgboost,bullpen_only,"{""colsample_bytree"":0.9,""learning_rate"":0.05,""max_depth"":3,""min_child_weight"":1.0,""n_estimators"":500,""objective"":""reg:squarederror"",""reg_lambda"":1.0,""subsample"":0.9,""tweedie_variance_power"":null}",ok,757,2.775785815054391,2.864979792614251,2.5239630118890357,2.414668606592106,1.0997727787527602,1.1864898499085068,1.030938599986257,
40acf843635f1085dcd9,away,xgboost,bullpen_only,"{""colsample_bytree"":0.9,""learning_rate"":0.05,""max_depth"":3,""min_child_weight"":5.0,""n_estimators"":500,""objective"":""reg:squarederror"",""reg_lambda"":1.0,""subsample"":0.9,""tweedie_variance_power"":null}",ok,757,2.7717362254897386,2.868941200874694,2.5239630118890357,2.414668606592106,1.0981683219736487,1.188130409714365,1.034482899995055,
a2a7b0c387d0271c2cbd,away,xgboost,bullpen_only,"{""colsample_bytree"":0.9,""learning_rate"":0.05,""max_depth"":6,""min_child_weight"":1.0,""n_estimators"":500,""objective"":""reg:squarederror"",""reg_lambda"":1.0,""subsample"":0.9,""tweedie_variance_power"":null}",ok,757,2.7772221691227337,2.8398590579420246,2.5239630118890357,2.414668606592106,1.1003418655664643,1.1760864617981688,2.8110247000004165,
c42e29d99f4259722e0f,away,xgboost,bullpen_only,"{""colsample_bytree"":0.9,""learning_rate"":0.05,""max_depth"":6,""min_child_weight"":5.0,""n_estimators"":500,""objective"":""reg:squarederror"",""reg_lambda"":1.0,""subsample"":0.9,""tweedie_variance_power"":null}",ok,757,2.7714325858075837,2.830312087660319,2.5239630118890357,2.414668606592106,1.0980480192272437,1.1721327224504,2.3957996999961324,
716ec71b890f9c7f43b2,away,xgboost,bullpen_only,"{""colsample_bytree"":0.9,""learning_rate"":0.1,""max_depth"":3,""min_child_weight"":1.0,""n_estimators"":500,""objective"":""reg:squarederror"",""reg_lambda"":1.0,""subsample"":0.9,""tweedie_variance_power"":null}",ok,757,2.8737994114347933,3.063920680266657,2.5239630118890357,2.414668606592106,1.1386059929950898,1.2688783346510062,1.0429398999840487,
4851636bd20b01c0773a,away,xgboost,bullpen_only,"{""colsample_bytree"":0.9,""learning_rate"":0.1,""max_depth"":3,""min_child_weight"":5.0,""n_estimators"":500,""objective"":""reg:squarederror"",""reg_lambda"":1.0,""subsample"":0.9,""tweedie_variance_power"":null}",ok,757,2.857647502182182,3.104500976697849,2.5239630118890357,2.414668606592106,1.132206569082565,1.2856840761595538,1.0139427999965847,
ac928d09ecb4bd4a1c91,away,xgboost,bullpen_only,"{""colsample_bytree"":0.9,""learning_rate"":0.1,""max_depth"":6,""min_child_weight"":1.0,""n_estimators"":500,""objective"":""reg:squarederror"",""reg_lambda"":1.0,""subsample"":0.9,""tweedie_variance_power"":null}",ok,757,2.8047593822961123,2.9207238486309515,2.5239630118890357,2.414668606592106,1.1112521733022218,1.2095754426331222,2.5084682000160683,
f85797460276c6545940,away,xgboost,bullpen_only,"{""colsample_bytree"":0.9,""learning_rate"":0.1,""max_depth"":6,""min_child_weight"":5.0,""n_estimators"":500,""objective"":""reg:squarederror"",""reg_lambda"":1.0,""subsample"":0.9,""tweedie_variance_power"":null}",ok,757,2.8567912236072583,2.9619480079441565,2.5239630118890357,2.414668606592106,1.1318673095249208,1.226647830620717,2.195611300005112,
