candidate_id,side,family,feature_set,params_json,status,validation_rows,validation_mae,validation_poisson,baseline_mae,baseline_poisson,mae_ratio,poisson_ratio,elapsed_seconds,error
8af4f8bde1cba4c5d703,home,hist_gradient_boosting,all,"{""l2_regularization"":0.0,""learning_rate"":0.025,""loss"":""poisson"",""max_iter"":300,""max_leaf_nodes"":15,""min_samples_leaf"":10}",ok,757,2.5907246793785648,2.5187144761587166,2.5402906208718625,2.412931191958497,1.0198536569368557,1.043840157793459,2.2508532000065316,
680ba648673a866759ac,home,hist_gradient_boosting,all,"{""l2_regularization"":5.0,""learning_rate"":0.025,""loss"":""poisson"",""max_iter"":300,""max_leaf_nodes"":15,""min_samples_leaf"":10}",ok,757,2.5645844471416606,2.4892863905822193,2.5402906208718625,2.412931191958497,1.0095634043090156,1.0316441674251586,2.230224700004328,
9f3aa3592ad79f1c6693,home,hist_gradient_boosting,all,"{""l2_regularization"":0.0,""learning_rate"":0.025,""loss"":""poisson"",""max_iter"":300,""max_leaf_nodes"":15,""min_samples_leaf"":30}",ok,757,2.567879105401327,2.5292105584780176,2.5402906208718625,2.412931191958497,1.010860365464797,1.0481900880170314,1.9805241000140086,
e798d8cf4b545345ee62,home,hist_gradient_boosting,all,"{""l2_regularization"":5.0,""learning_rate"":0.025,""loss"":""poisson"",""max_iter"":300,""max_leaf_nodes"":15,""min_samples_leaf"":30}",ok,757,2.5699465239927792,2.5262537875211213,2.5402906208718625,2.412931191958497,1.0116742166731847,1.0469647024914308,2.0077988999837544,
6dd6fbca80fdb085bae1,home,hist_gradient_boosting,all,"{""l2_regularization"":0.0,""learning_rate"":0.025,""loss"":""poisson"",""max_iter"":300,""max_leaf_nodes"":31,""min_samples_leaf"":10}",ok,757,2.553790034495629,2.622632333272827,2.5402906208718625,2.412931191958497,1.0053141217437291,1.086907219738878,4.135620000015479,
f4adf687ea17cdf096dd,home,hist_gradient_boosting,all,"{""l2_regularization"":5.0,""learning_rate"":0.025,""loss"":""poisson"",""max_iter"":300,""max_leaf_nodes"":31,""min_samples_leaf"":10}",ok,757,2.5716515208058,2.596613769696714,2.5402906208718625,2.412931191958497,1.0123453984659339,1.0761242501859856,4.173054900020361,
6c299eb330bae7987ea7,home,hist_gradient_boosting,all,"{""l2_regularization"":0.0,""learning_rate"":0.025,""loss"":""poisson"",""max_iter"":300,""max_leaf_nodes"":31,""min_samples_leaf"":30}",ok,757,2.5652054742615613,2.6066586095089965,2.5402906208718625,2.412931191958497,1.0098078752033293,1.0802871703081003,3.1670455999847036,
bf2aec672d04baa8a70b,home,hist_gradient_boosting,all,"{""l2_regularization"":5.0,""learning_rate"":0.025,""loss"":""poisson"",""max_iter"":300,""max_leaf_nodes"":31,""min_samples_leaf"":30}",ok,757,2.5571275058167355,2.594097879468797,2.5402906208718625,2.412931191958497,1.0066279365071602,1.0750815804918386,3.2768933000043035,
f70b598e03ce8b1bf03d,home,hist_gradient_boosting,all,"{""l2_regularization"":0.0,""learning_rate"":0.05,""loss"":""poisson"",""max_iter"":300,""max_leaf_nodes"":15,""min_samples_leaf"":10}",ok,757,2.5813790162958132,2.6297638708672166,2.5402906208718625,2.412931191958497,1.0161746829620024,1.0898627692457006,2.1102698000031523,
5184c412e9703a2c6cd8,home,hist_gradient_boosting,all,"{""l2_regularization"":5.0,""learning_rate"":0.05,""loss"":""poisson"",""max_iter"":300,""max_leaf_nodes"":15,""min_samples_leaf"":10}",ok,757,2.599141528366599,2.6066471922798637,2.5402906208718625,2.412931191958497,1.0231669979061442,1.0802824386235954,2.0826721000194084,
da8aa73f54f6669e3b13,home,hist_gradient_boosting,all,"{""l2_regularization"":0.0,""learning_rate"":0.05,""loss"":""poisson"",""max_iter"":300,""max_leaf_nodes"":15,""min_samples_leaf"":30}",ok,757,2.594172181028057,2.6473894831232903,2.5402906208718625,2.412931191958497,1.0212107857713153,1.0971674169351224,1.933928599988576,
22ce8edf854aa9f9a4d9,home,hist_gradient_boosting,all,"{""l2_regularization"":5.0,""learning_rate"":0.05,""loss"":""poisson"",""max_iter"":300,""max_leaf_nodes"":15,""min_samples_leaf"":30}",ok,757,2.5985021067965457,2.6306492755602333,2.5402906208718625,2.412931191958497,1.0229152859308295,1.0902297107879904,1.9566983999975491,
6c089d8bab5a479a48a3,home,hist_gradient_boosting,all,"{""l2_regularization"":0.0,""learning_rate"":0.05,""loss"":""poisson"",""max_iter"":300,""max_leaf_nodes"":31,""min_samples_leaf"":10}",ok,757,2.6133971364207342,2.862354210462265,2.5402906208718625,2.412931191958497,1.0287787999326552,1.186256044101691,3.80206950000138,
9ced7ff7fa5c2ed9b271,home,hist_gradient_boosting,all,"{""l2_regularization"":5.0,""learning_rate"":0.05,""loss"":""poisson"",""max_iter"":300,""max_leaf_nodes"":31,""min_samples_leaf"":10}",ok,757,2.605430587661381,2.8053018736695736,2.5402906208718625,2.412931191958497,1.0256427222359155,1.1626116331119256,3.996887399989646,
f938cbb07074df5cf04a,home,hist_gradient_boosting,all,"{""l2_regularization"":0.0,""learning_rate"":0.05,""loss"":""poisson"",""max_iter"":300,""max_leaf_nodes"":31,""min_samples_leaf"":30}",ok,757,2.5734130366386956,2.7381634559620354,2.5402906208718625,2.412931191958497,1.013038829295628,1.134787210297347,3.134365500009153,
60b56888c22fbda00278,home,hist_gradient_boosting,all,"{""l2_regularization"":5.0,""learning_rate"":0.05,""loss"":""poisson"",""max_iter"":300,""max_leaf_nodes"":31,""min_samples_leaf"":30}",ok,757,2.5628704767883237,2.714569308230266,2.5402906208718625,2.412931191958497,1.008888690030557,1.1250090003714277,3.04061530000763,
2e3617182b919b94cf82,home,hist_gradient_boosting,all,"{""l2_regularization"":0.0,""learning_rate"":0.1,""loss"":""poisson"",""max_iter"":300,""max_leaf_nodes"":15,""min_samples_leaf"":10}",ok,757,2.6265107685985294,2.831726963810422,2.5402906208718625,2.412931191958497,1.0339410565933889,1.1735630809728983,2.027685899985954,
227a12896e38eaab60ea,home,hist_gradient_boosting,all,"{""l2_regularization"":5.0,""learning_rate"":0.1,""loss"":""poisson"",""max_iter"":300,""max_leaf_nodes"":15,""min_samples_leaf"":10}",ok,757,2.56594990392173,2.72516944113793,2.5402906208718625,2.412931191958497,1.0101009242167185,1.129402052665248,2.0623780000023544,
e8c7d7e181c0bd19222f,home,hist_gradient_boosting,all,"{""l2_regularization"":0.0,""learning_rate"":0.1,""loss"":""poisson"",""max_iter"":300,""max_leaf_nodes"":15,""min_samples_leaf"":30}",ok,757,2.6261129655060818,2.8123910596186246,2.5402906208718625,2.412931191958497,1.0337844591201788,1.1655496306696997,2.038074400014011,
5dafbefa80e1f65fb19d,home,hist_gradient_boosting,all,"{""l2_regularization"":5.0,""learning_rate"":0.1,""loss"":""poisson"",""max_iter"":300,""max_leaf_nodes"":15,""min_samples_leaf"":30}",ok,757,2.6054865653585346,2.776011393624099,2.5402906208718625,2.412931191958497,1.0256647581780607,1.150472671112889,1.9165374000149313,
e667b8916522c4331cc2,home,hist_gradient_boosting,all,"{""l2_regularization"":0.0,""learning_rate"":0.1,""loss"":""poisson"",""max_iter"":300,""max_leaf_nodes"":31,""min_samples_leaf"":10}",ok,757,2.6565172789727556,3.130620032523936,2.5402906208718625,2.412931191958497,1.0457532918265087,1.2974344411300491,3.9260176999960095,
48cfed680243ea300560,home,hist_gradient_boosting,all,"{""l2_regularization"":5.0,""learning_rate"":0.1,""loss"":""poisson"",""max_iter"":300,""max_leaf_nodes"":31,""min_samples_leaf"":10}",ok,757,2.6403638769222475,2.993199122853174,2.5402906208718625,2.412931191958497,1.039394412288165,1.2404825851762862,3.8166403000068385,
c705b15b85aed6dd6f92,home,hist_gradient_boosting,all,"{""l2_regularization"":0.0,""learning_rate"":0.1,""loss"":""poisson"",""max_iter"":300,""max_leaf_nodes"":31,""min_samples_leaf"":30}",ok,757,2.6162399120645814,2.9163158644708065,2.5402906208718625,2.412931191958497,1.0298978749000978,1.2086195719919095,3.1245564999990165,
d9b4faea708fc6d37857,home,hist_gradient_boosting,all,"{""l2_regularization"":5.0,""learning_rate"":0.1,""loss"":""poisson"",""max_iter"":300,""max_leaf_nodes"":31,""min_samples_leaf"":30}",ok,757,2.6040565209638893,2.879634567537111,2.5402906208718625,2.412931191958497,1.025101812984745,1.19341760640916,3.1696567999897525,
4890b522a047a789d39f,home,hist_gradient_boosting,all,"{""l2_regularization"":0.0,""learning_rate"":0.025,""loss"":""squared_error"",""max_iter"":300,""max_leaf_nodes"":15,""min_samples_leaf"":10}",ok,757,2.669779891795219,2.5285004034383065,2.5402906208718625,2.412931191958497,1.050974195574093,1.0478957758368592,2.0587525000155438,
7da56152ab6c0d9ad51e,home,hist_gradient_boosting,all,"{""l2_regularization"":5.0,""learning_rate"":0.025,""loss"":""squared_error"",""max_iter"":300,""max_leaf_nodes"":15,""min_samples_leaf"":10}",ok,757,2.610898763470147,2.487803302293524,2.5402906208718625,2.412931191958497,1.0277953010644312,1.0310295256593105,2.1938035000057425,
383305a8939692068818,home,hist_gradient_boosting,all,"{""l2_regularization"":0.0,""learning_rate"":0.025,""loss"":""squared_error"",""max_iter"":300,""max_leaf_nodes"":15,""min_samples_leaf"":30}",ok,757,2.6015391893439705,2.4997806321168183,2.5402906208718625,2.412931191958497,1.0241108509273977,1.0359933347655175,1.9361627000034787,
e470c9f8eaf549dc5465,home,hist_gradient_boosting,all,"{""l2_regularization"":5.0,""learning_rate"":0.025,""loss"":""squared_error"",""max_iter"":300,""max_leaf_nodes"":15,""min_samples_leaf"":30}",ok,757,2.6032072892129205,2.4922354487039367,2.5402906208718625,2.412931191958497,1.0247675080260952,1.032866356491944,2.025125599990133,
012bcad4c01561ed3ab0,home,hist_gradient_boosting,all,"{""l2_regularization"":0.0,""learning_rate"":0.025,""loss"":""squared_error"",""max_iter"":300,""max_leaf_nodes"":31,""min_samples_leaf"":10}",ok,757,2.6842924713745653,2.563877857528064,2.5402906208718625,2.412931191958497,1.0566871559181206,1.0625573850065109,3.9640030000009574,
509f61d2ec2a3cac488d,home,hist_gradient_boosting,all,"{""l2_regularization"":5.0,""learning_rate"":0.025,""loss"":""squared_error"",""max_iter"":300,""max_leaf_nodes"":31,""min_samples_leaf"":10}",ok,757,2.649805238088915,2.565024935609698,2.5402906208718625,2.412931191958497,1.0431110583636551,1.0630327728192495,4.43484180001542,
4c616b77fc9d4f3d2f85,home,hist_gradient_boosting,all,"{""l2_regularization"":0.0,""learning_rate"":0.025,""loss"":""squared_error"",""max_iter"":300,""max_leaf_nodes"":31,""min_samples_leaf"":30}",ok,757,2.6309044525965635,2.567476464448143,2.5402906208718625,2.412931191958497,1.035670655546333,1.0640487689846667,3.071594599983655,
dc1a3c4ddd9960c649af,home,hist_gradient_boosting,all,"{""l2_regularization"":5.0,""learning_rate"":0.025,""loss"":""squared_error"",""max_iter"":300,""max_leaf_nodes"":31,""min_samples_leaf"":30}",ok,757,2.6092036825222236,2.526499418594249,2.5402906208718625,2.412931191958497,1.0271280227089565,1.047066500285726,3.019648400018923,
9a24beea7bb3dfb41b33,home,hist_gradient_boosting,all,"{""l2_regularization"":0.0,""learning_rate"":0.05,""loss"":""squared_error"",""max_iter"":300,""max_leaf_nodes"":15,""min_samples_leaf"":10}",ok,757,2.6788867098413784,2.5569256403741734,2.5402906208718625,2.412931191958497,1.0545591468278335,1.0596761519332014,2.1060050999803934,
d5c25a3ac7c1b82f38b0,home,hist_gradient_boosting,all,"{""l2_regularization"":5.0,""learning_rate"":0.05,""loss"":""squared_error"",""max_iter"":300,""max_leaf_nodes"":15,""min_samples_leaf"":10}",ok,757,2.671082686185846,2.5640720964608104,2.5402906208718625,2.412931191958497,1.0514870480721195,1.0626378841659538,2.0655509999778587,
50e056fb2a4d6d66af92,home,hist_gradient_boosting,all,"{""l2_regularization"":0.0,""learning_rate"":0.05,""loss"":""squared_error"",""max_iter"":300,""max_leaf_nodes"":15,""min_samples_leaf"":30}",ok,757,2.6454987021780028,2.5631916671217096,2.5402906208718625,2.412931191958497,1.0414157657559793,1.0622730045779927,1.895122399990214,
554a010df6b08a9e86a9,home,hist_gradient_boosting,all,"{""l2_regularization"":5.0,""learning_rate"":0.05,""loss"":""squared_error"",""max_iter"":300,""max_leaf_nodes"":15,""min_samples_leaf"":30}",ok,757,2.6335031786632936,2.556189967431034,2.5402906208718625,2.412931191958497,1.0366936589953788,1.0593712642739135,1.9523253999941517,
650fec790a8b39de545d,home,hist_gradient_boosting,all,"{""l2_regularization"":0.0,""learning_rate"":0.05,""loss"":""squared_error"",""max_iter"":300,""max_leaf_nodes"":31,""min_samples_leaf"":10}",ok,757,2.721282520968741,2.6507418146222927,2.5402906208718625,2.412931191958497,1.071248501494195,1.0985567360794788,3.9035703999979887,
ddc981e4db6ca260f783,home,hist_gradient_boosting,all,"{""l2_regularization"":5.0,""learning_rate"":0.05,""loss"":""squared_error"",""max_iter"":300,""max_leaf_nodes"":31,""min_samples_leaf"":10}",ok,757,2.668529383654778,2.5874454795594044,2.5402906208718625,2.412931191958497,1.0504819258589013,1.0723246017882755,4.192151600000216,
e141012c8a881dedd490,home,hist_gradient_boosting,all,"{""l2_regularization"":0.0,""learning_rate"":0.05,""loss"":""squared_error"",""max_iter"":300,""max_leaf_nodes"":31,""min_samples_leaf"":30}",ok,757,2.650722543737442,2.6097362209736903,2.5402906208718625,2.412931191958497,1.043472161003247,1.081562636212371,3.141097499988973,
c88ece5ca35bfec03a69,home,hist_gradient_boosting,all,"{""l2_regularization"":5.0,""learning_rate"":0.05,""loss"":""squared_error"",""max_iter"":300,""max_leaf_nodes"":31,""min_samples_leaf"":30}",ok,757,2.656878835599867,2.623883364124868,2.5402906208718625,2.412931191958497,1.0458956206703585,1.0874256890828071,3.170962900010636,
16215ffb6f4148126848,home,hist_gradient_boosting,all,"{""l2_regularization"":0.0,""learning_rate"":0.1,""loss"":""squared_error"",""max_iter"":300,""max_leaf_nodes"":15,""min_samples_leaf"":10}",ok,757,2.7655092275549427,2.69458433800287,2.5402906208718625,2.412931191958497,1.0886585986786748,1.1167265552300165,2.0765182000177447,
8faf73baf8a8cb97d843,home,hist_gradient_boosting,all,"{""l2_regularization"":5.0,""learning_rate"":0.1,""loss"":""squared_error"",""max_iter"":300,""max_leaf_nodes"":15,""min_samples_leaf"":10}",ok,757,2.684852724489945,2.640511164415864,2.5402906208718625,2.412931191958497,1.0569077027763332,1.0943168098683527,2.127884699992137,
3d10c60db27004e1275c,home,hist_gradient_boosting,all,"{""l2_regularization"":0.0,""learning_rate"":0.1,""loss"":""squared_error"",""max_iter"":300,""max_leaf_nodes"":15,""min_samples_leaf"":30}",ok,757,2.7344030232961503,2.7515623335327297,2.5402906208718625,2.412931191958497,1.0764134626288018,1.1403401566952172,1.8953189000021666,
b982779cd61d87fb6ab4,home,hist_gradient_boosting,all,"{""l2_regularization"":5.0,""learning_rate"":0.1,""loss"":""squared_error"",""max_iter"":300,""max_leaf_nodes"":15,""min_samples_leaf"":30}",ok,757,2.6664728645422806,2.6388164895975206,2.5402906208718625,2.412931191958497,1.049672365293035,1.093614479514304,1.8234215999837033,
563d675aa41c21e642c9,home,hist_gradient_boosting,all,"{""l2_regularization"":0.0,""learning_rate"":0.1,""loss"":""squared_error"",""max_iter"":300,""max_leaf_nodes"":31,""min_samples_leaf"":10}",ok,757,2.7065004497215117,2.6243292778758884,2.5402906208718625,2.412931191958497,1.0654294542065441,1.087610490768204,3.704217400023481,
0c7e08e7471a17385a82,home,hist_gradient_boosting,all,"{""l2_regularization"":5.0,""learning_rate"":0.1,""loss"":""squared_error"",""max_iter"":300,""max_leaf_nodes"":31,""min_samples_leaf"":10}",ok,757,2.6610987110669844,2.588825235719402,2.5402906208718625,2.412931191958497,1.0475567988963637,1.0728964192377726,4.045454799983418,
cca06a328d4733e50cba,home,hist_gradient_boosting,all,"{""l2_regularization"":0.0,""learning_rate"":0.1,""loss"":""squared_error"",""max_iter"":300,""max_leaf_nodes"":31,""min_samples_leaf"":30}",ok,757,2.6990359181819166,2.724806234678525,2.5402906208718625,2.412931191958497,1.0624909984730686,1.1292515276686732,3.196273600013228,
81bee41a361651149ae0,home,hist_gradient_boosting,all,"{""l2_regularization"":5.0,""learning_rate"":0.1,""loss"":""squared_error"",""max_iter"":300,""max_leaf_nodes"":31,""min_samples_leaf"":30}",ok,757,2.676695074331724,2.655853616517568,2.5402906208718625,2.412931191958497,1.0536963969158164,1.1006752390489423,3.0866048999887425,
7c7fadd0530ea9bd01a2,home,random_forest,all,"{""criterion"":""poisson"",""max_depth"":null,""max_features"":0.6,""max_samples"":null,""min_samples_leaf"":2,""n_estimators"":400}",ok,757,2.5961416461429576,2.454817325579515,2.5402906208718625,2.412931191958497,1.0219860770307951,1.0173590253052431,7.382853899995098,
a75e3b16e2e074f4f537,home,random_forest,all,"{""criterion"":""poisson"",""max_depth"":null,""max_features"":1.0,""max_samples"":null,""min_samples_leaf"":2,""n_estimators"":400}",ok,757,2.599961826680156,2.465015113957179,2.5402906208718625,2.412931191958497,1.0234899130508985,1.0215853324671091,12.448471800016705,
da15ab660683a07e5adc,home,random_forest,all,"{""criterion"":""poisson"",""max_depth"":null,""max_features"":0.6,""max_samples"":null,""min_samples_leaf"":8,""n_estimators"":400}",ok,757,2.5447671503788136,2.3976681342660737,2.5402906208718625,2.412931191958497,1.0017622115635787,0.9936744745381509,5.111331399995834,
cf9ba434246f5bf6f9c8,home,random_forest,all,"{""criterion"":""poisson"",""max_depth"":null,""max_features"":1.0,""max_samples"":null,""min_samples_leaf"":8,""n_estimators"":400}",ok,757,2.5537271808947124,2.4045169390411187,2.5402906208718625,2.412931191958497,1.0052893790625572,0.9965128500367436,7.669539000024088,
cad22b569f2a75ebb706,home,random_forest,all,"{""criterion"":""poisson"",""max_depth"":14,""max_features"":0.6,""max_samples"":null,""min_samples_leaf"":2,""n_estimators"":400}",ok,757,2.5902459145323977,2.4413963199078186,2.5402906208718625,2.412931191958497,1.0196651884040693,1.0117969082766165,6.771786700002849,
b414ac19f4e78fc31d3e,home,random_forest,all,"{""criterion"":""poisson"",""max_depth"":14,""max_features"":1.0,""max_samples"":null,""min_samples_leaf"":2,""n_estimators"":400}",ok,757,2.5953692159844666,2.4559332436570585,2.5402906208718625,2.412931191958497,1.021682005460344,1.0178214993622168,10.806169099989347,
ad95b11cb2936d57a320,home,random_forest,all,"{""criterion"":""poisson"",""max_depth"":14,""max_features"":0.6,""max_samples"":null,""min_samples_leaf"":8,""n_estimators"":400}",ok,757,2.546889905585654,2.404749404820081,2.5402906208718625,2.412931191958497,1.002597846348591,0.9966091916894757,5.196148200018797,
f9d4457eee46b8fad73f,home,random_forest,all,"{""criterion"":""poisson"",""max_depth"":14,""max_features"":1.0,""max_samples"":null,""min_samples_leaf"":8,""n_estimators"":400}",ok,757,2.5532393893269725,2.403841402172419,2.5402906208718625,2.412931191958497,1.0050973571089539,0.9962328847932459,8.600755699997535,
517a3f451fd4916ff2fe,home,random_forest,all,"{""criterion"":""squared_error"",""max_depth"":null,""max_features"":0.6,""max_samples"":null,""min_samples_leaf"":2,""n_estimators"":400}",ok,757,2.71909432666079,2.574869909891753,2.5402906208718625,2.412931191958497,1.0703871062310026,1.067112861930313,5.299114399997052,
c2fcc304efbe53cbbeae,home,random_forest,all,"{""criterion"":""squared_error"",""max_depth"":null,""max_features"":1.0,""max_samples"":null,""min_samples_leaf"":2,""n_estimators"":400}",ok,757,2.736942245318897,2.5889141033602967,2.5402906208718625,2.412931191958497,1.0774130419690096,1.0729332489829353,8.917728800006444,
434306d19a406d8dff76,home,random_forest,all,"{""criterion"":""squared_error"",""max_depth"":null,""max_features"":0.6,""max_samples"":null,""min_samples_leaf"":8,""n_estimators"":400}",ok,757,2.5616868456520834,2.4009704955247386,2.5402906208718625,2.412931191958497,1.0084227468323594,0.99504308433095,3.8423525000107475,
48193851f0b5b487b8c0,home,random_forest,all,"{""criterion"":""squared_error"",""max_depth"":null,""max_features"":1.0,""max_samples"":null,""min_samples_leaf"":8,""n_estimators"":400}",ok,757,2.5763544526213744,2.4197218128750317,2.5402906208718625,2.412931191958497,1.0141967345992617,1.0028142621468716,5.9932680999918375,
ef017f0190e4d4c9939f,home,random_forest,all,"{""criterion"":""squared_error"",""max_depth"":14,""max_features"":0.6,""max_samples"":null,""min_samples_leaf"":2,""n_estimators"":400}",ok,757,2.7122695918493536,2.5597157909183865,2.5402906208718625,2.412931191958497,1.0677005101559858,1.0608324843447978,4.928310400020564,
c4486028c309affadb21,home,random_forest,all,"{""criterion"":""squared_error"",""max_depth"":14,""max_features"":1.0,""max_samples"":null,""min_samples_leaf"":2,""n_estimators"":400}",ok,757,2.732860920367356,2.5849014627869633,2.5402906208718625,2.412931191958497,1.0758064049496041,1.0712702755062333,8.024357999995118,
032ef7f1fbb1bbbc6528,home,random_forest,all,"{""criterion"":""squared_error"",""max_depth"":14,""max_features"":0.6,""max_samples"":null,""min_samples_leaf"":8,""n_estimators"":400}",ok,757,2.565926358243184,2.408280629189577,2.5402906208718625,2.412931191958497,1.01009165532506,0.9980726500679261,3.762922299996717,
393762cbd86d7d4dee45,home,random_forest,all,"{""criterion"":""squared_error"",""max_depth"":14,""max_features"":1.0,""max_samples"":null,""min_samples_leaf"":8,""n_estimators"":400}",ok,757,2.5754086581842133,2.4184353786044386,2.5402906208718625,2.412931191958497,1.0138244171843211,1.0022811204332247,5.86661220001406,
49dbf0c97e895713b0de,home,extra_trees,all,"{""criterion"":""poisson"",""max_depth"":null,""max_features"":0.6,""max_samples"":null,""min_samples_leaf"":2,""n_estimators"":400}",ok,757,2.553997310813361,2.4023065647562887,2.5402906208718625,2.412931191958497,1.0053957172572618,0.9955967964450803,2.4485394000075758,
7e35e7a6c0c4ad27063e,home,extra_trees,all,"{""criterion"":""poisson"",""max_depth"":null,""max_features"":1.0,""max_samples"":null,""min_samples_leaf"":2,""n_estimators"":400}",ok,757,2.552775074175421,2.41585094405969,2.5402906208718625,2.412931191958497,1.004914576781484,1.0012100436642881,3.3626493999909144,
9c74638659ae5b08b724,home,extra_trees,all,"{""criterion"":""poisson"",""max_depth"":null,""max_features"":0.6,""max_samples"":null,""min_samples_leaf"":8,""n_estimators"":400}",ok,757,2.549253061353863,2.4051672749876216,2.5402906208718625,2.412931191958497,1.0035281161959826,0.9967823711688298,1.4837326999986544,
a2ef50b1b3c132838e32,home,extra_trees,all,"{""criterion"":""poisson"",""max_depth"":null,""max_features"":1.0,""max_samples"":null,""min_samples_leaf"":8,""n_estimators"":400}",ok,757,2.5480647351123102,2.408918510753477,2.5402906208718625,2.412931191958497,1.0030603247425995,0.9983370096841581,1.9297497000079602,
1e682d3318c0fb588fdf,home,extra_trees,all,"{""criterion"":""poisson"",""max_depth"":14,""max_features"":0.6,""max_samples"":null,""min_samples_leaf"":2,""n_estimators"":400}",ok,757,2.5545862175190175,2.4124105307805404,2.5402906208718625,2.412931191958497,1.0056275437659368,0.999784220461946,1.9737621000094805,
0a9609f3228bd0056688,home,extra_trees,all,"{""criterion"":""poisson"",""max_depth"":14,""max_features"":1.0,""max_samples"":null,""min_samples_leaf"":2,""n_estimators"":400}",ok,757,2.5552937103311297,2.4171183135177166,2.5402906208718625,2.412931191958497,1.005906052376841,1.0017352842771372,2.7222820000024512,
9e16f216a804d28207b6,home,extra_trees,all,"{""criterion"":""poisson"",""max_depth"":14,""max_features"":0.6,""max_samples"":null,""min_samples_leaf"":8,""n_estimators"":400}",ok,757,2.548183217803131,2.4005176672347015,2.5402906208718625,2.412931191958497,1.0031069661346699,0.9948554170275697,1.5335665000020526,
aad6224d114d0d5384c0,home,extra_trees,all,"{""criterion"":""poisson"",""max_depth"":14,""max_features"":1.0,""max_samples"":null,""min_samples_leaf"":8,""n_estimators"":400}",ok,757,2.548310244035633,2.4041917633495857,2.5402906208718625,2.412931191958497,1.0031569707410162,0.9963780862719845,1.909560900006909,
6330cbe617099faee8c0,home,extra_trees,all,"{""criterion"":""squared_error"",""max_depth"":null,""max_features"":0.6,""max_samples"":null,""min_samples_leaf"":2,""n_estimators"":400}",ok,757,2.5825857394476945,2.43815608178578,2.5402906208718625,2.412931191958497,1.0166497164648491,1.0104540444051406,2.278028100001393,
7bfdf4bee865ecd4b8c1,home,extra_trees,all,"{""criterion"":""squared_error"",""max_depth"":null,""max_features"":1.0,""max_samples"":null,""min_samples_leaf"":2,""n_estimators"":400}",ok,757,2.606006164685161,2.452335898405529,2.5402906208718625,2.412931191958497,1.0258693014387243,1.0163306382620254,3.1877856999926735,
a0f53d16f34c9bd8763c,home,extra_trees,all,"{""criterion"":""squared_error"",""max_depth"":null,""max_features"":0.6,""max_samples"":null,""min_samples_leaf"":8,""n_estimators"":400}",ok,757,2.554021182028623,2.404760915328089,2.5402906208718625,2.412931191958497,1.0054051142983191,0.9966139620318901,1.4634312999842223,
4c8b028bdf7004a7e442,home,extra_trees,all,"{""criterion"":""squared_error"",""max_depth"":null,""max_features"":1.0,""max_samples"":null,""min_samples_leaf"":8,""n_estimators"":400}",ok,757,2.5605238056700346,2.410992458797572,2.5402906208718625,2.412931191958497,1.007964909460331,0.9991965236441942,1.8796573000145145,
75d4ccbd66eb95fee107,home,extra_trees,all,"{""criterion"":""squared_error"",""max_depth"":14,""max_features"":0.6,""max_samples"":null,""min_samples_leaf"":2,""n_estimators"":400}",ok,757,2.5775536269023402,2.4259550580688596,2.5402906208718625,2.412931191958497,1.014668796445695,1.005397529011091,1.8377228999743238,
62aefedf31208c5144cf,home,extra_trees,all,"{""criterion"":""squared_error"",""max_depth"":14,""max_features"":1.0,""max_samples"":null,""min_samples_leaf"":2,""n_estimators"":400}",ok,757,2.6015751226538533,2.4385985711703695,2.5402906208718625,2.412931191958497,1.0241249962813141,1.0106374269176897,2.537876199989114,
5de4f07fce65f4966f3b,home,extra_trees,all,"{""criterion"":""squared_error"",""max_depth"":14,""max_features"":0.6,""max_samples"":null,""min_samples_leaf"":8,""n_estimators"":400}",ok,757,2.5520006220586198,2.4043218710184844,2.5402906208718625,2.412931191958497,1.0046097092555253,0.9964320072745113,1.4618180000106804,
b6b2ba69870e49571bea,home,extra_trees,all,"{""criterion"":""squared_error"",""max_depth"":14,""max_features"":1.0,""max_samples"":null,""min_samples_leaf"":8,""n_estimators"":400}",ok,757,2.5602370439457904,2.4083920747340963,2.5402906208718625,2.412931191958497,1.0078520240597835,0.99811883685721,1.8490368999773636,
176ee28b42cb16fae86b,home,poisson_glm,all,"{""alpha"":0.0,""solver"":""lbfgs""}",ok,757,22.387492099576885,42.24352223128411,2.5402906208718625,2.412931191958497,8.812964908673793,17.50713918907751,1.2649770000134595,
77be0ae64be12ea63d38,home,poisson_glm,all,"{""alpha"":0.01,""solver"":""lbfgs""}",ok,757,2.5853016789005814,2.5284143928690717,2.5402906208718625,2.412931191958497,1.0177188616368904,1.0478601301584736,0.2411440000287257,
8d459dacb1402e6e60f8,home,poisson_glm,all,"{""alpha"":0.1,""solver"":""lbfgs""}",ok,757,2.5702665996662737,2.498779627641536,2.5402906208718625,2.412931191958497,1.011800216301284,1.0355784847778269,0.13360149998334236,
4568726853cff31a442c,home,poisson_glm,all,"{""alpha"":1.0,""solver"":""lbfgs""}",ok,757,2.5457323446096276,2.4357464907177557,2.5402906208718625,2.412931191958497,1.0021421658187666,1.0094554286650588,0.0839327999856323,
c603520619d59a4de69e,home,poisson_glm,all,"{""alpha"":10.0,""solver"":""lbfgs""}",ok,757,2.545358280775692,2.403645824161323,2.5402906208718625,2.412931191958497,1.001994913441081,0.996151830674609,0.06225859999540262,
fafa28605d5617ad1a95,home,tweedie_glm,all,"{""alpha"":0.01,""power"":1.2,""solver"":""lbfgs""}",ok,757,2.5837460693374315,2.526273899604234,2.5402906208718625,2.412931191958497,1.0171064869934663,1.0469730376164355,0.2202716000028886,
30097b2d6fc04d3568b3,home,tweedie_glm,all,"{""alpha"":0.1,""power"":1.2,""solver"":""lbfgs""}",ok,757,2.567102085299048,2.4928077845860686,2.5402906208718625,2.412931191958497,1.0105544870365988,1.0331035517688087,0.12715819998993538,
c41a080b4f1a79ba6f9c,home,tweedie_glm,all,"{""alpha"":1.0,""power"":1.2,""solver"":""lbfgs""}",ok,757,2.5422668827590837,2.428516633118649,2.5402906208718625,2.412931191958497,1.0007779668479597,1.0064591320349678,0.07710389999556355,
e9b7911481f379e03c34,home,tweedie_glm,all,"{""alpha"":0.01,""power"":1.5,""solver"":""lbfgs""}",ok,757,2.5817655825355055,2.5241446802237966,2.5402906208718625,2.412931191958497,1.0163268569835557,1.0460906173520146,0.17821969999931753,
8109d56f5229e443c138,home,tweedie_glm,all,"{""alpha"":0.1,""power"":1.5,""solver"":""lbfgs""}",ok,757,2.5623026177115427,2.4836845251778317,2.5402906208718625,2.412931191958497,1.0086651490419334,1.0293225656227298,0.10620300000300631,
f387d9ab5636f6670deb,home,tweedie_glm,all,"{""alpha"":1.0,""power"":1.5,""solver"":""lbfgs""}",ok,757,2.5382664862313637,2.419063809229234,2.5402906208718625,2.412931191958497,0.9992031877676247,1.0025415632618015,0.0723508000082802,
8d71357d0b4e5a6ded40,home,tweedie_glm,all,"{""alpha"":0.01,""power"":1.8,""solver"":""lbfgs""}",ok,757,2.5802317131632497,2.5230461713008023,2.5402906208718625,2.412931191958497,1.0157230404912012,1.0456353582353621,0.1601041000103578,
4c9b99c76cfa5b7cfdca,home,tweedie_glm,all,"{""alpha"":0.1,""power"":1.8,""solver"":""lbfgs""}",ok,757,2.557086365259027,2.4740594141756618,2.5402906208718625,2.412931191958497,1.0066117412902151,1.0253335952640859,0.09302040000329725,
40b59ba8b8067c9bc63c,home,tweedie_glm,all,"{""alpha"":1.0,""power"":1.8,""solver"":""lbfgs""}",ok,757,2.535667700578598,2.411561925171036,2.5402906208718625,2.412931191958497,0.9981801608621939,0.9994325296999664,0.06750350000220351,
a6f015d1f9f94ffa12ea,home,lightgbm,all,"{""colsample_bytree"":0.9,""learning_rate"":0.025,""min_child_samples"":10,""n_estimators"":500,""num_leaves"":15,""objective"":""poisson"",""reg_lambda"":1.0,""subsample"":0.9,""tweedie_variance_power"":null}",ok,757,2.577939369997632,2.461714203032606,2.5402906208718625,2.412931191958497,1.014820646431725,1.0202173237416328,1.3373092999972869,
3cd620451fda512136ce,home,lightgbm,all,"{""colsample_bytree"":0.9,""learning_rate"":0.025,""min_child_samples"":30,""n_estimators"":500,""num_leaves"":15,""objective"":""poisson"",""reg_lambda"":1.0,""subsample"":0.9,""tweedie_variance_power"":null}",ok,757,2.577222066887593,2.52085421000415,2.5402906208718625,2.412931191958497,1.0145382759406698,1.044726935606504,1.2217863000114448,
ecd9700037e7fc186eba,home,lightgbm,all,"{""colsample_bytree"":0.9,""learning_rate"":0.025,""min_child_samples"":10,""n_estimators"":500,""num_leaves"":31,""objective"":""poisson"",""reg_lambda"":1.0,""subsample"":0.9,""tweedie_variance_power"":null}",ok,757,2.550964143405494,2.5636959399903114,2.5402906208718625,2.412931191958497,1.004201693477878,1.0624819922483755,2.6976924000191502,
51d5e0a18a3d655d05cd,home,lightgbm,all,"{""colsample_bytree"":0.9,""learning_rate"":0.025,""min_child_samples"":30,""n_estimators"":500,""num_leaves"":31,""objective"":""poisson"",""reg_lambda"":1.0,""subsample"":0.9,""tweedie_variance_power"":null}",ok,757,2.5425110961871633,2.534005289277781,2.5402906208718625,2.412931191958497,1.0008741028672297,1.050177186039446,2.0191177999950014,
033245f95298c4599d73,home,lightgbm,all,"{""colsample_bytree"":0.9,""learning_rate"":0.05,""min_child_samples"":10,""n_estimators"":500,""num_leaves"":15,""objective"":""poisson"",""reg_lambda"":1.0,""subsample"":0.9,""tweedie_variance_power"":null}",ok,757,2.589989410027939,2.5367122089911014,2.5402906208718625,2.412931191958497,1.0195642139319552,1.051299024789901,1.3997368999989703,
465bcd6bd9a00cd9b9ad,home,lightgbm,all,"{""colsample_bytree"":0.9,""learning_rate"":0.05,""min_child_samples"":30,""n_estimators"":500,""num_leaves"":15,""objective"":""poisson"",""reg_lambda"":1.0,""subsample"":0.9,""tweedie_variance_power"":null}",ok,757,2.5701253829791146,2.593295528717043,2.5402906208718625,2.412931191958497,1.0117446255409204,1.0747490593016662,1.2407433000043966,
38a46ba26e19e550ffe7,home,lightgbm,all,"{""colsample_bytree"":0.9,""learning_rate"":0.05,""min_child_samples"":10,""n_estimators"":500,""num_leaves"":31,""objective"":""poisson"",""reg_lambda"":1.0,""subsample"":0.9,""tweedie_variance_power"":null}",ok,757,2.5667823002784287,2.7092856072161773,2.5402906208718625,2.412931191958497,1.0104286018256736,1.1228192566142505,2.4530062999983784,
9b7dd61e96d0027f8e4f,home,lightgbm,all,"{""colsample_bytree"":0.9,""learning_rate"":0.05,""min_child_samples"":30,""n_estimators"":500,""num_leaves"":31,""objective"":""poisson"",""reg_lambda"":1.0,""subsample"":0.9,""tweedie_variance_power"":null}",ok,757,2.5427727719665136,2.6422518603774843,2.5402906208718625,2.412931191958497,1.0009771130414202,1.0950382129350549,1.9775060999963898,
cb23c645560e70d1ec58,home,lightgbm,all,"{""colsample_bytree"":0.9,""learning_rate"":0.1,""min_child_samples"":10,""n_estimators"":500,""num_leaves"":15,""objective"":""poisson"",""reg_lambda"":1.0,""subsample"":0.9,""tweedie_variance_power"":null}",ok,757,2.5908203951451103,2.727182857854757,2.5402906208718625,2.412931191958497,1.0198913359983612,1.130236480403402,1.2890808999945875,
25990efd694f01fb2f61,home,lightgbm,all,"{""colsample_bytree"":0.9,""learning_rate"":0.1,""min_child_samples"":30,""n_estimators"":500,""num_leaves"":15,""objective"":""poisson"",""reg_lambda"":1.0,""subsample"":0.9,""tweedie_variance_power"":null}",ok,757,2.598606761500687,2.7170061041851516,2.5402906208718625,2.412931191958497,1.0229564838564849,1.12601889073341,1.2200366999895778,
fd3eb48006762c7c8f3a,home,lightgbm,all,"{""colsample_bytree"":0.9,""learning_rate"":0.1,""min_child_samples"":10,""n_estimators"":500,""num_leaves"":31,""objective"":""poisson"",""reg_lambda"":1.0,""subsample"":0.9,""tweedie_variance_power"":null}",ok,757,2.6086390932138994,2.8925042686712574,2.5402906208718625,2.412931191958497,1.0269057688834748,1.198751244258858,2.4652797000017017,
4e65a7736785211c1145,home,lightgbm,all,"{""colsample_bytree"":0.9,""learning_rate"":0.1,""min_child_samples"":30,""n_estimators"":500,""num_leaves"":31,""objective"":""poisson"",""reg_lambda"":1.0,""subsample"":0.9,""tweedie_variance_power"":null}",ok,757,2.5434844362271942,2.751416780898483,2.5402906208718625,2.412931191958497,1.0012572637670234,1.1402798347785659,2.070181600021897,
a881a29213603cea631d,home,lightgbm,all,"{""colsample_bytree"":0.9,""learning_rate"":0.025,""min_child_samples"":10,""n_estimators"":500,""num_leaves"":15,""objective"":""tweedie"",""reg_lambda"":1.0,""subsample"":0.9,""tweedie_variance_power"":1.5}",ok,757,2.559732743660421,2.6438057261566135,2.5402906208718625,2.412931191958497,1.0076535033546223,1.0956821872780895,1.3143064000178128,
0e0c50a8f0e9d441b919,home,lightgbm,all,"{""colsample_bytree"":0.9,""learning_rate"":0.025,""min_child_samples"":30,""n_estimators"":500,""num_leaves"":15,""objective"":""tweedie"",""reg_lambda"":1.0,""subsample"":0.9,""tweedie_variance_power"":1.5}",ok,757,2.555645992729702,2.677746892005236,2.5402906208718625,2.412931191958497,1.0060447303673348,1.10974855019873,1.1812975000066217,
e03cccc32b12c384f121,home,lightgbm,all,"{""colsample_bytree"":0.9,""learning_rate"":0.025,""min_child_samples"":10,""n_estimators"":500,""num_leaves"":31,""objective"":""tweedie"",""reg_lambda"":1.0,""subsample"":0.9,""tweedie_variance_power"":1.5}",ok,757,2.598339675267958,2.8725146602484006,2.5402906208718625,2.412931191958497,1.022851343826232,1.190466876892944,2.5918293000140693,
2f1c0c4f3d2571913299,home,lightgbm,all,"{""colsample_bytree"":0.9,""learning_rate"":0.025,""min_child_samples"":30,""n_estimators"":500,""num_leaves"":31,""objective"":""tweedie"",""reg_lambda"":1.0,""subsample"":0.9,""tweedie_variance_power"":1.5}",ok,757,2.5651153047852957,2.824609110994205,2.5402906208718625,2.412931191958497,1.0097723794708626,1.170613202899318,2.0512049999961164,
994f5c571eb995e16346,home,lightgbm,all,"{""colsample_bytree"":0.9,""learning_rate"":0.05,""min_child_samples"":10,""n_estimators"":500,""num_leaves"":15,""objective"":""tweedie"",""reg_lambda"":1.0,""subsample"":0.9,""tweedie_variance_power"":1.5}",ok,757,2.6178430146719887,2.9083833474397953,2.5402906208718625,2.412931191958497,1.0305289454532998,1.2053320696141179,1.3150457000010647,
4af58ede5d092b281518,home,lightgbm,all,"{""colsample_bytree"":0.9,""learning_rate"":0.05,""min_child_samples"":30,""n_estimators"":500,""num_leaves"":15,""objective"":""tweedie"",""reg_lambda"":1.0,""subsample"":0.9,""tweedie_variance_power"":1.5}",ok,757,2.611911788120301,2.8769610052544716,2.5402906208718625,2.412931191958497,1.028194084039037,1.192309592102101,1.2043115999840666,
b72de1f4d499c7a138e0,home,lightgbm,all,"{""colsample_bytree"":0.9,""learning_rate"":0.05,""min_child_samples"":10,""n_estimators"":500,""num_leaves"":31,""objective"":""tweedie"",""reg_lambda"":1.0,""subsample"":0.9,""tweedie_variance_power"":1.5}",ok,757,2.6583465081697986,3.2207338408858277,2.5402906208718625,2.412931191958497,1.046473378411096,1.3347806400859958,2.59190570001374,
3f3a0d624e25e13a4536,home,lightgbm,all,"{""colsample_bytree"":0.9,""learning_rate"":0.05,""min_child_samples"":30,""n_estimators"":500,""num_leaves"":31,""objective"":""tweedie"",""reg_lambda"":1.0,""subsample"":0.9,""tweedie_variance_power"":1.5}",ok,757,2.63671141140197,3.057223846847452,2.5402906208718625,2.412931191958497,1.0379565982482013,1.2670165883868425,2.0092061000177637,
92714ee322a8b3c59840,home,lightgbm,all,"{""colsample_bytree"":0.9,""learning_rate"":0.1,""min_child_samples"":10,""n_estimators"":500,""num_leaves"":15,""objective"":""tweedie"",""reg_lambda"":1.0,""subsample"":0.9,""tweedie_variance_power"":1.5}",ok,757,2.7001110528119057,3.283775861626982,2.5402906208718625,2.412931191958497,1.0629142313981346,1.3609073779520622,1.2999082000169437,
f66d66ecf4c79f12ffdf,home,lightgbm,all,"{""colsample_bytree"":0.9,""learning_rate"":0.1,""min_child_samples"":30,""n_estimators"":500,""num_leaves"":15,""objective"":""tweedie"",""reg_lambda"":1.0,""subsample"":0.9,""tweedie_variance_power"":1.5}",ok,757,2.6782522453003215,3.160757320068862,2.5402906208718625,2.412931191958497,1.054309386215467,1.3099243486936645,1.250345100008417,
a2c6abc2ea34d617e96e,home,lightgbm,all,"{""colsample_bytree"":0.9,""learning_rate"":0.1,""min_child_samples"":10,""n_estimators"":500,""num_leaves"":31,""objective"":""tweedie"",""reg_lambda"":1.0,""subsample"":0.9,""tweedie_variance_power"":1.5}",ok,757,2.7261231954395715,3.6104130790734494,2.5402906208718625,2.412931191958497,1.0731540608152657,1.4962768483020834,2.7000872000062373,
5537a8c0e902a7c79345,home,lightgbm,all,"{""colsample_bytree"":0.9,""learning_rate"":0.1,""min_child_samples"":30,""n_estimators"":500,""num_leaves"":31,""objective"":""tweedie"",""reg_lambda"":1.0,""subsample"":0.9,""tweedie_variance_power"":1.5}",ok,757,2.714343231447866,3.369475364657213,2.5402906208718625,2.412931191958497,1.0685168102995501,1.3964241400196415,2.0946137999999337,
e093ad1b657b8f166bf9,home,lightgbm,all,"{""colsample_bytree"":0.9,""learning_rate"":0.025,""min_child_samples"":10,""n_estimators"":500,""num_leaves"":15,""objective"":""regression"",""reg_lambda"":1.0,""subsample"":0.9,""tweedie_variance_power"":null}",ok,757,2.7256046161048118,2.599982319132741,2.5402906208718625,2.412931191958497,1.0729499190802614,1.0775202905899777,1.3677880000032019,
c0fba85754267d969266,home,lightgbm,all,"{""colsample_bytree"":0.9,""learning_rate"":0.025,""min_child_samples"":30,""n_estimators"":500,""num_leaves"":15,""objective"":""regression"",""reg_lambda"":1.0,""subsample"":0.9,""tweedie_variance_power"":null}",ok,757,2.6317713930662623,2.532358594041361,2.5402906208718625,2.412931191958497,1.0360119316438692,1.049494740041024,1.27974220001488,
1f1c48f885ea9500605f,home,lightgbm,all,"{""colsample_bytree"":0.9,""learning_rate"":0.025,""min_child_samples"":10,""n_estimators"":500,""num_leaves"":31,""objective"":""regression"",""reg_lambda"":1.0,""subsample"":0.9,""tweedie_variance_power"":null}",ok,757,2.6797433478263013,2.580284396598356,2.5402906208718625,2.412931191958497,1.054896367293037,1.069356807685852,2.743876699998509,
0a7b2a942d2ed67d15f0,home,lightgbm,all,"{""colsample_bytree"":0.9,""learning_rate"":0.025,""min_child_samples"":30,""n_estimators"":500,""num_leaves"":31,""objective"":""regression"",""reg_lambda"":1.0,""subsample"":0.9,""tweedie_variance_power"":null}",ok,757,2.6429507770925356,2.5646289481094073,2.5402906208718625,2.412931191958497,1.0404127604051219,1.062868662254634,2.192961499997182,
ca71b6bd87d5186bbe5c,home,lightgbm,all,"{""colsample_bytree"":0.9,""learning_rate"":0.05,""min_child_samples"":10,""n_estimators"":500,""num_leaves"":15,""objective"":""regression"",""reg_lambda"":1.0,""subsample"":0.9,""tweedie_variance_power"":null}",ok,757,2.730282950616931,2.676147899208804,2.5402906208718625,2.412931191958497,1.0747915723437425,1.1090858736989773,1.3287065000040457,
53fef56f7d42dacf9745,home,lightgbm,all,"{""colsample_bytree"":0.9,""learning_rate"":0.05,""min_child_samples"":30,""n_estimators"":500,""num_leaves"":15,""objective"":""regression"",""reg_lambda"":1.0,""subsample"":0.9,""tweedie_variance_power"":null}",ok,757,2.646150130162448,2.5721935732157175,2.5402906208718625,2.412931191958497,1.041672204125311,1.0660036978211354,1.2740282000158913,
e8b20d8b977aaf4ad480,home,lightgbm,all,"{""colsample_bytree"":0.9,""learning_rate"":0.05,""min_child_samples"":10,""n_estimators"":500,""num_leaves"":31,""objective"":""regression"",""reg_lambda"":1.0,""subsample"":0.9,""tweedie_variance_power"":null}",ok,757,2.6891458857476325,2.570672752426919,2.5402906208718625,2.412931191958497,1.058597730374913,1.0653734184356862,2.7457150999980513,
14f7f7c084e9bd1fef9a,home,lightgbm,all,"{""colsample_bytree"":0.9,""learning_rate"":0.05,""min_child_samples"":30,""n_estimators"":500,""num_leaves"":31,""objective"":""regression"",""reg_lambda"":1.0,""subsample"":0.9,""tweedie_variance_power"":null}",ok,757,2.647347725014746,2.5884796425669605,2.5402906208718625,2.412931191958497,1.0421436442205734,1.0727531937891592,2.2032122000236996,
1b5b490feed9aa5bd36a,home,lightgbm,all,"{""colsample_bytree"":0.9,""learning_rate"":0.1,""min_child_samples"":10,""n_estimators"":500,""num_leaves"":15,""objective"":""regression"",""reg_lambda"":1.0,""subsample"":0.9,""tweedie_variance_power"":null}",ok,757,2.778779700301225,2.7171550706958163,2.5402906208718625,2.412931191958497,1.0938825965304355,1.1260806274754942,1.3276046999963,
d2662dc21789d7b66ffa,home,lightgbm,all,"{""colsample_bytree"":0.9,""learning_rate"":0.1,""min_child_samples"":30,""n_estimators"":500,""num_leaves"":15,""objective"":""regression"",""reg_lambda"":1.0,""subsample"":0.9,""tweedie_variance_power"":null}",ok,757,2.6888764688471483,2.6774765099713096,2.5402906208718625,2.412931191958497,1.058491672863906,1.1096364947721902,1.2705602000060026,
7c11082ddff8960f4c0f,home,lightgbm,all,"{""colsample_bytree"":0.9,""learning_rate"":0.1,""min_child_samples"":10,""n_estimators"":500,""num_leaves"":31,""objective"":""regression"",""reg_lambda"":1.0,""subsample"":0.9,""tweedie_variance_power"":null}",ok,757,2.774944613787713,2.7199519962897463,2.5402906208718625,2.412931191958497,1.092372892687103,1.1272397676960073,2.75375519998488,
d8cb97c6b79cc99aaa2c,home,lightgbm,all,"{""colsample_bytree"":0.9,""learning_rate"":0.1,""min_child_samples"":30,""n_estimators"":500,""num_leaves"":31,""objective"":""regression"",""reg_lambda"":1.0,""subsample"":0.9,""tweedie_variance_power"":null}",ok,757,2.712202507718665,2.7280129098538692,2.5402906208718625,2.412931191958497,1.0676741021024594,1.1305804819239917,2.266675699996995,
997f5f94f5dc1245a2a4,home,xgboost,all,"{""colsample_bytree"":0.9,""learning_rate"":0.025,""max_depth"":3,""min_child_weight"":1.0,""n_estimators"":500,""objective"":""count:poisson"",""reg_lambda"":1.0,""subsample"":0.9,""tweedie_variance_power"":null}",ok,757,2.548642365431691,2.3978000720937795,2.5402906208718625,2.412931191958497,1.0032877122370205,0.9937291540201625,1.9734826999774668,
5bc84dc9518c30b1294c,home,xgboost,all,"{""colsample_bytree"":0.9,""learning_rate"":0.025,""max_depth"":3,""min_child_weight"":5.0,""n_estimators"":500,""objective"":""count:poisson"",""reg_lambda"":1.0,""subsample"":0.9,""tweedie_variance_power"":null}",ok,757,2.5481481652908626,2.3975930292650007,2.5402906208718625,2.412931191958497,1.0030931675117958,0.9936433484947216,2.172446900018258,
ff3382bd02d6c7e26253,home,xgboost,all,"{""colsample_bytree"":0.9,""learning_rate"":0.025,""max_depth"":6,""min_child_weight"":1.0,""n_estimators"":500,""objective"":""count:poisson"",""reg_lambda"":1.0,""subsample"":0.9,""tweedie_variance_power"":null}",ok,757,2.518123049402174,2.5058756592667097,2.5402906208718625,2.412931191958497,0.9912736081109963,1.0385193194144806,6.447294500016142,
72f6fd3599bddd9bd75c,home,xgboost,all,"{""colsample_bytree"":0.9,""learning_rate"":0.025,""max_depth"":6,""min_child_weight"":5.0,""n_estimators"":500,""objective"":""count:poisson"",""reg_lambda"":1.0,""subsample"":0.9,""tweedie_variance_power"":null}",ok,757,2.5230860051894597,2.5097624600097177,2.5402906208718625,2.412931191958497,0.993227304174946,1.0401301406247834,6.429831000015838,
28ee9930ed85a0c74f7b,home,xgboost,all,"{""colsample_bytree"":0.9,""learning_rate"":0.05,""max_depth"":3,""min_child_weight"":1.0,""n_estimators"":500,""objective"":""count:poisson"",""reg_lambda"":1.0,""subsample"":0.9,""tweedie_variance_power"":null}",ok,757,2.5523184643396455,2.4410392684602225,2.5402906208718625,2.412931191958497,1.0047348296958458,1.0116489341243549,1.98629910001182,
138b7eb300b38de6e749,home,xgboost,all,"{""colsample_bytree"":0.9,""learning_rate"":0.05,""max_depth"":3,""min_child_weight"":5.0,""n_estimators"":500,""objective"":""count:poisson"",""reg_lambda"":1.0,""subsample"":0.9,""tweedie_variance_power"":null}",ok,757,2.549171667275372,2.435850879700005,2.5402906208718625,2.412931191958497,1.0034960749492754,1.0094986909771368,2.02310540000326,
0590b87ffbfb43548274,home,xgboost,all,"{""colsample_bytree"":0.9,""learning_rate"":0.05,""max_depth"":6,""min_child_weight"":1.0,""n_estimators"":500,""objective"":""count:poisson"",""reg_lambda"":1.0,""subsample"":0.9,""tweedie_variance_power"":null}",ok,757,2.585591340553178,2.8568634881605424,2.5402906208718625,2.412931191958497,1.0178328886108974,1.1839805037464495,6.270554299990181,
055d79f66e5d68fdddb0,home,xgboost,all,"{""colsample_bytree"":0.9,""learning_rate"":0.05,""max_depth"":6,""min_child_weight"":5.0,""n_estimators"":500,""objective"":""count:poisson"",""reg_lambda"":1.0,""subsample"":0.9,""tweedie_variance_power"":null}",ok,757,2.5693066503601627,2.792919455555674,2.5402906208718625,2.412931191958497,1.0114223267408442,1.1574799417669068,6.491619699983858,
06460bb1c3960e281d45,home,xgboost,all,"{""colsample_bytree"":0.9,""learning_rate"":0.1,""max_depth"":3,""min_child_weight"":1.0,""n_estimators"":500,""objective"":""count:poisson"",""reg_lambda"":1.0,""subsample"":0.9,""tweedie_variance_power"":null}",ok,757,2.5763795903368387,2.5811387970209263,2.5402906208718625,2.412931191958497,1.0142066302054014,1.069710900013647,1.9623553000274114,
292df4e20d17c5c322c2,home,xgboost,all,"{""colsample_bytree"":0.9,""learning_rate"":0.1,""max_depth"":3,""min_child_weight"":5.0,""n_estimators"":500,""objective"":""count:poisson"",""reg_lambda"":1.0,""subsample"":0.9,""tweedie_variance_power"":null}",ok,757,2.58761192029502,2.574657899164742,2.5402906208718625,2.412931191958497,1.0186283014369892,1.06702499754043,1.9337599000136834,
4140022d87d57116dca2,home,xgboost,all,"{""colsample_bytree"":0.9,""learning_rate"":0.1,""max_depth"":6,""min_child_weight"":1.0,""n_estimators"":500,""objective"":""count:poisson"",""reg_lambda"":1.0,""subsample"":0.9,""tweedie_variance_power"":null}",ok,757,2.7034621009580997,3.3768924996691134,2.5402906208718625,2.412931191958497,1.0642333907567767,1.3994980507207089,6.022310300002573,
78252ee78731462db098,home,xgboost,all,"{""colsample_bytree"":0.9,""learning_rate"":0.1,""max_depth"":6,""min_child_weight"":5.0,""n_estimators"":500,""objective"":""count:poisson"",""reg_lambda"":1.0,""subsample"":0.9,""tweedie_variance_power"":null}",ok,757,2.6526687732618424,3.1314718913158197,2.5402906208718625,2.412931191958497,1.0442383054390092,1.2977874801204368,5.9789388999924995,
80174a41503f50f03692,home,xgboost,all,"{""colsample_bytree"":0.9,""learning_rate"":0.025,""max_depth"":3,""min_child_weight"":1.0,""n_estimators"":500,""objective"":""reg:tweedie"",""reg_lambda"":1.0,""subsample"":0.9,""tweedie_variance_power"":1.5}",ok,757,2.5252507610081683,2.513077253250049,2.5402906208718625,2.412931191958497,0.9940794727421651,1.041503902649734,2.0442669999902137,
5de4e0c0bb46d5cdb2d7,home,xgboost,all,"{""colsample_bytree"":0.9,""learning_rate"":0.025,""max_depth"":3,""min_child_weight"":5.0,""n_estimators"":500,""objective"":""reg:tweedie"",""reg_lambda"":1.0,""subsample"":0.9,""tweedie_variance_power"":1.5}",ok,757,2.5268871779485926,2.4793967116882634,2.5402906208718625,2.412931191958497,0.994723657673991,1.0275455512164102,2.0592179000086617,
0b4b3a6372ab6fcd482b,home,xgboost,all,"{""colsample_bytree"":0.9,""learning_rate"":0.025,""max_depth"":6,""min_child_weight"":1.0,""n_estimators"":500,""objective"":""reg:tweedie"",""reg_lambda"":1.0,""subsample"":0.9,""tweedie_variance_power"":1.5}",ok,757,2.6420946757418635,3.131740744770279,2.5402906208718625,2.412931191958497,1.0400757511890748,1.2978989020521334,6.388135400018655,
f7e498d4dfb3bb36fa9a,home,xgboost,all,"{""colsample_bytree"":0.9,""learning_rate"":0.025,""max_depth"":6,""min_child_weight"":5.0,""n_estimators"":500,""objective"":""reg:tweedie"",""reg_lambda"":1.0,""subsample"":0.9,""tweedie_variance_power"":1.5}",ok,757,2.597185185752425,2.9498265161932276,2.5402906208718625,2.412931191958497,1.0223968723944805,1.2225075153506346,6.058778800012078,
551ebe6b0b9f76c73f62,home,xgboost,all,"{""colsample_bytree"":0.9,""learning_rate"":0.05,""max_depth"":3,""min_child_weight"":1.0,""n_estimators"":500,""objective"":""reg:tweedie"",""reg_lambda"":1.0,""subsample"":0.9,""tweedie_variance_power"":1.5}",ok,757,2.5872350133551945,2.769407500002055,2.5402906208718625,2.412931191958497,1.018479929854333,1.1477357950494302,2.0979803999944124,
798ed9db550662a563a8,home,xgboost,all,"{""colsample_bytree"":0.9,""learning_rate"":0.05,""max_depth"":3,""min_child_weight"":5.0,""n_estimators"":500,""objective"":""reg:tweedie"",""reg_lambda"":1.0,""subsample"":0.9,""tweedie_variance_power"":1.5}",ok,757,2.590137911913732,2.695649999494434,2.5402906208718625,2.412931191958497,1.0196226725526236,1.1171682012641493,2.017941600002814,
23c0ccc5f4ea9e7f556f,home,xgboost,all,"{""colsample_bytree"":0.9,""learning_rate"":0.05,""max_depth"":6,""min_child_weight"":1.0,""n_estimators"":500,""objective"":""reg:tweedie"",""reg_lambda"":1.0,""subsample"":0.9,""tweedie_variance_power"":1.5}",ok,757,2.744358428816657,3.733337231901534,2.5402906208718625,2.412931191958497,1.0803324652179975,1.5472207596899217,6.229309899994405,
442e43902fdebf5d4928,home,xgboost,all,"{""colsample_bytree"":0.9,""learning_rate"":0.05,""max_depth"":6,""min_child_weight"":5.0,""n_estimators"":500,""objective"":""reg:tweedie"",""reg_lambda"":1.0,""subsample"":0.9,""tweedie_variance_power"":1.5}",ok,757,2.6650029126766337,3.3172014694072693,2.5402906208718625,2.412931191958497,1.049093710294442,1.3747600762352472,5.616948500013677,
47254c84ac3b836d3f67,home,xgboost,all,"{""colsample_bytree"":0.9,""learning_rate"":0.1,""max_depth"":3,""min_child_weight"":1.0,""n_estimators"":500,""objective"":""reg:tweedie"",""reg_lambda"":1.0,""subsample"":0.9,""tweedie_variance_power"":1.5}",ok,757,2.7341658793084687,3.266720944766489,2.5402906208718625,2.412931191958497,1.0763201095353672,1.3538392456665946,2.0174730999860913,
b927b50948a08438874a,home,xgboost,all,"{""colsample_bytree"":0.9,""learning_rate"":0.1,""max_depth"":3,""min_child_weight"":5.0,""n_estimators"":500,""objective"":""reg:tweedie"",""reg_lambda"":1.0,""subsample"":0.9,""tweedie_variance_power"":1.5}",ok,757,2.661408155644743,3.07854312720074,2.5402906208718625,2.412931191958497,1.047678613532538,1.2758520166097185,2.0480837999784853,
f5533b3eb1e81d5ecd88,home,xgboost,all,"{""colsample_bytree"":0.9,""learning_rate"":0.1,""max_depth"":6,""min_child_weight"":1.0,""n_estimators"":500,""objective"":""reg:tweedie"",""reg_lambda"":1.0,""subsample"":0.9,""tweedie_variance_power"":1.5}",ok,757,2.861687282137228,4.336079269829684,2.5402906208718625,2.412931191958497,1.1265196425261996,1.7970173721821843,5.826115400006529,
5e57e01477424dbc41d8,home,xgboost,all,"{""colsample_bytree"":0.9,""learning_rate"":0.1,""max_depth"":6,""min_child_weight"":5.0,""n_estimators"":500,""objective"":""reg:tweedie"",""reg_lambda"":1.0,""subsample"":0.9,""tweedie_variance_power"":1.5}",ok,757,2.777249704913545,3.879312255075772,2.5402906208718625,2.412931191958497,1.0932803050543702,1.6077177285470217,5.532529699994484,
530183b872ea2d09a359,home,xgboost,all,"{""colsample_bytree"":0.9,""learning_rate"":0.025,""max_depth"":3,""min_child_weight"":1.0,""n_estimators"":500,""objective"":""reg:squarederror"",""reg_lambda"":1.0,""subsample"":0.9,""tweedie_variance_power"":null}",ok,757,2.6473075278998994,2.4914854993486544,2.5402906208718625,2.412931191958497,1.0421278203953324,1.0325555522063592,2.005494399985764,
fe1fbc103232bc112306,home,xgboost,all,"{""colsample_bytree"":0.9,""learning_rate"":0.025,""max_depth"":3,""min_child_weight"":5.0,""n_estimators"":500,""objective"":""reg:squarederror"",""reg_lambda"":1.0,""subsample"":0.9,""tweedie_variance_power"":null}",ok,757,2.6433064685630043,2.475728143511667,2.5402906208718625,2.412931191958497,1.040552780396357,1.0260251729359096,1.9439928000210784,
1a11fee70771eed01b02,home,xgboost,all,"{""colsample_bytree"":0.9,""learning_rate"":0.025,""max_depth"":6,""min_child_weight"":1.0,""n_estimators"":500,""objective"":""reg:squarederror"",""reg_lambda"":1.0,""subsample"":0.9,""tweedie_variance_power"":null}",ok,757,2.665488823244405,2.5505181852341674,2.5402906208718625,2.412931191958497,1.049284991781599,1.0570206865965355,6.86195960000623,
daabd77eb7c75dcf9fe1,home,xgboost,all,"{""colsample_bytree"":0.9,""learning_rate"":0.025,""max_depth"":6,""min_child_weight"":5.0,""n_estimators"":500,""objective"":""reg:squarederror"",""reg_lambda"":1.0,""subsample"":0.9,""tweedie_variance_power"":null}",ok,757,2.6707986331836393,2.5318674635968677,2.5402906208718625,2.412931191958497,1.051375228975567,1.0492911990340819,5.6952421000169124,
d26d3ba0df9c86eaf8e4,home,xgboost,all,"{""colsample_bytree"":0.9,""learning_rate"":0.05,""max_depth"":3,""min_child_weight"":1.0,""n_estimators"":500,""objective"":""reg:squarederror"",""reg_lambda"":1.0,""subsample"":0.9,""tweedie_variance_power"":null}",ok,757,2.700251426847954,2.5999884118275016,2.5402906208718625,2.412931191958497,1.0629694904440465,1.077522815608006,2.071493499999633,
6f3f936804f49976766c,home,xgboost,all,"{""colsample_bytree"":0.9,""learning_rate"":0.05,""max_depth"":3,""min_child_weight"":5.0,""n_estimators"":500,""objective"":""reg:squarederror"",""reg_lambda"":1.0,""subsample"":0.9,""tweedie_variance_power"":null}",ok,757,2.7227913835719524,2.63576392593622,2.5402906208718625,2.412931191958497,1.0718424739282204,1.0923493942638525,1.9802383999922313,
e7a30b7527c470ccc28d,home,xgboost,all,"{""colsample_bytree"":0.9,""learning_rate"":0.05,""max_depth"":6,""min_child_weight"":1.0,""n_estimators"":500,""objective"":""reg:squarederror"",""reg_lambda"":1.0,""subsample"":0.9,""tweedie_variance_power"":null}",ok,757,2.7009177922887564,2.5886448387624155,2.5402906208718625,2.412931191958497,1.0632318090289072,1.0728216566595492,7.1897985999821685,
55aab991b4e10098c9d8,home,xgboost,all,"{""colsample_bytree"":0.9,""learning_rate"":0.05,""max_depth"":6,""min_child_weight"":5.0,""n_estimators"":500,""objective"":""reg:squarederror"",""reg_lambda"":1.0,""subsample"":0.9,""tweedie_variance_power"":null}",ok,757,2.7075369299796646,2.5992185887231387,2.5402906208718625,2.412931191958497,1.0658374706160199,1.077203774971071,5.5640131999971345,
184156050a02cd96956b,home,xgboost,all,"{""colsample_bytree"":0.9,""learning_rate"":0.1,""max_depth"":3,""min_child_weight"":1.0,""n_estimators"":500,""objective"":""reg:squarederror"",""reg_lambda"":1.0,""subsample"":0.9,""tweedie_variance_power"":null}",ok,757,2.8307411415573784,2.8185449149994843,2.5402906208718625,2.412931191958497,1.114337516463305,1.1680999957200453,1.9838108000112697,
527d7ca6ff8bd6033de9,home,xgboost,all,"{""colsample_bytree"":0.9,""learning_rate"":0.1,""max_depth"":3,""min_child_weight"":5.0,""n_estimators"":500,""objective"":""reg:squarederror"",""reg_lambda"":1.0,""subsample"":0.9,""tweedie_variance_power"":null}",ok,757,2.789800386959527,2.7835960649583833,2.5402906208718625,2.412931191958497,1.0982209531608746,1.1536160145118062,2.000193100015167,
7c12ba9b390f52564038,home,xgboost,all,"{""colsample_bytree"":0.9,""learning_rate"":0.1,""max_depth"":6,""min_child_weight"":1.0,""n_estimators"":500,""objective"":""reg:squarederror"",""reg_lambda"":1.0,""subsample"":0.9,""tweedie_variance_power"":null}",ok,757,2.699719643498349,2.6355450742227773,2.5402906208718625,2.412931191958497,1.062760150872725,1.0922586947386559,6.904486599989468,
002ff4c4e76404f212c0,home,xgboost,all,"{""colsample_bytree"":0.9,""learning_rate"":0.1,""max_depth"":6,""min_child_weight"":5.0,""n_estimators"":500,""objective"":""reg:squarederror"",""reg_lambda"":1.0,""subsample"":0.9,""tweedie_variance_power"":null}",ok,757,2.7390359991292814,2.681538068796968,2.5402906208718625,2.412931191958497,1.078237260187658,1.1113197416211655,5.497945700015407,
68249cf3e26e041df510,home,hist_gradient_boosting,dratings_only,"{""l2_regularization"":0.0,""learning_rate"":0.025,""loss"":""poisson"",""max_iter"":300,""max_leaf_nodes"":15,""min_samples_leaf"":10}",ok,757,2.661201790251959,2.598610602251073,2.5402906208718625,2.412931191958497,1.0475973766098456,1.0769518048883382,1.123162300005788,
aa963b08eaf3ab59c173,home,hist_gradient_boosting,dratings_only,"{""l2_regularization"":5.0,""learning_rate"":0.025,""loss"":""poisson"",""max_iter"":300,""max_leaf_nodes"":15,""min_samples_leaf"":10}",ok,757,2.6590587692373893,2.5864374790380964,2.5402906208718625,2.412931191958497,1.0467537640731688,1.0719068524033502,1.1053763000236358,
3e45f19c4924352ae8f8,home,hist_gradient_boosting,dratings_only,"{""l2_regularization"":0.0,""learning_rate"":0.025,""loss"":""poisson"",""max_iter"":300,""max_leaf_nodes"":15,""min_samples_leaf"":30}",ok,757,2.659900742526278,2.5952474334269775,2.5402906208718625,2.412931191958497,1.0470852116965121,1.0755579943912534,1.0808216000150423,
ec9d2c42625cacf4a308,home,hist_gradient_boosting,dratings_only,"{""l2_regularization"":5.0,""learning_rate"":0.025,""loss"":""poisson"",""max_iter"":300,""max_leaf_nodes"":15,""min_samples_leaf"":30}",ok,757,2.6581655279120744,2.5854513260064134,2.5402906208718625,2.412931191958497,1.0464021344926886,1.07149815735437,1.1247699999948964,
4df231d1f8911acf57ea,home,hist_gradient_boosting,dratings_only,"{""l2_regularization"":0.0,""learning_rate"":0.025,""loss"":""poisson"",""max_iter"":300,""max_leaf_nodes"":31,""min_samples_leaf"":10}",ok,757,2.709992025839808,2.7212589760124164,2.5402906208718625,2.412931191958497,1.0668039332089103,1.127781424137362,2.1664701999980025,
926f1408483d3367bd47,home,hist_gradient_boosting,dratings_only,"{""l2_regularization"":5.0,""learning_rate"":0.025,""loss"":""poisson"",""max_iter"":300,""max_leaf_nodes"":31,""min_samples_leaf"":10}",ok,757,2.7047656320046087,2.699645353648898,2.5402906208718625,2.412931191958497,1.064746533243624,1.1188240106663316,2.0200518000056036,
9d6b8cd7400e56d37fc4,home,hist_gradient_boosting,dratings_only,"{""l2_regularization"":0.0,""learning_rate"":0.025,""loss"":""poisson"",""max_iter"":300,""max_leaf_nodes"":31,""min_samples_leaf"":30}",ok,757,2.71587244084594,2.71050754040828,2.5402906208718625,2.412931191958497,1.0691187923662904,1.123325666907331,1.796897899999749,
d65baca416dbe5eed16c,home,hist_gradient_boosting,dratings_only,"{""l2_regularization"":5.0,""learning_rate"":0.025,""loss"":""poisson"",""max_iter"":300,""max_leaf_nodes"":31,""min_samples_leaf"":30}",ok,757,2.719860226264343,2.710481194471977,2.5402906208718625,2.412931191958497,1.0706886070109765,1.123314748263488,1.8423647999879904,
c8b926a9a1994a3db2e3,home,hist_gradient_boosting,dratings_only,"{""l2_regularization"":0.0,""learning_rate"":0.05,""loss"":""poisson"",""max_iter"":300,""max_leaf_nodes"":15,""min_samples_leaf"":10}",ok,757,2.7334704956136933,2.7401968621883657,2.5402906208718625,2.412931191958497,1.0760463677480843,1.1356299223618713,1.1125750000064727,
d1366e93365419b6538a,home,hist_gradient_boosting,dratings_only,"{""l2_regularization"":5.0,""learning_rate"":0.05,""loss"":""poisson"",""max_iter"":300,""max_leaf_nodes"":15,""min_samples_leaf"":10}",ok,757,2.714420901139553,2.7043972947752857,2.5402906208718625,2.412931191958497,1.0685473854199905,1.120793375206118,1.1122333999956027,
2f2c2bb46d57c6074377,home,hist_gradient_boosting,dratings_only,"{""l2_regularization"":0.0,""learning_rate"":0.05,""loss"":""poisson"",""max_iter"":300,""max_leaf_nodes"":15,""min_samples_leaf"":30}",ok,757,2.71256767955081,2.702170516672732,2.5402906208718625,2.412931191958497,1.0678178540925445,1.1198705233195931,1.0908219999982975,
ba47dc067094430ee345,home,hist_gradient_boosting,dratings_only,"{""l2_regularization"":5.0,""learning_rate"":0.05,""loss"":""poisson"",""max_iter"":300,""max_leaf_nodes"":15,""min_samples_leaf"":30}",ok,757,2.7108000431072474,2.7011748386140857,2.5402906208718625,2.412931191958497,1.067122013849291,1.119457880778453,1.0684857000014745,
8a8d8613658a8fbc63bd,home,hist_gradient_boosting,dratings_only,"{""l2_regularization"":0.0,""learning_rate"":0.05,""loss"":""poisson"",""max_iter"":300,""max_leaf_nodes"":31,""min_samples_leaf"":10}",ok,757,2.7851073160578115,2.928931458912607,2.5402906208718625,2.412931191958497,1.0963734988329503,1.2138478994650856,1.9782279999926686,
776489a7a5847b494172,home,hist_gradient_boosting,dratings_only,"{""l2_regularization"":5.0,""learning_rate"":0.05,""loss"":""poisson"",""max_iter"":300,""max_leaf_nodes"":31,""min_samples_leaf"":10}",ok,757,2.7822914029235455,2.895628348015369,2.5402906208718625,2.412931191958497,1.0952649984467624,1.2000459680182933,2.0271185000019614,
f7567cfefc4f85230c2e,home,hist_gradient_boosting,dratings_only,"{""l2_regularization"":0.0,""learning_rate"":0.05,""loss"":""poisson"",""max_iter"":300,""max_leaf_nodes"":31,""min_samples_leaf"":30}",ok,757,2.775858040033805,2.8413127344024427,2.5402906208718625,2.412931191958497,1.0927324681776343,1.177535747339833,1.8806183999986388,
5a7ca2d28e4517094e79,home,hist_gradient_boosting,dratings_only,"{""l2_regularization"":5.0,""learning_rate"":0.05,""loss"":""poisson"",""max_iter"":300,""max_leaf_nodes"":31,""min_samples_leaf"":30}",ok,757,2.769984782672109,2.8424272171594125,2.5402906208718625,2.412931191958497,1.0904204266681157,1.1779976265515917,1.8514832000073511,
7be3de808240ddc65208,home,hist_gradient_boosting,dratings_only,"{""l2_regularization"":0.0,""learning_rate"":0.1,""loss"":""poisson"",""max_iter"":300,""max_leaf_nodes"":15,""min_samples_leaf"":10}",ok,757,2.7996094776817175,2.9313370925151414,2.5402906208718625,2.412931191958497,1.102082358088955,1.2148448750981047,1.130605899990769,
77e0491c41c7ce9d324d,home,hist_gradient_boosting,dratings_only,"{""l2_regularization"":5.0,""learning_rate"":0.1,""loss"":""poisson"",""max_iter"":300,""max_leaf_nodes"":15,""min_samples_leaf"":10}",ok,757,2.797691871747794,2.8997009529045417,2.5402906208718625,2.412931191958497,1.1013274814940615,1.2017337927282334,1.0928887000191025,
67de4c928c89d1df280d,home,hist_gradient_boosting,dratings_only,"{""l2_regularization"":0.0,""learning_rate"":0.1,""loss"":""poisson"",""max_iter"":300,""max_leaf_nodes"":15,""min_samples_leaf"":30}",ok,757,2.755376736965268,2.8115059180826907,2.5402906208718625,2.412931191958497,1.0846698855344294,1.1651827981885732,1.0995364999980666,
cfdaf131d4f11077f638,home,hist_gradient_boosting,dratings_only,"{""l2_regularization"":5.0,""learning_rate"":0.1,""loss"":""poisson"",""max_iter"":300,""max_leaf_nodes"":15,""min_samples_leaf"":30}",ok,757,2.7563432482715338,2.8245796043373823,2.5402906208718625,2.412931191958497,1.0850503582639373,1.1706009743463774,1.180958599987207,
e7088baf28c2e52c0d81,home,hist_gradient_boosting,dratings_only,"{""l2_regularization"":0.0,""learning_rate"":0.1,""loss"":""poisson"",""max_iter"":300,""max_leaf_nodes"":31,""min_samples_leaf"":10}",ok,757,2.8635173102974787,3.1712806990101154,2.5402906208718625,2.412931191958497,1.1272400436272447,1.3142855915572507,2.0142472999868914,
0fbe44f5e74222d64f2d,home,hist_gradient_boosting,dratings_only,"{""l2_regularization"":5.0,""learning_rate"":0.1,""loss"":""poisson"",""max_iter"":300,""max_leaf_nodes"":31,""min_samples_leaf"":10}",ok,757,2.85302609346594,3.132392827376555,2.5402906208718625,2.412931191958497,1.1231101158365662,1.298169147058891,2.018923800002085,
9947813980fc0481b082,home,hist_gradient_boosting,dratings_only,"{""l2_regularization"":0.0,""learning_rate"":0.1,""loss"":""poisson"",""max_iter"":300,""max_leaf_nodes"":31,""min_samples_leaf"":30}",ok,757,2.8550210912246987,3.037164799541704,2.5402906208718625,2.412931191958497,1.1238954581680172,1.2587034432078177,1.8466634999786038,
77bbde05d0e2a3fc32d7,home,hist_gradient_boosting,dratings_only,"{""l2_regularization"":5.0,""learning_rate"":0.1,""loss"":""poisson"",""max_iter"":300,""max_leaf_nodes"":31,""min_samples_leaf"":30}",ok,757,2.8403229491158837,3.0357186083782812,2.5402906208718625,2.412931191958497,1.1181094500679791,1.2581040928540892,1.9865953999978956,
d5b2362b413ee6458cf5,home,hist_gradient_boosting,dratings_only,"{""l2_regularization"":0.0,""learning_rate"":0.025,""loss"":""squared_error"",""max_iter"":300,""max_leaf_nodes"":15,""min_samples_leaf"":10}",ok,757,2.6550727713107,2.59714051360731,2.5402906208718625,2.412931191958497,1.0451846530848674,1.076342550613429,1.138423900003545,
6d8752cfec244f163e34,home,hist_gradient_boosting,dratings_only,"{""l2_regularization"":5.0,""learning_rate"":0.025,""loss"":""squared_error"",""max_iter"":300,""max_leaf_nodes"":15,""min_samples_leaf"":10}",ok,757,2.647860684701598,2.562945131539112,2.5402906208718625,2.412931191958497,1.0423455737488871,1.0621708319244916,1.1037965000141412,
9c97c079335b71b47244,home,hist_gradient_boosting,dratings_only,"{""l2_regularization"":0.0,""learning_rate"":0.025,""loss"":""squared_error"",""max_iter"":300,""max_leaf_nodes"":15,""min_samples_leaf"":30}",ok,757,2.6698301935138296,2.604475263077677,2.5402906208718625,2.412931191958497,1.0509939971346693,1.079382317969751,1.1111953999788966,
e751baf2d7bd3e1b8548,home,hist_gradient_boosting,dratings_only,"{""l2_regularization"":5.0,""learning_rate"":0.025,""loss"":""squared_error"",""max_iter"":300,""max_leaf_nodes"":15,""min_samples_leaf"":30}",ok,757,2.662461508293194,2.588889746307775,2.5402906208718625,2.412931191958497,1.0480932718554072,1.072923154599555,1.1122321999864653,
1b57470fdddf5be8b00a,home,hist_gradient_boosting,dratings_only,"{""l2_regularization"":0.0,""learning_rate"":0.025,""loss"":""squared_error"",""max_iter"":300,""max_leaf_nodes"":31,""min_samples_leaf"":10}",ok,757,2.7279687377541104,2.750385816667335,2.5402906208718625,2.412931191958497,1.0738805691522941,1.1398525684584222,1.9598691000137478,
a0446fd4d6ec121667ff,home,hist_gradient_boosting,dratings_only,"{""l2_regularization"":5.0,""learning_rate"":0.025,""loss"":""squared_error"",""max_iter"":300,""max_leaf_nodes"":31,""min_samples_leaf"":10}",ok,757,2.714532125251737,2.7186240000613306,2.5402906208718625,2.412931191958497,1.0685911694308712,1.1266894013064304,1.9915963000094052,
38c8a5e56e955fd3d918,home,hist_gradient_boosting,dratings_only,"{""l2_regularization"":0.0,""learning_rate"":0.025,""loss"":""squared_error"",""max_iter"":300,""max_leaf_nodes"":31,""min_samples_leaf"":30}",ok,757,2.7228168628419476,2.733849954324766,2.5402906208718625,2.412931191958497,1.071852503989264,1.132999549856948,1.8024495000136085,
5177ded35ac1b077d955,home,hist_gradient_boosting,dratings_only,"{""l2_regularization"":5.0,""learning_rate"":0.025,""loss"":""squared_error"",""max_iter"":300,""max_leaf_nodes"":31,""min_samples_leaf"":30}",ok,757,2.7060857819761086,2.7067125442271154,2.5402906208718625,2.412931191958497,1.0652662178657901,1.1217528926012041,1.8049643999838736,
0f9ea84647220123c27a,home,hist_gradient_boosting,dratings_only,"{""l2_regularization"":0.0,""learning_rate"":0.05,""loss"":""squared_error"",""max_iter"":300,""max_leaf_nodes"":15,""min_samples_leaf"":10}",ok,757,2.731718090742876,2.7797030887179384,2.5402906208718625,2.412931191958497,1.0753565235009659,1.1520026339672556,1.083943100005854,
eab454806e84d80efe24,home,hist_gradient_boosting,dratings_only,"{""l2_regularization"":5.0,""learning_rate"":0.05,""loss"":""squared_error"",""max_iter"":300,""max_leaf_nodes"":15,""min_samples_leaf"":10}",ok,757,2.694036743268142,2.676395495835488,2.5402906208718625,2.412931191958497,1.060523044541853,1.109188486084904,1.13524740000139,
9c11e4541bedc3bdd289,home,hist_gradient_boosting,dratings_only,"{""l2_regularization"":0.0,""learning_rate"":0.05,""loss"":""squared_error"",""max_iter"":300,""max_leaf_nodes"":15,""min_samples_leaf"":30}",ok,757,2.7153831899935748,2.7195782882769617,2.5402906208718625,2.412931191958497,1.0689261959569092,1.1270848905018171,1.0596916999784298,
39ec6d5ac726fcff5fcf,home,hist_gradient_boosting,dratings_only,"{""l2_regularization"":5.0,""learning_rate"":0.05,""loss"":""squared_error"",""max_iter"":300,""max_leaf_nodes"":15,""min_samples_leaf"":30}",ok,757,2.706072058704257,2.712443602021079,2.5402906208718625,2.412931191958497,1.0652608156209686,1.1241280360835644,1.0994289999944158,
01324c3bc1c84d34fb31,home,hist_gradient_boosting,dratings_only,"{""l2_regularization"":0.0,""learning_rate"":0.05,""loss"":""squared_error"",""max_iter"":300,""max_leaf_nodes"":31,""min_samples_leaf"":10}",failed,757,,,2.5402906208718625,2.412931191958497,,,0.9783360000001267,RuntimeError: hist_gradient_boosting emitted invalid predictions: nonfinite=0 nonpositive=1
9c5a18a85cf4dd58a2dd,home,hist_gradient_boosting,dratings_only,"{""l2_regularization"":5.0,""learning_rate"":0.05,""loss"":""squared_error"",""max_iter"":300,""max_leaf_nodes"":31,""min_samples_leaf"":10}",ok,757,2.806193721395943,2.956763753028613,2.5402906208718625,2.412931191958497,1.1046742834616374,1.2253825400751295,2.045413500018185,
d1a2d2f2a02ef9921e26,home,hist_gradient_boosting,dratings_only,"{""l2_regularization"":0.0,""learning_rate"":0.05,""loss"":""squared_error"",""max_iter"":300,""max_leaf_nodes"":31,""min_samples_leaf"":30}",ok,757,2.7925974135215164,2.902329515047748,2.5402906208718625,2.412931191958497,1.0993220187393593,1.202823157461039,1.8386329999775626,
a02322227d1188333d65,home,hist_gradient_boosting,dratings_only,"{""l2_regularization"":5.0,""learning_rate"":0.05,""loss"":""squared_error"",""max_iter"":300,""max_leaf_nodes"":31,""min_samples_leaf"":30}",ok,757,2.7766174245081174,2.8876983414896857,2.5402906208718625,2.412931191958497,1.093031404239545,1.196759506078512,1.9031610999954864,
e814ce2efbe7a912cb2d,home,hist_gradient_boosting,dratings_only,"{""l2_regularization"":0.0,""learning_rate"":0.1,""loss"":""squared_error"",""max_iter"":300,""max_leaf_nodes"":15,""min_samples_leaf"":10}",failed,757,,,2.5402906208718625,2.412931191958497,,,0.2734292999957688,RuntimeError: hist_gradient_boosting emitted invalid predictions: nonfinite=0 nonpositive=1
7bcd4a011d30f35feaf2,home,hist_gradient_boosting,dratings_only,"{""l2_regularization"":5.0,""learning_rate"":0.1,""loss"":""squared_error"",""max_iter"":300,""max_leaf_nodes"":15,""min_samples_leaf"":10}",failed,757,,,2.5402906208718625,2.412931191958497,,,0.2712636000069324,RuntimeError: hist_gradient_boosting emitted invalid predictions: nonfinite=0 nonpositive=1
5febbcd8c13af03486e2,home,hist_gradient_boosting,dratings_only,"{""l2_regularization"":0.0,""learning_rate"":0.1,""loss"":""squared_error"",""max_iter"":300,""max_leaf_nodes"":15,""min_samples_leaf"":30}",ok,757,2.7717356811964633,2.8758874204309732,2.5402906208718625,2.412931191958497,1.0911096779332932,1.1918646623722038,1.0957447999971919,
c14b0c4dae580a42c002,home,hist_gradient_boosting,dratings_only,"{""l2_regularization"":5.0,""learning_rate"":0.1,""loss"":""squared_error"",""max_iter"":300,""max_leaf_nodes"":15,""min_samples_leaf"":30}",ok,757,2.7863374612122245,2.9095617146479826,2.5402906208718625,2.412931191958497,1.0968577525416818,1.2058204246953212,1.1134597999916878,
97e49ec94687e37d28e0,home,hist_gradient_boosting,dratings_only,"{""l2_regularization"":0.0,""learning_rate"":0.1,""loss"":""squared_error"",""max_iter"":300,""max_leaf_nodes"":31,""min_samples_leaf"":10}",failed,757,,,2.5402906208718625,2.412931191958497,,,0.529862699972,RuntimeError: hist_gradient_boosting emitted invalid predictions: nonfinite=0 nonpositive=2
467957f171848226ebae,home,hist_gradient_boosting,dratings_only,"{""l2_regularization"":5.0,""learning_rate"":0.1,""loss"":""squared_error"",""max_iter"":300,""max_leaf_nodes"":31,""min_samples_leaf"":10}",failed,757,,,2.5402906208718625,2.412931191958497,,,0.49495330001809634,RuntimeError: hist_gradient_boosting emitted invalid predictions: nonfinite=0 nonpositive=2
2786cb9a3d4d97fcf8db,home,hist_gradient_boosting,dratings_only,"{""l2_regularization"":0.0,""learning_rate"":0.1,""loss"":""squared_error"",""max_iter"":300,""max_leaf_nodes"":31,""min_samples_leaf"":30}",failed,757,,,2.5402906208718625,2.412931191958497,,,0.8145813999872189,RuntimeError: hist_gradient_boosting emitted invalid predictions: nonfinite=0 nonpositive=1
c4c8d65fd8cdc56bfd99,home,hist_gradient_boosting,dratings_only,"{""l2_regularization"":5.0,""learning_rate"":0.1,""loss"":""squared_error"",""max_iter"":300,""max_leaf_nodes"":31,""min_samples_leaf"":30}",ok,757,2.8698103416353224,3.1279041573130932,2.5402906208718625,2.412931191958497,1.1297173315745914,1.2963088909196272,1.949485299992375,
b73abd6923544fd3d855,home,random_forest,dratings_only,"{""criterion"":""poisson"",""max_depth"":null,""max_features"":0.6,""max_samples"":null,""min_samples_leaf"":2,""n_estimators"":400}",ok,757,2.722520980588104,2.6942856026873065,2.5402906208718625,2.412931191958497,1.071736028239831,1.1166027492480808,1.918261299986625,
87667d077369a039167f,home,random_forest,dratings_only,"{""criterion"":""poisson"",""max_depth"":null,""max_features"":1.0,""max_samples"":null,""min_samples_leaf"":2,""n_estimators"":400}",ok,757,2.716275023385905,2.6915794667607607,2.5402906208718625,2.412931191958497,1.0692772712964795,1.1154812353252783,2.0482904999807943,
c2208691e0caad225221,home,random_forest,dratings_only,"{""criterion"":""poisson"",""max_depth"":null,""max_features"":0.6,""max_samples"":null,""min_samples_leaf"":8,""n_estimators"":400}",ok,757,2.6348473445424143,2.5287538561990823,2.5402906208718625,2.412931191958497,1.0372227976175807,1.048000815202101,1.8487419000011869,
c17897fd28780b020450,home,random_forest,dratings_only,"{""criterion"":""poisson"",""max_depth"":null,""max_features"":1.0,""max_samples"":null,""min_samples_leaf"":8,""n_estimators"":400}",ok,757,2.6462337930237423,2.546292036272374,2.5402906208718625,2.412931191958497,1.0417051384914056,1.0552692280485763,1.8952195000019856,
99da9ad7c3b6e3b7f909,home,random_forest,dratings_only,"{""criterion"":""poisson"",""max_depth"":14,""max_features"":0.6,""max_samples"":null,""min_samples_leaf"":2,""n_estimators"":400}",ok,757,2.662707131645398,2.593346082351311,2.5402906208718625,2.412931191958497,1.0481899628994105,1.0747700104313282,1.876224399980856,
e43878b621984e7f0c58,home,random_forest,dratings_only,"{""criterion"":""poisson"",""max_depth"":14,""max_features"":1.0,""max_samples"":null,""min_samples_leaf"":2,""n_estimators"":400}",ok,757,2.6603715220390765,2.587544381875718,2.5402906208718625,2.412931191958497,1.0472705367569324,1.0723655902410931,1.9603522999968845,
dfd9af79b13631cbae01,home,random_forest,dratings_only,"{""criterion"":""poisson"",""max_depth"":14,""max_features"":0.6,""max_samples"":null,""min_samples_leaf"":8,""n_estimators"":400}",ok,757,2.6304929035091704,2.5219267806369032,2.5402906208718625,2.412931191958497,1.0355086468832253,1.045171445021579,1.83695979998447,
f56e8b82eeb931f654f2,home,random_forest,dratings_only,"{""criterion"":""poisson"",""max_depth"":14,""max_features"":1.0,""max_samples"":null,""min_samples_leaf"":8,""n_estimators"":400}",ok,757,2.6427562451553763,2.538332924078547,2.5402906208718625,2.412931191958497,1.040336181790234,1.0519707037390758,1.8921270999999251,
bd3ff846074dc3288b00,home,random_forest,dratings_only,"{""criterion"":""squared_error"",""max_depth"":null,""max_features"":0.6,""max_samples"":null,""min_samples_leaf"":2,""n_estimators"":400}",ok,757,2.7183106374764234,2.693046290757074,2.5402906208718625,2.412931191958497,1.0700786024803186,1.1160891366202683,1.8904148000001442,
8f4e23f8da4e5a92f12c,home,random_forest,dratings_only,"{""criterion"":""squared_error"",""max_depth"":null,""max_features"":1.0,""max_samples"":null,""min_samples_leaf"":2,""n_estimators"":400}",ok,757,2.717100239524529,2.6901563887405366,2.5402906208718625,2.412931191958497,1.0696021223713306,1.1148914638369878,1.924266699992586,
2774c0fbc2ae3c38e202,home,random_forest,dratings_only,"{""criterion"":""squared_error"",""max_depth"":null,""max_features"":0.6,""max_samples"":null,""min_samples_leaf"":8,""n_estimators"":400}",ok,757,2.6340522019667887,2.524169247203161,2.5402906208718625,2.412931191958497,1.0369097851736138,1.0461007987361528,1.843435299990233,
efa760b245405f1d800d,home,random_forest,dratings_only,"{""criterion"":""squared_error"",""max_depth"":null,""max_features"":1.0,""max_samples"":null,""min_samples_leaf"":8,""n_estimators"":400}",ok,757,2.6429090934324133,2.5423408547817803,2.5402906208718625,2.412931191958497,1.040396351392791,1.0536317252868888,1.8751266000035685,
fb377b9b99981950f0b0,home,random_forest,dratings_only,"{""criterion"":""squared_error"",""max_depth"":14,""max_features"":0.6,""max_samples"":null,""min_samples_leaf"":2,""n_estimators"":400}",ok,757,2.665258115254801,2.5934889135371506,2.5402906208718625,2.412931191958497,1.04919417225579,1.0748292044880488,1.845819100009976,
1b94a45e784ecf6496e6,home,random_forest,dratings_only,"{""criterion"":""squared_error"",""max_depth"":14,""max_features"":1.0,""max_samples"":null,""min_samples_leaf"":2,""n_estimators"":400}",ok,757,2.664658237222284,2.592347448717732,2.5402906208718625,2.412931191958497,1.0489580268212526,1.074356143000335,1.8943894999974873,
0d949d0e2ef5a59589bd,home,random_forest,dratings_only,"{""criterion"":""squared_error"",""max_depth"":14,""max_features"":0.6,""max_samples"":null,""min_samples_leaf"":8,""n_estimators"":400}",ok,757,2.6315551900735357,2.5205947576165104,2.5402906208718625,2.412931191958497,1.0359268220934303,1.0446194097937067,1.8235418000258505,
8f50fcec2a204145356f,home,random_forest,dratings_only,"{""criterion"":""squared_error"",""max_depth"":14,""max_features"":1.0,""max_samples"":null,""min_samples_leaf"":8,""n_estimators"":400}",ok,757,2.6368221638540192,2.5328336372908358,2.5402906208718625,2.412931191958497,1.0380001965873598,1.0496916139722234,1.9303784999938216,
05d4cd699c85cc948cb1,home,extra_trees,dratings_only,"{""criterion"":""poisson"",""max_depth"":null,""max_features"":0.6,""max_samples"":null,""min_samples_leaf"":2,""n_estimators"":400}",ok,757,2.7236214184768337,2.6919939626270963,2.5402906208718625,2.412931191958497,1.0721692219380983,1.1156530163805016,1.228774599992903,
79227832c11210d9f83f,home,extra_trees,dratings_only,"{""criterion"":""poisson"",""max_depth"":null,""max_features"":1.0,""max_samples"":null,""min_samples_leaf"":2,""n_estimators"":400}",ok,757,2.7580826315194487,2.7577790900065184,2.5402906208718625,2.412931191958497,1.0857350764743747,1.1429165900781943,1.268930200021714,
74ddbe92b0e0abcec963,home,extra_trees,dratings_only,"{""criterion"":""poisson"",""max_depth"":null,""max_features"":0.6,""max_samples"":null,""min_samples_leaf"":8,""n_estimators"":400}",ok,757,2.5915931704591944,2.454627141955731,2.5402906208718625,2.412931191958497,1.020195543441295,1.017280206802495,1.19063530000858,
8cf97a0c871b00b19079,home,extra_trees,dratings_only,"{""criterion"":""poisson"",""max_depth"":null,""max_features"":1.0,""max_samples"":null,""min_samples_leaf"":8,""n_estimators"":400}",ok,757,2.611481522406017,2.484585761680329,2.5402906208718625,2.412931191958497,1.0280247074682034,1.029696068400389,1.250771099992562,
8126eaa5597b7ad41692,home,extra_trees,dratings_only,"{""criterion"":""poisson"",""max_depth"":14,""max_features"":0.6,""max_samples"":null,""min_samples_leaf"":2,""n_estimators"":400}",ok,757,2.672241349787882,2.600373454527383,2.5402906208718625,2.412931191958497,1.0519431626570082,1.0776823902785,1.2247633000079077,
61f190e7e8b545b90f8e,home,extra_trees,dratings_only,"{""criterion"":""poisson"",""max_depth"":14,""max_features"":1.0,""max_samples"":null,""min_samples_leaf"":2,""n_estimators"":400}",ok,757,2.695544013391877,2.6398903236313904,2.5402906208718625,2.412931191958497,1.0611163900871818,1.0940595125253771,1.227821500011487,
b88657753fb20ca31be4,home,extra_trees,dratings_only,"{""criterion"":""poisson"",""max_depth"":14,""max_features"":0.6,""max_samples"":null,""min_samples_leaf"":8,""n_estimators"":400}",ok,757,2.5905301315748837,2.4529904062796017,2.5402906208718625,2.412931191958497,1.0197770720760202,1.0166018883814876,1.1723656000103801,
24fe793d89849fbcdf56,home,extra_trees,dratings_only,"{""criterion"":""poisson"",""max_depth"":14,""max_features"":1.0,""max_samples"":null,""min_samples_leaf"":8,""n_estimators"":400}",ok,757,2.6096415322575974,2.4814746569505908,2.5402906208718625,2.412931191958497,1.0273003847732716,1.0284067217583852,1.2020636999804992,
f45e90ffded2bffc5aae,home,extra_trees,dratings_only,"{""criterion"":""squared_error"",""max_depth"":null,""max_features"":0.6,""max_samples"":null,""min_samples_leaf"":2,""n_estimators"":400}",ok,757,2.7257662691617712,2.6977547909015236,2.5402906208718625,2.412931191958497,1.073013554735029,1.1180404977532097,1.2298621000081766,
1d028feee68af9628504,home,extra_trees,dratings_only,"{""criterion"":""squared_error"",""max_depth"":null,""max_features"":1.0,""max_samples"":null,""min_samples_leaf"":2,""n_estimators"":400}",ok,757,2.7549047821296497,2.7602161598272374,2.5402906208718625,2.412931191958497,1.0844840978014274,1.1439265939394072,1.2328670999850146,
413f3e3f93ca482c4b5b,home,extra_trees,dratings_only,"{""criterion"":""squared_error"",""max_depth"":null,""max_features"":0.6,""max_samples"":null,""min_samples_leaf"":8,""n_estimators"":400}",ok,757,2.5910730951135097,2.4540126717633326,2.5402906208718625,2.412931191958497,1.0199908127929938,1.01702554964756,1.184419400000479,
58c6d5e72460bc222b08,home,extra_trees,dratings_only,"{""criterion"":""squared_error"",""max_depth"":null,""max_features"":1.0,""max_samples"":null,""min_samples_leaf"":8,""n_estimators"":400}",ok,757,2.611051268071799,2.4848708344968955,2.5402906208718625,2.412931191958497,1.0278553353771982,1.029814212182324,1.2083791000186466,
8b58dda60a292ba6f616,home,extra_trees,dratings_only,"{""criterion"":""squared_error"",""max_depth"":14,""max_features"":0.6,""max_samples"":null,""min_samples_leaf"":2,""n_estimators"":400}",ok,757,2.670675496673896,2.60352544862908,2.5402906208718625,2.412931191958497,1.0513267555809356,1.0789886828541861,1.201697599986801,
29754f66b90a6543c35a,home,extra_trees,dratings_only,"{""criterion"":""squared_error"",""max_depth"":14,""max_features"":1.0,""max_samples"":null,""min_samples_leaf"":2,""n_estimators"":400}",ok,757,2.6946779422136364,2.639774305133396,2.5402906208718625,2.412931191958497,1.0607754561912235,1.0940114305500679,1.2220755999733228,
706567d8b913efc6fc17,home,extra_trees,dratings_only,"{""criterion"":""squared_error"",""max_depth"":14,""max_features"":0.6,""max_samples"":null,""min_samples_leaf"":8,""n_estimators"":400}",ok,757,2.5898434038834988,2.452195906945107,2.5402906208718625,2.412931191958497,1.0195067377742115,1.0162726210832147,1.197330900002271,
f4b71d7bd2b92200a826,home,extra_trees,dratings_only,"{""criterion"":""squared_error"",""max_depth"":14,""max_features"":1.0,""max_samples"":null,""min_samples_leaf"":8,""n_estimators"":400}",ok,757,2.6090232533097906,2.482108873915431,2.5402906208718625,2.412931191958497,1.0270569957126945,1.0286695626412723,1.1956831999996211,
1e53437cd717224c3e7d,home,poisson_glm,dratings_only,"{""alpha"":0.0,""solver"":""lbfgs""}",ok,757,2.552815427401009,2.408055593920444,2.5402906208718625,2.412931191958497,1.0049304620606156,0.9979793878688701,0.06847669999115169,
5c393da612cece2cb690,home,poisson_glm,dratings_only,"{""alpha"":0.01,""solver"":""lbfgs""}",ok,757,2.5534085144203127,2.4083520397079123,2.5402906208718625,2.412931191958497,1.0051639341737788,0.9981022449932077,0.05046080000465736,
22258e316805787e4734,home,poisson_glm,dratings_only,"{""alpha"":0.1,""solver"":""lbfgs""}",ok,757,2.5539041439836367,2.408708095424015,2.5402906208718625,2.412931191958497,1.0053590415993827,0.9982498064807832,0.04908860000432469,
711dcecdbd0f265e3316,home,poisson_glm,dratings_only,"{""alpha"":1.0,""solver"":""lbfgs""}",ok,757,2.5547217133504136,2.408399701859047,2.5402906208718625,2.412931191958497,1.005680882478556,0.9981219977948182,0.040023399982601404,
8e6c1181e70bbb41d48d,home,poisson_glm,dratings_only,"{""alpha"":10.0,""solver"":""lbfgs""}",ok,757,2.5611837066172747,2.4112340097608387,2.5402906208718625,2.412931191958497,1.0082246832601545,0.9992966305034663,0.03841079998528585,
d09d77bc75af60c5f499,home,tweedie_glm,dratings_only,"{""alpha"":0.01,""power"":1.2,""solver"":""lbfgs""}",ok,757,2.55336052938047,2.4084262406537795,2.5402906208718625,2.412931191958497,1.0051450445871117,0.9981329963656937,0.05467730000964366,
2ea48b5d1a231aac80d1,home,tweedie_glm,dratings_only,"{""alpha"":0.1,""power"":1.2,""solver"":""lbfgs""}",ok,757,2.5538403232327913,2.4087501174163775,2.5402906208718625,2.412931191958497,1.0053339181940837,0.9982672218105292,0.04250000001047738,
1d137cbfedbd687e2ef6,home,tweedie_glm,dratings_only,"{""alpha"":1.0,""power"":1.2,""solver"":""lbfgs""}",ok,757,2.554751846377166,2.4083513645856933,2.5402906208718625,2.412931191958497,1.0056927445176884,0.998101965199809,0.04157349999877624,
5663cde844ba173bd7e9,home,tweedie_glm,dratings_only,"{""alpha"":0.01,""power"":1.5,""solver"":""lbfgs""}",ok,757,2.5533000643899686,2.4085632754396724,2.5402906208718625,2.412931191958497,1.005121242196155,0.9981897881989419,0.05409180000424385,
d154332f1fc193924086,home,tweedie_glm,dratings_only,"{""alpha"":0.1,""power"":1.5,""solver"":""lbfgs""}",ok,757,2.553748904736549,2.408793122136359,2.5402906208718625,2.412931191958497,1.0052979307777263,0.9982850444157177,0.04422429998521693,
f9f89eb091b322666fe2,home,tweedie_glm,dratings_only,"{""alpha"":1.0,""power"":1.5,""solver"":""lbfgs""}",ok,757,2.5548038739233667,2.408344106306547,2.5402906208718625,2.412931191958497,1.0057132254602126,0.9980989571243319,0.0362944999942556,
36689364e2f675f10f4f,home,tweedie_glm,dratings_only,"{""alpha"":0.01,""power"":1.8,""solver"":""lbfgs""}",ok,757,2.5532500348440066,2.408716997780095,2.5402906208718625,2.412931191958497,1.005101547777906,0.9982534959171457,0.049981299991486594,
9ceda0a01a2e92855d3b,home,tweedie_glm,dratings_only,"{""alpha"":0.1,""power"":1.8,""solver"":""lbfgs""}",ok,757,2.553655496726517,2.4088042848097095,2.5402906208718625,2.412931191958497,1.0052611601778332,0.9982896706037283,0.043306599982315674,
3642401dbd0b996e010e,home,tweedie_glm,dratings_only,"{""alpha"":1.0,""power"":1.8,""solver"":""lbfgs""}",ok,757,2.5550710307355873,2.4085535905928785,2.5402906208718625,2.412931191958497,1.0058183932744875,0.998185774472058,0.039674999978160486,
8a95ef054d429dc46088,home,lightgbm,dratings_only,"{""colsample_bytree"":0.9,""learning_rate"":0.025,""min_child_samples"":10,""n_estimators"":500,""num_leaves"":15,""objective"":""poisson"",""reg_lambda"":1.0,""subsample"":0.9,""tweedie_variance_power"":null}",ok,757,2.6447915432033056,2.5543140746395174,2.5402906208718625,2.412931191958497,1.0411373885620918,1.058593831084866,0.4499358999892138,
721f93aad760e565a769,home,lightgbm,dratings_only,"{""colsample_bytree"":0.9,""learning_rate"":0.025,""min_child_samples"":30,""n_estimators"":500,""num_leaves"":15,""objective"":""poisson"",""reg_lambda"":1.0,""subsample"":0.9,""tweedie_variance_power"":null}",ok,757,2.6610622111022457,2.5851840247365665,2.5402906208718625,2.412931191958497,1.047542430475507,1.0713873787002843,0.44353030002093874,
9a805a4495bced2b71bd,home,lightgbm,dratings_only,"{""colsample_bytree"":0.9,""learning_rate"":0.025,""min_child_samples"":10,""n_estimators"":500,""num_leaves"":31,""objective"":""poisson"",""reg_lambda"":1.0,""subsample"":0.9,""tweedie_variance_power"":null}",ok,757,2.6787979075001114,2.660799105587415,2.5402906208718625,2.412931191958497,1.054524189275915,1.1027248163789254,0.882677399989916,
86fe3e5d4466f8f0e8cd,home,lightgbm,dratings_only,"{""colsample_bytree"":0.9,""learning_rate"":0.025,""min_child_samples"":30,""n_estimators"":500,""num_leaves"":31,""objective"":""poisson"",""reg_lambda"":1.0,""subsample"":0.9,""tweedie_variance_power"":null}",ok,757,2.71107209250347,2.6975961980112375,2.5402906208718625,2.412931191958497,1.0672291076573723,1.1179747715150083,0.8331138000066858,
8de69ed938984162bb96,home,lightgbm,dratings_only,"{""colsample_bytree"":0.9,""learning_rate"":0.05,""min_child_samples"":10,""n_estimators"":500,""num_leaves"":15,""objective"":""poisson"",""reg_lambda"":1.0,""subsample"":0.9,""tweedie_variance_power"":null}",ok,757,2.6963831704502357,2.663102352238446,2.5402906208718625,2.412931191958497,1.061446729085194,1.1036793594088745,0.43722300001536496,
32947f8cc82a5eeb1565,home,lightgbm,dratings_only,"{""colsample_bytree"":0.9,""learning_rate"":0.05,""min_child_samples"":30,""n_estimators"":500,""num_leaves"":15,""objective"":""poisson"",""reg_lambda"":1.0,""subsample"":0.9,""tweedie_variance_power"":null}",ok,757,2.6985570869700273,2.6859433757584172,2.5402906208718625,2.412931191958497,1.0623025038150342,1.1131454492816786,0.4630376999848522,
6f8a07bb64ebef8a7696,home,lightgbm,dratings_only,"{""colsample_bytree"":0.9,""learning_rate"":0.05,""min_child_samples"":10,""n_estimators"":500,""num_leaves"":31,""objective"":""poisson"",""reg_lambda"":1.0,""subsample"":0.9,""tweedie_variance_power"":null}",ok,757,2.7473545775019326,2.846637664339276,2.5402906208718625,2.412931191958497,1.0815119163645153,1.1797425777519803,0.8725666999816895,
a8b76d92cb0262ad30ed,home,lightgbm,dratings_only,"{""colsample_bytree"":0.9,""learning_rate"":0.05,""min_child_samples"":30,""n_estimators"":500,""num_leaves"":31,""objective"":""poisson"",""reg_lambda"":1.0,""subsample"":0.9,""tweedie_variance_power"":null}",ok,757,2.7704312746830153,2.820988095801556,2.5402906208718625,2.412931191958497,1.0905961908138548,1.1691125321778664,0.8097835000080522,
0b153ccbe9f2c4cf9c3a,home,lightgbm,dratings_only,"{""colsample_bytree"":0.9,""learning_rate"":0.1,""min_child_samples"":10,""n_estimators"":500,""num_leaves"":15,""objective"":""poisson"",""reg_lambda"":1.0,""subsample"":0.9,""tweedie_variance_power"":null}",ok,757,2.7662898549081545,2.819217307407956,2.5402906208718625,2.412931191958497,1.088965897121931,1.1683786577932584,0.4342274999944493,
303b8d62894caa2f3761,home,lightgbm,dratings_only,"{""colsample_bytree"":0.9,""learning_rate"":0.1,""min_child_samples"":30,""n_estimators"":500,""num_leaves"":15,""objective"":""poisson"",""reg_lambda"":1.0,""subsample"":0.9,""tweedie_variance_power"":null}",ok,757,2.75266537072785,2.792572006647997,2.5402906208718625,2.412931191958497,1.0836025406349363,1.1573359472307863,0.45738159999018535,
fdf526b49f828000a3d4,home,lightgbm,dratings_only,"{""colsample_bytree"":0.9,""learning_rate"":0.1,""min_child_samples"":10,""n_estimators"":500,""num_leaves"":31,""objective"":""poisson"",""reg_lambda"":1.0,""subsample"":0.9,""tweedie_variance_power"":null}",ok,757,2.8111880507970692,3.018945504942209,2.5402906208718625,2.412931191958497,1.1066403299289556,1.2511527535486124,0.8692682000109926,
cd612e5e2a1f934e15bf,home,lightgbm,dratings_only,"{""colsample_bytree"":0.9,""learning_rate"":0.1,""min_child_samples"":30,""n_estimators"":500,""num_leaves"":31,""objective"":""poisson"",""reg_lambda"":1.0,""subsample"":0.9,""tweedie_variance_power"":null}",ok,757,2.835199716379648,2.9895197790433268,2.5402906208718625,2.412931191958497,1.116092660062087,1.2389577411102353,0.8125227999989875,
58ff15d07d6055028d79,home,lightgbm,dratings_only,"{""colsample_bytree"":0.9,""learning_rate"":0.025,""min_child_samples"":10,""n_estimators"":500,""num_leaves"":15,""objective"":""tweedie"",""reg_lambda"":1.0,""subsample"":0.9,""tweedie_variance_power"":1.5}",ok,757,2.674587256371898,2.7216136000757083,2.5402906208718625,2.412931191958497,1.0528666422639246,1.1279283922997672,0.47050450000097044,
23c2132841e72bd45eea,home,lightgbm,dratings_only,"{""colsample_bytree"":0.9,""learning_rate"":0.025,""min_child_samples"":30,""n_estimators"":500,""num_leaves"":15,""objective"":""tweedie"",""reg_lambda"":1.0,""subsample"":0.9,""tweedie_variance_power"":1.5}",ok,757,2.6897651417420523,2.7054698054173594,2.5402906208718625,2.412931191958497,1.0588415040555037,1.1212378597590338,0.4981722000229638,
386021ab63a17fa55c90,home,lightgbm,dratings_only,"{""colsample_bytree"":0.9,""learning_rate"":0.025,""min_child_samples"":10,""n_estimators"":500,""num_leaves"":31,""objective"":""tweedie"",""reg_lambda"":1.0,""subsample"":0.9,""tweedie_variance_power"":1.5}",ok,757,2.732656136789377,2.9149775662824657,2.5402906208718625,2.412931191958497,1.0757257907173992,1.208064936122971,0.9229551999887917,
90eea5509284c869dabc,home,lightgbm,dratings_only,"{""colsample_bytree"":0.9,""learning_rate"":0.025,""min_child_samples"":30,""n_estimators"":500,""num_leaves"":31,""objective"":""tweedie"",""reg_lambda"":1.0,""subsample"":0.9,""tweedie_variance_power"":1.5}",ok,757,2.7322294221648016,2.820207479477326,2.5402906208718625,2.412931191958497,1.0755578120534346,1.1687890184668948,0.8420749999932013,
6940a9f87984c04961e3,home,lightgbm,dratings_only,"{""colsample_bytree"":0.9,""learning_rate"":0.05,""min_child_samples"":10,""n_estimators"":500,""num_leaves"":15,""objective"":""tweedie"",""reg_lambda"":1.0,""subsample"":0.9,""tweedie_variance_power"":1.5}",ok,757,2.7282761600693157,2.8552578159785877,2.5402906208718625,2.412931191958497,1.074001587713194,1.1833150590842454,0.46689700000570156,
0c27d524b2f823e9c3cb,home,lightgbm,dratings_only,"{""colsample_bytree"":0.9,""learning_rate"":0.05,""min_child_samples"":30,""n_estimators"":500,""num_leaves"":15,""objective"":""tweedie"",""reg_lambda"":1.0,""subsample"":0.9,""tweedie_variance_power"":1.5}",ok,757,2.731671499606511,2.818453506377879,2.5402906208718625,2.412931191958497,1.0753381826324122,1.1680621129068471,0.4590267000021413,
c038a010c72cdce4ef08,home,lightgbm,dratings_only,"{""colsample_bytree"":0.9,""learning_rate"":0.05,""min_child_samples"":10,""n_estimators"":500,""num_leaves"":31,""objective"":""tweedie"",""reg_lambda"":1.0,""subsample"":0.9,""tweedie_variance_power"":1.5}",ok,757,2.796673486880896,3.129991707334907,2.5402906208718625,2.412931191958497,1.1009265884393333,1.2971740419976068,0.8830156000040006,
1449979a5adc0ea7e745,home,lightgbm,dratings_only,"{""colsample_bytree"":0.9,""learning_rate"":0.05,""min_child_samples"":30,""n_estimators"":500,""num_leaves"":31,""objective"":""tweedie"",""reg_lambda"":1.0,""subsample"":0.9,""tweedie_variance_power"":1.5}",ok,757,2.8086736331216504,3.0366559170436127,2.5402906208718625,2.412931191958497,1.105650514962605,1.2584925451516331,0.8246402000077069,
8d8af40f057525d00e1b,home,lightgbm,dratings_only,"{""colsample_bytree"":0.9,""learning_rate"":0.1,""min_child_samples"":10,""n_estimators"":500,""num_leaves"":15,""objective"":""tweedie"",""reg_lambda"":1.0,""subsample"":0.9,""tweedie_variance_power"":1.5}",ok,757,2.829730039062411,3.1387456837999634,2.5402906208718625,2.412931191958497,1.113939490156134,1.3008019848474612,0.44258950001676567,
a0896b67d749a43ee9c9,home,lightgbm,dratings_only,"{""colsample_bytree"":0.9,""learning_rate"":0.1,""min_child_samples"":30,""n_estimators"":500,""num_leaves"":15,""objective"":""tweedie"",""reg_lambda"":1.0,""subsample"":0.9,""tweedie_variance_power"":1.5}",ok,757,2.8022430690275173,3.0313646405582353,2.5402906208718625,2.412931191958497,1.10311908645545,1.2562996618638662,0.45995690001291223,
af13a7eefe6629791309,home,lightgbm,dratings_only,"{""colsample_bytree"":0.9,""learning_rate"":0.1,""min_child_samples"":10,""n_estimators"":500,""num_leaves"":31,""objective"":""tweedie"",""reg_lambda"":1.0,""subsample"":0.9,""tweedie_variance_power"":1.5}",ok,757,2.9272591317023227,3.545773857998134,2.5402906208718625,2.412931191958497,1.1523323778984182,1.469488176793034,0.8509810999967158,
6c8f29738100106533bf,home,lightgbm,dratings_only,"{""colsample_bytree"":0.9,""learning_rate"":0.1,""min_child_samples"":30,""n_estimators"":500,""num_leaves"":31,""objective"":""tweedie"",""reg_lambda"":1.0,""subsample"":0.9,""tweedie_variance_power"":1.5}",ok,757,2.9085429936026386,3.3365597744537023,2.5402906208718625,2.412931191958497,1.1449646625882461,1.3827828102074997,0.8373974999994971,
eb35af1e36d465ef1126,home,lightgbm,dratings_only,"{""colsample_bytree"":0.9,""learning_rate"":0.025,""min_child_samples"":10,""n_estimators"":500,""num_leaves"":15,""objective"":""regression"",""reg_lambda"":1.0,""subsample"":0.9,""tweedie_variance_power"":null}",ok,757,2.7040229983847874,2.6972001732817374,2.5402906208718625,2.412931191958497,1.064454191251838,1.117810645521354,0.4592776999925263,
7ffff22ac4018328f68a,home,lightgbm,dratings_only,"{""colsample_bytree"":0.9,""learning_rate"":0.025,""min_child_samples"":30,""n_estimators"":500,""num_leaves"":15,""objective"":""regression"",""reg_lambda"":1.0,""subsample"":0.9,""tweedie_variance_power"":null}",ok,757,2.712223441233539,2.727001678152846,2.5402906208718625,2.412931191958497,1.0676823427008784,1.1301613934293038,0.44870540002011694,
81c4cd1b0c63f39d1644,home,lightgbm,dratings_only,"{""colsample_bytree"":0.9,""learning_rate"":0.025,""min_child_samples"":10,""n_estimators"":500,""num_leaves"":31,""objective"":""regression"",""reg_lambda"":1.0,""subsample"":0.9,""tweedie_variance_power"":null}",ok,757,2.806059059899443,2.9499923031615953,2.5402906208718625,2.412931191958497,1.1046212731897445,1.2225762230572284,0.8838050999911502,
bbdafab6ccaee89bddd4,home,lightgbm,dratings_only,"{""colsample_bytree"":0.9,""learning_rate"":0.025,""min_child_samples"":30,""n_estimators"":500,""num_leaves"":31,""objective"":""regression"",""reg_lambda"":1.0,""subsample"":0.9,""tweedie_variance_power"":null}",ok,757,2.777370644183089,2.883617774413259,2.5402906208718625,2.412931191958497,1.093327913492771,1.1950683815698537,0.8123415999871213,
77860bf4fef5a6ecfecc,home,lightgbm,dratings_only,"{""colsample_bytree"":0.9,""learning_rate"":0.05,""min_child_samples"":10,""n_estimators"":500,""num_leaves"":15,""objective"":""regression"",""reg_lambda"":1.0,""subsample"":0.9,""tweedie_variance_power"":null}",ok,757,2.7764478611134114,2.8642386975156464,2.5402906208718625,2.412931191958497,1.0929646546348686,1.1870370390424758,0.46068779999041,
7232f5a0785beebce540,home,lightgbm,dratings_only,"{""colsample_bytree"":0.9,""learning_rate"":0.05,""min_child_samples"":30,""n_estimators"":500,""num_leaves"":15,""objective"":""regression"",""reg_lambda"":1.0,""subsample"":0.9,""tweedie_variance_power"":null}",ok,757,2.7733562884108856,2.8958229497162944,2.5402906208718625,2.412931191958497,1.091747639275632,1.2001266175210947,0.4524301000055857,
9d7c9a1e3a6e7fece605,home,lightgbm,dratings_only,"{""colsample_bytree"":0.9,""learning_rate"":0.05,""min_child_samples"":10,""n_estimators"":500,""num_leaves"":31,""objective"":""regression"",""reg_lambda"":1.0,""subsample"":0.9,""tweedie_variance_power"":null}",ok,757,2.902148656435019,3.3741524833564323,2.5402906208718625,2.412931191958497,1.1424474950188817,1.3983624956241472,0.8910919999761973,
c4cca368183950ef6295,home,lightgbm,dratings_only,"{""colsample_bytree"":0.9,""learning_rate"":0.05,""min_child_samples"":30,""n_estimators"":500,""num_leaves"":31,""objective"":""regression"",""reg_lambda"":1.0,""subsample"":0.9,""tweedie_variance_power"":null}",ok,757,2.8663793066762553,3.108344050371561,2.5402906208718625,2.412931191958497,1.128366684947439,1.2882025234414662,0.8351843999989796,
d79cd2982789e96dcb99,home,lightgbm,dratings_only,"{""colsample_bytree"":0.9,""learning_rate"":0.1,""min_child_samples"":10,""n_estimators"":500,""num_leaves"":15,""objective"":""regression"",""reg_lambda"":1.0,""subsample"":0.9,""tweedie_variance_power"":null}",failed,757,,,2.5402906208718625,2.412931191958497,,,0.1117478999949526,RuntimeError: lightgbm emitted invalid predictions: nonfinite=0 nonpositive=2
f2d2d6156bbb5a038a17,home,lightgbm,dratings_only,"{""colsample_bytree"":0.9,""learning_rate"":0.1,""min_child_samples"":30,""n_estimators"":500,""num_leaves"":15,""objective"":""regression"",""reg_lambda"":1.0,""subsample"":0.9,""tweedie_variance_power"":null}",failed,757,,,2.5402906208718625,2.412931191958497,,,0.2323319000133779,RuntimeError: lightgbm emitted invalid predictions: nonfinite=0 nonpositive=1
c980e07ae218775eebd8,home,lightgbm,dratings_only,"{""colsample_bytree"":0.9,""learning_rate"":0.1,""min_child_samples"":10,""n_estimators"":500,""num_leaves"":31,""objective"":""regression"",""reg_lambda"":1.0,""subsample"":0.9,""tweedie_variance_power"":null}",failed,757,,,2.5402906208718625,2.412931191958497,,,0.21847749999142252,RuntimeError: lightgbm emitted invalid predictions: nonfinite=0 nonpositive=2
5947c00911c1102bf817,home,lightgbm,dratings_only,"{""colsample_bytree"":0.9,""learning_rate"":0.1,""min_child_samples"":30,""n_estimators"":500,""num_leaves"":31,""objective"":""regression"",""reg_lambda"":1.0,""subsample"":0.9,""tweedie_variance_power"":null}",failed,757,,,2.5402906208718625,2.412931191958497,,,0.3607342999894172,RuntimeError: lightgbm emitted invalid predictions: nonfinite=0 nonpositive=1
bbd647ec9d7f7e980a6b,home,xgboost,dratings_only,"{""colsample_bytree"":0.9,""learning_rate"":0.025,""max_depth"":3,""min_child_weight"":1.0,""n_estimators"":500,""objective"":""count:poisson"",""reg_lambda"":1.0,""subsample"":0.9,""tweedie_variance_power"":null}",ok,757,2.593336708479545,2.4573802183918234,2.5402906208718625,2.412931191958497,1.0208818972017764,1.0184211744543152,0.4838478000019677,
ba784751d710ce179ff6,home,xgboost,dratings_only,"{""colsample_bytree"":0.9,""learning_rate"":0.025,""max_depth"":3,""min_child_weight"":5.0,""n_estimators"":500,""objective"":""count:poisson"",""reg_lambda"":1.0,""subsample"":0.9,""tweedie_variance_power"":null}",ok,757,2.5931866824075755,2.457538944514852,2.5402906208718625,2.412931191958497,1.020822838576461,1.018486955908655,0.45041339998715557,
4204217acde5e8fb829f,home,xgboost,dratings_only,"{""colsample_bytree"":0.9,""learning_rate"":0.025,""max_depth"":6,""min_child_weight"":1.0,""n_estimators"":500,""objective"":""count:poisson"",""reg_lambda"":1.0,""subsample"":0.9,""tweedie_variance_power"":null}",ok,757,2.654871716682001,2.60945417129657,2.5402906208718625,2.412931191958497,1.045105506774974,1.0814457453213002,1.0050388000090607,
2797ef6f667216ab8e9b,home,xgboost,dratings_only,"{""colsample_bytree"":0.9,""learning_rate"":0.025,""max_depth"":6,""min_child_weight"":5.0,""n_estimators"":500,""objective"":""count:poisson"",""reg_lambda"":1.0,""subsample"":0.9,""tweedie_variance_power"":null}",ok,757,2.6556750345419076,2.6086301777251006,2.5402906208718625,2.412931191958497,1.0454217374665753,1.0811042546172902,0.9930144999816548,
bc1c388c602e0c899209,home,xgboost,dratings_only,"{""colsample_bytree"":0.9,""learning_rate"":0.05,""max_depth"":3,""min_child_weight"":1.0,""n_estimators"":500,""objective"":""count:poisson"",""reg_lambda"":1.0,""subsample"":0.9,""tweedie_variance_power"":null}",ok,757,2.6355048047976575,2.5315482245772065,2.5402906208718625,2.412931191958497,1.037481610624975,1.0491588956262081,0.490391900006216,
719ccf97d29d09614174,home,xgboost,dratings_only,"{""colsample_bytree"":0.9,""learning_rate"":0.05,""max_depth"":3,""min_child_weight"":5.0,""n_estimators"":500,""objective"":""count:poisson"",""reg_lambda"":1.0,""subsample"":0.9,""tweedie_variance_power"":null}",ok,757,2.633490932822385,2.5286763240126118,2.5402906208718625,2.412931191958497,1.0366888383497375,1.0479686832512485,0.45828059999621473,
6bcd68158038a59c9aae,home,xgboost,dratings_only,"{""colsample_bytree"":0.9,""learning_rate"":0.05,""max_depth"":6,""min_child_weight"":1.0,""n_estimators"":500,""objective"":""count:poisson"",""reg_lambda"":1.0,""subsample"":0.9,""tweedie_variance_power"":null}",ok,757,2.7427724831327893,2.806405564673338,2.5402906208718625,2.412931191958497,1.0797081485863347,1.1630690398574817,1.0018458999984432,
8d5a506dc92e2e98456d,home,xgboost,dratings_only,"{""colsample_bytree"":0.9,""learning_rate"":0.05,""max_depth"":6,""min_child_weight"":5.0,""n_estimators"":500,""objective"":""count:poisson"",""reg_lambda"":1.0,""subsample"":0.9,""tweedie_variance_power"":null}",ok,757,2.745212197461248,2.8155454884445765,2.5402906208718625,2.412931191958497,1.0806685561508917,1.1668569322771656,0.9956914999929722,
444aa602ba05d4bee255,home,xgboost,dratings_only,"{""colsample_bytree"":0.9,""learning_rate"":0.1,""max_depth"":3,""min_child_weight"":1.0,""n_estimators"":500,""objective"":""count:poisson"",""reg_lambda"":1.0,""subsample"":0.9,""tweedie_variance_power"":null}",ok,757,2.7014488202262585,2.6632064230543717,2.5402906208718625,2.412931191958497,1.0634408512279137,1.103722489862106,0.46409439999843016,
a349af5b8a534a51311a,home,xgboost,dratings_only,"{""colsample_bytree"":0.9,""learning_rate"":0.1,""max_depth"":3,""min_child_weight"":5.0,""n_estimators"":500,""objective"":""count:poisson"",""reg_lambda"":1.0,""subsample"":0.9,""tweedie_variance_power"":null}",ok,757,2.6984629355459577,2.6559357225997893,2.5402906208718625,2.412931191958497,1.0622654405659335,1.100709266576331,0.4762528999999631,
9016dddbb999af6ed19f,home,xgboost,dratings_only,"{""colsample_bytree"":0.9,""learning_rate"":0.1,""max_depth"":6,""min_child_weight"":1.0,""n_estimators"":500,""objective"":""count:poisson"",""reg_lambda"":1.0,""subsample"":0.9,""tweedie_variance_power"":null}",ok,757,2.8331121114947524,3.1699040093987425,2.5402906208718625,2.412931191958497,1.1152708624032905,1.3137150449888442,0.9847194000030868,
cefa223c756f14ce7b5a,home,xgboost,dratings_only,"{""colsample_bytree"":0.9,""learning_rate"":0.1,""max_depth"":6,""min_child_weight"":5.0,""n_estimators"":500,""objective"":""count:poisson"",""reg_lambda"":1.0,""subsample"":0.9,""tweedie_variance_power"":null}",ok,757,2.835150224923143,3.12368309155365,2.5402906208718625,2.412931191958497,1.1160731774658446,1.2945595390220221,1.0093052000156604,
77927a87411d33eb6e56,home,xgboost,dratings_only,"{""colsample_bytree"":0.9,""learning_rate"":0.025,""max_depth"":3,""min_child_weight"":1.0,""n_estimators"":500,""objective"":""reg:tweedie"",""reg_lambda"":1.0,""subsample"":0.9,""tweedie_variance_power"":1.5}",ok,757,2.6154558173573945,2.5357516033863665,2.5402906208718625,2.412931191958497,1.0295892115130254,1.0509009174555783,0.45763620000798255,
8287e9eeb813ae9e5923,home,xgboost,dratings_only,"{""colsample_bytree"":0.9,""learning_rate"":0.025,""max_depth"":3,""min_child_weight"":5.0,""n_estimators"":500,""objective"":""reg:tweedie"",""reg_lambda"":1.0,""subsample"":0.9,""tweedie_variance_power"":1.5}",ok,757,2.61083008748537,2.5263750414720554,2.5402906208718625,2.412931191958497,1.0277682663683958,1.0470149542148692,0.4678446000034455,
abb5563c95914a93f19a,home,xgboost,dratings_only,"{""colsample_bytree"":0.9,""learning_rate"":0.025,""max_depth"":6,""min_child_weight"":1.0,""n_estimators"":500,""objective"":""reg:tweedie"",""reg_lambda"":1.0,""subsample"":0.9,""tweedie_variance_power"":1.5}",ok,757,2.7034498016931896,2.877932783121606,2.5402906208718625,2.412931191958497,1.0642285490804704,1.1927123295984592,1.042070600000443,
b28d9af01d44279f6e93,home,xgboost,dratings_only,"{""colsample_bytree"":0.9,""learning_rate"":0.025,""max_depth"":6,""min_child_weight"":5.0,""n_estimators"":500,""objective"":""reg:tweedie"",""reg_lambda"":1.0,""subsample"":0.9,""tweedie_variance_power"":1.5}",ok,757,2.6958089433856496,2.79832302051902,2.5402906208718625,2.412931191958497,1.0612206813015792,1.159719361183985,0.9302161000086926,
686e71fe6e6c5a675462,home,xgboost,dratings_only,"{""colsample_bytree"":0.9,""learning_rate"":0.05,""max_depth"":3,""min_child_weight"":1.0,""n_estimators"":500,""objective"":""reg:tweedie"",""reg_lambda"":1.0,""subsample"":0.9,""tweedie_variance_power"":1.5}",ok,757,2.6771601953468673,2.6750475416950974,2.5402906208718625,2.412931191958497,1.0538794944761198,1.1086298484640373,0.46576779999304563,
2a8e8cf6c8eb153be66d,home,xgboost,dratings_only,"{""colsample_bytree"":0.9,""learning_rate"":0.05,""max_depth"":3,""min_child_weight"":5.0,""n_estimators"":500,""objective"":""reg:tweedie"",""reg_lambda"":1.0,""subsample"":0.9,""tweedie_variance_power"":1.5}",ok,757,2.67839043993931,2.670668810173615,2.5402906208718625,2.412931191958497,1.0543637873292033,1.1068151545614198,0.4738513000193052,
1bca6465735d735e43bf,home,xgboost,dratings_only,"{""colsample_bytree"":0.9,""learning_rate"":0.05,""max_depth"":6,""min_child_weight"":1.0,""n_estimators"":500,""objective"":""reg:tweedie"",""reg_lambda"":1.0,""subsample"":0.9,""tweedie_variance_power"":1.5}",ok,757,2.807524460624987,3.2492844835524433,2.5402906208718625,2.412931191958497,1.105198136605884,1.3466129885432438,1.007655599998543,
ab6f106123b987df27d9,home,xgboost,dratings_only,"{""colsample_bytree"":0.9,""learning_rate"":0.05,""max_depth"":6,""min_child_weight"":5.0,""n_estimators"":500,""objective"":""reg:tweedie"",""reg_lambda"":1.0,""subsample"":0.9,""tweedie_variance_power"":1.5}",ok,757,2.8086808055363686,3.12048449733394,2.5402906208718625,2.412931191958497,1.1056533384248732,1.2932339337870407,0.9265527999959886,
6663efb921a4d6a39081,home,xgboost,dratings_only,"{""colsample_bytree"":0.9,""learning_rate"":0.1,""max_depth"":3,""min_child_weight"":1.0,""n_estimators"":500,""objective"":""reg:tweedie"",""reg_lambda"":1.0,""subsample"":0.9,""tweedie_variance_power"":1.5}",ok,757,2.7626312098698382,2.924201122503121,2.5402906208718625,2.412931191958497,1.0875256504791824,1.2118874886480469,0.47188970001298003,
b2f72025e91e43f2dab4,home,xgboost,dratings_only,"{""colsample_bytree"":0.9,""learning_rate"":0.1,""max_depth"":3,""min_child_weight"":5.0,""n_estimators"":500,""objective"":""reg:tweedie"",""reg_lambda"":1.0,""subsample"":0.9,""tweedie_variance_power"":1.5}",ok,757,2.7650889481074588,2.8844070011154574,2.5402906208718625,2.412931191958497,1.0884931532591504,1.195395463711619,0.45250000001396984,
12cd33dcefeb47a27aaa,home,xgboost,dratings_only,"{""colsample_bytree"":0.9,""learning_rate"":0.1,""max_depth"":6,""min_child_weight"":1.0,""n_estimators"":500,""objective"":""reg:tweedie"",""reg_lambda"":1.0,""subsample"":0.9,""tweedie_variance_power"":1.5}",ok,757,2.922478196209929,3.7726916831720874,2.5402906208718625,2.412931191958497,1.1504503351694833,1.563530570513251,1.0689467000192963,
6dde449ff5a5f26d1b13,home,xgboost,dratings_only,"{""colsample_bytree"":0.9,""learning_rate"":0.1,""max_depth"":6,""min_child_weight"":5.0,""n_estimators"":500,""objective"":""reg:tweedie"",""reg_lambda"":1.0,""subsample"":0.9,""tweedie_variance_power"":1.5}",ok,757,2.909223985522395,3.534339385778847,2.5402906208718625,2.412931191958497,1.1452327389705945,1.4647493461718402,0.9654983000073116,
3129fff826e8a917d7c5,home,xgboost,dratings_only,"{""colsample_bytree"":0.9,""learning_rate"":0.025,""max_depth"":3,""min_child_weight"":1.0,""n_estimators"":500,""objective"":""reg:squarederror"",""reg_lambda"":1.0,""subsample"":0.9,""tweedie_variance_power"":null}",ok,757,2.637675497616928,2.5281682890818655,2.5402906208718625,2.412931191958497,1.0383361163265805,1.0477581364555342,0.4266076000058092,
4dd0afa8252ff8b9d75b,home,xgboost,dratings_only,"{""colsample_bytree"":0.9,""learning_rate"":0.025,""max_depth"":3,""min_child_weight"":5.0,""n_estimators"":500,""objective"":""reg:squarederror"",""reg_lambda"":1.0,""subsample"":0.9,""tweedie_variance_power"":null}",ok,757,2.622126877229154,2.511513366740035,2.5402906208718625,2.412931191958497,1.0322153125649869,1.0408557753781293,0.43353570002363995,
75b71b5265076aba8026,home,xgboost,dratings_only,"{""colsample_bytree"":0.9,""learning_rate"":0.025,""max_depth"":6,""min_child_weight"":1.0,""n_estimators"":500,""objective"":""reg:squarederror"",""reg_lambda"":1.0,""subsample"":0.9,""tweedie_variance_power"":null}",ok,757,2.759939946460598,2.76574745288705,2.5402906208718625,2.412931191958497,1.0864662191735168,1.1462189481840066,0.9497640999907162,
f8057bafa6e3e5cdf743,home,xgboost,dratings_only,"{""colsample_bytree"":0.9,""learning_rate"":0.025,""max_depth"":6,""min_child_weight"":5.0,""n_estimators"":500,""objective"":""reg:squarederror"",""reg_lambda"":1.0,""subsample"":0.9,""tweedie_variance_power"":null}",ok,757,2.7193647834079897,2.710923156358309,2.5402906208718625,2.412931191958497,1.0704935730836445,1.123497912162983,0.8066185000061523,
db7ea72e99347b6aabf2,home,xgboost,dratings_only,"{""colsample_bytree"":0.9,""learning_rate"":0.05,""max_depth"":3,""min_child_weight"":1.0,""n_estimators"":500,""objective"":""reg:squarederror"",""reg_lambda"":1.0,""subsample"":0.9,""tweedie_variance_power"":null}",ok,757,2.707890760788357,2.658371753335139,2.5402906208718625,2.412931191958497,1.0659767581470547,1.1017188398055504,0.4300882000243291,
30ee2956fe5bf2797d2b,home,xgboost,dratings_only,"{""colsample_bytree"":0.9,""learning_rate"":0.05,""max_depth"":3,""min_child_weight"":5.0,""n_estimators"":500,""objective"":""reg:squarederror"",""reg_lambda"":1.0,""subsample"":0.9,""tweedie_variance_power"":null}",ok,757,2.688664198394181,2.6328412240124472,2.5402906208718625,2.412931191958497,1.0584081113803405,1.0911381280936803,0.4166432000056375,
01deca6e6bdb3a2a1c81,home,xgboost,dratings_only,"{""colsample_bytree"":0.9,""learning_rate"":0.05,""max_depth"":6,""min_child_weight"":1.0,""n_estimators"":500,""objective"":""reg:squarederror"",""reg_lambda"":1.0,""subsample"":0.9,""tweedie_variance_power"":null}",ok,757,2.8767536403795844,3.039357703818163,2.5402906208718625,2.412931191958497,1.1324506010230606,1.2596122566392853,0.9678644000086933,
703cac20f90e3eb8de03,home,xgboost,dratings_only,"{""colsample_bytree"":0.9,""learning_rate"":0.05,""max_depth"":6,""min_child_weight"":5.0,""n_estimators"":500,""objective"":""reg:squarederror"",""reg_lambda"":1.0,""subsample"":0.9,""tweedie_variance_power"":null}",failed,757,,,2.5402906208718625,2.412931191958497,,,0.3883947000140324,RuntimeError: xgboost emitted invalid predictions: nonfinite=0 nonpositive=1
7b7133416a47558b852a,home,xgboost,dratings_only,"{""colsample_bytree"":0.9,""learning_rate"":0.1,""max_depth"":3,""min_child_weight"":1.0,""n_estimators"":500,""objective"":""reg:squarederror"",""reg_lambda"":1.0,""subsample"":0.9,""tweedie_variance_power"":null}",ok,757,2.8062150345295866,2.8908170761339242,2.5402906208718625,2.412931191958497,1.1046826734991666,1.1980520148142073,0.4392009000002872,
a27faa44cb47b32eca39,home,xgboost,dratings_only,"{""colsample_bytree"":0.9,""learning_rate"":0.1,""max_depth"":3,""min_child_weight"":5.0,""n_estimators"":500,""objective"":""reg:squarederror"",""reg_lambda"":1.0,""subsample"":0.9,""tweedie_variance_power"":null}",ok,757,2.774467913446212,2.863587859058462,2.5402906208718625,2.412931191958497,1.0921852368584413,1.186767309653029,0.4014727999747265,
f2d2b599afbd4fdd34bc,home,xgboost,dratings_only,"{""colsample_bytree"":0.9,""learning_rate"":0.1,""max_depth"":6,""min_child_weight"":1.0,""n_estimators"":500,""objective"":""reg:squarederror"",""reg_lambda"":1.0,""subsample"":0.9,""tweedie_variance_power"":null}",failed,757,,,2.5402906208718625,2.412931191958497,,,0.4754243000061251,RuntimeError: xgboost emitted invalid predictions: nonfinite=0 nonpositive=1
11e6b37da160bee464b6,home,xgboost,dratings_only,"{""colsample_bytree"":0.9,""learning_rate"":0.1,""max_depth"":6,""min_child_weight"":5.0,""n_estimators"":500,""objective"":""reg:squarederror"",""reg_lambda"":1.0,""subsample"":0.9,""tweedie_variance_power"":null}",failed,757,,,2.5402906208718625,2.412931191958497,,,0.40431789998547174,RuntimeError: xgboost emitted invalid predictions: nonfinite=0 nonpositive=3
a3c1e3f89192d43dff5a,home,hist_gradient_boosting,no_dratings,"{""l2_regularization"":0.0,""learning_rate"":0.025,""loss"":""poisson"",""max_iter"":300,""max_leaf_nodes"":15,""min_samples_leaf"":10}",ok,757,2.5971268220857,2.548290806615126,2.5402906208718625,2.412931191958497,1.022373897201703,1.056097585835741,1.9338739000086207,
b65761290ae6fc356ed4,home,hist_gradient_boosting,no_dratings,"{""l2_regularization"":5.0,""learning_rate"":0.025,""loss"":""poisson"",""max_iter"":300,""max_leaf_nodes"":15,""min_samples_leaf"":10}",ok,757,2.5983847937951485,2.5277539368904702,2.5402906208718625,2.412931191958497,1.022869104993722,1.047586414944048,2.076804899988929,
2b059f80bee9d6e9d1bc,home,hist_gradient_boosting,no_dratings,"{""l2_regularization"":0.0,""learning_rate"":0.025,""loss"":""poisson"",""max_iter"":300,""max_leaf_nodes"":15,""min_samples_leaf"":30}",ok,757,2.5712061303366482,2.5698444388618165,2.5402906208718625,2.412931191958497,1.0121700679484362,1.065030137380734,1.8298552999913227,
8d1171b939af84cea95d,home,hist_gradient_boosting,no_dratings,"{""l2_regularization"":5.0,""learning_rate"":0.025,""loss"":""poisson"",""max_iter"":300,""max_leaf_nodes"":15,""min_samples_leaf"":30}",ok,757,2.5748272293986076,2.5750658619055624,2.5402906208718625,2.412931191958497,1.013595534401844,1.067194071048278,1.8254946999950334,
9095a8577328a2c2b67e,home,hist_gradient_boosting,no_dratings,"{""l2_regularization"":0.0,""learning_rate"":0.025,""loss"":""poisson"",""max_iter"":300,""max_leaf_nodes"":31,""min_samples_leaf"":10}",ok,757,2.589978624849964,2.69461431299527,2.5402906208718625,2.412931191958497,1.0195599682846712,1.116738977877003,3.592688000004273,
9a9ed6f9256b67d16524,home,hist_gradient_boosting,no_dratings,"{""l2_regularization"":5.0,""learning_rate"":0.025,""loss"":""poisson"",""max_iter"":300,""max_leaf_nodes"":31,""min_samples_leaf"":10}",ok,757,2.597133149647164,2.667761645151153,2.5402906208718625,2.412931191958497,1.0223763880826329,1.1056103274067333,3.741953499993542,
6740db08a727c9ca682d,home,hist_gradient_boosting,no_dratings,"{""l2_regularization"":0.0,""learning_rate"":0.025,""loss"":""poisson"",""max_iter"":300,""max_leaf_nodes"":31,""min_samples_leaf"":30}",ok,757,2.536172336762506,2.5503946233297894,2.5402906208718625,2.412931191958497,0.9983788137957447,1.0569694783794137,3.1742823000240605,
a67f532e1673201b124b,home,hist_gradient_boosting,no_dratings,"{""l2_regularization"":5.0,""learning_rate"":0.025,""loss"":""poisson"",""max_iter"":300,""max_leaf_nodes"":31,""min_samples_leaf"":30}",ok,757,2.54518171734135,2.593727417542752,2.5402906208718625,2.412931191958497,1.0019254082305782,1.074928048585384,3.0029633000085596,
59193ca44bf159ad2072,home,hist_gradient_boosting,no_dratings,"{""l2_regularization"":0.0,""learning_rate"":0.05,""loss"":""poisson"",""max_iter"":300,""max_leaf_nodes"":15,""min_samples_leaf"":10}",ok,757,2.6062635945409833,2.66318934322928,2.5402906208718625,2.412931191958497,1.02597064018072,1.1037154114070102,2.0963077999767847,
2c23e28a7104c3a1e0fd,home,hist_gradient_boosting,no_dratings,"{""l2_regularization"":5.0,""learning_rate"":0.05,""loss"":""poisson"",""max_iter"":300,""max_leaf_nodes"":15,""min_samples_leaf"":10}",ok,757,2.6007255894432104,2.6833836159007043,2.5402906208718625,2.412931191958497,1.0237905726513314,1.112084598534569,1.9549762000096962,
2534d00543f1efa58811,home,hist_gradient_boosting,no_dratings,"{""l2_regularization"":0.0,""learning_rate"":0.05,""loss"":""poisson"",""max_iter"":300,""max_leaf_nodes"":15,""min_samples_leaf"":30}",ok,757,2.5781953282973955,2.6366173225237763,2.5402906208718625,2.412931191958497,1.0149214058872222,1.0927030705685894,1.802474299998721,
fbcf6e5cdabe274f1267,home,hist_gradient_boosting,no_dratings,"{""l2_regularization"":5.0,""learning_rate"":0.05,""loss"":""poisson"",""max_iter"":300,""max_leaf_nodes"":15,""min_samples_leaf"":30}",ok,757,2.56685900130312,2.6817339017973243,2.5402906208718625,2.412931191958497,1.010458795624785,1.111400901415945,1.7667248000216205,
094f60c9fa37cf764a44,home,hist_gradient_boosting,no_dratings,"{""l2_regularization"":0.0,""learning_rate"":0.05,""loss"":""poisson"",""max_iter"":300,""max_leaf_nodes"":31,""min_samples_leaf"":10}",ok,757,2.602551261200896,2.846773345354232,2.5402906208718625,2.412931191958497,1.024509258829474,1.1797988085369313,3.6075047999911476,
ff660185e0c498023bbd,home,hist_gradient_boosting,no_dratings,"{""l2_regularization"":5.0,""learning_rate"":0.05,""loss"":""poisson"",""max_iter"":300,""max_leaf_nodes"":31,""min_samples_leaf"":10}",ok,757,2.5849495270818372,2.786154730234555,2.5402906208718625,2.412931191958497,1.0175802350498964,1.1546764116274384,3.7691732000093907,
d222a2e70ca4bc1b47e2,home,hist_gradient_boosting,no_dratings,"{""l2_regularization"":0.0,""learning_rate"":0.05,""loss"":""poisson"",""max_iter"":300,""max_leaf_nodes"":31,""min_samples_leaf"":30}",ok,757,2.5635244311991254,2.7087682711855927,2.5402906208718625,2.412931191958497,1.0091461229421415,1.1226048551293228,2.983876899990719,
5126f163a500551b11ad,home,hist_gradient_boosting,no_dratings,"{""l2_regularization"":5.0,""learning_rate"":0.05,""loss"":""poisson"",""max_iter"":300,""max_leaf_nodes"":31,""min_samples_leaf"":30}",ok,757,2.553806484050246,2.6798367448172478,2.5402906208718625,2.412931191958497,1.005320597205427,1.1106146556305703,2.934087499976158,
cee7663bc9f6d529c6cc,home,hist_gradient_boosting,no_dratings,"{""l2_regularization"":0.0,""learning_rate"":0.1,""loss"":""poisson"",""max_iter"":300,""max_leaf_nodes"":15,""min_samples_leaf"":10}",ok,757,2.5758001097103898,2.7659651160935073,2.5402906208718625,2.412931191958497,1.0139785143269708,1.1463091551518567,1.8811337999941316,
6e657ce849746c3dd755,home,hist_gradient_boosting,no_dratings,"{""l2_regularization"":5.0,""learning_rate"":0.1,""loss"":""poisson"",""max_iter"":300,""max_leaf_nodes"":15,""min_samples_leaf"":10}",ok,757,2.626484740996331,2.866210456050198,2.5402906208718625,2.412931191958497,1.033930810678223,1.187854202226044,1.8799869999929797,
70506ee73b16d9c79725,home,hist_gradient_boosting,no_dratings,"{""l2_regularization"":0.0,""learning_rate"":0.1,""loss"":""poisson"",""max_iter"":300,""max_leaf_nodes"":15,""min_samples_leaf"":30}",ok,757,2.6120166686638093,2.8412725412465054,2.5402906208718625,2.412931191958497,1.0282353708676566,1.177519089941532,1.759752199985087,
8b36b175c710a1403d0f,home,hist_gradient_boosting,no_dratings,"{""l2_regularization"":5.0,""learning_rate"":0.1,""loss"":""poisson"",""max_iter"":300,""max_leaf_nodes"":15,""min_samples_leaf"":30}",ok,757,2.6242001936333756,2.8172546115592034,2.5402906208718625,2.412931191958497,1.0330314854812612,1.1675652504920915,1.7921789000101853,
bc29f23099baee67c6e2,home,hist_gradient_boosting,no_dratings,"{""l2_regularization"":0.0,""learning_rate"":0.1,""loss"":""poisson"",""max_iter"":300,""max_leaf_nodes"":31,""min_samples_leaf"":10}",ok,757,2.6560740125474607,3.11588779162336,2.5402906208718625,2.412931191958497,1.0455787974510804,1.2913289040348872,3.819357600004878,
2758b7b441897f65e2c8,home,hist_gradient_boosting,no_dratings,"{""l2_regularization"":5.0,""learning_rate"":0.1,""loss"":""poisson"",""max_iter"":300,""max_leaf_nodes"":31,""min_samples_leaf"":10}",ok,757,2.630693155436268,3.006362843854677,2.5402906208718625,2.412931191958497,1.0355874772050206,1.2459380747672755,3.6677423999935854,
1c90cc4e706e94d666e1,home,hist_gradient_boosting,no_dratings,"{""l2_regularization"":0.0,""learning_rate"":0.1,""loss"":""poisson"",""max_iter"":300,""max_leaf_nodes"":31,""min_samples_leaf"":30}",ok,757,2.5886239908745057,2.8539992497495223,2.5402906208718625,2.412931191958497,1.019026708836194,1.1827934668261406,2.9888633999798913,
201a77203962f8ac2689,home,hist_gradient_boosting,no_dratings,"{""l2_regularization"":5.0,""learning_rate"":0.1,""loss"":""poisson"",""max_iter"":300,""max_leaf_nodes"":31,""min_samples_leaf"":30}",ok,757,2.5996441031056223,2.866586917871355,2.5402906208718625,2.412931191958497,1.0233648393400707,1.188010220691225,2.9764774999930523,
23e1190a860e465098d3,home,hist_gradient_boosting,no_dratings,"{""l2_regularization"":0.0,""learning_rate"":0.025,""loss"":""squared_error"",""max_iter"":300,""max_leaf_nodes"":15,""min_samples_leaf"":10}",ok,757,2.7036074113217103,2.5848950326833555,2.5402906208718625,2.412931191958497,1.0642905930163988,1.0712676106546084,1.9548994000069797,
299ca219fa90ea29276e,home,hist_gradient_boosting,no_dratings,"{""l2_regularization"":5.0,""learning_rate"":0.025,""loss"":""squared_error"",""max_iter"":300,""max_leaf_nodes"":15,""min_samples_leaf"":10}",ok,757,2.6550024825022165,2.545786137540859,2.5402906208718625,2.412931191958497,1.0451569834915122,1.0550595665658116,2.0844208000053186,
063c0e7a456bec8b0327,home,hist_gradient_boosting,no_dratings,"{""l2_regularization"":0.0,""learning_rate"":0.025,""loss"":""squared_error"",""max_iter"":300,""max_leaf_nodes"":15,""min_samples_leaf"":30}",ok,757,2.6023908223306136,2.533262947644272,2.5402906208718625,2.412931191958497,1.0244461011462687,1.0498695346501388,1.8456532999989577,
548d9b869a8c446c75c1,home,hist_gradient_boosting,no_dratings,"{""l2_regularization"":5.0,""learning_rate"":0.025,""loss"":""squared_error"",""max_iter"":300,""max_leaf_nodes"":15,""min_samples_leaf"":30}",ok,757,2.592951687862909,2.507340722858707,2.5402906208718625,2.412931191958497,1.0207303316236205,1.0391264911385976,1.8871095000067726,
795e9c991567d47f49d7,home,hist_gradient_boosting,no_dratings,"{""l2_regularization"":0.0,""learning_rate"":0.025,""loss"":""squared_error"",""max_iter"":300,""max_leaf_nodes"":31,""min_samples_leaf"":10}",ok,757,2.720219857399173,2.621479671680835,2.5402906208718625,2.412931191958497,1.0708301778737255,1.0864295179312866,3.6987948000023607,
f4febf43c82d0cb6ea2c,home,hist_gradient_boosting,no_dratings,"{""l2_regularization"":5.0,""learning_rate"":0.025,""loss"":""squared_error"",""max_iter"":300,""max_leaf_nodes"":31,""min_samples_leaf"":10}",ok,757,2.64545108920523,2.5551205176926897,2.5402906208718625,2.412931191958497,1.0413970226356521,1.0589280482626535,3.8880244999891147,
4e2d7cd01af435e54f83,home,hist_gradient_boosting,no_dratings,"{""l2_regularization"":0.0,""learning_rate"":0.025,""loss"":""squared_error"",""max_iter"":300,""max_leaf_nodes"":31,""min_samples_leaf"":30}",ok,757,2.6196960164286174,2.551720217562871,2.5402906208718625,2.412931191958497,1.0312583902425707,1.0575188493011785,2.8367547999951057,
8bac60987da74e32b37b,home,hist_gradient_boosting,no_dratings,"{""l2_regularization"":5.0,""learning_rate"":0.025,""loss"":""squared_error"",""max_iter"":300,""max_leaf_nodes"":31,""min_samples_leaf"":30}",ok,757,2.6107646042150274,2.52671902021335,2.5402906208718625,2.412931191958497,1.0277424885027435,1.0471575105970987,3.0204570000059903,
02a8d672ef84358a4236,home,hist_gradient_boosting,no_dratings,"{""l2_regularization"":0.0,""learning_rate"":0.05,""loss"":""squared_error"",""max_iter"":300,""max_leaf_nodes"":15,""min_samples_leaf"":10}",ok,757,2.7314642617860847,2.653148603090085,2.5402906208718625,2.412931191958497,1.0752566022735655,1.0995541903275787,1.8918856999953277,
59d9c8827f68cd4fa4ba,home,hist_gradient_boosting,no_dratings,"{""l2_regularization"":5.0,""learning_rate"":0.05,""loss"":""squared_error"",""max_iter"":300,""max_leaf_nodes"":15,""min_samples_leaf"":10}",ok,757,2.7080941898894553,2.6228918552988874,2.5402906208718625,2.412931191958497,1.0660568391816525,1.0870147744121839,2.027696900011506,
1489be68ac7747b2f488,home,hist_gradient_boosting,no_dratings,"{""l2_regularization"":0.0,""learning_rate"":0.05,""loss"":""squared_error"",""max_iter"":300,""max_leaf_nodes"":15,""min_samples_leaf"":30}",ok,757,2.6357861755136662,2.60786850301867,2.5402906208718625,2.412931191958497,1.0375923738241526,1.0807885909510535,1.853333000006387,
5259cbf667e6b91ece5b,home,hist_gradient_boosting,no_dratings,"{""l2_regularization"":5.0,""learning_rate"":0.05,""loss"":""squared_error"",""max_iter"":300,""max_leaf_nodes"":15,""min_samples_leaf"":30}",ok,757,2.637277551193633,2.5854424160434624,2.5402906208718625,2.412931191958497,1.0381794624303589,1.0714944647654638,1.8367943999764975,
db5e0a6a198bad830ebc,home,hist_gradient_boosting,no_dratings,"{""l2_regularization"":0.0,""learning_rate"":0.05,""loss"":""squared_error"",""max_iter"":300,""max_leaf_nodes"":31,""min_samples_leaf"":10}",ok,757,2.718652266643621,2.6566352648280582,2.5402906208718625,2.412931191958497,1.0702130867650657,1.1009991804497974,3.5888734000036493,
75bcf6f4690a9edb7bb4,home,hist_gradient_boosting,no_dratings,"{""l2_regularization"":5.0,""learning_rate"":0.05,""loss"":""squared_error"",""max_iter"":300,""max_leaf_nodes"":31,""min_samples_leaf"":10}",ok,757,2.6542087328917887,2.5956838841326517,2.5402906208718625,2.412931191958497,1.0448445193962996,1.0757388742717608,3.7952923999982886,
5a9f32ebafe781f49429,home,hist_gradient_boosting,no_dratings,"{""l2_regularization"":0.0,""learning_rate"":0.05,""loss"":""squared_error"",""max_iter"":300,""max_leaf_nodes"":31,""min_samples_leaf"":30}",ok,757,2.6488058852228376,2.6335825336662286,2.5402906208718625,2.412931191958497,1.0427176573654124,1.0914453517958116,3.0167490000021644,
6a816b6d88d9716bee8e,home,hist_gradient_boosting,no_dratings,"{""l2_regularization"":5.0,""learning_rate"":0.05,""loss"":""squared_error"",""max_iter"":300,""max_leaf_nodes"":31,""min_samples_leaf"":30}",ok,757,2.6439487481584827,2.592268858724285,2.5402906208718625,2.412931191958497,1.040805617449803,1.074323572658624,2.9477217000094242,
46ae95b2491ecf80592a,home,hist_gradient_boosting,no_dratings,"{""l2_regularization"":0.0,""learning_rate"":0.1,""loss"":""squared_error"",""max_iter"":300,""max_leaf_nodes"":15,""min_samples_leaf"":10}",ok,757,2.796021626134855,2.7386560270982727,2.5402906208718625,2.412931191958497,1.100669979710913,1.1349913483754983,1.8690409999981057,
260af9f84d38471c70a3,home,hist_gradient_boosting,no_dratings,"{""l2_regularization"":5.0,""learning_rate"":0.1,""loss"":""squared_error"",""max_iter"":300,""max_leaf_nodes"":15,""min_samples_leaf"":10}",ok,757,2.734209022717988,2.7033182759161836,2.5402906208718625,2.412931191958497,1.0763370931864362,1.1203461934287438,2.030254799989052,
fea6ece7ec33a8afab35,home,hist_gradient_boosting,no_dratings,"{""l2_regularization"":0.0,""learning_rate"":0.1,""loss"":""squared_error"",""max_iter"":300,""max_leaf_nodes"":15,""min_samples_leaf"":30}",ok,757,2.7159021110262507,2.731596201792978,2.5402906208718625,2.412931191958497,1.0691304722032615,1.1320655188579294,1.7620581000228412,
5bb43cfd4911ec3a8a2f,home,hist_gradient_boosting,no_dratings,"{""l2_regularization"":5.0,""learning_rate"":0.1,""loss"":""squared_error"",""max_iter"":300,""max_leaf_nodes"":15,""min_samples_leaf"":30}",ok,757,2.6871651974472286,2.7081828619923147,2.5402906208718625,2.412931191958497,1.057818021043969,1.122362241831758,1.8634410999948159,
e7406cacc0e39cee9078,home,hist_gradient_boosting,no_dratings,"{""l2_regularization"":0.0,""learning_rate"":0.1,""loss"":""squared_error"",""max_iter"":300,""max_leaf_nodes"":31,""min_samples_leaf"":10}",ok,757,2.7338764498865764,2.684660790640371,2.5402906208718625,2.412931191958497,1.0762061739803113,1.1126139027865607,3.822280000022147,
14c8b1359dfc631ae044,home,hist_gradient_boosting,no_dratings,"{""l2_regularization"":5.0,""learning_rate"":0.1,""loss"":""squared_error"",""max_iter"":300,""max_leaf_nodes"":31,""min_samples_leaf"":10}",ok,757,2.7266654178311884,2.6890954998038894,2.5402906208718625,2.412931191958497,1.07336750977546,1.114451795710444,3.774776700010989,
cd5ce3a535d6570f608f,home,hist_gradient_boosting,no_dratings,"{""l2_regularization"":0.0,""learning_rate"":0.1,""loss"":""squared_error"",""max_iter"":300,""max_leaf_nodes"":31,""min_samples_leaf"":30}",ok,757,2.711419541130203,2.752538970946664,2.5402906208718625,2.412931191958497,1.0673658828058055,1.1407449081515326,2.9267000000108965,
2c77ecdaff2f896b2878,home,hist_gradient_boosting,no_dratings,"{""l2_regularization"":5.0,""learning_rate"":0.1,""loss"":""squared_error"",""max_iter"":300,""max_leaf_nodes"":31,""min_samples_leaf"":30}",ok,757,2.6388868943644765,2.6172946489445588,2.5402906208718625,2.412931191958497,1.0388129896172174,1.084695103477106,2.8903531999967527,
8dcc4b2ebd5eeaea044c,home,random_forest,no_dratings,"{""criterion"":""poisson"",""max_depth"":null,""max_features"":0.6,""max_samples"":null,""min_samples_leaf"":2,""n_estimators"":400}",ok,757,2.5966255800475584,2.4477630898572094,2.5402906208718625,2.412931191958497,1.0221765803931366,1.01443551229923,6.4934846999822184,
740cd30ef080f6863509,home,random_forest,no_dratings,"{""criterion"":""poisson"",""max_depth"":null,""max_features"":1.0,""max_samples"":null,""min_samples_leaf"":2,""n_estimators"":400}",ok,757,2.6118315248084576,2.464098713738528,2.5402906208718625,2.412931191958497,1.0281624879251183,1.0212055453344693,9.883001800015336,
7ade741e35a516af985f,home,random_forest,no_dratings,"{""criterion"":""poisson"",""max_depth"":null,""max_features"":0.6,""max_samples"":null,""min_samples_leaf"":8,""n_estimators"":400}",ok,757,2.5589118341184838,2.411347966688511,2.5402906208718625,2.412931191958497,1.0073303475963038,0.9993438580945606,4.660273999994388,
4a9e7f83e396205c1d35,home,random_forest,no_dratings,"{""criterion"":""poisson"",""max_depth"":null,""max_features"":1.0,""max_samples"":null,""min_samples_leaf"":8,""n_estimators"":400}",ok,757,2.548034390619326,2.4001687619074232,2.5402906208718625,2.412931191958497,1.0030483794585698,0.9947108189020861,7.006517200003145,
46aa38bdbdaa68f60460,home,random_forest,no_dratings,"{""criterion"":""poisson"",""max_depth"":14,""max_features"":0.6,""max_samples"":null,""min_samples_leaf"":2,""n_estimators"":400}",ok,757,2.599165654201,2.442841403018273,2.5402906208718625,2.412931191958497,1.0231764951794888,1.0123957994158543,5.664732600009302,
626b53804b5de97656ff,home,random_forest,no_dratings,"{""criterion"":""poisson"",""max_depth"":14,""max_features"":1.0,""max_samples"":null,""min_samples_leaf"":2,""n_estimators"":400}",ok,757,2.6109307159003223,2.4609155788364965,2.5402906208718625,2.412931191958497,1.0278078793221759,1.0198863469617019,9.484766399982618,
3ee86ec18c3fed0a329f,home,random_forest,no_dratings,"{""criterion"":""poisson"",""max_depth"":14,""max_features"":0.6,""max_samples"":null,""min_samples_leaf"":8,""n_estimators"":400}",ok,757,2.553729367006693,2.403911688252491,2.5402906208718625,2.412931191958497,1.0052902396381003,0.9962620137134183,4.528317900025286,
fccdc3db21ac7411d14e,home,random_forest,no_dratings,"{""criterion"":""poisson"",""max_depth"":14,""max_features"":1.0,""max_samples"":null,""min_samples_leaf"":8,""n_estimators"":400}",ok,757,2.5482288007457883,2.401031229937598,2.5402906208718625,2.412931191958497,1.003124910121977,0.9950682547183451,7.028588099987246,
bf9c7ba1da4648e2c3a4,home,random_forest,no_dratings,"{""criterion"":""squared_error"",""max_depth"":null,""max_features"":0.6,""max_samples"":null,""min_samples_leaf"":2,""n_estimators"":400}",ok,757,2.752820699590528,2.610767733190677,2.5402906208718625,2.412931191958497,1.0836636867342848,1.0819901296363128,4.62727920000907,
39c1d48d44750fafdea5,home,random_forest,no_dratings,"{""criterion"":""squared_error"",""max_depth"":null,""max_features"":1.0,""max_samples"":null,""min_samples_leaf"":2,""n_estimators"":400}",ok,757,2.7764265018754384,2.634682949110572,2.5402906208718625,2.412931191958497,1.0929562464481055,1.0919014010391594,7.296558600006392,
1e3f95114ed0685f87eb,home,random_forest,no_dratings,"{""criterion"":""squared_error"",""max_depth"":null,""max_features"":0.6,""max_samples"":null,""min_samples_leaf"":8,""n_estimators"":400}",ok,757,2.568930306451444,2.412070217380444,2.5402906208718625,2.412931191958497,1.0112741767986184,0.9996431831206283,3.540022700006375,
bd8884d7c36afc4ef558,home,random_forest,no_dratings,"{""criterion"":""squared_error"",""max_depth"":null,""max_features"":1.0,""max_samples"":null,""min_samples_leaf"":8,""n_estimators"":400}",ok,757,2.5747126397441593,2.412178623869773,2.5402906208718625,2.412931191958497,1.013550425525912,0.9996881104230274,5.321253200003412,
b6c6b9b4b58d4b4b3823,home,random_forest,no_dratings,"{""criterion"":""squared_error"",""max_depth"":14,""max_features"":0.6,""max_samples"":null,""min_samples_leaf"":2,""n_estimators"":400}",ok,757,2.759520569825315,2.62070031309183,2.5402906208718625,2.412931191958497,1.086301129151203,1.086106525468177,4.375166599988006,
3f1bc3e476e42bffe86c,home,random_forest,no_dratings,"{""criterion"":""squared_error"",""max_depth"":14,""max_features"":1.0,""max_samples"":null,""min_samples_leaf"":2,""n_estimators"":400}",ok,757,2.767335677318151,2.6248392011603836,2.5402906208718625,2.412931191958497,1.089377591123162,1.087821820161348,6.497166499990271,
7d1931c39e9805cef33d,home,random_forest,no_dratings,"{""criterion"":""squared_error"",""max_depth"":14,""max_features"":0.6,""max_samples"":null,""min_samples_leaf"":8,""n_estimators"":400}",ok,757,2.57024507260745,2.4092882041354575,2.5402906208718625,2.412931191958497,1.0117917420508789,0.9984902230800529,3.4543472999939695,
e86736c57592e5c7703e,home,random_forest,no_dratings,"{""criterion"":""squared_error"",""max_depth"":14,""max_features"":1.0,""max_samples"":null,""min_samples_leaf"":8,""n_estimators"":400}",ok,757,2.5757575284952114,2.4141823282599026,2.5402906208718625,2.412931191958497,1.0139617519869346,1.0005185130456995,5.359343499992974,
417985feac6b874a721a,home,extra_trees,no_dratings,"{""criterion"":""poisson"",""max_depth"":null,""max_features"":0.6,""max_samples"":null,""min_samples_leaf"":2,""n_estimators"":400}",ok,757,2.5602444034251746,2.400262211412615,2.5402906208718625,2.412931191958497,1.0078549211611323,0.9947495475262189,2.1506388999987394,
2e2b18a157f7cdd34430,home,extra_trees,no_dratings,"{""criterion"":""poisson"",""max_depth"":null,""max_features"":1.0,""max_samples"":null,""min_samples_leaf"":2,""n_estimators"":400}",ok,757,2.5756786500597597,2.4159804761063626,2.5402906208718625,2.412931191958497,1.0139307010375653,1.0012637261095665,3.051135899993824,
5a42f9e3e1e61614f4da,home,extra_trees,no_dratings,"{""criterion"":""poisson"",""max_depth"":null,""max_features"":0.6,""max_samples"":null,""min_samples_leaf"":8,""n_estimators"":400}",ok,757,2.546620759259307,2.4071919108177617,2.5402906208718625,2.412931191958497,1.0024918953506476,0.9976214484856168,1.452851100009866,
3802cf3b726db2828d8c,home,extra_trees,no_dratings,"{""criterion"":""poisson"",""max_depth"":null,""max_features"":1.0,""max_samples"":null,""min_samples_leaf"":8,""n_estimators"":400}",ok,757,2.539965950386912,2.4000536047545125,2.5402906208718625,2.412931191958497,0.9998721915979679,0.9946630938972063,1.859368400007952,
a5fe38e34c2634114e6e,home,extra_trees,no_dratings,"{""criterion"":""poisson"",""max_depth"":14,""max_features"":0.6,""max_samples"":null,""min_samples_leaf"":2,""n_estimators"":400}",ok,757,2.5604834103415786,2.402933443616397,2.5402906208718625,2.412931191958497,1.0079490076071633,0.9958565961700776,1.7711529999796767,
bfd1b5f9ba544eacf06a,home,extra_trees,no_dratings,"{""criterion"":""poisson"",""max_depth"":14,""max_features"":1.0,""max_samples"":null,""min_samples_leaf"":2,""n_estimators"":400}",ok,757,2.5807899312552953,2.4270944507411945,2.5402906208718625,2.412931191958497,1.0159427862507846,1.0058697317312233,2.4492250999901444,
a0bb8d7f6d467f5b2346,home,extra_trees,no_dratings,"{""criterion"":""poisson"",""max_depth"":14,""max_features"":0.6,""max_samples"":null,""min_samples_leaf"":8,""n_estimators"":400}",ok,757,2.547631113087296,2.40591173924609,2.5402906208718625,2.412931191958497,1.0028896269407608,0.9970909022454512,1.41613560001133,
64ea37ebbccc37a07899,home,extra_trees,no_dratings,"{""criterion"":""poisson"",""max_depth"":14,""max_features"":1.0,""max_samples"":null,""min_samples_leaf"":8,""n_estimators"":400}",ok,757,2.5382585385735505,2.395518660778608,2.5402906208718625,2.412931191958497,0.9992000591264575,0.9927836602892286,1.78739690000657,
e430239be42a6bb63492,home,extra_trees,no_dratings,"{""criterion"":""squared_error"",""max_depth"":null,""max_features"":0.6,""max_samples"":null,""min_samples_leaf"":2,""n_estimators"":400}",ok,757,2.5831445398502866,2.418187957033939,2.5402906208718625,2.412931191958497,1.016869691454325,1.0021785805964798,2.015671300003305,
af230da2793212e91dfa,home,extra_trees,no_dratings,"{""criterion"":""squared_error"",""max_depth"":null,""max_features"":1.0,""max_samples"":null,""min_samples_leaf"":2,""n_estimators"":400}",ok,757,2.636761889035667,2.4824584419968616,2.5402906208718625,2.412931191958497,1.0379764690587625,1.028814435434411,2.8396193999797106,
582a19f9132ded08e73d,home,extra_trees,no_dratings,"{""criterion"":""squared_error"",""max_depth"":null,""max_features"":0.6,""max_samples"":null,""min_samples_leaf"":8,""n_estimators"":400}",ok,757,2.551060841071563,2.4058233285957424,2.5402906208718625,2.412931191958497,1.004239759069773,0.9970542618925716,1.4173909999954049,
0787d1a4e2d557162591,home,extra_trees,no_dratings,"{""criterion"":""squared_error"",""max_depth"":null,""max_features"":1.0,""max_samples"":null,""min_samples_leaf"":8,""n_estimators"":400}",ok,757,2.5486074769261005,2.4011021232070777,2.5402906208718625,2.412931191958497,1.0032739781763174,0.99509763527827,1.7924021999933757,
bb334a4647f07672cf0a,home,extra_trees,no_dratings,"{""criterion"":""squared_error"",""max_depth"":14,""max_features"":0.6,""max_samples"":null,""min_samples_leaf"":2,""n_estimators"":400}",ok,757,2.5841785544150473,2.415705080343277,2.5402906208718625,2.412931191958497,1.0172767372294285,1.001149592824704,1.6527959000086412,
8b14e86c82f827480fa6,home,extra_trees,no_dratings,"{""criterion"":""squared_error"",""max_depth"":14,""max_features"":1.0,""max_samples"":null,""min_samples_leaf"":2,""n_estimators"":400}",ok,757,2.618992108108372,2.4582312432770004,2.5402906208718625,2.412931191958497,1.030981292687487,1.0187738678456615,2.2293775000143796,
98564c49002a31c4fe1a,home,extra_trees,no_dratings,"{""criterion"":""squared_error"",""max_depth"":14,""max_features"":0.6,""max_samples"":null,""min_samples_leaf"":8,""n_estimators"":400}",ok,757,2.5489409227582374,2.4073579786472,2.5402906208718625,2.412931191958497,1.0034052410441943,0.9976902725905029,1.4443655000068247,
ddf6c95a10da475ed3c7,home,extra_trees,no_dratings,"{""criterion"":""squared_error"",""max_depth"":14,""max_features"":1.0,""max_samples"":null,""min_samples_leaf"":8,""n_estimators"":400}",ok,757,2.5464983079490406,2.3959611011514106,2.5402906208718625,2.412931191958497,1.002443691688728,0.9929670224896415,1.7557715000002645,
5ecda903393733c7c7d8,home,poisson_glm,no_dratings,"{""alpha"":0.0,""solver"":""lbfgs""}",ok,757,361.13716831148184,719.7807429451171,2.5402906208718625,2.412931191958497,142.16372148299104,298.30139597179925,0.7794839999987744,
48db5f78ae1d200f551c,home,poisson_glm,no_dratings,"{""alpha"":0.01,""solver"":""lbfgs""}",ok,757,2.5998363968954616,2.548201494964198,2.5402906208718625,2.412931191958497,1.0234405368954054,1.0560605720778578,0.20831350001390092,
af2654421383e2aac538,home,poisson_glm,no_dratings,"{""alpha"":0.1,""solver"":""lbfgs""}",ok,757,2.5843089422750833,2.5169054206636416,2.5402906208718625,2.412931191958497,1.0173280651597703,1.043090424232426,0.11961650001467206,
a19b4552bb4d323f2b33,home,poisson_glm,no_dratings,"{""alpha"":1.0,""solver"":""lbfgs""}",ok,757,2.5548820231582354,2.451236850369286,2.5402906208718625,2.412931191958497,1.005743989355582,1.015875155718675,0.07610499998554587,
6bbdf89669ac89ffe56b,home,poisson_glm,no_dratings,"{""alpha"":10.0,""solver"":""lbfgs""}",ok,757,2.551773467926412,2.414536583719109,2.5402906208718625,2.412931191958497,1.004520288726102,1.0006653284461497,0.0594371999904979,
f0f15af7859816234c27,home,tweedie_glm,no_dratings,"{""alpha"":0.01,""power"":1.2,""solver"":""lbfgs""}",ok,757,2.59719698979177,2.544498540902581,2.5402906208718625,2.412931191958497,1.0224015191223974,1.0545259431278249,0.18538330000592396,
a3e93757a93b73cfa170,home,tweedie_glm,no_dratings,"{""alpha"":0.1,""power"":1.2,""solver"":""lbfgs""}",ok,757,2.580279985712118,2.5096127133280723,2.5402906208718625,2.412931191958497,1.0157420432574484,1.0400680805535536,0.10777819997747429,
11930e7cf9eda5545e16,home,tweedie_glm,no_dratings,"{""alpha"":1.0,""power"":1.2,""solver"":""lbfgs""}",ok,757,2.551213101152785,2.443276004714256,2.5402906208718625,2.412931191958497,1.0042996971256672,1.0125759130044356,0.0724808000086341,
1a5c733f4f2ced98cc53,home,tweedie_glm,no_dratings,"{""alpha"":0.01,""power"":1.5,""solver"":""lbfgs""}",ok,757,2.5935332759428373,2.5395489675078857,2.5402906208718625,2.412931191958497,1.020959277113223,1.052474673115986,0.1760597999964375,
ec2d40ed1d71a5115eb3,home,tweedie_glm,no_dratings,"{""alpha"":0.1,""power"":1.5,""solver"":""lbfgs""}",ok,757,2.573713620405511,2.4984380967131283,2.5402906208718625,2.412931191958497,1.0131571558226584,1.0354369428517471,0.1057386000175029,
3deefffdff37f6c3609e,home,tweedie_glm,no_dratings,"{""alpha"":1.0,""power"":1.5,""solver"":""lbfgs""}",ok,757,2.5469080724441295,2.432743761826407,2.5402906208718625,2.412931191958497,1.0026049978368206,1.0082109966226716,0.06243920000270009,
40d4ce84f251490999c1,home,tweedie_glm,no_dratings,"{""alpha"":0.01,""power"":1.8,""solver"":""lbfgs""}",ok,757,2.5898802960879777,2.5350156028056494,2.5402906208718625,2.412931191958497,1.0195212606024957,1.0505958940122369,0.1579240999999456,
33abb3f1cb0b7ec5f5fc,home,tweedie_glm,no_dratings,"{""alpha"":0.1,""power"":1.8,""solver"":""lbfgs""}",ok,757,2.5665583319094973,2.4868418939316377,2.5402906208718625,2.412931191958497,1.01034043539027,1.030631085635372,0.09157259998028167,
cdae56518c792357e352,home,tweedie_glm,no_dratings,"{""alpha"":1.0,""power"":1.8,""solver"":""lbfgs""}",ok,757,2.5438342710288384,2.4242346824679286,2.5402906208718625,2.412931191958497,1.0013949782469218,1.0046845473866401,0.06076679998659529,
be00269ea9e514f56feb,home,lightgbm,no_dratings,"{""colsample_bytree"":0.9,""learning_rate"":0.025,""min_child_samples"":10,""n_estimators"":500,""num_leaves"":15,""objective"":""poisson"",""reg_lambda"":1.0,""subsample"":0.9,""tweedie_variance_power"":null}",ok,757,2.6064451070033336,2.5294713970555196,2.5402906208718625,2.412931191958497,1.0260420936045365,1.0482981883136215,1.2536467000027187,
1f37db47146ddcff8169,home,lightgbm,no_dratings,"{""colsample_bytree"":0.9,""learning_rate"":0.025,""min_child_samples"":30,""n_estimators"":500,""num_leaves"":15,""objective"":""poisson"",""reg_lambda"":1.0,""subsample"":0.9,""tweedie_variance_power"":null}",ok,757,2.5587722394781656,2.522695383994187,2.5402906208718625,2.412931191958497,1.0072753953639997,1.0454899801542197,1.183327000006102,
eb3ef2143f251384a9b2,home,lightgbm,no_dratings,"{""colsample_bytree"":0.9,""learning_rate"":0.025,""min_child_samples"":10,""n_estimators"":500,""num_leaves"":31,""objective"":""poisson"",""reg_lambda"":1.0,""subsample"":0.9,""tweedie_variance_power"":null}",ok,757,2.57249532434082,2.595601354274975,2.5402906208718625,2.412931191958497,1.0126775665761834,1.0757046711175426,2.4170107999816537,
f69d60ed69f41e3d96aa,home,lightgbm,no_dratings,"{""colsample_bytree"":0.9,""learning_rate"":0.025,""min_child_samples"":30,""n_estimators"":500,""num_leaves"":31,""objective"":""poisson"",""reg_lambda"":1.0,""subsample"":0.9,""tweedie_variance_power"":null}",ok,757,2.5402607932049412,2.548957444323253,2.5402906208718625,2.412931191958497,0.9999882581675198,1.0563738629672021,1.891506699990714,
ce128318d30f750b66aa,home,lightgbm,no_dratings,"{""colsample_bytree"":0.9,""learning_rate"":0.05,""min_child_samples"":10,""n_estimators"":500,""num_leaves"":15,""objective"":""poisson"",""reg_lambda"":1.0,""subsample"":0.9,""tweedie_variance_power"":null}",ok,757,2.6115797009950326,2.630249380892025,2.5402906208718625,2.412931191958497,1.028063356033926,1.090063980961321,1.2605689000047278,
f074970d17e6cc0a96ac,home,lightgbm,no_dratings,"{""colsample_bytree"":0.9,""learning_rate"":0.05,""min_child_samples"":30,""n_estimators"":500,""num_leaves"":15,""objective"":""poisson"",""reg_lambda"":1.0,""subsample"":0.9,""tweedie_variance_power"":null}",ok,757,2.574557781764519,2.6108000997767467,2.5402906208718625,2.412931191958497,1.013489464792377,1.0820035434403108,1.2119074999936856,
8516b4b70883ec8c9342,home,lightgbm,no_dratings,"{""colsample_bytree"":0.9,""learning_rate"":0.05,""min_child_samples"":10,""n_estimators"":500,""num_leaves"":31,""objective"":""poisson"",""reg_lambda"":1.0,""subsample"":0.9,""tweedie_variance_power"":null}",ok,757,2.5845244299214976,2.744066880057512,2.5402906208718625,2.412931191958497,1.0174128931100228,1.137233788183675,2.294586200005142,
d7242b33d658ba200d9d,home,lightgbm,no_dratings,"{""colsample_bytree"":0.9,""learning_rate"":0.05,""min_child_samples"":30,""n_estimators"":500,""num_leaves"":31,""objective"":""poisson"",""reg_lambda"":1.0,""subsample"":0.9,""tweedie_variance_power"":null}",ok,757,2.5640469676677444,2.668773609876796,2.5402906208718625,2.412931191958497,1.009351822425628,1.1060297196915259,1.935643800010439,
91d9ac16c2ca30bd2b11,home,lightgbm,no_dratings,"{""colsample_bytree"":0.9,""learning_rate"":0.1,""min_child_samples"":10,""n_estimators"":500,""num_leaves"":15,""objective"":""poisson"",""reg_lambda"":1.0,""subsample"":0.9,""tweedie_variance_power"":null}",ok,757,2.6103242389721197,2.75786573093676,2.5402906208718625,2.412931191958497,1.027569136194433,1.1429524969994236,1.1408273999986704,
d0600b9c81c4a6b1783b,home,lightgbm,no_dratings,"{""colsample_bytree"":0.9,""learning_rate"":0.1,""min_child_samples"":30,""n_estimators"":500,""num_leaves"":15,""objective"":""poisson"",""reg_lambda"":1.0,""subsample"":0.9,""tweedie_variance_power"":null}",ok,757,2.6049019086686513,2.7623217189891087,2.5402906208718625,2.412931191958497,1.0254346047125165,1.1447992086119219,1.1077505000284873,
5b60edab74f0f8cee48a,home,lightgbm,no_dratings,"{""colsample_bytree"":0.9,""learning_rate"":0.1,""min_child_samples"":10,""n_estimators"":500,""num_leaves"":31,""objective"":""poisson"",""reg_lambda"":1.0,""subsample"":0.9,""tweedie_variance_power"":null}",ok,757,2.6147355808034973,2.9577375787817366,2.5402906208718625,2.412931191958497,1.029305686254939,1.225786126284454,2.311193400004413,
3fa87a4c14dcc206cc01,home,lightgbm,no_dratings,"{""colsample_bytree"":0.9,""learning_rate"":0.1,""min_child_samples"":30,""n_estimators"":500,""num_leaves"":31,""objective"":""poisson"",""reg_lambda"":1.0,""subsample"":0.9,""tweedie_variance_power"":null}",ok,757,2.582193587833544,2.8215698814521515,2.5402906208718625,2.412931191958497,1.0164953437285453,1.1693536437572327,1.8864804999902844,
b5b291eceef3ebbc67b4,home,lightgbm,no_dratings,"{""colsample_bytree"":0.9,""learning_rate"":0.025,""min_child_samples"":10,""n_estimators"":500,""num_leaves"":15,""objective"":""tweedie"",""reg_lambda"":1.0,""subsample"":0.9,""tweedie_variance_power"":1.5}",ok,757,2.587277761642321,2.700333994990416,2.5402906208718625,2.412931191958497,1.0184967579632018,1.1191094068449765,1.2605006000085268,
88473cc00585032b9d37,home,lightgbm,no_dratings,"{""colsample_bytree"":0.9,""learning_rate"":0.025,""min_child_samples"":30,""n_estimators"":500,""num_leaves"":15,""objective"":""tweedie"",""reg_lambda"":1.0,""subsample"":0.9,""tweedie_variance_power"":1.5}",ok,757,2.577087822095949,2.7138578068785812,2.5402906208718625,2.412931191958497,1.0144854297070378,1.1247141302342036,1.1797441999951843,
294bd2257f059ebf36a2,home,lightgbm,no_dratings,"{""colsample_bytree"":0.9,""learning_rate"":0.025,""min_child_samples"":10,""n_estimators"":500,""num_leaves"":31,""objective"":""tweedie"",""reg_lambda"":1.0,""subsample"":0.9,""tweedie_variance_power"":1.5}",ok,757,2.6057254758033497,2.967855527259281,2.5402906208718625,2.412931191958497,1.0257588066474965,1.229979345101163,2.400654900004156,
73b4e1bb2148689b16db,home,lightgbm,no_dratings,"{""colsample_bytree"":0.9,""learning_rate"":0.025,""min_child_samples"":30,""n_estimators"":500,""num_leaves"":31,""objective"":""tweedie"",""reg_lambda"":1.0,""subsample"":0.9,""tweedie_variance_power"":1.5}",ok,757,2.5868764113461986,2.852247940907188,2.5402906208718625,2.412931191958497,1.0183387641128823,1.1820676654240239,1.9689872000017203,
1d4b184a3a17c267c01b,home,lightgbm,no_dratings,"{""colsample_bytree"":0.9,""learning_rate"":0.05,""min_child_samples"":10,""n_estimators"":500,""num_leaves"":15,""objective"":""tweedie"",""reg_lambda"":1.0,""subsample"":0.9,""tweedie_variance_power"":1.5}",ok,757,2.6042041169267462,2.9308090676405536,2.5402906208718625,2.412931191958497,1.0251599149836437,1.2146260437960157,1.2151442999893334,
72ebca3425e2894d0742,home,lightgbm,no_dratings,"{""colsample_bytree"":0.9,""learning_rate"":0.05,""min_child_samples"":30,""n_estimators"":500,""num_leaves"":15,""objective"":""tweedie"",""reg_lambda"":1.0,""subsample"":0.9,""tweedie_variance_power"":1.5}",ok,757,2.632732663435096,2.9727861613002156,2.5402906208718625,2.412931191958497,1.0363903412482411,1.232022766006561,1.161816000007093,
6a77181a5da8dc6bb4c5,home,lightgbm,no_dratings,"{""colsample_bytree"":0.9,""learning_rate"":0.05,""min_child_samples"":10,""n_estimators"":500,""num_leaves"":31,""objective"":""tweedie"",""reg_lambda"":1.0,""subsample"":0.9,""tweedie_variance_power"":1.5}",ok,757,2.6873837055659227,3.355020295631677,2.5402906208718625,2.412931191958497,1.0579040380204907,1.3904334722899898,2.464972100016894,
fcbba35f1b50706e92ad,home,lightgbm,no_dratings,"{""colsample_bytree"":0.9,""learning_rate"":0.05,""min_child_samples"":30,""n_estimators"":500,""num_leaves"":31,""objective"":""tweedie"",""reg_lambda"":1.0,""subsample"":0.9,""tweedie_variance_power"":1.5}",ok,757,2.631467340614125,3.038506354183176,2.5402906208718625,2.412931191958497,1.0358922396489303,1.259259428660674,1.965857999981381,
1885039cf7768a39e81a,home,lightgbm,no_dratings,"{""colsample_bytree"":0.9,""learning_rate"":0.1,""min_child_samples"":10,""n_estimators"":500,""num_leaves"":15,""objective"":""tweedie"",""reg_lambda"":1.0,""subsample"":0.9,""tweedie_variance_power"":1.5}",ok,757,2.731097285847707,3.3227481254222204,2.5402906208718625,2.412931191958497,1.075112140086695,1.3770587974061768,1.1889716000005137,
d3865e3c96e6f8a62d55,home,lightgbm,no_dratings,"{""colsample_bytree"":0.9,""learning_rate"":0.1,""min_child_samples"":30,""n_estimators"":500,""num_leaves"":15,""objective"":""tweedie"",""reg_lambda"":1.0,""subsample"":0.9,""tweedie_variance_power"":1.5}",ok,757,2.689989218662442,3.220215107971027,2.5402906208718625,2.412931191958497,1.0589297132228126,1.334565659685175,1.1619751999969594,
a50ad6052273ec60114c,home,lightgbm,no_dratings,"{""colsample_bytree"":0.9,""learning_rate"":0.1,""min_child_samples"":10,""n_estimators"":500,""num_leaves"":31,""objective"":""tweedie"",""reg_lambda"":1.0,""subsample"":0.9,""tweedie_variance_power"":1.5}",ok,757,2.7731960588880855,3.771407867466217,2.5402906208718625,2.412931191958497,1.0916845640032662,1.5629985140210687,2.6003105000127107,
7ade38840a3220093a3d,home,lightgbm,no_dratings,"{""colsample_bytree"":0.9,""learning_rate"":0.1,""min_child_samples"":30,""n_estimators"":500,""num_leaves"":31,""objective"":""tweedie"",""reg_lambda"":1.0,""subsample"":0.9,""tweedie_variance_power"":1.5}",ok,757,2.7145940625282186,3.350732805222958,2.5402906208718625,2.412931191958497,1.0686155513956639,1.3886565917792617,1.9984323999960907,
1c43853e7cc6658152ec,home,lightgbm,no_dratings,"{""colsample_bytree"":0.9,""learning_rate"":0.025,""min_child_samples"":10,""n_estimators"":500,""num_leaves"":15,""objective"":""regression"",""reg_lambda"":1.0,""subsample"":0.9,""tweedie_variance_power"":null}",ok,757,2.735376997516468,2.6168927282117,2.5402906208718625,2.412931191958497,1.0767968731773097,1.0845285339809685,1.2921860000060406,
ae55093787455065d802,home,lightgbm,no_dratings,"{""colsample_bytree"":0.9,""learning_rate"":0.025,""min_child_samples"":30,""n_estimators"":500,""num_leaves"":15,""objective"":""regression"",""reg_lambda"":1.0,""subsample"":0.9,""tweedie_variance_power"":null}",ok,757,2.618881316520042,2.5540091935935014,2.5402906208718625,2.412931191958497,1.0309376789421072,1.058467478105124,1.2119374000176322,
97d5e408d522bd830a40,home,lightgbm,no_dratings,"{""colsample_bytree"":0.9,""learning_rate"":0.025,""min_child_samples"":10,""n_estimators"":500,""num_leaves"":31,""objective"":""regression"",""reg_lambda"":1.0,""subsample"":0.9,""tweedie_variance_power"":null}",ok,757,2.699176067390917,2.607042734626933,2.5402906208718625,2.412931191958497,1.062546169014521,1.0804463647017144,2.501008699997328,
f084ad65640dd755dd5a,home,lightgbm,no_dratings,"{""colsample_bytree"":0.9,""learning_rate"":0.025,""min_child_samples"":30,""n_estimators"":500,""num_leaves"":31,""objective"":""regression"",""reg_lambda"":1.0,""subsample"":0.9,""tweedie_variance_power"":null}",ok,757,2.6190770193111828,2.54957960489814,2.5402906208718625,2.412931191958497,1.0310147184703928,1.056631707275801,2.0228472000162583,
eff307cbc3c7c3320d02,home,lightgbm,no_dratings,"{""colsample_bytree"":0.9,""learning_rate"":0.05,""min_child_samples"":10,""n_estimators"":500,""num_leaves"":15,""objective"":""regression"",""reg_lambda"":1.0,""subsample"":0.9,""tweedie_variance_power"":null}",ok,757,2.741412269779549,2.690701098408611,2.5402906208718625,2.412931191958497,1.079172692783733,1.1151172098797633,1.2385548999882303,
04443eda6927fa06276d,home,lightgbm,no_dratings,"{""colsample_bytree"":0.9,""learning_rate"":0.05,""min_child_samples"":30,""n_estimators"":500,""num_leaves"":15,""objective"":""regression"",""reg_lambda"":1.0,""subsample"":0.9,""tweedie_variance_power"":null}",ok,757,2.6611554735333316,2.6253120313179346,2.5402906208718625,2.412931191958497,1.0475791437674113,1.0880177769126749,1.2021986999898218,
4124cdc4cb3ed7a3b3af,home,lightgbm,no_dratings,"{""colsample_bytree"":0.9,""learning_rate"":0.05,""min_child_samples"":10,""n_estimators"":500,""num_leaves"":31,""objective"":""regression"",""reg_lambda"":1.0,""subsample"":0.9,""tweedie_variance_power"":null}",ok,757,2.706582910810002,2.6164160334213475,2.5402906208718625,2.412931191958497,1.0654619154878688,1.0843309755955737,2.4775635999976657,
aa288b52e1e16f6b0a46,home,lightgbm,no_dratings,"{""colsample_bytree"":0.9,""learning_rate"":0.05,""min_child_samples"":30,""n_estimators"":500,""num_leaves"":31,""objective"":""regression"",""reg_lambda"":1.0,""subsample"":0.9,""tweedie_variance_power"":null}",ok,757,2.6385146301939115,2.5954622461810497,2.5402906208718625,2.412931191958497,1.0386664456873589,1.0756470200355768,2.0503443999914452,
88819581ae884ec7dfbf,home,lightgbm,no_dratings,"{""colsample_bytree"":0.9,""learning_rate"":0.1,""min_child_samples"":10,""n_estimators"":500,""num_leaves"":15,""objective"":""regression"",""reg_lambda"":1.0,""subsample"":0.9,""tweedie_variance_power"":null}",ok,757,2.78807026042692,2.771510027324585,2.5402906208718625,2.412931191958497,1.0975398789096091,1.148607153225551,1.2284777000022586,
048da34dece15114cb54,home,lightgbm,no_dratings,"{""colsample_bytree"":0.9,""learning_rate"":0.1,""min_child_samples"":30,""n_estimators"":500,""num_leaves"":15,""objective"":""regression"",""reg_lambda"":1.0,""subsample"":0.9,""tweedie_variance_power"":null}",ok,757,2.6829943807291796,2.7339520427059183,2.5402906208718625,2.412931191958497,1.0561761550764373,1.1330418587224027,1.183034299989231,
d8165dd785caaf9102de,home,lightgbm,no_dratings,"{""colsample_bytree"":0.9,""learning_rate"":0.1,""min_child_samples"":10,""n_estimators"":500,""num_leaves"":31,""objective"":""regression"",""reg_lambda"":1.0,""subsample"":0.9,""tweedie_variance_power"":null}",ok,757,2.6846151371149043,2.62644732410359,2.5402906208718625,2.412931191958497,1.0568141751409166,1.0884882805016038,2.494944999984,
16307d585d19faf0726e,home,lightgbm,no_dratings,"{""colsample_bytree"":0.9,""learning_rate"":0.1,""min_child_samples"":30,""n_estimators"":500,""num_leaves"":31,""objective"":""regression"",""reg_lambda"":1.0,""subsample"":0.9,""tweedie_variance_power"":null}",ok,757,2.6663245448860984,2.668584377485759,2.5402906208718625,2.412931191958497,1.0496139784081002,1.1059512954116844,2.1076125999970827,
536b2c338a6f5e885575,home,xgboost,no_dratings,"{""colsample_bytree"":0.9,""learning_rate"":0.025,""max_depth"":3,""min_child_weight"":1.0,""n_estimators"":500,""objective"":""count:poisson"",""reg_lambda"":1.0,""subsample"":0.9,""tweedie_variance_power"":null}",ok,757,2.563692016992103,2.423151828174263,2.5402906208718625,2.412931191958497,1.0092120940525335,1.004235776075931,1.904718400008278,
70d32582e9f956ce604b,home,xgboost,no_dratings,"{""colsample_bytree"":0.9,""learning_rate"":0.025,""max_depth"":3,""min_child_weight"":5.0,""n_estimators"":500,""objective"":""count:poisson"",""reg_lambda"":1.0,""subsample"":0.9,""tweedie_variance_power"":null}",ok,757,2.5636919754184535,2.4231520533910595,2.5402906208718625,2.412931191958497,1.0092120776868276,1.0042358694133613,1.9179634999891277,
901c929e803eeba8a0fb,home,xgboost,no_dratings,"{""colsample_bytree"":0.9,""learning_rate"":0.025,""max_depth"":6,""min_child_weight"":1.0,""n_estimators"":500,""objective"":""count:poisson"",""reg_lambda"":1.0,""subsample"":0.9,""tweedie_variance_power"":null}",ok,757,2.5222588865728643,2.5038364791967496,2.5402906208718625,2.412931191958497,0.9929017041787095,1.0376742144745816,6.037860599986743,
4b70962f8237307c1e54,home,xgboost,no_dratings,"{""colsample_bytree"":0.9,""learning_rate"":0.025,""max_depth"":6,""min_child_weight"":5.0,""n_estimators"":500,""objective"":""count:poisson"",""reg_lambda"":1.0,""subsample"":0.9,""tweedie_variance_power"":null}",ok,757,2.519254501618671,2.5040526982666793,2.5402906208718625,2.412931191958497,0.9917190107776048,1.0377638229435884,5.850090600026306,
024196db3eaf2e65228e,home,xgboost,no_dratings,"{""colsample_bytree"":0.9,""learning_rate"":0.05,""max_depth"":3,""min_child_weight"":1.0,""n_estimators"":500,""objective"":""count:poisson"",""reg_lambda"":1.0,""subsample"":0.9,""tweedie_variance_power"":null}",ok,757,2.5884819437049655,2.4802460692238855,2.5402906208718625,2.412931191958497,1.0189707911516688,1.0278975536019124,1.9239107000175864,
4c092f4580efdd428596,home,xgboost,no_dratings,"{""colsample_bytree"":0.9,""learning_rate"":0.05,""max_depth"":3,""min_child_weight"":5.0,""n_estimators"":500,""objective"":""count:poisson"",""reg_lambda"":1.0,""subsample"":0.9,""tweedie_variance_power"":null}",ok,757,2.587281803473771,2.4767787533398717,2.5402906208718625,2.412931191958497,1.0184983490533774,1.026460581053516,1.9113579000113532,
382d468499f9ee0a1745,home,xgboost,no_dratings,"{""colsample_bytree"":0.9,""learning_rate"":0.05,""max_depth"":6,""min_child_weight"":1.0,""n_estimators"":500,""objective"":""count:poisson"",""reg_lambda"":1.0,""subsample"":0.9,""tweedie_variance_power"":null}",ok,757,2.5582864186880294,2.779652069057441,2.5402906208718625,2.412931191958497,1.0070841492183247,1.1519814897006195,5.6922937000053935,
709b24fc51439ee9ffcb,home,xgboost,no_dratings,"{""colsample_bytree"":0.9,""learning_rate"":0.05,""max_depth"":6,""min_child_weight"":5.0,""n_estimators"":500,""objective"":""count:poisson"",""reg_lambda"":1.0,""subsample"":0.9,""tweedie_variance_power"":null}",ok,757,2.5618762695962563,2.774102181339119,2.5402906208718625,2.412931191958497,1.0084973146564566,1.149681429202907,5.622082899993984,
3253183edd57577ae962,home,xgboost,no_dratings,"{""colsample_bytree"":0.9,""learning_rate"":0.1,""max_depth"":3,""min_child_weight"":1.0,""n_estimators"":500,""objective"":""count:poisson"",""reg_lambda"":1.0,""subsample"":0.9,""tweedie_variance_power"":null}",ok,757,2.628181557674232,2.6584063021817848,2.5402906208718625,2.412931191958497,1.0345987723137773,1.1017331580118717,1.94810109998798,
db0bbeecdb909b91f491,home,xgboost,no_dratings,"{""colsample_bytree"":0.9,""learning_rate"":0.1,""max_depth"":3,""min_child_weight"":5.0,""n_estimators"":500,""objective"":""count:poisson"",""reg_lambda"":1.0,""subsample"":0.9,""tweedie_variance_power"":null}",ok,757,2.6300041633049123,2.660434497173127,2.5402906208718625,2.412931191958497,1.0353162514934053,1.102573710365002,1.891128099989146,
4885ce725fa6e9804b16,home,xgboost,no_dratings,"{""colsample_bytree"":0.9,""learning_rate"":0.1,""max_depth"":6,""min_child_weight"":1.0,""n_estimators"":500,""objective"":""count:poisson"",""reg_lambda"":1.0,""subsample"":0.9,""tweedie_variance_power"":null}",ok,757,2.679676044963625,3.2504116206667457,2.5402906208718625,2.412931191958497,1.0548698731344068,1.347080112147124,5.518588799983263,
646d30b6ce6e0f600bf6,home,xgboost,no_dratings,"{""colsample_bytree"":0.9,""learning_rate"":0.1,""max_depth"":6,""min_child_weight"":5.0,""n_estimators"":500,""objective"":""count:poisson"",""reg_lambda"":1.0,""subsample"":0.9,""tweedie_variance_power"":null}",ok,757,2.642463743371724,3.130536743617481,2.5402906208718625,2.412931191958497,1.0402210367823168,1.2973999234004379,5.268639099987922,
17b6d26123b8b502db2e,home,xgboost,no_dratings,"{""colsample_bytree"":0.9,""learning_rate"":0.025,""max_depth"":3,""min_child_weight"":1.0,""n_estimators"":500,""objective"":""reg:tweedie"",""reg_lambda"":1.0,""subsample"":0.9,""tweedie_variance_power"":1.5}",ok,757,2.535909790501412,2.519750409217744,2.5402906208718625,2.412931191958497,0.998275460951414,1.0442694833633217,1.972380199993495,
be405fea2aa594059b1a,home,xgboost,no_dratings,"{""colsample_bytree"":0.9,""learning_rate"":0.025,""max_depth"":3,""min_child_weight"":5.0,""n_estimators"":500,""objective"":""reg:tweedie"",""reg_lambda"":1.0,""subsample"":0.9,""tweedie_variance_power"":1.5}",ok,757,2.5330615745982845,2.497612271955253,2.5402906208718625,2.412931191958497,0.9971542443946445,1.035094693242381,1.9543413000064902,
df61854c90ca89aac25d,home,xgboost,no_dratings,"{""colsample_bytree"":0.9,""learning_rate"":0.025,""max_depth"":6,""min_child_weight"":1.0,""n_estimators"":500,""objective"":""reg:tweedie"",""reg_lambda"":1.0,""subsample"":0.9,""tweedie_variance_power"":1.5}",ok,757,2.6476891581731867,3.177059907793636,2.5402906208718625,2.412931191958497,1.0422780513453471,1.3166806904323372,5.708686300000409,
af9a7b31415f623b6ce1,home,xgboost,no_dratings,"{""colsample_bytree"":0.9,""learning_rate"":0.025,""max_depth"":6,""min_child_weight"":5.0,""n_estimators"":500,""objective"":""reg:tweedie"",""reg_lambda"":1.0,""subsample"":0.9,""tweedie_variance_power"":1.5}",ok,757,2.599350979337604,2.9746448503994958,2.5402906208718625,2.412931191958497,1.023249449484434,1.2327930694057936,5.2619075999828056,
f4448b92e23459ae9911,home,xgboost,no_dratings,"{""colsample_bytree"":0.9,""learning_rate"":0.05,""max_depth"":3,""min_child_weight"":1.0,""n_estimators"":500,""objective"":""reg:tweedie"",""reg_lambda"":1.0,""subsample"":0.9,""tweedie_variance_power"":1.5}",ok,757,2.580340505354943,2.7489408997236926,2.5402906208718625,2.412931191958497,1.0157658671626062,1.139253746184311,1.9511495000042487,
a05ff41fa3dc1860f515,home,xgboost,no_dratings,"{""colsample_bytree"":0.9,""learning_rate"":0.05,""max_depth"":3,""min_child_weight"":5.0,""n_estimators"":500,""objective"":""reg:tweedie"",""reg_lambda"":1.0,""subsample"":0.9,""tweedie_variance_power"":1.5}",ok,757,2.578765802528301,2.7056913641579206,2.5402906208718625,2.412931191958497,1.0151459763462942,1.121329681167493,1.9336207000014838,
cf9f33246bb511fe71d6,home,xgboost,no_dratings,"{""colsample_bytree"":0.9,""learning_rate"":0.05,""max_depth"":6,""min_child_weight"":1.0,""n_estimators"":500,""objective"":""reg:tweedie"",""reg_lambda"":1.0,""subsample"":0.9,""tweedie_variance_power"":1.5}",ok,757,2.751420161643778,3.740579121510589,2.5402906208718625,2.412931191958497,1.0831123569237338,1.5502220427904054,5.743660399981309,
628dd93279ea7df9a234,home,xgboost,no_dratings,"{""colsample_bytree"":0.9,""learning_rate"":0.05,""max_depth"":6,""min_child_weight"":5.0,""n_estimators"":500,""objective"":""reg:tweedie"",""reg_lambda"":1.0,""subsample"":0.9,""tweedie_variance_power"":1.5}",ok,757,2.6925989142182325,3.3247724469354623,2.5402906208718625,2.412931191958497,1.05995703487426,1.3778977444594487,5.081647099985275,
1c68d061af4f7c0b2d97,home,xgboost,no_dratings,"{""colsample_bytree"":0.9,""learning_rate"":0.1,""max_depth"":3,""min_child_weight"":1.0,""n_estimators"":500,""objective"":""reg:tweedie"",""reg_lambda"":1.0,""subsample"":0.9,""tweedie_variance_power"":1.5}",ok,757,2.697688561055903,3.20197915665832,2.5402906208718625,2.412931191958497,1.0619606035981897,1.3270080669226951,1.9520678999833763,
4b44aeb4de952b02f8d4,home,xgboost,no_dratings,"{""colsample_bytree"":0.9,""learning_rate"":0.1,""max_depth"":3,""min_child_weight"":5.0,""n_estimators"":500,""objective"":""reg:tweedie"",""reg_lambda"":1.0,""subsample"":0.9,""tweedie_variance_power"":1.5}",ok,757,2.6819191575837733,3.045671662215737,2.5402906208718625,2.412931191958497,1.0557528873067688,1.2622289737751142,1.9520290000073146,
f55b9bc5798fbae1976a,home,xgboost,no_dratings,"{""colsample_bytree"":0.9,""learning_rate"":0.1,""max_depth"":6,""min_child_weight"":1.0,""n_estimators"":500,""objective"":""reg:tweedie"",""reg_lambda"":1.0,""subsample"":0.9,""tweedie_variance_power"":1.5}",ok,757,2.841780495001901,4.283472748897229,2.5402906208718625,2.412931191958497,1.1186832213814037,1.7752154571057102,5.200887699989835,
ffd1d7a460956b30a04e,home,xgboost,no_dratings,"{""colsample_bytree"":0.9,""learning_rate"":0.1,""max_depth"":6,""min_child_weight"":5.0,""n_estimators"":500,""objective"":""reg:tweedie"",""reg_lambda"":1.0,""subsample"":0.9,""tweedie_variance_power"":1.5}",ok,757,2.7984158040431564,3.9243318903689417,2.5402906208718625,2.412931191958497,1.1016124616020122,1.6263753825419656,4.83919369999785,
2deabe3db6a30ff20475,home,xgboost,no_dratings,"{""colsample_bytree"":0.9,""learning_rate"":0.025,""max_depth"":3,""min_child_weight"":1.0,""n_estimators"":500,""objective"":""reg:squarederror"",""reg_lambda"":1.0,""subsample"":0.9,""tweedie_variance_power"":null}",ok,757,2.6955996057316365,2.5425214227210677,2.5402906208718625,2.412931191958497,1.0611382743311746,1.0537065587259398,1.916643699980341,
60674ed1e942a9a44aca,home,xgboost,no_dratings,"{""colsample_bytree"":0.9,""learning_rate"":0.025,""max_depth"":3,""min_child_weight"":5.0,""n_estimators"":500,""objective"":""reg:squarederror"",""reg_lambda"":1.0,""subsample"":0.9,""tweedie_variance_power"":null}",ok,757,2.6904050466091505,2.530497652851062,2.5402906208718625,2.412931191958497,1.0590934062834774,1.0487235032993794,1.8848277000070084,
b5c00fa1a1a39235e4f0,home,xgboost,no_dratings,"{""colsample_bytree"":0.9,""learning_rate"":0.025,""max_depth"":6,""min_child_weight"":1.0,""n_estimators"":500,""objective"":""reg:squarederror"",""reg_lambda"":1.0,""subsample"":0.9,""tweedie_variance_power"":null}",ok,757,2.7028362341569627,2.5959741732358514,2.5402906208718625,2.412931191958497,1.0639870146941346,1.0758591798586616,6.321465100016212,
e5c84f06ddfa78d761b4,home,xgboost,no_dratings,"{""colsample_bytree"":0.9,""learning_rate"":0.025,""max_depth"":6,""min_child_weight"":5.0,""n_estimators"":500,""objective"":""reg:squarederror"",""reg_lambda"":1.0,""subsample"":0.9,""tweedie_variance_power"":null}",ok,757,2.735627675308419,2.621591724786104,2.5402906208718625,2.412931191958497,1.0768955539305634,1.0864759565142195,5.236670799989952,
4b03f59b8222b92d82e0,home,xgboost,no_dratings,"{""colsample_bytree"":0.9,""learning_rate"":0.05,""max_depth"":3,""min_child_weight"":1.0,""n_estimators"":500,""objective"":""reg:squarederror"",""reg_lambda"":1.0,""subsample"":0.9,""tweedie_variance_power"":null}",ok,757,2.7686199450587345,2.642297579972044,2.5402906208718625,2.412931191958497,1.0898831504989404,1.095057160675758,1.9077828000008594,
727428e676fd1569cb83,home,xgboost,no_dratings,"{""colsample_bytree"":0.9,""learning_rate"":0.05,""max_depth"":3,""min_child_weight"":5.0,""n_estimators"":500,""objective"":""reg:squarederror"",""reg_lambda"":1.0,""subsample"":0.9,""tweedie_variance_power"":null}",ok,757,2.7741343871133015,2.6582221406896305,2.5402906208718625,2.412931191958497,1.092053942300972,1.1016568352834126,1.8661291999742389,
8dab90bb29608ac7e3fa,home,xgboost,no_dratings,"{""colsample_bytree"":0.9,""learning_rate"":0.05,""max_depth"":6,""min_child_weight"":1.0,""n_estimators"":500,""objective"":""reg:squarederror"",""reg_lambda"":1.0,""subsample"":0.9,""tweedie_variance_power"":null}",ok,757,2.746605937515571,2.6626432185705915,2.5402906208718625,2.412931191958497,1.0812172099320267,1.10348907894444,5.798245100013446,
92f9e2b6adc78bd6a4d2,home,xgboost,no_dratings,"{""colsample_bytree"":0.9,""learning_rate"":0.05,""max_depth"":6,""min_child_weight"":5.0,""n_estimators"":500,""objective"":""reg:squarederror"",""reg_lambda"":1.0,""subsample"":0.9,""tweedie_variance_power"":null}",ok,757,2.754206621662629,2.6374317562143688,2.5402906208718625,2.412931191958497,1.084209262921794,1.0930405993358028,4.977212800004054,
14e9fc274d24f348cbcb,home,xgboost,no_dratings,"{""colsample_bytree"":0.9,""learning_rate"":0.1,""max_depth"":3,""min_child_weight"":1.0,""n_estimators"":500,""objective"":""reg:squarederror"",""reg_lambda"":1.0,""subsample"":0.9,""tweedie_variance_power"":null}",ok,757,2.8849677047058644,2.924147739783007,2.5402906208718625,2.412931191958497,1.1356841146450023,1.211865365049872,1.9286594000004698,
ecc81e44502cca35ced3,home,xgboost,no_dratings,"{""colsample_bytree"":0.9,""learning_rate"":0.1,""max_depth"":3,""min_child_weight"":5.0,""n_estimators"":500,""objective"":""reg:squarederror"",""reg_lambda"":1.0,""subsample"":0.9,""tweedie_variance_power"":null}",ok,757,2.879424579471074,2.8628280337515535,2.5402906208718625,2.412931191958497,1.1335020315442554,1.1864524124402775,1.8508479000010993,
3bf007354a54e8bf93ff,home,xgboost,no_dratings,"{""colsample_bytree"":0.9,""learning_rate"":0.1,""max_depth"":6,""min_child_weight"":1.0,""n_estimators"":500,""objective"":""reg:squarederror"",""reg_lambda"":1.0,""subsample"":0.9,""tweedie_variance_power"":null}",ok,757,2.7480365185945477,2.6579366438192884,2.5402906208718625,2.412931191958497,1.0817803663942136,1.101538515759303,5.599736200005282,
db2c2c8cad4e02f769fe,home,xgboost,no_dratings,"{""colsample_bytree"":0.9,""learning_rate"":0.1,""max_depth"":6,""min_child_weight"":5.0,""n_estimators"":500,""objective"":""reg:squarederror"",""reg_lambda"":1.0,""subsample"":0.9,""tweedie_variance_power"":null}",ok,757,2.818905164417534,2.7881606558610827,2.5402906208718625,2.412931191958497,1.10967821604996,1.155507734805328,4.667233000014676,
a4ae1011e23eeb92d0dd,home,hist_gradient_boosting,no_dratings_prob,"{""l2_regularization"":0.0,""learning_rate"":0.025,""loss"":""poisson"",""max_iter"":300,""max_leaf_nodes"":15,""min_samples_leaf"":10}",ok,757,2.5913192545134116,2.5153084980231566,2.5402906208718625,2.412931191958497,1.0200877148552536,1.04242860567506,1.9798575000022538,
29852e66134fb8055ba0,home,hist_gradient_boosting,no_dratings_prob,"{""l2_regularization"":5.0,""learning_rate"":0.025,""loss"":""poisson"",""max_iter"":300,""max_leaf_nodes"":15,""min_samples_leaf"":10}",ok,757,2.558547389756778,2.4970151506911313,2.5402906208718625,2.412931191958497,1.0071868819791372,1.0348472260679702,2.067429999995511,
1c375ab42dd7e0f19ffd,home,hist_gradient_boosting,no_dratings_prob,"{""l2_regularization"":0.0,""learning_rate"":0.025,""loss"":""poisson"",""max_iter"":300,""max_leaf_nodes"":15,""min_samples_leaf"":30}",ok,757,2.5603311300292084,2.5298445082086958,2.5402906208718625,2.412931191958497,1.0078890615871612,1.0484528181490762,1.872418499988271,
da9ae30663d64514eb2e,home,hist_gradient_boosting,no_dratings_prob,"{""l2_regularization"":5.0,""learning_rate"":0.025,""loss"":""poisson"",""max_iter"":300,""max_leaf_nodes"":15,""min_samples_leaf"":30}",ok,757,2.555103041480473,2.517185675900225,2.5402906208718625,2.412931191958497,1.005830994488153,1.0432065714468668,1.8742330000095535,
1f735ba9a2ca8cf31819,home,hist_gradient_boosting,no_dratings_prob,"{""l2_regularization"":0.0,""learning_rate"":0.025,""loss"":""poisson"",""max_iter"":300,""max_leaf_nodes"":31,""min_samples_leaf"":10}",ok,757,2.5759028675152655,2.642865733916691,2.5402906208718625,2.412931191958497,1.0140189655273302,1.0952926228168005,3.735192099993583,
400f57fed0ed2164aa4e,home,hist_gradient_boosting,no_dratings_prob,"{""l2_regularization"":5.0,""learning_rate"":0.025,""loss"":""poisson"",""max_iter"":300,""max_leaf_nodes"":31,""min_samples_leaf"":10}",ok,757,2.559269210131505,2.588320161767608,2.5402906208718625,2.412931191958497,1.0074710307173944,1.072687099571519,3.7240549999987707,
c153fb5f9aef56ff7078,home,hist_gradient_boosting,no_dratings_prob,"{""l2_regularization"":0.0,""learning_rate"":0.025,""loss"":""poisson"",""max_iter"":300,""max_leaf_nodes"":31,""min_samples_leaf"":30}",ok,757,2.5693656191185337,2.6216331051651145,2.5402906208718625,2.412931191958497,1.0114455401314248,1.0864931059377707,2.9788996999850497,
93cd03723535830b0d4d,home,hist_gradient_boosting,no_dratings_prob,"{""l2_regularization"":5.0,""learning_rate"":0.025,""loss"":""poisson"",""max_iter"":300,""max_leaf_nodes"":31,""min_samples_leaf"":30}",ok,757,2.5425786519321165,2.5876258895563016,2.5402906208718625,2.412931191958497,1.0009006965744214,1.0723993697706773,2.9364157999807503,
89a72c266a9ed93d5b8c,home,hist_gradient_boosting,no_dratings_prob,"{""l2_regularization"":0.0,""learning_rate"":0.05,""loss"":""poisson"",""max_iter"":300,""max_leaf_nodes"":15,""min_samples_leaf"":10}",ok,757,2.574508143702765,2.593666677991539,2.5402906208718625,2.412931191958497,1.0134699244841359,1.074902876068482,1.986740499996813,
f87c37e67c68d4a36fe4,home,hist_gradient_boosting,no_dratings_prob,"{""l2_regularization"":5.0,""learning_rate"":0.05,""loss"":""poisson"",""max_iter"":300,""max_leaf_nodes"":15,""min_samples_leaf"":10}",ok,757,2.578838315207081,2.5957878282752027,2.5402906208718625,2.412931191958497,1.0151745213789707,1.0757819522272771,2.1763312999974005,
dac0c855574975cfc770,home,hist_gradient_boosting,no_dratings_prob,"{""l2_regularization"":0.0,""learning_rate"":0.05,""loss"":""poisson"",""max_iter"":300,""max_leaf_nodes"":15,""min_samples_leaf"":30}",ok,757,2.579451874598066,2.6209295881963715,2.5402906208718625,2.412931191958497,1.0154160525588851,1.0862015447979056,1.8247239000047557,
fbd1152356c21a838920,home,hist_gradient_boosting,no_dratings_prob,"{""l2_regularization"":5.0,""learning_rate"":0.05,""loss"":""poisson"",""max_iter"":300,""max_leaf_nodes"":15,""min_samples_leaf"":30}",ok,757,2.5649949581910914,2.6061269641696416,2.5402906208718625,2.412931191958497,1.009725004342515,1.0800668385634047,1.8633816999790724,
f73724f9002799e36206,home,hist_gradient_boosting,no_dratings_prob,"{""l2_regularization"":0.0,""learning_rate"":0.05,""loss"":""poisson"",""max_iter"":300,""max_leaf_nodes"":31,""min_samples_leaf"":10}",ok,757,2.5998050098115764,2.827477647692657,2.5402906208718625,2.412931191958497,1.0234281811894765,1.171802021174788,3.631137599993963,
9675177d95aa552306d5,home,hist_gradient_boosting,no_dratings_prob,"{""l2_regularization"":5.0,""learning_rate"":0.05,""loss"":""poisson"",""max_iter"":300,""max_leaf_nodes"":31,""min_samples_leaf"":10}",ok,757,2.565270502639856,2.7379736275935116,2.5402906208718625,2.412931191958497,1.0098334739981127,1.1347085390243508,3.6786871000076644,
01a1dec1aa4701a8c7d9,home,hist_gradient_boosting,no_dratings_prob,"{""l2_regularization"":0.0,""learning_rate"":0.05,""loss"":""poisson"",""max_iter"":300,""max_leaf_nodes"":31,""min_samples_leaf"":30}",ok,757,2.556060502211558,2.7432286095800773,2.5402906208718625,2.412931191958497,1.006207904406734,1.1368863806487117,2.9157066000043415,
38e2c1f13b0bc22d9dd7,home,hist_gradient_boosting,no_dratings_prob,"{""l2_regularization"":5.0,""learning_rate"":0.05,""loss"":""poisson"",""max_iter"":300,""max_leaf_nodes"":31,""min_samples_leaf"":30}",ok,757,2.5547222521721737,2.696484841619809,2.5402906208718625,2.412931191958497,1.0056810945888381,1.117514187974486,2.9138299000042025,
9664c81c8b08d1deb6d4,home,hist_gradient_boosting,no_dratings_prob,"{""l2_regularization"":0.0,""learning_rate"":0.1,""loss"":""poisson"",""max_iter"":300,""max_leaf_nodes"":15,""min_samples_leaf"":10}",ok,757,2.6060677512891064,2.786732139881713,2.5402906208718625,2.412931191958497,1.0258935453592581,1.154915709643512,1.9118834999972023,
a3dc05a6d21e33266412,home,hist_gradient_boosting,no_dratings_prob,"{""l2_regularization"":5.0,""learning_rate"":0.1,""loss"":""poisson"",""max_iter"":300,""max_leaf_nodes"":15,""min_samples_leaf"":10}",ok,757,2.613280688297872,2.7787648904067934,2.5402906208718625,2.412931191958497,1.0287329594599528,1.1516138129705062,1.9834867999888957,
8d82bbb2fb6fd7ae43e3,home,hist_gradient_boosting,no_dratings_prob,"{""l2_regularization"":0.0,""learning_rate"":0.1,""loss"":""poisson"",""max_iter"":300,""max_leaf_nodes"":15,""min_samples_leaf"":30}",ok,757,2.6390230299350543,2.8816006848596887,2.5402906208718625,2.412931191958497,1.0388665801668415,1.1942324316843813,1.873749200021848,
38246c53f51b6546058d,home,hist_gradient_boosting,no_dratings_prob,"{""l2_regularization"":5.0,""learning_rate"":0.1,""loss"":""poisson"",""max_iter"":300,""max_leaf_nodes"":15,""min_samples_leaf"":30}",ok,757,2.6129662815824632,2.783693768400244,2.5402906208718625,2.412931191958497,1.0286091914497788,1.1536565061106492,1.802343599993037,
a779d898e70ec3c85b76,home,hist_gradient_boosting,no_dratings_prob,"{""l2_regularization"":0.0,""learning_rate"":0.1,""loss"":""poisson"",""max_iter"":300,""max_leaf_nodes"":31,""min_samples_leaf"":10}",ok,757,2.649800702601872,3.09654088788073,2.5402906208718625,2.412931191958497,1.0431092729431186,1.2833108951471464,3.5740250000089873,
f0f13d98a44bd5e1c39c,home,hist_gradient_boosting,no_dratings_prob,"{""l2_regularization"":5.0,""learning_rate"":0.1,""loss"":""poisson"",""max_iter"":300,""max_leaf_nodes"":31,""min_samples_leaf"":10}",ok,757,2.621714736485387,2.917200756537795,2.5402906208718625,2.412931191958497,1.0320530709929476,1.208986301084698,3.8539622999960557,
68b599b6c0d5f73405db,home,hist_gradient_boosting,no_dratings_prob,"{""l2_regularization"":0.0,""learning_rate"":0.1,""loss"":""poisson"",""max_iter"":300,""max_leaf_nodes"":31,""min_samples_leaf"":30}",ok,757,2.6307494780054097,2.918028154693937,2.5402906208718625,2.412931191958497,1.0356096489080058,1.2093292027633284,3.024039400013862,
5a02e58009f45ddbf3d4,home,hist_gradient_boosting,no_dratings_prob,"{""l2_regularization"":5.0,""learning_rate"":0.1,""loss"":""poisson"",""max_iter"":300,""max_leaf_nodes"":31,""min_samples_leaf"":30}",ok,757,2.6067633119272378,2.9355597939393503,2.5402906208718625,2.412931191958497,1.0261673568013099,1.2165949048703095,2.916940600000089,
f43f515493c68418f867,home,hist_gradient_boosting,no_dratings_prob,"{""l2_regularization"":0.0,""learning_rate"":0.025,""loss"":""squared_error"",""max_iter"":300,""max_leaf_nodes"":15,""min_samples_leaf"":10}",ok,757,2.685332129639322,2.566190501406607,2.5402906208718625,2.412931191958497,1.0570964233681575,1.063515822564221,2.0135728000022937,
9dce154d413e57e12d7d,home,hist_gradient_boosting,no_dratings_prob,"{""l2_regularization"":5.0,""learning_rate"":0.025,""loss"":""squared_error"",""max_iter"":300,""max_leaf_nodes"":15,""min_samples_leaf"":10}",ok,757,2.5868117299440225,2.4495672911760873,2.5402906208718625,2.412931191958497,1.0183133019072415,1.0151832341260647,2.1304088000033516,
e3ddfd92c5f23e965b16,home,hist_gradient_boosting,no_dratings_prob,"{""l2_regularization"":0.0,""learning_rate"":0.025,""loss"":""squared_error"",""max_iter"":300,""max_leaf_nodes"":15,""min_samples_leaf"":30}",ok,757,2.595984625695327,2.486386350470838,2.5402906208718625,2.412931191958497,1.0219242650293099,1.0304422930737283,1.871048000000883,
a690b5900679405e1ede,home,hist_gradient_boosting,no_dratings_prob,"{""l2_regularization"":5.0,""learning_rate"":0.025,""loss"":""squared_error"",""max_iter"":300,""max_leaf_nodes"":15,""min_samples_leaf"":30}",ok,757,2.5809199530871787,2.489804265868901,2.5402906208718625,2.412931191958497,1.0159939700920408,1.0318587923959857,1.8467374999891035,
69e9816f65e144d13db5,home,hist_gradient_boosting,no_dratings_prob,"{""l2_regularization"":0.0,""learning_rate"":0.025,""loss"":""squared_error"",""max_iter"":300,""max_leaf_nodes"":31,""min_samples_leaf"":10}",ok,757,2.688369025106474,2.5795438337572065,2.5402906208718625,2.412931191958497,1.0582919147195013,1.0690498934880424,3.726682599983178,
ae49dbfe938af2375f83,home,hist_gradient_boosting,no_dratings_prob,"{""l2_regularization"":5.0,""learning_rate"":0.025,""loss"":""squared_error"",""max_iter"":300,""max_leaf_nodes"":31,""min_samples_leaf"":10}",ok,757,2.6122406840364194,2.518519838799197,2.5402906208718625,2.412931191958497,1.0283235558063284,1.0437594935125345,3.926600300008431,
21f4d7b791a941a03a53,home,hist_gradient_boosting,no_dratings_prob,"{""l2_regularization"":0.0,""learning_rate"":0.025,""loss"":""squared_error"",""max_iter"":300,""max_leaf_nodes"":31,""min_samples_leaf"":30}",ok,757,2.6070178312761447,2.535520452515282,2.5402906208718625,2.412931191958497,1.0262675498055338,1.0508051207449822,2.934672999981558,
2794b6253b8b9dad33dd,home,hist_gradient_boosting,no_dratings_prob,"{""l2_regularization"":5.0,""learning_rate"":0.025,""loss"":""squared_error"",""max_iter"":300,""max_leaf_nodes"":31,""min_samples_leaf"":30}",ok,757,2.6151200980113254,2.5337933188311754,2.5402906208718625,2.412931191958497,1.0294570536633247,1.0500893383431207,3.0824054999975488,
64a3236c63e6b4102e5c,home,hist_gradient_boosting,no_dratings_prob,"{""l2_regularization"":0.0,""learning_rate"":0.05,""loss"":""squared_error"",""max_iter"":300,""max_leaf_nodes"":15,""min_samples_leaf"":10}",ok,757,2.697484643221658,2.600042773913764,2.5402906208718625,2.412931191958497,1.0618803301709803,1.0775453450885164,1.9516511999827344,
1e0f124e957b1e13c120,home,hist_gradient_boosting,no_dratings_prob,"{""l2_regularization"":5.0,""learning_rate"":0.05,""loss"":""squared_error"",""max_iter"":300,""max_leaf_nodes"":15,""min_samples_leaf"":10}",ok,757,2.615299706559623,2.5224741119101,2.5402906208718625,2.412931191958497,1.029527757600434,1.0453982775458635,2.032533499994315,
71f176ff82c98657f3c6,home,hist_gradient_boosting,no_dratings_prob,"{""l2_regularization"":0.0,""learning_rate"":0.05,""loss"":""squared_error"",""max_iter"":300,""max_leaf_nodes"":15,""min_samples_leaf"":30}",ok,757,2.61149048403386,2.538699960919252,2.5402906208718625,2.412931191958497,1.0280282352644992,1.0521228161747425,1.821235000010347,
73fe26446bb2a08c0555,home,hist_gradient_boosting,no_dratings_prob,"{""l2_regularization"":5.0,""learning_rate"":0.05,""loss"":""squared_error"",""max_iter"":300,""max_leaf_nodes"":15,""min_samples_leaf"":30}",ok,757,2.6155123757888545,2.514030978656872,2.5402906208718625,2.412931191958497,1.0296114760645674,1.0418991585981843,1.82088990000193,
5accc06fdf4bcc942216,home,hist_gradient_boosting,no_dratings_prob,"{""l2_regularization"":0.0,""learning_rate"":0.05,""loss"":""squared_error"",""max_iter"":300,""max_leaf_nodes"":31,""min_samples_leaf"":10}",ok,757,2.7163681855507975,2.63697494137078,2.5402906208718625,2.412931191958497,1.0693139451180207,1.0928512798702867,3.560266899992712,
3904e26469887a4e118e,home,hist_gradient_boosting,no_dratings_prob,"{""l2_regularization"":5.0,""learning_rate"":0.05,""loss"":""squared_error"",""max_iter"":300,""max_leaf_nodes"":31,""min_samples_leaf"":10}",ok,757,2.644307633953828,2.578152946717191,2.5402906208718625,2.412931191958497,1.040946894905381,1.0684734630267634,3.828507800004445,
322037386d16eb4e842d,home,hist_gradient_boosting,no_dratings_prob,"{""l2_regularization"":0.0,""learning_rate"":0.05,""loss"":""squared_error"",""max_iter"":300,""max_leaf_nodes"":31,""min_samples_leaf"":30}",ok,757,2.634022587415325,2.5914505207232517,2.5402906208718625,2.412931191958497,1.036898127235258,1.0739844258135915,2.9522236000047997,
be2099608ef3a38e4493,home,hist_gradient_boosting,no_dratings_prob,"{""l2_regularization"":5.0,""learning_rate"":0.05,""loss"":""squared_error"",""max_iter"":300,""max_leaf_nodes"":31,""min_samples_leaf"":30}",ok,757,2.6331311442397975,2.564101301620636,2.5402906208718625,2.412931191958497,1.0365472055067741,1.0626499877683786,2.942905299976701,
eab63e8bfe8d9ede4d1b,home,hist_gradient_boosting,no_dratings_prob,"{""l2_regularization"":0.0,""learning_rate"":0.1,""loss"":""squared_error"",""max_iter"":300,""max_leaf_nodes"":15,""min_samples_leaf"":10}",ok,757,2.703700781209438,2.6428180008241617,2.5402906208718625,2.412931191958497,1.0643273486092275,1.0952728406146854,1.9751811000169255,
c02c7c87b11f3537338f,home,hist_gradient_boosting,no_dratings_prob,"{""l2_regularization"":5.0,""learning_rate"":0.1,""loss"":""squared_error"",""max_iter"":300,""max_leaf_nodes"":15,""min_samples_leaf"":10}",ok,757,2.677140501382067,2.623675095642056,2.5402906208718625,2.412931191958497,1.0538717418337102,1.0873393756050314,2.028711499995552,
9323ff31c0f776c2b76b,home,hist_gradient_boosting,no_dratings_prob,"{""l2_regularization"":0.0,""learning_rate"":0.1,""loss"":""squared_error"",""max_iter"":300,""max_leaf_nodes"":15,""min_samples_leaf"":30}",ok,757,2.6874887199417183,2.6546315901778232,2.5402906208718625,2.412931191958497,1.0579453775329593,1.10016879015234,1.8587644000072032,
03745a59a79e6e0ac73f,home,hist_gradient_boosting,no_dratings_prob,"{""l2_regularization"":5.0,""learning_rate"":0.1,""loss"":""squared_error"",""max_iter"":300,""max_leaf_nodes"":15,""min_samples_leaf"":30}",ok,757,2.7098374214599747,2.705634768796851,2.5402906208718625,2.412931191958497,1.0667430723063966,1.1213062261426427,1.8626294000132475,
857b4549a71f0766aa05,home,hist_gradient_boosting,no_dratings_prob,"{""l2_regularization"":0.0,""learning_rate"":0.1,""loss"":""squared_error"",""max_iter"":300,""max_leaf_nodes"":31,""min_samples_leaf"":10}",ok,757,2.7231792525131375,2.647220840284473,2.5402906208718625,2.412931191958497,1.0719951607657021,1.0970975256595736,3.778124799981015,
9d6468c140b86605fdb8,home,hist_gradient_boosting,no_dratings_prob,"{""l2_regularization"":5.0,""learning_rate"":0.1,""loss"":""squared_error"",""max_iter"":300,""max_leaf_nodes"":31,""min_samples_leaf"":10}",ok,757,2.6472492881100465,2.57615695121883,2.5402906208718625,2.412931191958497,1.0421048939673974,1.0676462552286243,3.848082400014391,
80393ea9f74f99844a35,home,hist_gradient_boosting,no_dratings_prob,"{""l2_regularization"":0.0,""learning_rate"":0.1,""loss"":""squared_error"",""max_iter"":300,""max_leaf_nodes"":31,""min_samples_leaf"":30}",ok,757,2.6409933789967472,2.5932797247678367,2.5402906208718625,2.412931191958497,1.0396422193970556,1.0747425096125334,3.061339300009422,
9cbec56a415eba6257a6,home,hist_gradient_boosting,no_dratings_prob,"{""l2_regularization"":5.0,""learning_rate"":0.1,""loss"":""squared_error"",""max_iter"":300,""max_leaf_nodes"":31,""min_samples_leaf"":30}",ok,757,2.6407182325031253,2.630433928281299,2.5402906208718625,2.412931191958497,1.0395339063987863,1.090140463618551,2.9015756999724545,
549b74b2b9a392baddf8,home,random_forest,no_dratings_prob,"{""criterion"":""poisson"",""max_depth"":null,""max_features"":0.6,""max_samples"":null,""min_samples_leaf"":2,""n_estimators"":400}",ok,757,2.5939926576788177,2.4525390255844135,2.5402906208718625,2.412931191958497,1.0211401153733048,1.0164148210101955,7.255068800004665,
0def61732ed30d037038,home,random_forest,no_dratings_prob,"{""criterion"":""poisson"",""max_depth"":null,""max_features"":1.0,""max_samples"":null,""min_samples_leaf"":2,""n_estimators"":400}",ok,757,2.587645549886835,2.4462686058288945,2.5402906208718625,2.412931191958497,1.0186415399190505,1.0138161477548553,10.360221999988426,
303cdd273944b31442f9,home,random_forest,no_dratings_prob,"{""criterion"":""poisson"",""max_depth"":null,""max_features"":0.6,""max_samples"":null,""min_samples_leaf"":8,""n_estimators"":400}",ok,757,2.5543366076028646,2.4065921068806486,2.5402906208718625,2.412931191958497,1.005529283388127,0.9973728695211141,4.91741899997578,
390ed21decb4436efe10,home,random_forest,no_dratings_prob,"{""criterion"":""poisson"",""max_depth"":null,""max_features"":1.0,""max_samples"":null,""min_samples_leaf"":8,""n_estimators"":400}",ok,757,2.549657133892325,2.3995419766721007,2.5402906208718625,2.412931191958497,1.0036871816726418,0.9944510579783551,7.844370600010734,
5d36d05b4cf890837218,home,random_forest,no_dratings_prob,"{""criterion"":""poisson"",""max_depth"":14,""max_features"":0.6,""max_samples"":null,""min_samples_leaf"":2,""n_estimators"":400}",ok,757,2.5833799454011315,2.438927749682159,2.5402906208718625,2.412931191958497,1.0169623602021096,1.0107738495860554,5.970696500007762,
3cc1ff6e237bddfc9416,home,random_forest,no_dratings_prob,"{""criterion"":""poisson"",""max_depth"":14,""max_features"":1.0,""max_samples"":null,""min_samples_leaf"":2,""n_estimators"":400}",ok,757,2.5898587866934304,2.4462325825384332,2.5402906208718625,2.412931191958497,1.0195127933057342,1.013801218489329,9.772963499999605,
fbd34ae5ebe39bd33553,home,random_forest,no_dratings_prob,"{""criterion"":""poisson"",""max_depth"":14,""max_features"":0.6,""max_samples"":null,""min_samples_leaf"":8,""n_estimators"":400}",ok,757,2.5497058232262724,2.404749104373878,2.5402906208718625,2.412931191958497,1.0037063485087303,0.9966090671744443,4.7706329000066034,
42a350bcbdb677736491,home,random_forest,no_dratings_prob,"{""criterion"":""poisson"",""max_depth"":14,""max_features"":1.0,""max_samples"":null,""min_samples_leaf"":8,""n_estimators"":400}",ok,757,2.5487601149830743,2.3980640711371306,2.5402906208718625,2.412931191958497,1.0033340650245384,0.9938385641203058,7.399596400005976,
77701edd65071483a8cd,home,random_forest,no_dratings_prob,"{""criterion"":""squared_error"",""max_depth"":null,""max_features"":0.6,""max_samples"":null,""min_samples_leaf"":2,""n_estimators"":400}",ok,757,2.7207529494118834,2.5713701212491875,2.5402906208718625,2.412931191958497,1.0710400326077982,1.065662431576464,4.757791699987138,
e6a0aced052fe5645134,home,random_forest,no_dratings_prob,"{""criterion"":""squared_error"",""max_depth"":null,""max_features"":1.0,""max_samples"":null,""min_samples_leaf"":2,""n_estimators"":400}",ok,757,2.739205946226092,2.5984062586739807,2.5402906208718625,2.412931191958497,1.0783041608388724,1.0768671180237592,7.514806799998041,
d277dcf05d49a9f6d098,home,random_forest,no_dratings_prob,"{""criterion"":""squared_error"",""max_depth"":null,""max_features"":0.6,""max_samples"":null,""min_samples_leaf"":8,""n_estimators"":400}",ok,757,2.572039996644685,2.418378238166488,2.5402906208718625,2.412931191958497,1.0124983242121823,1.002257439510146,3.695688700012397,
67f80c4adcfe9b690e89,home,random_forest,no_dratings_prob,"{""criterion"":""squared_error"",""max_depth"":null,""max_features"":1.0,""max_samples"":null,""min_samples_leaf"":8,""n_estimators"":400}",ok,757,2.5646251481306273,2.407913942720959,2.5402906208718625,2.412931191958497,1.0095794264871996,0.9979206828382595,5.708777099993313,
45f0980a4fd7db6e5ba0,home,random_forest,no_dratings_prob,"{""criterion"":""squared_error"",""max_depth"":14,""max_features"":0.6,""max_samples"":null,""min_samples_leaf"":2,""n_estimators"":400}",ok,757,2.7125865929270216,2.5622788155933,2.5402906208718625,2.412931191958497,1.067825299451771,1.0618946881421771,4.543906500010053,
4abf492d8fe952f09c84,home,random_forest,no_dratings_prob,"{""criterion"":""squared_error"",""max_depth"":14,""max_features"":1.0,""max_samples"":null,""min_samples_leaf"":2,""n_estimators"":400}",ok,757,2.7316811464489867,2.5936975506183235,2.5402906208718625,2.412931191958497,1.0753419801673858,1.074915670725407,6.977431300008902,
786fbbc824bbefe9dafa,home,random_forest,no_dratings_prob,"{""criterion"":""squared_error"",""max_depth"":14,""max_features"":0.6,""max_samples"":null,""min_samples_leaf"":8,""n_estimators"":400}",ok,757,2.5697321969406124,2.415535797050921,2.5402906208718625,2.412931191958497,1.0115898455975265,1.001079436123626,3.6385936999868136,
9800310c4aad27cb72f0,home,random_forest,no_dratings_prob,"{""criterion"":""squared_error"",""max_depth"":14,""max_features"":1.0,""max_samples"":null,""min_samples_leaf"":8,""n_estimators"":400}",ok,757,2.565140199558286,2.4080919147708904,2.5402906208718625,2.412931191958497,1.0097821794413013,0.9979944404532817,5.411857500002952,
f4efdb4a9a71980855ed,home,extra_trees,no_dratings_prob,"{""criterion"":""poisson"",""max_depth"":null,""max_features"":0.6,""max_samples"":null,""min_samples_leaf"":2,""n_estimators"":400}",ok,757,2.5526726774253197,2.4120815802100233,2.5402906208718625,2.412931191958497,1.0048742677124114,0.9996478922601253,2.2421813999826554,
27f4f2849e39664f87a7,home,extra_trees,no_dratings_prob,"{""criterion"":""poisson"",""max_depth"":null,""max_features"":1.0,""max_samples"":null,""min_samples_leaf"":2,""n_estimators"":400}",ok,757,2.5655998288461137,2.418096236154609,2.5402906208718625,2.412931191958497,1.0099631151515902,1.0021405683731577,3.1311900000146125,
6ac7ca2f4d41b1fe2737,home,extra_trees,no_dratings_prob,"{""criterion"":""poisson"",""max_depth"":null,""max_features"":0.6,""max_samples"":null,""min_samples_leaf"":8,""n_estimators"":400}",ok,757,2.5430080225415415,2.403349447599544,2.5402906208718625,2.412931191958497,1.0010697207820838,0.9960290022397299,1.5499650999845471,
27781647daa3f8a96e13,home,extra_trees,no_dratings_prob,"{""criterion"":""poisson"",""max_depth"":null,""max_features"":1.0,""max_samples"":null,""min_samples_leaf"":8,""n_estimators"":400}",ok,757,2.551615707537718,2.412568315041203,2.5402906208718625,2.412931191958497,1.0044581854425652,0.9998496115767813,1.8966059999947902,
4de8c9ba780f74ff8820,home,extra_trees,no_dratings_prob,"{""criterion"":""poisson"",""max_depth"":14,""max_features"":0.6,""max_samples"":null,""min_samples_leaf"":2,""n_estimators"":400}",ok,757,2.547793093457109,2.4035993107644575,2.5402906208718625,2.412931191958497,1.0029533914441142,0.9961325539554797,1.816587500012247,
4c2106568d15200ea021,home,extra_trees,no_dratings_prob,"{""criterion"":""poisson"",""max_depth"":14,""max_features"":1.0,""max_samples"":null,""min_samples_leaf"":2,""n_estimators"":400}",ok,757,2.581838592038255,2.44120595937121,2.5402906208718625,2.412931191958497,1.0163555975938425,1.0117180164552324,2.48894520002068,
fa049bbf338005964c98,home,extra_trees,no_dratings_prob,"{""criterion"":""poisson"",""max_depth"":14,""max_features"":0.6,""max_samples"":null,""min_samples_leaf"":8,""n_estimators"":400}",ok,757,2.543197227297269,2.4010876238363807,2.5402906208718625,2.412931191958497,1.00114420232139,0.9950916262504348,1.4415042000182439,
3b38bd14a5cbd03fb5a9,home,extra_trees,no_dratings_prob,"{""criterion"":""poisson"",""max_depth"":14,""max_features"":1.0,""max_samples"":null,""min_samples_leaf"":8,""n_estimators"":400}",ok,757,2.548808606426023,2.407447505642848,2.5402906208718625,2.412931191958497,1.003353153959698,0.997727375594495,1.840831600013189,
b3348790ee3b8fdbc300,home,extra_trees,no_dratings_prob,"{""criterion"":""squared_error"",""max_depth"":null,""max_features"":0.6,""max_samples"":null,""min_samples_leaf"":2,""n_estimators"":400}",ok,757,2.576613473740043,2.428286687271565,2.5402906208718625,2.412931191958497,1.0142986997510206,1.0063638347269257,2.0900596999854315,
23cd791c807b08079d0d,home,extra_trees,no_dratings_prob,"{""criterion"":""squared_error"",""max_depth"":null,""max_features"":1.0,""max_samples"":null,""min_samples_leaf"":2,""n_estimators"":400}",ok,757,2.6137619257302216,2.460432464562002,2.5402906208718625,2.412931191958497,1.028922401340498,1.0196861281257465,2.9638369000167586,
dc95726d2b9bdc10b90f,home,extra_trees,no_dratings_prob,"{""criterion"":""squared_error"",""max_depth"":null,""max_features"":0.6,""max_samples"":null,""min_samples_leaf"":8,""n_estimators"":400}",ok,757,2.551903863820274,2.4084934932761812,2.5402906208718625,2.412931191958497,1.0045716198190053,0.9981608681187821,1.437169399985578,
174197e1acf846815223,home,extra_trees,no_dratings_prob,"{""criterion"":""squared_error"",""max_depth"":null,""max_features"":1.0,""max_samples"":null,""min_samples_leaf"":8,""n_estimators"":400}",ok,757,2.5528230432334453,2.40759376345977,2.5402906208718625,2.412931191958497,1.0049334600768165,0.9977879897626112,1.8311726999818347,
ee25cf08b50443690831,home,extra_trees,no_dratings_prob,"{""criterion"":""squared_error"",""max_depth"":14,""max_features"":0.6,""max_samples"":null,""min_samples_leaf"":2,""n_estimators"":400}",ok,757,2.5713041620427917,2.417745431833626,2.5402906208718625,2.412931191958497,1.0122086586928722,1.001995183240688,1.7276858999975957,
6dec3445a348b0143ca8,home,extra_trees,no_dratings_prob,"{""criterion"":""squared_error"",""max_depth"":14,""max_features"":1.0,""max_samples"":null,""min_samples_leaf"":2,""n_estimators"":400}",ok,757,2.6053420061196775,2.4401223482383005,2.5402906208718625,2.412931191958497,1.025607851603014,1.0112689314848358,2.3558311999950092,
e7658159ddb82c1e9013,home,extra_trees,no_dratings_prob,"{""criterion"":""squared_error"",""max_depth"":14,""max_features"":0.6,""max_samples"":null,""min_samples_leaf"":8,""n_estimators"":400}",ok,757,2.5541351939669212,2.41389258790772,2.5402906208718625,2.412931191958497,1.005449995752969,1.0003984348797126,1.3935277999844402,
4d2a0993a13d1793a0d4,home,extra_trees,no_dratings_prob,"{""criterion"":""squared_error"",""max_depth"":14,""max_features"":1.0,""max_samples"":null,""min_samples_leaf"":8,""n_estimators"":400}",ok,757,2.5574200822727864,2.4131551822357875,2.5402906208718625,2.412931191958497,1.006743110910296,1.000092829119221,1.7751893999811728,
f02f6c97b806c2d3fe12,home,poisson_glm,no_dratings_prob,"{""alpha"":0.0,""solver"":""lbfgs""}",ok,757,48.967011017367476,95.41684021087384,2.5402906208718625,2.412931191958497,19.27614526268704,39.543954062538816,1.191396399983205,
0ad11f74018db8f1e96f,home,poisson_glm,no_dratings_prob,"{""alpha"":0.01,""solver"":""lbfgs""}",ok,757,2.5851534098377966,2.5288561962251785,2.5402906208718625,2.412931191958497,1.017660494668337,1.0480432283577008,0.208794999984093,
e5e77d0a2c65890e139a,home,poisson_glm,no_dratings_prob,"{""alpha"":0.1,""solver"":""lbfgs""}",ok,757,2.5702442687836453,2.4986926129148626,2.5402906208718625,2.412931191958497,1.011791425621019,1.0355424229427594,0.12903350000851788,
275f0525d4e22ae5c4f7,home,poisson_glm,no_dratings_prob,"{""alpha"":1.0,""solver"":""lbfgs""}",ok,757,2.545630043799661,2.433572652404816,2.5402906208718625,2.412931191958497,1.0021018945170792,1.0085545168113828,0.08099600000423379,
ba96fbe3ef16b8523610,home,poisson_glm,no_dratings_prob,"{""alpha"":10.0,""solver"":""lbfgs""}",ok,757,2.5472876856651414,2.4031865913251234,2.5402906208718625,2.412931191958497,1.0027544347626167,0.9959615091114702,0.06220030001713894,
b79c62b0d33ee1a78de8,home,tweedie_glm,no_dratings_prob,"{""alpha"":0.01,""power"":1.2,""solver"":""lbfgs""}",ok,757,2.583652254910948,2.526811154207441,2.5402906208718625,2.412931191958497,1.017069556405402,1.0471956940290996,0.1738805999921169,
cf6659287c35371ceb21,home,tweedie_glm,no_dratings_prob,"{""alpha"":0.1,""power"":1.2,""solver"":""lbfgs""}",ok,757,2.567063227350122,2.4925022594059607,2.5402906208718625,2.412931191958497,1.0105391903817174,1.0329769318381923,0.11310570000205189,
dfdda3ed10c319c915f4,home,tweedie_glm,no_dratings_prob,"{""alpha"":1.0,""power"":1.2,""solver"":""lbfgs""}",ok,757,2.5421429526596246,2.4260579037969268,2.5402906208718625,2.412931191958497,1.0007291810521768,1.0054401517466294,0.0721808000234887,
1029330944d7e99299c1,home,tweedie_glm,no_dratings_prob,"{""alpha"":0.01,""power"":1.5,""solver"":""lbfgs""}",ok,757,2.5817990041179324,2.524719935202457,2.5402906208718625,2.412931191958497,1.0163400135815261,1.0463290224008521,0.1572773999942001,
e9a713dca6bd409b1e19,home,tweedie_glm,no_dratings_prob,"{""alpha"":0.1,""power"":1.5,""solver"":""lbfgs""}",ok,757,2.5621979412810165,2.4828989436155218,2.5402906208718625,2.412931191958497,1.008623942563562,1.0289969941497727,0.10117030001129024,
b9730926b930c714020b,home,tweedie_glm,no_dratings_prob,"{""alpha"":1.0,""power"":1.5,""solver"":""lbfgs""}",ok,757,2.538079644064035,2.4163972567675263,2.5402906208718625,2.412931191958497,0.9991296362748179,1.0014364540607625,0.06948190002003685,
30504458904487a72e06,home,tweedie_glm,no_dratings_prob,"{""alpha"":0.01,""power"":1.8,""solver"":""lbfgs""}",ok,757,2.5803103542655292,2.5234997049741006,2.5402906208718625,2.412931191958497,1.0157539980130035,1.0458233178733367,0.1522054999950342,
fec53c510dd4367e54a1,home,tweedie_glm,no_dratings_prob,"{""alpha"":0.1,""power"":1.8,""solver"":""lbfgs""}",ok,757,2.5567866571728537,2.4726159221879396,2.5402906208718625,2.412931191958497,1.0064937594799013,1.024735363539728,0.09409060000325553,
600c5127e57b885a35a7,home,tweedie_glm,no_dratings_prob,"{""alpha"":1.0,""power"":1.8,""solver"":""lbfgs""}",ok,757,2.5360732999669233,2.4090510082234142,2.5402906208718625,2.412931191958497,0.9983398273920754,0.9983919211007698,0.06451560001005419,
304d95604eb3e44a7e2b,home,lightgbm,no_dratings_prob,"{""colsample_bytree"":0.9,""learning_rate"":0.025,""min_child_samples"":10,""n_estimators"":500,""num_leaves"":15,""objective"":""poisson"",""reg_lambda"":1.0,""subsample"":0.9,""tweedie_variance_power"":null}",ok,757,2.583483984351297,2.482371456724082,2.5402906208718625,2.412931191958497,1.0170033157326739,1.02877838580603,1.3890315000026021,
785c85c880b0b02ecd97,home,lightgbm,no_dratings_prob,"{""colsample_bytree"":0.9,""learning_rate"":0.025,""min_child_samples"":30,""n_estimators"":500,""num_leaves"":15,""objective"":""poisson"",""reg_lambda"":1.0,""subsample"":0.9,""tweedie_variance_power"":null}",ok,757,2.539219068728689,2.47827838270236,2.5402906208718625,2.412931191958497,0.9995781773414548,1.0270820779977663,1.3489963999891188,
8e70effe4b1ee8861d82,home,lightgbm,no_dratings_prob,"{""colsample_bytree"":0.9,""learning_rate"":0.025,""min_child_samples"":10,""n_estimators"":500,""num_leaves"":31,""objective"":""poisson"",""reg_lambda"":1.0,""subsample"":0.9,""tweedie_variance_power"":null}",ok,757,2.5445288241113886,2.5357782862678686,2.5402906208718625,2.412931191958497,1.0016683930589294,1.0509119757408667,2.5940611000114586,
2810ce0622cff231eaac,home,lightgbm,no_dratings_prob,"{""colsample_bytree"":0.9,""learning_rate"":0.025,""min_child_samples"":30,""n_estimators"":500,""num_leaves"":31,""objective"":""poisson"",""reg_lambda"":1.0,""subsample"":0.9,""tweedie_variance_power"":null}",ok,757,2.5282468741869035,2.536506722081293,2.5402906208718625,2.412931191958497,0.9952589099113291,1.0512138640897148,1.9868253000022378,
41619a16587553240583,home,lightgbm,no_dratings_prob,"{""colsample_bytree"":0.9,""learning_rate"":0.05,""min_child_samples"":10,""n_estimators"":500,""num_leaves"":15,""objective"":""poisson"",""reg_lambda"":1.0,""subsample"":0.9,""tweedie_variance_power"":null}",ok,757,2.5894306977319803,2.5872309739624697,2.5402906208718625,2.412931191958497,1.0193442736261618,1.0722357034402208,1.274161200009985,
fe9a2707faf7f5cb5fca,home,lightgbm,no_dratings_prob,"{""colsample_bytree"":0.9,""learning_rate"":0.05,""min_child_samples"":30,""n_estimators"":500,""num_leaves"":15,""objective"":""poisson"",""reg_lambda"":1.0,""subsample"":0.9,""tweedie_variance_power"":null}",ok,757,2.5351373619449036,2.539289350968308,2.5402906208718625,2.412931191958497,0.9979713900115923,1.0523670792730937,1.1937808000075165,
6f8666265394bdd0d279,home,lightgbm,no_dratings_prob,"{""colsample_bytree"":0.9,""learning_rate"":0.05,""min_child_samples"":10,""n_estimators"":500,""num_leaves"":31,""objective"":""poisson"",""reg_lambda"":1.0,""subsample"":0.9,""tweedie_variance_power"":null}",ok,757,2.550092068660454,2.6774253606193525,2.5402906208718625,2.412931191958497,1.003858396243351,1.1096152967570427,2.4085139999806415,
6c3df63a93e9910696ad,home,lightgbm,no_dratings_prob,"{""colsample_bytree"":0.9,""learning_rate"":0.05,""min_child_samples"":30,""n_estimators"":500,""num_leaves"":31,""objective"":""poisson"",""reg_lambda"":1.0,""subsample"":0.9,""tweedie_variance_power"":null}",ok,757,2.5418472398085274,2.6447265865991816,2.5402906208718625,2.412931191958497,1.0006127719891083,1.0960638228778268,2.011657800001558,
d0959ff940b54c9ff20a,home,lightgbm,no_dratings_prob,"{""colsample_bytree"":0.9,""learning_rate"":0.1,""min_child_samples"":10,""n_estimators"":500,""num_leaves"":15,""objective"":""poisson"",""reg_lambda"":1.0,""subsample"":0.9,""tweedie_variance_power"":null}",ok,757,2.583285090631321,2.6818015061839784,2.5402906208718625,2.412931191958497,1.0169250200769164,1.111428918951994,1.2111364000011235,
86a021de73007f03978d,home,lightgbm,no_dratings_prob,"{""colsample_bytree"":0.9,""learning_rate"":0.1,""min_child_samples"":30,""n_estimators"":500,""num_leaves"":15,""objective"":""poisson"",""reg_lambda"":1.0,""subsample"":0.9,""tweedie_variance_power"":null}",ok,757,2.5615478776959937,2.6981704069690813,2.5402906208718625,2.412931191958497,1.0083680412979028,1.1182127430575692,1.1825542000005953,
4cfe197ec7818ff769e9,home,lightgbm,no_dratings_prob,"{""colsample_bytree"":0.9,""learning_rate"":0.1,""min_child_samples"":10,""n_estimators"":500,""num_leaves"":31,""objective"":""poisson"",""reg_lambda"":1.0,""subsample"":0.9,""tweedie_variance_power"":null}",ok,757,2.601566284169621,2.908507529632812,2.5402906208718625,2.412931191958497,1.0241215169612081,1.2053835348997548,2.4423262999916915,
45f18d94a8ffca3f922f,home,lightgbm,no_dratings_prob,"{""colsample_bytree"":0.9,""learning_rate"":0.1,""min_child_samples"":30,""n_estimators"":500,""num_leaves"":31,""objective"":""poisson"",""reg_lambda"":1.0,""subsample"":0.9,""tweedie_variance_power"":null}",ok,757,2.561415295129838,2.758104477775428,2.5402906208718625,2.412931191958497,1.008315849408886,1.143051441734965,2.021559899993008,
7230ad5d4506b78dd1eb,home,lightgbm,no_dratings_prob,"{""colsample_bytree"":0.9,""learning_rate"":0.025,""min_child_samples"":10,""n_estimators"":500,""num_leaves"":15,""objective"":""tweedie"",""reg_lambda"":1.0,""subsample"":0.9,""tweedie_variance_power"":1.5}",ok,757,2.5868118755962084,2.6648029493453134,2.5402906208718625,2.412931191958497,1.0183133592440612,1.1043841441588644,1.247331899998244,
4bc7f9f75c5c67547a2e,home,lightgbm,no_dratings_prob,"{""colsample_bytree"":0.9,""learning_rate"":0.025,""min_child_samples"":30,""n_estimators"":500,""num_leaves"":15,""objective"":""tweedie"",""reg_lambda"":1.0,""subsample"":0.9,""tweedie_variance_power"":1.5}",ok,757,2.5342356492532008,2.639157565615431,2.5402906208718625,2.412931191958497,0.9976164256290552,1.0937558329101433,1.210609099973226,
1205d109b5e698254237,home,lightgbm,no_dratings_prob,"{""colsample_bytree"":0.9,""learning_rate"":0.025,""min_child_samples"":10,""n_estimators"":500,""num_leaves"":31,""objective"":""tweedie"",""reg_lambda"":1.0,""subsample"":0.9,""tweedie_variance_power"":1.5}",ok,757,2.5840714442992163,2.9006351036940625,2.5402906208718625,2.412931191958497,1.0172345727168521,1.202120936295623,2.5107030000071973,
6d0fcf1c3adf768e37bf,home,lightgbm,no_dratings_prob,"{""colsample_bytree"":0.9,""learning_rate"":0.025,""min_child_samples"":30,""n_estimators"":500,""num_leaves"":31,""objective"":""tweedie"",""reg_lambda"":1.0,""subsample"":0.9,""tweedie_variance_power"":1.5}",ok,757,2.5812715345444714,2.8217162236907116,2.5402906208718625,2.412931191958497,1.0161323721529718,1.1694142929125206,2.0394440999953076,
a5ffa515bfddc79ff91b,home,lightgbm,no_dratings_prob,"{""colsample_bytree"":0.9,""learning_rate"":0.05,""min_child_samples"":10,""n_estimators"":500,""num_leaves"":15,""objective"":""tweedie"",""reg_lambda"":1.0,""subsample"":0.9,""tweedie_variance_power"":1.5}",ok,757,2.6405056434718253,2.974288430713074,2.5402906208718625,2.412931191958497,1.0394502195050295,1.2326453570766525,1.2295892999973148,
45fd27cee1ec39aa35ef,home,lightgbm,no_dratings_prob,"{""colsample_bytree"":0.9,""learning_rate"":0.05,""min_child_samples"":30,""n_estimators"":500,""num_leaves"":15,""objective"":""tweedie"",""reg_lambda"":1.0,""subsample"":0.9,""tweedie_variance_power"":1.5}",ok,757,2.5867872099078326,2.847817320065025,2.5402906208718625,2.412931191958497,1.0183036494540973,1.1802314668382836,1.1965148999879602,
c4ce461c1082bf567b7e,home,lightgbm,no_dratings_prob,"{""colsample_bytree"":0.9,""learning_rate"":0.05,""min_child_samples"":10,""n_estimators"":500,""num_leaves"":31,""objective"":""tweedie"",""reg_lambda"":1.0,""subsample"":0.9,""tweedie_variance_power"":1.5}",ok,757,2.662685117860165,3.1587072499042415,2.5402906208718625,2.412931191958497,1.0481812970463573,1.30907473053155,2.7130117999913637,
105bf1e8d2696b425a51,home,lightgbm,no_dratings_prob,"{""colsample_bytree"":0.9,""learning_rate"":0.05,""min_child_samples"":30,""n_estimators"":500,""num_leaves"":31,""objective"":""tweedie"",""reg_lambda"":1.0,""subsample"":0.9,""tweedie_variance_power"":1.5}",ok,757,2.61642221714364,2.9760164937393907,2.5402906208718625,2.412931191958497,1.0299696403420362,1.233361524629244,2.028435800020816,
912f8abec532c88fad3f,home,lightgbm,no_dratings_prob,"{""colsample_bytree"":0.9,""learning_rate"":0.1,""min_child_samples"":10,""n_estimators"":500,""num_leaves"":15,""objective"":""tweedie"",""reg_lambda"":1.0,""subsample"":0.9,""tweedie_variance_power"":1.5}",ok,757,2.6569355568807658,3.209438168044028,2.5402906208718625,2.412931191958497,1.0459179493285178,1.3300993326042723,1.22647570000845,
f326a9cc1cc6e5daa195,home,lightgbm,no_dratings_prob,"{""colsample_bytree"":0.9,""learning_rate"":0.1,""min_child_samples"":30,""n_estimators"":500,""num_leaves"":15,""objective"":""tweedie"",""reg_lambda"":1.0,""subsample"":0.9,""tweedie_variance_power"":1.5}",ok,757,2.6718537151120767,3.159127860827883,2.5402906208718625,2.412931191958497,1.0517905680394395,1.3092490458725938,1.177622799994424,
cd7ec5222dc8dc4d4ed9,home,lightgbm,no_dratings_prob,"{""colsample_bytree"":0.9,""learning_rate"":0.1,""min_child_samples"":10,""n_estimators"":500,""num_leaves"":31,""objective"":""tweedie"",""reg_lambda"":1.0,""subsample"":0.9,""tweedie_variance_power"":1.5}",ok,757,2.766842396933891,3.6267532174820545,2.5402906208718625,2.412931191958497,1.0891834084653955,1.5030487523095666,2.518805200001225,
32c0fb5e366aa256deaf,home,lightgbm,no_dratings_prob,"{""colsample_bytree"":0.9,""learning_rate"":0.1,""min_child_samples"":30,""n_estimators"":500,""num_leaves"":31,""objective"":""tweedie"",""reg_lambda"":1.0,""subsample"":0.9,""tweedie_variance_power"":1.5}",ok,757,2.6867268776599196,3.319556038335972,2.5402906208718625,2.412931191958497,1.0576454739410084,1.3757358889465876,2.0289761000021826,
adc832efcb2de9697f61,home,lightgbm,no_dratings_prob,"{""colsample_bytree"":0.9,""learning_rate"":0.025,""min_child_samples"":10,""n_estimators"":500,""num_leaves"":15,""objective"":""regression"",""reg_lambda"":1.0,""subsample"":0.9,""tweedie_variance_power"":null}",ok,757,2.684188958811321,2.582991449114084,2.5402906208718625,2.412931191958497,1.0566464076027924,1.0704787014741,1.3415699999895878,
f984473070165feb1300,home,lightgbm,no_dratings_prob,"{""colsample_bytree"":0.9,""learning_rate"":0.025,""min_child_samples"":30,""n_estimators"":500,""num_leaves"":15,""objective"":""regression"",""reg_lambda"":1.0,""subsample"":0.9,""tweedie_variance_power"":null}",ok,757,2.594584942603438,2.505849482177507,2.5402906208718625,2.412931191958497,1.021373271737287,1.0385084707465657,1.2599449999979697,
8243cf68997d3a073253,home,lightgbm,no_dratings_prob,"{""colsample_bytree"":0.9,""learning_rate"":0.025,""min_child_samples"":10,""n_estimators"":500,""num_leaves"":31,""objective"":""regression"",""reg_lambda"":1.0,""subsample"":0.9,""tweedie_variance_power"":null}",ok,757,2.6645256468973066,2.543682198157478,2.5402906208718625,2.412931191958497,1.048905831877931,1.0541876231840888,2.6298872999905143,
0dd254617c95dc294b4b,home,lightgbm,no_dratings_prob,"{""colsample_bytree"":0.9,""learning_rate"":0.025,""min_child_samples"":30,""n_estimators"":500,""num_leaves"":31,""objective"":""regression"",""reg_lambda"":1.0,""subsample"":0.9,""tweedie_variance_power"":null}",ok,757,2.6337445726211306,2.5645273135819484,2.5402906208718625,2.412931191958497,1.0367886851139865,1.0628265414814444,2.1039511999988463,
2097edd509b58a8e999e,home,lightgbm,no_dratings_prob,"{""colsample_bytree"":0.9,""learning_rate"":0.05,""min_child_samples"":10,""n_estimators"":500,""num_leaves"":15,""objective"":""regression"",""reg_lambda"":1.0,""subsample"":0.9,""tweedie_variance_power"":null}",ok,757,2.737407162286648,2.686417250902243,2.5402906208718625,2.412931191958497,1.0775960592048843,1.1133418391105327,1.3260389000060968,
ee1918a62df9ad8f01d2,home,lightgbm,no_dratings_prob,"{""colsample_bytree"":0.9,""learning_rate"":0.05,""min_child_samples"":30,""n_estimators"":500,""num_leaves"":15,""objective"":""regression"",""reg_lambda"":1.0,""subsample"":0.9,""tweedie_variance_power"":null}",ok,757,2.642466131904046,2.5786419512424135,2.5402906208718625,2.412931191958497,1.0402219770417904,1.0686761229811177,1.2370036999927834,
87e80c7b9e3bb8efa30b,home,lightgbm,no_dratings_prob,"{""colsample_bytree"":0.9,""learning_rate"":0.05,""min_child_samples"":10,""n_estimators"":500,""num_leaves"":31,""objective"":""regression"",""reg_lambda"":1.0,""subsample"":0.9,""tweedie_variance_power"":null}",ok,757,2.7013168528486053,2.617417801050997,2.5402906208718625,2.412931191958497,1.0633889015113855,1.0847461418601518,2.6473779999942053,
4b9f1b91f99eaa09302f,home,lightgbm,no_dratings_prob,"{""colsample_bytree"":0.9,""learning_rate"":0.05,""min_child_samples"":30,""n_estimators"":500,""num_leaves"":31,""objective"":""regression"",""reg_lambda"":1.0,""subsample"":0.9,""tweedie_variance_power"":null}",ok,757,2.6654178604593586,2.6235678328235363,2.5402906208718625,2.412931191958497,1.049257056873497,1.0872949222783566,2.148044100002153,
2ba33842b75cea24a8e8,home,lightgbm,no_dratings_prob,"{""colsample_bytree"":0.9,""learning_rate"":0.1,""min_child_samples"":10,""n_estimators"":500,""num_leaves"":15,""objective"":""regression"",""reg_lambda"":1.0,""subsample"":0.9,""tweedie_variance_power"":null}",ok,757,2.7516266530963125,2.7040159036124667,2.5402906208718625,2.412931191958497,1.0831936434705713,1.120635313855637,1.3124753999873064,
71e47e1c94c88d501817,home,lightgbm,no_dratings_prob,"{""colsample_bytree"":0.9,""learning_rate"":0.1,""min_child_samples"":30,""n_estimators"":500,""num_leaves"":15,""objective"":""regression"",""reg_lambda"":1.0,""subsample"":0.9,""tweedie_variance_power"":null}",ok,757,2.6894833844810373,2.689589709056275,2.5402906208718625,2.412931191958497,1.0587305886906633,1.1146566126791304,1.24993849999737,
f84a0f5c7d2b3b0f2db2,home,lightgbm,no_dratings_prob,"{""colsample_bytree"":0.9,""learning_rate"":0.1,""min_child_samples"":10,""n_estimators"":500,""num_leaves"":31,""objective"":""regression"",""reg_lambda"":1.0,""subsample"":0.9,""tweedie_variance_power"":null}",ok,757,2.687559857810897,2.6605115249617026,2.5402906208718625,2.412931191958497,1.057973381363936,1.102605633276369,2.986837500007823,
37e439fa69fdc21ecf14,home,lightgbm,no_dratings_prob,"{""colsample_bytree"":0.9,""learning_rate"":0.1,""min_child_samples"":30,""n_estimators"":500,""num_leaves"":31,""objective"":""regression"",""reg_lambda"":1.0,""subsample"":0.9,""tweedie_variance_power"":null}",ok,757,2.6903274790361245,2.675586260175373,2.5402906208718625,2.412931191958497,1.0590628713626347,1.1088531115566902,2.1835659999924246,
3a74b8d5d2df64072347,home,xgboost,no_dratings_prob,"{""colsample_bytree"":0.9,""learning_rate"":0.025,""max_depth"":3,""min_child_weight"":1.0,""n_estimators"":500,""objective"":""count:poisson"",""reg_lambda"":1.0,""subsample"":0.9,""tweedie_variance_power"":null}",ok,757,2.5567213027606392,2.411801555368701,2.5402906208718625,2.412931191958497,1.0064680323399917,0.9995318405292447,1.9090412000077777,
8a718bcdfd1d6c016ec7,home,xgboost,no_dratings_prob,"{""colsample_bytree"":0.9,""learning_rate"":0.025,""max_depth"":3,""min_child_weight"":5.0,""n_estimators"":500,""objective"":""count:poisson"",""reg_lambda"":1.0,""subsample"":0.9,""tweedie_variance_power"":null}",ok,757,2.5563893526044517,2.411479297104604,2.5402906208718625,2.412931191958497,1.0063373582535464,0.9993982858447303,1.932255099993199,
ca8319e7cc35f1c9a6a3,home,xgboost,no_dratings_prob,"{""colsample_bytree"":0.9,""learning_rate"":0.025,""max_depth"":6,""min_child_weight"":1.0,""n_estimators"":500,""objective"":""count:poisson"",""reg_lambda"":1.0,""subsample"":0.9,""tweedie_variance_power"":null}",ok,757,2.5102917348062976,2.4980819777438317,2.5402906208718625,2.412931191958497,0.9881907661197958,1.0352893551499165,6.146183300006669,
7b178a7e5a0aa14c0822,home,xgboost,no_dratings_prob,"{""colsample_bytree"":0.9,""learning_rate"":0.025,""max_depth"":6,""min_child_weight"":5.0,""n_estimators"":500,""objective"":""count:poisson"",""reg_lambda"":1.0,""subsample"":0.9,""tweedie_variance_power"":null}",ok,757,2.5111342720500387,2.4927319980971943,2.5402906208718625,2.412931191958497,0.9885224357472071,1.0330721432938688,6.035729700000957,
e3bcabf7d89f8048cb15,home,xgboost,no_dratings_prob,"{""colsample_bytree"":0.9,""learning_rate"":0.05,""max_depth"":3,""min_child_weight"":1.0,""n_estimators"":500,""objective"":""count:poisson"",""reg_lambda"":1.0,""subsample"":0.9,""tweedie_variance_power"":null}",ok,757,2.571927626192806,2.466520440951976,2.5402906208718625,2.412931191958497,1.0124540889380937,1.0222091907021942,1.9274288000015076,
9eb4b854dfa0448b53cc,home,xgboost,no_dratings_prob,"{""colsample_bytree"":0.9,""learning_rate"":0.05,""max_depth"":3,""min_child_weight"":5.0,""n_estimators"":500,""objective"":""count:poisson"",""reg_lambda"":1.0,""subsample"":0.9,""tweedie_variance_power"":null}",ok,757,2.5746828271974187,2.4694757362073707,2.5402906208718625,2.412931191958497,1.0135386896455778,1.0234339646473625,1.9482572000124492,
5b67bed933ade6d86751,home,xgboost,no_dratings_prob,"{""colsample_bytree"":0.9,""learning_rate"":0.05,""max_depth"":6,""min_child_weight"":1.0,""n_estimators"":500,""objective"":""count:poisson"",""reg_lambda"":1.0,""subsample"":0.9,""tweedie_variance_power"":null}",ok,757,2.5592546088219947,2.807665224516812,2.5402906208718625,2.412931191958497,1.007465282828003,1.1635910853462514,6.017370699992171,
d5d7695e57fadbb858df,home,xgboost,no_dratings_prob,"{""colsample_bytree"":0.9,""learning_rate"":0.05,""max_depth"":6,""min_child_weight"":5.0,""n_estimators"":500,""objective"":""count:poisson"",""reg_lambda"":1.0,""subsample"":0.9,""tweedie_variance_power"":null}",ok,757,2.561665303326031,2.7831830910126145,2.5402906208718625,2.412931191958497,1.0084142665719218,1.1534448641917534,6.151555100019323,
081270798cb974df8147,home,xgboost,no_dratings_prob,"{""colsample_bytree"":0.9,""learning_rate"":0.1,""max_depth"":3,""min_child_weight"":1.0,""n_estimators"":500,""objective"":""count:poisson"",""reg_lambda"":1.0,""subsample"":0.9,""tweedie_variance_power"":null}",ok,757,2.5865992241523066,2.615741877980088,2.5402906208718625,2.412931191958497,1.0182296477812252,1.0840515828621604,1.936843500006944,
e14a91067b77c822fd3a,home,xgboost,no_dratings_prob,"{""colsample_bytree"":0.9,""learning_rate"":0.1,""max_depth"":3,""min_child_weight"":5.0,""n_estimators"":500,""objective"":""count:poisson"",""reg_lambda"":1.0,""subsample"":0.9,""tweedie_variance_power"":null}",ok,757,2.5934144233302994,2.634305967043813,2.5402906208718625,2.412931191958497,1.0209124900993432,1.091745166966669,1.9841648000001442,
a1ef1756421404366b90,home,xgboost,no_dratings_prob,"{""colsample_bytree"":0.9,""learning_rate"":0.1,""max_depth"":6,""min_child_weight"":1.0,""n_estimators"":500,""objective"":""count:poisson"",""reg_lambda"":1.0,""subsample"":0.9,""tweedie_variance_power"":null}",ok,757,2.6707678996272572,3.342643965366692,2.5402906208718625,2.412931191958497,1.051363130534495,1.3853043039547173,5.765125999983866,
a272873e79f303c8ffa5,home,xgboost,no_dratings_prob,"{""colsample_bytree"":0.9,""learning_rate"":0.1,""max_depth"":6,""min_child_weight"":5.0,""n_estimators"":500,""objective"":""count:poisson"",""reg_lambda"":1.0,""subsample"":0.9,""tweedie_variance_power"":null}",ok,757,2.6453837157083155,3.192734609659626,2.5402906208718625,2.412931191958497,1.0413705006714482,1.323176815111826,5.669006199983414,
a1e15ba22d5dbb24b879,home,xgboost,no_dratings_prob,"{""colsample_bytree"":0.9,""learning_rate"":0.025,""max_depth"":3,""min_child_weight"":1.0,""n_estimators"":500,""objective"":""reg:tweedie"",""reg_lambda"":1.0,""subsample"":0.9,""tweedie_variance_power"":1.5}",ok,757,2.5536236014989755,2.535300191611484,2.5402906208718625,2.412931191958497,1.0052486044382343,1.0507138372038134,2.0201489999890327,
2db6bc27dfdcedd6699c,home,xgboost,no_dratings_prob,"{""colsample_bytree"":0.9,""learning_rate"":0.025,""max_depth"":3,""min_child_weight"":5.0,""n_estimators"":500,""objective"":""reg:tweedie"",""reg_lambda"":1.0,""subsample"":0.9,""tweedie_variance_power"":1.5}",ok,757,2.527301373066014,2.482003678282897,2.5402906208718625,2.412931191958497,0.9948867079620243,1.0286259660261328,1.9978237000177614,
0e62676fed1e20983250,home,xgboost,no_dratings_prob,"{""colsample_bytree"":0.9,""learning_rate"":0.025,""max_depth"":6,""min_child_weight"":1.0,""n_estimators"":500,""objective"":""reg:tweedie"",""reg_lambda"":1.0,""subsample"":0.9,""tweedie_variance_power"":1.5}",ok,757,2.618225539218797,3.0752814660387013,2.5402906208718625,2.412931191958497,1.030679528439225,1.2745002743085252,6.348576599993976,
c0992e4822a3093388c5,home,xgboost,no_dratings_prob,"{""colsample_bytree"":0.9,""learning_rate"":0.025,""max_depth"":6,""min_child_weight"":5.0,""n_estimators"":500,""objective"":""reg:tweedie"",""reg_lambda"":1.0,""subsample"":0.9,""tweedie_variance_power"":1.5}",ok,757,2.586495204047451,2.917041299375367,2.5402906208718625,2.412931191958497,1.0181886996692255,1.2089202166629958,5.6415012999786995,
c105d5004fff14181599,home,xgboost,no_dratings_prob,"{""colsample_bytree"":0.9,""learning_rate"":0.05,""max_depth"":3,""min_child_weight"":1.0,""n_estimators"":500,""objective"":""reg:tweedie"",""reg_lambda"":1.0,""subsample"":0.9,""tweedie_variance_power"":1.5}",ok,757,2.6278713608512474,2.808369625793308,2.5402906208718625,2.412931191958497,1.0344766615519472,1.16388301297305,1.9518856999929994,
e45256cbc612c6f29caa,home,xgboost,no_dratings_prob,"{""colsample_bytree"":0.9,""learning_rate"":0.05,""max_depth"":3,""min_child_weight"":5.0,""n_estimators"":500,""objective"":""reg:tweedie"",""reg_lambda"":1.0,""subsample"":0.9,""tweedie_variance_power"":1.5}",ok,757,2.5755060468671185,2.7024270634133947,2.5402906208718625,2.412931191958497,1.0138627547989645,1.1199768449343652,1.9674439999798778,
d8fa1d35bf9f2384d52a,home,xgboost,no_dratings_prob,"{""colsample_bytree"":0.9,""learning_rate"":0.05,""max_depth"":6,""min_child_weight"":1.0,""n_estimators"":500,""objective"":""reg:tweedie"",""reg_lambda"":1.0,""subsample"":0.9,""tweedie_variance_power"":1.5}",ok,757,2.7336150043628016,3.6799775341239593,2.5402906208718625,2.412931191958497,1.076103254447551,1.5251067027473098,5.960718299989821,
8b7588c446544d0a7fdc,home,xgboost,no_dratings_prob,"{""colsample_bytree"":0.9,""learning_rate"":0.05,""max_depth"":6,""min_child_weight"":5.0,""n_estimators"":500,""objective"":""reg:tweedie"",""reg_lambda"":1.0,""subsample"":0.9,""tweedie_variance_power"":1.5}",ok,757,2.676363462776615,3.3241458920720146,2.5402906208718625,2.412931191958497,1.0535658561216317,1.3776380790095861,5.336083199974382,
e008a72acaa248e9e264,home,xgboost,no_dratings_prob,"{""colsample_bytree"":0.9,""learning_rate"":0.1,""max_depth"":3,""min_child_weight"":1.0,""n_estimators"":500,""objective"":""reg:tweedie"",""reg_lambda"":1.0,""subsample"":0.9,""tweedie_variance_power"":1.5}",ok,757,2.7170027458211075,3.333205707956302,2.5402906208718625,2.412931191958497,1.0695637434147574,1.381392772021339,2.011726800003089,
bafb5d8778504f0f0983,home,xgboost,no_dratings_prob,"{""colsample_bytree"":0.9,""learning_rate"":0.1,""max_depth"":3,""min_child_weight"":5.0,""n_estimators"":500,""objective"":""reg:tweedie"",""reg_lambda"":1.0,""subsample"":0.9,""tweedie_variance_power"":1.5}",ok,757,2.7206864738086414,3.174350857006868,2.5402906208718625,2.412931191958497,1.0710138641045979,1.31555796849323,1.9535819999873638,
25a00aff366741f6c450,home,xgboost,no_dratings_prob,"{""colsample_bytree"":0.9,""learning_rate"":0.1,""max_depth"":6,""min_child_weight"":1.0,""n_estimators"":500,""objective"":""reg:tweedie"",""reg_lambda"":1.0,""subsample"":0.9,""tweedie_variance_power"":1.5}",ok,757,2.910665255458226,4.382615486882932,2.5402906208718625,2.412931191958497,1.1458001031627025,1.8163035487662234,5.859984499984421,
3190f358481650e0d100,home,xgboost,no_dratings_prob,"{""colsample_bytree"":0.9,""learning_rate"":0.1,""max_depth"":6,""min_child_weight"":5.0,""n_estimators"":500,""objective"":""reg:tweedie"",""reg_lambda"":1.0,""subsample"":0.9,""tweedie_variance_power"":1.5}",ok,757,2.7956107696579817,3.766023495933666,2.5402906208718625,2.412931191958497,1.1005082436979159,1.5607670490085166,5.208894599985797,
a418349a66df84dfa2cc,home,xgboost,no_dratings_prob,"{""colsample_bytree"":0.9,""learning_rate"":0.025,""max_depth"":3,""min_child_weight"":1.0,""n_estimators"":500,""objective"":""reg:squarederror"",""reg_lambda"":1.0,""subsample"":0.9,""tweedie_variance_power"":null}",ok,757,2.659690647963016,2.5065966827661463,2.5402906208718625,2.412931191958497,1.0470025067644322,1.0388181358506225,1.9467005000042263,
170b84bc99120109584e,home,xgboost,no_dratings_prob,"{""colsample_bytree"":0.9,""learning_rate"":0.025,""max_depth"":3,""min_child_weight"":5.0,""n_estimators"":500,""objective"":""reg:squarederror"",""reg_lambda"":1.0,""subsample"":0.9,""tweedie_variance_power"":null}",ok,757,2.6384753640765717,2.479736628175576,2.5402906208718625,2.412931191958497,1.038650988354636,1.0276864240636945,1.9126405999995768,
98f2b22b572f5d6bb88d,home,xgboost,no_dratings_prob,"{""colsample_bytree"":0.9,""learning_rate"":0.025,""max_depth"":6,""min_child_weight"":1.0,""n_estimators"":500,""objective"":""reg:squarederror"",""reg_lambda"":1.0,""subsample"":0.9,""tweedie_variance_power"":null}",ok,757,2.6989930751616606,2.5679851634750155,2.5402906208718625,2.412931191958497,1.062474133071959,1.0642595910041952,6.499476800003322,
8c258a662ae2806eaa39,home,xgboost,no_dratings_prob,"{""colsample_bytree"":0.9,""learning_rate"":0.025,""max_depth"":6,""min_child_weight"":5.0,""n_estimators"":500,""objective"":""reg:squarederror"",""reg_lambda"":1.0,""subsample"":0.9,""tweedie_variance_power"":null}",ok,757,2.654057709512496,2.5364822224150805,2.5402906208718625,2.412931191958497,1.044785068175226,1.051203710602415,5.467153000005055,
ecbf0d8189906f360769,home,xgboost,no_dratings_prob,"{""colsample_bytree"":0.9,""learning_rate"":0.05,""max_depth"":3,""min_child_weight"":1.0,""n_estimators"":500,""objective"":""reg:squarederror"",""reg_lambda"":1.0,""subsample"":0.9,""tweedie_variance_power"":null}",ok,757,2.7127061017753267,2.616997897184941,2.5402906208718625,2.412931191958497,1.0678723447966314,1.0845721195475988,1.9215602000185754,
48913e1be1cd2bdc1a7c,home,xgboost,no_dratings_prob,"{""colsample_bytree"":0.9,""learning_rate"":0.05,""max_depth"":3,""min_child_weight"":5.0,""n_estimators"":500,""objective"":""reg:squarederror"",""reg_lambda"":1.0,""subsample"":0.9,""tweedie_variance_power"":null}",ok,757,2.7272806424288327,2.630210883240044,2.5402906208718625,2.412931191958497,1.0736096964735447,1.090048026236997,1.9009821999934502,
7eba919b42089b3efc60,home,xgboost,no_dratings_prob,"{""colsample_bytree"":0.9,""learning_rate"":0.05,""max_depth"":6,""min_child_weight"":1.0,""n_estimators"":500,""objective"":""reg:squarederror"",""reg_lambda"":1.0,""subsample"":0.9,""tweedie_variance_power"":null}",ok,757,2.6705702743253115,2.550747886805208,2.5402906208718625,2.412931191958497,1.0512853341987836,1.057115882668353,6.681370300007984,
1403919f35e00f021149,home,xgboost,no_dratings_prob,"{""colsample_bytree"":0.9,""learning_rate"":0.05,""max_depth"":6,""min_child_weight"":5.0,""n_estimators"":500,""objective"":""reg:squarederror"",""reg_lambda"":1.0,""subsample"":0.9,""tweedie_variance_power"":null}",ok,757,2.7050709708678675,2.6044486447587727,2.5402906208718625,2.412931191958497,1.064866731641693,1.079371286441379,5.262546900019515,
a28b1587ed5d6a1db103,home,xgboost,no_dratings_prob,"{""colsample_bytree"":0.9,""learning_rate"":0.1,""max_depth"":3,""min_child_weight"":1.0,""n_estimators"":500,""objective"":""reg:squarederror"",""reg_lambda"":1.0,""subsample"":0.9,""tweedie_variance_power"":null}",ok,757,2.781421506263148,2.7630568001066993,2.5402906208718625,2.412931191958497,1.0949225586277709,1.1451038509987583,1.9701793999993242,
4c52eccf60df51c6b10f,home,xgboost,no_dratings_prob,"{""colsample_bytree"":0.9,""learning_rate"":0.1,""max_depth"":3,""min_child_weight"":5.0,""n_estimators"":500,""objective"":""reg:squarederror"",""reg_lambda"":1.0,""subsample"":0.9,""tweedie_variance_power"":null}",ok,757,2.7574949409404237,2.7178520957426433,2.5402906208718625,2.412931191958497,1.0855037287009364,1.1263694981441439,1.9527632000099402,
eab18cae6c4fd216c620,home,xgboost,no_dratings_prob,"{""colsample_bytree"":0.9,""learning_rate"":0.1,""max_depth"":6,""min_child_weight"":1.0,""n_estimators"":500,""objective"":""reg:squarederror"",""reg_lambda"":1.0,""subsample"":0.9,""tweedie_variance_power"":null}",ok,757,2.739566947777646,2.660766169102156,2.5402906208718625,2.412931191958497,1.0784462711740397,1.102711166389498,6.637457100005122,
28cf1afae0a739c618a2,home,xgboost,no_dratings_prob,"{""colsample_bytree"":0.9,""learning_rate"":0.1,""max_depth"":6,""min_child_weight"":5.0,""n_estimators"":500,""objective"":""reg:squarederror"",""reg_lambda"":1.0,""subsample"":0.9,""tweedie_variance_power"":null}",ok,757,2.6949613604551894,2.610974657869494,2.5402906208718625,2.412931191958497,1.0608870254105973,1.0820758861964281,5.211318099987693,
93219a0191a417002c39,home,hist_gradient_boosting,dratings_plus_pitcher,"{""l2_regularization"":0.0,""learning_rate"":0.025,""loss"":""poisson"",""max_iter"":300,""max_leaf_nodes"":15,""min_samples_leaf"":10}",ok,757,2.61884174188918,2.6337476582136774,2.5402906208718625,2.412931191958497,1.0309221001612634,1.0915137849728533,1.5856914999894798,
861482c3e526ed55ec26,home,hist_gradient_boosting,dratings_plus_pitcher,"{""l2_regularization"":5.0,""learning_rate"":0.025,""loss"":""poisson"",""max_iter"":300,""max_leaf_nodes"":15,""min_samples_leaf"":10}",ok,757,2.6218644999697034,2.6460314509324463,2.5402906208718625,2.412931191958497,1.0321120262491241,1.096604602630525,1.632783000008203,
fd343001236d07616471,home,hist_gradient_boosting,dratings_plus_pitcher,"{""l2_regularization"":0.0,""learning_rate"":0.025,""loss"":""poisson"",""max_iter"":300,""max_leaf_nodes"":15,""min_samples_leaf"":30}",ok,757,2.593363696692724,2.6135937938286933,2.5402906208718625,2.412931191958497,1.0208925212669746,1.0831613444009256,1.5141609999991488,
ccfee66bf5cdb2f9c4f9,home,hist_gradient_boosting,dratings_plus_pitcher,"{""l2_regularization"":5.0,""learning_rate"":0.025,""loss"":""poisson"",""max_iter"":300,""max_leaf_nodes"":15,""min_samples_leaf"":30}",ok,757,2.585653680085876,2.6162750926162874,2.5402906208718625,2.412931191958497,1.0178574289261613,1.0842725649763527,1.704123300005449,
3351358f7e8342e29b30,home,hist_gradient_boosting,dratings_plus_pitcher,"{""l2_regularization"":0.0,""learning_rate"":0.025,""loss"":""poisson"",""max_iter"":300,""max_leaf_nodes"":31,""min_samples_leaf"":10}",ok,757,2.643341149195253,2.7901401519829667,2.5402906208718625,2.412931191958497,1.0405664326265245,1.1563281047058378,2.9487187000049744,
920bcaa220d6420bf514,home,hist_gradient_boosting,dratings_plus_pitcher,"{""l2_regularization"":5.0,""learning_rate"":0.025,""loss"":""poisson"",""max_iter"":300,""max_leaf_nodes"":31,""min_samples_leaf"":10}",ok,757,2.6376388010973812,2.7665536554687034,2.5402906208718625,2.412931191958497,1.0383216705307945,1.1465530657022933,2.990217100013979,
ae0e4ad27b68d12be564,home,hist_gradient_boosting,dratings_plus_pitcher,"{""l2_regularization"":0.0,""learning_rate"":0.025,""loss"":""poisson"",""max_iter"":300,""max_leaf_nodes"":31,""min_samples_leaf"":30}",ok,757,2.5999492618851985,2.6717407416140153,2.5402906208718625,2.412931191958497,1.0234849668471635,1.1072593990736432,2.5185592000198085,
f0f0244c3230b5d14854,home,hist_gradient_boosting,dratings_plus_pitcher,"{""l2_regularization"":5.0,""learning_rate"":0.025,""loss"":""poisson"",""max_iter"":300,""max_leaf_nodes"":31,""min_samples_leaf"":30}",ok,757,2.5926542447915137,2.656256883038525,2.5402906208718625,2.412931191958497,1.0206132414493896,1.1008423662850197,2.488912300002994,
bc908488ab9cd9e6183d,home,hist_gradient_boosting,dratings_plus_pitcher,"{""l2_regularization"":0.0,""learning_rate"":0.05,""loss"":""poisson"",""max_iter"":300,""max_leaf_nodes"":15,""min_samples_leaf"":10}",ok,757,2.62228625864747,2.76162812825228,2.5402906208718625,2.412931191958497,1.0322780539761491,1.144511761237069,1.5922734000196215,
30543b50ae092f3392aa,home,hist_gradient_boosting,dratings_plus_pitcher,"{""l2_regularization"":5.0,""learning_rate"":0.05,""loss"":""poisson"",""max_iter"":300,""max_leaf_nodes"":15,""min_samples_leaf"":10}",ok,757,2.623483429974259,2.7559107469876505,2.5402906208718625,2.412931191958497,1.0327493273481614,1.1421422857693544,1.5565126999863423,
7356850a653842fe8177,home,hist_gradient_boosting,dratings_plus_pitcher,"{""l2_regularization"":0.0,""learning_rate"":0.05,""loss"":""poisson"",""max_iter"":300,""max_leaf_nodes"":15,""min_samples_leaf"":30}",ok,757,2.619785991842374,2.7626551489935354,2.5402906208718625,2.412931191958497,1.0312938095812154,1.1449373932421085,1.4987798999936786,
e17e480b3a89b38f9fd2,home,hist_gradient_boosting,dratings_plus_pitcher,"{""l2_regularization"":5.0,""learning_rate"":0.05,""loss"":""poisson"",""max_iter"":300,""max_leaf_nodes"":15,""min_samples_leaf"":30}",ok,757,2.609588265664096,2.7393716218306787,2.5402906208718625,2.412931191958497,1.0272794160726577,1.1352879149476371,1.5302748999965843,
75f75fe316de7ed7364a,home,hist_gradient_boosting,dratings_plus_pitcher,"{""l2_regularization"":0.0,""learning_rate"":0.05,""loss"":""poisson"",""max_iter"":300,""max_leaf_nodes"":31,""min_samples_leaf"":10}",ok,757,2.642245641638377,2.9104014808316867,2.5402906208718625,2.412931191958497,1.040135179781722,1.206168452101367,2.9306567999883555,
19fc7c9c37baaaca352e,home,hist_gradient_boosting,dratings_plus_pitcher,"{""l2_regularization"":5.0,""learning_rate"":0.05,""loss"":""poisson"",""max_iter"":300,""max_leaf_nodes"":31,""min_samples_leaf"":10}",ok,757,2.607538432391852,2.834053457361393,2.5402906208718625,2.412931191958497,1.0264724874262257,1.1745272583015867,2.9960203999944497,
9b791b1a5d6ff020d24d,home,hist_gradient_boosting,dratings_plus_pitcher,"{""l2_regularization"":0.0,""learning_rate"":0.05,""loss"":""poisson"",""max_iter"":300,""max_leaf_nodes"":31,""min_samples_leaf"":30}",ok,757,2.6137620195624334,2.8007876990945935,2.5402906208718625,2.412931191958497,1.0289224382780875,1.160740807043605,2.454070200008573,
5de53dc6246d737c833a,home,hist_gradient_boosting,dratings_plus_pitcher,"{""l2_regularization"":5.0,""learning_rate"":0.05,""loss"":""poisson"",""max_iter"":300,""max_leaf_nodes"":31,""min_samples_leaf"":30}",ok,757,2.6156211359252057,2.8051812694081386,2.5402906208718625,2.412931191958497,1.0296542901172028,1.1625616506417098,2.528377700014971,
09ae19def60b54e4c2e0,home,hist_gradient_boosting,dratings_plus_pitcher,"{""l2_regularization"":0.0,""learning_rate"":0.1,""loss"":""poisson"",""max_iter"":300,""max_leaf_nodes"":15,""min_samples_leaf"":10}",ok,757,2.6368124505554946,3.0139698498552723,2.5402906208718625,2.412931191958497,1.0379963728915806,1.2490906744045742,1.6581258999940474,
d232e9539193f0f2b86c,home,hist_gradient_boosting,dratings_plus_pitcher,"{""l2_regularization"":5.0,""learning_rate"":0.1,""loss"":""poisson"",""max_iter"":300,""max_leaf_nodes"":15,""min_samples_leaf"":10}",ok,757,2.6842850811594885,3.033191939934861,2.5402906208718625,2.412931191958497,1.0566842467174897,1.2570569563042195,1.6103715000208467,
9865febe1b50cf2bc44f,home,hist_gradient_boosting,dratings_plus_pitcher,"{""l2_regularization"":0.0,""learning_rate"":0.1,""loss"":""poisson"",""max_iter"":300,""max_leaf_nodes"":15,""min_samples_leaf"":30}",ok,757,2.691202244098574,2.9471558997489264,2.5402906208718625,2.412931191958497,1.0594072276560689,1.2214007218982554,1.4857093000027817,
2054b30da220f132a9a7,home,hist_gradient_boosting,dratings_plus_pitcher,"{""l2_regularization"":5.0,""learning_rate"":0.1,""loss"":""poisson"",""max_iter"":300,""max_leaf_nodes"":15,""min_samples_leaf"":30}",ok,757,2.6548041784361116,2.857320848150782,2.5402906208718625,2.412931191958497,1.0450789199563892,1.184170049139109,1.4760652999975719,
e3919e2a09271d6523f7,home,hist_gradient_boosting,dratings_plus_pitcher,"{""l2_regularization"":0.0,""learning_rate"":0.1,""loss"":""poisson"",""max_iter"":300,""max_leaf_nodes"":31,""min_samples_leaf"":10}",ok,757,2.681787647296597,3.123564289348591,2.5402906208718625,2.412931191958497,1.0557011175265336,1.2945103033846963,2.8614602999878116,
1efa02fb9216f5a49369,home,hist_gradient_boosting,dratings_plus_pitcher,"{""l2_regularization"":5.0,""learning_rate"":0.1,""loss"":""poisson"",""max_iter"":300,""max_leaf_nodes"":31,""min_samples_leaf"":10}",ok,757,2.6723916864094215,3.1368786040814425,2.5402906208718625,2.412931191958497,1.0520023435319459,1.3000282040928572,2.917160500015598,
a84860550ee6ac4a1bea,home,hist_gradient_boosting,dratings_plus_pitcher,"{""l2_regularization"":0.0,""learning_rate"":0.1,""loss"":""poisson"",""max_iter"":300,""max_leaf_nodes"":31,""min_samples_leaf"":30}",ok,757,2.6372166620304576,2.938644695496691,2.5402906208718625,2.412931191958497,1.0381554930613919,1.2178733920346438,2.506515099987155,
b0d67ac2e0014d28c9b0,home,hist_gradient_boosting,dratings_plus_pitcher,"{""l2_regularization"":5.0,""learning_rate"":0.1,""loss"":""poisson"",""max_iter"":300,""max_leaf_nodes"":31,""min_samples_leaf"":30}",ok,757,2.6248546372932826,2.9332795228174975,2.5402906208718625,2.412931191958497,1.0332891109885673,1.2156498836739107,2.5021005000162404,
1a15a8a87891d4c3ae56,home,hist_gradient_boosting,dratings_plus_pitcher,"{""l2_regularization"":0.0,""learning_rate"":0.025,""loss"":""squared_error"",""max_iter"":300,""max_leaf_nodes"":15,""min_samples_leaf"":10}",ok,757,2.6690729746004695,2.6396890916038287,2.5402906208718625,2.412931191958497,1.0506959135582712,1.0939761151917804,1.6533377000014298,
9eb78cbcafb135dec58e,home,hist_gradient_boosting,dratings_plus_pitcher,"{""l2_regularization"":5.0,""learning_rate"":0.025,""loss"":""squared_error"",""max_iter"":300,""max_leaf_nodes"":15,""min_samples_leaf"":10}",ok,757,2.63318814048104,2.561810092729274,2.5402906208718625,2.412931191958497,1.0365696424046529,1.0617004335917,1.6735469999839552,
ed0120a5b7f5fca7bd03,home,hist_gradient_boosting,dratings_plus_pitcher,"{""l2_regularization"":0.0,""learning_rate"":0.025,""loss"":""squared_error"",""max_iter"":300,""max_leaf_nodes"":15,""min_samples_leaf"":30}",ok,757,2.6443718272886234,2.626063644014529,2.5402906208718625,2.412931191958497,1.040972164980493,1.088329270542953,1.5164738000021316,
738b8c6ea9de23d595bb,home,hist_gradient_boosting,dratings_plus_pitcher,"{""l2_regularization"":5.0,""learning_rate"":0.025,""loss"":""squared_error"",""max_iter"":300,""max_leaf_nodes"":15,""min_samples_leaf"":30}",ok,757,2.628066079594704,2.6224481679741936,2.5402906208718625,2.412931191958497,1.0345533137042076,1.0868308954328858,1.5492349999840371,
0130347a6a3e4c75247b,home,hist_gradient_boosting,dratings_plus_pitcher,"{""l2_regularization"":0.0,""learning_rate"":0.025,""loss"":""squared_error"",""max_iter"":300,""max_leaf_nodes"":31,""min_samples_leaf"":10}",ok,757,2.7167228050303436,2.6801411829761856,2.5402906208718625,2.412931191958497,1.069453543113869,1.110740825062982,3.0284838000079617,
5df28820d08cd180aac7,home,hist_gradient_boosting,dratings_plus_pitcher,"{""l2_regularization"":5.0,""learning_rate"":0.025,""loss"":""squared_error"",""max_iter"":300,""max_leaf_nodes"":31,""min_samples_leaf"":10}",ok,757,2.6925996453676877,2.6353694920850295,2.5402906208718625,2.412931191958497,1.0599573226954444,1.092185927583781,3.0957373999990523,
81999f3241bb10e8eb63,home,hist_gradient_boosting,dratings_plus_pitcher,"{""l2_regularization"":0.0,""learning_rate"":0.025,""loss"":""squared_error"",""max_iter"":300,""max_leaf_nodes"":31,""min_samples_leaf"":30}",ok,757,2.6726670500303804,2.712055934874574,2.5402906208718625,2.412931191958497,1.052110742003639,1.1239673737539475,2.6190232999797445,
25b8951f964359bef129,home,hist_gradient_boosting,dratings_plus_pitcher,"{""l2_regularization"":5.0,""learning_rate"":0.025,""loss"":""squared_error"",""max_iter"":300,""max_leaf_nodes"":31,""min_samples_leaf"":30}",ok,757,2.697655169819071,2.699882293817117,2.5402906208718625,2.412931191958497,1.061947458945937,1.1189222066567557,2.4374566999904346,
429509681d133799210f,home,hist_gradient_boosting,dratings_plus_pitcher,"{""l2_regularization"":0.0,""learning_rate"":0.05,""loss"":""squared_error"",""max_iter"":300,""max_leaf_nodes"":15,""min_samples_leaf"":10}",ok,757,2.704448142222001,2.7235072101614315,2.5402906208718625,2.412931191958497,1.064621551566331,1.128713168132594,1.587947299994994,
f75f160924e4ba156dda,home,hist_gradient_boosting,dratings_plus_pitcher,"{""l2_regularization"":5.0,""learning_rate"":0.05,""loss"":""squared_error"",""max_iter"":300,""max_leaf_nodes"":15,""min_samples_leaf"":10}",ok,757,2.679628118193203,2.6775065488184464,2.5402906208718625,2.412931191958497,1.0548510064858319,1.1096489438827313,1.6482368999859318,
d755341c41f50227387c,home,hist_gradient_boosting,dratings_plus_pitcher,"{""l2_regularization"":0.0,""learning_rate"":0.05,""loss"":""squared_error"",""max_iter"":300,""max_leaf_nodes"":15,""min_samples_leaf"":30}",ok,757,2.7217163930206394,2.778288189684766,2.5402906208718625,2.412931191958497,1.0714192977205534,1.1514162521268254,1.5217116000130773,
fb6a5655cfcc6723b25c,home,hist_gradient_boosting,dratings_plus_pitcher,"{""l2_regularization"":5.0,""learning_rate"":0.05,""loss"":""squared_error"",""max_iter"":300,""max_leaf_nodes"":15,""min_samples_leaf"":30}",ok,757,2.6974822682259973,2.73840448667775,2.5402906208718625,2.412931191958497,1.0618793952402912,1.1348871015485018,1.5486929999897256,
1691a7904cb215c00c00,home,hist_gradient_boosting,dratings_plus_pitcher,"{""l2_regularization"":0.0,""learning_rate"":0.05,""loss"":""squared_error"",""max_iter"":300,""max_leaf_nodes"":31,""min_samples_leaf"":10}",ok,757,2.693832225330635,2.7089955360668196,2.5402906208718625,2.412931191958497,1.0604425348805464,1.1226990413547668,2.931234699994093,
a8761a106c3ff66b9c8f,home,hist_gradient_boosting,dratings_plus_pitcher,"{""l2_regularization"":5.0,""learning_rate"":0.05,""loss"":""squared_error"",""max_iter"":300,""max_leaf_nodes"":31,""min_samples_leaf"":10}",ok,757,2.70203105375866,2.709029705768704,2.5402906208718625,2.412931191958497,1.0636700508035912,1.1227132024307223,3.03405320001184,
16a480284fddf24d28f4,home,hist_gradient_boosting,dratings_plus_pitcher,"{""l2_regularization"":0.0,""learning_rate"":0.05,""loss"":""squared_error"",""max_iter"":300,""max_leaf_nodes"":31,""min_samples_leaf"":30}",ok,757,2.6987411729323316,2.7944235738018572,2.5402906208718625,2.412931191958497,1.0623749703118954,1.1581032990558324,2.469840200006729,
2c5081d542f7f58abbe2,home,hist_gradient_boosting,dratings_plus_pitcher,"{""l2_regularization"":5.0,""learning_rate"":0.05,""loss"":""squared_error"",""max_iter"":300,""max_leaf_nodes"":31,""min_samples_leaf"":30}",ok,757,2.7233416227187086,2.76543126537318,2.5402906208718625,2.412931191958497,1.0720590787301416,1.1460879094229661,2.4804556000162847,
3dd22d9c7b69bd38e844,home,hist_gradient_boosting,dratings_plus_pitcher,"{""l2_regularization"":0.0,""learning_rate"":0.1,""loss"":""squared_error"",""max_iter"":300,""max_leaf_nodes"":15,""min_samples_leaf"":10}",ok,757,2.800265390752203,2.90921751016083,2.5402906208718625,2.412931191958497,1.1023405620381788,1.2056777747564005,1.612205699988408,
68ff6fae724da53d31a5,home,hist_gradient_boosting,dratings_plus_pitcher,"{""l2_regularization"":5.0,""learning_rate"":0.1,""loss"":""squared_error"",""max_iter"":300,""max_leaf_nodes"":15,""min_samples_leaf"":10}",ok,757,2.7352536268545453,2.8080909474973716,2.5402906208718625,2.412931191958497,1.0767483076073276,1.163767519295955,1.629770700004883,
6b607727c5d6b9a75800,home,hist_gradient_boosting,dratings_plus_pitcher,"{""l2_regularization"":0.0,""learning_rate"":0.1,""loss"":""squared_error"",""max_iter"":300,""max_leaf_nodes"":15,""min_samples_leaf"":30}",ok,757,2.749669624004845,2.8394836860499417,2.5402906208718625,2.412931191958497,1.082423247723176,1.1767777280649374,1.5415999999968335,
5b178700d226913b7451,home,hist_gradient_boosting,dratings_plus_pitcher,"{""l2_regularization"":5.0,""learning_rate"":0.1,""loss"":""squared_error"",""max_iter"":300,""max_leaf_nodes"":15,""min_samples_leaf"":30}",ok,757,2.735505698152207,2.8110163320261,2.5402906208718625,2.412931191958497,1.0768475369221118,1.1649798972280225,1.486827299988363,
cefbc1be63affbc6fa14,home,hist_gradient_boosting,dratings_plus_pitcher,"{""l2_regularization"":0.0,""learning_rate"":0.1,""loss"":""squared_error"",""max_iter"":300,""max_leaf_nodes"":31,""min_samples_leaf"":10}",ok,757,2.791015643998557,2.8626083019570556,2.5402906208718625,2.412931191958497,1.098699346077435,1.1863613481798336,2.888800099986838,
e24238225aeeba53648e,home,hist_gradient_boosting,dratings_plus_pitcher,"{""l2_regularization"":5.0,""learning_rate"":0.1,""loss"":""squared_error"",""max_iter"":300,""max_leaf_nodes"":31,""min_samples_leaf"":10}",ok,757,2.7539021420274215,2.8082551088785697,2.5402906208718625,2.412931191958497,1.0840894027637848,1.1638355533044442,3.126869700005045,
dca45177130bc5e65b7c,home,hist_gradient_boosting,dratings_plus_pitcher,"{""l2_regularization"":0.0,""learning_rate"":0.1,""loss"":""squared_error"",""max_iter"":300,""max_leaf_nodes"":31,""min_samples_leaf"":30}",ok,757,2.778806925156922,2.938653617426926,2.5402906208718625,2.412931191958497,1.093893313751321,1.2178770895831958,2.5166070999985095,
b88f5710ae313dd90e63,home,hist_gradient_boosting,dratings_plus_pitcher,"{""l2_regularization"":5.0,""learning_rate"":0.1,""loss"":""squared_error"",""max_iter"":300,""max_leaf_nodes"":31,""min_samples_leaf"":30}",ok,757,2.7376775685030204,2.8125129037648997,2.5402906208718625,2.412931191958497,1.0777025061657757,1.1656001269899765,2.5167572000063956,
8ef6cad4bd23698bb865,home,random_forest,dratings_plus_pitcher,"{""criterion"":""poisson"",""max_depth"":null,""max_features"":0.6,""max_samples"":null,""min_samples_leaf"":2,""n_estimators"":400}",ok,757,2.6240899648728666,2.5028579907414885,2.5402906208718625,2.412931191958497,1.0329880932962872,1.0372686958843615,4.2985427000094205,
0ea30da1ff71e29d46b8,home,random_forest,dratings_plus_pitcher,"{""criterion"":""poisson"",""max_depth"":null,""max_features"":1.0,""max_samples"":null,""min_samples_leaf"":2,""n_estimators"":400}",ok,757,2.637991723051866,2.5296775004935723,2.5402906208718625,2.412931191958497,1.038460600286148,1.0483836045238888,6.608567000017501,
a72a855957fb4d380e49,home,random_forest,dratings_plus_pitcher,"{""criterion"":""poisson"",""max_depth"":null,""max_features"":0.6,""max_samples"":null,""min_samples_leaf"":8,""n_estimators"":400}",ok,757,2.567229633279931,2.435100054853612,2.5402906208718625,2.412931191958497,1.0106046970321934,1.0091875238585322,3.176723899989156,
603f3b8ca330d85d7319,home,random_forest,dratings_plus_pitcher,"{""criterion"":""poisson"",""max_depth"":null,""max_features"":1.0,""max_samples"":null,""min_samples_leaf"":8,""n_estimators"":400}",ok,757,2.5637993267579877,2.4401292091460167,2.5402906208718625,2.412931191958497,1.0092543371585008,1.011271774876201,4.602299199992558,
b42ae6b62bdfc4c09960,home,random_forest,dratings_plus_pitcher,"{""criterion"":""poisson"",""max_depth"":14,""max_features"":0.6,""max_samples"":null,""min_samples_leaf"":2,""n_estimators"":400}",ok,757,2.610353673028387,2.483403073551278,2.5402906208718625,2.412931191958497,1.0275807230798175,1.0292059225839678,4.018327300000237,
50ffbd30d78fd63da224,home,random_forest,dratings_plus_pitcher,"{""criterion"":""poisson"",""max_depth"":14,""max_features"":1.0,""max_samples"":null,""min_samples_leaf"":2,""n_estimators"":400}",ok,757,2.6300123226919023,2.5137509680153305,2.5402906208718625,2.412931191958497,1.0353194634829799,1.0417831127521715,5.94362090001232,
fd572495aa7447ae20ba,home,random_forest,dratings_plus_pitcher,"{""criterion"":""poisson"",""max_depth"":14,""max_features"":0.6,""max_samples"":null,""min_samples_leaf"":8,""n_estimators"":400}",ok,757,2.565861270790854,2.4305810664434517,2.5402906208718625,2.412931191958497,1.010066033275443,1.00731470277469,3.142254900012631,
c722323c5c5d773308a0,home,random_forest,dratings_plus_pitcher,"{""criterion"":""poisson"",""max_depth"":14,""max_features"":1.0,""max_samples"":null,""min_samples_leaf"":8,""n_estimators"":400}",ok,757,2.563625306660881,2.437733652342892,2.5402906208718625,2.412931191958497,1.0091858331473151,1.0102789754084383,4.575704999995651,
ac483da14661aad0c21c,home,random_forest,dratings_plus_pitcher,"{""criterion"":""squared_error"",""max_depth"":null,""max_features"":0.6,""max_samples"":null,""min_samples_leaf"":2,""n_estimators"":400}",ok,757,2.73033264837137,2.5891619206938294,2.5402906208718625,2.412931191958497,1.0748111361503523,1.0730359528372178,3.164647600002354,
033bfb578d947b701ec4,home,random_forest,dratings_plus_pitcher,"{""criterion"":""squared_error"",""max_depth"":null,""max_features"":1.0,""max_samples"":null,""min_samples_leaf"":2,""n_estimators"":400}",ok,757,2.787604732133051,2.6572698703722524,2.5402906208718625,2.412931191958497,1.0973566210216952,1.1012621823730637,4.736068400001386,
a76d481fea710ab76fc4,home,random_forest,dratings_plus_pitcher,"{""criterion"":""squared_error"",""max_depth"":null,""max_features"":0.6,""max_samples"":null,""min_samples_leaf"":8,""n_estimators"":400}",ok,757,2.5892087199404368,2.4495776398373468,2.5402906208718625,2.412931191958497,1.0192568907929853,1.0151875229600331,2.5100799999781884,
7b33bcb42b89bdc066bb,home,random_forest,dratings_plus_pitcher,"{""criterion"":""squared_error"",""max_depth"":null,""max_features"":1.0,""max_samples"":null,""min_samples_leaf"":8,""n_estimators"":400}",ok,757,2.5874613294070556,2.433905221834696,2.5402906208718625,2.412931191958497,1.0185690204686122,1.0086923447904768,3.504457499977434,
bbf7ded60e0b49fe2600,home,random_forest,dratings_plus_pitcher,"{""criterion"":""squared_error"",""max_depth"":14,""max_features"":0.6,""max_samples"":null,""min_samples_leaf"":2,""n_estimators"":400}",ok,757,2.7297969457070828,2.5776496582871666,2.5402906208718625,2.412931191958497,1.0746002537182848,1.0682648833409016,3.0270131999859586,
ea686864e6f8573fe5da,home,random_forest,dratings_plus_pitcher,"{""criterion"":""squared_error"",""max_depth"":14,""max_features"":1.0,""max_samples"":null,""min_samples_leaf"":2,""n_estimators"":400}",ok,757,2.785609003772327,2.650517256512932,2.5402906208718625,2.412931191958497,1.0965709910845822,1.0984636716315124,4.37826060000225,
a1276b5a53bb7bc493ca,home,random_forest,dratings_plus_pitcher,"{""criterion"":""squared_error"",""max_depth"":14,""max_features"":0.6,""max_samples"":null,""min_samples_leaf"":8,""n_estimators"":400}",ok,757,2.589453386474079,2.446268375821435,2.5402906208718625,2.412931191958497,1.0193532051798637,1.013816052432013,2.472264499985613,
6f4b5d79fb7265bc7406,home,random_forest,dratings_plus_pitcher,"{""criterion"":""squared_error"",""max_depth"":14,""max_features"":1.0,""max_samples"":null,""min_samples_leaf"":8,""n_estimators"":400}",ok,757,2.587826447461521,2.4330724680022504,2.5402906208718625,2.412931191958497,1.0187127512888048,1.0083472235391036,3.4611699000233784,
cf1609c8e098bb3b1805,home,extra_trees,dratings_plus_pitcher,"{""criterion"":""poisson"",""max_depth"":null,""max_features"":0.6,""max_samples"":null,""min_samples_leaf"":2,""n_estimators"":400}",ok,757,2.5894407495956417,2.4810640785997333,2.5402906208718625,2.412931191958497,1.0193482306000525,1.0282365642535936,1.6895318000169937,
e8e69fa6c0d3140e0096,home,extra_trees,dratings_plus_pitcher,"{""criterion"":""poisson"",""max_depth"":null,""max_features"":1.0,""max_samples"":null,""min_samples_leaf"":2,""n_estimators"":400}",ok,757,2.601712219024554,2.494611181415422,2.5402906208718625,2.412931191958497,1.0241789650554278,1.033850940188074,2.2428047000139486,
7076e8e66695a68560ef,home,extra_trees,dratings_plus_pitcher,"{""criterion"":""poisson"",""max_depth"":null,""max_features"":0.6,""max_samples"":null,""min_samples_leaf"":8,""n_estimators"":400}",ok,757,2.557706342188319,2.4208168031310437,2.5402906208718625,2.412931191958497,1.0068557987709608,1.0032680630093502,1.2922660999756772,
537432c1aa15bc46bc82,home,extra_trees,dratings_plus_pitcher,"{""criterion"":""poisson"",""max_depth"":null,""max_features"":1.0,""max_samples"":null,""min_samples_leaf"":8,""n_estimators"":400}",ok,757,2.562188991528151,2.430167518618481,2.5402906208718625,2.412931191958497,1.008620419441919,1.0071433146197566,1.4419612000056077,
1fc52efdb45fbae7013c,home,extra_trees,dratings_plus_pitcher,"{""criterion"":""poisson"",""max_depth"":14,""max_features"":0.6,""max_samples"":null,""min_samples_leaf"":2,""n_estimators"":400}",ok,757,2.580260412129755,2.4562906776618014,2.5402906208718625,2.412931191958497,1.0157343380042771,1.017969632059052,1.4515344999963418,
64e92ba5d9741c0f8054,home,extra_trees,dratings_plus_pitcher,"{""criterion"":""poisson"",""max_depth"":14,""max_features"":1.0,""max_samples"":null,""min_samples_leaf"":2,""n_estimators"":400}",ok,757,2.5961450695062047,2.473501431171226,2.5402906208718625,2.412931191958497,1.0219874246574088,1.02510234830342,1.8450691000034567,
d118eed8386c2a654200,home,extra_trees,dratings_plus_pitcher,"{""criterion"":""poisson"",""max_depth"":14,""max_features"":0.6,""max_samples"":null,""min_samples_leaf"":8,""n_estimators"":400}",ok,757,2.5636574071875025,2.426720143126172,2.5402906208718625,2.412931191958497,1.0091984697040766,1.0057146060416595,1.265639099990949,
c3c8183fd3f5e4ffe1e5,home,extra_trees,dratings_plus_pitcher,"{""criterion"":""poisson"",""max_depth"":14,""max_features"":1.0,""max_samples"":null,""min_samples_leaf"":8,""n_estimators"":400}",ok,757,2.5622452582208113,2.4335887295616523,2.5402906208718625,2.412931191958497,1.0086425691488061,1.0085611797269645,1.4863159999949858,
b06b47c711b3c0f51491,home,extra_trees,dratings_plus_pitcher,"{""criterion"":""squared_error"",""max_depth"":null,""max_features"":0.6,""max_samples"":null,""min_samples_leaf"":2,""n_estimators"":400}",ok,757,2.6202534325369027,2.4938496231264953,2.5402906208718625,2.412931191958497,1.0314778202966384,1.0335353247691739,1.5928246999974363,
96a01cef81b586d264d6,home,extra_trees,dratings_plus_pitcher,"{""criterion"":""squared_error"",""max_depth"":null,""max_features"":1.0,""max_samples"":null,""min_samples_leaf"":2,""n_estimators"":400}",ok,757,2.6365383746409177,2.5085270166470193,2.5402906208718625,2.412931191958497,1.0378884813329041,1.039618131261725,2.070195899985265,
e20902329ce939afe3d6,home,extra_trees,dratings_plus_pitcher,"{""criterion"":""squared_error"",""max_depth"":null,""max_features"":0.6,""max_samples"":null,""min_samples_leaf"":8,""n_estimators"":400}",ok,757,2.561810002953177,2.420722081361563,2.5402906208718625,2.412931191958497,1.008471228411625,1.0032288071160216,1.2689332999871112,
63663dc15bb3c440f090,home,extra_trees,dratings_plus_pitcher,"{""criterion"":""squared_error"",""max_depth"":null,""max_features"":1.0,""max_samples"":null,""min_samples_leaf"":8,""n_estimators"":400}",ok,757,2.5699699348881566,2.433955227030508,2.5402906208718625,2.412931191958497,1.0116834325066744,1.0087130686287602,1.4917790000035893,
08d34029425cced43905,home,extra_trees,dratings_plus_pitcher,"{""criterion"":""squared_error"",""max_depth"":14,""max_features"":0.6,""max_samples"":null,""min_samples_leaf"":2,""n_estimators"":400}",ok,757,2.5942812245330593,2.446931890334559,2.5402906208718625,2.412931191958497,1.0212537113736484,1.0140910352062154,1.39880070000072,
217991c8aab33e279bd8,home,extra_trees,dratings_plus_pitcher,"{""criterion"":""squared_error"",""max_depth"":14,""max_features"":1.0,""max_samples"":null,""min_samples_leaf"":2,""n_estimators"":400}",ok,757,2.634005007326434,2.499090097016749,2.5402906208718625,2.412931191958497,1.0368912067322467,1.0357071537495106,1.7242675000161398,
471da71031b8a9e30518,home,extra_trees,dratings_plus_pitcher,"{""criterion"":""squared_error"",""max_depth"":14,""max_features"":0.6,""max_samples"":null,""min_samples_leaf"":8,""n_estimators"":400}",ok,757,2.5572650690382632,2.4181275839500027,2.5402906208718625,2.412931191958497,1.0066820890597843,1.002153559955967,1.2580602999951225,
9cd6a9e0ac9390ac2bcf,home,extra_trees,dratings_plus_pitcher,"{""criterion"":""squared_error"",""max_depth"":14,""max_features"":1.0,""max_samples"":null,""min_samples_leaf"":8,""n_estimators"":400}",ok,757,2.5686785740913725,2.4355466196481235,2.5402906208718625,2.412931191958497,1.0111750809085642,1.0093725953582913,1.4042431999987457,
f18f0a4d49ec18197dbf,home,poisson_glm,dratings_plus_pitcher,"{""alpha"":0.0,""solver"":""lbfgs""}",ok,757,2.6115395674712585,2.5650535558362275,2.5402906208718625,2.412931191958497,1.0280475572416758,1.0630446340056046,1.208955000009155,
ec44b009c6b5b6ef097c,home,poisson_glm,dratings_plus_pitcher,"{""alpha"":0.01,""solver"":""lbfgs""}",ok,757,2.5770688139845452,2.4871439512840325,2.5402906208718625,2.412931191958497,1.0144779470547587,1.0307562683813207,0.18292750002001412,
662ee0564dd482bfc2a1,home,poisson_glm,dratings_plus_pitcher,"{""alpha"":0.1,""solver"":""lbfgs""}",ok,757,2.565146009433321,2.4641913442722587,2.5402906208718625,2.412931191958497,1.009784466531994,1.02124393454923,0.10605030000442639,
e06439dee94fe4e12a3a,home,poisson_glm,dratings_plus_pitcher,"{""alpha"":1.0,""solver"":""lbfgs""}",ok,757,2.5474331920463684,2.421082401370799,2.5402906208718625,2.412931191958497,1.0028117141857,1.003378135870375,0.06566880000173114,
5ff2328b669b5cf770a1,home,poisson_glm,dratings_plus_pitcher,"{""alpha"":10.0,""solver"":""lbfgs""}",ok,757,2.5468354865195675,2.3989428657520917,2.5402906208718625,2.412931191958497,1.0025764239705215,0.9942027662234946,0.052281899988884106,
4527b1e94d3703f19cb4,home,tweedie_glm,dratings_plus_pitcher,"{""alpha"":0.01,""power"":1.2,""solver"":""lbfgs""}",ok,757,2.574759652812797,2.48436998783597,2.5402906208718625,2.412931191958497,1.013568932490529,1.0296066444478629,0.15550930000608787,
2d24f10b72be5b14ae86,home,tweedie_glm,dratings_plus_pitcher,"{""alpha"":0.1,""power"":1.2,""solver"":""lbfgs""}",ok,757,2.562218324939643,2.4596416292356245,2.5402906208718625,2.412931191958497,1.0086319667079093,1.0193583793159116,0.09072790000936948,
c2e8e863b3f54ce1f42b,home,tweedie_glm,dratings_plus_pitcher,"{""alpha"":1.0,""power"":1.2,""solver"":""lbfgs""}",ok,757,2.544881037447051,2.416254474813334,2.5402906208718625,2.412931191958497,1.0018070438624116,1.0013772804072956,0.06179020000854507,
ac2cc458051c1c575d31,home,tweedie_glm,dratings_plus_pitcher,"{""alpha"":0.01,""power"":1.5,""solver"":""lbfgs""}",ok,757,2.571546252948425,2.4809293290577923,2.5402906208718625,2.412931191958497,1.0123039591689849,1.0281807195024502,0.1449430999928154,
cbab841de0b778c4dfe9,home,tweedie_glm,dratings_plus_pitcher,"{""alpha"":0.1,""power"":1.5,""solver"":""lbfgs""}",ok,757,2.557886380067182,2.4529947147516937,2.5402906208718625,2.412931191958497,1.0069266717165142,1.0166036739575148,0.08178730000508949,
13d81220929176acfcbf,home,tweedie_glm,dratings_plus_pitcher,"{""alpha"":1.0,""power"":1.5,""solver"":""lbfgs""}",ok,757,2.541464268524652,2.4097580372549174,2.5402906208718625,2.412931191958497,1.0004620131425697,0.9986849377577965,0.055317799997283146,
72d790095bc7311e0349,home,tweedie_glm,dratings_plus_pitcher,"{""alpha"":0.01,""power"":1.8,""solver"":""lbfgs""}",ok,757,2.5688398738120197,2.478098244660072,2.5402906208718625,2.412931191958497,1.0112385774704622,1.027007422722519,0.12907299998914823,
903c561d906a6f534538,home,tweedie_glm,dratings_plus_pitcher,"{""alpha"":0.1,""power"":1.8,""solver"":""lbfgs""}",ok,757,2.553251863444673,2.446372633871256,2.5402906208718625,2.412931191958497,1.0051022676170658,1.0138592604812804,0.07535960001405329,
e2abaad26685a89d9064,home,tweedie_glm,dratings_plus_pitcher,"{""alpha"":1.0,""power"":1.8,""solver"":""lbfgs""}",ok,757,2.5387938891590287,2.4044356440869574,2.5402906208718625,2.412931191958497,0.9994108029606785,0.9964791586681574,0.054426100017735735,
26f603427fca87eb81ed,home,lightgbm,dratings_plus_pitcher,"{""colsample_bytree"":0.9,""learning_rate"":0.025,""min_child_samples"":10,""n_estimators"":500,""num_leaves"":15,""objective"":""poisson"",""reg_lambda"":1.0,""subsample"":0.9,""tweedie_variance_power"":null}",ok,757,2.5989666028186846,2.5409789296610374,2.5402906208718625,2.412931191958497,1.0230981374590453,1.053067297620952,0.9018940999812912,
559644d75255e26c3afb,home,lightgbm,dratings_plus_pitcher,"{""colsample_bytree"":0.9,""learning_rate"":0.025,""min_child_samples"":30,""n_estimators"":500,""num_leaves"":15,""objective"":""poisson"",""reg_lambda"":1.0,""subsample"":0.9,""tweedie_variance_power"":null}",ok,757,2.5895589403139363,2.575604010479102,2.5402906208718625,2.412931191958497,1.0193947570554602,1.067417097952374,0.9022080000140704,
4d70fc1e0c0bf9b4b4d7,home,lightgbm,dratings_plus_pitcher,"{""colsample_bytree"":0.9,""learning_rate"":0.025,""min_child_samples"":10,""n_estimators"":500,""num_leaves"":31,""objective"":""poisson"",""reg_lambda"":1.0,""subsample"":0.9,""tweedie_variance_power"":null}",ok,757,2.6019959256298084,2.626504380791489,2.5402906208718625,2.412931191958497,1.0242906477908293,1.0885119267158387,1.7988944000098854,
1126c706c91da11b917e,home,lightgbm,dratings_plus_pitcher,"{""colsample_bytree"":0.9,""learning_rate"":0.025,""min_child_samples"":30,""n_estimators"":500,""num_leaves"":31,""objective"":""poisson"",""reg_lambda"":1.0,""subsample"":0.9,""tweedie_variance_power"":null}",ok,757,2.5699508815353673,2.601612224903966,2.5402906208718625,2.412931191958497,1.0116759320448638,1.0781957784682301,1.5391107999894302,
9915b7629febdc0b3c76,home,lightgbm,dratings_plus_pitcher,"{""colsample_bytree"":0.9,""learning_rate"":0.05,""min_child_samples"":10,""n_estimators"":500,""num_leaves"":15,""objective"":""poisson"",""reg_lambda"":1.0,""subsample"":0.9,""tweedie_variance_power"":null}",ok,757,2.624145270646701,2.6878015286883032,2.5402906208718625,2.412931191958497,1.0330098647319568,1.1139155304742456,0.889519599993946,
22b041e967daa278dd50,home,lightgbm,dratings_plus_pitcher,"{""colsample_bytree"":0.9,""learning_rate"":0.05,""min_child_samples"":30,""n_estimators"":500,""num_leaves"":15,""objective"":""poisson"",""reg_lambda"":1.0,""subsample"":0.9,""tweedie_variance_power"":null}",ok,757,2.6182628473772747,2.700045540843199,2.5402906208718625,2.412931191958497,1.0306942150101908,1.1189898617256717,0.8755992999940645,
cbc3194022a160f26108,home,lightgbm,dratings_plus_pitcher,"{""colsample_bytree"":0.9,""learning_rate"":0.05,""min_child_samples"":10,""n_estimators"":500,""num_leaves"":31,""objective"":""poisson"",""reg_lambda"":1.0,""subsample"":0.9,""tweedie_variance_power"":null}",ok,757,2.607860959788039,2.803769711523719,2.5402906208718625,2.412931191958497,1.0265994521890511,1.1619766534859168,1.7577880000171717,
a8839b6b15cd6ec9e72b,home,lightgbm,dratings_plus_pitcher,"{""colsample_bytree"":0.9,""learning_rate"":0.05,""min_child_samples"":30,""n_estimators"":500,""num_leaves"":31,""objective"":""poisson"",""reg_lambda"":1.0,""subsample"":0.9,""tweedie_variance_power"":null}",ok,757,2.5710516277818996,2.7004968627384156,2.5402906208718625,2.412931191958497,1.0121092471299522,1.119176904728274,1.5299321000056807,
f10885ec98f01ac7c29e,home,lightgbm,dratings_plus_pitcher,"{""colsample_bytree"":0.9,""learning_rate"":0.1,""min_child_samples"":10,""n_estimators"":500,""num_leaves"":15,""objective"":""poisson"",""reg_lambda"":1.0,""subsample"":0.9,""tweedie_variance_power"":null}",ok,757,2.65392802026086,2.8966664932981696,2.5402906208718625,2.412931191958497,1.0447340152560953,1.2004762104082383,0.8881201000185683,
5e5c0bc480fc20421be9,home,lightgbm,dratings_plus_pitcher,"{""colsample_bytree"":0.9,""learning_rate"":0.1,""min_child_samples"":30,""n_estimators"":500,""num_leaves"":15,""objective"":""poisson"",""reg_lambda"":1.0,""subsample"":0.9,""tweedie_variance_power"":null}",ok,757,2.63293316487386,2.803494275341437,2.5402906208718625,2.412931191958497,1.036469269791738,1.1618625034499772,0.8655582999926992,
a7ff644132377108fbda,home,lightgbm,dratings_plus_pitcher,"{""colsample_bytree"":0.9,""learning_rate"":0.1,""min_child_samples"":10,""n_estimators"":500,""num_leaves"":31,""objective"":""poisson"",""reg_lambda"":1.0,""subsample"":0.9,""tweedie_variance_power"":null}",ok,757,2.5974260039084496,2.9366479273531336,2.5402906208718625,2.412931191958497,1.022491671845396,1.2170458640262978,1.7065546999801882,
7dc582c21f85c82be296,home,lightgbm,dratings_plus_pitcher,"{""colsample_bytree"":0.9,""learning_rate"":0.1,""min_child_samples"":30,""n_estimators"":500,""num_leaves"":31,""objective"":""poisson"",""reg_lambda"":1.0,""subsample"":0.9,""tweedie_variance_power"":null}",ok,757,2.621562194743585,2.9138648003506975,2.5402906208718625,2.412931191958497,1.0319930220597473,1.2076037684214316,1.4919387000263669,
fa4a6adf79aa89761779,home,lightgbm,dratings_plus_pitcher,"{""colsample_bytree"":0.9,""learning_rate"":0.025,""min_child_samples"":10,""n_estimators"":500,""num_leaves"":15,""objective"":""tweedie"",""reg_lambda"":1.0,""subsample"":0.9,""tweedie_variance_power"":1.5}",ok,757,2.641606355898619,2.838320434928449,2.5402906208718625,2.412931191958497,1.0398835212767834,1.1762956375994615,0.9048530999862123,
72e8a8c2e47219f46da6,home,lightgbm,dratings_plus_pitcher,"{""colsample_bytree"":0.9,""learning_rate"":0.025,""min_child_samples"":30,""n_estimators"":500,""num_leaves"":15,""objective"":""tweedie"",""reg_lambda"":1.0,""subsample"":0.9,""tweedie_variance_power"":1.5}",ok,757,2.6080066924547296,2.7529262024735037,2.5402906208718625,2.412931191958497,1.0266568206907074,1.14090538994568,0.9261622999911197,
b1e3ca0c2987d14960a3,home,lightgbm,dratings_plus_pitcher,"{""colsample_bytree"":0.9,""learning_rate"":0.025,""min_child_samples"":10,""n_estimators"":500,""num_leaves"":31,""objective"":""tweedie"",""reg_lambda"":1.0,""subsample"":0.9,""tweedie_variance_power"":1.5}",ok,757,2.6560747023683984,2.995373275906571,2.5402906208718625,2.412931191958497,1.0455790690030564,1.2413836274690142,1.7636557000223547,
f50a0a148e40987b184b,home,lightgbm,dratings_plus_pitcher,"{""colsample_bytree"":0.9,""learning_rate"":0.025,""min_child_samples"":30,""n_estimators"":500,""num_leaves"":31,""objective"":""tweedie"",""reg_lambda"":1.0,""subsample"":0.9,""tweedie_variance_power"":1.5}",ok,757,2.586569043233174,2.8417702602478867,2.5402906208718625,2.412931191958497,1.0182177668889822,1.1777253614684782,1.50375700002769,
80977ab9b66642ca9c83,home,lightgbm,dratings_plus_pitcher,"{""colsample_bytree"":0.9,""learning_rate"":0.05,""min_child_samples"":10,""n_estimators"":500,""num_leaves"":15,""objective"":""tweedie"",""reg_lambda"":1.0,""subsample"":0.9,""tweedie_variance_power"":1.5}",ok,757,2.681725321836248,3.1191759237549803,2.5402906208718625,2.412931191958497,1.0556765827509307,1.2926916167979277,0.9120473999937531,
6677163d87c509a540cf,home,lightgbm,dratings_plus_pitcher,"{""colsample_bytree"":0.9,""learning_rate"":0.05,""min_child_samples"":30,""n_estimators"":500,""num_leaves"":15,""objective"":""tweedie"",""reg_lambda"":1.0,""subsample"":0.9,""tweedie_variance_power"":1.5}",ok,757,2.639767658473324,2.9306489200120205,2.5402906208718625,2.412931191958497,1.039159707469738,1.214559673221891,0.9774064999946859,
ffad4d804ce8fb583071,home,lightgbm,dratings_plus_pitcher,"{""colsample_bytree"":0.9,""learning_rate"":0.05,""min_child_samples"":10,""n_estimators"":500,""num_leaves"":31,""objective"":""tweedie"",""reg_lambda"":1.0,""subsample"":0.9,""tweedie_variance_power"":1.5}",ok,757,2.7263907571075046,3.3450171501871395,2.5402906208718625,2.412931191958497,1.0732593880033183,1.3862878317189389,1.8018831000081263,
fe8afc0deadbcd839cc8,home,lightgbm,dratings_plus_pitcher,"{""colsample_bytree"":0.9,""learning_rate"":0.05,""min_child_samples"":30,""n_estimators"":500,""num_leaves"":31,""objective"":""tweedie"",""reg_lambda"":1.0,""subsample"":0.9,""tweedie_variance_power"":1.5}",ok,757,2.6385436529830484,3.0042645830073114,2.5402906208718625,2.412931191958497,1.038677870675074,1.24506848476224,1.5198916999797802,
27830a2cb784e0ffd1a3,home,lightgbm,dratings_plus_pitcher,"{""colsample_bytree"":0.9,""learning_rate"":0.1,""min_child_samples"":10,""n_estimators"":500,""num_leaves"":15,""objective"":""tweedie"",""reg_lambda"":1.0,""subsample"":0.9,""tweedie_variance_power"":1.5}",ok,757,2.738598850974499,3.4259355982980098,2.5402906208718625,2.412931191958497,1.078065174304574,1.41982316350981,0.8922556999896187,
aabbe4f7fe9224d96b65,home,lightgbm,dratings_plus_pitcher,"{""colsample_bytree"":0.9,""learning_rate"":0.1,""min_child_samples"":30,""n_estimators"":500,""num_leaves"":15,""objective"":""tweedie"",""reg_lambda"":1.0,""subsample"":0.9,""tweedie_variance_power"":1.5}",ok,757,2.713638923799827,3.2569765420224797,2.5402906208718625,2.412931191958497,1.0682395555467858,1.3498008367900862,0.8780913000227883,
39bc66e68ad34820d3cd,home,lightgbm,dratings_plus_pitcher,"{""colsample_bytree"":0.9,""learning_rate"":0.1,""min_child_samples"":10,""n_estimators"":500,""num_leaves"":31,""objective"":""tweedie"",""reg_lambda"":1.0,""subsample"":0.9,""tweedie_variance_power"":1.5}",ok,757,2.7535543340309436,3.5889735433681587,2.5402906208718625,2.412931191958497,1.0839524861473866,1.4873915822088182,1.772445400012657,
759b96a42924782f8b7e,home,lightgbm,dratings_plus_pitcher,"{""colsample_bytree"":0.9,""learning_rate"":0.1,""min_child_samples"":30,""n_estimators"":500,""num_leaves"":31,""objective"":""tweedie"",""reg_lambda"":1.0,""subsample"":0.9,""tweedie_variance_power"":1.5}",ok,757,2.7031391033842547,3.3705052942746843,2.5402906208718625,2.412931191958497,1.0641062409058142,1.3968509775610118,1.5468972999951802,
df2a20e00d0f565660ef,home,lightgbm,dratings_plus_pitcher,"{""colsample_bytree"":0.9,""learning_rate"":0.025,""min_child_samples"":10,""n_estimators"":500,""num_leaves"":15,""objective"":""regression"",""reg_lambda"":1.0,""subsample"":0.9,""tweedie_variance_power"":null}",ok,757,2.697521822979805,2.6552651428565213,2.5402906208718625,2.412931191958497,1.0618949661964183,1.1004313557326637,0.9694712000200525,
8789efb06fa6cfe7f532,home,lightgbm,dratings_plus_pitcher,"{""colsample_bytree"":0.9,""learning_rate"":0.025,""min_child_samples"":30,""n_estimators"":500,""num_leaves"":15,""objective"":""regression"",""reg_lambda"":1.0,""subsample"":0.9,""tweedie_variance_power"":null}",ok,757,2.668168306296122,2.6854304298641667,2.5402906208718625,2.412931191958497,1.0503397856818328,1.1129328672171919,0.9170274000207428,
1edbc1e184fd9e1f2312,home,lightgbm,dratings_plus_pitcher,"{""colsample_bytree"":0.9,""learning_rate"":0.025,""min_child_samples"":10,""n_estimators"":500,""num_leaves"":31,""objective"":""regression"",""reg_lambda"":1.0,""subsample"":0.9,""tweedie_variance_power"":null}",ok,757,2.7088295847700974,2.688813362894873,2.5402906208718625,2.412931191958497,1.0663463316021653,1.114334868667536,1.8804709000105504,
cbd3e7b824d698a2d49d,home,lightgbm,dratings_plus_pitcher,"{""colsample_bytree"":0.9,""learning_rate"":0.025,""min_child_samples"":30,""n_estimators"":500,""num_leaves"":31,""objective"":""regression"",""reg_lambda"":1.0,""subsample"":0.9,""tweedie_variance_power"":null}",ok,757,2.6805313159744237,2.6999013830592156,2.5402906208718625,2.412931191958497,1.0552065554823915,1.118930117881975,1.5648015000042506,
15c73d040a5dc0dcb88b,home,lightgbm,dratings_plus_pitcher,"{""colsample_bytree"":0.9,""learning_rate"":0.05,""min_child_samples"":10,""n_estimators"":500,""num_leaves"":15,""objective"":""regression"",""reg_lambda"":1.0,""subsample"":0.9,""tweedie_variance_power"":null}",ok,757,2.7558980124302357,2.7976794382800096,2.5402906208718625,2.412931191958497,1.0848750886165828,1.1594526390158788,0.9655513000034261,
d3c91b496c88b9f5b5a6,home,lightgbm,dratings_plus_pitcher,"{""colsample_bytree"":0.9,""learning_rate"":0.05,""min_child_samples"":30,""n_estimators"":500,""num_leaves"":15,""objective"":""regression"",""reg_lambda"":1.0,""subsample"":0.9,""tweedie_variance_power"":null}",ok,757,2.7429887312584715,2.815760932161274,2.5402906208718625,2.412931191958497,1.0797932759036208,1.166946219413664,0.8991982000006828,
7632c14595f83f6e32c3,home,lightgbm,dratings_plus_pitcher,"{""colsample_bytree"":0.9,""learning_rate"":0.05,""min_child_samples"":10,""n_estimators"":500,""num_leaves"":31,""objective"":""regression"",""reg_lambda"":1.0,""subsample"":0.9,""tweedie_variance_power"":null}",ok,757,2.748379155904675,2.742933705902988,2.5402906208718625,2.412931191958497,1.0819152475402178,1.1367641626268832,1.8424092000059318,
6e929ae97cb97b95f699,home,lightgbm,dratings_plus_pitcher,"{""colsample_bytree"":0.9,""learning_rate"":0.05,""min_child_samples"":30,""n_estimators"":500,""num_leaves"":31,""objective"":""regression"",""reg_lambda"":1.0,""subsample"":0.9,""tweedie_variance_power"":null}",ok,757,2.7263807878820807,2.7888449807323634,2.5402906208718625,2.412931191958497,1.0732554635604448,1.1557913420932444,1.5966792000108398,
463064a7379d08ed53df,home,lightgbm,dratings_plus_pitcher,"{""colsample_bytree"":0.9,""learning_rate"":0.1,""min_child_samples"":10,""n_estimators"":500,""num_leaves"":15,""objective"":""regression"",""reg_lambda"":1.0,""subsample"":0.9,""tweedie_variance_power"":null}",ok,757,2.8193184733078547,2.869828437780135,2.5402906208718625,2.412931191958497,1.1098409174696027,1.189353615778322,0.9086627999786288,
f29edc8ea1fc340a7004,home,lightgbm,dratings_plus_pitcher,"{""colsample_bytree"":0.9,""learning_rate"":0.1,""min_child_samples"":30,""n_estimators"":500,""num_leaves"":15,""objective"":""regression"",""reg_lambda"":1.0,""subsample"":0.9,""tweedie_variance_power"":null}",ok,757,2.788702298008972,3.0048167287393874,2.5402906208718625,2.412931191958497,1.0977886841356173,1.2452973125605278,0.8753257999778725,
d104494d920cc56d9e2e,home,lightgbm,dratings_plus_pitcher,"{""colsample_bytree"":0.9,""learning_rate"":0.1,""min_child_samples"":10,""n_estimators"":500,""num_leaves"":31,""objective"":""regression"",""reg_lambda"":1.0,""subsample"":0.9,""tweedie_variance_power"":null}",ok,757,2.814330737015626,2.812826311767125,2.5402906208718625,2.412931191958497,1.1078774664174877,1.1657300138277238,1.8253736000042409,
3c8c687031ce7c4718ec,home,lightgbm,dratings_plus_pitcher,"{""colsample_bytree"":0.9,""learning_rate"":0.1,""min_child_samples"":30,""n_estimators"":500,""num_leaves"":31,""objective"":""regression"",""reg_lambda"":1.0,""subsample"":0.9,""tweedie_variance_power"":null}",ok,757,2.746896953148225,2.881819208012143,2.5402906208718625,2.412931191958497,1.0813317699080636,1.1943229950428322,1.5784781000111252,
8a195797d3b8eb3844b6,home,xgboost,dratings_plus_pitcher,"{""colsample_bytree"":0.9,""learning_rate"":0.025,""max_depth"":3,""min_child_weight"":1.0,""n_estimators"":500,""objective"":""count:poisson"",""reg_lambda"":1.0,""subsample"":0.9,""tweedie_variance_power"":null}",ok,757,2.5746696856724225,2.482763059731886,2.5402906208718625,2.412931191958497,1.0135335164087487,1.0289406792892046,1.3418408000143245,
49188b995888cb158830,home,xgboost,dratings_plus_pitcher,"{""colsample_bytree"":0.9,""learning_rate"":0.025,""max_depth"":3,""min_child_weight"":5.0,""n_estimators"":500,""objective"":""count:poisson"",""reg_lambda"":1.0,""subsample"":0.9,""tweedie_variance_power"":null}",ok,757,2.5746696856724225,2.482763059731886,2.5402906208718625,2.412931191958497,1.0135335164087487,1.0289406792892046,1.328983099985635,
6c79b08faf4fb8a1ac12,home,xgboost,dratings_plus_pitcher,"{""colsample_bytree"":0.9,""learning_rate"":0.025,""max_depth"":6,""min_child_weight"":1.0,""n_estimators"":500,""objective"":""count:poisson"",""reg_lambda"":1.0,""subsample"":0.9,""tweedie_variance_power"":null}",ok,757,2.5903119763735893,2.6624216290723637,2.5402906208718625,2.412931191958497,1.019691194027461,1.103397244788967,4.174802399997134,
1bec442c9c8ab34d2c3f,home,xgboost,dratings_plus_pitcher,"{""colsample_bytree"":0.9,""learning_rate"":0.025,""max_depth"":6,""min_child_weight"":5.0,""n_estimators"":500,""objective"":""count:poisson"",""reg_lambda"":1.0,""subsample"":0.9,""tweedie_variance_power"":null}",ok,757,2.582987542590188,2.6490099718371267,2.5402906208718625,2.412931191958497,1.0168078885807448,1.097839002067445,4.025137399992673,
3afaad5341990d3222c3,home,xgboost,dratings_plus_pitcher,"{""colsample_bytree"":0.9,""learning_rate"":0.05,""max_depth"":3,""min_child_weight"":1.0,""n_estimators"":500,""objective"":""count:poisson"",""reg_lambda"":1.0,""subsample"":0.9,""tweedie_variance_power"":null}",ok,757,2.620716929120778,2.5745287852003043,2.5402906208718625,2.412931191958497,1.0316602783902387,1.0669714883625188,1.3222683999920264,
59ddffb29b13a6ea0f23,home,xgboost,dratings_plus_pitcher,"{""colsample_bytree"":0.9,""learning_rate"":0.05,""max_depth"":3,""min_child_weight"":5.0,""n_estimators"":500,""objective"":""count:poisson"",""reg_lambda"":1.0,""subsample"":0.9,""tweedie_variance_power"":null}",ok,757,2.619623419788114,2.576116534797593,2.5402906208718625,2.412931191958497,1.0312298121578796,1.0676295053016593,1.3536971999856178,
5c14cb45ff61a41265f1,home,xgboost,dratings_plus_pitcher,"{""colsample_bytree"":0.9,""learning_rate"":0.05,""max_depth"":6,""min_child_weight"":1.0,""n_estimators"":500,""objective"":""count:poisson"",""reg_lambda"":1.0,""subsample"":0.9,""tweedie_variance_power"":null}",ok,757,2.656445698071975,3.121772269424574,2.5402906208718625,2.412931191958497,1.045725113593596,1.2937676299383962,3.9575940999784507,
2d903ae3a2d436af1f8f,home,xgboost,dratings_plus_pitcher,"{""colsample_bytree"":0.9,""learning_rate"":0.05,""max_depth"":6,""min_child_weight"":5.0,""n_estimators"":500,""objective"":""count:poisson"",""reg_lambda"":1.0,""subsample"":0.9,""tweedie_variance_power"":null}",ok,757,2.637660408744409,3.0111403616233843,2.5402906208718625,2.412931191958497,1.0383301765052093,1.2479180391295537,3.9558560000150464,
67f94887771cb295f191,home,xgboost,dratings_plus_pitcher,"{""colsample_bytree"":0.9,""learning_rate"":0.1,""max_depth"":3,""min_child_weight"":1.0,""n_estimators"":500,""objective"":""count:poisson"",""reg_lambda"":1.0,""subsample"":0.9,""tweedie_variance_power"":null}",ok,757,2.679923175899324,2.7886246129835763,2.5402906208718625,2.412931191958497,1.0549671576473159,1.1557000142719118,1.2976557000074536,
b77355b611898d65b1c1,home,xgboost,dratings_plus_pitcher,"{""colsample_bytree"":0.9,""learning_rate"":0.1,""max_depth"":3,""min_child_weight"":5.0,""n_estimators"":500,""objective"":""count:poisson"",""reg_lambda"":1.0,""subsample"":0.9,""tweedie_variance_power"":null}",ok,757,2.6846710943482828,2.795140733832227,2.5402906208718625,2.412931191958497,1.0568362030273792,1.1584005143401968,1.350298900011694,
81c0a44bd6f6dba31734,home,xgboost,dratings_plus_pitcher,"{""colsample_bytree"":0.9,""learning_rate"":0.1,""max_depth"":6,""min_child_weight"":1.0,""n_estimators"":500,""objective"":""count:poisson"",""reg_lambda"":1.0,""subsample"":0.9,""tweedie_variance_power"":null}",ok,757,2.7711879687784844,3.8141984333330945,2.5402906208718625,2.412931191958497,1.0908940677926744,1.5807323665277146,3.8590867999882903,
bc8c7daac7442c65d0f1,home,xgboost,dratings_plus_pitcher,"{""colsample_bytree"":0.9,""learning_rate"":0.1,""max_depth"":6,""min_child_weight"":5.0,""n_estimators"":500,""objective"":""count:poisson"",""reg_lambda"":1.0,""subsample"":0.9,""tweedie_variance_power"":null}",ok,757,2.7494725893242986,3.636788224074714,2.5402906208718625,2.412931191958497,1.0823456838889725,1.5072075972140972,3.8099882999958936,
d288fa20b79da2730fe6,home,xgboost,dratings_plus_pitcher,"{""colsample_bytree"":0.9,""learning_rate"":0.025,""max_depth"":3,""min_child_weight"":1.0,""n_estimators"":500,""objective"":""reg:tweedie"",""reg_lambda"":1.0,""subsample"":0.9,""tweedie_variance_power"":1.5}",ok,757,2.576409469035059,2.688607936392728,2.5402906208718625,2.412931191958497,1.0142183921266459,1.114249733002321,1.3242524999950547,
86062a891782815f840b,home,xgboost,dratings_plus_pitcher,"{""colsample_bytree"":0.9,""learning_rate"":0.025,""max_depth"":3,""min_child_weight"":5.0,""n_estimators"":500,""objective"":""reg:tweedie"",""reg_lambda"":1.0,""subsample"":0.9,""tweedie_variance_power"":1.5}",ok,757,2.569771389271498,2.6303820748060334,2.5402906208718625,2.412931191958497,1.0116052738837877,1.090118973790976,1.374926599994069,
c8bc5cf911a2f73470e2,home,xgboost,dratings_plus_pitcher,"{""colsample_bytree"":0.9,""learning_rate"":0.025,""max_depth"":6,""min_child_weight"":1.0,""n_estimators"":500,""objective"":""reg:tweedie"",""reg_lambda"":1.0,""subsample"":0.9,""tweedie_variance_power"":1.5}",ok,757,2.695858875129623,3.405891078973596,2.5402906208718625,2.412931191958497,1.0612403372195136,1.4115160392158328,4.353690799995093,
49d414a13db33551e21d,home,xgboost,dratings_plus_pitcher,"{""colsample_bytree"":0.9,""learning_rate"":0.025,""max_depth"":6,""min_child_weight"":5.0,""n_estimators"":500,""objective"":""reg:tweedie"",""reg_lambda"":1.0,""subsample"":0.9,""tweedie_variance_power"":1.5}",ok,757,2.631058086098579,3.10192580736939,2.5402906208718625,2.412931191958497,1.0357311342572149,1.2855425872511759,3.6308781999978237,
609c827f3b895e367cd4,home,xgboost,dratings_plus_pitcher,"{""colsample_bytree"":0.9,""learning_rate"":0.05,""max_depth"":3,""min_child_weight"":1.0,""n_estimators"":500,""objective"":""reg:tweedie"",""reg_lambda"":1.0,""subsample"":0.9,""tweedie_variance_power"":1.5}",ok,757,2.6593385188393737,3.0623259954813635,2.5402906208718625,2.412931191958497,1.0468638891114956,1.2691310907194888,1.360081299993908,
49d2cebe6cf3f6a67e66,home,xgboost,dratings_plus_pitcher,"{""colsample_bytree"":0.9,""learning_rate"":0.05,""max_depth"":3,""min_child_weight"":5.0,""n_estimators"":500,""objective"":""reg:tweedie"",""reg_lambda"":1.0,""subsample"":0.9,""tweedie_variance_power"":1.5}",ok,757,2.6364509932588556,2.9190461493676123,2.5402906208718625,2.412931191958497,1.037854083149742,1.2097510940617906,1.3595516000059433,
dcab48471259cae6dea4,home,xgboost,dratings_plus_pitcher,"{""colsample_bytree"":0.9,""learning_rate"":0.05,""max_depth"":6,""min_child_weight"":1.0,""n_estimators"":500,""objective"":""reg:tweedie"",""reg_lambda"":1.0,""subsample"":0.9,""tweedie_variance_power"":1.5}",ok,757,2.7861443475735235,3.9440180574599184,2.5402906208718625,2.412931191958497,1.0967817322481317,1.634533993594193,3.963306099991314,
f92f640e66abd67de7a9,home,xgboost,dratings_plus_pitcher,"{""colsample_bytree"":0.9,""learning_rate"":0.05,""max_depth"":6,""min_child_weight"":5.0,""n_estimators"":500,""objective"":""reg:tweedie"",""reg_lambda"":1.0,""subsample"":0.9,""tweedie_variance_power"":1.5}",ok,757,2.713074800517789,3.4672513413631854,2.5402906208718625,2.412931191958497,1.0680174851752295,1.436945799746959,3.5709408999828156,
b130d64058593a25a5a3,home,xgboost,dratings_plus_pitcher,"{""colsample_bytree"":0.9,""learning_rate"":0.1,""max_depth"":3,""min_child_weight"":1.0,""n_estimators"":500,""objective"":""reg:tweedie"",""reg_lambda"":1.0,""subsample"":0.9,""tweedie_variance_power"":1.5}",ok,757,2.750686495511976,3.4314113235412136,2.5402906208718625,2.412931191958497,1.0828235450351356,1.4220924885786113,1.3800697999831755,
705d04eaff3363854578,home,xgboost,dratings_plus_pitcher,"{""colsample_bytree"":0.9,""learning_rate"":0.1,""max_depth"":3,""min_child_weight"":5.0,""n_estimators"":500,""objective"":""reg:tweedie"",""reg_lambda"":1.0,""subsample"":0.9,""tweedie_variance_power"":1.5}",ok,757,2.724249213697731,3.314031285040617,2.5402906208718625,2.412931191958497,1.0724163571342602,1.3734462450007645,1.3705532999883872,
f44d7d6eae8495f52baa,home,xgboost,dratings_plus_pitcher,"{""colsample_bytree"":0.9,""learning_rate"":0.1,""max_depth"":6,""min_child_weight"":1.0,""n_estimators"":500,""objective"":""reg:tweedie"",""reg_lambda"":1.0,""subsample"":0.9,""tweedie_variance_power"":1.5}",ok,757,2.917685571688878,4.781374780556961,2.5402906208718625,2.412931191958497,1.1485636909872494,1.9815628379672425,3.853667100018356,
6abe0b8e8f411376b79a,home,xgboost,dratings_plus_pitcher,"{""colsample_bytree"":0.9,""learning_rate"":0.1,""max_depth"":6,""min_child_weight"":5.0,""n_estimators"":500,""objective"":""reg:tweedie"",""reg_lambda"":1.0,""subsample"":0.9,""tweedie_variance_power"":1.5}",ok,757,2.7696314134697775,4.035872224330135,2.5402906208718625,2.412931191958497,1.0902813208510773,1.6726014557648246,3.5250193999963813,
c83f5e3fd36f75546c94,home,xgboost,dratings_plus_pitcher,"{""colsample_bytree"":0.9,""learning_rate"":0.025,""max_depth"":3,""min_child_weight"":1.0,""n_estimators"":500,""objective"":""reg:squarederror"",""reg_lambda"":1.0,""subsample"":0.9,""tweedie_variance_power"":null}",ok,757,2.6545597344755025,2.5880444588437004,2.5402906208718625,2.412931191958497,1.0449826931866644,1.0725728389888605,1.292242499999702,
43c54b54da52a2b7c875,home,xgboost,dratings_plus_pitcher,"{""colsample_bytree"":0.9,""learning_rate"":0.025,""max_depth"":3,""min_child_weight"":5.0,""n_estimators"":500,""objective"":""reg:squarederror"",""reg_lambda"":1.0,""subsample"":0.9,""tweedie_variance_power"":null}",ok,757,2.6411791364299417,2.5623257963561707,2.5402906208718625,2.412931191958497,1.0397153438780373,1.0619141585535288,1.4442836999951396,
f160bd5a9dd40179fb67,home,xgboost,dratings_plus_pitcher,"{""colsample_bytree"":0.9,""learning_rate"":0.025,""max_depth"":6,""min_child_weight"":1.0,""n_estimators"":500,""objective"":""reg:squarederror"",""reg_lambda"":1.0,""subsample"":0.9,""tweedie_variance_power"":null}",ok,757,2.698211905820839,2.659695315126964,2.5402906208718625,2.412931191958497,1.0621666212721659,1.1022673684151667,4.186556100001326,
46f70481d2b5c0e14533,home,xgboost,dratings_plus_pitcher,"{""colsample_bytree"":0.9,""learning_rate"":0.025,""max_depth"":6,""min_child_weight"":5.0,""n_estimators"":500,""objective"":""reg:squarederror"",""reg_lambda"":1.0,""subsample"":0.9,""tweedie_variance_power"":null}",ok,757,2.7006429171625186,2.633617212451206,2.5402906208718625,2.412931191958497,1.063123602855968,1.0914597238529564,3.4352134999935515,
bc5c9dd888b356bdc365,home,xgboost,dratings_plus_pitcher,"{""colsample_bytree"":0.9,""learning_rate"":0.05,""max_depth"":3,""min_child_weight"":1.0,""n_estimators"":500,""objective"":""reg:squarederror"",""reg_lambda"":1.0,""subsample"":0.9,""tweedie_variance_power"":null}",ok,757,2.769160725166492,2.7593499659391343,2.5402906208718625,2.412931191958497,1.0900960316958057,1.1435676140020639,1.3103870999766514,
fa612cc441cc50d3d763,home,xgboost,dratings_plus_pitcher,"{""colsample_bytree"":0.9,""learning_rate"":0.05,""max_depth"":3,""min_child_weight"":5.0,""n_estimators"":500,""objective"":""reg:squarederror"",""reg_lambda"":1.0,""subsample"":0.9,""tweedie_variance_power"":null}",ok,757,2.7177333304242697,2.686956931720541,2.5402906208718625,2.412931191958497,1.0698513422418992,1.1135655010284924,1.3176043999847025,
63add35aac32d7c3402c,home,xgboost,dratings_plus_pitcher,"{""colsample_bytree"":0.9,""learning_rate"":0.05,""max_depth"":6,""min_child_weight"":1.0,""n_estimators"":500,""objective"":""reg:squarederror"",""reg_lambda"":1.0,""subsample"":0.9,""tweedie_variance_power"":null}",ok,757,2.750696024617557,2.7090719103913488,2.5402906208718625,2.412931191958497,1.082827296222304,1.1227306934486119,4.263532600016333,
b3ae35aec8d7089a0114,home,xgboost,dratings_plus_pitcher,"{""colsample_bytree"":0.9,""learning_rate"":0.05,""max_depth"":6,""min_child_weight"":5.0,""n_estimators"":500,""objective"":""reg:squarederror"",""reg_lambda"":1.0,""subsample"":0.9,""tweedie_variance_power"":null}",ok,757,2.7257783061761995,2.662669131781768,2.5402906208718625,2.412931191958497,1.0730182931749261,1.103499818252408,3.514295300003141,
f2d1077c518d3280030c,home,xgboost,dratings_plus_pitcher,"{""colsample_bytree"":0.9,""learning_rate"":0.1,""max_depth"":3,""min_child_weight"":1.0,""n_estimators"":500,""objective"":""reg:squarederror"",""reg_lambda"":1.0,""subsample"":0.9,""tweedie_variance_power"":null}",ok,757,2.8663166005120093,2.9488408948600098,2.5402906208718625,2.412931191958497,1.1283420003055595,1.2220990406554164,1.353261799988104,
3882bf55f91c16aa487e,home,xgboost,dratings_plus_pitcher,"{""colsample_bytree"":0.9,""learning_rate"":0.1,""max_depth"":3,""min_child_weight"":5.0,""n_estimators"":500,""objective"":""reg:squarederror"",""reg_lambda"":1.0,""subsample"":0.9,""tweedie_variance_power"":null}",ok,757,2.774173100408821,2.833143484080463,2.5402906208718625,2.412931191958497,1.0920691820122088,1.1741501347085217,1.2797482000023592,
edfba7da26a2b36c7a09,home,xgboost,dratings_plus_pitcher,"{""colsample_bytree"":0.9,""learning_rate"":0.1,""max_depth"":6,""min_child_weight"":1.0,""n_estimators"":500,""objective"":""reg:squarederror"",""reg_lambda"":1.0,""subsample"":0.9,""tweedie_variance_power"":null}",ok,757,2.785283290174552,2.9037378288497093,2.5402906208718625,2.412931191958497,1.096442772055193,1.203406810159738,4.2499944000155665,
0111bfe537488bad4cd1,home,xgboost,dratings_plus_pitcher,"{""colsample_bytree"":0.9,""learning_rate"":0.1,""max_depth"":6,""min_child_weight"":5.0,""n_estimators"":500,""objective"":""reg:squarederror"",""reg_lambda"":1.0,""subsample"":0.9,""tweedie_variance_power"":null}",ok,757,2.7932543204199214,2.7959176896079585,2.5402906208718625,2.412931191958497,1.0995806139146544,1.158722510996513,3.4710527999850456,
97c02da14f452bad6449,home,hist_gradient_boosting,dratings_plus_bullpen,"{""l2_regularization"":0.0,""learning_rate"":0.025,""loss"":""poisson"",""max_iter"":300,""max_leaf_nodes"":15,""min_samples_leaf"":10}",ok,757,2.5415274974194313,2.4912854221255216,2.5402906208718625,2.412931191958497,1.0004869035603274,1.032472633462634,1.7091273999831174,
bcb17ffb34951dca0ab9,home,hist_gradient_boosting,dratings_plus_bullpen,"{""l2_regularization"":5.0,""learning_rate"":0.025,""loss"":""poisson"",""max_iter"":300,""max_leaf_nodes"":15,""min_samples_leaf"":10}",ok,757,2.5573325289474003,2.4961635514311493,2.5402906208718625,2.412931191958497,1.0067086450406564,1.0344942946363487,1.5982326999946963,
e6e02d02d73354e89f67,home,hist_gradient_boosting,dratings_plus_bullpen,"{""l2_regularization"":0.0,""learning_rate"":0.025,""loss"":""poisson"",""max_iter"":300,""max_leaf_nodes"":15,""min_samples_leaf"":30}",ok,757,2.5789082665699965,2.5840278970727746,2.5402906208718625,2.412931191958497,1.0152020581349388,1.0709082404357348,1.4831448000040837,
193f368fdd103e716ac5,home,hist_gradient_boosting,dratings_plus_bullpen,"{""l2_regularization"":5.0,""learning_rate"":0.025,""loss"":""poisson"",""max_iter"":300,""max_leaf_nodes"":15,""min_samples_leaf"":30}",ok,757,2.5877389840459246,2.596825539187967,2.5402906208718625,2.412931191958497,1.0186783208126704,1.076212014599641,1.4592409000033513,
98c599e55edc785fced2,home,hist_gradient_boosting,dratings_plus_bullpen,"{""l2_regularization"":0.0,""learning_rate"":0.025,""loss"":""poisson"",""max_iter"":300,""max_leaf_nodes"":31,""min_samples_leaf"":10}",ok,757,2.5651357426983483,2.6892212006888023,2.5402906208718625,2.412931191958497,1.0097804249727769,1.1145038903931819,2.8200510000169743,
53436d20f16a80e52755,home,hist_gradient_boosting,dratings_plus_bullpen,"{""l2_regularization"":5.0,""learning_rate"":0.025,""loss"":""poisson"",""max_iter"":300,""max_leaf_nodes"":31,""min_samples_leaf"":10}",ok,757,2.593704708925782,2.6871614813388813,2.5402906208718625,2.412931191958497,1.0210267626920524,1.113650273283508,2.9154943999892566,
54df6eaabc8685011ecf,home,hist_gradient_boosting,dratings_plus_bullpen,"{""l2_regularization"":0.0,""learning_rate"":0.025,""loss"":""poisson"",""max_iter"":300,""max_leaf_nodes"":31,""min_samples_leaf"":30}",ok,757,2.6130475444418644,2.6918974688133614,2.5402906208718625,2.412931191958497,1.0286411810413372,1.1156130260923174,2.413446999998996,
b06732baedc29871a4ca,home,hist_gradient_boosting,dratings_plus_bullpen,"{""l2_regularization"":5.0,""learning_rate"":0.025,""loss"":""poisson"",""max_iter"":300,""max_leaf_nodes"":31,""min_samples_leaf"":30}",ok,757,2.601998107703296,2.6860059366683844,2.5402906208718625,2.412931191958497,1.0242915067765965,1.1131713766310267,2.3350405000091996,
103b9f06eb292253ba33,home,hist_gradient_boosting,dratings_plus_bullpen,"{""l2_regularization"":0.0,""learning_rate"":0.05,""loss"":""poisson"",""max_iter"":300,""max_leaf_nodes"":15,""min_samples_leaf"":10}",ok,757,2.5626840106771764,2.6651464064777692,2.5402906208718625,2.412931191958497,1.0088152865744267,1.1045264843688134,1.4966585999936797,
7d23ce88df1384b07431,home,hist_gradient_boosting,dratings_plus_bullpen,"{""l2_regularization"":5.0,""learning_rate"":0.05,""loss"":""poisson"",""max_iter"":300,""max_leaf_nodes"":15,""min_samples_leaf"":10}",ok,757,2.584359755660033,2.6776648863890715,2.5402906208718625,2.412931191958497,1.017348068140741,1.1097145643078612,1.5220631000120193,
b7054164ada9453ffe20,home,hist_gradient_boosting,dratings_plus_bullpen,"{""l2_regularization"":0.0,""learning_rate"":0.05,""loss"":""poisson"",""max_iter"":300,""max_leaf_nodes"":15,""min_samples_leaf"":30}",ok,757,2.5945672658321324,2.7156911030335977,2.5402906208718625,2.412931191958497,1.0213663131746875,1.1254739099416093,1.4647552999958862,
fb9167e2cc644f07e212,home,hist_gradient_boosting,dratings_plus_bullpen,"{""l2_regularization"":5.0,""learning_rate"":0.05,""loss"":""poisson"",""max_iter"":300,""max_leaf_nodes"":15,""min_samples_leaf"":30}",ok,757,2.6209471634129455,2.762873877566201,2.5402906208718625,2.412931191958497,1.0317509114423296,1.1450280417336174,1.4878183999971952,
4e0906c431b6e1597aa9,home,hist_gradient_boosting,dratings_plus_bullpen,"{""l2_regularization"":0.0,""learning_rate"":0.05,""loss"":""poisson"",""max_iter"":300,""max_leaf_nodes"":31,""min_samples_leaf"":10}",ok,757,2.628070214797262,2.934626436618079,2.5402906208718625,2.412931191958497,1.0345549415504562,1.2162080901429018,2.821923200011952,
572e3f8d6d4688e9694b,home,hist_gradient_boosting,dratings_plus_bullpen,"{""l2_regularization"":5.0,""learning_rate"":0.05,""loss"":""poisson"",""max_iter"":300,""max_leaf_nodes"":31,""min_samples_leaf"":10}",ok,757,2.6223680997070735,2.9272825926366526,2.5402906208718625,2.412931191958497,1.0323102711795396,1.213164553714718,2.848924599995371,
7d02e5a02cbee361bc75,home,hist_gradient_boosting,dratings_plus_bullpen,"{""l2_regularization"":0.0,""learning_rate"":0.05,""loss"":""poisson"",""max_iter"":300,""max_leaf_nodes"":31,""min_samples_leaf"":30}",ok,757,2.6484002224362637,2.9128805787036547,2.5402906208718625,2.412931191958497,1.042557965878446,1.2071958738033326,2.4577136000152677,
acf618edad46beebde38,home,hist_gradient_boosting,dratings_plus_bullpen,"{""l2_regularization"":5.0,""learning_rate"":0.05,""loss"":""poisson"",""max_iter"":300,""max_leaf_nodes"":31,""min_samples_leaf"":30}",ok,757,2.62724773792791,2.8764285870310644,2.5402906208718625,2.412931191958497,1.0342311688046948,1.1920889400482082,2.50233930000104,
13cd4146821478a86af6,home,hist_gradient_boosting,dratings_plus_bullpen,"{""l2_regularization"":0.0,""learning_rate"":0.1,""loss"":""poisson"",""max_iter"":300,""max_leaf_nodes"":15,""min_samples_leaf"":10}",ok,757,2.635496798597439,2.881483163827652,2.5402906208718625,2.412931191958497,1.0374784589382535,1.1941837270083309,1.532775900006527,
6d791c33c52d6fe08afe,home,hist_gradient_boosting,dratings_plus_bullpen,"{""l2_regularization"":5.0,""learning_rate"":0.1,""loss"":""poisson"",""max_iter"":300,""max_leaf_nodes"":15,""min_samples_leaf"":10}",ok,757,2.638039763394383,2.9050237742199787,2.5402906208718625,2.412931191958497,1.0384795116430305,1.2039397492566153,1.516654600010952,
6399bde78395c6f3ea33,home,hist_gradient_boosting,dratings_plus_bullpen,"{""l2_regularization"":0.0,""learning_rate"":0.1,""loss"":""poisson"",""max_iter"":300,""max_leaf_nodes"":15,""min_samples_leaf"":30}",ok,757,2.656671575855102,2.9298058214639897,2.5402906208718625,2.412931191958497,1.0458140316808697,1.21421026477177,1.4605045999924187,
e08f444b330b29c7343c,home,hist_gradient_boosting,dratings_plus_bullpen,"{""l2_regularization"":5.0,""learning_rate"":0.1,""loss"":""poisson"",""max_iter"":300,""max_leaf_nodes"":15,""min_samples_leaf"":30}",ok,757,2.7093267750776664,3.01332723804819,2.5402906208718625,2.412931191958497,1.0665420534237096,1.248824354416162,1.4784805999952368,
2db05bbba253689e7f29,home,hist_gradient_boosting,dratings_plus_bullpen,"{""l2_regularization"":0.0,""learning_rate"":0.1,""loss"":""poisson"",""max_iter"":300,""max_leaf_nodes"":31,""min_samples_leaf"":10}",ok,757,2.681437912414555,3.239284623459054,2.5402906208718625,2.412931191958497,1.0555634423805607,1.3424687095324228,2.862881799985189,
2cd289f97eed27aedb54,home,hist_gradient_boosting,dratings_plus_bullpen,"{""l2_regularization"":5.0,""learning_rate"":0.1,""loss"":""poisson"",""max_iter"":300,""max_leaf_nodes"":31,""min_samples_leaf"":10}",ok,757,2.669902748569472,3.1372960758079262,2.5402906208718625,2.412931191958497,1.051022558849241,1.3002012184448102,2.8259939000126906,
31b0d06aae5b9bd1baf3,home,hist_gradient_boosting,dratings_plus_bullpen,"{""l2_regularization"":0.0,""learning_rate"":0.1,""loss"":""poisson"",""max_iter"":300,""max_leaf_nodes"":31,""min_samples_leaf"":30}",ok,757,2.6827139696840607,3.093125686224971,2.5402906208718625,2.412931191958497,1.05606576965722,1.281895520491151,2.442899799993029,
1bce5d09245da38e0925,home,hist_gradient_boosting,dratings_plus_bullpen,"{""l2_regularization"":5.0,""learning_rate"":0.1,""loss"":""poisson"",""max_iter"":300,""max_leaf_nodes"":31,""min_samples_leaf"":30}",ok,757,2.6911565080701587,3.078620841852081,2.5402906208718625,2.412931191958497,1.0593892234056734,1.2758842241801622,2.4286745999997947,
cc41c2978082dc07635a,home,hist_gradient_boosting,dratings_plus_bullpen,"{""l2_regularization"":0.0,""learning_rate"":0.025,""loss"":""squared_error"",""max_iter"":300,""max_leaf_nodes"":15,""min_samples_leaf"":10}",ok,757,2.556738630963469,2.462509728380734,2.5402906208718625,2.412931191958497,1.0064748536866075,1.0205470162545314,1.5524743999994826,
dcc6c41afa8463361ebc,home,hist_gradient_boosting,dratings_plus_bullpen,"{""l2_regularization"":5.0,""learning_rate"":0.025,""loss"":""squared_error"",""max_iter"":300,""max_leaf_nodes"":15,""min_samples_leaf"":10}",ok,757,2.581599788618171,2.499709779336539,2.5402906208718625,2.412931191958497,1.016261591255307,1.0359639709856818,1.6623991999949794,
d782e76fb7f675dfb9f0,home,hist_gradient_boosting,dratings_plus_bullpen,"{""l2_regularization"":0.0,""learning_rate"":0.025,""loss"":""squared_error"",""max_iter"":300,""max_leaf_nodes"":15,""min_samples_leaf"":30}",ok,757,2.5897622786302783,2.5697787123448617,2.5402906208718625,2.412931191958497,1.019474802352117,1.0650028980971715,1.459043600014411,
cf6c064d21054a6dc6e0,home,hist_gradient_boosting,dratings_plus_bullpen,"{""l2_regularization"":5.0,""learning_rate"":0.025,""loss"":""squared_error"",""max_iter"":300,""max_leaf_nodes"":15,""min_samples_leaf"":30}",ok,757,2.5984877343593245,2.5933554531254495,2.5402906208718625,2.412931191958497,1.02290962813833,1.0747738939959195,1.5079269999987446,
1df48db3e4b1596ffba9,home,hist_gradient_boosting,dratings_plus_bullpen,"{""l2_regularization"":0.0,""learning_rate"":0.025,""loss"":""squared_error"",""max_iter"":300,""max_leaf_nodes"":31,""min_samples_leaf"":10}",ok,757,2.609746241199026,2.5686139075268626,2.5402906208718625,2.412931191958497,1.0273416040497465,1.0645201637275048,2.8848831999930553,
ffc9b80292fa09cdf825,home,hist_gradient_boosting,dratings_plus_bullpen,"{""l2_regularization"":5.0,""learning_rate"":0.025,""loss"":""squared_error"",""max_iter"":300,""max_leaf_nodes"":31,""min_samples_leaf"":10}",ok,757,2.5938025601026666,2.544303830348903,2.5402906208718625,2.412931191958497,1.0210652823701085,1.0544452485127747,3.2084694000077434,
785224da500792651406,home,hist_gradient_boosting,dratings_plus_bullpen,"{""l2_regularization"":0.0,""learning_rate"":0.025,""loss"":""squared_error"",""max_iter"":300,""max_leaf_nodes"":31,""min_samples_leaf"":30}",ok,757,2.617111032166129,2.6363208898981254,2.5402906208718625,2.412931191958497,1.0302407963337283,1.0925802188989526,2.466959399986081,
3101effdb1fce4a49488,home,hist_gradient_boosting,dratings_plus_bullpen,"{""l2_regularization"":5.0,""learning_rate"":0.025,""loss"":""squared_error"",""max_iter"":300,""max_leaf_nodes"":31,""min_samples_leaf"":30}",ok,757,2.6463688517290196,2.662115050256177,2.5402906208718625,2.412931191958497,1.0417583051268164,1.1032701881960527,2.3738177999912295,
013dd3cad99358abe14d,home,hist_gradient_boosting,dratings_plus_bullpen,"{""l2_regularization"":0.0,""learning_rate"":0.05,""loss"":""squared_error"",""max_iter"":300,""max_leaf_nodes"":15,""min_samples_leaf"":10}",ok,757,2.604777189949548,2.5732418189160615,2.5402906208718625,2.412931191958497,1.025385508472079,1.0664381261644869,1.5108568999858107,
b0855824166be26921eb,home,hist_gradient_boosting,dratings_plus_bullpen,"{""l2_regularization"":5.0,""learning_rate"":0.05,""loss"":""squared_error"",""max_iter"":300,""max_leaf_nodes"":15,""min_samples_leaf"":10}",ok,757,2.634488991967768,2.606290340585902,2.5402906208718625,2.412931191958497,1.037081730067395,1.0801345472559711,1.577305199985858,
4edc0826386b0f696e28,home,hist_gradient_boosting,dratings_plus_bullpen,"{""l2_regularization"":0.0,""learning_rate"":0.05,""loss"":""squared_error"",""max_iter"":300,""max_leaf_nodes"":15,""min_samples_leaf"":30}",ok,757,2.6564490440456616,2.6936681843496206,2.5402906208718625,2.412931191958497,1.0457264307553644,1.1163468702823882,1.425133500015363,
fa9405e1346f36eb6458,home,hist_gradient_boosting,dratings_plus_bullpen,"{""l2_regularization"":5.0,""learning_rate"":0.05,""loss"":""squared_error"",""max_iter"":300,""max_leaf_nodes"":15,""min_samples_leaf"":30}",ok,757,2.635732733909047,2.684862672745965,2.5402906208718625,2.412931191958497,1.0375713362294063,1.112697569534401,1.5236306999868248,
5cb29a81536ebb701023,home,hist_gradient_boosting,dratings_plus_bullpen,"{""l2_regularization"":0.0,""learning_rate"":0.05,""loss"":""squared_error"",""max_iter"":300,""max_leaf_nodes"":31,""min_samples_leaf"":10}",ok,757,2.636158025386772,2.6211516092184013,2.5402906208718625,2.412931191958497,1.0377387546634353,1.0862935577913841,2.7768300999887288,
4754b7d42d97cb1eaf50,home,hist_gradient_boosting,dratings_plus_bullpen,"{""l2_regularization"":5.0,""learning_rate"":0.05,""loss"":""squared_error"",""max_iter"":300,""max_leaf_nodes"":31,""min_samples_leaf"":10}",ok,757,2.6442481830290467,2.6400579893427354,2.5402906208718625,2.412931191958497,1.0409234917072223,1.0941289988463727,2.9408721000072546,
1c2a25fd3da0641d4214,home,hist_gradient_boosting,dratings_plus_bullpen,"{""l2_regularization"":0.0,""learning_rate"":0.05,""loss"":""squared_error"",""max_iter"":300,""max_leaf_nodes"":31,""min_samples_leaf"":30}",ok,757,2.6832817276570378,2.810956307943093,2.5402906208718625,2.412931191958497,1.0562892708457503,1.164955021225256,2.447726199985482,
b7f5928b7c5fb2a8ca81,home,hist_gradient_boosting,dratings_plus_bullpen,"{""l2_regularization"":5.0,""learning_rate"":0.05,""loss"":""squared_error"",""max_iter"":300,""max_leaf_nodes"":31,""min_samples_leaf"":30}",ok,757,2.6825871549085387,2.7546939303693727,2.5402906208718625,2.412931191958497,1.056015848292129,1.1416379959568919,2.3856697999872267,
73c4ea116113f79fc34a,home,hist_gradient_boosting,dratings_plus_bullpen,"{""l2_regularization"":0.0,""learning_rate"":0.1,""loss"":""squared_error"",""max_iter"":300,""max_leaf_nodes"":15,""min_samples_leaf"":10}",ok,757,2.664508886162137,2.7551989958220156,2.5402906208718625,2.412931191958497,1.0488992339182204,1.1418473121008108,1.5311100000108127,
be4c9c3471eced989f57,home,hist_gradient_boosting,dratings_plus_bullpen,"{""l2_regularization"":5.0,""learning_rate"":0.1,""loss"":""squared_error"",""max_iter"":300,""max_leaf_nodes"":15,""min_samples_leaf"":10}",ok,757,2.6745998732327276,2.7273497447192128,2.5402906208718625,2.412931191958497,1.0528716089636896,1.130305643944,1.5425550999934785,
52c34d1529acad7ced15,home,hist_gradient_boosting,dratings_plus_bullpen,"{""l2_regularization"":0.0,""learning_rate"":0.1,""loss"":""squared_error"",""max_iter"":300,""max_leaf_nodes"":15,""min_samples_leaf"":30}",ok,757,2.7158264686769873,2.8743611908075746,2.5402906208718625,2.412931191958497,1.0691006951578157,1.1912321413834226,1.5017029000155162,
24068956217900eb3daa,home,hist_gradient_boosting,dratings_plus_bullpen,"{""l2_regularization"":5.0,""learning_rate"":0.1,""loss"":""squared_error"",""max_iter"":300,""max_leaf_nodes"":15,""min_samples_leaf"":30}",ok,757,2.73276202568006,2.893389782043121,2.5402906208718625,2.412931191958497,1.0757674744876784,1.1991182308413244,1.4465298000141047,
8bc35f7c6c07a00af548,home,hist_gradient_boosting,dratings_plus_bullpen,"{""l2_regularization"":0.0,""learning_rate"":0.1,""loss"":""squared_error"",""max_iter"":300,""max_leaf_nodes"":31,""min_samples_leaf"":10}",ok,757,2.6689049018106887,2.7145616820031333,2.5402906208718625,2.412931191958497,1.0506297507387892,1.1250058398059055,2.9217128999880515,
19001943d4af582c0967,home,hist_gradient_boosting,dratings_plus_bullpen,"{""l2_regularization"":5.0,""learning_rate"":0.1,""loss"":""squared_error"",""max_iter"":300,""max_leaf_nodes"":31,""min_samples_leaf"":10}",ok,757,2.6901530894398515,2.753734352246854,2.5402906208718625,2.412931191958497,1.0589942218959791,1.1412403144458247,2.893994100013515,
229566fe6a3e2cdbcbcb,home,hist_gradient_boosting,dratings_plus_bullpen,"{""l2_regularization"":0.0,""learning_rate"":0.1,""loss"":""squared_error"",""max_iter"":300,""max_leaf_nodes"":31,""min_samples_leaf"":30}",ok,757,2.7370316236166454,2.993091187806579,2.5402906208718625,2.412931191958497,1.0774482262495064,1.2404378532556435,2.4819413000077475,
49b97661d658524837d7,home,hist_gradient_boosting,dratings_plus_bullpen,"{""l2_regularization"":5.0,""learning_rate"":0.1,""loss"":""squared_error"",""max_iter"":300,""max_leaf_nodes"":31,""min_samples_leaf"":30}",ok,757,2.7199598887431136,2.9170098777413904,2.5402906208718625,2.412931191958497,1.0707278397184279,1.2089071944789893,2.4444759000034537,
00adbd5a610eb9e8ac00,home,random_forest,dratings_plus_bullpen,"{""criterion"":""poisson"",""max_depth"":null,""max_features"":0.6,""max_samples"":null,""min_samples_leaf"":2,""n_estimators"":400}",ok,757,2.567384627577055,2.454652804454415,2.5402906208718625,2.412931191958497,1.010665711427889,1.0172908422067577,4.074200300005032,
b3197feb6c92f449008d,home,random_forest,dratings_plus_bullpen,"{""criterion"":""poisson"",""max_depth"":null,""max_features"":1.0,""max_samples"":null,""min_samples_leaf"":2,""n_estimators"":400}",ok,757,2.5672625437009566,2.4573169354900837,2.5402906208718625,2.412931191958497,1.0106176524085408,1.0183949478872458,6.066522700013593,
4c627cc2d7deda21711e,home,random_forest,dratings_plus_bullpen,"{""criterion"":""poisson"",""max_depth"":null,""max_features"":0.6,""max_samples"":null,""min_samples_leaf"":8,""n_estimators"":400}",ok,757,2.5525799425638667,2.4266863146793884,2.5402906208718625,2.412931191958497,1.0048377621013245,1.0057005863933182,3.0722983999876305,
2a06c136eaf7bf2b7eb1,home,random_forest,dratings_plus_bullpen,"{""criterion"":""poisson"",""max_depth"":null,""max_features"":1.0,""max_samples"":null,""min_samples_leaf"":8,""n_estimators"":400}",ok,757,2.561873186848368,2.4451983657473346,2.5402906208718625,2.412931191958497,1.0084961011150362,1.0133726041987328,4.4558956999972,
da19b17b7e3789bda492,home,random_forest,dratings_plus_bullpen,"{""criterion"":""poisson"",""max_depth"":14,""max_features"":0.6,""max_samples"":null,""min_samples_leaf"":2,""n_estimators"":400}",ok,757,2.550898742040383,2.44168232168476,2.5402906208718625,2.412931191958497,1.0041759478546906,1.011915437051036,3.926318399986485,
3b2e810a3154210eb477,home,random_forest,dratings_plus_bullpen,"{""criterion"":""poisson"",""max_depth"":14,""max_features"":1.0,""max_samples"":null,""min_samples_leaf"":2,""n_estimators"":400}",ok,757,2.562555015859849,2.452442513449633,2.5402906208718625,2.412931191958497,1.008764507023352,1.0163748231291527,5.718006100010825,
b8c9ed0bafe96325a77c,home,random_forest,dratings_plus_bullpen,"{""criterion"":""poisson"",""max_depth"":14,""max_features"":0.6,""max_samples"":null,""min_samples_leaf"":8,""n_estimators"":400}",ok,757,2.5519073952812077,2.4244251015958485,2.5402906208718625,2.412931191958497,1.0045730099988945,1.0047634634902383,2.9915475999878254,
be142a957f15f4b8b680,home,random_forest,dratings_plus_bullpen,"{""criterion"":""poisson"",""max_depth"":14,""max_features"":1.0,""max_samples"":null,""min_samples_leaf"":8,""n_estimators"":400}",ok,757,2.5611433856048107,2.4438681092908223,2.5402906208718625,2.412931191958497,1.0082088106619043,1.0128213010944647,4.455784899997525,
91bcb1faa10f045ca3a8,home,random_forest,dratings_plus_bullpen,"{""criterion"":""squared_error"",""max_depth"":null,""max_features"":0.6,""max_samples"":null,""min_samples_leaf"":2,""n_estimators"":400}",ok,757,2.583957856533236,2.4610789990161885,2.5402906208718625,2.412931191958497,1.0171898582400727,1.019954073791309,3.0654016000044066,
f526e08ae2b973ace3be,home,random_forest,dratings_plus_bullpen,"{""criterion"":""squared_error"",""max_depth"":null,""max_features"":1.0,""max_samples"":null,""min_samples_leaf"":2,""n_estimators"":400}",ok,757,2.581228793278496,2.4661749276652913,2.5402906208718625,2.412931191958497,1.0161155468080196,1.022065998352642,4.529645400005393,
91c232141ced25a6be9b,home,random_forest,dratings_plus_bullpen,"{""criterion"":""squared_error"",""max_depth"":null,""max_features"":0.6,""max_samples"":null,""min_samples_leaf"":8,""n_estimators"":400}",ok,757,2.5666975918133077,2.4394501232413854,2.5402906208718625,2.412931191958497,1.0103952558516245,1.0109903387926134,2.558367299992824,
793238b75a7fbaedf01b,home,random_forest,dratings_plus_bullpen,"{""criterion"":""squared_error"",""max_depth"":null,""max_features"":1.0,""max_samples"":null,""min_samples_leaf"":8,""n_estimators"":400}",ok,757,2.5710952651282306,2.452537814941367,2.5402906208718625,2.412931191958497,1.0121264252220856,1.0164143192789192,3.467292899993481,
9d3f17d46081bb302e9e,home,random_forest,dratings_plus_bullpen,"{""criterion"":""squared_error"",""max_depth"":14,""max_features"":0.6,""max_samples"":null,""min_samples_leaf"":2,""n_estimators"":400}",ok,757,2.5781306094348673,2.4551369638349305,2.5402906208718625,2.412931191958497,1.0148959289350985,1.0174914941698674,2.988583900005324,
94a43c41be1fa92710fc,home,random_forest,dratings_plus_bullpen,"{""criterion"":""squared_error"",""max_depth"":14,""max_features"":1.0,""max_samples"":null,""min_samples_leaf"":2,""n_estimators"":400}",ok,757,2.5723135130640347,2.458751963060332,2.5402906208718625,2.412931191958497,1.0126059955223474,1.0189896716717577,4.194591699982993,
11a08b00b91b7fa8aebe,home,random_forest,dratings_plus_bullpen,"{""criterion"":""squared_error"",""max_depth"":14,""max_features"":0.6,""max_samples"":null,""min_samples_leaf"":8,""n_estimators"":400}",ok,757,2.5635338711191777,2.435797806494214,2.5402906208718625,2.412931191958497,1.009149839020914,1.009476695652128,2.4764206999971066,
827975294960156b674c,home,random_forest,dratings_plus_bullpen,"{""criterion"":""squared_error"",""max_depth"":14,""max_features"":1.0,""max_samples"":null,""min_samples_leaf"":8,""n_estimators"":400}",ok,757,2.5700994217388966,2.4512367354219884,2.5402906208718625,2.412931191958497,1.0117344057495292,1.0158751080806412,3.501301999989664,
b003b46d196952b76f07,home,extra_trees,dratings_plus_bullpen,"{""criterion"":""poisson"",""max_depth"":null,""max_features"":0.6,""max_samples"":null,""min_samples_leaf"":2,""n_estimators"":400}",ok,757,2.5523205557652386,2.4401386155551816,2.5402906208718625,2.412931191958497,1.0047356529975484,1.0112756732091484,1.6079687000019476,
0532d218480dfa4ca233,home,extra_trees,dratings_plus_bullpen,"{""criterion"":""poisson"",""max_depth"":null,""max_features"":1.0,""max_samples"":null,""min_samples_leaf"":2,""n_estimators"":400}",ok,757,2.5606067890167954,2.46892605224395,2.5402906208718625,2.412931191958497,1.0079975763316247,1.0232061570889652,2.0368942000204697,
d1c8f6e5bfda8081c7ed,home,extra_trees,dratings_plus_bullpen,"{""criterion"":""poisson"",""max_depth"":null,""max_features"":0.6,""max_samples"":null,""min_samples_leaf"":8,""n_estimators"":400}",ok,757,2.5486690766741398,2.418469633723048,2.5402906208718625,2.412931191958497,1.0032982272710993,1.0022953169087492,1.2564192999852821,
9bbcc70a8e00615b84bf,home,extra_trees,dratings_plus_bullpen,"{""criterion"":""poisson"",""max_depth"":null,""max_features"":1.0,""max_samples"":null,""min_samples_leaf"":8,""n_estimators"":400}",ok,757,2.557900126966418,2.429714516259648,2.5402906208718625,2.412931191958497,1.0069320832623914,1.0069555751764014,1.4135407999856398,
cb2205ccc8b99ac9858f,home,extra_trees,dratings_plus_bullpen,"{""criterion"":""poisson"",""max_depth"":14,""max_features"":0.6,""max_samples"":null,""min_samples_leaf"":2,""n_estimators"":400}",ok,757,2.5417001482480335,2.427273731229175,2.5402906208718625,2.412931191958497,1.0005548685510979,1.0059440316070665,1.4026095000153873,
2d2e91f89e2dd75df3c7,home,extra_trees,dratings_plus_bullpen,"{""criterion"":""poisson"",""max_depth"":14,""max_features"":1.0,""max_samples"":null,""min_samples_leaf"":2,""n_estimators"":400}",ok,757,2.550171290746122,2.4419488882329135,2.5402906208718625,2.412931191958497,1.0038895824726024,1.0120259112116925,1.7761429999954998,
4ef3ec42d8bea3a6e8b5,home,extra_trees,dratings_plus_bullpen,"{""criterion"":""poisson"",""max_depth"":14,""max_features"":0.6,""max_samples"":null,""min_samples_leaf"":8,""n_estimators"":400}",ok,757,2.5485416898171773,2.418255235726654,2.5402906208718625,2.412931191958497,1.0032480807028619,1.0022064631539849,1.2465309999824967,
3e288b0aaf31b3cda9a6,home,extra_trees,dratings_plus_bullpen,"{""criterion"":""poisson"",""max_depth"":14,""max_features"":1.0,""max_samples"":null,""min_samples_leaf"":8,""n_estimators"":400}",ok,757,2.5560488841709508,2.4264017398228814,2.5402906208718625,2.412931191958497,1.006203330898289,1.0055826489828128,1.3957873999897856,
9e6f0adb25a3d05af6ae,home,extra_trees,dratings_plus_bullpen,"{""criterion"":""squared_error"",""max_depth"":null,""max_features"":0.6,""max_samples"":null,""min_samples_leaf"":2,""n_estimators"":400}",ok,757,2.5596398639156233,2.4463775313884835,2.5402906208718625,2.412931191958497,1.0076169407093742,1.0138612901774622,1.5206647000159137,
ada04a036763f746a6fc,home,extra_trees,dratings_plus_bullpen,"{""criterion"":""squared_error"",""max_depth"":null,""max_features"":1.0,""max_samples"":null,""min_samples_leaf"":2,""n_estimators"":400}",ok,757,2.573272645782223,2.46554896921947,2.5402906208718625,2.412931191958497,1.0129835636282594,1.0218065800783425,1.957914400001755,
85d2fc25ea23cb6568a2,home,extra_trees,dratings_plus_bullpen,"{""criterion"":""squared_error"",""max_depth"":null,""max_features"":0.6,""max_samples"":null,""min_samples_leaf"":8,""n_estimators"":400}",ok,757,2.5549049672400193,2.4248377911396912,2.5402906208718625,2.412931191958497,1.0057530214252182,1.0049344959445488,1.254868499992881,
f9ee94d5c4ac46c8e524,home,extra_trees,dratings_plus_bullpen,"{""criterion"":""squared_error"",""max_depth"":null,""max_features"":1.0,""max_samples"":null,""min_samples_leaf"":8,""n_estimators"":400}",ok,757,2.557544724852314,2.42728285464444,2.5402906208718625,2.412931191958497,1.0067921771779522,1.005947812657805,1.3638062999816611,
926613511c4aee3b86f1,home,extra_trees,dratings_plus_bullpen,"{""criterion"":""squared_error"",""max_depth"":14,""max_features"":0.6,""max_samples"":null,""min_samples_leaf"":2,""n_estimators"":400}",ok,757,2.553707802973193,2.4370790989285234,2.5402906208718625,2.412931191958497,1.005281750832401,1.0100077064155428,1.441716900008032,
c35d223aa49396873de6,home,extra_trees,dratings_plus_bullpen,"{""criterion"":""squared_error"",""max_depth"":14,""max_features"":1.0,""max_samples"":null,""min_samples_leaf"":2,""n_estimators"":400}",ok,757,2.558923622734587,2.444516604233946,2.5402906208718625,2.412931191958497,1.007334988252773,1.0130900592527101,1.6461579999886453,
73d419635d743b3ecef4,home,extra_trees,dratings_plus_bullpen,"{""criterion"":""squared_error"",""max_depth"":14,""max_features"":0.6,""max_samples"":null,""min_samples_leaf"":8,""n_estimators"":400}",ok,757,2.5529457512433744,2.4229007148786357,2.5402906208718625,2.412931191958497,1.0049817647900336,1.004131706263885,1.2392657999880612,
6c44a71378da347a7efa,home,extra_trees,dratings_plus_bullpen,"{""criterion"":""squared_error"",""max_depth"":14,""max_features"":1.0,""max_samples"":null,""min_samples_leaf"":8,""n_estimators"":400}",ok,757,2.5558177621707645,2.4292160286558295,2.5402906208718625,2.412931191958497,1.0061123483948355,1.0067489851147038,1.3611488999740686,
b583edde11d25ec2747e,home,poisson_glm,dratings_plus_bullpen,"{""alpha"":0.0,""solver"":""lbfgs""}",ok,757,2.554754618323702,2.4462022237489873,2.5402906208718625,2.412931191958497,1.0056938357103704,1.013788636783913,0.21418000000994653,
0a207caaa6630d62f17c,home,poisson_glm,dratings_plus_bullpen,"{""alpha"":0.01,""solver"":""lbfgs""}",ok,757,2.554675425281854,2.4455655554801377,2.5402906208718625,2.412931191958497,1.0056626609143857,1.0135247799980374,0.11856390000320971,
84f16d16ed16b1263ea9,home,poisson_glm,dratings_plus_bullpen,"{""alpha"":0.1,""solver"":""lbfgs""}",ok,757,2.5523054126292983,2.4393123947600763,2.5402906208718625,2.412931191958497,1.0047296918150697,1.0109332594686078,0.0875596999831032,
64a6f98d74578422fb8a,home,poisson_glm,dratings_plus_bullpen,"{""alpha"":1.0,""solver"":""lbfgs""}",ok,757,2.5482505654482472,2.421190322946365,2.5402906208718625,2.412931191958497,1.003133477922165,1.0034228622081693,0.0628009999927599,
50ad45d37c23864ca8f1,home,poisson_glm,dratings_plus_bullpen,"{""alpha"":10.0,""solver"":""lbfgs""}",ok,757,2.5581417010715346,2.4162124454850633,2.5402906208718625,2.412931191958497,1.0070271802970108,1.001359862037302,0.05038960001547821,
593df13a72f14dc3c118,home,tweedie_glm,dratings_plus_bullpen,"{""alpha"":0.01,""power"":1.2,""solver"":""lbfgs""}",ok,757,2.5546490116291776,2.4458444676003914,2.5402906208718625,2.412931191958497,1.0056522630282305,1.0136403705798092,0.11757529998430982,
9e139d216bcd610c9b37,home,tweedie_glm,dratings_plus_bullpen,"{""alpha"":0.1,""power"":1.2,""solver"":""lbfgs""}",ok,757,2.551505229198109,2.437866583842986,2.5402906208718625,2.412931191958497,1.004414695009344,1.0103340667017735,0.07956010001362301,
fba461e3c57e41f6e618,home,tweedie_glm,dratings_plus_bullpen,"{""alpha"":1.0,""power"":1.2,""solver"":""lbfgs""}",ok,757,2.5480607824081964,2.4192694266601507,2.5402906208718625,2.412931191958497,1.003058768737912,1.0026267780543336,0.0595362999883946,
52d51915f98c2ecadc24,home,tweedie_glm,dratings_plus_bullpen,"{""alpha"":0.01,""power"":1.5,""solver"":""lbfgs""}",ok,757,2.554547851920681,2.446306489540302,2.5402906208718625,2.412931191958497,1.005612440927694,1.0138318480415163,0.10377269997843541,
e4b0eb445fdfad55b7ee,home,tweedie_glm,dratings_plus_bullpen,"{""alpha"":0.1,""power"":1.5,""solver"":""lbfgs""}",ok,757,2.550101859355128,2.435152048399401,2.5402906208718625,2.412931191958497,1.0038622504065688,1.0092090717360522,0.0721610999898985,
2b9444a26c312a99a90a,home,tweedie_glm,dratings_plus_bullpen,"{""alpha"":1.0,""power"":1.5,""solver"":""lbfgs""}",ok,757,2.5483889424758224,2.4169792611496193,2.5402906208718625,2.412931191958497,1.003187950834216,1.0016776562898324,0.057565499999327585,
3281e6422c022d715095,home,tweedie_glm,dratings_plus_bullpen,"{""alpha"":0.01,""power"":1.8,""solver"":""lbfgs""}",ok,757,2.55430356574161,2.4467011160101273,2.5402906208718625,2.412931191958497,1.0055162762695782,1.0139953945492413,0.09302369999932125,
06143f7d525188a7a200,home,tweedie_glm,dratings_plus_bullpen,"{""alpha"":0.1,""power"":1.8,""solver"":""lbfgs""}",ok,757,2.5484849389940893,2.4318255731778686,2.5402906208718625,2.412931191958497,1.00322574041525,1.0078304683044177,0.07276089998777024,
2ff4d2a9e3f56f34a458,home,tweedie_glm,dratings_plus_bullpen,"{""alpha"":1.0,""power"":1.8,""solver"":""lbfgs""}",ok,757,2.549308312504217,2.41552165045178,2.5402906208718625,2.412931191958497,1.0035498661288051,1.0010735732962117,0.05346039999858476,
81755405b838a68ac651,home,lightgbm,dratings_plus_bullpen,"{""colsample_bytree"":0.9,""learning_rate"":0.025,""min_child_samples"":10,""n_estimators"":500,""num_leaves"":15,""objective"":""poisson"",""reg_lambda"":1.0,""subsample"":0.9,""tweedie_variance_power"":null}",ok,757,2.5407038646944975,2.4826639208956864,2.5402906208718625,2.412931191958497,1.0001626758053743,1.0288995928145757,0.8426834999991115,
75069670077d657e633d,home,lightgbm,dratings_plus_bullpen,"{""colsample_bytree"":0.9,""learning_rate"":0.025,""min_child_samples"":30,""n_estimators"":500,""num_leaves"":15,""objective"":""poisson"",""reg_lambda"":1.0,""subsample"":0.9,""tweedie_variance_power"":null}",ok,757,2.576342419507448,2.5504935271479026,2.5402906208718625,2.412931191958497,1.0141919976948195,1.0570104674546275,0.7803489999787416,
f6e826fa7c6021aedf60,home,lightgbm,dratings_plus_bullpen,"{""colsample_bytree"":0.9,""learning_rate"":0.025,""min_child_samples"":10,""n_estimators"":500,""num_leaves"":31,""objective"":""poisson"",""reg_lambda"":1.0,""subsample"":0.9,""tweedie_variance_power"":null}",ok,757,2.577080796273062,2.6270492548091733,2.5402906208718625,2.412931191958497,1.0144826639514863,1.0887377408706311,1.7403899000200909,
0fa2261ecaf5f6213b89,home,lightgbm,dratings_plus_bullpen,"{""colsample_bytree"":0.9,""learning_rate"":0.025,""min_child_samples"":30,""n_estimators"":500,""num_leaves"":31,""objective"":""poisson"",""reg_lambda"":1.0,""subsample"":0.9,""tweedie_variance_power"":null}",ok,757,2.5763466639144275,2.6223001634478975,2.5402906208718625,2.412931191958497,1.0141936685300164,1.0867695573695422,1.3327120000030845,
f000c482d2fe40c9e7dd,home,lightgbm,dratings_plus_bullpen,"{""colsample_bytree"":0.9,""learning_rate"":0.05,""min_child_samples"":10,""n_estimators"":500,""num_leaves"":15,""objective"":""poisson"",""reg_lambda"":1.0,""subsample"":0.9,""tweedie_variance_power"":null}",ok,757,2.5661650061298378,2.5997133952206557,2.5402906208718625,2.412931191958497,1.010185600436967,1.0774088394582664,0.8031655999948271,
dc75d8e07ddd045210f2,home,lightgbm,dratings_plus_bullpen,"{""colsample_bytree"":0.9,""learning_rate"":0.05,""min_child_samples"":30,""n_estimators"":500,""num_leaves"":15,""objective"":""poisson"",""reg_lambda"":1.0,""subsample"":0.9,""tweedie_variance_power"":null}",ok,757,2.597865363329026,2.683953910502707,2.5402906208718625,2.412931191958497,1.0226646282059662,1.1123209478361584,0.764409199997317,
27034e0bc888d3e90017,home,lightgbm,dratings_plus_bullpen,"{""colsample_bytree"":0.9,""learning_rate"":0.05,""min_child_samples"":10,""n_estimators"":500,""num_leaves"":31,""objective"":""poisson"",""reg_lambda"":1.0,""subsample"":0.9,""tweedie_variance_power"":null}",ok,757,2.6034669296681683,2.8318435016548897,2.5402906208718625,2.412931191958497,1.0248697169832572,1.1736113781828876,1.5465294000168797,
516ecf89254c33d54708,home,lightgbm,dratings_plus_bullpen,"{""colsample_bytree"":0.9,""learning_rate"":0.05,""min_child_samples"":30,""n_estimators"":500,""num_leaves"":31,""objective"":""poisson"",""reg_lambda"":1.0,""subsample"":0.9,""tweedie_variance_power"":null}",ok,757,2.6000555100298333,2.7790508488575583,2.5402906208718625,2.412931191958497,1.0235267920398252,1.1517323237890982,1.323996300023282,
7509eac4e128582eb250,home,lightgbm,dratings_plus_bullpen,"{""colsample_bytree"":0.9,""learning_rate"":0.1,""min_child_samples"":10,""n_estimators"":500,""num_leaves"":15,""objective"":""poisson"",""reg_lambda"":1.0,""subsample"":0.9,""tweedie_variance_power"":null}",ok,757,2.621546182489927,2.825070540348939,2.5402906208718625,2.412931191958497,1.0319867187440848,1.1708044347737583,0.764422399981413,
6fc137250dad57485209,home,lightgbm,dratings_plus_bullpen,"{""colsample_bytree"":0.9,""learning_rate"":0.1,""min_child_samples"":30,""n_estimators"":500,""num_leaves"":15,""objective"":""poisson"",""reg_lambda"":1.0,""subsample"":0.9,""tweedie_variance_power"":null}",ok,757,2.6267110333830734,2.8286132563929636,2.5402906208718625,2.412931191958497,1.0340198919765922,1.1722726556893945,0.784230999997817,
877171dc2f9433adfea1,home,lightgbm,dratings_plus_bullpen,"{""colsample_bytree"":0.9,""learning_rate"":0.1,""min_child_samples"":10,""n_estimators"":500,""num_leaves"":31,""objective"":""poisson"",""reg_lambda"":1.0,""subsample"":0.9,""tweedie_variance_power"":null}",ok,757,2.6510572747811953,3.0620492615509414,2.5402906208718625,2.412931191958497,1.0436039298020618,1.2690164028529867,1.5724642999994103,
64bfa1b49474d0ca0367,home,lightgbm,dratings_plus_bullpen,"{""colsample_bytree"":0.9,""learning_rate"":0.1,""min_child_samples"":30,""n_estimators"":500,""num_leaves"":31,""objective"":""poisson"",""reg_lambda"":1.0,""subsample"":0.9,""tweedie_variance_power"":null}",ok,757,2.6665930923438586,2.9977856526917823,2.5402906208718625,2.412931191958497,1.049719693657983,1.242383397704175,1.351411100011319,
dea6a8162e0edd09110c,home,lightgbm,dratings_plus_bullpen,"{""colsample_bytree"":0.9,""learning_rate"":0.025,""min_child_samples"":10,""n_estimators"":500,""num_leaves"":15,""objective"":""tweedie"",""reg_lambda"":1.0,""subsample"":0.9,""tweedie_variance_power"":1.5}",ok,757,2.5862344226891247,2.7255304624067964,2.5402906208718625,2.412931191958497,1.0180860415890107,1.1295516720452243,0.8154793999856338,
616c89249512de33674c,home,lightgbm,dratings_plus_bullpen,"{""colsample_bytree"":0.9,""learning_rate"":0.025,""min_child_samples"":30,""n_estimators"":500,""num_leaves"":15,""objective"":""tweedie"",""reg_lambda"":1.0,""subsample"":0.9,""tweedie_variance_power"":1.5}",ok,757,2.588067655094377,2.7665421259634897,2.5402906208718625,2.412931191958497,1.018807704059513,1.1465482874867967,0.7816852999967523,
bc612aed41c5b71d4877,home,lightgbm,dratings_plus_bullpen,"{""colsample_bytree"":0.9,""learning_rate"":0.025,""min_child_samples"":10,""n_estimators"":500,""num_leaves"":31,""objective"":""tweedie"",""reg_lambda"":1.0,""subsample"":0.9,""tweedie_variance_power"":1.5}",ok,757,2.6437505617861565,3.051419048434559,2.5402906208718625,2.412931191958497,1.0407276002455126,1.2646108843069919,1.6073832999973092,
3fd74c11bec2dc91ce4c,home,lightgbm,dratings_plus_bullpen,"{""colsample_bytree"":0.9,""learning_rate"":0.025,""min_child_samples"":30,""n_estimators"":500,""num_leaves"":31,""objective"":""tweedie"",""reg_lambda"":1.0,""subsample"":0.9,""tweedie_variance_power"":1.5}",ok,757,2.6369795158541454,2.963618311276656,2.5402906208718625,2.412931191958497,1.03806213910639,1.2282233000068203,1.3478157999925315,
4ee3bfe8d85ea7eb3250,home,lightgbm,dratings_plus_bullpen,"{""colsample_bytree"":0.9,""learning_rate"":0.05,""min_child_samples"":10,""n_estimators"":500,""num_leaves"":15,""objective"":""tweedie"",""reg_lambda"":1.0,""subsample"":0.9,""tweedie_variance_power"":1.5}",ok,757,2.660117641722931,3.022431547767157,2.5402906208718625,2.412931191958497,1.047170595311627,1.2525974871724164,0.7886785000155214,
061aeb6bba11084bcaab,home,lightgbm,dratings_plus_bullpen,"{""colsample_bytree"":0.9,""learning_rate"":0.05,""min_child_samples"":30,""n_estimators"":500,""num_leaves"":15,""objective"":""tweedie"",""reg_lambda"":1.0,""subsample"":0.9,""tweedie_variance_power"":1.5}",ok,757,2.6774804579249865,3.043793453795471,2.5402906208718625,2.412931191958497,1.0540055676802988,1.261450580911478,0.7986894999921788,
6dd2ef45a687e3ffe4cf,home,lightgbm,dratings_plus_bullpen,"{""colsample_bytree"":0.9,""learning_rate"":0.05,""min_child_samples"":10,""n_estimators"":500,""num_leaves"":31,""objective"":""tweedie"",""reg_lambda"":1.0,""subsample"":0.9,""tweedie_variance_power"":1.5}",ok,757,2.706650783933714,3.3087452256824963,2.5402906208718625,2.412931191958497,1.0654886341330325,1.3712555238663464,1.6170039999997243,
32bbe9d97b1c1fe44c60,home,lightgbm,dratings_plus_bullpen,"{""colsample_bytree"":0.9,""learning_rate"":0.05,""min_child_samples"":30,""n_estimators"":500,""num_leaves"":31,""objective"":""tweedie"",""reg_lambda"":1.0,""subsample"":0.9,""tweedie_variance_power"":1.5}",ok,757,2.685106490889027,3.1730920889610488,2.5402906208718625,2.412931191958497,1.0570075993775316,1.315036292595461,1.3437242999789305,
1733992887c3eb882458,home,lightgbm,dratings_plus_bullpen,"{""colsample_bytree"":0.9,""learning_rate"":0.1,""min_child_samples"":10,""n_estimators"":500,""num_leaves"":15,""objective"":""tweedie"",""reg_lambda"":1.0,""subsample"":0.9,""tweedie_variance_power"":1.5}",ok,757,2.743968593724823,3.4253034746925803,2.5402906208718625,2.412931191958497,1.0801790043940152,1.4195611901856073,0.8039667999837548,
2830232b0d167bbef791,home,lightgbm,dratings_plus_bullpen,"{""colsample_bytree"":0.9,""learning_rate"":0.1,""min_child_samples"":30,""n_estimators"":500,""num_leaves"":15,""objective"":""tweedie"",""reg_lambda"":1.0,""subsample"":0.9,""tweedie_variance_power"":1.5}",ok,757,2.7562925999033423,3.365370291062896,2.5402906208718625,2.412931191958497,1.0850304202427614,1.3947228591841176,0.9140882999927271,
ab507ffeeb56c39ae1cf,home,lightgbm,dratings_plus_bullpen,"{""colsample_bytree"":0.9,""learning_rate"":0.1,""min_child_samples"":10,""n_estimators"":500,""num_leaves"":31,""objective"":""tweedie"",""reg_lambda"":1.0,""subsample"":0.9,""tweedie_variance_power"":1.5}",ok,757,2.8031434936091895,3.729079950778257,2.5402906208718625,2.412931191958497,1.103473543766072,1.545456398925112,1.634899900003802,
822b87739965b6bbec3b,home,lightgbm,dratings_plus_bullpen,"{""colsample_bytree"":0.9,""learning_rate"":0.1,""min_child_samples"":30,""n_estimators"":500,""num_leaves"":31,""objective"":""tweedie"",""reg_lambda"":1.0,""subsample"":0.9,""tweedie_variance_power"":1.5}",ok,757,2.7872721585321876,3.5593642809503745,2.5402906208718625,2.412931191958497,1.097225701512671,1.475120506051959,1.3637716999801341,
6a7794ded31802566fd1,home,lightgbm,dratings_plus_bullpen,"{""colsample_bytree"":0.9,""learning_rate"":0.025,""min_child_samples"":10,""n_estimators"":500,""num_leaves"":15,""objective"":""regression"",""reg_lambda"":1.0,""subsample"":0.9,""tweedie_variance_power"":null}",ok,757,2.60009684238039,2.5518575054840587,2.5402906208718625,2.412931191958497,1.0235430627571271,1.0575757460422233,0.8411272999946959,
bcebdb6796b006ced6aa,home,lightgbm,dratings_plus_bullpen,"{""colsample_bytree"":0.9,""learning_rate"":0.025,""min_child_samples"":30,""n_estimators"":500,""num_leaves"":15,""objective"":""regression"",""reg_lambda"":1.0,""subsample"":0.9,""tweedie_variance_power"":null}",ok,757,2.6111399543786757,2.6434191138767655,2.5402906208718625,2.412931191958497,1.0278902472515121,1.0955219621207637,0.7958588999754284,
0fe966c69dd5a7a80770,home,lightgbm,dratings_plus_bullpen,"{""colsample_bytree"":0.9,""learning_rate"":0.025,""min_child_samples"":10,""n_estimators"":500,""num_leaves"":31,""objective"":""regression"",""reg_lambda"":1.0,""subsample"":0.9,""tweedie_variance_power"":null}",ok,757,2.647100668990121,2.634155302904032,2.5402906208718625,2.412931191958497,1.0420463891968392,1.09168272666987,1.6440284000127576,
c94dd7763e7ef02e1acd,home,lightgbm,dratings_plus_bullpen,"{""colsample_bytree"":0.9,""learning_rate"":0.025,""min_child_samples"":30,""n_estimators"":500,""num_leaves"":31,""objective"":""regression"",""reg_lambda"":1.0,""subsample"":0.9,""tweedie_variance_power"":null}",ok,757,2.6526090053230247,2.705269104327285,2.5402906208718625,2.412931191958497,1.0442147774464534,1.1211546824638239,1.3766612999897916,
c88b86083f1d1f43217a,home,lightgbm,dratings_plus_bullpen,"{""colsample_bytree"":0.9,""learning_rate"":0.05,""min_child_samples"":10,""n_estimators"":500,""num_leaves"":15,""objective"":""regression"",""reg_lambda"":1.0,""subsample"":0.9,""tweedie_variance_power"":null}",ok,757,2.6465412157018577,2.6578448719914927,2.5402906208718625,2.412931191958497,1.041826157195167,1.1015004824212196,0.9175297000037972,
cbb06bfaeaa6463fb52b,home,lightgbm,dratings_plus_bullpen,"{""colsample_bytree"":0.9,""learning_rate"":0.05,""min_child_samples"":30,""n_estimators"":500,""num_leaves"":15,""objective"":""regression"",""reg_lambda"":1.0,""subsample"":0.9,""tweedie_variance_power"":null}",ok,757,2.695296173020568,2.8200969430693474,2.5402906208718625,2.412931191958497,1.0610188263008684,1.1687432084544307,0.8296884000010323,
50e973b906f94e91b7bb,home,lightgbm,dratings_plus_bullpen,"{""colsample_bytree"":0.9,""learning_rate"":0.05,""min_child_samples"":10,""n_estimators"":500,""num_leaves"":31,""objective"":""regression"",""reg_lambda"":1.0,""subsample"":0.9,""tweedie_variance_power"":null}",ok,757,2.690914693380626,2.7300125339908967,2.5402906208718625,2.412931191958497,1.0592940316636161,1.1314091935522765,1.6782794000173453,
9b9977630951afcf53f4,home,lightgbm,dratings_plus_bullpen,"{""colsample_bytree"":0.9,""learning_rate"":0.05,""min_child_samples"":30,""n_estimators"":500,""num_leaves"":31,""objective"":""regression"",""reg_lambda"":1.0,""subsample"":0.9,""tweedie_variance_power"":null}",ok,757,2.69712635654668,2.8202825266152702,2.5402906208718625,2.412931191958497,1.0617392885625776,1.1688201205298936,1.4020373000239488,
1dcb7cf031222541aab1,home,lightgbm,dratings_plus_bullpen,"{""colsample_bytree"":0.9,""learning_rate"":0.1,""min_child_samples"":10,""n_estimators"":500,""num_leaves"":15,""objective"":""regression"",""reg_lambda"":1.0,""subsample"":0.9,""tweedie_variance_power"":null}",ok,757,2.7184284308480304,2.767246916726071,2.5402906208718625,2.412931191958497,1.0701249725179194,1.1468403765297541,0.8001963999995496,
b3231664da32875f1a3c,home,lightgbm,dratings_plus_bullpen,"{""colsample_bytree"":0.9,""learning_rate"":0.1,""min_child_samples"":30,""n_estimators"":500,""num_leaves"":15,""objective"":""regression"",""reg_lambda"":1.0,""subsample"":0.9,""tweedie_variance_power"":null}",ok,757,2.76083531887718,2.9953304016470494,2.5402906208718625,2.412931191958497,1.0868186876703199,1.2413658589310366,0.7757705999829341,
07da5a94518546a0f6ef,home,lightgbm,dratings_plus_bullpen,"{""colsample_bytree"":0.9,""learning_rate"":0.1,""min_child_samples"":10,""n_estimators"":500,""num_leaves"":31,""objective"":""regression"",""reg_lambda"":1.0,""subsample"":0.9,""tweedie_variance_power"":null}",ok,757,2.7018195312268447,2.7843169051465155,2.5402906208718625,2.412931191958497,1.063586783743485,1.1539147549775661,1.647990600002231,
ae0f3a77ff8f0758489f,home,lightgbm,dratings_plus_bullpen,"{""colsample_bytree"":0.9,""learning_rate"":0.1,""min_child_samples"":30,""n_estimators"":500,""num_leaves"":31,""objective"":""regression"",""reg_lambda"":1.0,""subsample"":0.9,""tweedie_variance_power"":null}",ok,757,2.7027235990844156,2.8814256691409454,2.5402906208718625,2.412931191958497,1.0639426752505994,1.1941598992726299,1.4326323000132106,
6bc01cbd681f20bfef23,home,xgboost,dratings_plus_bullpen,"{""colsample_bytree"":0.9,""learning_rate"":0.025,""max_depth"":3,""min_child_weight"":1.0,""n_estimators"":500,""objective"":""count:poisson"",""reg_lambda"":1.0,""subsample"":0.9,""tweedie_variance_power"":null}",ok,757,2.534646698789206,2.415986912961881,2.5402906208718625,2.412931191958497,0.9977782376408887,1.0012663937594108,1.1346008000255097,
b2189bf3664babdbd96d,home,xgboost,dratings_plus_bullpen,"{""colsample_bytree"":0.9,""learning_rate"":0.025,""max_depth"":3,""min_child_weight"":5.0,""n_estimators"":500,""objective"":""count:poisson"",""reg_lambda"":1.0,""subsample"":0.9,""tweedie_variance_power"":null}",ok,757,2.53471624803984,2.416039098748212,2.5402906208718625,2.412931191958497,0.9978056161030469,1.0012880213078899,1.1299061000172514,
9a7659dcd0aeb177fc0b,home,xgboost,dratings_plus_bullpen,"{""colsample_bytree"":0.9,""learning_rate"":0.025,""max_depth"":6,""min_child_weight"":1.0,""n_estimators"":500,""objective"":""count:poisson"",""reg_lambda"":1.0,""subsample"":0.9,""tweedie_variance_power"":null}",ok,757,2.5613569499951847,2.5949441273613556,2.5402906208718625,2.412931191958497,1.008292881511365,1.0754322941364625,3.3980844999896362,
4d4647126f6643a743e6,home,xgboost,dratings_plus_bullpen,"{""colsample_bytree"":0.9,""learning_rate"":0.025,""max_depth"":6,""min_child_weight"":5.0,""n_estimators"":500,""objective"":""count:poisson"",""reg_lambda"":1.0,""subsample"":0.9,""tweedie_variance_power"":null}",ok,757,2.5583365558790563,2.586906144874679,2.5402906208718625,2.412931191958497,1.0071038860116721,1.0721010833197329,3.379929299990181,
5b989c5dd2ed102e2c2e,home,xgboost,dratings_plus_bullpen,"{""colsample_bytree"":0.9,""learning_rate"":0.05,""max_depth"":3,""min_child_weight"":1.0,""n_estimators"":500,""objective"":""count:poisson"",""reg_lambda"":1.0,""subsample"":0.9,""tweedie_variance_power"":null}",ok,757,2.5331728107233187,2.4675959168216863,2.5402906208718625,2.412931191958497,0.9971980331344525,1.0226549041453683,1.1607867999991868,
bc594c9762e2e53b5d93,home,xgboost,dratings_plus_bullpen,"{""colsample_bytree"":0.9,""learning_rate"":0.05,""max_depth"":3,""min_child_weight"":5.0,""n_estimators"":500,""objective"":""count:poisson"",""reg_lambda"":1.0,""subsample"":0.9,""tweedie_variance_power"":null}",ok,757,2.533921783005073,2.465463612039285,2.5402906208718625,2.412931191958497,0.9974928703769321,1.0217712051863979,1.1179911000072025,
b46fc7aec367b929d088,home,xgboost,dratings_plus_bullpen,"{""colsample_bytree"":0.9,""learning_rate"":0.05,""max_depth"":6,""min_child_weight"":1.0,""n_estimators"":500,""objective"":""count:poisson"",""reg_lambda"":1.0,""subsample"":0.9,""tweedie_variance_power"":null}",ok,757,2.606563116631703,2.838109085757619,2.5402906208718625,2.412931191958497,1.0260885487728544,1.176208047380754,3.418162400019355,
5b4bb58af98263270a6a,home,xgboost,dratings_plus_bullpen,"{""colsample_bytree"":0.9,""learning_rate"":0.05,""max_depth"":6,""min_child_weight"":5.0,""n_estimators"":500,""objective"":""count:poisson"",""reg_lambda"":1.0,""subsample"":0.9,""tweedie_variance_power"":null}",ok,757,2.6012824310809175,2.8376082558267854,2.5402906208718625,2.412931191958497,1.0240097765617548,1.1760004865798066,3.2536595000128727,
e1de090bd7338affcb1c,home,xgboost,dratings_plus_bullpen,"{""colsample_bytree"":0.9,""learning_rate"":0.1,""max_depth"":3,""min_child_weight"":1.0,""n_estimators"":500,""objective"":""count:poisson"",""reg_lambda"":1.0,""subsample"":0.9,""tweedie_variance_power"":null}",ok,757,2.5654845070807433,2.599305128222416,2.5402906208718625,2.412931191958497,1.0099177180759868,1.0772396398558906,1.1232503000064753,
6f6ae4d8c224bef5f74a,home,xgboost,dratings_plus_bullpen,"{""colsample_bytree"":0.9,""learning_rate"":0.1,""max_depth"":3,""min_child_weight"":5.0,""n_estimators"":500,""objective"":""count:poisson"",""reg_lambda"":1.0,""subsample"":0.9,""tweedie_variance_power"":null}",ok,757,2.5849127934819958,2.639202312576591,2.5402906208718625,2.412931191958497,1.017565774657239,1.0937743775587885,1.1443638000055216,
81df7be94f08c7d2cf6f,home,xgboost,dratings_plus_bullpen,"{""colsample_bytree"":0.9,""learning_rate"":0.1,""max_depth"":6,""min_child_weight"":1.0,""n_estimators"":500,""objective"":""count:poisson"",""reg_lambda"":1.0,""subsample"":0.9,""tweedie_variance_power"":null}",ok,757,2.673473203670396,3.2540722920911067,2.5402906208718625,2.412931191958497,1.0524280890163753,1.3485972177473835,3.2173380999884102,
12439ec7adf1a3e65ea1,home,xgboost,dratings_plus_bullpen,"{""colsample_bytree"":0.9,""learning_rate"":0.1,""max_depth"":6,""min_child_weight"":5.0,""n_estimators"":500,""objective"":""count:poisson"",""reg_lambda"":1.0,""subsample"":0.9,""tweedie_variance_power"":null}",ok,757,2.649528070280385,3.144011046541992,2.5402906208718625,2.412931191958497,1.0430019496631573,1.3029841286067099,3.2381755000096746,
40602f6296971b1eb4c4,home,xgboost,dratings_plus_bullpen,"{""colsample_bytree"":0.9,""learning_rate"":0.025,""max_depth"":3,""min_child_weight"":1.0,""n_estimators"":500,""objective"":""reg:tweedie"",""reg_lambda"":1.0,""subsample"":0.9,""tweedie_variance_power"":1.5}",ok,757,2.5508392946880747,2.5679585179971642,2.5402906208718625,2.412931191958497,1.0041525460628562,1.0642485482202402,1.1383068999857642,
3a1a9ba8dc13c9cddf70,home,xgboost,dratings_plus_bullpen,"{""colsample_bytree"":0.9,""learning_rate"":0.025,""max_depth"":3,""min_child_weight"":5.0,""n_estimators"":500,""objective"":""reg:tweedie"",""reg_lambda"":1.0,""subsample"":0.9,""tweedie_variance_power"":1.5}",ok,757,2.5479033815341077,2.538665621218997,2.5402906208718625,2.412931191958497,1.0029968069793653,1.0521085846457334,1.1319411000004038,
c8d9c0cd6089691046cf,home,xgboost,dratings_plus_bullpen,"{""colsample_bytree"":0.9,""learning_rate"":0.025,""max_depth"":6,""min_child_weight"":1.0,""n_estimators"":500,""objective"":""reg:tweedie"",""reg_lambda"":1.0,""subsample"":0.9,""tweedie_variance_power"":1.5}",ok,757,2.6523126273992985,3.078014546083889,2.5402906208718625,2.412931191958497,1.044098106573723,1.2756329547820904,3.3220478000002913,
9d0db3b3d0f8de400bf6,home,xgboost,dratings_plus_bullpen,"{""colsample_bytree"":0.9,""learning_rate"":0.025,""max_depth"":6,""min_child_weight"":5.0,""n_estimators"":500,""objective"":""reg:tweedie"",""reg_lambda"":1.0,""subsample"":0.9,""tweedie_variance_power"":1.5}",ok,757,2.6412619135023894,2.970549492687198,2.5402906208718625,2.412931191958497,1.0397479295482626,1.2310958151591966,3.0048177000135183,
391560a98651625767d2,home,xgboost,dratings_plus_bullpen,"{""colsample_bytree"":0.9,""learning_rate"":0.05,""max_depth"":3,""min_child_weight"":1.0,""n_estimators"":500,""objective"":""reg:tweedie"",""reg_lambda"":1.0,""subsample"":0.9,""tweedie_variance_power"":1.5}",ok,757,2.611065021909212,2.7959097842428142,2.5402906208718625,2.412931191958497,1.0278607496543284,1.1587192347467918,1.1468926999950781,
2098c4a535fd7a05bd72,home,xgboost,dratings_plus_bullpen,"{""colsample_bytree"":0.9,""learning_rate"":0.05,""max_depth"":3,""min_child_weight"":5.0,""n_estimators"":500,""objective"":""reg:tweedie"",""reg_lambda"":1.0,""subsample"":0.9,""tweedie_variance_power"":1.5}",ok,757,2.5895511389093637,2.7369146648946905,2.5402906208718625,2.412931191958497,1.0193916859877215,1.134269669195675,1.117792200006079,
ab87fa2cdf1861fc037e,home,xgboost,dratings_plus_bullpen,"{""colsample_bytree"":0.9,""learning_rate"":0.05,""max_depth"":6,""min_child_weight"":1.0,""n_estimators"":500,""objective"":""reg:tweedie"",""reg_lambda"":1.0,""subsample"":0.9,""tweedie_variance_power"":1.5}",ok,757,2.722324852899327,3.5133160360165143,2.5402906208718625,2.412931191958497,1.071658821448149,1.4560365615585047,3.288506499986397,
35e8ca6476423c28b3b9,home,xgboost,dratings_plus_bullpen,"{""colsample_bytree"":0.9,""learning_rate"":0.05,""max_depth"":6,""min_child_weight"":5.0,""n_estimators"":500,""objective"":""reg:tweedie"",""reg_lambda"":1.0,""subsample"":0.9,""tweedie_variance_power"":1.5}",ok,757,2.6956298583564857,3.2886482247074884,2.5402906208718625,2.412931191958497,1.061150183450785,1.362926649407769,3.133730600005947,
d7bea245d91f653d8d8f,home,xgboost,dratings_plus_bullpen,"{""colsample_bytree"":0.9,""learning_rate"":0.1,""max_depth"":3,""min_child_weight"":1.0,""n_estimators"":500,""objective"":""reg:tweedie"",""reg_lambda"":1.0,""subsample"":0.9,""tweedie_variance_power"":1.5}",ok,757,2.739061536333835,3.220765219781232,2.5402906208718625,2.412931191958497,1.078247313054973,1.3347936445576978,1.1142994000110775,
381a93c4dbb1fd7c1711,home,xgboost,dratings_plus_bullpen,"{""colsample_bytree"":0.9,""learning_rate"":0.1,""max_depth"":3,""min_child_weight"":5.0,""n_estimators"":500,""objective"":""reg:tweedie"",""reg_lambda"":1.0,""subsample"":0.9,""tweedie_variance_power"":1.5}",ok,757,2.718139684105801,3.1196166426695275,2.5402906208718625,2.412931191958497,1.0700113057036358,1.2928742655680276,1.089064600004349,
c55b29ab019184e85442,home,xgboost,dratings_plus_bullpen,"{""colsample_bytree"":0.9,""learning_rate"":0.1,""max_depth"":6,""min_child_weight"":1.0,""n_estimators"":500,""objective"":""reg:tweedie"",""reg_lambda"":1.0,""subsample"":0.9,""tweedie_variance_power"":1.5}",ok,757,2.839646026137798,3.995510035820519,2.5402906208718625,2.412931191958497,1.1178429754479007,1.6558740046696045,3.093241800001124,
a4b0d69db507431b708d,home,xgboost,dratings_plus_bullpen,"{""colsample_bytree"":0.9,""learning_rate"":0.1,""max_depth"":6,""min_child_weight"":5.0,""n_estimators"":500,""objective"":""reg:tweedie"",""reg_lambda"":1.0,""subsample"":0.9,""tweedie_variance_power"":1.5}",ok,757,2.8239207926404366,3.7965582845236407,2.5402906208718625,2.412931191958497,1.1116526469208583,1.5734216944007007,2.7990878999989945,
0759c3a9f6a69e394e71,home,xgboost,dratings_plus_bullpen,"{""colsample_bytree"":0.9,""learning_rate"":0.025,""max_depth"":3,""min_child_weight"":1.0,""n_estimators"":500,""objective"":""reg:squarederror"",""reg_lambda"":1.0,""subsample"":0.9,""tweedie_variance_power"":null}",ok,757,2.5470497016075266,2.461207368617376,2.5402906208718625,2.412931191958497,1.0026607509708256,1.0200072744800048,1.0793664999946486,
0a92e6ad7e926d08f79a,home,xgboost,dratings_plus_bullpen,"{""colsample_bytree"":0.9,""learning_rate"":0.025,""max_depth"":3,""min_child_weight"":5.0,""n_estimators"":500,""objective"":""reg:squarederror"",""reg_lambda"":1.0,""subsample"":0.9,""tweedie_variance_power"":null}",ok,757,2.5491107240850734,2.4560561992763783,2.5402906208718625,2.412931191958497,1.003472084312221,1.0178724563143793,1.0855864999757614,
59bf6993edc354f3cb15,home,xgboost,dratings_plus_bullpen,"{""colsample_bytree"":0.9,""learning_rate"":0.025,""max_depth"":6,""min_child_weight"":1.0,""n_estimators"":500,""objective"":""reg:squarederror"",""reg_lambda"":1.0,""subsample"":0.9,""tweedie_variance_power"":null}",ok,757,2.602634805039339,2.5651945949627066,2.5402906208718625,2.412931191958497,1.024542146341539,1.063103085372535,3.510843099997146,
bf6a4b8b72a0c1ca22b0,home,xgboost,dratings_plus_bullpen,"{""colsample_bytree"":0.9,""learning_rate"":0.025,""max_depth"":6,""min_child_weight"":5.0,""n_estimators"":500,""objective"":""reg:squarederror"",""reg_lambda"":1.0,""subsample"":0.9,""tweedie_variance_power"":null}",ok,757,2.6031865911408176,2.564369043855234,2.5402906208718625,2.412931191958497,1.0247593601110758,1.0627609491731174,2.828398500016192,
77391b937a9dc97abea1,home,xgboost,dratings_plus_bullpen,"{""colsample_bytree"":0.9,""learning_rate"":0.05,""max_depth"":3,""min_child_weight"":1.0,""n_estimators"":500,""objective"":""reg:squarederror"",""reg_lambda"":1.0,""subsample"":0.9,""tweedie_variance_power"":null}",ok,757,2.5983152454091503,2.566733394530967,2.5402906208718625,2.412931191958497,1.0228417268719328,1.0637408157700652,1.1441532999742776,
e8a291d3aa3111240491,home,xgboost,dratings_plus_bullpen,"{""colsample_bytree"":0.9,""learning_rate"":0.05,""max_depth"":3,""min_child_weight"":5.0,""n_estimators"":500,""objective"":""reg:squarederror"",""reg_lambda"":1.0,""subsample"":0.9,""tweedie_variance_power"":null}",ok,757,2.5972801168182253,2.5570937679479715,2.5402906208718625,2.412931191958497,1.0224342425540285,1.0597458296655622,1.0999201999802608,
b4a765c6a8b00f8334ba,home,xgboost,dratings_plus_bullpen,"{""colsample_bytree"":0.9,""learning_rate"":0.05,""max_depth"":6,""min_child_weight"":1.0,""n_estimators"":500,""objective"":""reg:squarederror"",""reg_lambda"":1.0,""subsample"":0.9,""tweedie_variance_power"":null}",ok,757,2.6717803232578494,2.692526386302509,2.5402906208718625,2.412931191958497,1.0517616769142966,1.115873670693889,3.54639970001881,
26ab37ee5b9dd031c959,home,xgboost,dratings_plus_bullpen,"{""colsample_bytree"":0.9,""learning_rate"":0.05,""max_depth"":6,""min_child_weight"":5.0,""n_estimators"":500,""objective"":""reg:squarederror"",""reg_lambda"":1.0,""subsample"":0.9,""tweedie_variance_power"":null}",ok,757,2.6579976673957693,2.6819278285580115,2.5402906208718625,2.412931191958497,1.04633605523588,1.1114812712007667,2.860741600015899,
bffe873395ffe771e0cf,home,xgboost,dratings_plus_bullpen,"{""colsample_bytree"":0.9,""learning_rate"":0.1,""max_depth"":3,""min_child_weight"":1.0,""n_estimators"":500,""objective"":""reg:squarederror"",""reg_lambda"":1.0,""subsample"":0.9,""tweedie_variance_power"":null}",ok,757,2.683292241676008,2.773092018057748,2.5402906208718625,2.412931191958497,1.0562934097497338,1.1492627834973281,1.0938944999943487,
4adf34908258641d3f08,home,xgboost,dratings_plus_bullpen,"{""colsample_bytree"":0.9,""learning_rate"":0.1,""max_depth"":3,""min_child_weight"":5.0,""n_estimators"":500,""objective"":""reg:squarederror"",""reg_lambda"":1.0,""subsample"":0.9,""tweedie_variance_power"":null}",ok,757,2.7020721915848505,2.7806174121148683,2.5402906208718625,2.412931191958497,1.0636862449452584,1.1523815603949867,1.060832399991341,
5f23660f6eebe92dbc5b,home,xgboost,dratings_plus_bullpen,"{""colsample_bytree"":0.9,""learning_rate"":0.1,""max_depth"":6,""min_child_weight"":1.0,""n_estimators"":500,""objective"":""reg:squarederror"",""reg_lambda"":1.0,""subsample"":0.9,""tweedie_variance_power"":null}",ok,757,2.6706260075814816,2.674417382911061,2.5402906208718625,2.412931191958497,1.051307273915331,1.1083686894280331,3.6689887999964412,
69f977b09d0068628e35,home,xgboost,dratings_plus_bullpen,"{""colsample_bytree"":0.9,""learning_rate"":0.1,""max_depth"":6,""min_child_weight"":5.0,""n_estimators"":500,""objective"":""reg:squarederror"",""reg_lambda"":1.0,""subsample"":0.9,""tweedie_variance_power"":null}",ok,757,2.712183496989851,2.7570087686483022,2.5402906208718625,2.412931191958497,1.0676666184198218,1.1425973429480716,2.790627200010931,
64dda095fcbd6f649f29,home,hist_gradient_boosting,pitcher_only,"{""l2_regularization"":0.0,""learning_rate"":0.025,""loss"":""poisson"",""max_iter"":300,""max_leaf_nodes"":15,""min_samples_leaf"":10}",ok,757,2.589894235411234,2.62609228394008,2.5402906208718625,2.412931191958497,1.019526747897194,1.0883411398932463,1.5795843999949284,
f3fc71c2eb1c9e3af30b,home,hist_gradient_boosting,pitcher_only,"{""l2_regularization"":5.0,""learning_rate"":0.025,""loss"":""poisson"",""max_iter"":300,""max_leaf_nodes"":15,""min_samples_leaf"":10}",ok,757,2.584302496344285,2.5839771032957297,2.5402906208718625,2.412931191958497,1.0173255276820716,1.0708871897828136,1.5600507999770343,
beb32173c16583b5e6e5,home,hist_gradient_boosting,pitcher_only,"{""l2_regularization"":0.0,""learning_rate"":0.025,""loss"":""poisson"",""max_iter"":300,""max_leaf_nodes"":15,""min_samples_leaf"":30}",ok,757,2.615896676331664,2.65811167176134,2.5402906208718625,2.412931191958497,1.0297627581815234,1.1016110532368053,1.4698286000057124,
cdca3682aa8bd0331014,home,hist_gradient_boosting,pitcher_only,"{""l2_regularization"":5.0,""learning_rate"":0.025,""loss"":""poisson"",""max_iter"":300,""max_leaf_nodes"":15,""min_samples_leaf"":30}",ok,757,2.6044172821132543,2.635659884827041,2.5402906208718625,2.412931191958497,1.025243828684209,1.0923062761220979,1.4616112999792676,
f82d54909ee8dfb389d3,home,hist_gradient_boosting,pitcher_only,"{""l2_regularization"":0.0,""learning_rate"":0.025,""loss"":""poisson"",""max_iter"":300,""max_leaf_nodes"":31,""min_samples_leaf"":10}",ok,757,2.630181305877709,2.7379012417812065,2.5402906208718625,2.412931191958497,1.0353859846850888,1.1346785399043815,2.8995488999935333,
42981535c2e7bd53d04d,home,hist_gradient_boosting,pitcher_only,"{""l2_regularization"":5.0,""learning_rate"":0.025,""loss"":""poisson"",""max_iter"":300,""max_leaf_nodes"":31,""min_samples_leaf"":10}",ok,757,2.611957332345894,2.7353476836709856,2.5402906208718625,2.412931191958497,1.028212012785149,1.1336202593704272,2.867446399992332,
b093a4dba27583843365,home,hist_gradient_boosting,pitcher_only,"{""l2_regularization"":0.0,""learning_rate"":0.025,""loss"":""poisson"",""max_iter"":300,""max_leaf_nodes"":31,""min_samples_leaf"":30}",ok,757,2.6002239295352743,2.6606403275433093,2.5402906208718625,2.412931191958497,1.0235930913459192,1.1026590134067416,2.4107854000176303,
b4d64428b08701726a5b,home,hist_gradient_boosting,pitcher_only,"{""l2_regularization"":5.0,""learning_rate"":0.025,""loss"":""poisson"",""max_iter"":300,""max_leaf_nodes"":31,""min_samples_leaf"":30}",ok,757,2.6140565002500247,2.66235015989058,2.5402906208718625,2.412931191958497,1.0290383622929116,1.1033676255515756,2.3777977999998257,
563518f5f79bd66e3a57,home,hist_gradient_boosting,pitcher_only,"{""l2_regularization"":0.0,""learning_rate"":0.05,""loss"":""poisson"",""max_iter"":300,""max_leaf_nodes"":15,""min_samples_leaf"":10}",ok,757,2.6412658390796033,2.814779749314751,2.5402906208718625,2.412931191958497,1.0397494748742901,1.1665395841769057,1.508116200013319,
13d689866bfa59de3cff,home,hist_gradient_boosting,pitcher_only,"{""l2_regularization"":5.0,""learning_rate"":0.05,""loss"":""poisson"",""max_iter"":300,""max_leaf_nodes"":15,""min_samples_leaf"":10}",ok,757,2.5949916659552814,2.760552438276405,2.5402906208718625,2.412931191958497,1.0215333807218658,1.144065959061085,1.5596808999835048,
e0bf2706cc240507074f,home,hist_gradient_boosting,pitcher_only,"{""l2_regularization"":0.0,""learning_rate"":0.05,""loss"":""poisson"",""max_iter"":300,""max_leaf_nodes"":15,""min_samples_leaf"":30}",ok,757,2.6509903795065686,2.802329574812271,2.5402906208718625,2.412931191958497,1.0435775960928093,1.1613798123011174,1.4581512000004295,
e14d05fa86e1abf6161f,home,hist_gradient_boosting,pitcher_only,"{""l2_regularization"":5.0,""learning_rate"":0.05,""loss"":""poisson"",""max_iter"":300,""max_leaf_nodes"":15,""min_samples_leaf"":30}",ok,757,2.668185092969625,2.7836817141558163,2.5402906208718625,2.412931191958497,1.0503463938523174,1.153651510425539,1.4936902000044938,
462aee4bb8add75bb6a1,home,hist_gradient_boosting,pitcher_only,"{""l2_regularization"":0.0,""learning_rate"":0.05,""loss"":""poisson"",""max_iter"":300,""max_leaf_nodes"":31,""min_samples_leaf"":10}",ok,757,2.6353646067527925,2.998585112826174,2.5402906208718625,2.412931191958497,1.0374264208590036,1.2427147209251006,2.9616880000103265,
7f328687116d2bb2d652,home,hist_gradient_boosting,pitcher_only,"{""l2_regularization"":5.0,""learning_rate"":0.05,""loss"":""poisson"",""max_iter"":300,""max_leaf_nodes"":31,""min_samples_leaf"":10}",ok,757,2.6263819825458423,2.965811989341985,2.5402906208718625,2.412931191958497,1.0338903592237143,1.229132434122472,2.7850336999981664,
54c0c40f18551dd31322,home,hist_gradient_boosting,pitcher_only,"{""l2_regularization"":0.0,""learning_rate"":0.05,""loss"":""poisson"",""max_iter"":300,""max_leaf_nodes"":31,""min_samples_leaf"":30}",ok,757,2.6352301713849617,2.8485002452936548,2.5402906208718625,2.412931191958497,1.0373734996039605,1.1805144940671186,2.452452900004573,
fe70369bffd2cc84de9e,home,hist_gradient_boosting,pitcher_only,"{""l2_regularization"":5.0,""learning_rate"":0.05,""loss"":""poisson"",""max_iter"":300,""max_leaf_nodes"":31,""min_samples_leaf"":30}",ok,757,2.6143419946026216,2.782714883135136,2.5402906208718625,2.412931191958497,1.0291507487853275,1.1532508230690564,2.3866538000002038,
6569746fbd9dca825e8f,home,hist_gradient_boosting,pitcher_only,"{""l2_regularization"":0.0,""learning_rate"":0.1,""loss"":""poisson"",""max_iter"":300,""max_leaf_nodes"":15,""min_samples_leaf"":10}",ok,757,2.694583544117191,3.118942915306134,2.5402906208718625,2.412931191958497,1.0607382958381246,1.292595050244508,1.5147610999993049,
51a9863d70185851fdf3,home,hist_gradient_boosting,pitcher_only,"{""l2_regularization"":5.0,""learning_rate"":0.1,""loss"":""poisson"",""max_iter"":300,""max_leaf_nodes"":15,""min_samples_leaf"":10}",ok,757,2.7201099946837224,3.1302465631278062,2.5402906208718625,2.412931191958497,1.0707869297844919,1.2972796628266419,1.504204299999401,
aab6cf5cae179b93ce7e,home,hist_gradient_boosting,pitcher_only,"{""l2_regularization"":0.0,""learning_rate"":0.1,""loss"":""poisson"",""max_iter"":300,""max_leaf_nodes"":15,""min_samples_leaf"":30}",ok,757,2.7103692503147148,2.9799419526760342,2.5402906208718625,2.412931191958497,1.066952429791076,1.2349883670977426,1.494895899988478,
d44e8bd0e2e041fcc23b,home,hist_gradient_boosting,pitcher_only,"{""l2_regularization"":5.0,""learning_rate"":0.1,""loss"":""poisson"",""max_iter"":300,""max_leaf_nodes"":15,""min_samples_leaf"":30}",ok,757,2.665111601051721,2.962048323332755,2.5402906208718625,2.412931191958497,1.0491364960978433,1.2275726440953991,1.4864682999905199,
721dcc909289e608ef2e,home,hist_gradient_boosting,pitcher_only,"{""l2_regularization"":0.0,""learning_rate"":0.1,""loss"":""poisson"",""max_iter"":300,""max_leaf_nodes"":31,""min_samples_leaf"":10}",ok,757,2.680298619645549,3.207213406528866,2.5402906208718625,2.412931191958497,1.0551149532354034,1.32917731645952,2.8053992000059225,
3bda912131e8bdfaaf3f,home,hist_gradient_boosting,pitcher_only,"{""l2_regularization"":5.0,""learning_rate"":0.1,""loss"":""poisson"",""max_iter"":300,""max_leaf_nodes"":31,""min_samples_leaf"":10}",ok,757,2.693635486185184,3.2875223048495723,2.5402906208718625,2.412931191958497,1.0603650873854313,1.362460030275956,2.859696800005622,
4bd519ade945aaa402bd,home,hist_gradient_boosting,pitcher_only,"{""l2_regularization"":0.0,""learning_rate"":0.1,""loss"":""poisson"",""max_iter"":300,""max_leaf_nodes"":31,""min_samples_leaf"":30}",ok,757,2.6475504512722665,2.9374508042334475,2.5402906208718625,2.412931191958497,1.042223448576758,1.2173786032618754,2.4004869000054896,
12389fd35b3f877d6289,home,hist_gradient_boosting,pitcher_only,"{""l2_regularization"":5.0,""learning_rate"":0.1,""loss"":""poisson"",""max_iter"":300,""max_leaf_nodes"":31,""min_samples_leaf"":30}",ok,757,2.666624138105011,3.0101566339857975,2.5402906208718625,2.412931191958497,1.0497319150002566,1.2475103492456212,2.4176839999854565,
709cb02ed077afb96417,home,hist_gradient_boosting,pitcher_only,"{""l2_regularization"":0.0,""learning_rate"":0.025,""loss"":""squared_error"",""max_iter"":300,""max_leaf_nodes"":15,""min_samples_leaf"":10}",ok,757,2.70798067193111,2.6728308591705643,2.5402906208718625,2.412931191958497,1.0660121521850496,1.1077111805252577,1.548583099996904,
00a30f1122029922c21f,home,hist_gradient_boosting,pitcher_only,"{""l2_regularization"":5.0,""learning_rate"":0.025,""loss"":""squared_error"",""max_iter"":300,""max_leaf_nodes"":15,""min_samples_leaf"":10}",ok,757,2.6528683723021893,2.588655234458884,2.5402906208718625,2.412931191958497,1.0443168787481838,1.0728259649864933,1.6403629999840632,
26f89cfe017a2b1c79c0,home,hist_gradient_boosting,pitcher_only,"{""l2_regularization"":0.0,""learning_rate"":0.025,""loss"":""squared_error"",""max_iter"":300,""max_leaf_nodes"":15,""min_samples_leaf"":30}",ok,757,2.6711789700045068,2.669792946449784,2.5402906208718625,2.412931191958497,1.0515249507506041,1.1064521671182843,1.5644920000049751,
010c7c86d0050651e1cd,home,hist_gradient_boosting,pitcher_only,"{""l2_regularization"":5.0,""learning_rate"":0.025,""loss"":""squared_error"",""max_iter"":300,""max_leaf_nodes"":15,""min_samples_leaf"":30}",ok,757,2.6425648314807826,2.62485495179989,2.5402906208718625,2.412931191958497,1.0402608306973231,1.0878283477571449,1.5418359999894165,
3a2947aacc409eeaa113,home,hist_gradient_boosting,pitcher_only,"{""l2_regularization"":0.0,""learning_rate"":0.025,""loss"":""squared_error"",""max_iter"":300,""max_leaf_nodes"":31,""min_samples_leaf"":10}",ok,757,2.7438711472236856,2.728838147847578,2.5402906208718625,2.412931191958497,1.0801406440188923,1.1309224883585136,2.784576800011564,
b95cd459ecde9273ff4b,home,hist_gradient_boosting,pitcher_only,"{""l2_regularization"":5.0,""learning_rate"":0.025,""loss"":""squared_error"",""max_iter"":300,""max_leaf_nodes"":31,""min_samples_leaf"":10}",ok,757,2.7048254960846156,2.674299794992803,2.5402906208718625,2.412931191958497,1.0647700990827114,1.1083199570320783,2.9777625999995507,
cbb7d6e5e694d8bf350b,home,hist_gradient_boosting,pitcher_only,"{""l2_regularization"":0.0,""learning_rate"":0.025,""loss"":""squared_error"",""max_iter"":300,""max_leaf_nodes"":31,""min_samples_leaf"":30}",ok,757,2.679553885099006,2.7022412721364875,2.5402906208718625,2.412931191958497,1.0548217842017409,1.119899846768182,2.387050699995598,
ca795130febdd1e7de6b,home,hist_gradient_boosting,pitcher_only,"{""l2_regularization"":5.0,""learning_rate"":0.025,""loss"":""squared_error"",""max_iter"":300,""max_leaf_nodes"":31,""min_samples_leaf"":30}",ok,757,2.657827608285683,2.662256963967155,2.5402906208718625,2.412931191958497,1.046269110489996,1.1033290020202726,2.352402999997139,
18f94cf342976a639129,home,hist_gradient_boosting,pitcher_only,"{""l2_regularization"":0.0,""learning_rate"":0.05,""loss"":""squared_error"",""max_iter"":300,""max_leaf_nodes"":15,""min_samples_leaf"":10}",ok,757,2.7598655442552302,2.8006488343029927,2.5402906208718625,2.412931191958497,1.0864369303178416,1.1606832567943215,1.5259266999782994,
d6f24da2a5faf50b6fe7,home,hist_gradient_boosting,pitcher_only,"{""l2_regularization"":5.0,""learning_rate"":0.05,""loss"":""squared_error"",""max_iter"":300,""max_leaf_nodes"":15,""min_samples_leaf"":10}",ok,757,2.7132178699504332,2.7080657124956558,2.5402906208718625,2.412931191958497,1.0680738052794998,1.1223136911324885,1.5683692999882624,
261c579b316d34ec4e32,home,hist_gradient_boosting,pitcher_only,"{""l2_regularization"":0.0,""learning_rate"":0.05,""loss"":""squared_error"",""max_iter"":300,""max_leaf_nodes"":15,""min_samples_leaf"":30}",ok,757,2.715604141613838,2.83676502151896,2.5402906208718625,2.412931191958497,1.0690131748318645,1.175651021866252,1.4770010999927763,
8ad5ccbf67e523600d6f,home,hist_gradient_boosting,pitcher_only,"{""l2_regularization"":5.0,""learning_rate"":0.05,""loss"":""squared_error"",""max_iter"":300,""max_leaf_nodes"":15,""min_samples_leaf"":30}",ok,757,2.7028125151101414,2.7996615471479713,2.5402906208718625,2.412931191958497,1.0639776775550582,1.160274091726411,1.493911500001559,
8d03449ec5ba4401a416,home,hist_gradient_boosting,pitcher_only,"{""l2_regularization"":0.0,""learning_rate"":0.05,""loss"":""squared_error"",""max_iter"":300,""max_leaf_nodes"":31,""min_samples_leaf"":10}",ok,757,2.7832514873357175,2.82503341333261,2.5402906208718625,2.412931191958497,1.0956429411924795,1.1707890480870375,2.8238859999983106,
d97e7b52fef89f3133ba,home,hist_gradient_boosting,pitcher_only,"{""l2_regularization"":5.0,""learning_rate"":0.05,""loss"":""squared_error"",""max_iter"":300,""max_leaf_nodes"":31,""min_samples_leaf"":10}",ok,757,2.7816177302055833,2.7934486060088117,2.5402906208718625,2.412931191958497,1.0949998033102584,1.157699239546678,2.981828099989798,
379e4d4facd2d9bcfdca,home,hist_gradient_boosting,pitcher_only,"{""l2_regularization"":0.0,""learning_rate"":0.05,""loss"":""squared_error"",""max_iter"":300,""max_leaf_nodes"":31,""min_samples_leaf"":30}",ok,757,2.7338772980821844,2.810593021556876,2.5402906208718625,2.412931191958497,1.0762065078773861,1.1648044631043168,2.411981500015827,
05ea731ff7d4829c20c7,home,hist_gradient_boosting,pitcher_only,"{""l2_regularization"":5.0,""learning_rate"":0.05,""loss"":""squared_error"",""max_iter"":300,""max_leaf_nodes"":31,""min_samples_leaf"":30}",ok,757,2.712323811749645,2.771898601510027,2.5402906208718625,2.412931191958497,1.0677218541312954,1.1487681914626697,2.399040399992373,
9d7675ecf773bc78dc44,home,hist_gradient_boosting,pitcher_only,"{""l2_regularization"":0.0,""learning_rate"":0.1,""loss"":""squared_error"",""max_iter"":300,""max_leaf_nodes"":15,""min_samples_leaf"":10}",ok,757,2.842162374808289,2.9600950105272434,2.5402906208718625,2.412931191958497,1.1188335505615574,1.226763125443553,1.604960900003789,
05ad418451d3d059e4fb,home,hist_gradient_boosting,pitcher_only,"{""l2_regularization"":5.0,""learning_rate"":0.1,""loss"":""squared_error"",""max_iter"":300,""max_leaf_nodes"":15,""min_samples_leaf"":10}",failed,757,,,2.5402906208718625,2.412931191958497,,,0.4219466999929864,RuntimeError: hist_gradient_boosting emitted invalid predictions: nonfinite=0 nonpositive=1
4f94ac83ea076859ae77,home,hist_gradient_boosting,pitcher_only,"{""l2_regularization"":0.0,""learning_rate"":0.1,""loss"":""squared_error"",""max_iter"":300,""max_leaf_nodes"":15,""min_samples_leaf"":30}",failed,757,,,2.5402906208718625,2.412931191958497,,,0.3601234999950975,RuntimeError: hist_gradient_boosting emitted invalid predictions: nonfinite=0 nonpositive=1
e0dd39a4c95816c2139f,home,hist_gradient_boosting,pitcher_only,"{""l2_regularization"":5.0,""learning_rate"":0.1,""loss"":""squared_error"",""max_iter"":300,""max_leaf_nodes"":15,""min_samples_leaf"":30}",ok,757,2.7881974067375044,2.9995916029470844,2.5402906208718625,2.412931191958497,1.0975899307853827,1.2431318443492019,1.4610363999963738,
c1e05b15cd0508e960d7,home,hist_gradient_boosting,pitcher_only,"{""l2_regularization"":0.0,""learning_rate"":0.1,""loss"":""squared_error"",""max_iter"":300,""max_leaf_nodes"":31,""min_samples_leaf"":10}",ok,757,2.818250346682452,2.914409140162149,2.5402906208718625,2.412931191958497,1.109420443285812,1.2078293611831588,2.733944800012978,
844bccb91422f3e8d09a,home,hist_gradient_boosting,pitcher_only,"{""l2_regularization"":5.0,""learning_rate"":0.1,""loss"":""squared_error"",""max_iter"":300,""max_leaf_nodes"":31,""min_samples_leaf"":10}",ok,757,2.8030346943932583,2.8420135076751145,2.5402906208718625,2.412931191958497,1.1034307143295354,1.1778261713995855,2.8712703000055626,
8454f497aa1e76d8de58,home,hist_gradient_boosting,pitcher_only,"{""l2_regularization"":0.0,""learning_rate"":0.1,""loss"":""squared_error"",""max_iter"":300,""max_leaf_nodes"":31,""min_samples_leaf"":30}",ok,757,2.7514282992795707,2.8935573009541864,2.5402906208718625,2.412931191958497,1.0831155603508242,1.1991876563233372,2.407681099983165,
119d6d7626899fd388ce,home,hist_gradient_boosting,pitcher_only,"{""l2_regularization"":5.0,""learning_rate"":0.1,""loss"":""squared_error"",""max_iter"":300,""max_leaf_nodes"":31,""min_samples_leaf"":30}",failed,757,,,2.5402906208718625,2.412931191958497,,,2.4328993000090122,RuntimeError: hist_gradient_boosting emitted invalid predictions: nonfinite=0 nonpositive=1
4d450135a9a582681893,home,random_forest,pitcher_only,"{""criterion"":""poisson"",""max_depth"":null,""max_features"":0.6,""max_samples"":null,""min_samples_leaf"":2,""n_estimators"":400}",ok,757,2.643414377781331,2.5139980093796463,2.5402906208718625,2.412931191958497,1.0405952594802224,1.041885495018661,3.6678490999911446,
49b63807ffd54a0c549f,home,random_forest,pitcher_only,"{""criterion"":""poisson"",""max_depth"":null,""max_features"":1.0,""max_samples"":null,""min_samples_leaf"":2,""n_estimators"":400}",ok,757,2.674659334546412,2.5662865716803713,2.5402906208718625,2.412931191958497,1.0528950162514998,1.0635556373231683,5.7282895000244025,
1b382f2e13173078dd0a,home,random_forest,pitcher_only,"{""criterion"":""poisson"",""max_depth"":null,""max_features"":0.6,""max_samples"":null,""min_samples_leaf"":8,""n_estimators"":400}",ok,757,2.570115515708058,2.4428176463553952,2.5402906208718625,2.412931191958497,1.0117407412329693,1.0123859538541753,2.745566300000064,
59666828e4eb462f4664,home,random_forest,pitcher_only,"{""criterion"":""poisson"",""max_depth"":null,""max_features"":1.0,""max_samples"":null,""min_samples_leaf"":8,""n_estimators"":400}",ok,757,2.568615828525275,2.439268934970924,2.5402906208718625,2.412931191958497,1.0111503807559195,1.0109152482674193,4.005468199989991,
b13d3a2309daccd31897,home,random_forest,pitcher_only,"{""criterion"":""poisson"",""max_depth"":14,""max_features"":0.6,""max_samples"":null,""min_samples_leaf"":2,""n_estimators"":400}",ok,757,2.6414762418303765,2.5180453886971104,2.5402906208718625,2.412931191958497,1.0398323011261545,1.0435628654016014,3.4597394000156783,
8c886cb897fcccc61053,home,random_forest,pitcher_only,"{""criterion"":""poisson"",""max_depth"":14,""max_features"":1.0,""max_samples"":null,""min_samples_leaf"":2,""n_estimators"":400}",ok,757,2.664528083127786,2.5547366450334335,2.5402906208718625,2.412931191958497,1.0489067909140584,1.0587689584964242,5.1958056000003126,
d9672c293ee1e1e43783,home,random_forest,pitcher_only,"{""criterion"":""poisson"",""max_depth"":14,""max_features"":0.6,""max_samples"":null,""min_samples_leaf"":8,""n_estimators"":400}",ok,757,2.5723923441793097,2.44296720369432,2.5402906208718625,2.412931191958497,1.0126370278438572,1.0124479354554008,2.828581999987364,
90db3c7e60a5127c1a6e,home,random_forest,pitcher_only,"{""criterion"":""poisson"",""max_depth"":14,""max_features"":1.0,""max_samples"":null,""min_samples_leaf"":8,""n_estimators"":400}",ok,757,2.569175662316192,2.439715315915017,2.5402906208718625,2.412931191958497,1.0113707625446478,1.0111002435733694,3.9532916999887675,
ee9f1175b2450c92eefc,home,random_forest,pitcher_only,"{""criterion"":""squared_error"",""max_depth"":null,""max_features"":0.6,""max_samples"":null,""min_samples_leaf"":2,""n_estimators"":400}",ok,757,2.7793648862422216,2.642962627973791,2.5402906208718625,2.412931191958497,1.0941129583387217,1.095332778979323,2.76356280001346,
716bfd85361ea8166f58,home,random_forest,pitcher_only,"{""criterion"":""squared_error"",""max_depth"":null,""max_features"":1.0,""max_samples"":null,""min_samples_leaf"":2,""n_estimators"":400}",ok,757,2.823230493264107,2.6977022675948517,2.5402906208718625,2.412931191958497,1.1113809066047473,1.118018730324927,4.049488899996504,
dd1c4b2bd19f5ba64dd4,home,random_forest,pitcher_only,"{""criterion"":""squared_error"",""max_depth"":null,""max_features"":0.6,""max_samples"":null,""min_samples_leaf"":8,""n_estimators"":400}",ok,757,2.5803008329669592,2.43945262301323,2.5402906208718625,2.412931191958497,1.0157502498991098,1.0109913747823063,2.274304899998242,
65225efe7b7a932cfcbb,home,random_forest,pitcher_only,"{""criterion"":""squared_error"",""max_depth"":null,""max_features"":1.0,""max_samples"":null,""min_samples_leaf"":8,""n_estimators"":400}",ok,757,2.587646494508512,2.4412273529814636,2.5402906208718625,2.412931191958497,1.0186419117748016,1.0117268826882708,3.1172508999879938,
ee75f9a7f5d831de9521,home,random_forest,pitcher_only,"{""criterion"":""squared_error"",""max_depth"":14,""max_features"":0.6,""max_samples"":null,""min_samples_leaf"":2,""n_estimators"":400}",ok,757,2.7696060810747793,2.6278459085871435,2.5402906208718625,2.412931191958497,1.0902713486082205,1.0890679010428836,2.6333039999881294,
fa0ffd3ca09bd767d1c3,home,random_forest,pitcher_only,"{""criterion"":""squared_error"",""max_depth"":14,""max_features"":1.0,""max_samples"":null,""min_samples_leaf"":2,""n_estimators"":400}",ok,757,2.8207118466188543,2.6948702264826756,2.5402906208718625,2.412931191958497,1.110389426880121,1.116845037050285,3.838464500004193,
a8826946cb6c0643e73b,home,random_forest,pitcher_only,"{""criterion"":""squared_error"",""max_depth"":14,""max_features"":0.6,""max_samples"":null,""min_samples_leaf"":8,""n_estimators"":400}",ok,757,2.5852031146106595,2.4398384028651856,2.5402906208718625,2.412931191958497,1.0176800612377896,1.0111512549534614,2.2588608999794815,
05d5cf5f1465181ff84d,home,random_forest,pitcher_only,"{""criterion"":""squared_error"",""max_depth"":14,""max_features"":1.0,""max_samples"":null,""min_samples_leaf"":8,""n_estimators"":400}",ok,757,2.586555089988708,2.4406431224035723,2.5402906208718625,2.412931191958497,1.0182122741141197,1.0114847578486408,3.1340245000028517,
d220ec0967ac8d925ba1,home,extra_trees,pitcher_only,"{""criterion"":""poisson"",""max_depth"":null,""max_features"":0.6,""max_samples"":null,""min_samples_leaf"":2,""n_estimators"":400}",ok,757,2.615423549646698,2.4943014300087016,2.5402906208718625,2.412931191958497,1.029576509143292,1.0337225687667284,1.555742900003679,
6297825f1345768611f4,home,extra_trees,pitcher_only,"{""criterion"":""poisson"",""max_depth"":null,""max_features"":1.0,""max_samples"":null,""min_samples_leaf"":2,""n_estimators"":400}",ok,757,2.6351617753906407,2.534399851550983,2.5402906208718625,2.412931191958497,1.0373465751277768,1.050340705941927,2.018613299995195,
8c5b70a485d819a0da4f,home,extra_trees,pitcher_only,"{""criterion"":""poisson"",""max_depth"":null,""max_features"":0.6,""max_samples"":null,""min_samples_leaf"":8,""n_estimators"":400}",ok,757,2.5559798476437416,2.4288164785881996,2.5402906208718625,2.412931191958497,1.0061761542726535,1.006583398102127,1.2605660999834072,
a9557d818107003d609e,home,extra_trees,pitcher_only,"{""criterion"":""poisson"",""max_depth"":null,""max_features"":1.0,""max_samples"":null,""min_samples_leaf"":8,""n_estimators"":400}",ok,757,2.5578619017393627,2.432199717630866,2.5402906208718625,2.412931191958497,1.00691703568211,1.0079855263741397,1.3976743999810424,
621385bb9f157ecbda7b,home,extra_trees,pitcher_only,"{""criterion"":""poisson"",""max_depth"":14,""max_features"":0.6,""max_samples"":null,""min_samples_leaf"":2,""n_estimators"":400}",ok,757,2.601542041032803,2.47617290463829,2.5402906208718625,2.412931191958497,1.024111973511093,1.0262094969349134,1.3609586999809835,
76f65319ba0f15bda2f4,home,extra_trees,pitcher_only,"{""criterion"":""poisson"",""max_depth"":14,""max_features"":1.0,""max_samples"":null,""min_samples_leaf"":2,""n_estimators"":400}",ok,757,2.6331819733610677,2.515167176407102,2.5402906208718625,2.412931191958497,1.036567214682438,1.0423700372349298,1.6572004999907222,
654fdec417c4b288b625,home,extra_trees,pitcher_only,"{""criterion"":""poisson"",""max_depth"":14,""max_features"":0.6,""max_samples"":null,""min_samples_leaf"":8,""n_estimators"":400}",ok,757,2.560863280028126,2.4342795777331827,2.5402906208718625,2.412931191958497,1.0080985454920912,1.008847490490335,1.2508211000240408,
8836dc8abc684b19f1d7,home,extra_trees,pitcher_only,"{""criterion"":""poisson"",""max_depth"":14,""max_features"":1.0,""max_samples"":null,""min_samples_leaf"":8,""n_estimators"":400}",ok,757,2.5593935970917823,2.4318751664499416,2.5402906208718625,2.412931191958497,1.0075199963590635,1.0078510214276224,1.364326599985361,
0b5dd40a465288a3584e,home,extra_trees,pitcher_only,"{""criterion"":""squared_error"",""max_depth"":null,""max_features"":0.6,""max_samples"":null,""min_samples_leaf"":2,""n_estimators"":400}",ok,757,2.6396298215224356,2.5211616322658013,2.5402906208718625,2.412931191958497,1.039105447161978,1.0448543417516423,1.465976799983764,
73ff1a6e53f26627bf42,home,extra_trees,pitcher_only,"{""criterion"":""squared_error"",""max_depth"":null,""max_features"":1.0,""max_samples"":null,""min_samples_leaf"":2,""n_estimators"":400}",ok,757,2.686975155235263,2.567230224868,2.5402906208718625,2.412931191958497,1.0577432098352024,1.063946719004558,1.8897060999879614,
33b60b81c4bdc3d05bcf,home,extra_trees,pitcher_only,"{""criterion"":""squared_error"",""max_depth"":null,""max_features"":0.6,""max_samples"":null,""min_samples_leaf"":8,""n_estimators"":400}",ok,757,2.5603559099818303,2.4313531590425765,2.5402906208718625,2.412931191958497,1.0078988163579021,1.0076346839667347,1.2509540999890305,
239d5c81a2b787d6d3f8,home,extra_trees,pitcher_only,"{""criterion"":""squared_error"",""max_depth"":null,""max_features"":1.0,""max_samples"":null,""min_samples_leaf"":8,""n_estimators"":400}",ok,757,2.5631635154005425,2.4311466600272738,2.5402906208718625,2.412931191958497,1.009004046364124,1.0075491038159243,1.3477991999825463,
205edad00ac45164ffa1,home,extra_trees,pitcher_only,"{""criterion"":""squared_error"",""max_depth"":14,""max_features"":0.6,""max_samples"":null,""min_samples_leaf"":2,""n_estimators"":400}",ok,757,2.617674922378878,2.4842069708973518,2.5402906208718625,2.412931191958497,1.0304627749562199,1.0295390847349453,1.3097458999836817,
0281ba652069584ab9ea,home,extra_trees,pitcher_only,"{""criterion"":""squared_error"",""max_depth"":14,""max_features"":1.0,""max_samples"":null,""min_samples_leaf"":2,""n_estimators"":400}",ok,757,2.6713210252810744,2.535568040931348,2.5402906208718625,2.412931191958497,1.0515808716265072,1.0508248429882954,1.6096687999961432,
a1db4f76dcc5c462a9bd,home,extra_trees,pitcher_only,"{""criterion"":""squared_error"",""max_depth"":14,""max_features"":0.6,""max_samples"":null,""min_samples_leaf"":8,""n_estimators"":400}",ok,757,2.559094529022849,2.4343707128007614,2.5402906208718625,2.412931191958497,1.0074022664952142,1.0088852599335263,1.318663900019601,
c8091071dbfacd1de250,home,extra_trees,pitcher_only,"{""criterion"":""squared_error"",""max_depth"":14,""max_features"":1.0,""max_samples"":null,""min_samples_leaf"":8,""n_estimators"":400}",ok,757,2.5640347160914247,2.4369889284180677,2.5402906208718625,2.412931191958497,1.0093469995222093,1.0099703367173283,1.3169607000018004,
17bf1e864d0db6b19a28,home,poisson_glm,pitcher_only,"{""alpha"":0.0,""solver"":""lbfgs""}",ok,757,26.194256466060512,49.83154995453223,2.5402906208718625,2.412931191958497,10.311519576083104,20.65187358868928,0.2599245000164956,
46fb52fbcb8737f54024,home,poisson_glm,pitcher_only,"{""alpha"":0.01,""solver"":""lbfgs""}",ok,757,2.5907929180793583,2.5074897954674182,2.5402906208718625,2.412931191958497,1.0198805194935383,1.0391882718512877,0.15731300000334159,
643c15a21a38c3883603,home,poisson_glm,pitcher_only,"{""alpha"":0.1,""solver"":""lbfgs""}",ok,757,2.5772795505984063,2.480629095490351,2.5402906208718625,2.412931191958497,1.014560904733746,1.0280562925944465,0.09545190000790171,
feba790929a3310cf5f1,home,poisson_glm,pitcher_only,"{""alpha"":1.0,""solver"":""lbfgs""}",ok,757,2.554780692313416,2.431740177957368,2.5402906208718625,2.412931191958497,1.0057040998862485,1.0077950776472844,0.06509600000572391,
112dbb196a7b87a1d0f9,home,poisson_glm,pitcher_only,"{""alpha"":10.0,""solver"":""lbfgs""}",ok,757,2.553998541888242,2.4080522490984033,2.5402906208718625,2.412931191958497,1.0053962018769627,0.9979780016618983,0.054218800010858104,
fba3fc5243959b16f18e,home,tweedie_glm,pitcher_only,"{""alpha"":0.01,""power"":1.2,""solver"":""lbfgs""}",ok,757,2.587760442080811,2.503146855012408,2.5402906208718625,2.412931191958497,1.018686767891406,1.0373884109727496,0.13543860000208952,
bbfe3d2adb14fe6f9d14,home,tweedie_glm,pitcher_only,"{""alpha"":0.1,""power"":1.2,""solver"":""lbfgs""}",ok,757,2.57363239565752,2.4746223265631415,2.5402906208718625,2.412931191958497,1.0131251812338755,1.0255668851272015,0.09172609998495318,
b922c755423b9ed0c8af,home,tweedie_glm,pitcher_only,"{""alpha"":1.0,""power"":1.2,""solver"":""lbfgs""}",ok,757,2.551534748469285,2.425965244607072,2.5402906208718625,2.412931191958497,1.004426315440067,1.0054017506558053,0.05962300000828691,
7681a83ad72cd77321ff,home,tweedie_glm,pitcher_only,"{""alpha"":0.01,""power"":1.5,""solver"":""lbfgs""}",ok,757,2.5832624105029667,2.4970783191681467,2.5402906208718625,2.412931191958497,1.0169160919140643,1.0348734052135777,0.12612590001663193,
fda30f69f7b8e4a69417,home,tweedie_glm,pitcher_only,"{""alpha"":0.1,""power"":1.5,""solver"":""lbfgs""}",ok,757,2.567745623506837,2.465573846143385,2.5402906208718625,2.412931191958497,1.0108078195500134,1.0218168899139473,0.0761484999966342,
54c932863e2f760e51c3,home,tweedie_glm,pitcher_only,"{""alpha"":1.0,""power"":1.5,""solver"":""lbfgs""}",ok,757,2.5476477306363057,2.418465838162122,2.5402906208718625,2.412931191958497,1.0028961685344169,1.0022937439003938,0.05826079999678768,
abc07fd4c7ebd112e503,home,tweedie_glm,pitcher_only,"{""alpha"":0.01,""power"":1.8,""solver"":""lbfgs""}",ok,757,2.579103428016792,2.491345417279432,2.5402906208718625,2.412931191958497,1.0152788845599126,1.032497497476208,0.11807339999359101,
682a205487fb4ededf39,home,tweedie_glm,pitcher_only,"{""alpha"":0.1,""power"":1.8,""solver"":""lbfgs""}",ok,757,2.56161706318623,2.4564559128957,2.5402906208718625,2.412931191958497,1.00839527656369,1.0180381111082888,0.07439460000023246,
717eadb6ee95d374ba96,home,tweedie_glm,pitcher_only,"{""alpha"":1.0,""power"":1.8,""solver"":""lbfgs""}",ok,757,2.5453529394259764,2.412696839229951,2.5402906208718625,2.412931191958497,1.001992810788073,0.9999028763317714,0.05058769998140633,
8655b2c500f046942e3d,home,lightgbm,pitcher_only,"{""colsample_bytree"":0.9,""learning_rate"":0.025,""min_child_samples"":10,""n_estimators"":500,""num_leaves"":15,""objective"":""poisson"",""reg_lambda"":1.0,""subsample"":0.9,""tweedie_variance_power"":null}",ok,757,2.625766325611683,2.605679921073485,2.5402906208718625,2.412931191958497,1.0336480023338763,1.0798815688393253,0.8388166000077035,
454cffdf40d5f6bf13b9,home,lightgbm,pitcher_only,"{""colsample_bytree"":0.9,""learning_rate"":0.025,""min_child_samples"":30,""n_estimators"":500,""num_leaves"":15,""objective"":""poisson"",""reg_lambda"":1.0,""subsample"":0.9,""tweedie_variance_power"":null}",ok,757,2.6119817531282346,2.613329769197805,2.5402906208718625,2.412931191958497,1.028221626166445,1.0830519236964444,0.8446861999982502,
d2be3d7d6d48ede4749c,home,lightgbm,pitcher_only,"{""colsample_bytree"":0.9,""learning_rate"":0.025,""min_child_samples"":10,""n_estimators"":500,""num_leaves"":31,""objective"":""poisson"",""reg_lambda"":1.0,""subsample"":0.9,""tweedie_variance_power"":null}",ok,757,2.6301177274395267,2.668769083908179,2.5402906208718625,2.412931191958497,1.0353609566675621,1.106027843977609,1.6691377999959514,
f4bbbb951d8d439cd2e6,home,lightgbm,pitcher_only,"{""colsample_bytree"":0.9,""learning_rate"":0.025,""min_child_samples"":30,""n_estimators"":500,""num_leaves"":31,""objective"":""poisson"",""reg_lambda"":1.0,""subsample"":0.9,""tweedie_variance_power"":null}",ok,757,2.603909642752762,2.6296649783975554,2.5402906208718625,2.412931191958497,1.0250439935329385,1.0898217848736675,1.410889999999199,
4e136754e0b9aaf098d4,home,lightgbm,pitcher_only,"{""colsample_bytree"":0.9,""learning_rate"":0.05,""min_child_samples"":10,""n_estimators"":500,""num_leaves"":15,""objective"":""poisson"",""reg_lambda"":1.0,""subsample"":0.9,""tweedie_variance_power"":null}",ok,757,2.6580747020176143,2.768856468678715,2.5402906208718625,2.412931191958497,1.0463663803574281,1.1475074290996774,0.819552200002363,
bb735363bcd3856c7899,home,lightgbm,pitcher_only,"{""colsample_bytree"":0.9,""learning_rate"":0.05,""min_child_samples"":30,""n_estimators"":500,""num_leaves"":15,""objective"":""poisson"",""reg_lambda"":1.0,""subsample"":0.9,""tweedie_variance_power"":null}",ok,757,2.6312478594839046,2.71144845300313,2.5402906208718625,2.412931191958497,1.0358058396408298,1.1237156127947172,0.8215780000027735,
de9cec2c371e87bb0afe,home,lightgbm,pitcher_only,"{""colsample_bytree"":0.9,""learning_rate"":0.05,""min_child_samples"":10,""n_estimators"":500,""num_leaves"":31,""objective"":""poisson"",""reg_lambda"":1.0,""subsample"":0.9,""tweedie_variance_power"":null}",ok,757,2.626754795476091,2.8497880101149673,2.5402906208718625,2.412931191958497,1.0340371191759754,1.1810481872058225,1.6164533999981359,
192bef8a15d78fc2f4f0,home,lightgbm,pitcher_only,"{""colsample_bytree"":0.9,""learning_rate"":0.05,""min_child_samples"":30,""n_estimators"":500,""num_leaves"":31,""objective"":""poisson"",""reg_lambda"":1.0,""subsample"":0.9,""tweedie_variance_power"":null}",ok,757,2.6234798890935154,2.7615294362265046,2.5402906208718625,2.412931191958497,1.0327479334601097,1.1444708599357372,1.4135383999964688,
48f94e77e84666d1b736,home,lightgbm,pitcher_only,"{""colsample_bytree"":0.9,""learning_rate"":0.1,""min_child_samples"":10,""n_estimators"":500,""num_leaves"":15,""objective"":""poisson"",""reg_lambda"":1.0,""subsample"":0.9,""tweedie_variance_power"":null}",ok,757,2.6788097023427544,2.9329023737664124,2.5402906208718625,2.412931191958497,1.0545288323834972,1.2154935803974882,0.8052265000005718,
bbf37b965b588f809a0a,home,lightgbm,pitcher_only,"{""colsample_bytree"":0.9,""learning_rate"":0.1,""min_child_samples"":30,""n_estimators"":500,""num_leaves"":15,""objective"":""poisson"",""reg_lambda"":1.0,""subsample"":0.9,""tweedie_variance_power"":null}",ok,757,2.6779457796407438,2.888157225453871,2.5402906208718625,2.412931191958497,1.0541887442475524,1.1969496830573312,0.7809563000046182,
cf816f1923077ca75a0a,home,lightgbm,pitcher_only,"{""colsample_bytree"":0.9,""learning_rate"":0.1,""min_child_samples"":10,""n_estimators"":500,""num_leaves"":31,""objective"":""poisson"",""reg_lambda"":1.0,""subsample"":0.9,""tweedie_variance_power"":null}",ok,757,2.669116680308258,3.0839486988274323,2.5402906208718625,2.412931191958497,1.0507131185612852,1.2780922676557107,1.630472999997437,
6b97ef94119ab9588cfd,home,lightgbm,pitcher_only,"{""colsample_bytree"":0.9,""learning_rate"":0.1,""min_child_samples"":30,""n_estimators"":500,""num_leaves"":31,""objective"":""poisson"",""reg_lambda"":1.0,""subsample"":0.9,""tweedie_variance_power"":null}",ok,757,2.6420917579392578,2.919981774856337,2.5402906208718625,2.412931191958497,1.0400746025793126,1.2101388487942266,1.4611003999889363,
1c0043b1afb455053b03,home,lightgbm,pitcher_only,"{""colsample_bytree"":0.9,""learning_rate"":0.025,""min_child_samples"":10,""n_estimators"":500,""num_leaves"":15,""objective"":""tweedie"",""reg_lambda"":1.0,""subsample"":0.9,""tweedie_variance_power"":1.5}",ok,757,2.657655326793526,2.8422488520250817,2.5402906208718625,2.412931191958497,1.0462012908906393,1.1779237060291476,0.8219611999811605,
99b72108e5a7e47fb28a,home,lightgbm,pitcher_only,"{""colsample_bytree"":0.9,""learning_rate"":0.025,""min_child_samples"":30,""n_estimators"":500,""num_leaves"":15,""objective"":""tweedie"",""reg_lambda"":1.0,""subsample"":0.9,""tweedie_variance_power"":1.5}",ok,757,2.6411658703592416,2.8408771026010675,2.5402906208718625,2.412931191958497,1.0397101216130764,1.1773552068408635,0.8308436999795958,
b080886bf5749f08fefb,home,lightgbm,pitcher_only,"{""colsample_bytree"":0.9,""learning_rate"":0.025,""min_child_samples"":10,""n_estimators"":500,""num_leaves"":31,""objective"":""tweedie"",""reg_lambda"":1.0,""subsample"":0.9,""tweedie_variance_power"":1.5}",ok,757,2.6644502093005995,3.046242043760959,2.5402906208718625,2.412931191958497,1.0488761354345053,1.2624653591089037,1.671741900005145,
735752ea0f54ef82773f,home,lightgbm,pitcher_only,"{""colsample_bytree"":0.9,""learning_rate"":0.025,""min_child_samples"":30,""n_estimators"":500,""num_leaves"":31,""objective"":""tweedie"",""reg_lambda"":1.0,""subsample"":0.9,""tweedie_variance_power"":1.5}",ok,757,2.639659181138359,2.8947102866072765,2.5402906208718625,2.412931191958497,1.0391170047434934,1.199665492432768,1.4606676999828778,
0352d1cd371ae10ee779,home,lightgbm,pitcher_only,"{""colsample_bytree"":0.9,""learning_rate"":0.05,""min_child_samples"":10,""n_estimators"":500,""num_leaves"":15,""objective"":""tweedie"",""reg_lambda"":1.0,""subsample"":0.9,""tweedie_variance_power"":1.5}",ok,757,2.7189571072323915,3.170608945560655,2.5402906208718625,2.412931191958497,1.0703330890145193,1.3140071942901845,0.8209595000080299,
1fd08c6f02e59d895431,home,lightgbm,pitcher_only,"{""colsample_bytree"":0.9,""learning_rate"":0.05,""min_child_samples"":30,""n_estimators"":500,""num_leaves"":15,""objective"":""tweedie"",""reg_lambda"":1.0,""subsample"":0.9,""tweedie_variance_power"":1.5}",ok,757,2.6889860689201495,3.0547629653138975,2.5402906208718625,2.412931191958497,1.05853481756243,1.2659967161493928,0.8039609999977984,
dd749030846a70e7d784,home,lightgbm,pitcher_only,"{""colsample_bytree"":0.9,""learning_rate"":0.05,""min_child_samples"":10,""n_estimators"":500,""num_leaves"":31,""objective"":""tweedie"",""reg_lambda"":1.0,""subsample"":0.9,""tweedie_variance_power"":1.5}",ok,757,2.7314657177965027,3.505779245793571,2.5402906208718625,2.412931191958497,1.075257175440433,1.4529130617056862,1.6814873000257649,
dadee7e0ea817d2d4d07,home,lightgbm,pitcher_only,"{""colsample_bytree"":0.9,""learning_rate"":0.05,""min_child_samples"":30,""n_estimators"":500,""num_leaves"":31,""objective"":""tweedie"",""reg_lambda"":1.0,""subsample"":0.9,""tweedie_variance_power"":1.5}",ok,757,2.690267983239326,3.15848574084971,2.5402906208718625,2.412931191958497,1.0590394505003482,1.3089829297146558,1.411075099982554,
114f90750ed970438875,home,lightgbm,pitcher_only,"{""colsample_bytree"":0.9,""learning_rate"":0.1,""min_child_samples"":10,""n_estimators"":500,""num_leaves"":15,""objective"":""tweedie"",""reg_lambda"":1.0,""subsample"":0.9,""tweedie_variance_power"":1.5}",ok,757,2.754178063880661,3.517813104235785,2.5402906208718625,2.412931191958497,1.084198020986823,1.4579002981765476,0.8393938000081107,
9517d91a5d4a334b3731,home,lightgbm,pitcher_only,"{""colsample_bytree"":0.9,""learning_rate"":0.1,""min_child_samples"":30,""n_estimators"":500,""num_leaves"":15,""objective"":""tweedie"",""reg_lambda"":1.0,""subsample"":0.9,""tweedie_variance_power"":1.5}",ok,757,2.8235296622538373,3.4240293591803295,2.5402906208718625,2.412931191958497,1.1114986761966483,1.4190331537805507,0.8358276999788359,
f38e4c4f207dfcf002fc,home,lightgbm,pitcher_only,"{""colsample_bytree"":0.9,""learning_rate"":0.1,""min_child_samples"":10,""n_estimators"":500,""num_leaves"":31,""objective"":""tweedie"",""reg_lambda"":1.0,""subsample"":0.9,""tweedie_variance_power"":1.5}",ok,757,2.826801525376413,3.9935457020356533,2.5402906208718625,2.412931191958497,1.112786663915728,1.655059918552515,1.8628721999994013,
e2ddfd875a278b9593ee,home,lightgbm,pitcher_only,"{""colsample_bytree"":0.9,""learning_rate"":0.1,""min_child_samples"":30,""n_estimators"":500,""num_leaves"":31,""objective"":""tweedie"",""reg_lambda"":1.0,""subsample"":0.9,""tweedie_variance_power"":1.5}",ok,757,2.755443647240472,3.4521886873850955,2.5402906208718625,2.412931191958497,1.0846962251487453,1.4307033283377912,1.5108306000183802,
0d9baf432885d5327601,home,lightgbm,pitcher_only,"{""colsample_bytree"":0.9,""learning_rate"":0.025,""min_child_samples"":10,""n_estimators"":500,""num_leaves"":15,""objective"":""regression"",""reg_lambda"":1.0,""subsample"":0.9,""tweedie_variance_power"":null}",ok,757,2.754275022738094,2.7657053795539364,2.5402906208718625,2.412931191958497,1.0842361893981993,1.1462015115769233,0.9019261999928858,
31dae557448c9df5f8a5,home,lightgbm,pitcher_only,"{""colsample_bytree"":0.9,""learning_rate"":0.025,""min_child_samples"":30,""n_estimators"":500,""num_leaves"":15,""objective"":""regression"",""reg_lambda"":1.0,""subsample"":0.9,""tweedie_variance_power"":null}",ok,757,2.694383247949068,2.761266589241663,2.5402906208718625,2.412931191958497,1.0606594481005953,1.1443619272874639,0.8858239999972284,
95f888e2a192c56911d8,home,lightgbm,pitcher_only,"{""colsample_bytree"":0.9,""learning_rate"":0.025,""min_child_samples"":10,""n_estimators"":500,""num_leaves"":31,""objective"":""regression"",""reg_lambda"":1.0,""subsample"":0.9,""tweedie_variance_power"":null}",ok,757,2.788948370715726,2.8077876853948793,2.5402906208718625,2.412931191958497,1.0978855520706212,1.1636418372609665,1.6948588000086602,
0fa49e7154da8e05af47,home,lightgbm,pitcher_only,"{""colsample_bytree"":0.9,""learning_rate"":0.025,""min_child_samples"":30,""n_estimators"":500,""num_leaves"":31,""objective"":""regression"",""reg_lambda"":1.0,""subsample"":0.9,""tweedie_variance_power"":null}",ok,757,2.7345689818853263,2.800571691722393,2.5402906208718625,2.412931191958497,1.076478793181067,1.1606512863092713,1.465117999992799,
d0d1cc67755142744fcc,home,lightgbm,pitcher_only,"{""colsample_bytree"":0.9,""learning_rate"":0.05,""min_child_samples"":10,""n_estimators"":500,""num_leaves"":15,""objective"":""regression"",""reg_lambda"":1.0,""subsample"":0.9,""tweedie_variance_power"":null}",ok,757,2.790829199035333,2.886581114040444,2.5402906208718625,2.412931191958497,1.0986259509463063,1.1962964893737813,0.8462162999785505,
a8a9f2c28b8824a5dd81,home,lightgbm,pitcher_only,"{""colsample_bytree"":0.9,""learning_rate"":0.05,""min_child_samples"":30,""n_estimators"":500,""num_leaves"":15,""objective"":""regression"",""reg_lambda"":1.0,""subsample"":0.9,""tweedie_variance_power"":null}",ok,757,2.763922052132462,2.9185891690151022,2.5402906208718625,2.412931191958497,1.0880337979533405,1.2095617060038,0.8488503999833483,
d212b5cc9cfe07f925ac,home,lightgbm,pitcher_only,"{""colsample_bytree"":0.9,""learning_rate"":0.05,""min_child_samples"":10,""n_estimators"":500,""num_leaves"":31,""objective"":""regression"",""reg_lambda"":1.0,""subsample"":0.9,""tweedie_variance_power"":null}",ok,757,2.8117571302419786,2.844880010773866,2.5402906208718625,2.412931191958497,1.1068643513225054,1.1790141468828086,1.6750299999839626,
8ec80822d4be4ed828f7,home,lightgbm,pitcher_only,"{""colsample_bytree"":0.9,""learning_rate"":0.05,""min_child_samples"":30,""n_estimators"":500,""num_leaves"":31,""objective"":""regression"",""reg_lambda"":1.0,""subsample"":0.9,""tweedie_variance_power"":null}",ok,757,2.7622667682919952,2.923060322591482,2.5402906208718625,2.412931191958497,1.0873821859578994,1.2114147027205238,1.4750413000001572,
53d34583b8f4e40db234,home,lightgbm,pitcher_only,"{""colsample_bytree"":0.9,""learning_rate"":0.1,""min_child_samples"":10,""n_estimators"":500,""num_leaves"":15,""objective"":""regression"",""reg_lambda"":1.0,""subsample"":0.9,""tweedie_variance_power"":null}",failed,757,,,2.5402906208718625,2.412931191958497,,,0.41350900000543334,RuntimeError: lightgbm emitted invalid predictions: nonfinite=0 nonpositive=1
e840e677ef2bc906f5dd,home,lightgbm,pitcher_only,"{""colsample_bytree"":0.9,""learning_rate"":0.1,""min_child_samples"":30,""n_estimators"":500,""num_leaves"":15,""objective"":""regression"",""reg_lambda"":1.0,""subsample"":0.9,""tweedie_variance_power"":null}",failed,757,,,2.5402906208718625,2.412931191958497,,,0.1985228000266943,RuntimeError: lightgbm emitted invalid predictions: nonfinite=0 nonpositive=1
544d007884904726fd62,home,lightgbm,pitcher_only,"{""colsample_bytree"":0.9,""learning_rate"":0.1,""min_child_samples"":10,""n_estimators"":500,""num_leaves"":31,""objective"":""regression"",""reg_lambda"":1.0,""subsample"":0.9,""tweedie_variance_power"":null}",ok,757,2.8131053465562474,2.8847865261464034,2.5402906208718625,2.412931191958497,1.1073950844217781,1.1955527516741649,1.6824503999960143,
03e900dfa8d5b598d74f,home,lightgbm,pitcher_only,"{""colsample_bytree"":0.9,""learning_rate"":0.1,""min_child_samples"":30,""n_estimators"":500,""num_leaves"":31,""objective"":""regression"",""reg_lambda"":1.0,""subsample"":0.9,""tweedie_variance_power"":null}",ok,757,2.809515737816397,3.04130915888006,2.5402906208718625,2.412931191958497,1.105982014314619,1.2604210053795728,1.4733906999754254,
052e045459f261f6ecd9,home,xgboost,pitcher_only,"{""colsample_bytree"":0.9,""learning_rate"":0.025,""max_depth"":3,""min_child_weight"":1.0,""n_estimators"":500,""objective"":""count:poisson"",""reg_lambda"":1.0,""subsample"":0.9,""tweedie_variance_power"":null}",ok,757,2.60414617978125,2.5078289855405376,2.5402906208718625,2.412931191958497,1.025137107693399,1.0393288436480508,1.2083325999847148,
5d01f84017d878078ae9,home,xgboost,pitcher_only,"{""colsample_bytree"":0.9,""learning_rate"":0.025,""max_depth"":3,""min_child_weight"":5.0,""n_estimators"":500,""objective"":""count:poisson"",""reg_lambda"":1.0,""subsample"":0.9,""tweedie_variance_power"":null}",ok,757,2.60414617978125,2.5078289855405376,2.5402906208718625,2.412931191958497,1.025137107693399,1.0393288436480508,1.1882371999963652,
a902f8a3acd2174692ee,home,xgboost,pitcher_only,"{""colsample_bytree"":0.9,""learning_rate"":0.025,""max_depth"":6,""min_child_weight"":1.0,""n_estimators"":500,""objective"":""count:poisson"",""reg_lambda"":1.0,""subsample"":0.9,""tweedie_variance_power"":null}",ok,757,2.597909773041739,2.694137524756667,2.5402906208718625,2.412931191958497,1.022682110344564,1.1165413807635036,3.52740549997543,
7ed96dfbd229fa62905b,home,xgboost,pitcher_only,"{""colsample_bytree"":0.9,""learning_rate"":0.025,""max_depth"":6,""min_child_weight"":5.0,""n_estimators"":500,""objective"":""count:poisson"",""reg_lambda"":1.0,""subsample"":0.9,""tweedie_variance_power"":null}",ok,757,2.595353163532726,2.683189084955664,2.5402906208718625,2.412931191958497,1.021675686320475,1.1120039783553908,3.4838445000059437,
f049fff1a376868570f3,home,xgboost,pitcher_only,"{""colsample_bytree"":0.9,""learning_rate"":0.05,""max_depth"":3,""min_child_weight"":1.0,""n_estimators"":500,""objective"":""count:poisson"",""reg_lambda"":1.0,""subsample"":0.9,""tweedie_variance_power"":null}",ok,757,2.649761124205243,2.6183089166194384,2.5402906208718625,2.412931191958497,1.043093692679859,1.0851154501816702,1.2289501999912318,
32e1cb635caa3e2ea729,home,xgboost,pitcher_only,"{""colsample_bytree"":0.9,""learning_rate"":0.05,""max_depth"":3,""min_child_weight"":5.0,""n_estimators"":500,""objective"":""count:poisson"",""reg_lambda"":1.0,""subsample"":0.9,""tweedie_variance_power"":null}",ok,757,2.6504386395727786,2.620846328610246,2.5402906208718625,2.412931191958497,1.0433604004974486,1.086167039219627,1.2237528000259772,
2c4d151222af3ea661ca,home,xgboost,pitcher_only,"{""colsample_bytree"":0.9,""learning_rate"":0.05,""max_depth"":6,""min_child_weight"":1.0,""n_estimators"":500,""objective"":""count:poisson"",""reg_lambda"":1.0,""subsample"":0.9,""tweedie_variance_power"":null}",ok,757,2.668261378964156,3.205404803265272,2.5402906208718625,2.412931191958497,1.0503764242724212,1.3284277703184526,3.607324400014477,
d78cd245129dbd4cb995,home,xgboost,pitcher_only,"{""colsample_bytree"":0.9,""learning_rate"":0.05,""max_depth"":6,""min_child_weight"":5.0,""n_estimators"":500,""objective"":""count:poisson"",""reg_lambda"":1.0,""subsample"":0.9,""tweedie_variance_power"":null}",ok,757,2.6502804918364773,3.052869317534701,2.5402906208718625,2.412931191958497,1.0432981447323002,1.2652119246951203,3.3776743999915197,
6f4717ad9be8f2f113be,home,xgboost,pitcher_only,"{""colsample_bytree"":0.9,""learning_rate"":0.1,""max_depth"":3,""min_child_weight"":1.0,""n_estimators"":500,""objective"":""count:poisson"",""reg_lambda"":1.0,""subsample"":0.9,""tweedie_variance_power"":null}",ok,757,2.7473636523105665,2.883187484729073,2.5402906208718625,2.412931191958497,1.08151548871508,1.194890055024273,1.2291482999862637,
6c9db314deb24521dda2,home,xgboost,pitcher_only,"{""colsample_bytree"":0.9,""learning_rate"":0.1,""max_depth"":3,""min_child_weight"":5.0,""n_estimators"":500,""objective"":""count:poisson"",""reg_lambda"":1.0,""subsample"":0.9,""tweedie_variance_power"":null}",ok,757,2.753542484900123,2.909027508562029,2.5402906208718625,2.412931191958497,1.0839478216689513,1.2055990316909397,1.1966283000074327,
970c181c01dfec026be1,home,xgboost,pitcher_only,"{""colsample_bytree"":0.9,""learning_rate"":0.1,""max_depth"":6,""min_child_weight"":1.0,""n_estimators"":500,""objective"":""count:poisson"",""reg_lambda"":1.0,""subsample"":0.9,""tweedie_variance_power"":null}",ok,757,2.8003817588445217,3.8692336223084878,2.5402906208718625,2.412931191958497,1.102386371006398,1.6035408034855556,3.3744184999959543,
d0dbb729166631ae3eb2,home,xgboost,pitcher_only,"{""colsample_bytree"":0.9,""learning_rate"":0.1,""max_depth"":6,""min_child_weight"":5.0,""n_estimators"":500,""objective"":""count:poisson"",""reg_lambda"":1.0,""subsample"":0.9,""tweedie_variance_power"":null}",ok,757,2.7439311530583756,3.5003004087336826,2.5402906208718625,2.412931191958497,1.0801642656605255,1.450642446995185,3.368107799993595,
6a0c84dcd8ee9904411c,home,xgboost,pitcher_only,"{""colsample_bytree"":0.9,""learning_rate"":0.025,""max_depth"":3,""min_child_weight"":1.0,""n_estimators"":500,""objective"":""reg:tweedie"",""reg_lambda"":1.0,""subsample"":0.9,""tweedie_variance_power"":1.5}",ok,757,2.6196967135017424,2.7248012236293513,2.5402906208718625,2.412931191958497,1.031258664649412,1.1292494509210267,1.2401381999952719,
6a984c1b57de5e3205ac,home,xgboost,pitcher_only,"{""colsample_bytree"":0.9,""learning_rate"":0.025,""max_depth"":3,""min_child_weight"":5.0,""n_estimators"":500,""objective"":""reg:tweedie"",""reg_lambda"":1.0,""subsample"":0.9,""tweedie_variance_power"":1.5}",ok,757,2.59216011546877,2.646882244029934,2.5402906208718625,2.412931191958497,1.0204187246021108,1.0969571999612417,1.212599799997406,
a566e3fd73a402269d0e,home,xgboost,pitcher_only,"{""colsample_bytree"":0.9,""learning_rate"":0.025,""max_depth"":6,""min_child_weight"":1.0,""n_estimators"":500,""objective"":""reg:tweedie"",""reg_lambda"":1.0,""subsample"":0.9,""tweedie_variance_power"":1.5}",ok,757,2.7200985317816033,3.4185884094819716,2.5402906208718625,2.412931191958497,1.0707824173472043,1.4167782408694447,3.5385843999974895,
154f3e369a1584d467c8,home,xgboost,pitcher_only,"{""colsample_bytree"":0.9,""learning_rate"":0.025,""max_depth"":6,""min_child_weight"":5.0,""n_estimators"":500,""objective"":""reg:tweedie"",""reg_lambda"":1.0,""subsample"":0.9,""tweedie_variance_power"":1.5}",ok,757,2.653784534890239,3.128244070290909,2.5402906208718625,2.412931191958497,1.0446775314154504,1.2964497623124578,3.261206700000912,
f7b70708a22435a78da6,home,xgboost,pitcher_only,"{""colsample_bytree"":0.9,""learning_rate"":0.05,""max_depth"":3,""min_child_weight"":1.0,""n_estimators"":500,""objective"":""reg:tweedie"",""reg_lambda"":1.0,""subsample"":0.9,""tweedie_variance_power"":1.5}",ok,757,2.716858993551375,3.1343367825857302,2.5402906208718625,2.412931191958497,1.0695071545077437,1.2989747876074709,1.2387185999832582,
406823f29e115c5a9437,home,xgboost,pitcher_only,"{""colsample_bytree"":0.9,""learning_rate"":0.05,""max_depth"":3,""min_child_weight"":5.0,""n_estimators"":500,""objective"":""reg:tweedie"",""reg_lambda"":1.0,""subsample"":0.9,""tweedie_variance_power"":1.5}",ok,757,2.6700781347572096,3.0025862314311924,2.5402906208718625,2.412931191958497,1.0510916006298532,1.2443729193098505,1.2634006000007503,
c56271804c5644f4df38,home,xgboost,pitcher_only,"{""colsample_bytree"":0.9,""learning_rate"":0.05,""max_depth"":6,""min_child_weight"":1.0,""n_estimators"":500,""objective"":""reg:tweedie"",""reg_lambda"":1.0,""subsample"":0.9,""tweedie_variance_power"":1.5}",ok,757,2.8371204335434435,4.222297757322676,2.5402906208718625,2.412931191958497,1.1168487614104976,1.7498624790438286,3.48118329999852,
5f6bd67b2562ade48c72,home,xgboost,pitcher_only,"{""colsample_bytree"":0.9,""learning_rate"":0.05,""max_depth"":6,""min_child_weight"":5.0,""n_estimators"":500,""objective"":""reg:tweedie"",""reg_lambda"":1.0,""subsample"":0.9,""tweedie_variance_power"":1.5}",ok,757,2.7531971947598803,3.6769857177057443,2.5402906208718625,2.412931191958497,1.0838118962211283,1.5238667932015317,3.3865253000112716,
8d0e3e772be3bd3378f6,home,xgboost,pitcher_only,"{""colsample_bytree"":0.9,""learning_rate"":0.1,""max_depth"":3,""min_child_weight"":1.0,""n_estimators"":500,""objective"":""reg:tweedie"",""reg_lambda"":1.0,""subsample"":0.9,""tweedie_variance_power"":1.5}",ok,757,2.8689679777842687,3.7440895345543352,2.5402906208718625,2.412931191958497,1.1293857302042078,1.5516768762541382,1.2626588999992236,
f079b9fc861d46c296e1,home,xgboost,pitcher_only,"{""colsample_bytree"":0.9,""learning_rate"":0.1,""max_depth"":3,""min_child_weight"":5.0,""n_estimators"":500,""objective"":""reg:tweedie"",""reg_lambda"":1.0,""subsample"":0.9,""tweedie_variance_power"":1.5}",ok,757,2.8160397845026366,3.4936778931498305,2.5402906208718625,2.412931191958497,1.1085502427813292,1.4478978533632063,1.2362116999865975,
ba0f4d10f81227a1f9ec,home,xgboost,pitcher_only,"{""colsample_bytree"":0.9,""learning_rate"":0.1,""max_depth"":6,""min_child_weight"":1.0,""n_estimators"":500,""objective"":""reg:tweedie"",""reg_lambda"":1.0,""subsample"":0.9,""tweedie_variance_power"":1.5}",ok,757,2.8958638241635133,4.780798200206556,2.5402906208718625,2.412931191958497,1.1399734346811126,1.9813238836396903,3.34022549999645,
d9b7dce15cae68c4d19a,home,xgboost,pitcher_only,"{""colsample_bytree"":0.9,""learning_rate"":0.1,""max_depth"":6,""min_child_weight"":5.0,""n_estimators"":500,""objective"":""reg:tweedie"",""reg_lambda"":1.0,""subsample"":0.9,""tweedie_variance_power"":1.5}",ok,757,2.815520684541138,4.0406308364477885,2.5402906208718625,2.412931191958497,1.1083458960986174,1.674573584988199,3.1075645000091754,
1b194e5a528d61520c26,home,xgboost,pitcher_only,"{""colsample_bytree"":0.9,""learning_rate"":0.025,""max_depth"":3,""min_child_weight"":1.0,""n_estimators"":500,""objective"":""reg:squarederror"",""reg_lambda"":1.0,""subsample"":0.9,""tweedie_variance_power"":null}",ok,757,2.7406566546174305,2.6595501095816485,2.5402906208718625,2.412931191958497,1.0788752405332267,1.102207190343865,1.184884400019655,
05471000d0eb3e4d79a6,home,xgboost,pitcher_only,"{""colsample_bytree"":0.9,""learning_rate"":0.025,""max_depth"":3,""min_child_weight"":5.0,""n_estimators"":500,""objective"":""reg:squarederror"",""reg_lambda"":1.0,""subsample"":0.9,""tweedie_variance_power"":null}",ok,757,2.7000279939946283,2.6055499860477767,2.5402906208718625,2.412931191958497,1.0628815348174383,1.0798277193859545,1.1909002999891527,
78dff059fa11cb9cd065,home,xgboost,pitcher_only,"{""colsample_bytree"":0.9,""learning_rate"":0.025,""max_depth"":6,""min_child_weight"":1.0,""n_estimators"":500,""objective"":""reg:squarederror"",""reg_lambda"":1.0,""subsample"":0.9,""tweedie_variance_power"":null}",ok,757,2.7900923767681953,2.75555447077412,2.5402906208718625,2.412931191958497,1.0983358966268975,1.1419946329002142,3.622519199998351,
63d49ef999c3ff673a6d,home,xgboost,pitcher_only,"{""colsample_bytree"":0.9,""learning_rate"":0.025,""max_depth"":6,""min_child_weight"":5.0,""n_estimators"":500,""objective"":""reg:squarederror"",""reg_lambda"":1.0,""subsample"":0.9,""tweedie_variance_power"":null}",ok,757,2.7655298119334595,2.735834740259817,2.5402906208718625,2.412931191958497,1.0886667018375604,1.133822112034297,3.04959950002376,
289057392f632d380c4c,home,xgboost,pitcher_only,"{""colsample_bytree"":0.9,""learning_rate"":0.05,""max_depth"":3,""min_child_weight"":1.0,""n_estimators"":500,""objective"":""reg:squarederror"",""reg_lambda"":1.0,""subsample"":0.9,""tweedie_variance_power"":null}",ok,757,2.810448810123547,2.8194691870395774,2.5402906208718625,2.412931191958497,1.1063493235899766,1.1684830452007655,1.198519400000805,
2022d78dbbba0c20480c,home,xgboost,pitcher_only,"{""colsample_bytree"":0.9,""learning_rate"":0.05,""max_depth"":3,""min_child_weight"":5.0,""n_estimators"":500,""objective"":""reg:squarederror"",""reg_lambda"":1.0,""subsample"":0.9,""tweedie_variance_power"":null}",ok,757,2.7784558635406795,2.7600640495283972,2.5402906208718625,2.412931191958497,1.0937551163288062,1.1438635543055597,1.2142633000039496,
4f5b1a963d10b3c42099,home,xgboost,pitcher_only,"{""colsample_bytree"":0.9,""learning_rate"":0.05,""max_depth"":6,""min_child_weight"":1.0,""n_estimators"":500,""objective"":""reg:squarederror"",""reg_lambda"":1.0,""subsample"":0.9,""tweedie_variance_power"":null}",ok,757,2.8481751464632103,2.8495237176448978,2.5402906208718625,2.412931191958497,1.1212005126742852,1.1809386554997587,3.6660292000160553,
5549a34c284af790da75,home,xgboost,pitcher_only,"{""colsample_bytree"":0.9,""learning_rate"":0.05,""max_depth"":6,""min_child_weight"":5.0,""n_estimators"":500,""objective"":""reg:squarederror"",""reg_lambda"":1.0,""subsample"":0.9,""tweedie_variance_power"":null}",ok,757,2.8302551266224256,2.8583307174099093,2.5402906208718625,2.412931191958497,1.1141461938914072,1.1845885729919616,3.0250209999794606,
1eca55d5b80f626357ce,home,xgboost,pitcher_only,"{""colsample_bytree"":0.9,""learning_rate"":0.1,""max_depth"":3,""min_child_weight"":1.0,""n_estimators"":500,""objective"":""reg:squarederror"",""reg_lambda"":1.0,""subsample"":0.9,""tweedie_variance_power"":null}",failed,757,,,2.5402906208718625,2.412931191958497,,,1.397801699989941,RuntimeError: xgboost emitted invalid predictions: nonfinite=0 nonpositive=1
cc79e23daeaccfe06ade,home,xgboost,pitcher_only,"{""colsample_bytree"":0.9,""learning_rate"":0.1,""max_depth"":3,""min_child_weight"":5.0,""n_estimators"":500,""objective"":""reg:squarederror"",""reg_lambda"":1.0,""subsample"":0.9,""tweedie_variance_power"":null}",ok,757,2.925946072649452,3.0713379268128964,2.5402906208718625,2.412931191958497,1.1518154846571167,1.2728659387589052,1.1835971999971662,
2a5cce9d679fdf58a60d,home,xgboost,pitcher_only,"{""colsample_bytree"":0.9,""learning_rate"":0.1,""max_depth"":6,""min_child_weight"":1.0,""n_estimators"":500,""objective"":""reg:squarederror"",""reg_lambda"":1.0,""subsample"":0.9,""tweedie_variance_power"":null}",ok,757,2.865272554176487,2.938138743042643,2.5402906208718625,2.412931191958497,1.127931005466251,1.217663708287451,3.4146206000004895,
099e4006d1a33747170e,home,xgboost,pitcher_only,"{""colsample_bytree"":0.9,""learning_rate"":0.1,""max_depth"":6,""min_child_weight"":5.0,""n_estimators"":500,""objective"":""reg:squarederror"",""reg_lambda"":1.0,""subsample"":0.9,""tweedie_variance_power"":null}",ok,757,2.843750303771096,2.9444213456787636,2.5402906208718625,2.412931191958497,1.1194586479223712,1.220267430539067,2.9115922000200953,
c9f10ffd7293e63555c2,home,hist_gradient_boosting,bullpen_only,"{""l2_regularization"":0.0,""learning_rate"":0.025,""loss"":""poisson"",""max_iter"":300,""max_leaf_nodes"":15,""min_samples_leaf"":10}",ok,757,2.5801822915905164,2.557033064061675,2.5402906208718625,2.412931191958497,1.015703585405107,1.0597206719294037,1.4067302999901585,
adef531b8f8ba89a017c,home,hist_gradient_boosting,bullpen_only,"{""l2_regularization"":5.0,""learning_rate"":0.025,""loss"":""poisson"",""max_iter"":300,""max_leaf_nodes"":15,""min_samples_leaf"":10}",ok,757,2.547626336974443,2.535338126013981,2.5402906208718625,2.412931191958497,1.0028877467964916,1.0507295584985705,1.4496183000155725,
2dc5fed6d5a2b7f31a94,home,hist_gradient_boosting,bullpen_only,"{""l2_regularization"":0.0,""learning_rate"":0.025,""loss"":""poisson"",""max_iter"":300,""max_leaf_nodes"":15,""min_samples_leaf"":30}",ok,757,2.570058896250314,2.5942453732216606,2.5402906208718625,2.412931191958497,1.01171845265808,1.0751427068734591,1.3248691000044346,
cdaa57c3cff882726fc5,home,hist_gradient_boosting,bullpen_only,"{""l2_regularization"":5.0,""learning_rate"":0.025,""loss"":""poisson"",""max_iter"":300,""max_leaf_nodes"":15,""min_samples_leaf"":30}",ok,757,2.562466830447328,2.5765351274533344,2.5402906208718625,2.412931191958497,1.0087297923289793,1.067802984204471,1.3764970999909565,
102b5edd5ab86cf2ab6b,home,hist_gradient_boosting,bullpen_only,"{""l2_regularization"":0.0,""learning_rate"":0.025,""loss"":""poisson"",""max_iter"":300,""max_leaf_nodes"":31,""min_samples_leaf"":10}",ok,757,2.592587512558725,2.7384805135486974,2.5402906208718625,2.412931191958497,1.0205869719224936,1.1349186096458734,2.60928309999872,
03b064357e8d6eb4363d,home,hist_gradient_boosting,bullpen_only,"{""l2_regularization"":5.0,""learning_rate"":0.025,""loss"":""poisson"",""max_iter"":300,""max_leaf_nodes"":31,""min_samples_leaf"":10}",ok,757,2.5729970445525456,2.679630697994002,2.5402906208718625,2.412931191958497,1.0128750716205288,1.110529262883387,2.59890940002515,
23fb014caf46aa07c8ed,home,hist_gradient_boosting,bullpen_only,"{""l2_regularization"":0.0,""learning_rate"":0.025,""loss"":""poisson"",""max_iter"":300,""max_leaf_nodes"":31,""min_samples_leaf"":30}",ok,757,2.5861438015331255,2.695187106665456,2.5402906208718625,2.412931191958497,1.0180503680502215,1.116976362876664,2.2489474000176415,
47dcccac1c2c3378ee36,home,hist_gradient_boosting,bullpen_only,"{""l2_regularization"":5.0,""learning_rate"":0.025,""loss"":""poisson"",""max_iter"":300,""max_leaf_nodes"":31,""min_samples_leaf"":30}",ok,757,2.594424090446566,2.691038163992662,2.5402906208718625,2.412931191958497,1.0213099513614408,1.1152569012166629,2.241889999975683,
82764c41b7d58a871405,home,hist_gradient_boosting,bullpen_only,"{""l2_regularization"":0.0,""learning_rate"":0.05,""loss"":""poisson"",""max_iter"":300,""max_leaf_nodes"":15,""min_samples_leaf"":10}",ok,757,2.5939023761001607,2.726253997020327,2.5402906208718625,2.412931191958497,1.0211045755110877,1.1298515291716695,1.3811949999944773,
c297b55a1c719c6e529b,home,hist_gradient_boosting,bullpen_only,"{""l2_regularization"":5.0,""learning_rate"":0.05,""loss"":""poisson"",""max_iter"":300,""max_leaf_nodes"":15,""min_samples_leaf"":10}",ok,757,2.586991372751196,2.7073422303766024,2.5402906208718625,2.412931191958497,1.018384019330554,1.1220138557615236,1.4184447000152431,
92a582251f747986ba06,home,hist_gradient_boosting,bullpen_only,"{""l2_regularization"":0.0,""learning_rate"":0.05,""loss"":""poisson"",""max_iter"":300,""max_leaf_nodes"":15,""min_samples_leaf"":30}",ok,757,2.599649383253745,2.7433945220958624,2.5402906208718625,2.412931191958497,1.0233669179007203,1.1369551403863858,1.3301663000020199,
b235d63a345ad560523a,home,hist_gradient_boosting,bullpen_only,"{""l2_regularization"":5.0,""learning_rate"":0.05,""loss"":""poisson"",""max_iter"":300,""max_leaf_nodes"":15,""min_samples_leaf"":30}",ok,757,2.5977109645579564,2.7361866401666735,2.5402906208718625,2.412931191958497,1.0226038482425237,1.1339679512144731,1.341442000004463,
0e73c66bdda0cf64d445,home,hist_gradient_boosting,bullpen_only,"{""l2_regularization"":0.0,""learning_rate"":0.05,""loss"":""poisson"",""max_iter"":300,""max_leaf_nodes"":31,""min_samples_leaf"":10}",ok,757,2.6540962222007884,2.9832568592986406,2.5402906208718625,2.412931191958497,1.044800228916275,1.236362176112129,2.784645800013095,
96bf8b8ba6eb0cc551a5,home,hist_gradient_boosting,bullpen_only,"{""l2_regularization"":5.0,""learning_rate"":0.05,""loss"":""poisson"",""max_iter"":300,""max_leaf_nodes"":31,""min_samples_leaf"":10}",ok,757,2.645839185031919,3.0110500965981593,2.5402906208718625,2.412931191958497,1.0415497987879163,1.2478806302612337,2.573306700011017,
b1947919b108fe098953,home,hist_gradient_boosting,bullpen_only,"{""l2_regularization"":0.0,""learning_rate"":0.05,""loss"":""poisson"",""max_iter"":300,""max_leaf_nodes"":31,""min_samples_leaf"":30}",ok,757,2.6347372208021023,2.9094390989813648,2.5402906208718625,2.412931191958497,1.0371794467744107,1.2057696086310148,2.2334706999827176,
24c67e2167fc1d3a947f,home,hist_gradient_boosting,bullpen_only,"{""l2_regularization"":5.0,""learning_rate"":0.05,""loss"":""poisson"",""max_iter"":300,""max_leaf_nodes"":31,""min_samples_leaf"":30}",ok,757,2.6516513505510217,2.8921060583468936,2.5402906208718625,2.412931191958497,1.04383779114255,1.198586212481039,2.2204584999999497,
9272a099d589ea1e298c,home,hist_gradient_boosting,bullpen_only,"{""l2_regularization"":0.0,""learning_rate"":0.1,""loss"":""poisson"",""max_iter"":300,""max_leaf_nodes"":15,""min_samples_leaf"":10}",ok,757,2.654072670196112,2.974910169151189,2.5402906208718625,2.412931191958497,1.044790957534299,1.2329030264375471,1.391715200006729,
c291dc90c5a3fd3213e7,home,hist_gradient_boosting,bullpen_only,"{""l2_regularization"":5.0,""learning_rate"":0.1,""loss"":""poisson"",""max_iter"":300,""max_leaf_nodes"":15,""min_samples_leaf"":10}",ok,757,2.6387363305739817,2.9172165716330363,2.5402906208718625,2.412931191958497,1.0387537193159149,1.2089928553931235,1.3903195000020787,
b385fc89d451522e1abb,home,hist_gradient_boosting,bullpen_only,"{""l2_regularization"":0.0,""learning_rate"":0.1,""loss"":""poisson"",""max_iter"":300,""max_leaf_nodes"":15,""min_samples_leaf"":30}",ok,757,2.6665833062534237,2.9638841611538416,2.5402906208718625,2.412931191958497,1.04971584130725,1.2283334771548766,1.3571558999828994,
a162381de3a1f733be68,home,hist_gradient_boosting,bullpen_only,"{""l2_regularization"":5.0,""learning_rate"":0.1,""loss"":""poisson"",""max_iter"":300,""max_leaf_nodes"":15,""min_samples_leaf"":30}",ok,757,2.697731508606858,3.0580874958887723,2.5402906208718625,2.412931191958497,1.0619775101484097,1.2673745136539194,1.3329884999839123,
c05db4f0611f86c5ad99,home,hist_gradient_boosting,bullpen_only,"{""l2_regularization"":0.0,""learning_rate"":0.1,""loss"":""poisson"",""max_iter"":300,""max_leaf_nodes"":31,""min_samples_leaf"":10}",ok,757,2.6782862990066985,3.1955480873721767,2.5402906208718625,2.412931191958497,1.054322791652663,1.32434281508809,2.5763313000206836,
6319540fcf9c0683d731,home,hist_gradient_boosting,bullpen_only,"{""l2_regularization"":5.0,""learning_rate"":0.1,""loss"":""poisson"",""max_iter"":300,""max_leaf_nodes"":31,""min_samples_leaf"":10}",ok,757,2.6774481813140274,3.151658223524107,2.5402906208718625,2.412931191958497,1.053992861806926,1.3061533764524837,2.6240920000127517,
6340a5ef6877cf6327a2,home,hist_gradient_boosting,bullpen_only,"{""l2_regularization"":0.0,""learning_rate"":0.1,""loss"":""poisson"",""max_iter"":300,""max_leaf_nodes"":31,""min_samples_leaf"":30}",ok,757,2.687962726583188,3.1537760728419997,2.5402906208718625,2.412931191958497,1.058131972971125,1.3070310845798232,2.272673399973428,
a213665c42bd91c678fc,home,hist_gradient_boosting,bullpen_only,"{""l2_regularization"":5.0,""learning_rate"":0.1,""loss"":""poisson"",""max_iter"":300,""max_leaf_nodes"":31,""min_samples_leaf"":30}",ok,757,2.685483546177534,3.1058324715494727,2.5402906208718625,2.412931191958497,1.0571560293584987,1.2871616405391861,2.2883906999777537,
0b46b45d0843320b796c,home,hist_gradient_boosting,bullpen_only,"{""l2_regularization"":0.0,""learning_rate"":0.025,""loss"":""squared_error"",""max_iter"":300,""max_leaf_nodes"":15,""min_samples_leaf"":10}",ok,757,2.573668563579711,2.515062927385259,2.5402906208718625,2.412931191958497,1.0131394189442753,1.0423268329271607,1.4571947999938857,
05ba483e685f50e8a08b,home,hist_gradient_boosting,bullpen_only,"{""l2_regularization"":5.0,""learning_rate"":0.025,""loss"":""squared_error"",""max_iter"":300,""max_leaf_nodes"":15,""min_samples_leaf"":10}",ok,757,2.5868182929399253,2.5237640214018118,2.5402906208718625,2.412931191958497,1.018315885468291,1.0459328595082544,1.466353199997684,
bf248408e1c4ee2a5fb0,home,hist_gradient_boosting,bullpen_only,"{""l2_regularization"":0.0,""learning_rate"":0.025,""loss"":""squared_error"",""max_iter"":300,""max_leaf_nodes"":15,""min_samples_leaf"":30}",ok,757,2.592962200339008,2.592394127999683,2.5402906208718625,2.412931191958497,1.020734469920244,1.0743754884678338,1.3321695000049658,
a077a105cacdfe0b4518,home,hist_gradient_boosting,bullpen_only,"{""l2_regularization"":5.0,""learning_rate"":0.025,""loss"":""squared_error"",""max_iter"":300,""max_leaf_nodes"":15,""min_samples_leaf"":30}",ok,757,2.5936333268772698,2.5663086226189216,2.5402906208718625,2.412931191958497,1.020998662738478,1.0635647759752043,1.3373454000102356,
f5a91e515a344905c427,home,hist_gradient_boosting,bullpen_only,"{""l2_regularization"":0.0,""learning_rate"":0.025,""loss"":""squared_error"",""max_iter"":300,""max_leaf_nodes"":31,""min_samples_leaf"":10}",ok,757,2.600836843166042,2.586159291914977,2.5402906208718625,2.412931191958497,1.0238343683186135,1.0717915622848226,2.7671690999995917,
63683f60f80bc85af8d8,home,hist_gradient_boosting,bullpen_only,"{""l2_regularization"":5.0,""learning_rate"":0.025,""loss"":""squared_error"",""max_iter"":300,""max_leaf_nodes"":31,""min_samples_leaf"":10}",ok,757,2.6189815274563184,2.607018123233646,2.5402906208718625,2.412931191958497,1.0309771275530073,1.08043616491095,2.701672700000927,
70ef4676b33595d35c03,home,hist_gradient_boosting,bullpen_only,"{""l2_regularization"":0.0,""learning_rate"":0.025,""loss"":""squared_error"",""max_iter"":300,""max_leaf_nodes"":31,""min_samples_leaf"":30}",ok,757,2.619309248637134,2.6444555652298134,2.5402906208718625,2.412931191958497,1.0311061368789967,1.0959515024891346,2.19479290000163,
9403c050f3ac0a52898c,home,hist_gradient_boosting,bullpen_only,"{""l2_regularization"":5.0,""learning_rate"":0.025,""loss"":""squared_error"",""max_iter"":300,""max_leaf_nodes"":31,""min_samples_leaf"":30}",ok,757,2.6188114319866793,2.662537852855816,2.5402906208718625,2.412931191958497,1.0309101684939763,1.103445411841488,2.16619270000956,
852a9934d104d2e537de,home,hist_gradient_boosting,bullpen_only,"{""l2_regularization"":0.0,""learning_rate"":0.05,""loss"":""squared_error"",""max_iter"":300,""max_leaf_nodes"":15,""min_samples_leaf"":10}",ok,757,2.626386590002623,2.6586483406255277,2.5402906208718625,2.412931191958497,1.0338921729755515,1.101833466899481,1.406811299995752,
c0dc5153a94ef2bad543,home,hist_gradient_boosting,bullpen_only,"{""l2_regularization"":5.0,""learning_rate"":0.05,""loss"":""squared_error"",""max_iter"":300,""max_leaf_nodes"":15,""min_samples_leaf"":10}",ok,757,2.6251757292069002,2.65495161420657,2.5402906208718625,2.412931191958497,1.0334155106654308,1.1003014188944331,1.4558210000104737,
bba3dc665a7069536e0a,home,hist_gradient_boosting,bullpen_only,"{""l2_regularization"":0.0,""learning_rate"":0.05,""loss"":""squared_error"",""max_iter"":300,""max_leaf_nodes"":15,""min_samples_leaf"":30}",ok,757,2.6264474893040632,2.6709690560960833,2.5402906208718625,2.412931191958497,1.0339161463355049,1.106939586589763,1.3444195999763906,
c70cfc6a7f99bb8e0ce2,home,hist_gradient_boosting,bullpen_only,"{""l2_regularization"":5.0,""learning_rate"":0.05,""loss"":""squared_error"",""max_iter"":300,""max_leaf_nodes"":15,""min_samples_leaf"":30}",ok,757,2.6644287933142445,2.759033036498177,2.5402906208718625,2.412931191958497,1.0488677049084156,1.143436267761436,1.3590109999931883,
00d34cff4904174e244a,home,hist_gradient_boosting,bullpen_only,"{""l2_regularization"":0.0,""learning_rate"":0.05,""loss"":""squared_error"",""max_iter"":300,""max_leaf_nodes"":31,""min_samples_leaf"":10}",ok,757,2.6207857038402596,2.6486100920572087,2.5402906208718625,2.412931191958497,1.031687351953758,1.0976732784109848,2.578927800001111,
3442d6736ca05e56d5fb,home,hist_gradient_boosting,bullpen_only,"{""l2_regularization"":5.0,""learning_rate"":0.05,""loss"":""squared_error"",""max_iter"":300,""max_leaf_nodes"":31,""min_samples_leaf"":10}",ok,757,2.6192817144250347,2.6757396110867138,2.5402906208718625,2.412931191958497,1.0310952978781858,1.1089166653421658,2.6810033000074327,
3c28e2cf59c5359821cf,home,hist_gradient_boosting,bullpen_only,"{""l2_regularization"":0.0,""learning_rate"":0.05,""loss"":""squared_error"",""max_iter"":300,""max_leaf_nodes"":31,""min_samples_leaf"":30}",ok,757,2.6809079253836376,2.8017172441196148,2.5402906208718625,2.412931191958497,1.0553548099404129,1.161126041826975,2.288232799997786,
718feb658c2c9da45bd0,home,hist_gradient_boosting,bullpen_only,"{""l2_regularization"":5.0,""learning_rate"":0.05,""loss"":""squared_error"",""max_iter"":300,""max_leaf_nodes"":31,""min_samples_leaf"":30}",ok,757,2.65673040345261,2.7789620719066512,2.5402906208718625,2.412931191958497,1.0458371895026655,1.1516955316289226,2.29730340000242,
12ff96a7983e03077c4a,home,hist_gradient_boosting,bullpen_only,"{""l2_regularization"":0.0,""learning_rate"":0.1,""loss"":""squared_error"",""max_iter"":300,""max_leaf_nodes"":15,""min_samples_leaf"":10}",ok,757,2.6724946009063717,2.731848494555411,2.5402906208718625,2.412931191958497,1.0520428564150408,1.132170077480767,1.3814144000061788,
109a54d64e78e61807dc,home,hist_gradient_boosting,bullpen_only,"{""l2_regularization"":5.0,""learning_rate"":0.1,""loss"":""squared_error"",""max_iter"":300,""max_leaf_nodes"":15,""min_samples_leaf"":10}",ok,757,2.6977202056244107,2.801078622856581,2.5402906208718625,2.412931191958497,1.0619730606644195,1.160861375654495,1.405177900014678,
5bf4f34faf2e24e15a13,home,hist_gradient_boosting,bullpen_only,"{""l2_regularization"":0.0,""learning_rate"":0.1,""loss"":""squared_error"",""max_iter"":300,""max_leaf_nodes"":15,""min_samples_leaf"":30}",ok,757,2.7514528414613686,2.9674808596728663,2.5402906208718625,2.412931191958497,1.083125221521714,1.2298240702273235,1.3114294999977574,
3c1b0e01914c69dfe932,home,hist_gradient_boosting,bullpen_only,"{""l2_regularization"":5.0,""learning_rate"":0.1,""loss"":""squared_error"",""max_iter"":300,""max_leaf_nodes"":15,""min_samples_leaf"":30}",ok,757,2.7171955500071436,2.9033553920674926,2.5402906208718625,2.412931191958497,1.0696396418904877,1.2032483154693419,1.4306976000079885,
cb9d92c0e23aff8bc04a,home,hist_gradient_boosting,bullpen_only,"{""l2_regularization"":0.0,""learning_rate"":0.1,""loss"":""squared_error"",""max_iter"":300,""max_leaf_nodes"":31,""min_samples_leaf"":10}",ok,757,2.6539228045864998,2.782677008747121,2.5402906208718625,2.412931191958497,1.0447319620759128,1.1532351266463232,2.6223487999814097,
7fb4a9088c472384074d,home,hist_gradient_boosting,bullpen_only,"{""l2_regularization"":5.0,""learning_rate"":0.1,""loss"":""squared_error"",""max_iter"":300,""max_leaf_nodes"":31,""min_samples_leaf"":10}",ok,757,2.6649643302333867,2.7443078483902896,2.5402906208718625,2.412931191958497,1.0490785220939542,1.1373336535812382,2.70922389999032,
0c2e980f82083ca2d474,home,hist_gradient_boosting,bullpen_only,"{""l2_regularization"":0.0,""learning_rate"":0.1,""loss"":""squared_error"",""max_iter"":300,""max_leaf_nodes"":31,""min_samples_leaf"":30}",ok,757,2.7206773888600497,2.947535234556742,2.5402906208718625,2.412931191958497,1.0710102877623806,1.2215579310259255,2.2492791999829933,
e0474eaa2feec5b62bae,home,hist_gradient_boosting,bullpen_only,"{""l2_regularization"":5.0,""learning_rate"":0.1,""loss"":""squared_error"",""max_iter"":300,""max_leaf_nodes"":31,""min_samples_leaf"":30}",ok,757,2.7362708201829262,2.9342413362603077,2.5402906208718625,2.412931191958497,1.0771487316060713,1.216048491577035,2.2070175999833737,
d267fee6bf795a9397fb,home,random_forest,bullpen_only,"{""criterion"":""poisson"",""max_depth"":null,""max_features"":0.6,""max_samples"":null,""min_samples_leaf"":2,""n_estimators"":400}",ok,757,2.5676246721315996,2.4904118967900715,2.5402906208718625,2.412931191958497,1.0107602063461367,1.0321106151264454,3.670893700007582,
19c341354ff9867e2991,home,random_forest,bullpen_only,"{""criterion"":""poisson"",""max_depth"":null,""max_features"":1.0,""max_samples"":null,""min_samples_leaf"":2,""n_estimators"":400}",ok,757,2.568496264782253,2.476014828557704,2.5402906208718625,2.412931191958497,1.0111033138014383,1.0261439848800677,5.377240699977847,
89a5238589a5d2ff0703,home,random_forest,bullpen_only,"{""criterion"":""poisson"",""max_depth"":null,""max_features"":0.6,""max_samples"":null,""min_samples_leaf"":8,""n_estimators"":400}",ok,757,2.5544592996066715,2.4465984914155006,2.5402906208718625,2.412931191958497,1.0055775818004422,1.0139528634588526,2.8126664999872446,
63834c4fa342799a0399,home,random_forest,bullpen_only,"{""criterion"":""poisson"",""max_depth"":null,""max_features"":1.0,""max_samples"":null,""min_samples_leaf"":8,""n_estimators"":400}",ok,757,2.5633994418121553,2.452455888681113,2.5402906208718625,2.412931191958497,1.009096920151743,1.0163803662758137,3.9324167000013404,
e778e7a72493e308a4d0,home,random_forest,bullpen_only,"{""criterion"":""poisson"",""max_depth"":14,""max_features"":0.6,""max_samples"":null,""min_samples_leaf"":2,""n_estimators"":400}",ok,757,2.557444976224009,2.4530906076545023,2.5402906208718625,2.412931191958497,1.0067529105572413,1.0166434152079609,3.360547599993879,
2bc74884c6c3aaa8ccbf,home,random_forest,bullpen_only,"{""criterion"":""poisson"",""max_depth"":14,""max_features"":1.0,""max_samples"":null,""min_samples_leaf"":2,""n_estimators"":400}",ok,757,2.5619931349640765,2.466018754752944,2.5402906208718625,2.412931191958497,1.0085433193800344,1.02200127503485,5.182286600000225,
73a390b58f7c8515d24b,home,random_forest,bullpen_only,"{""criterion"":""poisson"",""max_depth"":14,""max_features"":0.6,""max_samples"":null,""min_samples_leaf"":8,""n_estimators"":400}",ok,757,2.553971291866054,2.4459390181134912,2.5402906208718625,2.412931191958497,1.0053854747491435,1.0136795554987221,2.7258975000004284,
e4e04205f4a9b3a0a9a1,home,random_forest,bullpen_only,"{""criterion"":""poisson"",""max_depth"":14,""max_features"":1.0,""max_samples"":null,""min_samples_leaf"":8,""n_estimators"":400}",ok,757,2.562082151534207,2.450828348243532,2.5402906208718625,2.412931191958497,1.008578361264376,1.0157058586715333,3.9105484999890905,
59c788aed2c87035f1b7,home,random_forest,bullpen_only,"{""criterion"":""squared_error"",""max_depth"":null,""max_features"":0.6,""max_samples"":null,""min_samples_leaf"":2,""n_estimators"":400}",ok,757,2.582843351846564,2.472367290867324,2.5402906208718625,2.412931191958497,1.0167511270659642,1.0246323223417675,2.8260100000188686,
e01bf15b6704e242158a,home,random_forest,bullpen_only,"{""criterion"":""squared_error"",""max_depth"":null,""max_features"":1.0,""max_samples"":null,""min_samples_leaf"":2,""n_estimators"":400}",ok,757,2.5757100374969086,2.4748912962702803,2.5402906208718625,2.412931191958497,1.0139430568825585,1.0256783552379263,3.950748000002932,
b7afa943939c70c50ee4,home,random_forest,bullpen_only,"{""criterion"":""squared_error"",""max_depth"":null,""max_features"":0.6,""max_samples"":null,""min_samples_leaf"":8,""n_estimators"":400}",ok,757,2.5661476362722806,2.4571006116499747,2.5402906208718625,2.412931191958497,1.0101787626927283,1.0183052959979464,2.3484394999977667,
393bcf70eb9d29868f4a,home,random_forest,bullpen_only,"{""criterion"":""squared_error"",""max_depth"":null,""max_features"":1.0,""max_samples"":null,""min_samples_leaf"":8,""n_estimators"":400}",ok,757,2.5644212014650964,2.457772766198588,2.5402906208718625,2.412931191958497,1.0094991417103891,1.0185838594940184,3.1903859000012744,
388a411d614c0941bb90,home,random_forest,bullpen_only,"{""criterion"":""squared_error"",""max_depth"":14,""max_features"":0.6,""max_samples"":null,""min_samples_leaf"":2,""n_estimators"":400}",ok,757,2.574400476334848,2.4726396186242714,2.5402906208718625,2.412931191958497,1.0134275406060738,1.0247451841414967,2.612434000009671,
dccb05d13c812da72972,home,random_forest,bullpen_only,"{""criterion"":""squared_error"",""max_depth"":14,""max_features"":1.0,""max_samples"":null,""min_samples_leaf"":2,""n_estimators"":400}",ok,757,2.569484195080452,2.4674779903392157,2.5402906208718625,2.412931191958497,1.0114922182401986,1.0226060314369947,3.6951066000037827,
36e36b8a1c9baf60488a,home,random_forest,bullpen_only,"{""criterion"":""squared_error"",""max_depth"":14,""max_features"":0.6,""max_samples"":null,""min_samples_leaf"":8,""n_estimators"":400}",ok,757,2.566506802178948,2.457568290502485,2.5402906208718625,2.412931191958497,1.0103201504157377,1.0184991178748688,2.3600640000076964,
67b0cb9a2428074ba300,home,random_forest,bullpen_only,"{""criterion"":""squared_error"",""max_depth"":14,""max_features"":1.0,""max_samples"":null,""min_samples_leaf"":8,""n_estimators"":400}",ok,757,2.5641916264395825,2.457352663014237,2.5402906208718625,2.412931191958497,1.0094087681824047,1.018409754577247,3.1333015999989584,
08478aad5a723f9a0da3,home,extra_trees,bullpen_only,"{""criterion"":""poisson"",""max_depth"":null,""max_features"":0.6,""max_samples"":null,""min_samples_leaf"":2,""n_estimators"":400}",ok,757,2.5522262691073787,2.4537811546690707,2.5402906208718625,2.412931191958497,1.004698536512889,1.0169296011617377,1.506642299995292,
528a31b6795425930031,home,extra_trees,bullpen_only,"{""criterion"":""poisson"",""max_depth"":null,""max_features"":1.0,""max_samples"":null,""min_samples_leaf"":2,""n_estimators"":400}",ok,757,2.5614900924702773,2.4783265431921992,2.5402906208718625,2.412931191958497,1.0083452938117525,1.0271020373277295,1.8605915999796707,
0ad526b877977975ee24,home,extra_trees,bullpen_only,"{""criterion"":""poisson"",""max_depth"":null,""max_features"":0.6,""max_samples"":null,""min_samples_leaf"":8,""n_estimators"":400}",ok,757,2.5478402936226012,2.432334871741841,2.5402906208718625,2.412931191958497,1.0029719720604833,1.0080415387923245,1.240732799982652,
203805575a990fc6fc59,home,extra_trees,bullpen_only,"{""criterion"":""poisson"",""max_depth"":null,""max_features"":1.0,""max_samples"":null,""min_samples_leaf"":8,""n_estimators"":400}",ok,757,2.5499328651290623,2.441901988512085,2.5402906208718625,2.412931191958497,1.0037957248583984,1.0120064743868944,1.3558169000025373,
cda8ec6789b20b235b20,home,extra_trees,bullpen_only,"{""criterion"":""poisson"",""max_depth"":14,""max_features"":0.6,""max_samples"":null,""min_samples_leaf"":2,""n_estimators"":400}",ok,757,2.5460612077968476,2.4361024874558197,2.5402906208718625,2.412931191958497,1.0022716247021393,1.0096029657101475,1.3292200000141747,
2ad82c21cce493e00ed2,home,extra_trees,bullpen_only,"{""criterion"":""poisson"",""max_depth"":14,""max_features"":1.0,""max_samples"":null,""min_samples_leaf"":2,""n_estimators"":400}",ok,757,2.542085055674034,2.4411914144592566,2.5402906208718625,2.412931191958497,1.0007063895711097,1.0117119885535657,1.5766759999969508,
6076b9864c22fbcc7e2c,home,extra_trees,bullpen_only,"{""criterion"":""poisson"",""max_depth"":14,""max_features"":0.6,""max_samples"":null,""min_samples_leaf"":8,""n_estimators"":400}",ok,757,2.5462739528773684,2.425849538194823,2.5402906208718625,2.412931191958497,1.0023553730255683,1.005353798019346,1.2428425000107381,
cb3f5cf25a51f58042ff,home,extra_trees,bullpen_only,"{""criterion"":""poisson"",""max_depth"":14,""max_features"":1.0,""max_samples"":null,""min_samples_leaf"":8,""n_estimators"":400}",ok,757,2.551780648865016,2.4443432630104436,2.5402906208718625,2.412931191958497,1.0045231155438465,1.0130182208082157,1.3252084999985527,
ee7e8f54aeb7c6814f0d,home,extra_trees,bullpen_only,"{""criterion"":""squared_error"",""max_depth"":null,""max_features"":0.6,""max_samples"":null,""min_samples_leaf"":2,""n_estimators"":400}",ok,757,2.559439880559225,2.4547746378223523,2.5402906208718625,2.412931191958497,1.0075382161119777,1.017341334060128,1.4192235999798868,
329d32e920c6da08f7b9,home,extra_trees,bullpen_only,"{""criterion"":""squared_error"",""max_depth"":null,""max_features"":1.0,""max_samples"":null,""min_samples_leaf"":2,""n_estimators"":400}",ok,757,2.5642862175253196,2.4711518562822543,2.5402906208718625,2.412931191958497,1.0094460045068472,1.02412860529044,1.776468299998669,
162ab2fdff5a77bbb8b1,home,extra_trees,bullpen_only,"{""criterion"":""squared_error"",""max_depth"":null,""max_features"":0.6,""max_samples"":null,""min_samples_leaf"":8,""n_estimators"":400}",ok,757,2.5517846775952657,2.433378094487431,2.5402906208718625,2.412931191958497,1.0045247014766594,1.008473885453956,1.247663999994984,
745a66f5e2e506ffcda3,home,extra_trees,bullpen_only,"{""criterion"":""squared_error"",""max_depth"":null,""max_features"":1.0,""max_samples"":null,""min_samples_leaf"":8,""n_estimators"":400}",ok,757,2.553907515480396,2.45140400054476,2.5402906208718625,2.412931191958497,1.0053603688084554,1.0159444283842325,1.333351400011452,
edd66a97e124c638dc71,home,extra_trees,bullpen_only,"{""criterion"":""squared_error"",""max_depth"":14,""max_features"":0.6,""max_samples"":null,""min_samples_leaf"":2,""n_estimators"":400}",ok,757,2.5522415461168735,2.4446762029291653,2.5402906208718625,2.412931191958497,1.004704550395462,1.0131562023303706,1.28504950000206,
a3c742c0ed0a82562c84,home,extra_trees,bullpen_only,"{""criterion"":""squared_error"",""max_depth"":14,""max_features"":1.0,""max_samples"":null,""min_samples_leaf"":2,""n_estimators"":400}",ok,757,2.5516556006252396,2.447746110908883,2.5402906208718625,2.412931191958497,1.0044738895857028,1.014428475650865,1.4838768999907188,
b9a619663997e994a719,home,extra_trees,bullpen_only,"{""criterion"":""squared_error"",""max_depth"":14,""max_features"":0.6,""max_samples"":null,""min_samples_leaf"":8,""n_estimators"":400}",ok,757,2.549807819143721,2.430757816841221,2.5402906208718625,2.412931191958497,1.003746499787726,1.0073879540958874,1.2228551999724004,
525bd47ff9fe9e404bc0,home,extra_trees,bullpen_only,"{""criterion"":""squared_error"",""max_depth"":14,""max_features"":1.0,""max_samples"":null,""min_samples_leaf"":8,""n_estimators"":400}",ok,757,2.5494648130592634,2.440363332415755,2.5402906208718625,2.412931191958497,1.0036114734715873,1.011368803448967,1.2803932999959216,
8365ed74c8482e272413,home,poisson_glm,bullpen_only,"{""alpha"":0.0,""solver"":""lbfgs""}",ok,757,2.577080724242922,2.472525568816501,2.5402906208718625,2.412931191958497,1.0144826355964078,1.02469791805776,0.0766200999787543,
aabf3e8f45ce277e0f12,home,poisson_glm,bullpen_only,"{""alpha"":0.01,""solver"":""lbfgs""}",ok,757,2.5766462904902094,2.471582152138497,2.5402906208718625,2.412931191958497,1.0143116182532963,1.024306934393929,0.0788415000133682,
df83b481d00b309ae568,home,poisson_glm,bullpen_only,"{""alpha"":0.1,""solver"":""lbfgs""}",ok,757,2.573918829086962,2.465225646288526,2.5402906208718625,2.412931191958497,1.0132379373992877,1.021672584160008,0.07342410000273958,
8076e12dd5aa3a848958,home,poisson_glm,bullpen_only,"{""alpha"":1.0,""solver"":""lbfgs""}",ok,757,2.569088641231576,2.448086631786193,2.5402906208718625,2.412931191958497,1.0113365061946455,1.014569598977732,0.05870900000445545,
04df008d2238922c4801,home,poisson_glm,bullpen_only,"{""alpha"":10.0,""solver"":""lbfgs""}",ok,757,2.57196218391297,2.434651375949241,2.5402906208718625,2.412931191958497,1.0124676927832128,1.0090015762004032,0.049338300013914704,
15a915abdbc0df133cdc,home,tweedie_glm,bullpen_only,"{""alpha"":0.01,""power"":1.2,""solver"":""lbfgs""}",ok,757,2.576336018891174,2.471223847603647,2.5402906208718625,2.412931191958497,1.014189478055444,1.024158440920081,0.07175339999957941,
bdc89573f97d9f73c005,home,tweedie_glm,bullpen_only,"{""alpha"":0.1,""power"":1.2,""solver"":""lbfgs""}",ok,757,2.5728873313317973,2.463459313309894,2.5402906208718625,2.412931191958497,1.0128318823807438,1.020940556249507,0.07052109998767264,
38e9d3194308d79750d0,home,tweedie_glm,bullpen_only,"{""alpha"":1.0,""power"":1.2,""solver"":""lbfgs""}",ok,757,2.568701704554023,2.4458226478450134,2.5402906208718625,2.412931191958497,1.0111841863480995,1.0136313277378703,0.057691199996043,
33f72d808473623d3b5b,home,tweedie_glm,bullpen_only,"{""alpha"":0.01,""power"":1.5,""solver"":""lbfgs""}",ok,757,2.5758124830329967,2.470688423989576,2.5402906208718625,2.412931191958497,1.0139833851565152,1.0239365433310177,0.07529930002056062,
50efc1eebc098f054943,home,tweedie_glm,bullpen_only,"{""alpha"":0.1,""power"":1.5,""solver"":""lbfgs""}",ok,757,2.571159359031013,2.460477903519041,2.5402906208718625,2.412931191958497,1.0121516561552142,1.0197049595608036,0.06432120001409203,
d751fc0b30c49ded4deb,home,tweedie_glm,bullpen_only,"{""alpha"":1.0,""power"":1.5,""solver"":""lbfgs""}",ok,757,2.568562810367481,2.442677013642187,2.5402906208718625,2.412931191958497,1.0111295098534494,1.0123276709186002,0.05233929998939857,
3f1ddf92bc9b2ba37333,home,tweedie_glm,bullpen_only,"{""alpha"":0.01,""power"":1.8,""solver"":""lbfgs""}",ok,757,2.575163611081803,2.47005483591171,2.5402906208718625,2.412931191958497,1.0137279529843604,1.0236739630800857,0.07514669999363832,
118584bed3048798c50a,home,tweedie_glm,bullpen_only,"{""alpha"":0.1,""power"":1.8,""solver"":""lbfgs""}",ok,757,2.569329867910329,2.457139219420497,2.5402906208718625,2.412931191958497,1.0114314664628805,1.018321296359105,0.061027999996440485,
657fe0264bdd26d01da1,home,tweedie_glm,bullpen_only,"{""alpha"":1.0,""power"":1.8,""solver"":""lbfgs""}",ok,757,2.568875555796595,2.439856760266049,2.5402906208718625,2.412931191958497,1.0112526238887274,1.0111588628790105,0.04543889997876249,
cf6787a3ce879b7c6969,home,lightgbm,bullpen_only,"{""colsample_bytree"":0.9,""learning_rate"":0.025,""min_child_samples"":10,""n_estimators"":500,""num_leaves"":15,""objective"":""poisson"",""reg_lambda"":1.0,""subsample"":0.9,""tweedie_variance_power"":null}",ok,757,2.5444982483142113,2.5143296869973955,2.5402906208718625,2.412931191958497,1.001656356720675,1.0420229534007543,0.7798326000047382,
a118564c623ad5aac920,home,lightgbm,bullpen_only,"{""colsample_bytree"":0.9,""learning_rate"":0.025,""min_child_samples"":30,""n_estimators"":500,""num_leaves"":15,""objective"":""poisson"",""reg_lambda"":1.0,""subsample"":0.9,""tweedie_variance_power"":null}",ok,757,2.574453804092886,2.572671450983972,2.5402906208718625,2.412931191958497,1.0134485333844592,1.0662017464724385,0.8793759999971371,
600902da3935961af1c1,home,lightgbm,bullpen_only,"{""colsample_bytree"":0.9,""learning_rate"":0.025,""min_child_samples"":10,""n_estimators"":500,""num_leaves"":31,""objective"":""poisson"",""reg_lambda"":1.0,""subsample"":0.9,""tweedie_variance_power"":null}",ok,757,2.5774882445290843,2.647682120478154,2.5402906208718625,2.412931191958497,1.0146430582987607,1.0972886957166472,1.5244830999872647,
e4e770c54ca9f26fc965,home,lightgbm,bullpen_only,"{""colsample_bytree"":0.9,""learning_rate"":0.025,""min_child_samples"":30,""n_estimators"":500,""num_leaves"":31,""objective"":""poisson"",""reg_lambda"":1.0,""subsample"":0.9,""tweedie_variance_power"":null}",ok,757,2.5686731677337753,2.627012624679294,2.5402906208718625,2.412931191958497,1.0111729526648299,1.0887225601104,1.2661586999893188,
c8f5ca77780e7e4ee239,home,lightgbm,bullpen_only,"{""colsample_bytree"":0.9,""learning_rate"":0.05,""min_child_samples"":10,""n_estimators"":500,""num_leaves"":15,""objective"":""poisson"",""reg_lambda"":1.0,""subsample"":0.9,""tweedie_variance_power"":null}",ok,757,2.566006760974665,2.6501162614839444,2.5402906208718625,2.412931191958497,1.01012330632232,1.0982974857782546,0.7389413999917451,
2f15814b265f2172ac65,home,lightgbm,bullpen_only,"{""colsample_bytree"":0.9,""learning_rate"":0.05,""min_child_samples"":30,""n_estimators"":500,""num_leaves"":15,""objective"":""poisson"",""reg_lambda"":1.0,""subsample"":0.9,""tweedie_variance_power"":null}",ok,757,2.596159206279253,2.6834294430858967,2.5402906208718625,2.412931191958497,1.0219929896793523,1.112103590864456,0.7295952999847941,
f631141a85ab5440590b,home,lightgbm,bullpen_only,"{""colsample_bytree"":0.9,""learning_rate"":0.05,""min_child_samples"":10,""n_estimators"":500,""num_leaves"":31,""objective"":""poisson"",""reg_lambda"":1.0,""subsample"":0.9,""tweedie_variance_power"":null}",ok,757,2.6374283139840005,2.88197292044937,2.5402906208718625,2.412931191958497,1.0382388110691048,1.194386698656818,1.479717400012305,
1063be2d791544b4b21a,home,lightgbm,bullpen_only,"{""colsample_bytree"":0.9,""learning_rate"":0.05,""min_child_samples"":30,""n_estimators"":500,""num_leaves"":31,""objective"":""poisson"",""reg_lambda"":1.0,""subsample"":0.9,""tweedie_variance_power"":null}",ok,757,2.6062507340538676,2.7911464198773106,2.5402906208718625,2.412931191958497,1.0259655775760674,1.1567451360317609,1.2990863000159152,
beebdd6b49a5f23468c6,home,lightgbm,bullpen_only,"{""colsample_bytree"":0.9,""learning_rate"":0.1,""min_child_samples"":10,""n_estimators"":500,""num_leaves"":15,""objective"":""poisson"",""reg_lambda"":1.0,""subsample"":0.9,""tweedie_variance_power"":null}",ok,757,2.6419810742003094,2.8744785984657537,2.5402906208718625,2.412931191958497,1.0400310312894614,1.191280799073526,0.7332537999900524,
f2f9a8894d6b3d0a5ee7,home,lightgbm,bullpen_only,"{""colsample_bytree"":0.9,""learning_rate"":0.1,""min_child_samples"":30,""n_estimators"":500,""num_leaves"":15,""objective"":""poisson"",""reg_lambda"":1.0,""subsample"":0.9,""tweedie_variance_power"":null}",ok,757,2.6355686621496885,2.8812110316424344,2.5402906208718625,2.412931191958497,1.037506748438541,1.194070946260117,0.7276014999952167,
3ad6ecd8fce21eda9057,home,lightgbm,bullpen_only,"{""colsample_bytree"":0.9,""learning_rate"":0.1,""min_child_samples"":10,""n_estimators"":500,""num_leaves"":31,""objective"":""poisson"",""reg_lambda"":1.0,""subsample"":0.9,""tweedie_variance_power"":null}",ok,757,2.666976281784057,3.0773233245831433,2.5402906208718625,2.412931191958497,1.0498705383830116,1.275346489298512,1.4644828000164125,
a0eda5e31ada4fa54d5e,home,lightgbm,bullpen_only,"{""colsample_bytree"":0.9,""learning_rate"":0.1,""min_child_samples"":30,""n_estimators"":500,""num_leaves"":31,""objective"":""poisson"",""reg_lambda"":1.0,""subsample"":0.9,""tweedie_variance_power"":null}",ok,757,2.670076179318944,3.000902571236663,2.5402906208718625,2.412931191958497,1.0510908308603435,1.2436751537870951,1.2532547999871895,
d7c8157e992983783c8c,home,lightgbm,bullpen_only,"{""colsample_bytree"":0.9,""learning_rate"":0.025,""min_child_samples"":10,""n_estimators"":500,""num_leaves"":15,""objective"":""tweedie"",""reg_lambda"":1.0,""subsample"":0.9,""tweedie_variance_power"":1.5}",ok,757,2.6152510275828296,2.794899797465292,2.5402906208718625,2.412931191958497,1.0295085948414988,1.158300662190356,0.7689492999925278,
07bf5db2d27ffa144b95,home,lightgbm,bullpen_only,"{""colsample_bytree"":0.9,""learning_rate"":0.025,""min_child_samples"":30,""n_estimators"":500,""num_leaves"":15,""objective"":""tweedie"",""reg_lambda"":1.0,""subsample"":0.9,""tweedie_variance_power"":1.5}",ok,757,2.6103921219082014,2.8000205987410003,2.5402906208718625,2.412931191958497,1.0275958587022924,1.1604228948063435,0.7648122000100557,
65d0965fdf9733ffec99,home,lightgbm,bullpen_only,"{""colsample_bytree"":0.9,""learning_rate"":0.025,""min_child_samples"":10,""n_estimators"":500,""num_leaves"":31,""objective"":""tweedie"",""reg_lambda"":1.0,""subsample"":0.9,""tweedie_variance_power"":1.5}",ok,757,2.6729963564625767,3.0768022418057845,2.5402906208718625,2.412931191958497,1.0522403753729437,1.2751305350354583,1.488167900010012,
bd0ff65144c1ab5ea265,home,lightgbm,bullpen_only,"{""colsample_bytree"":0.9,""learning_rate"":0.025,""min_child_samples"":30,""n_estimators"":500,""num_leaves"":31,""objective"":""tweedie"",""reg_lambda"":1.0,""subsample"":0.9,""tweedie_variance_power"":1.5}",ok,757,2.644300237976662,2.978825338553114,2.5402906208718625,2.412931191958497,1.0409439834364707,1.2345256045761086,1.2918849000125192,
915d21c0acdbbb78d0a7,home,lightgbm,bullpen_only,"{""colsample_bytree"":0.9,""learning_rate"":0.05,""min_child_samples"":10,""n_estimators"":500,""num_leaves"":15,""objective"":""tweedie"",""reg_lambda"":1.0,""subsample"":0.9,""tweedie_variance_power"":1.5}",ok,757,2.6636673915880484,3.076177279047476,2.5402906208718625,2.412931191958497,1.048567974743709,1.274871529407618,0.7333062999823596,
8fec1689f759982e3a6a,home,lightgbm,bullpen_only,"{""colsample_bytree"":0.9,""learning_rate"":0.05,""min_child_samples"":30,""n_estimators"":500,""num_leaves"":15,""objective"":""tweedie"",""reg_lambda"":1.0,""subsample"":0.9,""tweedie_variance_power"":1.5}",ok,757,2.6691943179585964,3.034209356873908,2.5402906208718625,2.412931191958497,1.0507436810684647,1.2574786081699825,0.7407756999891717,
407b3f8bdf32c0861d2a,home,lightgbm,bullpen_only,"{""colsample_bytree"":0.9,""learning_rate"":0.05,""min_child_samples"":10,""n_estimators"":500,""num_leaves"":31,""objective"":""tweedie"",""reg_lambda"":1.0,""subsample"":0.9,""tweedie_variance_power"":1.5}",ok,757,2.725888742074415,3.4484555118541165,2.5402906208718625,2.412931191958497,1.0730617669008489,1.4291561745924128,1.508906000002753,
2fa3fe8c57bc41f2680c,home,lightgbm,bullpen_only,"{""colsample_bytree"":0.9,""learning_rate"":0.05,""min_child_samples"":30,""n_estimators"":500,""num_leaves"":31,""objective"":""tweedie"",""reg_lambda"":1.0,""subsample"":0.9,""tweedie_variance_power"":1.5}",ok,757,2.6848225478020877,3.1715910437806407,2.5402906208718625,2.412931191958497,1.0568958235497559,1.3144142088885529,1.2633712000097148,
1b8732d7c802d9c44b66,home,lightgbm,bullpen_only,"{""colsample_bytree"":0.9,""learning_rate"":0.1,""min_child_samples"":10,""n_estimators"":500,""num_leaves"":15,""objective"":""tweedie"",""reg_lambda"":1.0,""subsample"":0.9,""tweedie_variance_power"":1.5}",ok,757,2.7499209808442826,3.3835989343788127,2.5402906208718625,2.412931191958497,1.082522195787375,1.4022774232664532,0.7430405999766663,
dd00cff3a3ee207d3c37,home,lightgbm,bullpen_only,"{""colsample_bytree"":0.9,""learning_rate"":0.1,""min_child_samples"":30,""n_estimators"":500,""num_leaves"":15,""objective"":""tweedie"",""reg_lambda"":1.0,""subsample"":0.9,""tweedie_variance_power"":1.5}",ok,757,2.7424071614744867,3.3713366214434517,2.5402906208718625,2.412931191958497,1.0795643376163215,1.3971955075548792,0.7531254999921657,
9f18cecf224e764f78f2,home,lightgbm,bullpen_only,"{""colsample_bytree"":0.9,""learning_rate"":0.1,""min_child_samples"":10,""n_estimators"":500,""num_leaves"":31,""objective"":""tweedie"",""reg_lambda"":1.0,""subsample"":0.9,""tweedie_variance_power"":1.5}",ok,757,2.833573384079529,3.8294049777257393,2.5402906208718625,2.412931191958497,1.1154524450068661,1.587034470973678,1.5438825000019278,
fab8e349d4ec7b0132b1,home,lightgbm,bullpen_only,"{""colsample_bytree"":0.9,""learning_rate"":0.1,""min_child_samples"":30,""n_estimators"":500,""num_leaves"":31,""objective"":""tweedie"",""reg_lambda"":1.0,""subsample"":0.9,""tweedie_variance_power"":1.5}",ok,757,2.767811781698645,3.529216449168997,2.5402906208718625,2.412931191958497,1.0895650123483485,1.4626262286014247,1.3455632000113837,
a088eb89ffb2dabe5b1b,home,lightgbm,bullpen_only,"{""colsample_bytree"":0.9,""learning_rate"":0.025,""min_child_samples"":10,""n_estimators"":500,""num_leaves"":15,""objective"":""regression"",""reg_lambda"":1.0,""subsample"":0.9,""tweedie_variance_power"":null}",ok,757,2.6048325444582816,2.5965572592662194,2.5402906208718625,2.412931191958497,1.0254072990925218,1.0761008303592277,0.7855294999899343,
4dad2d7a7377dc62f70a,home,lightgbm,bullpen_only,"{""colsample_bytree"":0.9,""learning_rate"":0.025,""min_child_samples"":30,""n_estimators"":500,""num_leaves"":15,""objective"":""regression"",""reg_lambda"":1.0,""subsample"":0.9,""tweedie_variance_power"":null}",ok,757,2.6181008317958474,2.6612508470206024,2.5402906208718625,2.412931191958497,1.0306304366455832,1.1029120332522009,0.7563995000091381,
e26cb08f680295e6515d,home,lightgbm,bullpen_only,"{""colsample_bytree"":0.9,""learning_rate"":0.025,""min_child_samples"":10,""n_estimators"":500,""num_leaves"":31,""objective"":""regression"",""reg_lambda"":1.0,""subsample"":0.9,""tweedie_variance_power"":null}",ok,757,2.6322802238444627,2.6522115933435693,2.5402906208718625,2.412931191958497,1.0362122358035666,1.0991658619120657,1.532680199976312,
54f55486bceae02d5191,home,lightgbm,bullpen_only,"{""colsample_bytree"":0.9,""learning_rate"":0.025,""min_child_samples"":30,""n_estimators"":500,""num_leaves"":31,""objective"":""regression"",""reg_lambda"":1.0,""subsample"":0.9,""tweedie_variance_power"":null}",ok,757,2.6421717307913535,2.722854700995247,2.5402906208718625,2.412931191958497,1.0401060843520824,1.1284427463450357,1.288262800022494,
9664fea2a062af613a4b,home,lightgbm,bullpen_only,"{""colsample_bytree"":0.9,""learning_rate"":0.05,""min_child_samples"":10,""n_estimators"":500,""num_leaves"":15,""objective"":""regression"",""reg_lambda"":1.0,""subsample"":0.9,""tweedie_variance_power"":null}",ok,757,2.6342014908382874,2.6971511241362025,2.5402906208718625,2.412931191958497,1.0369685535957274,1.1177903179025233,0.7965188999951351,
e9a21fdf8311c7d93962,home,lightgbm,bullpen_only,"{""colsample_bytree"":0.9,""learning_rate"":0.05,""min_child_samples"":30,""n_estimators"":500,""num_leaves"":15,""objective"":""regression"",""reg_lambda"":1.0,""subsample"":0.9,""tweedie_variance_power"":null}",ok,757,2.6792126153919607,2.8544461909770096,2.5402906208718625,2.412931191958497,1.0546874414205483,1.1829786943324103,0.8847014000057243,
969a28ce621f28e63af9,home,lightgbm,bullpen_only,"{""colsample_bytree"":0.9,""learning_rate"":0.05,""min_child_samples"":10,""n_estimators"":500,""num_leaves"":31,""objective"":""regression"",""reg_lambda"":1.0,""subsample"":0.9,""tweedie_variance_power"":null}",ok,757,2.6567465233100074,2.683951456937283,2.5402906208718625,2.412931191958497,1.0458435351771584,1.1123199309959635,1.5136492000019643,
0a31a80cb39e3ee00382,home,lightgbm,bullpen_only,"{""colsample_bytree"":0.9,""learning_rate"":0.05,""min_child_samples"":30,""n_estimators"":500,""num_leaves"":31,""objective"":""regression"",""reg_lambda"":1.0,""subsample"":0.9,""tweedie_variance_power"":null}",ok,757,2.70006515491231,2.835556503385476,2.5402906208718625,2.412931191958497,1.0628961634262188,1.1751501712255408,1.3172995000204537,
c542772590c05db5b9e9,home,lightgbm,bullpen_only,"{""colsample_bytree"":0.9,""learning_rate"":0.1,""min_child_samples"":10,""n_estimators"":500,""num_leaves"":15,""objective"":""regression"",""reg_lambda"":1.0,""subsample"":0.9,""tweedie_variance_power"":null}",ok,757,2.71553724024707,2.8242624860221035,2.5402906208718625,2.412931191958497,1.0689868387244057,1.1704695498298658,0.7764473999850452,
2b4c5999e2737e3a3859,home,lightgbm,bullpen_only,"{""colsample_bytree"":0.9,""learning_rate"":0.1,""min_child_samples"":30,""n_estimators"":500,""num_leaves"":15,""objective"":""regression"",""reg_lambda"":1.0,""subsample"":0.9,""tweedie_variance_power"":null}",ok,757,2.775247659071622,3.1413385799777553,2.5402906208718625,2.412931191958497,1.0924921882044816,1.3018765684022817,0.7393768999900203,
b855f59e45a91e6e4440,home,lightgbm,bullpen_only,"{""colsample_bytree"":0.9,""learning_rate"":0.1,""min_child_samples"":10,""n_estimators"":500,""num_leaves"":31,""objective"":""regression"",""reg_lambda"":1.0,""subsample"":0.9,""tweedie_variance_power"":null}",ok,757,2.6811851333668035,2.7308033282807114,2.5402906208718625,2.412931191958497,1.0554639344558867,1.1317369253551768,1.4718709999870043,
0c751ed82c5fdf92f981,home,lightgbm,bullpen_only,"{""colsample_bytree"":0.9,""learning_rate"":0.1,""min_child_samples"":30,""n_estimators"":500,""num_leaves"":31,""objective"":""regression"",""reg_lambda"":1.0,""subsample"":0.9,""tweedie_variance_power"":null}",ok,757,2.718830500866241,2.9143681068772898,2.5402906208718625,2.412931191958497,1.0702832496909749,1.2078123556071207,1.3310172999917995,
629b0402afa687fec0c9,home,xgboost,bullpen_only,"{""colsample_bytree"":0.9,""learning_rate"":0.025,""max_depth"":3,""min_child_weight"":1.0,""n_estimators"":500,""objective"":""count:poisson"",""reg_lambda"":1.0,""subsample"":0.9,""tweedie_variance_power"":null}",ok,757,2.533946535231415,2.4307905086768242,2.5402906208718625,2.412931191958497,0.9975026142330635,1.0074015026942527,1.0487586999952327,
518e2600ea6d6516b462,home,xgboost,bullpen_only,"{""colsample_bytree"":0.9,""learning_rate"":0.025,""max_depth"":3,""min_child_weight"":5.0,""n_estimators"":500,""objective"":""count:poisson"",""reg_lambda"":1.0,""subsample"":0.9,""tweedie_variance_power"":null}",ok,757,2.5342919612340284,2.431297197236362,2.5402906208718625,2.412931191958497,0.9976385931638896,1.0076114915083667,1.053812400001334,
f014c87dd803cb13344b,home,xgboost,bullpen_only,"{""colsample_bytree"":0.9,""learning_rate"":0.025,""max_depth"":6,""min_child_weight"":1.0,""n_estimators"":500,""objective"":""count:poisson"",""reg_lambda"":1.0,""subsample"":0.9,""tweedie_variance_power"":null}",ok,757,2.5525144377976776,2.56914461103876,2.5402906208718625,2.412931191958497,1.0048119757737088,1.0647401051471632,2.8724283000046853,
7fa166b21775b8a82c4a,home,xgboost,bullpen_only,"{""colsample_bytree"":0.9,""learning_rate"":0.025,""max_depth"":6,""min_child_weight"":5.0,""n_estimators"":500,""objective"":""count:poisson"",""reg_lambda"":1.0,""subsample"":0.9,""tweedie_variance_power"":null}",ok,757,2.5566818666899063,2.574350016944527,2.5402906208718625,2.412931191958497,1.0064525081041389,1.0668974007729626,2.8710551999974996,
adfa14daaa9a5cca8b46,home,xgboost,bullpen_only,"{""colsample_bytree"":0.9,""learning_rate"":0.05,""max_depth"":3,""min_child_weight"":1.0,""n_estimators"":500,""objective"":""count:poisson"",""reg_lambda"":1.0,""subsample"":0.9,""tweedie_variance_power"":null}",ok,757,2.550638937572192,2.4942503321833858,2.5402906208718625,2.412931191958497,1.004073674332891,1.0337013921059575,1.0639249999949243,
cb7883c3a6c87fa5e2ca,home,xgboost,bullpen_only,"{""colsample_bytree"":0.9,""learning_rate"":0.05,""max_depth"":3,""min_child_weight"":5.0,""n_estimators"":500,""objective"":""count:poisson"",""reg_lambda"":1.0,""subsample"":0.9,""tweedie_variance_power"":null}",ok,757,2.548964250985351,2.497175654801273,2.5402906208718625,2.412931191958497,1.003414424334847,1.0349137443800864,1.0524842999875546,
5e1548185427816e06aa,home,xgboost,bullpen_only,"{""colsample_bytree"":0.9,""learning_rate"":0.05,""max_depth"":6,""min_child_weight"":1.0,""n_estimators"":500,""objective"":""count:poisson"",""reg_lambda"":1.0,""subsample"":0.9,""tweedie_variance_power"":null}",ok,757,2.604463624277077,2.8428481405310158,2.5402906208718625,2.412931191958497,1.0252620715432903,1.1781720713816002,2.8268557999981567,
c3b8f0e18c3d61d0b4fa,home,xgboost,bullpen_only,"{""colsample_bytree"":0.9,""learning_rate"":0.05,""max_depth"":6,""min_child_weight"":5.0,""n_estimators"":500,""objective"":""count:poisson"",""reg_lambda"":1.0,""subsample"":0.9,""tweedie_variance_power"":null}",ok,757,2.6006004289875255,2.794488476871019,2.5402906208718625,2.412931191958497,1.0237413025187503,1.1581301970748799,2.7773305000155233,
40d98027b84fa1d1d114,home,xgboost,bullpen_only,"{""colsample_bytree"":0.9,""learning_rate"":0.1,""max_depth"":3,""min_child_weight"":1.0,""n_estimators"":500,""objective"":""count:poisson"",""reg_lambda"":1.0,""subsample"":0.9,""tweedie_variance_power"":null}",ok,757,2.616582357741725,2.666638737556168,2.5402906208718625,2.412931191958497,1.030032680608677,1.1051449566581901,1.0527565000229515,
74d96aba3ea82ed25b6c,home,xgboost,bullpen_only,"{""colsample_bytree"":0.9,""learning_rate"":0.1,""max_depth"":3,""min_child_weight"":5.0,""n_estimators"":500,""objective"":""count:poisson"",""reg_lambda"":1.0,""subsample"":0.9,""tweedie_variance_power"":null}",ok,757,2.618593153345695,2.6701691736859505,2.5402906208718625,2.412931191958497,1.0308242418526734,1.10660808836354,1.033093200006988,
dfd0a98795854c90ebb0,home,xgboost,bullpen_only,"{""colsample_bytree"":0.9,""learning_rate"":0.1,""max_depth"":6,""min_child_weight"":1.0,""n_estimators"":500,""objective"":""count:poisson"",""reg_lambda"":1.0,""subsample"":0.9,""tweedie_variance_power"":null}",ok,757,2.6821151359235595,3.2399530239225003,2.5402906208718625,2.412931191958497,1.0558300353063623,1.3427457172090915,2.6119748999772128,
4b36bbf91d60eceb35fb,home,xgboost,bullpen_only,"{""colsample_bytree"":0.9,""learning_rate"":0.1,""max_depth"":6,""min_child_weight"":5.0,""n_estimators"":500,""objective"":""count:poisson"",""reg_lambda"":1.0,""subsample"":0.9,""tweedie_variance_power"":null}",ok,757,2.6741820931670843,3.146885080165444,2.5402906208718625,2.412931191958497,1.0527071474401888,1.3041752249931424,2.8013128000020515,
54144d1b51a99a5348a8,home,xgboost,bullpen_only,"{""colsample_bytree"":0.9,""learning_rate"":0.025,""max_depth"":3,""min_child_weight"":1.0,""n_estimators"":500,""objective"":""reg:tweedie"",""reg_lambda"":1.0,""subsample"":0.9,""tweedie_variance_power"":1.5}",ok,757,2.5508269003076944,2.576142791998825,2.5402906208718625,2.412931191958497,1.0041476669437985,1.0676403871706985,1.079460500011919,
02f75881e780b705e7f0,home,xgboost,bullpen_only,"{""colsample_bytree"":0.9,""learning_rate"":0.025,""max_depth"":3,""min_child_weight"":5.0,""n_estimators"":500,""objective"":""reg:tweedie"",""reg_lambda"":1.0,""subsample"":0.9,""tweedie_variance_power"":1.5}",ok,757,2.5436341474361748,2.5508120567762926,2.5402906208718625,2.412931191958497,1.0013161984447136,1.0571424768668527,1.075077900022734,
20c7e8c0445bb3c14738,home,xgboost,bullpen_only,"{""colsample_bytree"":0.9,""learning_rate"":0.025,""max_depth"":6,""min_child_weight"":1.0,""n_estimators"":500,""objective"":""reg:tweedie"",""reg_lambda"":1.0,""subsample"":0.9,""tweedie_variance_power"":1.5}",ok,757,2.659434439523374,3.1203453754294332,2.5402906208718625,2.412931191958497,1.0469016488399348,1.2931762769815045,2.802537699986715,
986c95b0bb15b9fbadc4,home,xgboost,bullpen_only,"{""colsample_bytree"":0.9,""learning_rate"":0.025,""max_depth"":6,""min_child_weight"":5.0,""n_estimators"":500,""objective"":""reg:tweedie"",""reg_lambda"":1.0,""subsample"":0.9,""tweedie_variance_power"":1.5}",ok,757,2.6399724244913934,3.0324283558571703,2.5402906208718625,2.412931191958497,1.0392403147893836,1.2567405013301882,2.5795286999782547,
b0811e8af0d7668cda44,home,xgboost,bullpen_only,"{""colsample_bytree"":0.9,""learning_rate"":0.05,""max_depth"":3,""min_child_weight"":1.0,""n_estimators"":500,""objective"":""reg:tweedie"",""reg_lambda"":1.0,""subsample"":0.9,""tweedie_variance_power"":1.5}",ok,757,2.629933167007829,2.8331482639690067,2.5402906208718625,2.412931191958497,1.0352883033930977,1.1741521156554129,1.1016032999905292,
febf024a659fbaebdb0f,home,xgboost,bullpen_only,"{""colsample_bytree"":0.9,""learning_rate"":0.05,""max_depth"":3,""min_child_weight"":5.0,""n_estimators"":500,""objective"":""reg:tweedie"",""reg_lambda"":1.0,""subsample"":0.9,""tweedie_variance_power"":1.5}",ok,757,2.614645883145704,2.77058997961894,2.5402906208718625,2.412931191958497,1.0292703762565252,1.1482258544513833,1.0565507999854162,
21dc7eae90c012f224f6,home,xgboost,bullpen_only,"{""colsample_bytree"":0.9,""learning_rate"":0.05,""max_depth"":6,""min_child_weight"":1.0,""n_estimators"":500,""objective"":""reg:tweedie"",""reg_lambda"":1.0,""subsample"":0.9,""tweedie_variance_power"":1.5}",ok,757,2.738669069451889,3.5888177392987384,2.5402906208718625,2.412931191958497,1.07809281621169,1.487327011751965,2.7329463999776635,
a7fc1bc00c06d231c5c5,home,xgboost,bullpen_only,"{""colsample_bytree"":0.9,""learning_rate"":0.05,""max_depth"":6,""min_child_weight"":5.0,""n_estimators"":500,""objective"":""reg:tweedie"",""reg_lambda"":1.0,""subsample"":0.9,""tweedie_variance_power"":1.5}",ok,757,2.7178388133231683,3.3619538785875913,2.5402906208718625,2.412931191958497,1.0698928661911797,1.3933069827236988,2.4336692999931984,
42cd471ecb6b11c591cb,home,xgboost,bullpen_only,"{""colsample_bytree"":0.9,""learning_rate"":0.1,""max_depth"":3,""min_child_weight"":1.0,""n_estimators"":500,""objective"":""reg:tweedie"",""reg_lambda"":1.0,""subsample"":0.9,""tweedie_variance_power"":1.5}",ok,757,2.701316980558941,3.2104185713748934,2.5402906208718625,2.412931191958497,1.063388951785293,1.3305056447834727,1.0669047999836039,
c2f32f5c34384e252153,home,xgboost,bullpen_only,"{""colsample_bytree"":0.9,""learning_rate"":0.1,""max_depth"":3,""min_child_weight"":5.0,""n_estimators"":500,""objective"":""reg:tweedie"",""reg_lambda"":1.0,""subsample"":0.9,""tweedie_variance_power"":1.5}",ok,757,2.6766102948623414,3.029897464852001,2.5402906208718625,2.412931191958497,1.0536630229905317,1.2556916148084325,1.0530688999861013,
cdd9dcb513ac8195655c,home,xgboost,bullpen_only,"{""colsample_bytree"":0.9,""learning_rate"":0.1,""max_depth"":6,""min_child_weight"":1.0,""n_estimators"":500,""objective"":""reg:tweedie"",""reg_lambda"":1.0,""subsample"":0.9,""tweedie_variance_power"":1.5}",ok,757,2.8299334542911936,3.985064941868539,2.5402906208718625,2.412931191958497,1.1140195657298146,1.6515452057437214,2.54707459997735,
c0e22ded4f01e8d3cfb4,home,xgboost,bullpen_only,"{""colsample_bytree"":0.9,""learning_rate"":0.1,""max_depth"":6,""min_child_weight"":5.0,""n_estimators"":500,""objective"":""reg:tweedie"",""reg_lambda"":1.0,""subsample"":0.9,""tweedie_variance_power"":1.5}",ok,757,2.787210572880042,3.7619146772642025,2.5402906208718625,2.412931191958497,1.0972014579668186,1.5590642160876456,2.297786699986318,
336ec2fbda1ae2bffc77,home,xgboost,bullpen_only,"{""colsample_bytree"":0.9,""learning_rate"":0.025,""max_depth"":3,""min_child_weight"":1.0,""n_estimators"":500,""objective"":""reg:squarederror"",""reg_lambda"":1.0,""subsample"":0.9,""tweedie_variance_power"":null}",ok,757,2.5690152141188065,2.5004075322914834,2.5402906208718625,2.412931191958497,1.0113076011897746,1.0362531433239854,1.0502842999994755,
9150f2e747a3118b367e,home,xgboost,bullpen_only,"{""colsample_bytree"":0.9,""learning_rate"":0.025,""max_depth"":3,""min_child_weight"":5.0,""n_estimators"":500,""objective"":""reg:squarederror"",""reg_lambda"":1.0,""subsample"":0.9,""tweedie_variance_power"":null}",ok,757,2.5670325825362412,2.501830763271009,2.5402906208718625,2.412931191958497,1.010527126874641,1.0368429782037651,1.0686132999835536,
3620868104e4336444e3,home,xgboost,bullpen_only,"{""colsample_bytree"":0.9,""learning_rate"":0.025,""max_depth"":6,""min_child_weight"":1.0,""n_estimators"":500,""objective"":""reg:squarederror"",""reg_lambda"":1.0,""subsample"":0.9,""tweedie_variance_power"":null}",ok,757,2.607007808697901,2.602406942288291,2.5402906208718625,2.412931191958497,1.0262636043600162,1.078525136133701,2.892035800003214,
3904ec2b1ee5c0b5c5d2,home,xgboost,bullpen_only,"{""colsample_bytree"":0.9,""learning_rate"":0.025,""max_depth"":6,""min_child_weight"":5.0,""n_estimators"":500,""objective"":""reg:squarederror"",""reg_lambda"":1.0,""subsample"":0.9,""tweedie_variance_power"":null}",ok,757,2.604178549591427,2.616174342156086,2.5402906208718625,2.412931191958497,1.0251498502551797,1.0842308105904268,2.552359900000738,
f050c1b25ea6a5c2f360,home,xgboost,bullpen_only,"{""colsample_bytree"":0.9,""learning_rate"":0.05,""max_depth"":3,""min_child_weight"":1.0,""n_estimators"":500,""objective"":""reg:squarederror"",""reg_lambda"":1.0,""subsample"":0.9,""tweedie_variance_power"":null}",ok,757,2.6107919013012038,2.611288021942935,2.5402906208718625,2.412931191958497,1.0277532341575721,1.0822057548286068,1.1434673000185285,
c1885d25f8c5c684f70d,home,xgboost,bullpen_only,"{""colsample_bytree"":0.9,""learning_rate"":0.05,""max_depth"":3,""min_child_weight"":5.0,""n_estimators"":500,""objective"":""reg:squarederror"",""reg_lambda"":1.0,""subsample"":0.9,""tweedie_variance_power"":null}",ok,757,2.603935257604289,2.6003397705803963,2.5402906208718625,2.412931191958497,1.025054076966431,1.0776684305157438,1.0145785000058822,
caf458670221b6f7162f,home,xgboost,bullpen_only,"{""colsample_bytree"":0.9,""learning_rate"":0.05,""max_depth"":6,""min_child_weight"":1.0,""n_estimators"":500,""objective"":""reg:squarederror"",""reg_lambda"":1.0,""subsample"":0.9,""tweedie_variance_power"":null}",ok,757,2.670906385074676,2.6831115013884683,2.5402906208718625,2.412931191958497,1.0514176461266407,1.1119718251106343,2.6986360999871977,
016f2c6f41a6142d65d9,home,xgboost,bullpen_only,"{""colsample_bytree"":0.9,""learning_rate"":0.05,""max_depth"":6,""min_child_weight"":5.0,""n_estimators"":500,""objective"":""reg:squarederror"",""reg_lambda"":1.0,""subsample"":0.9,""tweedie_variance_power"":null}",ok,757,2.6659823519078083,2.770629545201606,2.5402906208718625,2.412931191958497,1.0494792721758768,1.148242251762172,2.3013144000142347,
85cf407cc3ef6460840f,home,xgboost,bullpen_only,"{""colsample_bytree"":0.9,""learning_rate"":0.1,""max_depth"":3,""min_child_weight"":1.0,""n_estimators"":500,""objective"":""reg:squarederror"",""reg_lambda"":1.0,""subsample"":0.9,""tweedie_variance_power"":null}",failed,757,,,2.5402906208718625,2.412931191958497,,,0.48955040000146255,RuntimeError: xgboost emitted invalid predictions: nonfinite=0 nonpositive=1
384e7c3e14123c876d8d,home,xgboost,bullpen_only,"{""colsample_bytree"":0.9,""learning_rate"":0.1,""max_depth"":3,""min_child_weight"":5.0,""n_estimators"":500,""objective"":""reg:squarederror"",""reg_lambda"":1.0,""subsample"":0.9,""tweedie_variance_power"":null}",ok,757,2.7009289198342215,2.8954256478759084,2.5402906208718625,2.412931191958497,1.063236189451121,1.1999619622496513,1.0279728999885265,
2be54d9d2a837b555b31,home,xgboost,bullpen_only,"{""colsample_bytree"":0.9,""learning_rate"":0.1,""max_depth"":6,""min_child_weight"":1.0,""n_estimators"":500,""objective"":""reg:squarederror"",""reg_lambda"":1.0,""subsample"":0.9,""tweedie_variance_power"":null}",ok,757,2.6786357662006917,2.783715931442933,2.5402906208718625,2.412931191958497,1.0544603614216972,1.1536656912224181,2.536877899983665,
c8719c343ef01de0efa8,home,xgboost,bullpen_only,"{""colsample_bytree"":0.9,""learning_rate"":0.1,""max_depth"":6,""min_child_weight"":5.0,""n_estimators"":500,""objective"":""reg:squarederror"",""reg_lambda"":1.0,""subsample"":0.9,""tweedie_variance_power"":null}",ok,757,2.737329507992164,2.844361533602316,2.5402906208718625,2.412931191958497,1.0775654901456413,1.1787992724706091,2.1540845000126865,
