name,player_id,year,player_age,ab,pa,hit,single,double,triple,home_run,strikeout,walk,k_percent,bb_percent,batting_avg,slg_percent,on_base_percent,on_base_plus_slg,xba,xslg,woba,xwoba,xobp,xiso,avg_swing_speed,fast_swing_rate,blasts_contact,blasts_swing,squared_up_contact,squared_up_swing,avg_swing_length,swords,attack_angle,attack_direction,ideal_angle_rate,vertical_swing_path,exit_velocity_avg,launch_angle_avg,sweet_spot_percent,barrel_batted_rate,hard_hit_percent,avg_best_speed,avg_hyper_speed,whiff_percent,swing_percent,type,team
"García, Luis",671277,2025,25,283,308,75,49,19,0,7,42,17,13.6,5.5,0.265,0.406,0.305,0.711,0.31,0.495,0.309,0.367,0.352,0.185,72.6,28.7,19.3,15.6,39.4,31.8,7.4,12,10.6,-2.5,64.5,29.1,90.5,8.0,34.0,9.3,48.2,101.114227317,95.17951813,21.2,53.1,batter,
"Friedl Jr., TJ",670770,2025,29,328,381,92,68,14,2,8,60,42,15.7,11.0,0.28,0.409,0.368,0.777,0.248,0.337,0.345,0.307,0.34,0.089,69.2,2.4,12.4,10.3,37.0,30.8,6.6,7,9.2,-7.3,58.6,28.1,87.0,12.6,33.6,3.3,31.0,97.147912248,92.64105345,16.3,39.2,batter,
"Wilson Jr., Jacob",805779,2025,23,331,356,111,85,17,0,9,26,20,7.3,5.6,0.335,0.468,0.377,0.845,0.29,0.372,0.369,0.311,0.335,0.082,63.5,0.2,3.9,3.5,43.7,39.6,6.0,7,2.2,-0.6,36.1,35.3,85.4,8.0,32.9,2.3,25.7,95.354135695,91.684891093,9.7,51.0,batter,
"Rooker Jr., Brent",667670,2025,30,358,400,97,58,19,2,18,84,40,21.0,10.0,0.271,0.486,0.347,0.833,0.295,0.552,0.362,0.393,0.369,0.257,73.8,38.5,19.3,14.1,36.6,26.8,7.1,25,12.6,-6.4,45.0,35.7,91.9,15.0,37.6,14.2,48.2,102.172516569,95.671822555,29.7,49.3,batter,
"Springer III, George",543807,2025,35,281,335,79,47,15,1,16,65,42,19.4,12.5,0.281,0.512,0.374,0.886,0.287,0.569,0.381,0.403,0.382,0.282,73.1,33.7,16.8,12.4,34.6,25.5,7.5,9,12.5,0.6,57.1,35.1,90.2,16.7,41.4,15.9,46.8,101.344411636,95.187282055,26.8,44.8,batter,
"Mullins II, Cedric",656775,2025,30,258,294,55,29,13,0,13,69,31,23.5,10.5,0.213,0.415,0.3,0.715,0.217,0.365,0.314,0.3,0.307,0.149,71.0,10.6,11.9,9.5,29.9,23.7,7.6,13,12.1,-6.8,64.5,29.5,88.7,24.0,33.3,6.8,36.1,99.021132283,93.726273825,22.1,48.6,batter,
