name,player_id,year,player_age,p_game,p_formatted_ip,pa,ab,hit,single,double,triple,home_run,strikeout,walk,k_percent,bb_percent,batting_avg,slg_percent,on_base_percent,on_base_plus_slg,xba,xslg,woba,xwoba,xobp,xiso,avg_swing_speed,fast_swing_rate,blasts_contact,blasts_swing,squared_up_contact,squared_up_swing,avg_swing_length,swords,attack_angle,attack_direction,ideal_angle_rate,vertical_swing_path,exit_velocity_avg,launch_angle_avg,sweet_spot_percent,barrel_batted_rate,hard_hit_percent,avg_best_speed,avg_hyper_speed,whiff_percent,swing_percent,type,team
"Harrington III, Thomas",802419,2025,23,2,8.0,39,33,11,7,1,0,3,7,5,17.9,12.8,0.333,0.636,0.41,1.046,0.272,0.503,0.439,0.368,0.361,0.231,71.3,21.2,18.0,13.6,32.0,24.2,7.3,1,8.5,0.2,42.4,29.7,90.7,9.8,22.2,7.4,44.4,79.415617692,95.328477308,25.4,47.3,pitcher,
"Cortes Jr., Nestor",641482,2025,30,2,8.0,38,31,7,1,1,0,5,8,7,21.1,18.4,0.226,0.742,0.368,1.11,0.235,0.649,0.455,0.425,0.376,0.414,72.1,25.5,24.3,17.6,40.5,29.4,7.5,1,11.4,0.2,66.7,30.9,92.1,20.2,30.4,17.4,47.8,81.187172727,95.964047727,28.1,38.0,pitcher,
"Castano, Blas",680604,2025,26,1,3.0,16,13,4,1,2,0,1,1,2,6.3,12.5,0.308,0.692,0.438,1.13,0.383,0.866,0.474,0.556,0.499,0.483,72.9,31.8,14.3,13.6,28.6,27.3,7.3,0,10.5,1.2,59.1,33.4,91.4,19.2,58.3,25.0,41.7,81.863046667,94.556048333,4.0,50.0,pitcher,
"Ortiz, Luis",682847,2025,26,16,88.2,382,337,80,55,12,1,12,96,42,25.1,11.0,0.237,0.386,0.322,0.708,0.257,0.455,0.314,0.345,0.34,0.198,72.1,24.8,17.3,12.5,36.0,26.1,7.2,12,8.7,0.2,50.7,33.1,91.8,9.4,32.9,10.3,47.7,81.226247,95.788528,28.9,46.5,pitcher,
"Rodriguez, Yariel",684320,2025,28,36,44.1,168,148,26,15,4,1,6,40,15,23.8,8.9,0.176,0.338,0.268,0.606,0.217,0.41,0.269,0.314,0.307,0.193,71.4,23.5,13.5,10.1,29.0,21.6,7.3,6,9.3,-0.5,52.2,32.0,86.9,18.7,39.4,12.8,38.5,74.637102727,93.70040633,27.5,46.8,pitcher,
"Maton III, Phil",664208,2025,32,34,33.0,138,118,26,19,7,0,0,44,13,31.9,9.4,0.22,0.28,0.321,0.601,0.188,0.265,0.277,0.259,0.296,0.077,70.9,20.3,15.2,10.1,30.4,20.3,7.3,8,12.3,-6.0,41.5,32.1,84.4,10.7,34.2,3.9,28.9,72.158931579,92.506512933,35.3,45.4,pitcher,
"Alexander Jr., Scott",518397,2025,35,19,16.1,72,64,20,9,7,0,4,6,7,8.3,9.7,0.313,0.609,0.389,0.998,0.328,0.617,0.425,0.432,0.403,0.289,72.5,30.1,22.0,17.7,36.3,29.2,7.3,2,9.9,1.3,47.8,33.6,90.1,7.2,31.0,10.3,51.7,77.623767931,95.680846897,18.6,43.7,pitcher,
