player_id,game_id,adj_woba_weather,adj_woba_park,adj_woba_combined
621493,776463,0.344,0.33712,0.34056
680757,776458,0.32857,0.32538,0.326975
608070,776458,0.37801,0.37434,0.37617500000000004
687263,776463,0.343,0.33614,0.33957000000000004
666176,776463,0.333,0.32634,0.32967
650859,776463,0.285,0.2793,0.28215
545361,776463,0.352,0.34496,0.34848
672820,776462,0.32,0.3136,0.31679999999999997
700932,776458,0.34608,0.34272,0.34440000000000004
