"last_name, first_name",away_team,adj_woba_weather,adj_woba_park,adj_woba_combined
"Carlos, Carrasco,",Braves,0.37638,0.3400704,0.3582252
"Cade, Horton,",Cubs,0.30396,0.328545,0.3162525
"Zac, Gallen,",Diamondbacks,0.337,0.4227328000000001,0.37986640000000005
"Logan, Gilbert,",Mariners,0.27336,0.3184108,0.29588539999999997
"Troy, Melton,",Tigers,0.292,0.3097827999999999,0.3008913999999999
