player_id,game_id,adj_woba_weather,adj_woba_park,adj_woba_combined
676440,776275,0.3366,0.3432,0.3399
605135,776269,0.365064,0.34112,0.35309199999999996
669372,776281,0.3688849999999999,0.3635899999999999,0.3662374999999999
622491,776272,0.325296,0.3078,0.316548
645261,776270,0.28483,0.33804,0.311435
608331,776278,0.285784,0.28356,0.284672
579328,776274,0.316498,0.31913,0.31781400000000004
657277,776271,0.306228,0.3171,0.311664
