player_id,game_id,adj_woba_weather,adj_woba_park,adj_woba_combined
666157,776190,0.2908159999999999,,
700249,776191,0.356967,,
641816,776183,0.289188,,
669372,776182,0.39536,,
656222,776185,0.3069120000000001,,
621111,776188,0.3787449999999999,,
800048,776189,0.29106,,
607074,776184,0.280836,,
686973,776186,0.2975939999999999,,
684007,776187,0.280214,,
815083,776178,0.3461499999999999,,
676106,776179,0.3495029999999999,,
