player_id,game_id,adj_woba_weather,adj_woba_park,adj_woba_combined
676440,776275,0.35706,0.3432,0.35013
605135,776269,0.352272,0.34112,0.346696
669372,776281,0.354412,0.3635899999999999,0.35900099999999996
622491,776272,0.338904,0.3078,0.323352
645261,776270,0.3139389999999999,0.33804,0.32598949999999993
608331,776278,0.29051,0.28356,0.287035
579328,776274,0.32242,0.31913,0.32077500000000003
657277,776271,0.317704,0.3171,0.31740199999999996
