player_id,game_id,adj_woba_weather,adj_woba_park,adj_woba_combined
605483,776461,0.30938,0.3038,0.30659000000000003
671106,776458,0.354312,0.33966,0.346986
543294,776463,0.33792,0.3234,0.33066
686642,776462,0.198432,0.20776,0.203096
