"last_name, first_name",home_team,adj_woba_weather,adj_woba_park,adj_woba_combined
"Jeffrey, Springs,",Athletics,0.296,0.3713024000000001,0.33365120000000004
"Jose, Quintana,",Brewers,0.316,0.2674624,0.29173119999999997
"Miles, Mikolas,",Cardinals,0.3508799999999999,0.3371543999999999,0.3440171999999999
"Logan, Webb,",Giants,0.305,0.292922,0.29896100000000003
"Nathan, Eovaldi,",Rangers,0.22746,0.18063,0.204045
"Andrew, Abbott,",Reds,0.28458,0.2734479,0.27901395
"Bailey, Falter,",Royals,0.316,0.2674624,0.29173119999999997
"Will, Warren,",Yankees,0.318,0.3054072,0.31170359999999997
