player_id,game_id,adj_woba_weather,adj_woba_park,adj_woba_combined
676440,776275,0.34188,0.3432,0.34254
605135,776269,0.366048,0.34112,0.353584
669372,776281,0.3695909999999999,0.3635899999999999,0.36659049999999993
622491,776272,0.322056,0.3078,0.314928
645261,776270,0.283891,0.33804,0.3109655
608331,776278,0.285506,0.28356,0.284533
579328,776274,0.32242,0.31913,0.32077500000000003
657277,776271,0.318308,0.3171,0.317704
