player_id,game_id,pitcher_name,team,home_away,home_team,weather_factor,woba,adj_woba_weather
676440,776275,"Bibee, Tanner",CLE,away,DET,1.082,0.33,0.35706000000000004
605135,776269,"Bassitt, Chris",TOR,away,TB,1.074,0.328,0.35227200000000003
669372,776281,"Ginn, J.T.",ATH,away,BOS,1.004,0.353,0.354412
622491,776272,"Castillo, Luis",SEA,away,KC,1.046,0.324,0.33890400000000004
645261,776270,"Alcantara, Sandy",MIA,away,COL,1.003,0.313,0.31393899999999997
608331,776278,"Fried, Max",NYY,away,BAL,1.045,0.278,0.29051
579328,776274,"Kikuchi, Yusei",LAA,away,MIL,0.98,0.329,0.32242
657277,776271,"Webb, Logan",SF,away,LAD,1.052,0.302,0.317704
