"last_name, first_name",home_team,adj_woba_weather,adj_woba_park,adj_woba_combined
"Jeffrey, Springs,",Athletics,0.3019199999999999,0.3713024000000001,0.3366112
"Jose, Quintana,",Brewers,0.316,0.2674624,0.29173119999999997
"Miles, Mikolas,",Cardinals,0.344,0.3371543999999999,0.3405771999999999
"Logan, Webb,",Giants,0.2989,0.292922,0.29591100000000004
"Nathan, Eovaldi,",Rangers,0.22746,0.18063,0.204045
"Andrew, Abbott,",Reds,0.28458,0.2734479,0.27901395
"Bailey, Falter,",Royals,0.316,0.2674624,0.29173119999999997
"Will, Warren,",Yankees,0.318,0.3054072,0.31170359999999997
