player_id,game_id,adj_woba_weather,adj_woba_park,adj_woba_combined
605135,776436,,0.33784,
695418,776440,,0.31581,
804636,776439,,0.24206,
605540,776441,,0.26852,
808967,776443,,0.26316,
676440,776438,,0.3366,
434378,776437,,0.32242,
686613,776432,,0.24087,
657746,776434,,0.26852,
682243,776447,,0.3519,
608337,776424,,0.315,
669372,776430,,0.3565299999999999,
