player_id,game_id,adj_woba_weather,adj_woba_park,adj_woba_combined
605135,776503,0.348874,0.32438,0.336627
622491,776504,0.338034,0.32436,0.33119699999999996
571578,776495,0.3818,0.3486,0.36519999999999997
