player_id,game_id,adj_woba_weather,adj_woba_park,adj_woba_combined
690997,776490,,,
477132,776496,,,
621244,776491,0.336375,31.85,16.0931875
677944,776493,,,
800049,776482,,,
693433,776485,0.28566,27.540000000000003,13.912830000000001
666214,776487,,,
663436,776484,0.302328,31.654,15.978164
622663,776483,0.331168,30.968,15.649584
608331,776489,0.307856,28.116,14.211928
657277,776486,0.3147,35.7,18.007350000000002
669330,776480,,,
