player_id,game_id,adj_woba_weather,adj_woba_park,adj_woba_combined
677952,776190,0.274432,,
656876,776191,0.272727,,
641927,776183,0.395556,,
664285,776182,0.3192,,
808967,776185,0.286896,,
676083,776188,0.311225,,
675512,776189,0.24354,,
663436,776184,0.345564,,
678394,776186,0.2955899999999999,,
690997,776187,0.19646,,
547179,776178,0.332304,,
687134,776179,0.396495,,
