player_id,game_id,adj_woba_weather,adj_woba_park,adj_woba_combined
450203,776501,0.3574159999999999,0.3577599999999999,0.3575879999999999
678394,776505,0.303606,0.31209,0.307848
641927,776502,0.356022,0.347,0.351511
543243,776497,0.328224,0.2964,0.31231200000000003
607067,776506,0.3314519999999999,0.32076,0.32610599999999995
656302,776494,0.33572,0.29568,0.3157
669358,776504,0.3656719999999999,0.3508799999999999,0.35827599999999993
669194,776495,0.3288999999999999,0.3003,0.3146
