"last_name, first_name",away_team,adj_woba_weather,adj_woba_park,adj_woba_combined
"Ryne, Nelson,",az,0.277,0.22437,0.25068500000000005
"Yoshinobu, Yamamoto,",Dodgers,0.257,0.257,0.257
"Yu, Darvish,",Padres,0.335,0.321734,0.328367
"Taijuan, Walker,",Phillies,0.3315,0.3185325,0.32501625
"Andrew, Heaney,",Pirates,0.338,0.2860832,0.31204160000000003
"Ryan, Pepiot,",Rays,0.32334,0.3976448000000001,0.36049240000000005
"Garrett, Crochet,",Red Sox,0.26928,0.2535456,0.2614128
"Chase, Dollander,",Rockies,0.36516,0.3508757999999999,0.35801789999999994
"Zebby, Matthews,",Twins,0.321,0.3082884,0.31464420000000004
