game_id,team_id,expected_runs,team
776269,139,1.2011822372467882,Rays
776269,141,1.4427607326940581,Blue Jays
776270,115,1.0791799600833223,Rockies
776270,146,1.218132042772891,Marlins
776275,114,1.086430679981461,Guardians
776275,116,1.6134140947749196,Tigers
776276,121,2.024208804122954,Mets
776276,135,1.0098923543554594,Padres
776281,111,0.9462702657680991,Red Sox
776281,133,1.9457821481316304,Athletics
776282,112,1.7174490864361502,Cubs
776282,113,0.9886163977248632,Reds
