game_id,team_id,team,expected_runs
776430,133,Athletics,0.7376940937711381
776432,140,Rangers,0.29997142234348567
776434,142,Twins,0.4323888271870237
776435,116,Tigers,0.4240268848515642
776438,114,Guardians,0.3529954409828792
776438,139,Rays,0.48543422649056484
776443,110,Orioles,0.2134499752571324
