game_id,team_id,team,expected_runs
776269,139,Rays,1.2011822372467882
776269,141,Blue Jays,1.4427607326940581
776270,115,Rockies,1.0791799600833223
776270,146,Marlins,1.218132042772891
776275,114,Guardians,1.086430679981461
776275,116,Tigers,1.6134140947749196
776276,121,Mets,2.024208804122954
776276,135,Padres,1.0098923543554594
776281,111,Red Sox,0.9462702657680991
776281,133,Athletics,1.9457821481316304
776282,112,Cubs,1.7174490864361502
776282,113,Reds,0.9886163977248632
